t,mean_x,mean_y,mean_x_all,mean_y_all,mean_L,y0,mean_epc,mean_r,mean_b,fund_prevalence,mean_epc_all,mean_r_all,mean_b_all,fund_prevalence_all,punish_rate,mean_punished,exit_rate,mean_exit_intent,exit_attempt_rate,exit_success_rate,p_opp_mean,stay_value,mean_degree_active,threat,A,budget,enforcer_frac,n_cadre_fallback,cap_mean,cap_p90,service_mean,service_p90,monopoly_on,enforcer_punish_share_step,alpha_punish_revalue,delta_outside_degrade,mu_membership_reward,current_delta,eta_delta_drift,punish_floor,punish_intensity_step,pi_reward,lam_punish
0,0.351840345025693,0.49463362562810176,0.351840345025693,0.49463362562810176,0.24869350175742913,0.5,0.0,0.32834350315332206,0.32129225930544175,0.008571428571428572,0.0,0.32834350315332206,0.32129225930544175,0.008571428571428572,0.0,0.0,0.0,0.0,0.0,0.0,0.5,0.0,11.794285714285714,0.0,0.0,0.0,0.0,0,0.0,0.0,0.0,0.0,0.0,0.0,0.0,0.2,0.0,0.2,0.2,0.08,0.0,0.05,0.25
1,0.3614004609234986,0.49390555999924485,0.3614004609234986,0.49390555999924485,0.24869350175742913,0.5012651751254091,0.6657142857142857,0.3293149317247507,0.32202083073401316,0.008571428571428572,0.6657142857142857,0.3293149317247507,0.32202083073401316,0.008571428571428572,0.03428571428571429,0.03428571428571429,0.0,0.04,0.0,0.0,0.033223802110697635,0.11836634914903713,11.794285714285714,0.0,0.0,0.15,0.08,28,0.005142857142857143,0.0,0.03428571428571429,0.0,0.0,0.9166666666666666,0.0,0.2,0.0,0.2,0.2,0.08,0.03428571428571429,0.05,0.25
2,0.3713975962687692,0.49353492069553273,0.3713975962687692,0.49353492069553273,0.24869350175742913,0.5022765541251655,0.8685714285714285,0.32977207458189356,0.3223636878768703,0.008571428571428572,0.8685714285714285,0.32977207458189356,0.3223636878768703,0.008571428571428572,0.011428571428571429,0.011428571428571429,0.0,0.025714285714285714,0.0,0.0,0.033223802110697635,0.11836634914903713,11.794285714285714,0.0,0.0,0.15,0.08,25,0.006831428571428572,0.0,0.045028571428571425,0.0,0.0,1.0,0.0,0.2,0.0,0.2,0.2,0.08,0.011428571428571429,0.05,0.25
3,0.3829249492820403,0.4939009757505195,0.3829249492820403,0.4939009757505195,0.24869350175742913,0.502905252163269,0.92,0.3308577888676078,0.3231779735911561,0.008571428571428572,0.92,0.3308577888676078,0.3231779735911561,0.008571428571428572,0.037142857142857144,0.037142857142857144,0.0,0.014285714285714285,0.0,0.0,0.033223802110697635,0.11836634914903713,11.794285714285714,0.0,0.0,0.15,0.08,23,0.0123687,0.0,0.08127085714285714,0.0,0.0,0.9230769230769231,0.0,0.2,0.0,0.2,0.2,0.08,0.037142857142857144,0.05,0.25
4,0.3908320385426714,0.49357180065782474,0.3908320385426714,0.49357180065782474,0.24869350175742913,0.5035295984890145,0.9428571428571428,0.33171493172475064,0.3238208307340132,0.008571428571428572,0.9428571428571428,0.33171493172475064,0.3238208307340132,0.008571428571428572,0.025714285714285714,0.03142857142857143,0.0,0.037142857142857144,0.0,0.0,0.033223802110697635,0.11836634914903713,11.794285714285714,0.0,0.0,0.15,0.08,19,0.017021142214285717,0.0,0.11107401142857143,0.0,0.0,0.8181818181818182,0.0,0.2,0.0,0.2,0.2,0.08,0.025714285714285714,0.05,0.25
5,0.3998181425335518,0.4945457464868505,0.3998181425335518,0.4945457464868505,0.24869350175742913,0.5046971860102257,0.8914285714285715,0.3327435031533221,0.32459225930544183,0.017142857142857144,0.8914285714285715,0.3327435031533221,0.32459225930544183,0.017142857142857144,0.025714285714285714,0.025714285714285714,0.0,0.037142857142857144,0.0,0.0,0.033223802110697635,0.11836634914903713,11.794285714285714,0.0,0.0,0.15,0.08,18,0.020793179360357142,0.0,0.1345668169142857,0.0,0.0,1.0,0.0,0.2,0.0,0.2,0.2,0.08,0.025714285714285714,0.05,0.25
6,0.41066775253732396,0.493937048262667,0.41066775253732396,0.493937048262667,0.24869350175742913,0.502825754618887,0.8914285714285715,0.3341877431831597,0.32579225930544176,0.02,0.8914285714285715,0.3341877431831597,0.32579225930544176,0.02,0.04,0.04,0.0,0.037142857142857144,0.0,0.0,0.033223802110697635,0.11836634914903713,11.794285714285714,0.0,0.0,0.15,0.08,18,0.02668921346355536,0.0,0.171875480576,0.0,0.0,1.0,0.0,0.2,0.0,0.2,0.2,0.08,0.04,0.05,0.25
7,0.421189574154914,0.4944486664144759,0.421189574154914,0.4944486664144759,0.24869350175742913,0.5020983608941332,0.9085714285714286,0.33607345746887396,0.3272065450197275,0.02,0.9085714285714286,0.33607345746887396,0.3272065450197275,0.02,0.05714285714285714,0.05714285714285714,0.0,0.014285714285714285,0.0,0.0,0.033223802110697635,0.11836634914903713,11.794285714285714,0.0,0.0,0.15,0.08,16,0.035127195967666155,0.0,0.22558082810733718,0.0,0.0,0.95,0.0,0.2,0.0,0.2,0.2,0.08,0.05714285714285714,0.05,0.25
8,0.43011346221631014,0.4950229845264459,0.43011346221631014,0.4950229845264459,0.24869350175742913,0.501165667964844,0.9085714285714286,0.3371591717545882,0.32827797359115607,0.02,0.9085714285714286,0.3371591717545882,0.32827797359115607,0.02,0.045714285714285714,0.04857142857142857,0.0,0.04,0.0,0.0,0.033223802110697635,0.11836634914903713,11.794285714285714,0.0,0.0,0.15,0.08,11,0.042237274273542104,0.0,0.269640640116619,0.0,0.0,0.9411764705882353,0.0,0.2,0.0,0.2,0.2,0.08,0.045714285714285714,0.05,0.25
9,0.4409190120667383,0.4959344884190959,0.4409190120667383,0.4959344884190959,0.24869350175742913,0.5005090057862208,0.9,0.3379591717545883,0.3292636878768703,0.025714285714285714,0.9,0.3379591717545883,0.3292636878768703,0.025714285714285714,0.04285714285714286,0.04285714285714286,0.0,0.04,0.0,0.0,0.033223802110697635,0.11836634914903713,11.794285714285714,0.0,0.0,0.15,0.08,8,0.048454659330745824,0.0,0.30710497017142946,0.0,0.0,0.9333333333333333,0.0,0.2,0.0,0.2,0.2,0.08,0.04285714285714286,0.05,0.25
10,0.4496180156095036,0.49539445492770295,0.4496180156095036,0.49539445492770295,0.24869350175742913,0.499989640282014,0.9,0.33944488604030254,0.3305922593054418,0.025714285714285714,0.9,0.33944488604030254,0.3305922593054418,0.025714285714285714,0.05142857142857143,0.05142857142857143,0.0,0.04,0.0,0.0,0.033223802110697635,0.11836634914903713,11.794285714285714,0.0,0.0,0.15,0.08,7,0.055744734912747944,0.0,0.35239144219657226,0.0,0.0,0.9444444444444444,0.0,0.2,0.0,0.2,0.2,0.08,0.05142857142857143,0.05,0.25
11,0.45831185230548627,0.49621832288852274,0.45831185230548627,0.49621832288852274,0.24869350175742913,0.49933726111325355,0.9085714285714286,0.34006784258245665,0.33162083073401316,0.02857142857142857,0.9085714285714286,0.34006784258245665,0.33162083073401316,0.02857142857142857,0.045714285714285714,0.05142857142857143,0.0,0.05142857142857143,0.0,0.0,0.033223802110697635,0.11836634914903713,11.794285714285714,0.0,0.0,0.15,0.08,6,0.0617665166226744,0.0,0.39677218478121223,0.0,0.0,0.8888888888888888,0.0,0.2,0.0,0.2,0.2,0.08,0.045714285714285714,0.05,0.25
12,0.4669874806342781,0.49700246722463937,0.4669874806342781,0.49700246722463937,0.24869350175742913,0.4986919752590269,0.8971428571428571,0.3409787996748333,0.3327520584379565,0.03142857142857143,0.8971428571428571,0.3409787996748333,0.3327520584379565,0.03142857142857143,0.04285714285714286,0.045714285714285714,0.0,0.05714285714285714,0.0,0.0,0.033223802110697635,0.11836634914903713,11.794285714285714,0.0,0.0,0.15,0.08,6,0.06691152832570789,0.0,0.43455102679987373,0.0,0.0,1.0,0.0,0.2,0.0,0.2,0.2,0.08,0.04285714285714286,0.05,0.25
13,0.4769414565995253,0.49707950817891433,0.4769414565995253,0.49707950817891433,0.24869350175742913,0.4988165910708773,0.9171428571428571,0.34217879967483333,0.3342520584379565,0.03428571428571429,0.9171428571428571,0.34217879967483333,0.3342520584379565,0.03428571428571429,0.054285714285714284,0.06,0.0,0.045714285714285714,0.0,0.0,0.033223802110697635,0.11836634914903713,11.794285714285714,0.0,0.0,0.15,0.08,5,0.07215127051379744,0.0,0.48586000626387627,0.0,0.0,1.0,0.0,0.2,0.0,0.2,0.2,0.08,0.054285714285714284,0.05,0.25
14,0.4861665976887333,0.49807161845266057,0.4861665976887333,0.49807161845266057,0.24869350175742913,0.49890780992199874,0.9171428571428571,0.34280737110340476,0.3352377727236708,0.037142857142857144,0.9171428571428571,0.34280737110340476,0.3352377727236708,0.037142857142857144,0.04857142857142857,0.04857142857142857,0.0,0.06285714285714286,0.0,0.0,0.033223802110697635,0.11836634914903713,11.794285714285714,0.0,0.0,0.15,0.08,5,0.07564035630819049,0.0,0.5247142347100272,0.0,0.0,0.8823529411764706,0.0,0.2,0.0,0.2,0.2,0.08,0.04857142857142857,0.05,0.25
15,0.49611850313246236,0.4975789286275329,0.49611850313246236,0.4975789286275329,0.24869350175742913,0.49899970139500155,0.9171428571428571,0.343493085389119,0.3360897413116181,0.037142857142857144,0.9171428571428571,0.343493085389119,0.3360897413116181,0.037142857142857144,0.04,0.045714285714285714,0.0,0.07428571428571429,0.0,0.0,0.033223802110697635,0.11836634914903713,11.794285714285714,0.0,0.0,0.15,0.08,5,0.07869764647979535,0.1399754082247953,0.5599342357301125,0.7567494197008923,0.0,0.875,0.0,0.2,0.0,0.2,0.2,0.08,0.04,0.05,0.25
16,0.50395038431154,0.4968276159732035,0.50395038431154,0.4968276159732035,0.24869350175742913,0.4990450680532294,0.8828571428571429,0.34397903962210974,0.33728974131161815,0.03428571428571429,0.8828571428571429,0.34397903962210974,0.33728974131161815,0.03428571428571429,0.06285714285714286,0.06857142857142857,0.0,0.12,0.0,0.0,0.033223802110697635,0.11836634914903713,11.794285714285714,0.0,0.0,0.15,0.08,5,0.08276130110453923,0.14053720393197056,0.6173069795869388,0.7690223892601038,0.0,0.9583333333333334,0.0,0.2,0.0,0.2,0.2,0.08,0.06285714285714286,0.05,0.25
17,0.5147252006874979,0.4971329508489025,0.5147252006874979,0.4971329508489025,0.24869350175742913,0.4995697201111518,0.8914285714285715,0.34460761105068116,0.33818423300605127,0.037142857142857144,0.8914285714285715,0.34460761105068116,0.33818423300605127,0.037142857142857144,0.04,0.04,0.0,0.09714285714285714,0.0,0.0,0.033223802110697635,0.11836634914903713,11.794285714285714,0.0,0.0,0.15,0.08,4,0.08551892317044511,0.1401894097964431,0.6449608399951999,0.7616525235404283,0.0,1.0,0.0,0.2,0.0,0.2,0.2,0.08,0.04,0.05,0.25
18,0.5234012891203847,0.4975125874105061,0.5234012891203847,0.4975125874105061,0.24869350175742913,0.4997567071997864,0.8857142857142857,0.3456899686446068,0.3392784881910817,0.037142857142857144,0.8857142857142857,0.3456899686446068,0.3392784881910817,0.037142857142857144,0.06285714285714286,0.06285714285714286,0.0,0.10285714285714286,0.0,0.0,0.033223802110697635,0.11836634914903713,11.794285714285714,0.0,0.0,0.15,0.08,2,0.09077704284030717,0.13948846274746088,0.6949187660524389,0.7464194730696198,0.0,1.0,0.0,0.2,0.0,0.2,0.2,0.08,0.06285714285714286,0.05,0.25
19,0.5344310447291052,0.4967787195218973,0.5344310447291052,0.4967787195218973,0.24869350175742913,0.4997473778484245,0.9,0.3463756829303211,0.3401784881910817,0.037142857142857144,0.9,0.3463756829303211,0.3401784881910817,0.037142857142857144,0.06857142857142857,0.07142857142857142,0.0,0.12,0.0,0.0,0.033223802110697635,0.11836634914903713,11.794285714285714,0.0,0.0,0.15,0.08,2,0.09559850445518553,0.14202452023180137,0.7524489621599615,0.8023654963635712,0.0,0.96,0.0,0.2,0.0,0.2,0.2,0.08,0.06857142857142857,0.05,0.25
20,0.5434810324746319,0.4971715002108577,0.5434810324746319,0.4971715002108577,0.24869350175742913,0.4996556104691301,0.9228571428571428,0.34717568293032114,0.3409135166412159,0.037142857142857144,0.9228571428571428,0.34717568293032114,0.3409135166412159,0.037142857142857144,0.04285714285714286,0.04285714285714286,0.0,0.13142857142857142,0.0,0.0,0.033223802110697635,0.11836634914903713,11.794285714285714,0.0,0.0,0.15,0.08,2,0.09861326630919931,0.14131439763064235,0.7802571257739052,0.7863181864362998,0.0,1.0,0.0,0.2,0.0,0.2,0.2,0.08,0.04285714285714286,0.05,0.25
21,0.5508752149590004,0.49756508279969514,0.5508752149590004,0.49756508279969514,0.24869350175742913,0.49972108839176627,0.9342857142857143,0.34763282578746396,0.3415282399613142,0.037142857142857144,0.9342857142857143,0.34763282578746396,0.3415282399613142,0.037142857142857144,0.05142857142857143,0.05714285714285714,0.0,0.1457142857142857,0.0,0.0,0.033223802110697635,0.11836634914903713,11.794285714285714,0.0,0.0,0.15,0.08,2,0.10096891249853435,0.14131439763064235,0.821794840401284,0.7863181864362998,0.0,1.0,0.0,0.2,0.0,0.2,0.2,0.08,0.05142857142857143,0.05,0.25
22,0.5598716089164546,0.4984617129308863,0.5598716089164546,0.4984617129308863,0.24869350175742913,0.4996752249831141,0.8857142857142857,0.34763282578746396,0.3416996685327428,0.037142857142857144,0.8857142857142857,0.34763282578746396,0.3416996685327428,0.037142857142857144,0.045714285714285714,0.04857142857142857,0.0,0.14857142857142858,0.0,0.0,0.033223802110697635,0.11836634914903713,11.794285714285714,0.0,0.0,0.15,0.08,2,0.10157821079318452,0.14131439763064235,0.8539303721646869,0.7863181864362998,0.0,0.9411764705882353,0.0,0.2,0.0,0.2,0.2,0.08,0.045714285714285714,0.05,0.25
23,0.5681560043722561,0.49804672149023793,0.5681560043722561,0.49804672149023793,0.24869350175742913,0.49977821490427354,0.8828571428571429,0.34808996864460684,0.34238538281845704,0.037142857142857144,0.8828571428571429,0.34808996864460684,0.34238538281845704,0.037142857142857144,0.07428571428571429,0.07714285714285714,0.0,0.18571428571428572,0.0,0.0,0.033223802110697635,0.11836634914903713,11.794285714285714,0.0,0.0,0.15,0.08,2,0.10521289116779002,0.14145742260880415,0.9139946218642503,0.7896198275743359,0.0,0.9259259259259259,0.0,0.2,0.0,0.2,0.2,0.08,0.07428571428571429,0.05,0.25
24,0.5758986759605269,0.49836571852195616,0.5758986759605269,0.49836571852195616,0.24869350175742913,0.49974433314520855,0.9057142857142857,0.34851151041518486,0.3429545584285322,0.037142857142857144,0.9057142857142857,0.34851151041518486,0.3429545584285322,0.037142857142857144,0.06285714285714286,0.06571428571428571,0.0,0.2257142857142857,0.0,0.0,0.033223802110697635,0.11836634914903713,11.794285714285714,0.0,0.0,0.15,0.08,2,0.10712592784813355,0.14075013549576013,0.9614290151412511,0.7738274310228492,0.0,1.0,0.0,0.2,0.0,0.2,0.2,0.08,0.06285714285714286,0.05,0.25
25,0.5844527473374445,0.49862894614986514,0.5844527473374445,0.49862894614986514,0.24869350175742913,0.4996106970496959,0.8742857142857143,0.34891151041518487,0.34334027271424644,0.037142857142857144,0.8742857142857143,0.34891151041518487,0.34334027271424644,0.037142857142857144,0.04,0.04,0.0,0.22,0.002857142857142857,0.0,0.033223802110697635,0.11836634914903713,11.794285714285714,0.0,0.0,0.15,0.08,2,0.10850444106603573,0.1400463848182813,0.982200434838426,0.7583508824023922,0.0,1.0,0.0,0.2,0.0,0.2,0.2,0.08,0.04,0.05,0.25
26,0.592778895906329,0.49836794761763625,0.592778895906329,0.49836794761763625,0.24869350175742913,0.49941635739322543,0.8742857142857143,0.350054367558042,0.3441545584285322,0.04,0.8742857142857143,0.350054367558042,0.3441545584285322,0.04,0.07142857142857142,0.07428571428571429,0.0,0.26857142857142857,0.002857142857142857,0.0,0.033223802110697635,0.11836634914903713,11.794285714285714,0.0,0.0,0.15,0.08,2,0.11176134743213412,0.1393461528941899,1.0368421404273718,0.7431838647543443,0.0,1.0,0.0,0.2,0.0,0.2,0.2,0.08,0.07142857142857142,0.05,0.25
27,0.6018811685361217,0.4981207960374495,0.6018811685361217,0.4981207960374495,0.24869350175742913,0.4993306193632152,0.9085714285714286,0.35143695402838593,0.3451796686399202,0.04857142857142857,0.9085714285714286,0.35143695402838593,0.3451796686399202,0.04857142857142857,0.09142857142857143,0.09142857142857143,0.0,0.30857142857142855,0.002857142857142857,0.0,0.03196721273901128,0.11836634914903713,11.794285714285714,0.0,0.0,0.15,0.08,2,0.11668768426640203,0.14053720393197056,1.1075338690473957,0.7690223892601038,0.0,0.96875,0.0,0.2,0.0,0.3097142857142858,0.2,0.08,0.09142857142857143,0.05,0.25
28,0.6109352920150959,0.4988552882286464,0.6109352920150959,0.4988552882286464,0.24869350175742913,0.4999557239968101,0.88,0.35288162391195566,0.3464653829256345,0.05142857142857143,0.88,0.35288162391195566,0.3464653829256345,0.05142857142857143,0.07142857142857142,0.08,0.0,0.3342857142857143,0.002857142857142857,0.0,0.03196721273901128,0.11836634914903713,11.794285714285714,0.0,0.0,0.15,0.08,2,0.12230167027696427,0.1398345179123107,1.1653831916664479,0.7536419414749017,0.0,1.0,0.0,0.2,0.0,0.3097142857142858,0.2,0.08,0.07142857142857142,0.05,0.25
29,0.620054205084113,0.5000245414867596,0.620054205084113,0.5000245414867596,0.24869350175742913,0.5007295855378621,0.88,0.3542530524833843,0.34791497526252996,0.06,0.88,0.3542530524833843,0.34791497526252996,0.06,0.11142857142857143,0.11714285714285715,0.0,0.38285714285714284,0.002857142857142857,0.0,0.030829537172013286,0.11836634914903713,11.794285714285714,0.0,0.0,0.15,0.08,2,0.1277068269155226,0.14011771807806625,1.259218384975976,0.7599850280161676,0.0,0.9512195121951219,0.0,0.2,0.0,0.4177714285714286,0.2,0.08,0.11142857142857143,0.05,0.25
30,0.6284736213662534,0.5006672174203172,0.6284736213662534,0.5006672174203172,0.24869350175742913,0.5010195544527611,0.9114285714285715,0.3548244810548128,0.3483051457162788,0.06,0.9114285714285715,0.3548244810548128,0.3483051457162788,0.06,0.06571428571428571,0.06571428571428571,0.0,0.43142857142857144,0.005714285714285714,0.0,0.030829537172013286,0.11836634914903713,11.794285714285714,0.0,0.0,0.15,0.08,0,0.12879589814688705,0.13941712948767593,1.2997483029907422,0.7447853274558442,0.0,0.9565217391304348,0.0,0.2,0.0,0.4177714285714286,0.2,0.08,0.06571428571428571,0.05,0.25
31,0.6359601414011641,0.5003076207022,0.6359601414011641,0.5003076207022,0.24869350175742913,0.501309322511984,0.9085714285714286,0.35556733819766995,0.34877657428770736,0.06285714285714286,0.9085714285714286,0.35556733819766995,0.34877657428770736,0.06285714285714286,0.045714285714285714,0.054285714285714284,0.0,0.44285714285714284,0.005714285714285714,0.0,0.030829537172013286,0.11836634914903713,11.794285714285714,0.0,0.0,0.15,0.08,0,0.13095177579900974,0.13872004384023753,1.3280390512166416,0.7298896209067274,0.0,1.0,0.0,0.2,0.0,0.4177714285714286,0.2,0.08,0.045714285714285714,0.05,0.25
32,0.6448817193112723,0.4999400263923077,0.6448817193112723,0.4999400263923077,0.24869350175742913,0.5015603916318049,0.8742857142857143,0.35679985599587904,0.3495908600019931,0.06285714285714286,0.8742857142857143,0.35679985599587904,0.3495908600019931,0.06285714285714286,0.08857142857142856,0.09142857142857143,0.0,0.49142857142857144,0.005714285714285714,0.0,0.030212151112937242,0.11836634914903713,11.794285714285714,0.0,0.0,0.15,0.08,0,0.13558130406287186,0.14067880223597518,1.3929068416208803,0.7721932854090737,0.0,0.96875,0.0,0.2,0.0,0.4805028571428572,0.2,0.08,0.08857142857142856,0.05,0.25
33,0.6517457764381643,0.4993017511702427,0.6517457764381643,0.4993017511702427,0.24869350175742913,0.501751184197943,0.8714285714285714,0.3580569988530219,0.35053371714485015,0.06285714285714286,0.8714285714285714,0.3580569988530219,0.35053371714485015,0.06285714285714286,0.10285714285714286,0.11428571428571428,0.0,0.5542857142857143,0.005714285714285714,0.0,0.029583096055331045,0.11836634914903713,11.794285714285714,0.0,0.0,0.15,0.08,0,0.13920364756527986,0.14202452023180137,1.4793344190741768,0.8023654963635712,0.0,0.95,0.0,0.2,0.0,0.5478308571428572,0.2,0.08,0.10285714285714286,0.05,0.25
34,0.6617517655715206,0.49944810234289255,0.6617517655715206,0.49944810234289255,0.24869350175742913,0.5017948849200732,0.8942857142857142,0.35852028232384187,0.3514337171448502,0.06285714285714286,0.8942857142857142,0.35852028232384187,0.3514337171448502,0.06285714285714286,0.11142857142857143,0.11714285714285715,0.0,0.6628571428571428,0.005714285714285714,0.0,0.029046921348265867,0.11836634914903713,11.794285714285714,0.0,0.0,0.15,0.08,0,0.14192841359514002,0.148578375,1.5668905878355506,0.9623600000000003,0.0,0.9024390243902439,0.0,0.2,0.0,0.6082646857142857,0.2,0.08,0.11142857142857143,0.05,0.25
35,0.6705445966428082,0.49914633537921255,0.6705445966428082,0.49914633537921255,0.24869350175742913,0.5019543080687823,0.8857142857142857,0.3591510090142704,0.3524622885734216,0.06285714285714286,0.8857142857142857,0.3591510090142704,0.3524622885734216,0.06285714285714286,0.06571428571428571,0.07428571428571429,0.0,0.6857142857142857,0.011428571428571429,0.0,0.029046921348265867,0.11836634914903713,11.794285714285714,0.0,0.0,0.15,0.08,0,0.14373305724145002,0.147835483125,1.6098384903645537,0.9431128000000003,0.0,1.0,0.0,0.2,0.0,0.6082646857142857,0.2,0.08,0.06571428571428571,0.05,0.25
36,0.6817039067009798,0.4990810699154352,0.6817039067009798,0.4990810699154352,0.24869350175742913,0.5019497581405871,0.8714285714285714,0.3594367232999847,0.3529420472143096,0.06285714285714286,0.8714285714285714,0.3594367232999847,0.3529420472143096,0.06285714285714286,0.07428571428571429,0.08857142857142856,0.0,0.7371428571428571,0.014285714285714285,0.0,0.029046921348265867,0.11836634914903713,11.794285714285714,0.0,0.0,0.15,0.08,0,0.1453784983276863,0.147835483125,1.6662131491286911,0.9431128000000003,0.0,0.9354838709677419,0.0,0.2,0.0,0.6082646857142857,0.2,0.08,0.07428571428571429,0.05,0.25
37,0.689787120494566,0.49916335368461495,0.689787120494566,0.49916335368461495,0.24869350175742913,0.5021397988408443,0.84,0.3599539253693015,0.3535528747155657,0.06285714285714286,0.84,0.3599539253693015,0.3535528747155657,0.06285714285714286,0.07142857142857142,0.08857142857142856,0.0,0.8171428571428572,0.014285714285714285,0.0,0.029046921348265867,0.11836634914903713,11.794285714285714,0.0,0.0,0.15,0.08,0,0.14765132012176213,0.14776123124999999,1.721460314717546,0.9411919999999999,0.0,0.9354838709677419,0.0,0.2,0.0,0.6082646857142857,0.2,0.08,0.07142857142857142,0.05,0.25
38,0.6973853517134792,0.4998393247916708,0.6975142250834434,0.4997403755357147,0.24869350175742913,0.5021999187071648,0.8022922636103151,0.3597660184397244,0.35406244639301404,0.06303724928366762,0.8,0.360154169328453,0.35389573185842277,0.06285714285714286,0.06303724928366762,0.07142857142857142,0.002857142857142857,0.88,0.011461318051575931,0.002857142857142857,0.029053754686272394,0.11836634914903713,11.782234957020057,0.0,0.0,0.15,0.08022922636103152,0,0.14785478066043903,0.14702242509375,1.7584596798517662,0.9223681599999999,0.0,1.0,0.0,0.2,0.0,0.6082646857142857,0.2,0.08,0.06285714285714286,0.05,0.25
39,0.7065884862620139,0.5000002354209376,0.7066910649618395,0.4999453975404087,0.24869350175742913,0.5022100487787637,0.8051575931232091,0.3601098579812717,0.35432032604917446,0.06303724928366762,0.8028571428571428,0.36049702647131016,0.3541528747155656,0.06285714285714286,0.08595988538681948,0.10285714285714286,0.002857142857142857,0.92,0.02005730659025788,0.0,0.028869196242908554,0.11836634914903713,11.782234957020057,0.0,0.0,0.15,0.08022922636103152,0,0.1485821974713315,0.14628731296828124,1.8261476291118737,0.9039207967999998,0.0,1.0,0.0,0.2,0.0,0.629763611035612,0.2,0.08,0.08595988538681948,0.05,0.25
40,0.7144147721587681,0.49945626955354394,0.7144949900417459,0.499406044404464,0.24869350175742913,0.5023494491607343,0.8194842406876791,0.3605683107033347,0.3552229048457361,0.06303724928366762,0.8171428571428572,0.36095416932845303,0.3550528747155656,0.06285714285714286,0.07736389684813753,0.08857142857142856,0.002857142857142857,0.9942857142857143,0.025787965616045846,0.0,0.028869196242908554,0.11836634914903713,11.782234957020057,0.0,0.0,0.15,0.08022922636103152,0,0.14926700148397481,0.14555587640343984,1.878196105101065,0.8858423808639998,0.0,1.0,0.0,0.2,0.0,0.629763611035612,0.2,0.08,0.07736389684813753,0.05,0.25
41,0.7217167344772716,0.49918316297717646,0.7217760896107679,0.49911682710340805,0.24869350175742913,0.5024717078742659,0.8481375358166189,0.3609072637912996,0.35580441163126314,0.06303724928366762,0.8457142857142858,0.36129215397902376,0.35563272005313407,0.06285714285714286,0.09169054441260745,0.10571428571428572,0.002857142857142857,1.0942857142857143,0.03151862464183381,0.0,0.02866635161112675,0.11836634914903713,11.782234957020057,0.0,0.0,0.15,0.08022922636103152,0,0.15077738076226926,0.14497401861610854,1.9463464687133294,0.8717050596020486,0.0,0.972972972972973,0.0,0.2,0.0,0.6538395421236185,0.2,0.08,0.09169054441260745,0.05,0.25
42,0.728692076110647,0.49888282076597634,0.7287315016966194,0.49880463157917865,0.24869350175742913,0.502389082838127,0.836676217765043,0.361193796742589,0.3560516292482761,0.06303724928366762,0.8342857142857143,0.361577868264738,0.3558792313340984,0.06285714285714286,0.10315186246418338,0.10857142857142857,0.002857142857142857,1.1371428571428572,0.03724928366762178,0.0,0.02839467944243121,0.11836634914903713,11.782234957020057,0.0,0.0,0.15,0.08022922636103152,0,0.15262320814417218,0.14555587640343984,2.0159909679104913,0.8858423808639998,0.0,0.9736842105263158,0.0,0.2,0.0,0.6868538686559149,0.2,0.08,0.10315186246418338,0.05,0.25
43,0.7386959277849205,0.49894639233784893,0.7387067709375379,0.4988741772273184,0.24869350175742913,0.5024469478258627,0.8080229226361032,0.3614230231036205,0.35622354901904973,0.06303724928366762,0.8057142857142857,0.36180643969330945,0.3560506599055269,0.06285714285714286,0.09169054441260745,0.1,0.002857142857142857,1.1885714285714286,0.045845272206303724,0.0,0.028292476918716735,0.11836634914903713,11.782234957020057,0.0,0.0,0.15,0.08022922636103152,0,0.15425570328302027,0.14490087495962437,2.0756711485522814,0.8698972180084482,0.0,0.9714285714285714,0.0,0.2,0.0,0.6995117482198608,0.2,0.08,0.09169054441260745,0.05,0.25
44,0.7462237560992597,0.49895057945174054,0.7461471200195257,0.49893977581577337,0.24869350175742913,0.5024317730929935,0.7844827586206896,0.36205567480901774,0.3572326579499661,0.06609195402298851,0.78,0.3620921539790237,0.35626494561981265,0.06571428571428571,0.10344827586206896,0.12285714285714286,0.005714285714285714,1.3,0.03735632183908046,0.002857142857142857,0.02808445831588944,0.11836634914903711,11.764367816091953,0.0,0.0,0.15,0.08045977011494253,0,0.15534099619517658,0.14417637058482624,2.1570148684383788,0.8524992736482793,0.0,1.0,0.0,0.2,0.0,0.7268300289483816,0.2,0.08,0.10601719197707736,0.05,0.25
45,0.750270712749447,0.4999390634292578,0.7501709512031406,0.49996931172826353,0.24869350175742913,0.5023676052218674,0.8189655172413793,0.36234303113085675,0.3574481751913455,0.06609195402298851,0.8142857142857143,0.362377868264738,0.35647923133409837,0.06571428571428571,0.09195402298850575,0.12,0.005714285714285714,1.3942857142857144,0.04597701149425287,0.0,0.028048390772000584,0.11836634914903711,11.764367816091953,0.0,0.0,0.15,0.08045977011494253,0,0.15682114835705785,0.14410395653631553,2.2338745710696113,0.8507630225817854,0.0,0.9761904761904762,0.0,0.2,0.0,0.7318088507449121,0.2,0.08,0.09195402298850575,0.05,0.25
46,0.7580637469404955,0.4992769402331505,0.7579194537702402,0.4993336732199579,0.24869350175742913,0.5023366984170643,0.8304597701149425,0.36303268630327057,0.35796541657065584,0.06609195402298851,0.8257142857142857,0.3630635825504523,0.3569935170483841,0.06571428571428571,0.08333333333333333,0.08857142857142856,0.005714285714285714,1.4657142857142857,0.05172413793103448,0.0,0.02809832128716098,0.11836634914903711,11.764367816091953,0.0,0.0,0.15,0.08045977011494253,0,0.1586293247935685,0.14338343675363394,2.2777685082196473,0.8337477621301497,0.0,1.0,0.0,0.2,0.0,0.7254470805959297,0.2,0.08,0.08333333333333333,0.05,0.25
47,0.7682590258043671,0.4990039064438773,0.7670213253929109,0.49901541442710223,0.24869350175742913,0.5023669027736326,0.7867435158501441,0.3626221331898761,0.35833325095933,0.06628242074927954,0.78,0.3632350111218809,0.35712208847695553,0.06571428571428571,0.09798270893371758,0.10857142857142857,0.008571428571428572,1.542857142857143,0.04899135446685879,0.002857142857142857,0.028046891474077264,0.11836634914903714,11.694524495677234,0.0,0.0,0.15,0.08069164265129683,0,0.15898418521338112,0.14266651956986576,2.340784566626683,0.8170728068875467,0.0,1.0,0.0,0.2,0.0,0.7375990437870885,0.2,0.08,0.09770114942528736,0.05,0.25
48,0.7759019638460201,0.49931416950018787,0.7734745603117007,0.49923626658106496,0.24869350175742913,0.5023083075852841,0.8005780346820809,0.36365329789932116,0.3595435858572875,0.06936416184971098,0.7914285714285715,0.3638650492120346,0.3576363741912412,0.06857142857142857,0.08670520231213873,0.10857142857142857,0.011428571428571429,1.6457142857142857,0.05491329479768786,0.002857142857142857,0.028069277874148764,0.11836634914903713,11.658959537572255,0.0,0.0,0.15,0.08092485549132948,0,0.1591601214301714,0.14195318697201642,2.4025403038655777,0.8007313507497957,0.0,1.0,0.0,0.2,0.0,0.7372838459806794,0.2,0.08,0.0893371757925072,0.05,0.25
49,0.7797089378895894,0.4983964690824889,0.7781872259537717,0.49864136605990667,0.24869350175742913,0.5022934546688811,0.7732558139534884,0.36449278912321603,0.36003839904671087,0.06976744186046512,0.76,0.364093620640606,0.3578935170483841,0.06857142857142857,0.0872093023255814,0.10285714285714286,0.017142857142857144,1.7142857142857142,0.055232558139534885,0.005714285714285714,0.02818864056373642,0.11836634914903714,11.38953488372093,0.0,0.0,0.15,0.08139534883720931,0,0.15982074939444907,0.14124342103715634,2.4573466406454094,0.7847167237347998,0.0,1.0,0.0,0.2,0.0,0.7373415276515956,0.2,0.08,0.08959537572254335,0.05,0.25
50,0.787726362010613,0.4980382713216202,0.7860672085184347,0.49832426250666434,0.24869350175742913,0.5021608216786496,0.7994186046511628,0.36487115390634084,0.36034363160485045,0.07267441860465117,0.7857142857142857,0.3644654991703058,0.3581935170483841,0.07142857142857142,0.09302325581395349,0.10285714285714286,0.017142857142857144,1.7942857142857143,0.055232558139534885,0.0,0.028178514908391294,0.11836634914903714,11.38953488372093,0.0,0.0,0.15,0.08139534883720931,0,0.16079278850461967,0.14082182721413697,2.5110568506896436,0.7743401226347937,0.0,0.9722222222222222,0.0,0.2,0.0,0.7415011290980207,0.2,0.08,0.09302325581395349,0.05,0.25
51,0.7955161215886606,0.4977871466353148,0.792759723071594,0.49792196648558307,0.24869350175742913,0.502186131241099,0.7813411078717201,0.3656686776094442,0.3613994552303266,0.0728862973760933,0.7657142857142857,0.36446549917030585,0.35840780276266976,0.07142857142857142,0.08746355685131195,0.1,0.02,1.86,0.052478134110787174,0.002857142857142857,0.028215913189079084,0.11836634914903713,11.154518950437318,0.0,0.0,0.15,0.08163265306122448,0,0.16130253956209656,0.1427382112882426,2.560835713675851,0.8068874363809203,0.0,0.9714285714285714,0.0,0.2,0.0,0.7413404381621375,0.2,0.08,0.09011627906976744,0.05,0.25
52,0.8047147867727933,0.4989670333306588,0.7999934601787582,0.49871011612812677,0.24869350175742913,0.5022700055458761,0.7947214076246334,0.36351086800987,0.3604795822761194,0.07038123167155426,0.7742857142857142,0.3646369277417344,0.3587506599055269,0.07142857142857142,0.0967741935483871,0.10571428571428572,0.025714285714285714,1.9485714285714286,0.04398826979472141,0.005714285714285714,0.028371388182709668,0.11836634914903714,10.727272727272727,0.0,0.0,0.15,0.07624633431085044,0,0.16176015319048925,0.1427382112882426,2.6153332851166193,0.8023654963635712,0.0,0.972972972972973,0.0,0.2,0.0,0.7520227878474942,0.2,0.08,0.09912536443148688,0.05,0.25
53,0.8120843231458461,0.5000617152354557,0.8068688652291449,0.4995982240387524,0.24869350175742913,0.5024858453344659,0.7970588235294118,0.363865640974675,0.36166359979340307,0.07058823529411765,0.7742857142857142,0.36475121345602013,0.3593078027626698,0.07142857142857142,0.10588235294117647,0.11714285714285715,0.02857142857142857,2.037142857142857,0.041176470588235294,0.002857142857142857,0.028270330769841787,0.11836634914903713,10.652941176470588,0.0,0.0,0.15,0.07941176470588235,0,0.1627793524245368,0.14281026326651078,2.680169476557144,0.8023654963635712,0.0,0.975609756097561,0.0,0.2,0.0,0.7716182302779954,0.2,0.08,0.10850439882697947,0.05,0.25
54,0.8204003327498625,0.5003906912848399,0.8149472745587606,0.5000575460097516,0.24869350175742913,0.5025986044985244,0.8235294117647058,0.36404211156291033,0.3620165409698737,0.07058823529411765,0.8,0.3649226420274487,0.35965065990552697,0.07142857142857142,0.10294117647058823,0.11142857142857143,0.02857142857142857,2.142857142857143,0.04411764705882353,0.0,0.02820570660771456,0.11836634914903713,10.652941176470588,0.0,0.0,0.15,0.07941176470588235,0,0.1638790270909856,0.14374733558764563,2.7379946584545727,0.8040329918878318,0.0,0.9743589743589743,0.0,0.2,0.0,0.7808239959871022,0.2,0.08,0.10294117647058823,0.05,0.25
55,0.8277822362055667,0.5007740100597027,0.8221182664871591,0.5003922219690676,0.24869350175742913,0.5026417519470865,0.7558823529411764,0.36404211156291033,0.36233211521450576,0.07058823529411765,0.7342857142857143,0.3649226420274487,0.3599572177431695,0.07142857142857142,0.09411764705882353,0.12,0.02857142857142857,2.202857142857143,0.04411764705882353,0.0,0.028231454937987288,0.11836634914903713,10.652941176470588,0.0,0.0,0.15,0.07941176470588235,0,0.16445934624124492,0.14643470479645315,2.8032347652854814,0.825757605878794,0.0,0.9761904761904762,0.0,0.2,0.0,0.77760037326027,0.2,0.08,0.09411764705882353,0.05,0.25
56,0.833365150752875,0.5013869382194406,0.8266008104269073,0.5008784911532159,0.24869350175742913,0.5026317673425226,0.7374631268436578,0.36484207220541265,0.36304106804837455,0.07079646017699115,0.7142857142857143,0.3650118833954768,0.36017150345745524,0.07142857142857142,0.12094395280235988,0.14,0.03142857142857143,2.3114285714285714,0.0471976401179941,0.002857142857142857,0.02817133091192216,0.11836634914903711,10.47197640117994,0.0,0.0,0.15,0.07964601769911504,0,0.16592247808146726,0.147096305709375,2.8871700699797715,0.8894949587776007,0.0,0.9795918367346939,0.0,0.2,0.0,0.7920802986082159,0.2,0.08,0.12058823529411765,0.05,0.25
57,0.8402989286551774,0.5017355249194935,0.8333166695951374,0.5011719779797064,0.24869350175742913,0.5026754329809632,0.7699115044247787,0.3651370574561501,0.3633508025616489,0.07079646017699115,0.7457142857142857,0.3652975976811911,0.3604715034574552,0.07142857142857142,0.09734513274336283,0.10285714285714286,0.03142857142857143,2.422857142857143,0.05309734513274336,0.0,0.028208783163832206,0.11836634914903711,10.47197640117994,0.0,0.0,0.15,0.07964601769911504,0,0.16740558710179207,0.147835483125,2.932283811437319,0.9242505440000003,0.0,0.9444444444444444,0.0,0.2,0.0,0.7904783981786081,0.2,0.08,0.09734513274336283,0.05,0.25
58,0.8446316151295163,0.5017775216387815,0.8364742772256587,0.5009979793456539,0.24869350175742913,0.5026558171195757,0.7869822485207101,0.3646294725189891,0.36268843538989193,0.07100591715976332,0.76,0.3655765266250068,0.360819609178828,0.07142857142857142,0.10059171597633136,0.10571428571428572,0.03428571428571429,2.494285714285714,0.05029585798816568,0.002857142857142857,0.02816910335004523,0.11836634914903714,10.455621301775148,0.0,0.0,0.15,0.07692307692307693,0,0.16796813059485455,0.147096305709375,2.979352420922858,0.9057655331200002,0.0,1.0,0.0,0.2,0.0,0.796276523852621,0.2,0.08,0.10324483775811209,0.05,0.25
59,0.847364871308725,0.501976541431792,0.8391138217644372,0.5011562238219712,0.24869350175742913,0.5026963886226246,0.7485207100591716,0.3647478157142554,0.36324407148905385,0.07100591715976332,0.7228571428571429,0.36569081233929246,0.36135619489744725,0.07142857142857142,0.14201183431952663,0.15142857142857144,0.03428571428571429,2.611428571428571,0.05621301775147929,0.0,0.028087278754086724,0.11836634914903714,10.455621301775148,0.0,0.0,0.15,0.07988165680473373,0,0.17026695277240647,0.147096305709375,3.0711939439329723,0.9052373204957047,0.0,0.9811320754716981,0.0,0.2,0.0,0.8070212190820968,0.2,0.08,0.14201183431952663,0.05,0.25
60,0.8550152883954832,0.5021434005785814,0.8459406166020386,0.5016869271567085,0.24869350175742913,0.5026166496883568,0.7380952380952381,0.36424134946444137,0.3636101751193427,0.0744047619047619,0.7085714285714285,0.36586224091072106,0.3616561948974472,0.07428571428571429,0.11904761904761904,0.14,0.04,2.7142857142857144,0.05654761904761905,0.005714285714285714,0.028054197902213647,0.11836634914903713,10.154761904761905,0.0,0.0,0.15,0.08035714285714286,0,0.17124418943711586,0.147096305709375,3.149770065054313,0.8992619614537141,0.0,0.9795918367346939,0.0,0.2,0.0,0.8156169752656774,0.2,0.08,0.12130177514792899,0.05,0.25
61,0.8609963344251951,0.502454528641549,0.8514584494360007,0.5020656870393114,0.24869350175742913,0.5025306040601243,0.7402985074626866,0.3649562607885463,0.3638794846937955,0.07761194029850746,0.7085714285714285,0.36591938376786387,0.36178917585924836,0.07714285714285714,0.13134328358208955,0.13714285714285715,0.04285714285714286,2.8457142857142856,0.056716417910447764,0.002857142857142857,0.02819207365343578,0.11836634914903711,9.952238805970149,0.0,0.0,0.15,0.08059701492537313,0,0.17274851089344725,0.148578375,3.2239175208960833,0.9057655331200002,0.0,0.9583333333333334,0.0,0.2,0.0,0.8224935802125419,0.2,0.08,0.13392857142857142,0.05,0.25
62,0.8645777376505195,0.5028508120303644,0.8548863639516683,0.50242537412137,0.24869350175742913,0.5023209427222585,0.7194029850746269,0.36555327571391943,0.3643272458878254,0.07761194029850746,0.6885714285714286,0.3664908123392925,0.3622177472878198,0.07714285714285714,0.14626865671641792,0.1457142857142857,0.04285714285714286,2.96,0.0626865671641791,0.0,0.028151650540188262,0.11836634914903711,9.952238805970149,0.0,0.0,0.15,0.08059701492537313,0,0.1744788198764088,0.148578375,3.305153456192447,0.9076479171200007,0.0,0.9803921568627451,0.0,0.2,0.0,0.8279948641700335,0.2,0.08,0.14626865671641792,0.05,0.25
63,0.868316949348633,0.5018894512021361,0.8584653237198626,0.5013608315060731,0.24869350175742913,0.502187120842597,0.7134328358208956,0.365851783176606,0.3645511264848403,0.07761194029850746,0.6828571428571428,0.36677652662500676,0.3624320330021055,0.07714285714285714,0.12835820895522387,0.13714285714285715,0.04285714285714286,3.0885714285714285,0.07761194029850746,0.0,0.02811676019693577,0.11836634914903711,9.952238805970149,0.0,0.0,0.15,0.08059701492537313,0,0.17423471149131248,0.147835483125,3.3761932442114553,0.8894949587776007,0.0,1.0,0.0,0.2,0.0,0.8323958913360269,0.2,0.08,0.12835820895522387,0.05,0.25
64,0.8723170272651956,0.5020868434153631,0.8622939697257153,0.5013782869841712,0.24869350175742913,0.5020447091050504,0.7432835820895523,0.3659711861616806,0.36464067872364625,0.07761194029850746,0.7114285714285714,0.3668908123392925,0.3625177472878198,0.07714285714285714,0.1253731343283582,0.13714285714285715,0.04285714285714286,3.217142857142857,0.07164179104477612,0.0,0.028088940642424672,0.11836634914903711,9.952238805970149,0.0,0.0,0.15,0.08059701492537313,0,0.17404882364814164,0.147096305709375,3.4458122364700836,0.8717050596020486,0.0,1.0,0.0,0.2,0.0,0.8359167130688215,0.2,0.08,0.1253731343283582,0.05,0.25
65,0.8761716497730351,0.5021896751812426,0.8659833941260763,0.5014127097596378,0.24869350175742913,0.5019042907751264,0.7194029850746269,0.36609058914675524,0.3647302309624522,0.07761194029850746,0.6885714285714286,0.3670050980535782,0.3626034615735341,0.07714285714285714,0.11044776119402985,0.12285714285714286,0.04285714285714286,3.3285714285714287,0.08059701492537313,0.0,0.02806674419997048,0.11836634914903711,9.952238805970149,0.0,0.0,0.15,0.08059701492537313,0,0.17377843667275805,0.14636082418082813,3.499753134597825,0.8542709584100077,0.0,1.0,0.0,0.2,0.0,0.8387333704550572,0.2,0.08,0.11044776119402985,0.05,0.25
66,0.8781785123427365,0.5017748241713342,0.8679042482999333,0.5010444814138124,0.24869350175742913,0.5017293044484983,0.6686567164179105,0.36656820108705374,0.3650884399176761,0.07761194029850746,0.64,0.36746224091072105,0.3629463187163912,0.07714285714285714,0.0955223880597015,0.10285714285714286,0.04285714285714286,3.44,0.08358208955223881,0.0,0.02817058277418842,0.11836634914903711,9.952238805970149,0.0,0.0,0.15,0.08059701492537313,0,0.17513783020367998,0.14636082418082813,3.5326152147630103,0.8748527690679034,0.0,0.9444444444444444,0.0,0.2,0.0,0.8256135620356876,0.2,0.08,0.0955223880597015,0.05,0.25
67,0.8798230658806728,0.5025080920668441,0.869478320971958,0.5016939718739983,0.24869350175742913,0.5012713735274151,0.6865671641791045,0.36669932057948823,0.3654466488729,0.07761194029850746,0.6571428571428571,0.3675877409963369,0.36328917585924836,0.07714285714285714,0.11641791044776119,0.12571428571428572,0.04285714285714286,3.5885714285714285,0.0955223880597015,0.0,0.02813184710884806,0.11836634914903711,9.952238805970149,0.0,0.0,0.15,0.08059701492537313,0,0.1761471410526616,0.1465835816714532,3.587677196182036,0.8698972180084482,0.0,0.9772727272727273,0.0,0.2,0.0,0.83049084962855,0.2,0.08,0.11641791044776119,0.05,0.25
68,0.8851359656199392,0.5021112537521353,0.8739514605806443,0.5015008208510804,0.24869350175742913,0.5008381483933904,0.7417417417417418,0.3673279738577416,0.3658031089297977,0.07807807807807808,0.7057142857142857,0.36778154174628913,0.363416563786429,0.07714285714285714,0.09009009009009009,0.1,0.04857142857142857,3.6942857142857144,0.09309309309309309,0.005714285714285714,0.02826600309896047,0.11836634914903713,9.837837837837839,0.0,0.0,0.15,0.08108108108108109,0,0.17623726249025543,0.1458506637630959,3.6159236522583957,0.8524992736482793,0.0,0.9714285714285714,0.0,0.2,0.0,0.8190195453744818,0.2,0.08,0.0955223880597015,0.05,0.25
69,0.8875596074690106,0.5020337225003734,0.8762573826827611,0.5015435592007476,0.24869350175742913,0.5003206239438449,0.6906906906906907,0.36720785373762144,0.3658931990198878,0.07807807807807808,0.6571428571428571,0.3676672560320034,0.3635022780721433,0.07714285714285714,0.11711711711711711,0.12,0.04857142857142857,3.78,0.0960960960960961,0.0,0.028241656786125228,0.11836634914903713,9.837837837837839,0.0,0.0,0.15,0.08108108108108109,0,0.1764962332671969,0.147835483125,3.6636051792132274,0.8507630225817854,0.0,0.9761904761904762,0.0,0.2,0.0,0.8252156362995855,0.2,0.08,0.11711711711711711,0.05,0.25
70,0.8897408548692516,0.5018102868677506,0.877074070275826,0.501206813407942,0.24869350175742913,0.4997899963287118,0.7039274924471299,0.3676656834925623,0.3654400397260622,0.07854984894259819,0.6657142857142857,0.3674958274605749,0.3633737066435719,0.07714285714285714,0.10876132930513595,0.11714285714285715,0.054285714285714284,3.9285714285714284,0.09667673716012085,0.005714285714285714,0.028199454678769966,0.11836634914903711,9.80060422960725,0.0,0.0,0.15,0.08157099697885196,0,0.1771833270972895,0.14791010812500002,3.7074759327718194,0.8579235363236084,0.0,0.9512195121951219,0.0,0.2,0.0,0.8301725090396684,0.2,0.08,0.1111111111111111,0.05,0.25
71,0.891671251621043,0.5027146405078352,0.8786695773354203,0.5017941523761492,0.24869350175742913,0.4992967462273345,0.6787878787878788,0.36751695166000864,0.366245647047644,0.07878787878787878,0.64,0.3674958274605749,0.3634974094315429,0.07714285714285714,0.12121212121212122,0.12857142857142856,0.05714285714285714,4.06,0.09696969696969697,0.002857142857142857,0.02821861242158934,0.11836634914903713,9.763636363636364,0.0,0.0,0.15,0.07878787878787878,0,0.17686841046180304,0.14717055758437503,3.7618978426878122,0.8407650655971363,0.0,1.0,0.0,0.2,0.0,0.8341380072317347,0.2,0.08,0.12386706948640483,0.05,0.25
72,0.8942875344648189,0.5031998874357627,0.8811363583024089,0.5022631150647857,0.24869350175742913,0.4989155327274552,0.6787878787878788,0.36721392135697833,0.36601837432037126,0.07878787878787878,0.64,0.36721011317486063,0.3632831237172572,0.07714285714285714,0.12727272727272726,0.14,0.05714285714285714,4.148571428571429,0.1,0.0,0.028193901090231,0.11836634914903713,9.763636363636364,0.0,0.0,0.15,0.07878787878787878,0,0.1778692119809226,0.15,3.8266598858340557,0.9431128000000003,0.0,0.9387755102040817,0.0,0.2,0.0,0.8373104057853877,0.2,0.08,0.12727272727272726,0.05,0.25
73,0.8981391749128746,0.502039031085206,0.8835702110748824,0.5018420960122787,0.24869350175742913,0.4986977552067892,0.6819571865443425,0.3662657531818422,0.3677363522838751,0.07951070336391437,0.6371428571428571,0.36721011317486063,0.3632831237172572,0.07714285714285714,0.12538226299694188,0.12857142857142856,0.06571428571428571,4.2371428571428575,0.09785932721712538,0.008571428571428572,0.02821699770923635,0.11836634914903711,9.63914373088685,0.0,0.0,0.15,0.07951070336391437,0,0.17746543734958942,0.14925,3.878698116688803,0.9242505440000003,0.0,1.0,0.0,0.2,0.0,0.8398483246283102,0.2,0.08,0.1303030303030303,0.05,0.25
74,0.9017670111885195,0.5024019220057598,0.8858123151979038,0.5022459991102635,0.24869350175742913,0.498564312623352,0.6953846153846154,0.3669699949779186,0.3677417830859244,0.08,0.6457142857142857,0.36721011317486063,0.3632831237172572,0.07714285714285714,0.12307692307692308,0.12571428571428572,0.07142857142857142,4.3342857142857145,0.09538461538461539,0.005714285714285714,0.028319419628210916,0.11836634914903711,9.427692307692308,0.0,0.0,0.15,0.08,0,0.17764786176602246,0.14850375,3.9268384400693135,0.9057655331200002,0.0,1.0,0.0,0.2,0.0,0.8418786597026481,0.2,0.08,0.12538226299694188,0.05,0.25
75,0.9039500037497346,0.502740423571341,0.8878393797190322,0.5026098141335228,0.24869350175742913,0.49846547432132576,0.6738461538461539,0.36684691805484165,0.3676494753936167,0.08,0.6257142857142857,0.36709582746057484,0.3631974094315429,0.07714285714285714,0.12307692307692308,0.12571428571428572,0.07142857142857142,4.462857142857143,0.09538461538461539,0.0,0.02832143560604834,0.11836634914903711,9.427692307692308,0.0,0.0,0.15,0.08,0,0.1780385645688165,0.14776123124999999,3.9740159569822118,0.9076479171200007,0.0,0.9772727272727273,0.0,0.2,0.0,0.8435029277621184,0.2,0.08,0.12307692307692308,0.05,0.25
76,0.9067504222779343,0.5022520637855815,0.8904397683523603,0.5022085785862845,0.24869350175742913,0.49840984398142674,0.68,0.36684691805484165,0.3676494753936167,0.08,0.6314285714285715,0.36709582746057484,0.3631974094315429,0.07714285714285714,0.12923076923076923,0.13428571428571429,0.07142857142857142,4.534285714285715,0.09538461538461539,0.0,0.028310927524174183,0.11836634914903711,9.427692307692308,0.0,0.0,0.15,0.08,0,0.17769094317454384,0.14702242509375,4.028821352128283,0.8894949587776007,0.0,1.0,0.0,0.2,0.0,0.8448023422096947,0.2,0.08,0.12923076923076923,0.05,0.25
77,0.9090613642192946,0.5020463252365679,0.8928314349158318,0.5023865229606058,0.24869350175742913,0.49824150313903415,0.6811145510835913,0.367070096726225,0.3682282935280455,0.0804953560371517,0.6285714285714286,0.36703868460343203,0.36315455228868576,0.07714285714285714,0.11764705882352941,0.11714285714285715,0.07714285714285714,4.62,0.09907120743034056,0.005714285714285714,0.02835465976489198,0.11836634914903713,9.275541795665635,0.0,0.0,0.15,0.0804953560371517,0,0.17785877488724255,0.14650895667145317,4.065387782228574,0.9039207967999998,0.0,0.975609756097561,0.0,0.2,0.0,0.8458418737677558,0.2,0.08,0.12,0.05,0.25
78,0.9115273373742995,0.5034000205666795,0.8942134959132649,0.5031052973692162,0.24869350175742913,0.49811676881044126,0.7236024844720497,0.3677701797716066,0.3676941541958607,0.08074534161490683,0.6657142857142857,0.36692439888914624,0.36306883800297146,0.07714285714285714,0.09937888198757763,0.10571428571428572,0.08,4.694285714285714,0.09937888198757763,0.002857142857142857,0.028451707784113937,0.11836634914903711,9.267080745341614,0.0,0.0,0.15,0.08074534161490683,0,0.17794033815566349,0.14791010812500002,4.089794312298288,0.8858423808639998,0.0,0.972972972972973,0.0,0.2,0.0,0.839274118209251,0.2,0.08,0.1021671826625387,0.05,0.25
79,0.9142811200202925,0.5034491953456645,0.8967469759475785,0.5033144925064637,0.24869350175742913,0.49804136003782273,0.7236024844720497,0.3677701797716066,0.3676941541958607,0.08074534161490683,0.6657142857142857,0.36692439888914624,0.36306883800297146,0.07714285714285714,0.12732919254658384,0.12571428571428572,0.08,4.788571428571428,0.10869565217391304,0.0,0.028443710085548073,0.11836634914903711,9.267080745341614,0.0,0.0,0.15,0.08074534161490683,0,0.1777356364648852,0.14717055758437503,4.1337127117666075,0.8681255332467198,0.0,1.0,0.0,0.2,0.0,0.8414192945674008,0.2,0.08,0.12732919254658384,0.05,0.25
80,0.9157690005874255,0.5028130608068985,0.8978271838042963,0.502944203786388,0.24869350175742913,0.49802201755629477,0.71875,0.3691879971467277,0.3673475212441474,0.08125,0.6571428571428571,0.36692439888914624,0.36306883800297146,0.07714285714285714,0.09375,0.09428571428571429,0.08571428571428572,4.894285714285714,0.109375,0.005714285714285714,0.028572469582013815,0.11836634914903713,9.19375,0.0,0.0,0.15,0.08125,0,0.17724681542541787,0.14643470479645315,4.14532417181699,0.8507630225817854,0.0,1.0,0.0,0.2,0.0,0.8286633859644796,0.2,0.08,0.09627329192546584,0.05,0.25
81,0.9189469192225908,0.5022337615800384,0.9007327094135904,0.5026561787490017,0.24869350175742913,0.4980059895432347,0.678125,0.3691879971467277,0.3673475212441474,0.08125,0.62,0.36692439888914624,0.36306883800297146,0.07714285714285714,0.13125,0.13428571428571429,0.08571428571428572,5.025714285714286,0.103125,0.0,0.028569337005179368,0.11836634914903713,9.19375,0.0,0.0,0.15,0.08125,0,0.17740759388020863,0.14570253127247088,4.1967034026663645,0.8337477621301497,0.0,1.0,0.0,0.2,0.0,0.8329307087715837,0.2,0.08,0.13125,0.05,0.25
82,0.9196634391999499,0.5013384528137028,0.9013878133928899,0.5016921641756561,0.24869350175742913,0.49787322304979553,0.715625,0.3690629971467277,0.3672537712441474,0.08125,0.6542857142857142,0.3668101131748607,0.36298312371725716,0.07714285714285714,0.109375,0.12,0.08571428571428572,5.137142857142857,0.1125,0.0,0.028541040178993726,0.11836634914903713,9.19375,0.0,0.0,0.15,0.08125,0,0.1774062701965219,0.14636082418082813,4.232769334613037,0.8221780795234651,0.0,0.9761904761904762,0.0,0.2,0.0,0.836344567017267,0.2,0.08,0.109375,0.05,0.25
83,0.9203826888058035,0.5017701487827131,0.9020454130325275,0.5021988750660931,0.24869350175742913,0.49771130566089805,0.69375,0.3689379971467277,0.36716002124414737,0.08125,0.6342857142857142,0.3666958274605749,0.36289740943154286,0.07714285714285714,0.103125,0.11428571428571428,0.08571428571428572,5.234285714285714,0.10625,0.0,0.02857020906411762,0.11836634914903713,9.19375,0.0,0.0,0.15,0.08125,0,0.1776606702705393,0.15350494215103946,4.26239966220649,0.8542709584100077,0.0,0.975,0.0,0.2,0.0,0.8328256536138136,0.2,0.08,0.103125,0.05,0.25
84,0.9223608344399428,0.5013716668839155,0.9037091931993758,0.5021839391420103,0.24869350175742913,0.49754755590431265,0.6959247648902821,0.3684733810341302,0.36696335899736493,0.08150470219435736,0.6342857142857142,0.3664672560320035,0.3627259808601143,0.07714285714285714,0.11912225705329153,0.12571428571428572,0.08857142857142856,5.3342857142857145,0.11285266457680251,0.002857142857142857,0.02857917339437269,0.1183663491490371,9.09717868338558,0.0,0.0,0.15,0.08150470219435736,0,0.17817193834775802,0.1567371286771883,4.302865954676646,0.8972581427776024,0.0,0.9545454545454546,0.0,0.2,0.0,0.8362605228910508,0.2,0.08,0.11875,0.05,0.25
85,0.9257591524396561,0.5012425183370381,0.9069424368408995,0.5016472077641789,0.24869350175742913,0.497419976417793,0.6761006289308176,0.36846097487434154,0.3675666992486958,0.08176100628930817,0.6142857142857143,0.36635297031771774,0.36264026657440007,0.07714285714285714,0.11320754716981132,0.11714285714285715,0.09142857142857143,5.408571428571428,0.1069182389937107,0.002857142857142857,0.02857162401378597,0.11836634914903711,9.08805031446541,0.0,0.0,0.15,0.08176100628930817,0,0.17870907865601923,0.15662844303380236,4.333951492725971,0.9820000000000004,0.0,0.9512195121951219,0.0,0.2,0.0,0.8390084183128407,0.2,0.08,0.11598746081504702,0.05,0.25
86,0.9269877240287772,0.5012173937939126,0.9080586818847296,0.5017620140717683,0.24869350175742913,0.4972335508706383,0.7264150943396226,0.36846097487434154,0.3675666992486958,0.08176100628930817,0.66,0.36635297031771774,0.36264026657440007,0.07714285714285714,0.12264150943396226,0.12,0.09142857142857143,5.537142857142857,0.1069182389937107,0.0,0.02855338430083272,0.11836634914903711,9.08805031446541,0.0,0.0,0.15,0.07861635220125786,0,0.1785002482627391,0.15584530081863335,4.36727246287145,0.9623600000000003,0.0,1.0,0.0,0.2,0.0,0.8412067346502725,0.2,0.08,0.12264150943396226,0.05,0.25
87,0.928608302403226,0.5009487209337985,0.9077398843175684,0.5010005619798691,0.24869350175742913,0.4971667111309176,0.6593059936908517,0.36727469629572723,0.3674980730206951,0.08201892744479496,0.5971428571428572,0.36635297031771774,0.36264026657440007,0.07714285714285714,0.14511041009463724,0.14285714285714285,0.09428571428571429,5.6571428571428575,0.11041009463722397,0.002857142857142857,0.028535592974265313,0.11836634914903711,9.078864353312303,0.0,0.0,0.15,0.07886435331230283,0,0.17823603273571115,0.15506607431454017,4.422784156471164,0.9431128000000003,0.0,1.0,0.0,0.2,0.0,0.842965387720218,0.2,0.08,0.14465408805031446,0.05,0.25
88,0.9307027572126734,0.5008642419437908,0.908965717194892,0.5008769343803393,0.24869350175742913,0.49704105986370894,0.6139240506329114,0.36717175934209867,0.3672800079854154,0.08227848101265822,0.5542857142857143,0.36612439888914633,0.36246883800297147,0.07714285714285714,0.12658227848101267,0.12285714285714286,0.09714285714285714,5.768571428571429,0.11075949367088607,0.002857142857142857,0.028599526639853223,0.1183663491490371,8.924050632911392,0.0,0.0,0.15,0.07911392405063292,0,0.17874442471488972,0.15630563581796741,4.457185616198885,0.9470728000000013,0.0,0.9534883720930233,0.0,0.2,0.0,0.8443723101761744,0.2,0.08,0.12618296529968454,0.05,0.25
89,0.9306655085914457,0.5005059179854278,0.9089320870111549,0.5004480320936951,0.24869350175742913,0.49686062025447436,0.6867088607594937,0.3670451770636176,0.3671850712765546,0.08227848101265822,0.62,0.3660101131748606,0.36238312371725717,0.07714285714285714,0.14873417721518986,0.15428571428571428,0.09714285714285714,5.902857142857143,0.11708860759493671,0.0,0.02861398495692668,0.1183663491490371,8.924050632911392,0.0,0.0,0.15,0.07911392405063292,0,0.17899298830560098,0.15552410763887758,4.522327618160621,0.9281313440000012,0.0,0.9814814814814815,0.0,0.2,0.0,0.8454978481409395,0.2,0.08,0.14873417721518986,0.05,0.25
90,0.9322448842383275,0.49994092183892425,0.9090577519949876,0.5003253831534707,0.24869350175742913,0.49658606917166687,0.6825396825396826,0.36503579667334346,0.36517613499489293,0.07936507936507936,0.6142857142857143,0.3660101131748606,0.36238312371725717,0.07714285714285714,0.12380952380952381,0.12285714285714286,0.1,6.008571428571429,0.1111111111111111,0.002857142857142857,0.028621996153589045,0.11836634914903713,8.882539682539683,0.0,0.0,0.15,0.07936507936507936,0,0.17858373764978727,0.1547464871006832,4.554738208654551,0.9095687171200011,0.0,1.0,0.0,0.2,0.0,0.8463982785127516,0.2,0.08,0.12341772151898735,0.05,0.25
91,0.9325812060002052,0.49995814238221015,0.9086656555042766,0.500230595352581,0.24869350175742913,0.4961472429028742,0.7038216560509554,0.3647175522834249,0.3646541842942015,0.07961783439490445,0.6314285714285715,0.3660101131748606,0.36238312371725717,0.07714285714285714,0.1464968152866242,0.1457142857142857,0.10285714285714286,6.114285714285714,0.11464968152866242,0.002857142857142857,0.028636720377789325,0.11836634914903711,8.853503184713375,0.0,0.0,0.15,0.07961783439490445,0,0.17867764685059317,0.15397275466517976,4.609357730195746,0.8913773427776011,0.0,1.0,0.0,0.2,0.0,0.8471186228102013,0.2,0.08,0.14603174603174604,0.05,0.25
92,0.9327123261980316,0.5005806161795449,0.9089714187718336,0.5008635637798613,0.24869350175742913,0.49586309328873246,0.6900958466453674,0.3646591487369602,0.3642131068672379,0.07987220447284345,0.6171428571428571,0.3660101131748606,0.36238312371725717,0.07714285714285714,0.14057507987220447,0.13142857142857142,0.10571428571428572,6.265714285714286,0.1182108626198083,0.002857142857142857,0.0286567512188269,0.1183663491490371,8.8370607028754,0.0,0.0,0.15,0.07987220447284345,0,0.1787836879020545,0.15320289089185388,4.648599147020403,0.8735497959220491,0.0,1.0,0.0,0.2,0.0,0.847694898248161,0.2,0.08,0.14012738853503184,0.05,0.25
93,0.9327569334327432,0.4999616414084676,0.9091245103012114,0.5000584831786462,0.24869350175742913,0.4955684881991959,0.6378205128205128,0.3654824356366565,0.3646405257768152,0.08012820512820513,0.5685714285714286,0.3660101131748606,0.36238312371725717,0.07714285714285714,0.14423076923076922,0.1457142857142857,0.10857142857142857,6.3914285714285715,0.12179487179487179,0.002857142857142857,0.02867870370054243,0.11836634914903713,8.807692307692308,0.0,0.0,0.15,0.08012820512820513,0,0.17858201939635832,0.1524368764373946,4.70134144979428,0.856078800003608,0.0,1.0,0.0,0.2,0.0,0.8481559185985288,0.2,0.08,0.14696485623003194,0.05,0.25
94,0.9329913507999981,0.49979519571189085,0.9093334766400216,0.5001084556043023,0.24869350175742913,0.49506461861051543,0.6217948717948718,0.3654183330725539,0.3645924488537383,0.08012820512820513,0.5542857142857143,0.3659529703177178,0.3623402665744001,0.07714285714285714,0.16346153846153846,0.15714285714285714,0.10857142857142857,6.52,0.1282051282051282,0.0,0.02867915376896472,0.11836634914903713,8.807692307692308,0.0,0.0,0.15,0.08012820512820513,0,0.17877425287080512,0.15567440329211168,4.764457477941252,0.8858423808639998,0.0,0.9818181818181818,0.0,0.2,0.0,0.8485247348788231,0.2,0.08,0.16346153846153846,0.05,0.25
95,0.9341961596190639,0.49944414295506845,0.9095198594080163,0.4995688315972718,0.24869350175742913,0.49455914937086337,0.639871382636656,0.36623510866649206,0.365241724981719,0.08038585209003216,0.5685714285714286,0.3657815417462892,0.3622116951458286,0.07714285714285714,0.13183279742765272,0.13714285714285715,0.11142857142857143,6.6571428571428575,0.12540192926045016,0.002857142857142857,0.02868830181563083,0.11836634914903711,8.790996784565916,0.0,0.0,0.15,0.08038585209003216,0,0.17976552517787966,0.2061821699949951,4.806311185525283,0.8747840597410648,0.0,0.9583333333333334,0.0,0.2,0.0,0.8488197879030585,0.2,0.08,0.1346153846153846,0.05,0.25
96,0.9354517440633886,0.49924736648379076,0.9106355358714019,0.49962857328455074,0.24869350175742913,0.49400017709693844,0.617363344051447,0.366042182621476,0.36509703044795694,0.08038585209003216,0.5485714285714286,0.3656101131748606,0.3620831237172572,0.07714285714285714,0.15112540192926044,0.13714285714285715,0.11142857142857143,6.7457142857142856,0.12218649517684887,0.0,0.02868650760830849,0.11836634914903711,8.790996784565916,0.0,0.0,0.15,0.08038585209003216,0,0.18064872557470235,0.2508743027607501,4.847327818957635,0.9683011979716432,0.0,0.9583333333333334,0.0,0.2,0.0,0.8490558303224468,0.2,0.08,0.15112540192926044,0.05,0.25
97,0.9361635894059238,0.4998190796551567,0.9112744683665579,0.4999421124916611,0.24869350175742913,0.49347461249171015,0.6655844155844156,0.36670357274650567,0.36580286572476084,0.08116883116883117,0.5857142857142857,0.36549582746057485,0.3619974094315429,0.07714285714285714,0.1525974025974026,0.15714285714285714,0.12,6.8914285714285715,0.12012987012987013,0.008571428571428572,0.028723280525898526,0.11836634914903711,8.675324675324676,0.0,0.0,0.15,0.08116883116883117,0,0.18091633908968596,0.24961993124694637,4.907524119721339,1.001862374012209,0.0,0.9818181818181818,0.0,0.2,0.0,0.8492446642579574,0.2,0.08,0.1607717041800643,0.05,0.25
98,0.9364303285395302,0.49960126716002556,0.9115091988041315,0.4996124957632427,0.24869350175742913,0.4929129745836367,0.6623376623376623,0.36670357274650567,0.36580286572476084,0.08116883116883117,0.5828571428571429,0.36549582746057485,0.3619974094315429,0.07714285714285714,0.1396103896103896,0.13428571428571429,0.12,7.014285714285714,0.12987012987012986,0.0,0.028770500737236443,0.11836634914903711,8.675324675324676,0.0,0.0,0.15,0.08116883116883117,0,0.1806116145370947,0.2483718315907116,4.943659351612627,0.9818251265319649,0.0,1.0,0.0,0.2,0.0,0.8493957314063659,0.2,0.08,0.1396103896103896,0.05,0.25
99,0.9374149305643514,0.5002220355829726,0.9123756485859743,0.5001737371411356,0.24869350175742913,0.4922764643271127,0.6201298701298701,0.36670357274650567,0.36580286572476084,0.08116883116883117,0.5457142857142857,0.36549582746057485,0.3619974094315429,0.07714285714285714,0.14285714285714285,0.13428571428571429,0.12,7.1571428571428575,0.1331168831168831,0.0,0.02876947697384302,0.11836634914903711,8.675324675324676,0.0,0.0,0.15,0.08116883116883117,0,0.18025112789298064,0.24712997243275805,4.979071878866089,0.9621886240013254,0.0,1.0,0.0,0.2,0.0,0.8495165851250928,0.2,0.08,0.14285714285714285,0.05,0.25
100,0.9367425682949847,0.5004194381484067,0.9117839697889316,0.5003482078849982,0.24869350175742913,0.4916806116988904,0.6623376623376623,0.36637889742183033,0.3655593592312543,0.08116883116883117,0.5828571428571429,0.36521011317486063,0.3617831237172572,0.07714285714285714,0.15584415584415584,0.16,0.12,7.265714285714286,0.13636363636363635,0.0,0.02876865803701479,0.11836634914903711,8.675324675324676,0.0,0.0,0.15,0.08116883116883117,0,0.18134930082494427,0.25568931229487285,5.039490441288767,1.00885071890119,0.0,0.9464285714285714,0.0,0.2,0.0,0.8496132681000742,0.2,0.08,0.15584415584415584,0.05,0.25
101,0.9379953496706115,0.5009056097959858,0.9128760086290784,0.5007132917680189,0.24869350175742913,0.4911259738765111,0.5849673202614379,0.36626669008302026,0.36669065579615073,0.08169934640522876,0.5114285714285715,0.36509582746057484,0.3616974094315429,0.07714285714285714,0.1503267973856209,0.14857142857142858,0.12571428571428572,7.3914285714285715,0.13398692810457516,0.005714285714285714,0.02876515256222133,0.11836634914903713,8.65359477124183,0.0,0.0,0.15,0.08169934640522876,0,0.18149926932081958,0.25463251684565996,5.08727206103442,1.0773518677717406,0.0,0.9807692307692307,0.0,0.2,0.0,0.8496906144800593,0.2,0.08,0.14935064935064934,0.05,0.25
102,0.9380920980449161,0.5005142708616185,0.9129605943506132,0.5004996552844578,0.24869350175742913,0.49070498519333994,0.6176470588235294,0.36626669008302026,0.36669065579615073,0.08169934640522876,0.54,0.36509582746057484,0.3616974094315429,0.07714285714285714,0.1437908496732026,0.1457142857142857,0.12571428571428572,7.56,0.13398692810457516,0.0,0.02877691341375411,0.11836634914903713,8.65359477124183,0.0,0.0,0.15,0.0784313725490196,0,0.1811630586885012,0.2533593542614317,5.131240905528017,1.0558048304163057,0.0,1.0,0.0,0.2,0.0,0.8497524915840474,0.2,0.08,0.1437908496732026,0.05,0.25
103,0.937917679463458,0.4999201423500795,0.9125036266319759,0.49981235363328663,0.24869350175742913,0.4905209287199179,0.6295081967213115,0.3655903791932888,0.36613715425275234,0.08196721311475409,0.5485714285714286,0.36509582746057484,0.3616974094315429,0.07714285714285714,0.13114754098360656,0.14,0.12857142857142856,7.674285714285714,0.14098360655737704,0.002857142857142857,0.02881284836501049,0.11836634914903711,8.439344262295082,0.0,0.0,0.15,0.07868852459016394,0,0.1809422441093444,0.2520925574901245,5.1686160874174565,1.0346887338079795,0.0,1.0,0.0,0.2,0.0,0.8498019932672379,0.2,0.08,0.13398692810457516,0.05,0.25
104,0.9386732803792497,0.499722433291921,0.9119459475607057,0.4997345860462425,0.24869350175742913,0.4903520217591093,0.6490066225165563,0.36662652668347345,0.3675746292629042,0.08278145695364239,0.56,0.36509582746057484,0.3616974094315429,0.07714285714285714,0.1456953642384106,0.14857142857142858,0.13714285714285715,7.814285714285714,0.1357615894039735,0.008571428571428572,0.02895716996497435,0.11836634914903711,8.278145695364238,0.0,0.0,0.15,0.07947019867549669,0,0.18099621792070963,0.25083209470267387,5.213815194240536,1.0139949591318198,0.0,1.0,0.0,0.2,0.0,0.8498415946137904,0.2,0.08,0.15081967213114755,0.05,0.25
105,0.9400880205387487,0.5003482523851687,0.9128568605180233,0.5004948420124304,0.24869350175742913,0.49011169573041435,0.7033333333333334,0.3668326379251921,0.3686717759334158,0.08333333333333333,0.6028571428571429,0.36509582746057484,0.3616974094315429,0.07714285714285714,0.13333333333333333,0.14,0.14285714285714285,7.948571428571428,0.13,0.005714285714285714,0.02901528453036927,0.11836634914903713,8.246666666666666,0.0,0.0,0.15,0.08,0,0.18097213515353217,0.24957793422916047,5.249538890355725,0.9937150599491834,0.0,1.0,0.0,0.2,0.0,0.8498732756910323,0.2,0.08,0.1390728476821192,0.05,0.25
106,0.9395742307077033,0.499278462013152,0.9124164692342702,0.4993128984948835,0.24869350175742913,0.48988739941499876,0.64,0.3668326379251921,0.3686717759334158,0.08333333333333333,0.5485714285714286,0.36509582746057484,0.3616974094315429,0.07714285714285714,0.14,0.13428571428571429,0.14285714285714285,8.088571428571429,0.14,0.0,0.029023691857853907,0.11836634914903713,8.246666666666666,0.0,0.0,0.15,0.08,0,0.1807809887634788,0.24833004455801466,5.278833826834324,0.9738407587501997,0.0,1.0,0.0,0.2,0.0,0.8498986205528258,0.2,0.08,0.14,0.05,0.25
107,0.9394264009942699,0.49859514583269526,0.9121779907846975,0.49794169355239726,0.24869350175742913,0.4896634872324236,0.6688963210702341,0.3679912258790514,0.36917750058873183,0.08361204013377926,0.5714285714285714,0.36509582746057484,0.3616974094315429,0.07714285714285714,0.1505016722408027,0.14285714285714285,0.1457142857142857,8.242857142857142,0.13712374581939799,0.002857142857142857,0.0290257829492622,0.1183663491490371,8.22742474916388,0.0,0.0,0.15,0.0802675585284281,0,0.18050522667680427,0.2470883943352246,5.316114293154781,0.9543639435751957,0.0,1.0,0.0,0.2,0.0,0.8499188964422607,0.2,0.08,0.15333333333333332,0.05,0.25
108,0.9414287131342507,0.49803453659022917,0.9127008408012268,0.49738843987914605,0.24869350175742913,0.48931743593620686,0.6891891891891891,0.3689634821196012,0.3688126477513725,0.08445945945945946,0.5828571428571429,0.3649815417462891,0.3616116951458286,0.07714285714285714,0.14864864864864866,0.14,0.15428571428571428,8.394285714285715,0.12837837837837837,0.008571428571428572,0.029066582349713953,0.1183663491490371,8.14864864864865,0.0,0.0,0.15,0.08108108108108109,0,0.18111641482913451,0.24759853583724734,5.349792007291685,1.0186881712648899,0.0,0.9591836734693877,0.0,0.2,0.0,0.8499351171538085,0.2,0.08,0.1505016722408027,0.05,0.25
109,0.9426647118512304,0.49771354462648104,0.913638092931094,0.497337638326647,0.24869350175742913,0.48896156116879297,0.6677966101694915,0.3697546951133048,0.36977489227650023,0.0847457627118644,0.5628571428571428,0.3649815417462891,0.3616116951458286,0.07714285714285714,0.13559322033898305,0.12857142857142856,0.15714285714285714,8.528571428571428,0.12203389830508475,0.002857142857142857,0.029090889349783072,0.11836634914903711,8.135593220338983,0.0,0.0,0.15,0.08135593220338982,0,0.18078197561213172,0.2463605431580611,5.371367595717279,0.998314407839592,0.0,1.0,0.0,0.2,0.0,0.8499480937230468,0.2,0.08,0.13851351351351351,0.05,0.25
110,0.9469618885807981,0.4972353783065969,0.9149698279827424,0.4971348321802639,0.24869350175742913,0.4885098592635469,0.6326530612244898,0.3676110036000847,0.36763126946111424,0.08163265306122448,0.5314285714285715,0.3649815417462891,0.3616116951458286,0.07714285714285714,0.11224489795918367,0.11142857142857143,0.16,8.657142857142857,0.1292517006802721,0.002857142857142857,0.029098844384197495,0.11836634914903711,8.129251700680273,0.0,0.0,0.15,0.08163265306122448,0,0.18050549573407104,0.24512874044227081,5.375368815231506,0.9783481196828002,0.0,1.0,0.0,0.2,0.0,0.8499584749784375,0.2,0.08,0.1152542372881356,0.05,0.25
111,0.9465652882470998,0.4979573214892743,0.9146366837024357,0.49767781991915,0.24869350175742913,0.48792694364603084,0.6326530612244898,0.3676110036000847,0.36763126946111424,0.08163265306122448,0.5314285714285715,0.3649815417462891,0.3616116951458286,0.07714285714285714,0.12244897959183673,0.12857142857142856,0.16,8.814285714285715,0.1292517006802721,0.0,0.029102241023332216,0.11836634914903711,8.129251700680273,0.0,0.0,0.15,0.08163265306122448,0,0.18023096825540072,0.24390309674005944,5.396432867498303,0.9587811572891441,0.0,1.0,0.0,0.2,0.0,0.8499667799827499,0.2,0.08,0.12244897959183673,0.05,0.25
112,0.9466314099719934,0.49689405291425137,0.9146922259513464,0.49682855604512155,0.24869350175742913,0.48747736116006835,0.6394557823129252,0.3676110036000847,0.36763126946111424,0.08163265306122448,0.5371428571428571,0.3649815417462891,0.3616116951458286,0.07714285714285714,0.16666666666666666,0.16,0.16,8.957142857142857,0.1360544217687075,0.0,0.029102182897545414,0.11836634914903711,8.129251700680273,0.0,0.0,0.15,0.08163265306122448,0,0.18021353198198084,0.24268358125635917,5.4485042101483385,0.9396055341433612,0.0,1.0,0.0,0.2,0.0,0.8499734239861999,0.2,0.08,0.16666666666666666,0.05,0.25
113,0.9487872503444748,0.49679355627910554,0.9150994059224513,0.4966302096535552,0.24869350175742913,0.4870619500730994,0.6245733788395904,0.3682872665195208,0.3678720840417557,0.08191126279863481,0.5228571428571429,0.3649815417462891,0.3616116951458286,0.07714285714285714,0.14675767918088736,0.15428571428571428,0.16285714285714287,9.085714285714285,0.14334470989761092,0.002857142857142857,0.029162738989576876,0.1183663491490371,8.040955631399317,0.0,0.0,0.15,0.08191126279863481,0,0.1799123214649281,0.2414701633500774,5.493819840231086,0.920813423460494,0.0,1.0,0.0,0.2,0.0,0.8499787391889599,0.2,0.08,0.14965986394557823,0.05,0.25
114,0.9486302798968955,0.49607516442192656,0.9147729710710669,0.49618194061779913,0.24869350175742913,0.48656522068773767,0.613013698630137,0.3691828668237648,0.36874643187125106,0.0821917808219178,0.5114285714285715,0.3649815417462891,0.3616116951458286,0.07714285714285714,0.14726027397260275,0.14,0.1657142857142857,9.237142857142857,0.136986301369863,0.002857142857142857,0.029175260805978567,0.11836634914903711,8.0,0.0,0.0,0.15,0.07876712328767123,0,0.1796694741433177,0.240262812533327,5.523943443426464,0.9023971549912841,0.0,1.0,0.0,0.2,0.0,0.849982991351168,0.2,0.08,0.14675767918088736,0.05,0.25
115,0.9500826338736946,0.4960196664709168,0.9157383753377089,0.4959971318993159,0.24869350175742913,0.48620673088026034,0.6586206896551724,0.3697660524135664,0.3701818079697175,0.08275862068965517,0.5457142857142857,0.3649243988891463,0.36156883800297146,0.07714285714285714,0.12413793103448276,0.12,0.17142857142857143,9.368571428571428,0.1310344827586207,0.005714285714285714,0.029214756674355843,0.1183663491490371,7.9655172413793105,0.0,0.0,0.15,0.07931034482758621,0,0.17974226962974396,0.23906149847066038,5.533464574557934,0.8992650938794587,0.0,0.9761904761904762,0.0,0.2,0.0,0.8499863930809344,0.2,0.08,0.13013698630136986,0.05,0.25
116,0.9495860523877374,0.49628864490450675,0.9150394683263431,0.49587074425539784,0.24869350175742913,0.4859735488404949,0.6284722222222222,0.3701365489604091,0.3715761709379237,0.08333333333333333,0.5171428571428571,0.3649243988891463,0.36156883800297146,0.07714285714285714,0.1388888888888889,0.13714285714285715,0.17714285714285713,9.454285714285714,0.1284722222222222,0.005714285714285714,0.029227443368299442,0.11836634914903711,7.930555555555555,0.0,0.0,0.15,0.0798611111111111,0,0.17952855828159525,0.23786619097830708,5.559938140209633,0.8812797920018696,0.0,1.0,0.0,0.2,0.0,0.8499891144647475,0.2,0.08,0.1413793103448276,0.05,0.25
117,0.950465005748178,0.49480227884241573,0.9150626525418489,0.4947176516055762,0.24869350175742913,0.4857065823564296,0.6097560975609756,0.36865030185053155,0.37262826598477455,0.08362369337979095,0.5,0.36481011317486056,0.3614831237172572,0.07714285714285714,0.13588850174216027,0.13142857142857142,0.18,9.605714285714285,0.1254355400696864,0.002857142857142857,0.02926482977341879,0.1183663491490371,7.909407665505227,0.0,0.0,0.15,0.08013937282229965,0,0.17963062977590158,0.23667686002341554,5.580167948834011,0.9607367632520445,0.0,0.9782608695652174,0.0,0.2,0.0,0.849991291571798,0.2,0.08,0.1388888888888889,0.05,0.25
118,0.9494617149198633,0.4940196964076593,0.9142399540626313,0.49409054111945205,0.24869350175742913,0.485355130895094,0.5958188153310104,0.36865030185053155,0.37262826598477455,0.08362369337979095,0.48857142857142855,0.36481011317486056,0.3614831237172572,0.07714285714285714,0.1289198606271777,0.13428571428571429,0.18,9.694285714285714,0.13937282229965156,0.0,0.029264814300735787,0.1183663491490371,7.909407665505227,0.0,0.0,0.15,0.08013937282229965,0,0.17936061948416493,0.23549347572329848,5.602850304143045,0.9415220279870036,0.0,1.0,0.0,0.2,0.0,0.8499930332574384,0.2,0.08,0.1289198606271777,0.05,0.25
119,0.949893240615963,0.4938226626444037,0.9137880365818533,0.4941999284902457,0.24869350175742913,0.48481628006365585,0.6280701754385964,0.36891683058678154,0.37355326048093157,0.08421052631578947,0.5114285714285715,0.36481011317486056,0.3614831237172572,0.07714285714285714,0.10877192982456141,0.11142857142857143,0.18571428571428572,9.788571428571428,0.12631578947368421,0.005714285714285714,0.029433134616925104,0.11836634914903711,7.585964912280701,0.0,0.0,0.15,0.08070175438596491,0,0.1790056763831727,0.23431600834468197,5.602221869488755,0.9226915874272635,0.0,1.0,0.0,0.2,0.0,0.8499944266059507,0.2,0.08,0.11498257839721254,0.05,0.25
120,0.9506661913330596,0.4924435765382953,0.9139582289052076,0.49349383141037645,0.24869350175742913,0.48431011409792596,0.6514084507042254,0.3680763361762468,0.37311119523572944,0.08450704225352113,0.5285714285714286,0.36481011317486056,0.3614831237172572,0.07714285714285714,0.11971830985915492,0.12,0.18857142857142858,9.888571428571428,0.13028169014084506,0.002857142857142857,0.029486743505877537,0.11836634914903708,7.535211267605634,0.0,0.0,0.15,0.08098591549295775,0,0.17885236300125681,0.23314442830295856,5.61017743209898,0.9042377556787181,0.0,1.0,0.0,0.2,0.0,0.8499955412847605,0.2,0.08,0.12280701754385964,0.05,0.25
121,0.9534664116927467,0.49308342690626894,0.9162304077113537,0.4945744045235764,0.24869350175742913,0.48378913963282816,0.6584507042253521,0.36793549110582424,0.3730055614329125,0.08450704225352113,0.5342857142857143,0.36469582746057483,0.3613974094315429,0.07714285714285714,0.14084507042253522,0.12285714285714286,0.18857142857142858,10.005714285714285,0.13732394366197184,0.0,0.029490944899853277,0.11836634914903708,7.535211267605634,0.0,0.0,0.15,0.08098591549295775,0,0.1790145304719648,0.24326811706282933,5.620831026314144,0.8922905360878958,0.0,0.9767441860465116,0.0,0.2,0.0,0.8499964330278084,0.2,0.08,0.14084507042253522,0.05,0.25
122,0.9531572924526508,0.4924490938071556,0.9159795795279615,0.49385892927278846,0.24869350175742913,0.4833661566487011,0.6514084507042254,0.36793549110582424,0.3730055614329125,0.08450704225352113,0.5285714285714286,0.36469582746057483,0.3613974094315429,0.07714285714285714,0.14788732394366197,0.13714285714285715,0.18857142857142858,10.134285714285713,0.14084507042253522,0.0,0.02949093842354497,0.11836634914903708,7.535211267605634,0.0,0.0,0.15,0.08098591549295775,0,0.1788046006767478,0.2420517764775152,5.645557262930718,0.8744447253661378,0.0,1.0,0.0,0.2,0.0,0.8499971464222467,0.2,0.08,0.14788732394366197,0.05,0.25
123,0.9532213326773854,0.4924812230950322,0.9158770961400589,0.49384653264124106,0.24869350175742913,0.48297835749910717,0.6254416961130742,0.36906039367787824,0.3736486858836223,0.08480565371024736,0.5057142857142857,0.36469582746057483,0.3613974094315429,0.07714285714285714,0.1625441696113074,0.14857142857142858,0.19142857142857142,10.234285714285715,0.1413427561837456,0.002857142857142857,0.029491661446569156,0.11836634914903713,7.512367491166078,0.0,0.0,0.15,0.0812720848056537,0,0.1785960062447927,0.24084151759512762,5.681217546243532,0.856955830858815,0.0,1.0,0.0,0.2,0.0,0.8499977171377974,0.2,0.08,0.16549295774647887,0.05,0.25
124,0.9562756986532642,0.49112542934899567,0.9166848508585026,0.49350084977493597,0.24869350175742913,0.4826128258451723,0.6535714285714286,0.36952119519031734,0.37389468559508743,0.08571428571428572,0.5228571428571429,0.36469582746057483,0.3613974094315429,0.07714285714285714,0.1357142857142857,0.13428571428571429,0.2,10.322857142857142,0.1357142857142857,0.008571428571428572,0.029526957183693817,0.11836634914903713,7.464285714285714,0.0,0.0,0.15,0.08214285714285714,0,0.1782744547849973,0.23963731000715197,5.701878909604375,0.8398167142416387,0.0,1.0,0.0,0.2,0.0,0.8499981737102379,0.2,0.08,0.14487632508833923,0.05,0.25
125,0.9559475322520001,0.49121644612767973,0.9164223177374915,0.49399069193638767,0.24869350175742913,0.48218206713980516,0.6321428571428571,0.36952119519031734,0.37389468559508743,0.08571428571428572,0.5057142857142857,0.36469582746057483,0.3613974094315429,0.07714285714285714,0.1392857142857143,0.12,0.2,10.442857142857143,0.1357142857142857,0.0,0.029556701066725394,0.11836634914903713,7.464285714285714,0.0,0.0,0.15,0.07857142857142857,0,0.17792579679678658,0.2384391234571162,5.707841331412288,0.823020379956806,0.0,1.0,0.0,0.2,0.0,0.8499985389681903,0.2,0.08,0.1392857142857143,0.05,0.25
126,0.9545276249016598,0.49084427299443123,0.915286391857219,0.4937220483435818,0.24869350175742913,0.48169221186499506,0.6642857142857143,0.36952119519031734,0.37389468559508743,0.08571428571428572,0.5314285714285715,0.36469582746057483,0.3613974094315429,0.07714285714285714,0.1357142857142857,0.12571428571428572,0.2,10.545714285714286,0.1357142857142857,0.0,0.029556698398709124,0.11836634914903713,7.464285714285714,0.0,0.0,0.15,0.07857142857142857,0,0.17772116852708836,0.23724692783983062,5.719398790498327,0.8065599723576697,0.0,1.0,0.0,0.2,0.0,0.8499988311745522,0.2,0.08,0.1357142857142857,0.05,0.25
127,0.9550892568801288,0.4897301148989888,0.9157356974399945,0.49257454939266543,0.24869350175742913,0.4813058236640517,0.6285714285714286,0.36952119519031734,0.37389468559508743,0.08571428571428572,0.5028571428571429,0.36469582746057483,0.3613974094315429,0.07714285714285714,0.10714285714285714,0.10285714285714286,0.2,10.657142857142857,0.1357142857142857,0.0,0.029569747574947222,0.11836634914903713,7.464285714285714,0.0,0.0,0.15,0.07857142857142857,0,0.17731813411302436,0.23606069320063147,5.7078679575455045,0.7904287729105164,0.0,1.0,0.0,0.2,0.0,0.8485704935110703,0.2,0.08,0.10714285714285714,0.05,0.25
128,0.9558016860805594,0.48974961856989785,0.9157347484938355,0.4922356375646534,0.24869350175742913,0.4809343131336772,0.6702508960573477,0.37023234342187467,0.37391078054152127,0.08602150537634409,0.5342857142857143,0.36469582746057483,0.3613974094315429,0.07714285714285714,0.13620071684587814,0.12571428571428572,0.20285714285714285,10.742857142857142,0.13620071684587814,0.002857142857142857,0.02955996375883047,0.1183663491490371,7.462365591397849,0.0,0.0,0.15,0.07885304659498207,0,0.1772014034388878,0.23488038973462833,5.71942488410888,0.774620197452306,0.0,1.0,0.0,0.2,0.0,0.8488563948088562,0.2,0.08,0.1357142857142857,0.05,0.25
129,0.9569609353558074,0.4904677640285832,0.9166420133355628,0.49265171518400436,0.24869350175742913,0.48059417617901706,0.6726618705035972,0.37129904956533094,0.3722994146798154,0.08633093525179857,0.5342857142857143,0.3645243988891463,0.3612688380029715,0.07714285714285714,0.11510791366906475,0.11428571428571428,0.2057142857142857,10.868571428571428,0.12949640287769784,0.002857142857142857,0.02958222352313034,0.11836634914903708,7.431654676258993,0.0,0.0,0.15,0.07913669064748201,0,0.17771511070740764,0.23370598778595517,5.719322100712415,0.881041375793377,0.0,0.95,0.0,0.2,0.0,0.849085115847085,0.2,0.08,0.11827956989247312,0.05,0.25
130,0.9564192846598002,0.4899458024240813,0.9162117879255915,0.49180336467541713,0.24869350175742913,0.48027757651417535,0.6438848920863309,0.3712271071192878,0.3722454578452831,0.08633093525179857,0.5114285714285715,0.3644672560320035,0.3612259808601143,0.07714285714285714,0.10431654676258993,0.09428571428571429,0.2057142857142857,10.98,0.1366906474820144,0.0,0.029629484287729543,0.11836634914903708,7.431654676258993,0.0,0.0,0.15,0.07913669064748201,0,0.17785410729672774,0.2325374578470254,5.6992213729838825,0.8920536982088125,0.0,0.9696969696969697,0.0,0.2,0.0,0.844447948792776,0.2,0.08,0.10431654676258993,0.05,0.25
131,0.9583135548078738,0.48950464057801957,0.9175094526958264,0.4915954862501597,0.24869350175742913,0.4798570709881104,0.6209386281588448,0.3720617123181287,0.372667263541952,0.08664259927797834,0.49142857142857144,0.3644672560320035,0.3612259808601143,0.07714285714285714,0.1371841155234657,0.12285714285714286,0.20857142857142857,11.09142857142857,0.1407942238267148,0.002857142857142857,0.02967939309696516,0.11836634914903711,7.350180505415162,0.0,0.0,0.15,0.07942238267148015,0,0.17767812247452983,0.23137477055779027,5.708094088381348,0.8742126242446362,0.0,1.0,0.0,0.2,0.0,0.8455583590342207,0.2,0.08,0.1366906474820144,0.05,0.25
132,0.9597971703579669,0.48981573002774204,0.9175828505200988,0.49181880890067453,0.24869350175742913,0.4794240837480023,0.6970802919708029,0.37195856982279807,0.3750349572953303,0.08759124087591241,0.5457142857142857,0.3644672560320035,0.3612259808601143,0.07714285714285714,0.15328467153284672,0.1457142857142857,0.21714285714285714,11.211428571428572,0.13503649635036497,0.008571428571428572,0.02975498716614372,0.11836634914903711,7.021897810218978,0.0,0.0,0.15,0.08029197080291971,0,0.1775320175764429,0.2302178967050013,5.739646492328006,0.8567283717597435,0.0,1.0,0.0,0.2,0.0,0.8464466872273766,0.2,0.08,0.1624548736462094,0.05,0.25
133,0.9590806449898155,0.48937967245488206,0.9170219135176033,0.49168714106664024,0.24869350175742913,0.47904761385638284,0.656934306569343,0.37181258442133824,0.37492546824423545,0.08759124087591241,0.5142857142857142,0.36435297031771774,0.3611402665744,0.07714285714285714,0.1386861313868613,0.12857142857142856,0.21714285714285714,11.34,0.13503649635036497,0.0,0.029846958942682827,0.11836634914903711,7.021897810218978,0.0,0.0,0.15,0.08029197080291971,0,0.17764435748856064,0.23405535477211745,5.753424991052873,0.8955686263234859,0.0,0.9777777777777777,0.0,0.2,0.0,0.8471573497819013,0.2,0.08,0.1386861313868613,0.05,0.25
134,0.9583175341233636,0.48955640414458035,0.91641188813712,0.4918694876794676,0.24869350175742913,0.47857762837549433,0.652014652014652,0.3725836760911228,0.3752884758645877,0.08791208791208792,0.5085714285714286,0.3642958274605749,0.3610974094315429,0.07714285714285714,0.1282051282051282,0.12571428571428572,0.22,11.482857142857142,0.13553113553113552,0.002857142857142857,0.02991340958618074,0.1183663491490371,6.8791208791208796,0.0,0.0,0.15,0.08058608058608059,0,0.177812992843975,0.23288507799825683,5.764070776946103,0.9039207967999998,0.0,0.9772727272727273,0.0,0.2,0.0,0.8477258798255211,0.2,0.08,0.13138686131386862,0.05,0.25
135,0.9605056511598468,0.49074195704334933,0.9170325087417036,0.49224086582655346,0.24869350175742913,0.47813497269918426,0.6789667896678967,0.3740855199411932,0.37343486247019014,0.08856088560885608,0.5257142857142857,0.3640672560320034,0.3609259808601143,0.07714285714285714,0.14760147601476015,0.13142857142857142,0.2257142857142857,11.582857142857144,0.12915129151291513,0.005714285714285714,0.029975523542221064,0.11836634914903711,6.760147601476015,0.0,0.0,0.15,0.08118081180811808,0,0.1788093564511837,0.23804244016750595,5.780217932835751,0.909096249042027,0.0,0.9347826086956522,0.0,0.2,0.0,0.8481807038604169,0.2,0.08,0.15384615384615385,0.05,0.25
136,0.9607649974495577,0.49106022913047603,0.91723331686888,0.49180428284046357,0.24869350175742913,0.4778167449430504,0.6900369003690037,0.3740855199411932,0.37343486247019014,0.08856088560885608,0.5342857142857143,0.3640672560320034,0.3609259808601143,0.07714285714285714,0.12177121771217712,0.10857142857142857,0.2257142857142857,11.688571428571429,0.12915129151291513,0.0,0.030017520619484792,0.11836634914903711,6.760147601476015,0.0,0.0,0.15,0.08118081180811808,0,0.17857202395464208,0.2368522279666684,5.773185002750465,0.8909143240611865,0.0,1.0,0.0,0.2,0.0,0.8485445630883335,0.2,0.08,0.12177121771217712,0.05,0.25
137,0.9633544328128263,0.49162394740521365,0.9176052029438159,0.4915961952393406,0.24869350175742913,0.4774503309558233,0.667910447761194,0.3752684484044228,0.3718078465743902,0.08955223880597014,0.5114285714285715,0.3640672560320034,0.3609259808601143,0.07714285714285714,0.1044776119402985,0.10571428571428572,0.2342857142857143,11.774285714285714,0.12313432835820895,0.008571428571428572,0.030076680250374865,0.11836634914903713,6.664179104477612,0.0,0.0,0.15,0.08208955223880597,0,0.17825030669201172,0.23566796682683505,5.763435588409741,0.8730960375799627,0.0,1.0,0.0,0.2,0.0,0.8488356504706668,0.2,0.08,0.11439114391143912,0.05,0.25
138,0.9631690396692519,0.49089817602275904,0.9174632447653073,0.49112433002763006,0.24869350175742913,0.4770919900299401,0.6604477611940298,0.3752684484044228,0.3718078465743902,0.08955223880597014,0.5057142857142857,0.3640672560320034,0.3609259808601143,0.07714285714285714,0.12313432835820895,0.10857142857142857,0.2342857142857143,11.862857142857143,0.12686567164179105,0.0,0.03009164298857087,0.11836634914903713,6.664179104477612,0.0,0.0,0.15,0.07835820895522388,0,0.17798719801569454,0.2344896269927009,5.756738305212975,0.8556341168283634,0.0,1.0,0.0,0.2,0.0,0.8490685203765335,0.2,0.08,0.12313432835820895,0.05,0.25
139,0.9607131339677506,0.48989986749115466,0.9157379217042935,0.4901573822084529,0.24869350175742913,0.47669438203483994,0.6691729323308271,0.37588252379372394,0.3731420257574214,0.09022556390977443,0.5085714285714286,0.3640672560320034,0.3609259808601143,0.07714285714285714,0.09022556390977443,0.07142857142857142,0.24,11.994285714285715,0.12030075187969924,0.005714285714285714,0.03033379768807239,0.11836634914903713,6.548872180451128,0.0,0.0,0.15,0.07894736842105263,0,0.17746869059704462,0.23331717885773737,5.713032110537286,0.8385214344917962,0.0,1.0,0.0,0.2,0.0,0.8311951148086895,0.2,0.08,0.09328358208955224,0.05,0.25
140,0.9645963198595485,0.4892115063446195,0.9162090377038814,0.4896860202560754,0.24869350175742913,0.4763022122980449,0.690566037735849,0.37587289178192196,0.37414521476694523,0.09056603773584905,0.5228571428571429,0.36395297031771773,0.36084026657440005,0.07714285714285714,0.09811320754716982,0.09428571428571429,0.24285714285714285,12.08,0.12075471698113208,0.002857142857142857,0.03045194888585908,0.11836634914903714,6.384905660377359,0.0,0.0,0.15,0.07924528301886792,0,0.17766620428691654,0.2321505929634487,5.693057182612256,0.8876502224576002,0.0,0.9696969696969697,0.0,0.2,0.0,0.8267606031251471,0.2,0.08,0.10150375939849623,0.05,0.25
141,0.963523914676902,0.4893257558105953,0.9154390986756202,0.4896439728199409,0.24869350175742913,0.47600805107196187,0.6931818181818182,0.3745453923419378,0.3732483014296476,0.09090909090909091,0.5228571428571429,0.36395297031771773,0.36084026657440005,0.07714285714285714,0.10606060606060606,0.09714285714285714,0.24571428571428572,12.157142857142857,0.11742424242424243,0.002857142857142857,0.030471199571596254,0.11836634914903713,6.356060606060606,0.0,0.0,0.15,0.07954545454545454,0,0.1772634446940534,0.23098983999863146,5.676338896102868,0.8698972180084482,0.0,1.0,0.0,0.2,0.0,0.8314084825001177,0.2,0.08,0.10943396226415095,0.05,0.25
142,0.9639104643470023,0.48937073632030564,0.91522086715025,0.48974962830630303,0.24869350175742913,0.47577538123446117,0.6844106463878327,0.37525691963912516,0.3726189925798066,0.09125475285171103,0.5142857142857142,0.36395297031771773,0.36084026657440005,0.07714285714285714,0.09885931558935361,0.09142857142857143,0.24857142857142858,12.26,0.11406844106463879,0.002857142857142857,0.030580682085053074,0.11836634914903713,6.311787072243346,0.0,0.0,0.15,0.07984790874524715,0,0.17689084247058312,0.22983489079863828,5.654240689609381,0.8524992736482793,0.0,1.0,0.0,0.2,0.0,0.8233086041819123,0.2,0.08,0.09848484848484848,0.05,0.25
143,0.9683578561293213,0.48871034384083356,0.9155057735862996,0.489753684228677,0.24869350175742913,0.4756663814836641,0.7209302325581395,0.3773998025412006,0.3699915373499734,0.09302325581395349,0.5314285714285715,0.36395297031771773,0.36084026657440005,0.07714285714285714,0.09302325581395349,0.09142857142857143,0.26285714285714284,12.337142857142856,0.09689922480620156,0.014285714285714285,0.0308358136572248,0.11836634914903714,5.922480620155039,0.0,0.0,0.15,0.08139534883720931,0,0.17649181682965875,0.22868571634464507,5.632584447245765,0.8354492881753136,0.0,1.0,0.0,0.2,0.0,0.8218407996953397,0.2,0.08,0.10266159695817491,0.05,0.25
144,0.9682860682887445,0.4876910832793712,0.9154528556923887,0.48893315178723856,0.24869350175742913,0.475507741316542,0.6627906976744186,0.3772447637815106,0.36987525828020607,0.09302325581395349,0.48857142857142855,0.36383868460343205,0.36075455228868575,0.07714285714285714,0.10077519379844961,0.08571428571428572,0.26285714285714284,12.402857142857142,0.10077519379844961,0.0,0.030945011800309192,0.11836634914903714,5.922480620155039,0.0,0.0,0.15,0.08139534883720931,0,0.17669082606793654,0.22754228776292187,5.605647044015136,0.8338916843616305,0.0,0.9666666666666667,0.0,0.2,0.0,0.8184028723144113,0.2,0.08,0.10077519379844961,0.05,0.25
145,0.968008019811801,0.4878195844128381,0.9151951876579763,0.4889551699370484,0.24869350175742913,0.47527804428247516,0.6964980544747081,0.37799637790284984,0.3700149529124914,0.0933852140077821,0.5114285714285715,0.3637243988891463,0.36066883800297145,0.07714285714285714,0.10116731517509728,0.09142857142857143,0.26571428571428574,12.491428571428571,0.10505836575875487,0.002857142857142857,0.030943622655695526,0.11836634914903713,5.898832684824903,0.0,0.0,0.15,0.08171206225680934,0,0.17672137193759685,0.22640457632410727,5.584962674563404,0.8236097699505346,0.0,0.96875,0.0,0.2,0.0,0.8203036932003662,0.2,0.08,0.10465116279069768,0.05,0.25
146,0.9682027501740869,0.48839401341679156,0.9153756716463405,0.4891810647960228,0.24869350175742913,0.4748920295452212,0.7109375,0.37841384448090837,0.3708892323574823,0.09375,0.52,0.3637243988891463,0.36066883800297145,0.07714285714285714,0.09765625,0.08571428571428572,0.26857142857142857,12.571428571428571,0.109375,0.002857142857142857,0.03095826757418846,0.11836634914903715,5.90625,0.0,0.0,0.15,0.08203125,0,0.17638005150648034,0.2252725534424867,5.558977706786422,0.8071375745515239,0.0,1.0,0.0,0.2,0.0,0.8176437327704097,0.2,0.08,0.10116731517509728,0.05,0.25
147,0.9694193507503848,0.48868324298440435,0.9162655280678612,0.48969513222166783,0.24869350175742913,0.4746528062693786,0.7109375,0.37841384448090837,0.3708892323574823,0.09375,0.52,0.3637243988891463,0.36066883800297145,0.07714285714285714,0.08203125,0.07428571428571429,0.26857142857142857,12.631428571428572,0.1015625,0.0,0.031228855230057116,0.11836634914903715,5.90625,0.0,0.0,0.15,0.078125,0,0.17595515124894792,0.22414619067527428,5.522083866936408,0.7909948230604934,0.0,1.0,0.0,0.2,0.0,0.7925524862163278,0.2,0.08,0.08203125,0.05,0.25
148,0.9696650843097742,0.4874461014729667,0.9162151286906854,0.4888473901120292,0.24869350175742913,0.4743310499014468,0.6901960784313725,0.3780333189057607,0.3719252141812628,0.09411764705882353,0.5028571428571429,0.3637243988891463,0.36066883800297145,0.07714285714285714,0.07058823529411765,0.07142857142857142,0.2714285714285714,12.685714285714285,0.10196078431372549,0.002857142857142857,0.0312412282348667,0.11836634914903713,5.866666666666666,0.0,0.0,0.15,0.0784313725490196,0,0.1755322326355603,0.2230254597218979,5.483070761026251,0.7751749265992836,0.0,1.0,0.0,0.2,0.0,0.7925524862163278,0.2,0.08,0.07421875,0.05,0.25
149,0.9699063356171942,0.4862432611418309,0.9157696828767673,0.48777690588186745,0.24869350175742913,0.47403717148352503,0.6837944664031621,0.3791384964006573,0.3715622037975962,0.09486166007905138,0.4942857142857143,0.3637243988891463,0.36066883800297145,0.07714285714285714,0.09486166007905138,0.08571428571428572,0.27714285714285714,12.762857142857143,0.09090909090909091,0.005714285714285714,0.03129148807461565,0.11836634914903713,5.762845849802371,0.0,0.0,0.15,0.07905138339920949,0,0.17516842861523965,0.22191033242328842,5.459123631520011,0.7596714280672979,0.0,1.0,0.0,0.2,0.0,0.7963949301495328,0.2,0.08,0.10196078431372549,0.05,0.25
150,0.9726943876509889,0.48595620360853614,0.917129200912756,0.4873929732694184,0.24869350175742913,0.4737594075618424,0.6693227091633466,0.3803544191299957,0.3703323830343241,0.09561752988047809,0.48,0.3636101131748606,0.36058312371725715,0.07714285714285714,0.09561752988047809,0.08857142857142856,0.28285714285714286,12.834285714285715,0.08764940239043825,0.005714285714285714,0.03130902370635216,0.11836634914903713,5.713147410358566,0.0,0.0,0.15,0.0796812749003984,0,0.1752637293293063,0.220800780761172,5.43851258746104,0.7892726594268133,0.0,0.967741935483871,0.0,0.2,0.0,0.800436102222393,0.2,0.08,0.10276679841897234,0.05,0.25
151,0.9731193253738543,0.48581774409236855,0.9171236740570033,0.4871142330814083,0.24869350175742913,0.47359537595459567,0.696,0.380431755978532,0.37098412353908383,0.096,0.49714285714285716,0.36332439888914625,0.3603688380029714,0.07714285714285714,0.096,0.07428571428571429,0.2857142857142857,12.885714285714286,0.084,0.002857142857142857,0.031401384169867534,0.11836634914903713,5.704,0.0,0.0,0.15,0.08,0,0.17604455353980264,0.22422309435445043,5.4040280499975335,0.895258142777602,0.0,0.8846153846153846,0.0,0.2,0.0,0.7950899176344881,0.2,0.08,0.09561752988047809,0.05,0.25
152,0.9727856765051871,0.4852871218674996,0.9169390576771712,0.4870964342055717,0.24869350175742913,0.47343606590264375,0.7710843373493976,0.38005203005592325,0.3716667601669008,0.0963855421686747,0.5485714285714286,0.3632101131748605,0.3602831237172571,0.07714285714285714,0.09236947791164658,0.07428571428571429,0.2885714285714286,12.96,0.08032128514056225,0.002857142857142857,0.0314831689339915,0.11836634914903713,5.670682730923695,0.0,0.0,0.15,0.08032128514056225,0,0.17596418791496077,0.2276705068105255,5.370233203283297,0.9623600000000003,0.0,0.9615384615384616,0.0,0.2,0.0,0.7912719341075904,0.2,0.08,0.096,0.05,0.25
153,0.9740607835350837,0.4836662999477275,0.9177537374359409,0.48631302889665934,0.24869350175742913,0.4732877117164951,0.7408906882591093,0.3793587040583815,0.3728557257901192,0.09716599190283401,0.5228571428571429,0.363038684603432,0.36015455228868576,0.07714285714285714,0.08906882591093117,0.06857142857142857,0.29428571428571426,13.014285714285714,0.08097165991902834,0.005714285714285714,0.0315765008109979,0.11836634914903714,5.627530364372469,0.0,0.0,0.15,0.08097165991902834,0,0.17639808197538595,0.22653215427647289,5.331399967789058,0.9634297437473786,0.0,0.9166666666666666,0.0,0.2,0.0,0.7838609207800482,0.2,0.08,0.09236947791164658,0.05,0.25
154,0.973504317364263,0.4828531872987384,0.9172297481546988,0.48552971164173603,0.24869350175742913,0.4730941446030282,0.7317073170731707,0.37930339196544655,0.373007286284529,0.0975609756097561,0.5142857142857142,0.3629243988891463,0.36006883800297146,0.07714285714285714,0.08943089430894309,0.08,0.29714285714285715,13.102857142857143,0.08130081300813008,0.002857142857142857,0.03164701092578124,0.11836634914903714,5.626016260162602,0.0,0.0,0.15,0.08130081300813008,0,0.17654323799050903,0.22539949350509053,5.304771968433277,0.944161148872431,0.0,0.9642857142857143,0.0,0.2,0.0,0.7788296273122977,0.2,0.08,0.0931174089068826,0.05,0.25
155,0.9751818870622521,0.482457251521905,0.9181887580414124,0.4853486946600838,0.24869350175742913,0.4729359447279186,0.7622950819672131,0.3780956860380461,0.37465142603950696,0.09836065573770492,0.5314285714285715,0.3629243988891463,0.36006883800297146,0.07714285714285714,0.08196721311475409,0.07142857142857142,0.3028571428571429,13.154285714285715,0.06967213114754098,0.005714285714285714,0.03178994023749089,0.11836634914903714,5.622950819672131,0.0,0.0,0.15,0.08196721311475409,0,0.17608895037198505,0.22427249603756508,5.270105100493184,0.9252779258949823,0.0,1.0,0.0,0.2,0.0,0.765502726240082,0.2,0.08,0.08536585365853659,0.05,0.25
156,0.9740227919426531,0.48269035197209254,0.9173807031580347,0.4855881170159052,0.24869350175742913,0.47283875423390376,0.7745901639344263,0.37776781718558705,0.37440552440016267,0.09836065573770492,0.54,0.3626958274605748,0.35989740943154286,0.07714285714285714,0.0860655737704918,0.07142857142857142,0.3028571428571429,13.197142857142858,0.07377049180327869,0.0,0.03190743439188462,0.11836634914903714,5.622950819672131,0.0,0.0,0.15,0.08196721311475409,0,0.17646550562012514,0.23962495754644186,5.236131569911891,0.9411919999999999,0.0,0.92,0.0,0.2,0.0,0.7556808695166557,0.2,0.08,0.0860655737704918,0.05,0.25
157,0.9749140674774603,0.48290126566741526,0.9174913457577164,0.48569017853147833,0.24869350175742913,0.47276026705402935,0.7283950617283951,0.3782899984402364,0.3736628231230264,0.09876543209876543,0.5057142857142857,0.3626958274605748,0.35989740943154286,0.07714285714285714,0.06584362139917696,0.05714285714285714,0.3057142857142857,13.26,0.06995884773662552,0.002857142857142857,0.03190669046966248,0.11836634914903715,5.613168724279835,0.0,0.0,0.15,0.0823045267489712,0,0.1759828923777388,0.23842683275870966,5.18855179565651,0.9223681599999999,0.0,1.0,0.0,0.2,0.0,0.7556808695166557,0.2,0.08,0.06967213114754098,0.05,0.25
158,0.975618157997835,0.48388840027550173,0.9179801857475763,0.48660029131438154,0.24869350175742913,0.4728539155507459,0.7160493827160493,0.3782899984402364,0.3736628231230264,0.09876543209876543,0.49714285714285716,0.3626958274605748,0.35989740943154286,0.07714285714285714,0.0823045267489712,0.06857142857142857,0.3057142857142857,13.325714285714286,0.06995884773662552,0.0,0.03205744698869818,0.11836634914903715,5.613168724279835,0.0,0.0,0.15,0.07818930041152264,0,0.17555983505870723,0.2372346985949161,5.153352188314809,0.9039207967999998,0.0,1.0,0.0,0.2,0.0,0.7433101277120899,0.2,0.08,0.0823045267489712,0.05,0.25
159,0.9738129957294809,0.48424880408137216,0.9167268873726908,0.48683831090430185,0.24869350175742913,0.4729077878650688,0.7037037037037037,0.3782899984402364,0.3736628231230264,0.09876543209876543,0.48857142857142855,0.3626958274605748,0.35989740943154286,0.07714285714285714,0.07407407407407407,0.06857142857142857,0.3057142857142857,13.38,0.06995884773662552,0.0,0.03205744698869818,0.11836634914903715,5.613168724279835,0.0,0.0,0.15,0.07818930041152264,0,0.17513875088341369,0.23604852510194152,5.11885657311994,0.8858423808639998,0.0,1.0,0.0,0.2,0.0,0.7433101277120899,0.2,0.08,0.07407407407407407,0.05,0.25
160,0.9739081185507784,0.48489068719978634,0.9167929297886199,0.4867795119234216,0.24869350175742913,0.4729958914074481,0.6502057613168725,0.3782899984402364,0.3736628231230264,0.09876543209876543,0.4514285714285714,0.3626958274605748,0.35989740943154286,0.07714285714285714,0.06584362139917696,0.04857142857142857,0.3057142857142857,13.434285714285714,0.07407407407407407,0.0,0.03205744698869818,0.11836634914903715,5.613168724279835,0.0,0.0,0.15,0.07818930041152264,0,0.17463434284328233,0.23486828247643182,5.065050870228971,0.8681255332467198,0.0,1.0,0.0,0.2,0.0,0.7433101277120899,0.2,0.08,0.06584362139917696,0.05,0.25
161,0.971144835798949,0.48397092269190745,0.9147064349548665,0.486618385163076,0.24869350175742913,0.47318018022007935,0.6900826446280992,0.37763789525053415,0.3749881848882688,0.09917355371900827,0.47714285714285715,0.3626958274605748,0.35989740943154286,0.07714285714285714,0.0743801652892562,0.06285714285714286,0.30857142857142855,13.494285714285715,0.07024793388429752,0.002857142857142857,0.03206128361491803,0.11836634914903715,5.603305785123967,0.0,0.0,0.15,0.07851239669421488,0,0.17418945684335166,0.23369394106404964,5.026606995681534,0.8507630225817854,0.0,1.0,0.0,0.2,0.0,0.7433101277120899,0.2,0.08,0.07818930041152264,0.05,0.25
162,0.9718301543028331,0.48349036727063505,0.9151802837489806,0.48660292363268304,0.24869350175742913,0.4734527531119677,0.7066115702479339,0.37763789525053415,0.3749881848882688,0.09917355371900827,0.48857142857142855,0.3626958274605748,0.35989740943154286,0.07714285714285714,0.07851239669421488,0.06,0.30857142857142855,13.557142857142857,0.07851239669421488,0.0,0.03207130402738836,0.11836634914903715,5.603305785123967,0.0,0.0,0.15,0.07851239669421488,0,0.17371836670199203,0.2325254713587294,4.986074855767903,0.8337477621301497,0.0,1.0,0.0,0.2,0.0,0.7433101277120899,0.2,0.08,0.07851239669421488,0.05,0.25
163,0.9731917870123739,0.4827137633047875,0.9158566087105843,0.48604945442420655,0.24869350175742913,0.473648774160803,0.7261410788381742,0.3786079500685161,0.3732727763908881,0.0995850622406639,0.5,0.3626958274605748,0.35989740943154286,0.07714285714285714,0.06224066390041494,0.045714285714285714,0.31142857142857144,13.614285714285714,0.07883817427385892,0.002857142857142857,0.032120812801072054,0.11836634914903714,5.2946058091286305,0.0,0.0,0.15,0.07883817427385892,0,0.17322020629348206,0.23136284400193574,4.932067644366831,0.8170728068875467,0.0,1.0,0.0,0.2,0.0,0.7433101277120899,0.2,0.08,0.06198347107438017,0.05,0.25
164,0.973191568225009,0.4822621149122438,0.9158564580598562,0.4859443215864175,0.24869350175742913,0.4738272906005369,0.7385892116182573,0.3786079500685161,0.3732727763908881,0.0995850622406639,0.5085714285714286,0.3626958274605748,0.35989740943154286,0.07714285714285714,0.06639004149377593,0.05714285714285714,0.31142857142857144,13.677142857142858,0.07883817427385892,0.0,0.03226628834436082,0.11836634914903714,5.2946058091286305,0.0,0.0,0.15,0.07883817427385892,0,0.1728676766905861,0.23020602978192606,4.89056914862235,0.8007313507497957,0.0,1.0,0.0,0.2,0.0,0.7433101277120899,0.2,0.08,0.06639004149377593,0.05,0.25
165,0.9755588326681249,0.4830831233918061,0.915760578918083,0.4866289892484688,0.24869350175742913,0.47406209132059024,0.7154811715481172,0.37822496732775823,0.37233532206300246,0.100418410041841,0.48857142857142855,0.3626958274605748,0.35989740943154286,0.07714285714285714,0.06694560669456066,0.06,0.3171428571428571,13.72,0.07112970711297072,0.005714285714285714,0.03244205898682516,0.11836634914903713,5.046025104602511,0.0,0.0,0.15,0.0794979079497908,0,0.1723746240214189,0.22905499963301643,4.852757765649903,0.7847167237347998,0.0,1.0,0.0,0.2,0.0,0.7433101277120899,0.2,0.08,0.07468879668049792,0.05,0.25
166,0.9726398282603921,0.4815551470218352,0.9137673159082312,0.48491400552076314,0.24869350175742913,0.47416032433982525,0.6820083682008368,0.37822496732775823,0.37233532206300246,0.100418410041841,0.4657142857142857,0.3626958274605748,0.35989740943154286,0.07714285714285714,0.07531380753138076,0.06571428571428571,0.3171428571428571,13.765714285714285,0.07112970711297072,0.0,0.032476489009724434,0.11836634914903713,5.046025104602511,0.0,0.0,0.15,0.0794979079497908,0,0.17202589661202605,0.22790972463485135,4.821416896051191,0.7690223892601038,0.0,1.0,0.0,0.2,0.0,0.7433101277120899,0.2,0.08,0.07531380753138076,0.05,0.25
167,0.9730036842218782,0.48289275723326025,0.9137195342212568,0.4856788544644114,0.24869350175742913,0.47427264807536046,0.7647058823529411,0.37875646987205536,0.3733574975698232,0.10084033613445378,0.52,0.36263868460343196,0.3598545522886857,0.07714285714285714,0.07983193277310924,0.06571428571428571,0.32,13.814285714285715,0.06722689075630252,0.002857142857142857,0.03247669764051426,0.11836634914903714,5.025210084033613,0.0,0.0,0.15,0.07983193277310924,0,0.1719941957003945,0.22864324175515743,4.790702843844453,0.7564974094277849,0.0,0.9565217391304348,0.0,0.2,0.0,0.7433101277120899,0.2,0.08,0.0794979079497908,0.05,0.25
168,0.9709623596670621,0.4824454292210343,0.912331433523982,0.4854662266390676,0.24869350175742913,0.4744944381952822,0.7436974789915967,0.37875646987205536,0.3733574975698232,0.10084033613445378,0.5057142857142857,0.36263868460343196,0.3598545522886857,0.07714285714285714,0.046218487394957986,0.04285714285714286,0.32,13.868571428571428,0.06722689075630252,0.0,0.03249296477386636,0.11836634914903714,5.025210084033613,0.0,0.0,0.15,0.07983193277310924,0,0.17144836757903542,0.22750002554638163,4.737745929824707,0.7413674612392291,0.0,1.0,0.0,0.2,0.0,0.7433101277120899,0.2,0.08,0.046218487394957986,0.05,0.25
169,0.9724783250308923,0.4813853341209611,0.9133622899713865,0.48517278199730723,0.24869350175742913,0.47465443931011003,0.7226890756302521,0.37875646987205536,0.3733574975698232,0.10084033613445378,0.49142857142857144,0.36263868460343196,0.3598545522886857,0.07714285714285714,0.08403361344537816,0.06857142857142857,0.32,13.905714285714286,0.06722689075630252,0.0,0.03258329045602824,0.11836634914903714,5.025210084033613,0.0,0.0,0.15,0.07983193277310924,0,0.1711048400268545,0.22636252541864973,4.711562439799641,0.7265401120144446,0.0,1.0,0.0,0.2,0.0,0.7354884383041257,0.2,0.08,0.08403361344537816,0.05,0.25
170,0.9712410495319409,0.4804823583790021,0.9125209426320995,0.48380761747924333,0.24869350175742913,0.4748071528341958,0.7184873949579832,0.37858840264516463,0.3732314471496551,0.10084033613445378,0.48857142857142855,0.3625243988891463,0.3597688380029715,0.07714285714285714,0.06302521008403361,0.054285714285714284,0.32,13.954285714285714,0.07142857142857142,0.0,0.03258329045602824,0.11836634914903714,5.025210084033613,0.0,0.0,0.15,0.07983193277310924,0,0.17099217296957736,0.2252307127915565,4.671616905289363,0.737941676051656,0.0,0.9473684210526315,0.0,0.2,0.0,0.7354884383041257,0.2,0.08,0.06302521008403361,0.05,0.25
171,0.975865172069085,0.48008679370437357,0.9132509686798082,0.4834539652064958,0.24869350175742913,0.4749023064193055,0.7426160337552743,0.3800326675085477,0.37201274060242057,0.10126582278481013,0.5028571428571429,0.3625243988891463,0.3597688380029715,0.07714285714285714,0.05063291139240506,0.04285714285714286,0.32285714285714284,14.002857142857144,0.07172995780590717,0.002857142857142857,0.0325975666093099,0.11836634914903715,5.0042194092827,0.0,0.0,0.15,0.08016877637130802,0,0.17045121210472947,0.22410455922759867,4.621041710040718,0.7231828425306228,0.0,1.0,0.0,0.2,0.0,0.7354884383041257,0.2,0.08,0.05042016806722689,0.05,0.25
172,0.9772380179128505,0.4803760695858365,0.913824830443887,0.4830469789618986,0.24869350175742913,0.4747296899930547,0.7330508474576272,0.37884242882846675,0.372229438634168,0.1016949152542373,0.4942857142857143,0.3625243988891463,0.3597688380029715,0.07714285714285714,0.06779661016949153,0.05714285714285714,0.32571428571428573,14.037142857142857,0.06779661016949153,0.002857142857142857,0.03265136904537607,0.11836634914903714,4.889830508474576,0.0,0.0,0.15,0.08050847457627118,0,0.1700838139013487,0.22298403643146067,4.585763732982761,0.7087191856800104,0.0,1.0,0.0,0.2,0.0,0.7354884383041257,0.2,0.08,0.06751054852320675,0.05,0.25
173,0.9771523005960058,0.4790730912989836,0.9137670324816715,0.48221943622681507,0.24869350175742913,0.47459878037486153,0.7838983050847458,0.3787576830657549,0.37216587931213413,0.1016949152542373,0.5285714285714286,0.3624672560320034,0.3597259808601143,0.07714285714285714,0.059322033898305086,0.06,0.32571428571428573,14.071428571428571,0.0635593220338983,0.0,0.032709292956778914,0.11836634914903714,4.889830508474576,0.0,0.0,0.15,0.08050847457627118,0,0.17006182340327053,0.22186911624930336,4.554048458323106,0.7210697684949418,0.0,0.9523809523809523,0.0,0.2,0.0,0.7354884383041257,0.2,0.08,0.059322033898305086,0.05,0.25
174,0.9757391026048011,0.47809006972787904,0.9125675596925041,0.48052933953999666,0.24869350175742913,0.47447144728620644,0.7787234042553192,0.37963763956036034,0.3717109148202997,0.10212765957446808,0.5228571428571429,0.3624672560320034,0.3597259808601143,0.07714285714285714,0.06808510638297872,0.05714285714285714,0.32857142857142857,14.108571428571429,0.06382978723404255,0.002857142857142857,0.03272258852918934,0.11836634914903714,4.868085106382979,0.0,0.0,0.15,0.08085106382978724,0,0.16955437142911134,0.22075977066805685,4.520110346299501,0.7066483731250429,0.0,1.0,0.0,0.2,0.0,0.7354884383041257,0.2,0.08,0.06779661016949153,0.05,0.25
175,0.9761053644269672,0.47731415823674356,0.9128134783445301,0.4798885490662764,0.24869350175742913,0.4742718398651131,0.7914893617021277,0.37963763956036034,0.3717109148202997,0.10212765957446808,0.5314285714285715,0.3624672560320034,0.3597259808601143,0.07714285714285714,0.07234042553191489,0.06285714285714286,0.32857142857142857,14.145714285714286,0.06382978723404255,0.0,0.032726636105004925,0.11836634914903714,4.868085106382979,0.0,0.0,0.15,0.08085106382978724,0,0.16910645671482288,0.21965597181471658,4.492565282230654,0.692515405662542,0.0,1.0,0.0,0.2,0.0,0.7354884383041257,0.2,0.08,0.07234042553191489,0.05,0.25
176,0.9757605420002206,0.47751306634313173,0.9125819547151429,0.47941902873234443,0.24869350175742913,0.47406264832845796,0.7276595744680852,0.37963763956036034,0.3717109148202997,0.10212765957446808,0.48857142857142855,0.3624672560320034,0.3597259808601143,0.07714285714285714,0.06382978723404255,0.05714285714285714,0.32857142857142857,14.182857142857143,0.06382978723404255,0.0,0.032726636105004925,0.11836634914903714,4.868085106382979,0.0,0.0,0.15,0.08085106382978724,0,0.16860378157410594,0.21855769195564298,4.459856833728897,0.6786650975492912,0.0,1.0,0.0,0.2,0.0,0.7354884383041257,0.2,0.08,0.06382978723404255,0.05,0.25
177,0.9760569920690855,0.4781168870066749,0.9127809997613808,0.4798041377708978,0.24869350175742913,0.4739127919267835,0.7531914893617021,0.37963763956036034,0.3717109148202997,0.10212765957446808,0.5057142857142857,0.3624672560320034,0.3597259808601143,0.07714285714285714,0.06808510638297872,0.05714285714285714,0.32857142857142857,14.222857142857142,0.06382978723404255,0.0,0.032726636105004925,0.11836634914903714,4.868085106382979,0.0,0.0,0.15,0.08085106382978724,0,0.16813204838052112,0.21746490349586475,4.427802554197177,0.6650917955983053,0.0,1.0,0.0,0.2,0.0,0.7354884383041257,0.2,0.08,0.06808510638297872,0.05,0.25
178,0.9765607468180671,0.47860684471513715,0.912835298301567,0.4798951000060871,0.24869350175742913,0.47366854258183805,0.7725321888412017,0.3799146123605332,0.373314456891705,0.10300429184549356,0.5142857142857142,0.3624672560320034,0.3597259808601143,0.07714285714285714,0.04721030042918455,0.04857142857142857,0.3342857142857143,14.262857142857143,0.055793991416309016,0.005714285714285714,0.03276063041349285,0.11836634914903715,4.789699570815451,0.0,0.0,0.15,0.0815450643776824,0,0.16760567385290417,0.21637757897838542,4.387817931684661,0.6517899596863392,0.0,1.0,0.0,0.2,0.0,0.7354884383041257,0.2,0.08,0.05531914893617021,0.05,0.25
179,0.9759174363248704,0.47859524430646616,0.9123110533224646,0.47979651302234355,0.24869350175742913,0.4733098814537633,0.7887931034482759,0.38054907922009873,0.3727133587897183,0.10344827586206896,0.5228571428571429,0.3624672560320034,0.3597259808601143,0.07714285714285714,0.05172413793103448,0.045714285714285714,0.33714285714285713,14.294285714285714,0.05172413793103448,0.002857142857142857,0.03289052410752547,0.11836634914903715,4.629310344827586,0.0,0.0,0.15,0.08189655172413793,0,0.16711035976935398,0.2152956910834935,4.345775858765254,0.6387541604926124,0.0,1.0,0.0,0.2,0.0,0.7354884383041257,0.2,0.08,0.05150214592274678,0.05,0.25
180,0.9765951414221048,0.4787102267631981,0.9127602749869173,0.4791547238576324,0.24869350175742913,0.47301784655095813,0.7974137931034483,0.38054907922009873,0.3727133587897183,0.10344827586206896,0.5285714285714286,0.3624672560320034,0.3597259808601143,0.07714285714285714,0.05603448275862069,0.04,0.33714285714285713,14.337142857142856,0.05172413793103448,0.0,0.03293627154709279,0.11836634914903715,4.629310344827586,0.0,0.0,0.15,0.08189655172413793,0,0.16650337939907864,0.21421921262807603,4.298860341589948,0.6259790772827601,0.0,1.0,0.0,0.2,0.0,0.7354884383041257,0.2,0.08,0.05603448275862069,0.05,0.25
181,0.976971036826623,0.4783174157059476,0.912885589127591,0.47927013601365365,0.24869350175742913,0.4726249439271316,0.808695652173913,0.38169032890177873,0.3739904924781529,0.10434782608695652,0.5314285714285715,0.3624672560320034,0.3597259808601143,0.07714285714285714,0.043478260869565216,0.04857142857142857,0.34285714285714286,14.368571428571428,0.043478260869565216,0.005714285714285714,0.032941151393778366,0.11836634914903714,4.6,0.0,0.0,0.15,0.08260869565217391,0,0.16621186962710108,0.21314811656493562,4.261454563329578,0.6134594957371049,0.0,1.0,0.0,0.2,0.0,0.7354884383041257,0.2,0.08,0.05172413793103448,0.05,0.25
182,0.9762354344714198,0.47777640543818417,0.9122963827405871,0.4788795254477512,0.24869350175742913,0.47225786940214964,0.7991266375545851,0.3813698287830666,0.37545461248167716,0.10480349344978165,0.5228571428571429,0.3624672560320034,0.3597259808601143,0.07714285714285714,0.03056768558951965,0.03142857142857143,0.3457142857142857,14.397142857142857,0.039301310043668124,0.002857142857142857,0.03304341757417375,0.11836634914903713,4.5152838427947595,0.0,0.0,0.15,0.07860262008733625,0,0.165609381707537,0.21208237598211097,4.207654043491559,0.6011903058223628,0.0,1.0,0.0,0.2,0.0,0.7354884383041257,0.2,0.08,0.034782608695652174,0.05,0.25
183,0.975762567672806,0.47806722961759235,0.9119869927494941,0.47926140904140596,0.24869350175742913,0.47200516531099246,0.7248908296943232,0.3812824925385251,0.37538911029827104,0.10480349344978165,0.4742857142857143,0.36241011317486055,0.3596831237172572,0.07714285714285714,0.039301310043668124,0.03428571428571429,0.3457142857142857,14.422857142857143,0.039301310043668124,0.0,0.03305468299953672,0.11836634914903713,4.5152838427947595,0.0,0.0,0.15,0.07860262008733625,0,0.1655237633704279,0.21507522095015402,4.15778667690744,0.680195434105217,0.0,0.9166666666666666,0.0,0.2,0.0,0.7354884383041257,0.2,0.08,0.039301310043668124,0.05,0.25
184,0.9760501323184091,0.4781317456238639,0.9121751421890457,0.47936192231936225,0.24869350175742913,0.47174417663039436,0.7117903930131004,0.3812824925385251,0.37538911029827104,0.10480349344978165,0.4657142857142857,0.36241011317486055,0.3596831237172572,0.07714285714285714,0.043668122270742356,0.03428571428571429,0.3457142857142857,14.448571428571428,0.039301310043668124,0.0,0.03305468299953672,0.11836634914903713,4.5152838427947595,0.0,0.0,0.15,0.07860262008733625,0,0.16495300169643287,0.21399984484540324,4.108916657655006,0.6665915254231126,0.0,1.0,0.0,0.2,0.0,0.7354884383041257,0.2,0.08,0.043668122270742356,0.05,0.25
185,0.9757713173853433,0.4781789925821891,0.9119927175614113,0.47925410393608087,0.24869350175742913,0.4713876752055132,0.777292576419214,0.3812824925385251,0.37538911029827104,0.10480349344978165,0.5085714285714286,0.36241011317486055,0.3596831237172572,0.07714285714285714,0.039301310043668124,0.03142857142857143,0.3457142857142857,14.482857142857142,0.039301310043668124,0.0,0.03305468299953672,0.11836634914903713,4.5152838427947595,0.0,0.0,0.15,0.07860262008733625,0,0.16444209383080788,0.21292984562117623,4.058166895930477,0.6532596949146503,0.0,1.0,0.0,0.2,0.0,0.7354884383041257,0.2,0.08,0.039301310043668124,0.05,0.25
186,0.9759915068341549,0.47825407331332853,0.9121367843722051,0.4791769940541728,0.24869350175742913,0.4711514982115685,0.834061135371179,0.3812824925385251,0.37538911029827104,0.10480349344978165,0.5457142857142857,0.36241011317486055,0.3596831237172572,0.07714285714285714,0.043668122270742356,0.03428571428571429,0.3457142857142857,14.508571428571429,0.039301310043668124,0.0,0.03305468299953672,0.11836634914903713,4.5152838427947595,0.0,0.0,0.15,0.07860262008733625,0,0.16390531193308241,0.21186519639307033,4.0112892722975815,0.6401945010163573,0.0,1.0,0.0,0.2,0.0,0.7354884383041257,0.2,0.08,0.043668122270742356,0.05,0.25
187,0.9768899660335189,0.4771874696986209,0.9127246333912177,0.47795982204562115,0.24869350175742913,0.47085650446638483,0.8253275109170306,0.3812824925385251,0.37538911029827104,0.10480349344978165,0.54,0.36241011317486055,0.3596831237172572,0.07714285714285714,0.039301310043668124,0.03142857142857143,0.3457142857142857,14.537142857142857,0.039301310043668124,0.0,0.03305468299953672,0.11836634914903713,4.5152838427947595,0.0,0.0,0.15,0.07860262008733625,0,0.16337121394484558,0.210805870411105,3.9624920582802017,0.6273906109960302,0.0,1.0,0.0,0.2,0.0,0.7354884383041257,0.2,0.08,0.039301310043668124,0.05,0.25
188,0.9781977685851256,0.4764374126111355,0.9135803099178403,0.4775225636839757,0.24869350175742913,0.4706023648273272,0.7860262008733624,0.38119515629398354,0.375323608114865,0.10480349344978165,0.5142857142857142,0.3623529703177177,0.3596402665744,0.07714285714285714,0.043668122270742356,0.04285714285714286,0.3457142857142857,14.56857142857143,0.039301310043668124,0.0,0.03305468299953672,0.11836634914903713,4.5152838427947595,0.0,0.0,0.15,0.07860262008733625,0,0.16329692930369277,0.20975184105904945,3.92609935997174,0.6545214748195213,0.0,0.9333333333333333,0.0,0.2,0.0,0.7354884383041257,0.2,0.08,0.043668122270742356,0.05,0.25
189,0.9785490987744088,0.47618319590680025,0.9138101802416856,0.47748298960305047,0.24869350175742913,0.4701711321640217,0.8209606986899564,0.38119515629398354,0.375323608114865,0.10480349344978165,0.5371428571428571,0.3623529703177177,0.3596402665744,0.07714285714285714,0.043668122270742356,0.037142857142857144,0.3457142857142857,14.6,0.039301310043668124,0.0,0.03305468299953672,0.11836634914903713,4.5152838427947595,0.0,0.0,0.15,0.07860262008733625,0,0.16276601608574576,0.20870308185375422,3.884720229915162,0.6414310453231308,0.0,1.0,0.0,0.2,0.0,0.7354884383041257,0.2,0.08,0.043668122270742356,0.05,0.25
190,0.9793083758550065,0.4756299200566419,0.9137462683346275,0.47713240579020944,0.24869350175742913,0.46992859909503626,0.8114035087719298,0.3818400240637025,0.37396734982983315,0.10526315789473684,0.5285714285714286,0.3623529703177177,0.3596402665744,0.07714285714285714,0.043859649122807015,0.037142857142857144,0.3485714285714286,14.628571428571428,0.03508771929824561,0.002857142857142857,0.0330766551194628,0.11836634914903714,4.5,0.0,0.0,0.15,0.07894736842105263,0,0.16220918600531703,0.20765956644448544,3.8441686824597165,0.6286024244166681,0.0,1.0,0.0,0.2,0.0,0.7354884383041257,0.2,0.08,0.043668122270742356,0.05,0.25
191,0.9787599937344686,0.4757493391460778,0.9133890365532485,0.47694475926312424,0.24869350175742913,0.46982707014483394,0.8070175438596491,0.3818400240637025,0.37396734982983315,0.10526315789473684,0.5257142857142857,0.3623529703177177,0.3596402665744,0.07714285714285714,0.03508771929824561,0.03428571428571429,0.3485714285714286,14.642857142857142,0.03508771929824561,0.0,0.0330766551194628,0.11836634914903714,4.5,0.0,0.0,0.15,0.07894736842105263,0,0.16165514007529042,0.20662126861226301,3.801571023096237,0.6160303759283348,0.0,1.0,0.0,0.2,0.0,0.7354884383041257,0.2,0.08,0.03508771929824561,0.05,0.25
192,0.9783267975345148,0.47578466165327815,0.9131068401715642,0.4768990200798925,0.24869350175742913,0.46961305756760147,0.7982456140350878,0.3818400240637025,0.37396734982983315,0.10526315789473684,0.52,0.3623529703177177,0.3596402665744,0.07714285714285714,0.043859649122807015,0.037142857142857144,0.3485714285714286,14.682857142857143,0.039473684210526314,0.0,0.0330766551194628,0.11836634914903714,4.5,0.0,0.0,0.15,0.07894736842105263,0,0.16118915080348536,0.2055881622692017,3.7626824597771686,0.603709768409768,0.0,1.0,0.0,0.2,0.0,0.7354884383041257,0.2,0.08,0.043859649122807015,0.05,0.25
193,0.9812071779089726,0.47617332985018807,0.9130961709274915,0.47730958059607675,0.24869350175742913,0.4695810784075402,0.7733333333333333,0.3820104024337281,0.3724387151169789,0.10666666666666667,0.49714285714285716,0.36212439888914627,0.3594688380029714,0.07714285714285714,0.04888888888888889,0.04285714285714286,0.35714285714285715,14.705714285714286,0.02666666666666667,0.008571428571428572,0.03308965649284884,0.11836634914903714,4.435555555555555,0.0,0.0,0.15,0.08,0,0.16152591933518226,0.22203872831024962,3.7302859534387687,0.6289303636996995,0.0,0.8666666666666667,0.0,0.2,0.0,0.7354884383041257,0.2,0.08,0.05701754385964912,0.05,0.25
194,0.9805695695941902,0.47539788475057954,0.9126862798679883,0.4771216237192742,0.24869350175742913,0.46972368764185457,0.8311111111111111,0.3820104024337281,0.3724387151169789,0.10666666666666667,0.5342857142857143,0.36212439888914627,0.3594688380029714,0.07714285714285714,0.03111111111111111,0.02857142857142857,0.35714285714285715,14.731428571428571,0.02666666666666667,0.0,0.033135817461453165,0.11836634914903714,4.435555555555555,0.0,0.0,0.15,0.08,0,0.1609467183099349,0.22092853466869836,3.6842516629414215,0.6163517564257055,0.0,1.0,0.0,0.2,0.0,0.7354884383041257,0.2,0.08,0.03111111111111111,0.05,0.25
195,0.9806066426730449,0.4752514967407074,0.9127101125615379,0.47720527378651567,0.24869350175742913,0.46974565947964486,0.7822222222222223,0.3820104024337281,0.3724387151169789,0.10666666666666667,0.5028571428571429,0.36212439888914627,0.3594688380029714,0.07714285714285714,0.03111111111111111,0.02857142857142857,0.35714285714285715,14.751428571428571,0.02666666666666667,0.0,0.033135817461453165,0.11836634914903714,4.435555555555555,0.0,0.0,0.15,0.08,0,0.16042741328981383,0.21982389199535488,3.6391380582540216,0.6040247212971913,0.0,1.0,0.0,0.2,0.0,0.7354884383041257,0.2,0.08,0.03111111111111111,0.05,0.25
196,0.9805674410035294,0.4761191912358083,0.912684911488278,0.47801427467891683,0.24869350175742913,0.4698185423387558,0.7644444444444445,0.38192151354483916,0.37237204845031213,0.10666666666666667,0.49142857142857144,0.3620672560320034,0.35942598086011435,0.07714285714285714,0.04888888888888889,0.037142857142857144,0.35714285714285715,14.777142857142858,0.02666666666666667,0.0,0.033135817461453165,0.11836634914903714,4.435555555555555,0.0,0.0,0.15,0.08,0,0.16028227622336474,0.22358558101990925,3.603498154231798,0.6000297450715582,0.0,0.9230769230769231,0.0,0.2,0.0,0.7354884383041257,0.2,0.08,0.04888888888888889,0.05,0.25
197,0.9796411726709313,0.4761453786697223,0.9120894532744649,0.47816312962531665,0.24869350175742913,0.4699751755197387,0.7555555555555555,0.3818326246559502,0.37230538178364553,0.10666666666666667,0.4857142857142857,0.36201011317486054,0.35938312371725717,0.07714285714285714,0.03111111111111111,0.02857142857142857,0.35714285714285715,14.797142857142857,0.02666666666666667,0.0,0.033135817461453165,0.11836634914903714,4.435555555555555,0.0,0.0,0.15,0.08,0,0.16019486484224793,0.2224676531148097,3.5599996197185906,0.6159234259259867,0.0,0.9,0.0,0.2,0.0,0.7354884383041257,0.2,0.08,0.03111111111111111,0.05,0.25
198,0.9806655549015028,0.47636628181668617,0.9127479847084036,0.4781625153530565,0.24869350175742913,0.47006932079241026,0.72,0.38174373576706133,0.3722387151169788,0.10666666666666667,0.46285714285714286,0.3619529703177177,0.35934026657440005,0.07714285714285714,0.02666666666666667,0.022857142857142857,0.35714285714285715,14.822857142857142,0.02666666666666667,0.0,0.033135817461453165,0.11836634914903714,4.435555555555555,0.0,0.0,0.15,0.08,0,0.1599938905180367,0.22135531484923565,3.511656770181362,0.6086707628403711,0.0,0.875,0.0,0.2,0.0,0.7354884383041257,0.2,0.08,0.02666666666666667,0.05,0.25
199,0.9825590757363795,0.47616726130496057,0.9139652481022529,0.47831663617440395,0.24869350175742913,0.47024401080492956,0.7955555555555556,0.38147706910039464,0.3720387151169789,0.10666666666666667,0.5114285714285715,0.3617815417462891,0.35921169514582857,0.07714285714285714,0.044444444444444446,0.04285714285714286,0.35714285714285715,14.842857142857143,0.02666666666666667,0.0,0.033135817461453165,0.11836634914903714,4.435555555555555,0.0,0.0,0.15,0.08,0,0.16042177892258935,0.2202485382749895,3.484280777634878,0.8015411650306669,0.0,0.8666666666666667,0.0,0.2,0.0,0.7354884383041257,0.2,0.08,0.044444444444444446,0.05,0.25
200,0.9813447439149368,0.47684558321420767,0.9131846062170397,0.4784067251327099,0.24869350175742913,0.47044905176700924,0.8177777777777778,0.38147706910039464,0.3720387151169789,0.10666666666666667,0.5257142857142857,0.3617815417462891,0.35921169514582857,0.07714285714285714,0.03111111111111111,0.02857142857142857,0.35714285714285715,14.868571428571428,0.03111111111111111,0.0,0.033135817461453165,0.11836634914903714,4.435555555555555,0.0,0.0,0.15,0.08,0,0.15984824145654783,0.21914729558361454,3.443166590653608,0.7855103417300535,0.0,1.0,0.0,0.2,0.0,0.7354884383041257,0.2,0.08,0.03111111111111111,0.05,0.25
201,0.9816299451436977,0.4773246141187026,0.9133336203375779,0.47894114719247327,0.24869350175742913,0.4706235918174986,0.8392857142857143,0.38240517922497486,0.371750290839788,0.10714285714285714,0.5371428571428571,0.3617815417462891,0.35921169514582857,0.07714285714285714,0.026785714285714284,0.03142857142857143,0.36,14.882857142857143,0.026785714285714284,0.002857142857142857,0.03313742664206654,0.11836634914903714,4.419642857142857,0.0,0.0,0.15,0.08035714285714286,0,0.1593060002492651,0.21805155910569646,3.4057318302691075,0.7698001348954524,0.0,1.0,0.0,0.2,0.0,0.7354884383041257,0.2,0.08,0.03111111111111111,0.05,0.25
202,0.9809686898392577,0.47738069069885686,0.9129104169427361,0.478361082261408,0.24869350175742913,0.47076971465413564,0.7857142857142857,0.38240517922497486,0.371750290839788,0.10714285714285714,0.5028571428571429,0.3617815417462891,0.35921169514582857,0.07714285714285714,0.04017857142857143,0.037142857142857144,0.36,14.90857142857143,0.026785714285714284,0.0,0.033147886328461815,0.11836634914903714,4.419642857142857,0.0,0.0,0.15,0.08035714285714286,0,0.1587950416765902,0.21696130131016797,3.374760050806582,0.7544041321975433,0.0,1.0,0.0,0.2,0.0,0.7354884383041257,0.2,0.08,0.04017857142857143,0.05,0.25
203,0.9790569926453128,0.47752155066648055,0.9116869307386115,0.47863345646721606,0.24869350175742913,0.47087522710666635,0.7767857142857143,0.38240517922497486,0.371750290839788,0.10714285714285714,0.49714285714285716,0.3617815417462891,0.35921169514582857,0.07714285714285714,0.04017857142857143,0.03428571428571429,0.36,14.934285714285714,0.026785714285714284,0.0,0.033147886328461815,0.11836634914903714,4.419642857142857,0.0,0.0,0.15,0.08035714285714286,0,0.15825820932535012,0.21587649480361715,3.3415505640761647,0.7393160495535924,0.0,1.0,0.0,0.2,0.0,0.7354884383041257,0.2,0.08,0.04017857142857143,0.05,0.25
204,0.9793516000443917,0.4778072604071862,0.911875479474022,0.47881124929617697,0.24869350175742913,0.47114333092284744,0.7767857142857143,0.3822266077964035,0.3716163622683594,0.10714285714285714,0.49714285714285716,0.3616672560320034,0.35912598086011427,0.07714285714285714,0.03571428571428571,0.03428571428571429,0.36,14.951428571428572,0.026785714285714284,0.0,0.033147886328461815,0.11836634914903714,4.419642857142857,0.0,0.0,0.15,0.08035714285714286,0,0.15812406113586622,0.22024626009365617,3.309005267080356,0.7449505384266342,0.0,0.9166666666666666,0.0,0.2,0.0,0.7354884383041257,0.2,0.08,0.03571428571428571,0.05,0.25
205,0.9782950524224646,0.47803458331354337,0.9111992889959886,0.47881013474150336,0.24869350175742913,0.4715598488550305,0.7366071428571429,0.382048036367832,0.37148243369693085,0.10714285714285714,0.4714285714285714,0.3615529703177177,0.35904026657439997,0.07714285714285714,0.04017857142857143,0.037142857142857144,0.36,14.974285714285715,0.03125,0.0,0.033147886328461815,0.11836634914903714,4.419642857142857,0.0,0.0,0.15,0.08035714285714286,0,0.1580190122587583,0.21914502879318787,3.279968018881606,0.853663203523755,0.0,0.9230769230769231,0.0,0.2,0.0,0.7354884383041257,0.2,0.08,0.04017857142857143,0.05,0.25
206,0.9779160454244507,0.4781803652600859,0.9109567245172596,0.4789291996109904,0.24869350175742913,0.4721031412933541,0.8035714285714286,0.382048036367832,0.37148243369693085,0.10714285714285714,0.5142857142857142,0.3615529703177177,0.35904026657439997,0.07714285714285714,0.03571428571428571,0.03142857142857143,0.36,14.997142857142856,0.03125,0.0,0.033147886328461815,0.11836634914903714,4.419642857142857,0.0,0.0,0.15,0.08035714285714286,0,0.15742891719746452,0.21804930364922193,3.245797229932545,0.83658993945328,0.0,1.0,0.0,0.2,0.0,0.7354884383041257,0.2,0.08,0.03571428571428571,0.05,0.25
207,0.9800844778906611,0.4783299865149998,0.9123445212956344,0.47963388300880005,0.24869350175742913,0.4726364854750193,0.7544642857142857,0.382048036367832,0.37148243369693085,0.10714285714285714,0.4828571428571429,0.3615529703177177,0.35904026657439997,0.07714285714285714,0.03571428571428571,0.02857142857142857,0.36,15.02,0.03125,0.0,0.033147886328461815,0.11836634914903714,4.419642857142857,0.0,0.0,0.15,0.08035714285714286,0,0.15692691618290577,0.21695905713097582,3.2094527139053226,0.8198581406642144,0.0,1.0,0.0,0.2,0.0,0.7354884383041257,0.2,0.08,0.03571428571428571,0.05,0.25
208,0.9816645286252706,0.4774451075232503,0.9133557537657844,0.4790541549505625,0.24869350175742913,0.47323537746242506,0.78125,0.382048036367832,0.37148243369693085,0.10714285714285714,0.5,0.3615529703177177,0.35904026657439997,0.07714285714285714,0.03571428571428571,0.02857142857142857,0.36,15.042857142857143,0.03125,0.0,0.033147886328461815,0.11836634914903714,4.419642857142857,0.0,0.0,0.15,0.08035714285714286,0,0.1563707101734198,0.21587426184532094,3.173835088198645,0.8034609778509301,0.0,1.0,0.0,0.2,0.0,0.7354884383041257,0.2,0.08,0.03571428571428571,0.05,0.25
209,0.9812027974928093,0.47760922138724377,0.9130602458410091,0.47980809746596315,0.24869350175742913,0.4737828651659739,0.7723214285714286,0.382048036367832,0.37148243369693085,0.10714285714285714,0.4942857142857143,0.3615529703177177,0.35904026657439997,0.07714285714285714,0.03125,0.03142857142857143,0.36,15.062857142857142,0.03571428571428571,0.0,0.033147886328461815,0.11836634914903714,4.419642857142857,0.0,0.0,0.15,0.08035714285714286,0,0.1558740001939813,0.21479489053609435,3.141786957863243,0.7873917582939115,0.0,1.0,0.0,0.2,0.0,0.7354884383041257,0.2,0.08,0.03125,0.05,0.25
210,0.9816993584837718,0.47695615608843,0.9133780448752252,0.4793966172016346,0.24869350175742913,0.47424904572474136,0.7678571428571429,0.382048036367832,0.37148243369693085,0.10714285714285714,0.49142857142857144,0.3615529703177177,0.35904026657439997,0.07714285714285714,0.026785714285714284,0.02857142857142857,0.36,15.08,0.03571428571428571,0.0,0.033147886328461815,0.11836634914903714,4.419642857142857,0.0,0.0,0.15,0.08035714285714286,0,0.15532305876443994,0.21372091608341387,3.107522647277407,0.7716439231280332,0.0,1.0,0.0,0.2,0.0,0.7354884383041257,0.2,0.08,0.026785714285714284,0.05,0.25
211,0.9826073951735145,0.477660622888184,0.9139591883566605,0.47956981080953326,0.24869350175742913,0.47480665427438146,0.7366071428571429,0.3816908935106892,0.3712145765540737,0.10714285714285714,0.4714285714285714,0.3613243988891463,0.3588688380029714,0.07714285714285714,0.03571428571428571,0.02857142857142857,0.36,15.1,0.03571428571428571,0.0,0.033147886328461815,0.11836634914903714,4.419642857142857,0.0,0.0,0.15,0.08035714285714286,0,0.15568872989918917,0.22869841701742302,3.0739436229032875,0.7791705159301969,0.0,0.8,0.0,0.2,0.0,0.7354884383041257,0.2,0.08,0.03571428571428571,0.05,0.25
212,0.9819454059362379,0.4766840678541665,0.9135355152448035,0.47895292122701627,0.24869350175742913,0.4753789010615864,0.7991071428571429,0.3816908935106892,0.3712145765540737,0.10714285714285714,0.5114285714285715,0.3613243988891463,0.3588688380029714,0.07714285714285714,0.03571428571428571,0.025714285714285714,0.36,15.125714285714286,0.03571428571428571,0.0,0.033147886328461815,0.11836634914903714,4.419642857142857,0.0,0.0,0.15,0.08035714285714286,0,0.15513857196397896,0.22755492493233592,3.0381790361595074,0.763587105611593,0.0,1.0,0.0,0.2,0.0,0.7354884383041257,0.2,0.08,0.03571428571428571,0.05,0.25
213,0.9834649946378761,0.47868348240447595,0.914508052013852,0.48036257907622487,0.24869350175742913,0.4757885362298457,0.8035714285714286,0.3816016077964034,0.3711476122683594,0.10714285714285714,0.5142857142857142,0.36126725603200344,0.3588259808601143,0.07714285714285714,0.044642857142857144,0.037142857142857144,0.36,15.14,0.03571428571428571,0.0,0.033147886328461815,0.11836634914903714,4.419642857142857,0.0,0.0,0.15,0.08035714285714286,0,0.15513387910415904,0.22641715030767423,3.0145583125791737,0.7506147114433804,0.0,0.9230769230769231,0.0,0.2,0.0,0.7354884383041257,0.2,0.08,0.044642857142857144,0.05,0.25
214,0.982103582815933,0.4792673668035005,0.9136367484478084,0.4806060004825069,0.24869350175742913,0.47628496808365045,0.78125,0.3816016077964034,0.3711476122683594,0.10714285714285714,0.5,0.36126725603200344,0.3588259808601143,0.07714285714285714,0.04017857142857143,0.03428571428571429,0.36,15.162857142857144,0.03571428571428571,0.0,0.033147886328461815,0.11836634914903714,4.419642857142857,0.0,0.0,0.15,0.08035714285714286,0,0.1545867811372097,0.22528506455613587,2.9885528606133045,0.7356024172145128,0.0,1.0,0.0,0.2,0.0,0.7354884383041257,0.2,0.08,0.04017857142857143,0.05,0.25
215,0.9807847327380701,0.47982288270729523,0.912792684397976,0.48119206469784787,0.24869350175742913,0.47671622863857716,0.7633928571428571,0.38142303636783204,0.37101368369693083,0.10714285714285714,0.48857142857142855,0.36115297031771776,0.3587402665744,0.07714285714285714,0.022321428571428572,0.025714285714285714,0.36,15.188571428571429,0.03571428571428571,0.0,0.033147886328461815,0.11836634914903714,4.419642857142857,0.0,0.0,0.15,0.08035714285714286,0,0.15441384723152363,0.2241586392333552,2.9544960891153247,0.7237977205924956,0.0,0.8888888888888888,0.0,0.2,0.0,0.7354884383041257,0.2,0.08,0.022321428571428572,0.05,0.25
216,0.9807839994674384,0.48000502292366903,0.9127922151047719,0.48163873771684607,0.24869350175742913,0.4771827708397106,0.7946428571428571,0.38142303636783204,0.37101368369693083,0.10714285714285714,0.5085714285714286,0.36115297031771776,0.3587402665744,0.07714285714285714,0.04017857142857143,0.03428571428571429,0.36,15.214285714285714,0.03571428571428571,0.0,0.033147886328461815,0.11836634914903714,4.419642857142857,0.0,0.0,0.15,0.08035714285714286,0,0.154012492995366,0.2230378460371884,2.9296918816187327,0.7093217661806457,0.0,1.0,0.0,0.2,0.0,0.7354884383041257,0.2,0.08,0.04017857142857143,0.05,0.25
217,0.9787220067445362,0.48103031774970473,0.9114725397621143,0.4821058694539873,0.24869350175742913,0.47768673755636776,0.8258928571428571,0.38142303636783204,0.37101368369693083,0.10714285714285714,0.5285714285714286,0.36115297031771776,0.3587402665744,0.07714285714285714,0.026785714285714284,0.02857142857142857,0.36,15.237142857142857,0.03571428571428571,0.0,0.033147886328461815,0.11836634914903714,4.419642857142857,0.0,0.0,0.15,0.08035714285714286,0,0.1534424305303892,0.22192265680700246,2.899669472557786,0.6951353308570327,0.0,1.0,0.0,0.2,0.0,0.7354884383041257,0.2,0.08,0.026785714285714284,0.05,0.25
218,0.9792211261329102,0.480631766385813,0.9116367868120145,0.48203299931757193,0.24869350175742913,0.4783925876819164,0.7892376681614349,0.3801789426475526,0.37146964294536683,0.10762331838565023,0.5028571428571429,0.36115297031771776,0.3587402665744,0.07714285714285714,0.026905829596412557,0.025714285714285714,0.3628571428571429,15.257142857142858,0.03139013452914798,0.002857142857142857,0.033168523983755194,0.11836634914903713,4.394618834080718,0.0,0.0,0.15,0.08071748878923767,0,0.1529606469491658,0.22081304352296746,2.8673903688209155,0.6812326242398921,0.0,1.0,0.0,0.2,0.0,0.7354884383041257,0.2,0.08,0.026785714285714284,0.05,0.25
219,0.9798402987636158,0.479384033946522,0.9120312882310071,0.481364194964488,0.24869350175742913,0.4790506482673325,0.8026905829596412,0.3801789426475526,0.37146964294536683,0.10762331838565023,0.5114285714285715,0.36115297031771776,0.3587402665744,0.07714285714285714,0.04035874439461883,0.03428571428571429,0.3628571428571429,15.285714285714286,0.03139013452914798,0.0,0.03317244927817047,0.11836634914903713,4.394618834080718,0.0,0.0,0.15,0.08071748878923767,0,0.15245284371442,0.21970897830535263,2.844328275730212,0.6676079717550942,0.0,1.0,0.0,0.2,0.0,0.7354884383041257,0.2,0.08,0.04035874439461883,0.05,0.25
220,0.9796164970416132,0.47962003770092965,0.9118886945624165,0.4820555373381025,0.24869350175742913,0.47950036334533447,0.7533632286995515,0.3800892565488978,0.3714023783713758,0.10762331838565023,0.48,0.3610958274605749,0.3586974094315428,0.07714285714285714,0.04035874439461883,0.037142857142857144,0.3628571428571429,15.302857142857142,0.03139013452914798,0.0,0.03317244927817047,0.11836634914903713,4.394618834080718,0.0,0.0,0.15,0.08071748878923767,0,0.1524047223529907,0.21861043341382586,2.824584567358465,0.6552752912315277,0.0,0.9230769230769231,0.0,0.2,0.0,0.7354884383041257,0.2,0.08,0.04035874439461883,0.05,0.25
221,0.9811807343085612,0.4799539216955757,0.9128853371639292,0.48247623850801896,0.24869350175742913,0.48019751803998495,0.726457399103139,0.3800892565488978,0.3714023783713758,0.10762331838565023,0.46285714285714286,0.3610958274605749,0.3586974094315428,0.07714285714285714,0.026905829596412557,0.022857142857142857,0.3628571428571429,15.325714285714286,0.03139013452914798,0.0,0.03317244927817047,0.11836634914903713,4.394618834080718,0.0,0.0,0.15,0.08071748878923767,0,0.15178555588408293,0.2175173812467567,2.790950018868438,0.6421697854068972,0.0,1.0,0.0,0.2,0.0,0.7354884383041257,0.2,0.08,0.026905829596412557,0.05,0.25
222,0.9803617202639293,0.4790942408154607,0.9121429441903829,0.4820981853037016,0.24869350175742913,0.4807276130617927,0.7612612612612613,0.37921070589599265,0.3726143887078252,0.10810810810810811,0.4828571428571429,0.3609815417462891,0.35861169514582864,0.07714285714285714,0.03153153153153153,0.025714285714285714,0.3657142857142857,15.342857142857143,0.02702702702702703,0.002857142857142857,0.03316407228695321,0.11836634914903714,4.396396396396397,0.0,0.0,0.15,0.08108108108108109,0,0.15171191381894822,0.23014350483977003,2.7608453042053553,0.6452566984747199,0.0,0.8888888888888888,0.0,0.2,0.0,0.7354884383041257,0.2,0.08,0.03139013452914798,0.05,0.25
223,0.9787151076746482,0.4801667099193539,0.911098521348039,0.48292392543786944,0.24869350175742913,0.48123225398216113,0.7657657657657657,0.37921070589599265,0.3726143887078252,0.10810810810810811,0.4857142857142857,0.3609815417462891,0.35861169514582864,0.07714285714285714,0.02252252252252252,0.022857142857142857,0.3657142857142857,15.365714285714287,0.02702702702702703,0.0,0.033166182869291114,0.11836634914903714,4.396396396396397,0.0,0.0,0.15,0.08108108108108109,0,0.1511816399641392,0.22899278731557118,2.7284855409783906,0.6323515645052254,0.0,1.0,0.0,0.2,0.0,0.7354884383041257,0.2,0.08,0.02252252252252252,0.05,0.25
224,0.9825475661700505,0.4794728692914387,0.9119140500848112,0.4827101069457813,0.24869350175742913,0.48189527272723287,0.7601809954751131,0.37930868972361176,0.37365213331675534,0.1085972850678733,0.48,0.3609815417462891,0.35861169514582864,0.07714285714285714,0.03167420814479638,0.03142857142857143,0.36857142857142855,15.377142857142857,0.02262443438914027,0.002857142857142857,0.03323045690305572,0.11836634914903714,4.32579185520362,0.0,0.0,0.15,0.08144796380090498,0,0.15079602033217562,0.22784782337899334,2.705344401587394,0.6197045332151209,0.0,1.0,0.0,0.2,0.0,0.7354884383041257,0.2,0.08,0.036036036036036036,0.05,0.25
225,0.983468585186027,0.4804299166973377,0.9119111090980702,0.483951393826073,0.24869350175742913,0.48238359231039807,0.8136363636363636,0.38082598765189374,0.37372737339908596,0.10909090909090909,0.5114285714285715,0.3609815417462891,0.35861169514582864,0.07714285714285714,0.02727272727272727,0.022857142857142857,0.37142857142857144,15.4,0.022727272727272728,0.002857142857142857,0.03327968274609347,0.11836634914903714,4.245454545454545,0.0,0.0,0.15,0.08181818181818182,0,0.1502418973733719,0.22670858426209836,2.674094656412789,0.6073104425508185,0.0,1.0,0.0,0.2,0.0,0.7354884383041257,0.2,0.08,0.03167420814479638,0.05,0.25
226,0.9830780279546877,0.4805978029522682,0.9116656159812283,0.4844739254434799,0.24869350175742913,0.48285993750886813,0.8090909090909091,0.38082598765189374,0.37372737339908596,0.10909090909090909,0.5085714285714286,0.3609815417462891,0.35861169514582864,0.07714285714285714,0.01818181818181818,0.017142857142857144,0.37142857142857144,15.414285714285715,0.022727272727272728,0.0,0.033325433871837146,0.11836634914903714,4.245454545454545,0.0,0.0,0.15,0.08181818181818182,0,0.14966197360079075,0.22557504134078787,2.6377556204273906,0.595164233699802,0.0,1.0,0.0,0.2,0.0,0.7354884383041257,0.2,0.08,0.01818181818181818,0.05,0.25
227,0.9826464462551217,0.48113190707993025,0.9113943360557866,0.48475528000033025,0.24869350175742913,0.4832009946426138,0.8136363636363636,0.38082598765189374,0.37372737339908596,0.10909090909090909,0.5114285714285715,0.3609815417462891,0.35861169514582864,0.07714285714285714,0.031818181818181815,0.025714285714285714,0.37142857142857144,15.422857142857143,0.022727272727272728,0.0,0.033325433871837146,0.11836634914903714,4.245454545454545,0.0,0.0,0.15,0.08181818181818182,0,0.14911352087564395,0.22444716613408391,2.610714793733128,0.583260949025806,0.0,1.0,0.0,0.2,0.0,0.7354884383041257,0.2,0.08,0.031818181818181815,0.05,0.25
228,0.9827177716131925,0.48183387520619825,0.9114391691380027,0.4851505290827182,0.24869350175742913,0.4837070739368102,0.7681818181818182,0.38082598765189374,0.37372737339908596,0.10909090909090909,0.4828571428571429,0.3609815417462891,0.35861169514582864,0.07714285714285714,0.022727272727272728,0.022857142857142857,0.37142857142857144,15.437142857142858,0.022727272727272728,0.0,0.033325433871837146,0.11836634914903714,4.245454545454545,0.0,0.0,0.15,0.08181818181818182,0,0.1487095282676943,0.2233249303034135,2.581357640715609,0.5715957300452899,0.0,1.0,0.0,0.2,0.0,0.7354884383041257,0.2,0.08,0.022727272727272728,0.05,0.25
229,0.9835643778174074,0.48134120540337827,0.9119713216092233,0.48502302355855453,0.24869350175742913,0.4841377537435289,0.7909090909090909,0.38055326037916654,0.37352282794454056,0.10909090909090909,0.49714285714285716,0.3608101131748606,0.35848312371725716,0.07714285714285714,0.03636363636363636,0.03142857142857143,0.37142857142857144,15.451428571428572,0.022727272727272728,0.0,0.033325433871837146,0.11836634914903714,4.245454545454545,0.0,0.0,0.15,0.08181818181818182,0,0.14905155205492726,0.22220830565189642,2.561159059329868,0.6383308871041292,0.0,0.8181818181818182,0.0,0.2,0.0,0.7354884383041257,0.2,0.08,0.03636363636363636,0.05,0.25
230,0.9822218835715616,0.4815461063729715,0.9111274680832633,0.4851887953839605,0.24869350175742913,0.48462796757106996,0.8363636363636363,0.38055326037916654,0.37352282794454056,0.10909090909090909,0.5257142857142857,0.3608101131748606,0.35848312371725716,0.07714285714285714,0.022727272727272728,0.022857142857142857,0.37142857142857144,15.468571428571428,0.022727272727272728,0.0,0.033325433871837146,0.11836634914903714,4.245454545454545,0.0,0.0,0.15,0.08181818181818182,0,0.1485347228660812,0.22109726412363692,2.5327930210004133,0.6255642693620467,0.0,1.0,0.0,0.2,0.0,0.7354884383041257,0.2,0.08,0.022727272727272728,0.05,0.25
231,0.9834566298534647,0.48269850684343046,0.9119035943176024,0.48578607560634185,0.24869350175742913,0.48501226242615963,0.8090909090909091,0.38055326037916654,0.37352282794454056,0.10909090909090909,0.5085714285714286,0.3608101131748606,0.35848312371725716,0.07714285714285714,0.013636363636363636,0.014285714285714285,0.37142857142857144,15.485714285714286,0.022727272727272728,0.0,0.033325433871837146,0.11836634914903714,4.245454545454545,0.0,0.0,0.15,0.08181818181818182,0,0.14793490639460793,0.21999177780301873,2.4964228748661195,0.6130529839748057,0.0,1.0,0.0,0.2,0.0,0.7354884383041257,0.2,0.08,0.013636363636363636,0.05,0.25
232,0.9821948625856826,0.48329757344880486,0.9111104834635679,0.48582817057712224,0.24869350175742913,0.48554657552631214,0.7727272727272727,0.3804623512882574,0.37345464612635876,0.10909090909090909,0.4857142857142857,0.3607529703177177,0.35844026657440003,0.07714285714285714,0.031818181818181815,0.02857142857142857,0.37142857142857144,15.502857142857144,0.022727272727272728,0.0,0.033325433871837146,0.11836634914903714,4.245454545454545,0.0,0.0,0.15,0.08181818181818182,0,0.1479659468626349,0.21889181891400364,2.4750658459402253,0.6438001659194278,0.0,0.9,0.0,0.2,0.0,0.7354884383041257,0.2,0.08,0.031818181818181815,0.05,0.25
233,0.9824732829978392,0.4838049107113544,0.9112854905797807,0.4863130436124892,0.24869350175742913,0.4861683411698476,0.8090909090909091,0.3804623512882574,0.37345464612635876,0.10909090909090909,0.5085714285714286,0.3607529703177177,0.35844026657440003,0.07714285714285714,0.02727272727272727,0.025714285714285714,0.37142857142857144,15.51142857142857,0.022727272727272728,0.0,0.033325433871837146,0.11836634914903714,4.245454545454545,0.0,0.0,0.15,0.08181818181818182,0,0.14745468855689312,0.21779735981943363,2.4512788147357067,0.6309241626010392,0.0,1.0,0.0,0.2,0.0,0.7354884383041257,0.2,0.08,0.02727272727272727,0.05,0.25
234,0.9831063578064122,0.483253106773387,0.9117316908657225,0.48557991661672506,0.24869350175742913,0.486799672538339,0.8127853881278538,0.37984258041219027,0.37289133349117576,0.1095890410958904,0.5085714285714286,0.360638684603432,0.3583545522886858,0.07714285714285714,0.0228310502283105,0.017142857142857144,0.3742857142857143,15.522857142857143,0.0182648401826484,0.002857142857142857,0.03333974840145085,0.11836634914903713,4.219178082191781,0.0,0.0,0.15,0.0821917808219178,0,0.14726027225696578,0.21670837302033646,2.4193960955838496,0.6208471214026096,0.0,0.8333333333333334,0.0,0.2,0.0,0.7354884383041257,0.2,0.08,0.022727272727272728,0.05,0.25
235,0.9840959167308566,0.48251070691362735,0.9123508720213035,0.4849392016463,0.24869350175742913,0.48727172556558135,0.8310502283105022,0.37984258041219027,0.37289133349117576,0.1095890410958904,0.52,0.360638684603432,0.3583545522886858,0.07714285714285714,0.0091324200913242,0.017142857142857144,0.3742857142857143,15.54,0.0182648401826484,0.0,0.03335700167263892,0.11836634914903713,4.219178082191781,0.0,0.0,0.15,0.0821917808219178,0,0.14675225660996669,0.21562483115523476,2.3881510308150298,0.6084301789745573,0.0,1.0,0.0,0.2,0.0,0.7354884383041257,0.2,0.08,0.0091324200913242,0.05,0.25
236,0.9839559893630262,0.48172448804696943,0.9122633174682895,0.48407824818351425,0.24869350175742913,0.48785665562209135,0.8310502283105022,0.37984258041219027,0.37289133349117576,0.1095890410958904,0.52,0.360638684603432,0.3583545522886858,0.07714285714285714,0.0182648401826484,0.017142857142857144,0.3742857142857143,15.548571428571428,0.0182648401826484,0.0,0.03335700167263892,0.11836634914903713,4.219178082191781,0.0,0.0,0.15,0.0821917808219178,0,0.14616135246977402,0.2145467069994586,2.357530867341586,0.5962615753950662,0.0,1.0,0.0,0.2,0.0,0.7354884383041257,0.2,0.08,0.0182648401826484,0.05,0.25
237,0.9836579389552469,0.4821852106786032,0.9117268871534329,0.4846954516998505,0.24869350175742913,0.4885135375342525,0.8211009174311926,0.38059693794508787,0.3735845155586175,0.11009174311926606,0.5114285714285715,0.360638684603432,0.3583545522886858,0.07714285714285714,0.013761467889908258,0.014285714285714285,0.37714285714285717,15.56,0.013761467889908258,0.002857142857142857,0.033360434457921494,0.11836634914903714,4.2110091743119265,0.0,0.0,0.15,0.08256880733944955,0,0.14560183142171085,0.21347397346446131,2.3246659642804683,0.5843363438871648,0.0,1.0,0.0,0.2,0.0,0.7354884383041257,0.2,0.08,0.0136986301369863,0.05,0.25
238,0.9834839312743578,0.48113427254490576,0.9116185052264791,0.48402001065825684,0.24869350175742913,0.4890692666610301,0.8165137614678899,0.38059693794508787,0.3735845155586175,0.11009174311926606,0.5085714285714286,0.360638684603432,0.3583545522886858,0.07714285714285714,0.009174311926605505,0.011428571428571429,0.37714285714285717,15.565714285714286,0.013761467889908258,0.0,0.033367385321011286,0.11836634914903714,4.2110091743119265,0.0,0.0,0.15,0.0779816513761468,0,0.14510097224676302,0.21240660359713898,2.289601216423431,0.5726496170094215,0.0,1.0,0.0,0.2,0.0,0.7354884383041257,0.2,0.08,0.009174311926605505,0.05,0.25
239,0.9843001253585643,0.48170780848882455,0.9121268775417848,0.4844080783673575,0.24869350175742913,0.4893951484786326,0.8165137614678899,0.38059693794508787,0.3735845155586175,0.11009174311926606,0.5085714285714286,0.360638684603432,0.3583545522886858,0.07714285714285714,0.01834862385321101,0.02,0.37714285714285717,15.577142857142857,0.013761467889908258,0.0,0.033367385321011286,0.11836634914903714,4.2110091743119265,0.0,0.0,0.15,0.0779816513761468,0,0.14468903952838635,0.2113445705791533,2.2638091920949623,0.5611966246692331,0.0,1.0,0.0,0.2,0.0,0.7354884383041257,0.2,0.08,0.01834862385321101,0.05,0.25
240,0.9836376861174339,0.48155742987730255,0.911714272528738,0.4846636556605334,0.24869350175742913,0.48979928647947585,0.7889908256880734,0.38059693794508787,0.3735845155586175,0.11009174311926606,0.49142857142857144,0.360638684603432,0.3583545522886858,0.07714285714285714,0.013761467889908258,0.017142857142857144,0.37714285714285717,15.582857142857144,0.013761467889908258,0.0,0.033367385321011286,0.11836634914903714,4.2110091743119265,0.0,0.0,0.15,0.0779816513761468,0,0.14413702290217298,0.21028784772625753,2.23567586539592,0.5499726921758485,0.0,1.0,0.0,0.2,0.0,0.7354884383041257,0.2,0.08,0.013761467889908258,0.05,0.25
241,0.9827244138368295,0.48114395526570486,0.91114543436539,0.484664951701395,0.24869350175742913,0.4900837086791263,0.8211009174311926,0.38059693794508787,0.3735845155586175,0.11009174311926606,0.5114285714285715,0.360638684603432,0.3583545522886858,0.07714285714285714,0.009174311926605505,0.011428571428571429,0.37714285714285717,15.597142857142858,0.013761467889908258,0.0,0.033367385321011286,0.11836634914903714,4.2110091743119265,0.0,0.0,0.15,0.0779816513761468,0,0.1435590520733764,0.20923640848762623,2.202390919516573,0.5389732383323316,0.0,1.0,0.0,0.2,0.0,0.7354884383041257,0.2,0.08,0.009174311926605505,0.05,0.25
242,0.981644076691728,0.4813922041406037,0.9104725386578697,0.4850825058109488,0.24869350175742913,0.49043804432574795,0.8394495412844036,0.38059693794508787,0.3735845155586175,0.11009174311926606,0.5228571428571429,0.360638684603432,0.3583545522886858,0.07714285714285714,0.022935779816513763,0.022857142857142857,0.37714285714285717,15.602857142857143,0.013761467889908258,0.0,0.033367385321011286,0.11836634914903714,4.2110091743119265,0.0,0.0,0.15,0.0779816513761468,0,0.14309797109872383,0.20819022644518811,2.181200243983384,0.5281937735656849,0.0,1.0,0.0,0.2,0.0,0.7354884383041257,0.2,0.08,0.022935779816513763,0.05,0.25
243,0.9832435481913869,0.48211971952039556,0.9114687809062286,0.48533877878311543,0.24869350175742913,0.49087403534860313,0.8348623853211009,0.38059693794508787,0.3735845155586175,0.11009174311926606,0.52,0.360638684603432,0.3583545522886858,0.07714285714285714,0.013761467889908258,0.014285714285714285,0.37714285714285717,15.614285714285714,0.013761467889908258,0.0,0.033367385321011286,0.11836634914903714,4.2110091743119265,0.0,0.0,0.15,0.0779816513761468,0,0.1425537669575159,0.20714927531296215,2.151861953389431,0.5176298980943712,0.0,1.0,0.0,0.2,0.0,0.7354884383041257,0.2,0.08,0.013761467889908258,0.05,0.25
244,0.9825995602317654,0.482530641742703,0.9110676684056644,0.48544978812366163,0.24869350175742913,0.4913320713007608,0.8440366972477065,0.38059693794508787,0.3735845155586175,0.11009174311926606,0.5257142857142857,0.360638684603432,0.3583545522886858,0.07714285714285714,0.022935779816513763,0.022857142857142857,0.37714285714285717,15.625714285714286,0.013761467889908258,0.0,0.033367385321011286,0.11836634914903714,4.2110091743119265,0.0,0.0,0.15,0.0779816513761468,0,0.14209785526558547,0.20611352893639734,2.1316818571787852,0.5072773001324838,0.0,1.0,0.0,0.2,0.0,0.7354884383041257,0.2,0.08,0.022935779816513763,0.05,0.25
245,0.9821236754864047,0.4824898336705576,0.9107712601928399,0.4858407340884423,0.24869350175742913,0.4917974739355913,0.8532110091743119,0.38059693794508787,0.3735845155586175,0.11009174311926606,0.5314285714285715,0.360638684603432,0.3583545522886858,0.07714285714285714,0.01834862385321101,0.017142857142857144,0.37714285714285717,15.631428571428572,0.013761467889908258,0.0,0.033367385321011286,0.11836634914903714,4.2110091743119265,0.0,0.0,0.15,0.0779816513761468,0,0.1415587945606861,0.20508296129171535,2.1061910771780665,0.4971317541298341,0.0,1.0,0.0,0.2,0.0,0.7354884383041257,0.2,0.08,0.01834862385321101,0.05,0.25
246,0.9805278122600959,0.4829716699671814,0.9097772653833103,0.48589239514030447,0.24869350175742913,0.49242517944791775,0.8073394495412844,0.38059693794508787,0.3735845155586175,0.11009174311926606,0.5028571428571429,0.360638684603432,0.3583545522886858,0.07714285714285714,0.022935779816513763,0.025714285714285714,0.37714285714285717,15.634285714285713,0.013761467889908258,0.0,0.033367385321011286,0.11836634914903714,4.2110091743119265,0.0,0.0,0.15,0.0779816513761468,0,0.14107942915931124,0.20405754648525679,2.0897815413487906,0.48718911904723744,0.0,1.0,0.0,0.2,0.0,0.7354884383041257,0.2,0.08,0.022935779816513763,0.05,0.25
247,0.9821628371012253,0.48300853213485045,0.9107956522843564,0.4858948889968562,0.24869350175742913,0.4929692242160614,0.7798165137614679,0.38059693794508787,0.3735845155586175,0.11009174311926606,0.4857142857142857,0.360638684603432,0.3583545522886858,0.07714285714285714,0.013761467889908258,0.02,0.37714285714285717,15.645714285714286,0.013761467889908258,0.0,0.033367385321011286,0.11836634914903714,4.2110091743119265,0.0,0.0,0.15,0.0779816513761468,0,0.14057403201351468,0.20303725875283052,2.067985910521815,0.47744533666629274,0.0,1.0,0.0,0.2,0.0,0.7354884383041257,0.2,0.08,0.013761467889908258,0.05,0.25
248,0.9820219026633158,0.48435650509500805,0.91070787026303,0.4865161036989977,0.24869350175742913,0.49344665133341203,0.8256880733944955,0.3805051948258218,0.373515708219168,0.11009174311926606,0.5142857142857142,0.36058154174628915,0.35831169514582856,0.07714285714285714,0.022935779816513763,0.022857142857142857,0.37714285714285717,15.657142857142857,0.013761467889908258,0.0,0.033367385321011286,0.11836634914903714,4.2110091743119265,0.0,0.0,0.15,0.0779816513761468,0,0.14049973328201854,0.206220601084909,2.0494833351685213,0.47550144113925014,0.0,0.875,0.0,0.2,0.0,0.7354884383041257,0.2,0.08,0.022935779816513763,0.05,0.25
249,0.9809879149087941,0.48458695470521546,0.9100638436044994,0.4869385608092614,0.24869350175742913,0.4942015590382991,0.8119266055045872,0.38032170858728964,0.3733780935402689,0.11009174311926606,0.5057142857142857,0.3604672560320034,0.3582259808601143,0.07714285714285714,0.013761467889908258,0.011428571428571429,0.37714285714285717,15.66,0.013761467889908258,0.0,0.033367385321011286,0.11836634914903714,4.2110091743119265,0.0,0.0,0.15,0.0779816513761468,0,0.14031152032989416,0.20518949807948444,2.0199222398937224,0.4852055521829083,0.0,0.75,0.0,0.2,0.0,0.7354884383041257,0.2,0.08,0.013761467889908258,0.05,0.25
250,0.982185677161438,0.4854018510358393,0.9108098783790034,0.48737177073503096,0.24869350175742913,0.4948117035787839,0.8165137614678899,0.3802299654680236,0.3733092862008194,0.11009174311926606,0.5085714285714286,0.3604101131748606,0.3581831237172572,0.07714285714285714,0.022935779816513763,0.022857142857142857,0.37714285714285717,15.67142857142857,0.013761467889908258,0.0,0.033367385321011286,0.11836634914903714,4.2110091743119265,0.0,0.0,0.15,0.0779816513761468,0,0.1403522484425304,0.20416355058908703,2.002380937952991,0.4957859253334246,0.0,0.875,0.0,0.2,0.0,0.7354884383041257,0.2,0.08,0.022935779816513763,0.05,0.25
251,0.9831886106093569,0.48630338810603274,0.9114345626408499,0.488008938182049,0.24869350175742913,0.4954031776652715,0.8211009174311926,0.3802299654680236,0.3733092862008194,0.11009174311926606,0.5114285714285715,0.3604101131748606,0.3581831237172572,0.07714285714285714,0.013761467889908258,0.017142857142857144,0.37714285714285717,15.68,0.013761467889908258,0.0,0.033367385321011286,0.11836634914903714,4.2110091743119265,0.0,0.0,0.15,0.0779816513761468,0,0.13982191577174632,0.20314273283614157,1.979476176336788,0.4858702068267561,0.0,1.0,0.0,0.2,0.0,0.7354884383041257,0.2,0.08,0.013761467889908258,0.05,0.25
252,0.9826020864535867,0.48587155264714327,0.9110692418809702,0.487919269100222,0.24869350175742913,0.49591225670982625,0.8348623853211009,0.3802299654680236,0.3733092862008194,0.11009174311926606,0.52,0.3604101131748606,0.3581831237172572,0.07714285714285714,0.01834862385321101,0.017142857142857144,0.37714285714285717,15.697142857142858,0.013761467889908258,0.0,0.033367385321011286,0.11836634914903714,4.2110091743119265,0.0,0.0,0.15,0.0779816513761468,0,0.13932266333574475,0.20212701917196085,1.9570295099529091,0.476152802690221,0.0,1.0,0.0,0.2,0.0,0.7354884383041257,0.2,0.08,0.01834862385321101,0.05,0.25
253,0.9814906306498777,0.48471733101709696,0.9103769636946599,0.4869776838896351,0.24869350175742913,0.49627185010974056,0.8440366972477065,0.3800464792294915,0.37317167152192027,0.11009174311926606,0.5257142857142857,0.36029582746057487,0.3580974094315429,0.07714285714285714,0.01834862385321101,0.02,0.37714285714285717,15.697142857142858,0.013761467889908258,0.0,0.033367385321011286,0.11836634914903714,4.2110091743119265,0.0,0.0,0.15,0.0779816513761468,0,0.13925447859049458,0.20111638407610105,1.9378889197538514,0.4928622873338599,0.0,0.8571428571428571,0.0,0.2,0.0,0.7354884383041257,0.2,0.08,0.01834862385321101,0.05,0.25
254,0.9829649173907455,0.48463555365767813,0.911295233721829,0.4862532928193785,0.24869350175742913,0.4965722162755143,0.8211009174311926,0.3800464792294915,0.37317167152192027,0.11009174311926606,0.5114285714285715,0.36029582746057487,0.3580974094315429,0.07714285714285714,0.01834862385321101,0.02,0.37714285714285717,15.708571428571428,0.013761467889908258,0.0,0.033367385321011286,0.11836634914903714,4.2110091743119265,0.0,0.0,0.15,0.0779816513761468,0,0.13878663476897068,0.20011080215572055,1.919131141358774,0.48300504158718266,0.0,1.0,0.0,0.2,0.0,0.7354884383041257,0.2,0.08,0.01834862385321101,0.05,0.25
255,0.9829969066496926,0.48586657295079577,0.9113151584602591,0.48717013096557543,0.24869350175742913,0.4967443271275742,0.8027522935779816,0.3800464792294915,0.37317167152192027,0.11009174311926606,0.5,0.36029582746057487,0.3580974094315429,0.07714285714285714,0.013761467889908258,0.011428571428571429,0.37714285714285717,15.714285714285714,0.013761467889908258,0.0,0.033367385321011286,0.11836634914903714,4.2110091743119265,0.0,0.0,0.15,0.0779816513761468,0,0.13820698730941153,0.19911024814494194,1.8921770899601702,0.47334494075543904,0.0,1.0,0.0,0.2,0.0,0.7354884383041257,0.2,0.08,0.013761467889908258,0.05,0.25
256,0.9838407800812249,0.48680860638040024,0.9118407710547562,0.48751299530380104,0.24869350175742913,0.496962939260953,0.7844036697247706,0.3800464792294915,0.37317167152192027,0.11009174311926606,0.48857142857142855,0.36029582746057487,0.3580974094315429,0.07714285714285714,0.01834862385321101,0.017142857142857144,0.37714285714285717,15.72,0.013761467889908258,0.0,0.033367385321011286,0.11836634914903714,4.2110091743119265,0.0,0.0,0.15,0.0779816513761468,0,0.13777266665857876,0.19811469690421724,1.8714764053038238,0.4638780419403302,0.0,1.0,0.0,0.2,0.0,0.7354884383041257,0.2,0.08,0.01834862385321101,0.05,0.25
257,0.9833019332638714,0.4883457235177897,0.9115051464656617,0.48892162623614677,0.24869350175742913,0.49720628774921194,0.8394495412844036,0.37995473611022546,0.37310286418247074,0.11009174311926606,0.5228571428571429,0.36023868460343195,0.35805455228868577,0.07714285714285714,0.027522935779816515,0.025714285714285714,0.37714285714285717,15.731428571428571,0.013761467889908258,0.0,0.033367385321011286,0.11836634914903714,4.2110091743119265,0.0,0.0,0.15,0.0779816513761468,0,0.13774080332528585,0.19712412341969615,1.859761162912033,0.48933073581972203,0.0,0.8888888888888888,0.0,0.2,0.0,0.7354884383041257,0.2,0.08,0.027522935779816515,0.05,0.25
258,0.9827409706016433,0.4892931363960026,0.9108402552842959,0.4899927811352369,0.24869350175742913,0.4974439602249354,0.815668202764977,0.38135542464729333,0.37325773360149467,0.11059907834101383,0.5057142857142857,0.36023868460343195,0.35805455228868577,0.07714285714285714,0.013824884792626729,0.02,0.38,15.74,0.009216589861751152,0.002857142857142857,0.0333652852993058,0.11836634914903715,4.202764976958525,0.0,0.0,0.15,0.07834101382488479,0,0.13725209930865945,0.19613850280259765,1.8425659396537921,0.47954412110332756,0.0,1.0,0.0,0.2,0.0,0.7354884383041257,0.2,0.08,0.01834862385321101,0.05,0.25
259,0.9823160618678679,0.4894131071984184,0.9105768118693552,0.4901448074324109,0.24869350175742913,0.4976564400931881,0.8248847926267281,0.38098676105282336,0.37298123590564214,0.11059907834101383,0.5114285714285715,0.36001011317486054,0.35788312371725717,0.07714285714285714,0.027649769585253458,0.025714285714285714,0.38,15.745714285714286,0.009216589861751152,0.0,0.03337652780714945,0.11836634914903715,4.202764976958525,0.0,0.0,0.15,0.07834101382488479,0,0.13759441024068758,0.19515781028858467,1.831428906575002,0.5454843193824369,0.0,0.7777777777777778,0.0,0.2,0.0,0.7354884383041257,0.2,0.08,0.027649769585253458,0.05,0.25
260,0.9814028523065128,0.49025256597549566,0.9100106219413148,0.4911657424453333,0.24869350175742913,0.49777393185799035,0.8064516129032258,0.38071026335697083,0.3727738626337528,0.11059907834101383,0.5,0.359838684603432,0.35775455228868575,0.07714285714285714,0.02304147465437788,0.02,0.38,15.751428571428571,0.009216589861751152,0.0,0.03337652780714945,0.11836634914903715,4.202764976958525,0.0,0.0,0.15,0.07834101382488479,0,0.13790643818948414,0.2002603596247416,1.814800328443502,0.5703181018733857,0.0,0.7142857142857143,0.0,0.2,0.0,0.7354884383041257,0.2,0.08,0.02304147465437788,0.05,0.25
261,0.9817964318826622,0.48972382688774674,0.9102546412785276,0.49086999661388325,0.24869350175742913,0.49791265696978754,0.7972350230414746,0.38071026335697083,0.3727738626337528,0.11059907834101383,0.4942857142857143,0.359838684603432,0.35775455228868575,0.07714285714285714,0.013824884792626729,0.014285714285714285,0.38,15.76,0.009216589861751152,0.0,0.03337652780714945,0.11836634914903715,4.202764976958525,0.0,0.0,0.15,0.07834101382488479,0,0.13738819171282243,0.19925905782661787,1.7927900361603464,0.558911739835918,0.0,1.0,0.0,0.2,0.0,0.7354884383041257,0.2,0.08,0.013824884792626729,0.05,0.25
262,0.9810757296095484,0.48914895261644414,0.909807805869197,0.4902221857148887,0.24869350175742913,0.49808564394245153,0.8018433179723502,0.3805259315597358,0.37263561378582655,0.11059907834101383,0.49714285714285716,0.35972439888914626,0.35766883800297145,0.07714285714285714,0.018433179723502304,0.02,0.38,15.768571428571429,0.009216589861751152,0.0,0.03337652780714945,0.11836634914903715,4.202764976958525,0.0,0.0,0.15,0.07834101382488479,0,0.13732967932568688,0.1982627625374848,1.7769342354371396,0.5837540624978201,0.0,0.8571428571428571,0.0,0.2,0.0,0.7354884383041257,0.2,0.08,0.018433179723502304,0.05,0.25
263,0.9833919673584529,0.4904141858220897,0.9112438732735177,0.4908474221822683,0.24869350175742913,0.49816837893000804,0.8064516129032258,0.3805259315597358,0.37263561378582655,0.11059907834101383,0.5,0.35972439888914626,0.35766883800297145,0.07714285714285714,0.018433179723502304,0.02,0.38,15.774285714285714,0.009216589861751152,0.0,0.03337652780714945,0.11836634914903715,4.202764976958525,0.0,0.0,0.15,0.07834101382488479,0,0.136814459500487,0.19727144872479735,1.7613955507283965,0.5720789812478638,0.0,1.0,0.0,0.2,0.0,0.7354884383041257,0.2,0.08,0.018433179723502304,0.05,0.25
264,0.9843998138579113,0.4893840423258301,0.9118687381031819,0.49044910116229534,0.24869350175742913,0.498251456257387,0.8387096774193549,0.3805259315597358,0.37263561378582655,0.11059907834101383,0.52,0.35972439888914626,0.35766883800297145,0.07714285714285714,0.013824884792626729,0.014285714285714285,0.38,15.782857142857143,0.009216589861751152,0.0,0.03337652780714945,0.11836634914903715,4.202764976958525,0.0,0.0,0.15,0.07834101382488479,0,0.13627324434584173,0.19628509148117337,1.7404533539995428,0.5606374016229065,0.0,1.0,0.0,0.2,0.0,0.7354884383041257,0.2,0.08,0.013824884792626729,0.05,0.25
265,0.9857264744166108,0.48993142983736865,0.9126912676495755,0.4904973781315201,0.24869350175742913,0.49835659544281735,0.847926267281106,0.3805259315597358,0.37263561378582655,0.11059907834101383,0.5257142857142857,0.35972439888914626,0.35766883800297145,0.07714285714285714,0.013824884792626729,0.014285714285714285,0.38,15.788571428571428,0.009216589861751152,0.0,0.03337652780714945,0.11836634914903715,4.202764976958525,0.0,0.0,0.15,0.07834101382488479,0,0.13576316383839823,0.1953036660237675,1.7199300012052663,0.5494246535904483,0.0,1.0,0.0,0.2,0.0,0.7354884383041257,0.2,0.08,0.013824884792626729,0.05,0.25
266,0.9829563038993331,0.4895325699854232,0.9109737619288636,0.4900049015181573,0.24869350175742913,0.49847424999091766,0.8387096774193549,0.3805259315597358,0.37263561378582655,0.11059907834101383,0.52,0.35972439888914626,0.35766883800297145,0.07714285714285714,0.009216589861751152,0.014285714285714285,0.38,15.8,0.009216589861751152,0.0,0.03337652780714945,0.11836634914903715,4.202764976958525,0.0,0.0,0.15,0.07834101382488479,0,0.13525563373349198,0.19432714769364867,1.6998171154668749,0.5384361605186394,0.0,1.0,0.0,0.2,0.0,0.7354884383041257,0.2,0.08,0.009216589861751152,0.05,0.25
267,0.9831240412117093,0.4897076596976701,0.9110777590625369,0.4899684125313224,0.24869350175742913,0.4982585644646909,0.7926267281105991,0.3805259315597358,0.37263561378582655,0.11059907834101383,0.49142857142857144,0.35972439888914626,0.35766883800297145,0.07714285714285714,0.013824884792626729,0.017142857142857144,0.38,15.811428571428571,0.009216589861751152,0.0,0.03337652780714945,0.11836634914903715,4.202764976958525,0.0,0.0,0.15,0.07834101382488479,0,0.13477921270768164,0.19335551195518041,1.6829636303003948,0.5276674373082666,0.0,1.0,0.0,0.2,0.0,0.7354884383041257,0.2,0.08,0.013824884792626729,0.05,0.25
268,0.9822627152595339,0.48953779794633195,0.910543736972188,0.4893595089461794,0.24869350175742913,0.49798023481363846,0.8018433179723502,0.3805259315597358,0.37263561378582655,0.11059907834101383,0.49714285714285716,0.35972439888914626,0.35766883800297145,0.07714285714285714,0.009216589861751152,0.011428571428571429,0.38,15.817142857142857,0.009216589861751152,0.0,0.03337652780714945,0.11836634914903715,4.202764976958525,0.0,0.0,0.15,0.07834101382488479,0,0.13421960235842895,0.19238873439540452,1.6607329291229584,0.5171140885621013,0.0,1.0,0.0,0.2,0.0,0.7354884383041257,0.2,0.08,0.009216589861751152,0.05,0.25
269,0.9825980017411314,0.4892452275136707,0.9107516145907786,0.4895858457888307,0.24869350175742913,0.49775471176445013,0.7695852534562212,0.3805259315597358,0.37263561378582655,0.11059907834101383,0.47714285714285715,0.35972439888914626,0.35766883800297145,0.07714285714285714,0.009216589861751152,0.014285714285714285,0.38,15.822857142857142,0.009216589861751152,0.0,0.03337652780714945,0.11836634914903715,4.202764976958525,0.0,0.0,0.15,0.07834101382488479,0,0.1337197900609225,0.1914267907234275,1.6418039848262136,0.5067718067908592,0.0,1.0,0.0,0.2,0.0,0.7354884383041257,0.2,0.08,0.009216589861751152,0.05,0.25
270,0.9835301879739753,0.4890853994368056,0.9113295700551417,0.48960247359833536,0.24869350175742913,0.4975393246934452,0.847926267281106,0.3805259315597358,0.37263561378582655,0.11059907834101383,0.5257142857142857,0.35972439888914626,0.35766883800297145,0.07714285714285714,0.013824884792626729,0.017142857142857144,0.38,15.831428571428571,0.009216589861751152,0.0,0.03337652780714945,0.11836634914903715,4.202764976958525,0.0,0.0,0.15,0.07834101382488479,0,0.13327933468204647,0.19046965676981034,1.6261107622725461,0.496636370655042,0.0,1.0,0.0,0.2,0.0,0.7354884383041257,0.2,0.08,0.013824884792626729,0.05,0.25
271,0.9837093496067816,0.48771887773677847,0.9114406502674817,0.48909058306291464,0.24869350175742913,0.4973427910460421,0.7880184331797235,0.3805259315597358,0.37263561378582655,0.11059907834101383,0.48857142857142855,0.35972439888914626,0.35766883800297145,0.07714285714285714,0.009216589861751152,0.014285714285714285,0.38,15.831428571428571,0.009216589861751152,0.0,0.03337652780714945,0.11836634914903715,4.202764976958525,0.0,0.0,0.15,0.07834101382488479,0,0.13275579515149338,0.18951730848596127,1.6078742613128099,0.4867036432419412,0.0,1.0,0.0,0.2,0.0,0.7354884383041257,0.2,0.08,0.009216589861751152,0.05,0.25
272,0.9836729065588659,0.4881504453106543,0.9114180555777739,0.4891972822597199,0.24869350175742913,0.4971285301721246,0.8525345622119815,0.3804337656611183,0.3725664893618633,0.11059907834101383,0.5285714285714286,0.35966725603200345,0.3576259808601143,0.07714285714285714,0.02304147465437788,0.022857142857142857,0.38,15.834285714285715,0.009216589861751152,0.0,0.03337652780714945,0.11836634914903715,4.202764976958525,0.0,0.0,0.15,0.07834101382488479,0,0.1327204447471645,0.18856972194353147,1.5985739189436963,0.5965299661460703,0.0,0.875,0.0,0.2,0.0,0.7354884383041257,0.2,0.08,0.02304147465437788,0.05,0.25
273,0.9844019276276919,0.48749992076195764,0.9118700486404461,0.48892708043048694,0.24869350175742913,0.4968764328728777,0.8709677419354839,0.3802494338638833,0.372428240513937,0.11059907834101383,0.54,0.3595529703177177,0.3575402665744001,0.07714285714285714,0.013824884792626729,0.017142857142857144,0.38,15.848571428571429,0.009216589861751152,0.0,0.03337652780714945,0.11836634914903715,4.202764976958525,0.0,0.0,0.15,0.07834101382488479,0,0.13262827109485723,0.1989007703367501,1.5837452977076796,0.6162041393002333,0.0,0.8333333333333334,0.0,0.2,0.0,0.7354884383041257,0.2,0.08,0.013824884792626729,0.05,0.25
274,0.9841329941375934,0.4869281033552241,0.911748644179049,0.4890258254987553,0.24869350175742913,0.4965833694634962,0.7916666666666666,0.377565403465105,0.3696617045903905,0.10648148148148148,0.48857142857142855,0.3595529703177177,0.3575402665744001,0.07714285714285714,0.004629629629629629,0.008571428571428572,0.38285714285714284,15.862857142857143,0.004629629629629629,0.002857142857142857,0.033394861521960195,0.11836634914903714,4.157407407407407,0.0,0.0,0.15,0.0787037037037037,0,0.13205084402509723,0.19790626648506635,1.5606418203249541,0.6038800565142286,0.0,1.0,0.0,0.2,0.0,0.7354884383041257,0.2,0.08,0.009216589861751152,0.05,0.25
275,0.9833877593426337,0.48672816582612227,0.9112887278484453,0.48904672518162307,0.24869350175742913,0.4962480703400922,0.7962962962962963,0.377565403465105,0.3696617045903905,0.10648148148148148,0.49142857142857144,0.3595529703177177,0.3575402665744001,0.07714285714285714,0.004629629629629629,0.008571428571428572,0.38285714285714284,15.857142857142858,0.004629629629629629,0.0,0.033425298109514154,0.11836634914903714,4.157407407407407,0.0,0.0,0.15,0.0787037037037037,0,0.13153316123354317,0.19691673515264102,1.5380004124898836,0.591802455383944,0.0,1.0,0.0,0.2,0.0,0.7354884383041257,0.2,0.08,0.004629629629629629,0.05,0.25
276,0.9826163719230169,0.4872853690959943,0.9108126716123388,0.48935568566037885,0.24869350175742913,0.49597426874177336,0.7777777777777778,0.377565403465105,0.3696617045903905,0.10648148148148148,0.48,0.3595529703177177,0.3575402665744001,0.07714285714285714,0.004629629629629629,0.011428571428571429,0.38285714285714284,15.865714285714287,0.004629629629629629,0.0,0.033425298109514154,0.11836634914903714,4.157407407407407,0.0,0.0,0.15,0.0787037037037037,0,0.13101820971308975,0.1959321514768778,1.5186689756686573,0.5799664062762652,0.0,1.0,0.0,0.2,0.0,0.7354884383041257,0.2,0.08,0.004629629629629629,0.05,0.25
277,0.983121004108684,0.48718679931862546,0.9111241017612076,0.489457849894977,0.24869350175742913,0.49565419189247295,0.8101851851851852,0.3773802182799198,0.3695228157015016,0.10648148148148148,0.5,0.359438684603432,0.3574545522886858,0.07714285714285714,0.013888888888888888,0.017142857142857144,0.38285714285714284,15.868571428571428,0.004629629629629629,0.0,0.033425298109514154,0.11836634914903714,4.157407407407407,0.0,0.0,0.15,0.0787037037037037,0,0.13101884007525644,0.19495249071949344,1.5054384532981413,0.572653430809144,0.0,0.8333333333333334,0.0,0.2,0.0,0.7354884383041257,0.2,0.08,0.013888888888888888,0.05,0.25
278,0.98297525458486,0.48676818412230066,0.9110341534836477,0.4892130530236378,0.24869350175742913,0.4952268803073269,0.7824074074074074,0.3773802182799198,0.3695228157015016,0.10648148148148148,0.4828571428571429,0.359438684603432,0.3574545522886858,0.07714285714285714,0.009259259259259259,0.017142857142857144,0.38285714285714284,15.868571428571428,0.004629629629629629,0.0,0.033425298109514154,0.11836634914903714,4.157407407407407,0.0,0.0,0.15,0.0787037037037037,0,0.13053503158916585,0.193977728265896,1.4924725413750357,0.5612003621929611,0.0,1.0,0.0,0.2,0.0,0.7354884383041257,0.2,0.08,0.009259259259259259,0.05,0.25
279,0.9831953130399093,0.48709832951255233,0.9111699609873352,0.4894977861495341,0.24869350175742913,0.4945969462956096,0.8009259259259259,0.3773802182799198,0.3695228157015016,0.10648148148148148,0.4942857142857143,0.359438684603432,0.3574545522886858,0.07714285714285714,0.009259259259259259,0.014285714285714285,0.38285714285714284,15.868571428571428,0.004629629629629629,0.0,0.033425298109514154,0.11836634914903714,4.157407407407407,0.0,0.0,0.15,0.0787037037037037,0,0.12999664214550574,0.1930078396245665,1.4769088048332493,0.5499763549491018,0.0,1.0,0.0,0.2,0.0,0.7354884383041257,0.2,0.08,0.009259259259259259,0.05,0.25
280,0.983416032702404,0.4879489098927258,0.9113061765504747,0.4896472477359337,0.24869350175742913,0.4941446601041696,0.7592592592592593,0.3773802182799198,0.3695228157015016,0.10648148148148148,0.4685714285714286,0.359438684603432,0.3574545522886858,0.07714285714285714,0.013888888888888888,0.017142857142857144,0.38285714285714284,15.871428571428572,0.004629629629629629,0.0,0.033425298109514154,0.11836634914903714,4.157407407407407,0.0,0.0,0.15,0.0787037037037037,0,0.12951794464906394,0.19204280042644364,1.4645134858794413,0.5389768278501198,0.0,1.0,0.0,0.2,0.0,0.7354884383041257,0.2,0.08,0.013888888888888888,0.05,0.25
281,0.9830347429768643,0.48985529694747604,0.9110708663198561,0.4902431304761017,0.24869350175742913,0.49373348000516204,0.7962962962962963,0.3773802182799198,0.3695228157015016,0.10648148148148148,0.49142857142857144,0.359438684603432,0.3574545522886858,0.07714285714285714,0.018518518518518517,0.02,0.38285714285714284,15.877142857142857,0.004629629629629629,0.0,0.033425298109514154,0.11836634914903714,4.157407407407407,0.0,0.0,0.15,0.0787037037037037,0,0.12901321206867578,0.19108258642431145,1.4552232161618524,0.5281972912931173,0.0,1.0,0.0,0.2,0.0,0.7354884383041257,0.2,0.08,0.018518518518518517,0.05,0.25
282,0.9832657986610519,0.49031973810372603,0.9112134606849548,0.49093861807509664,0.24869350175742913,0.4934497768561917,0.7592592592592593,0.37728762568732715,0.3694533712570572,0.10648148148148148,0.4685714285714286,0.35938154174628917,0.3574116951458286,0.07714285714285714,0.018518518518518517,0.014285714285714285,0.38285714285714284,15.882857142857143,0.004629629629629629,0.0,0.033425298109514154,0.11836634914903714,4.157407407407407,0.0,0.0,0.15,0.0787037037037037,0,0.1288824317226181,0.20472310187397993,1.4404044661243296,0.5271564915445097,0.0,0.8,0.0,0.2,0.0,0.7354884383041257,0.2,0.08,0.018518518518518517,0.05,0.25
283,0.9816094790140341,0.4909218048242489,0.9101912748456522,0.4924437476807061,0.24869350175742913,0.49327882166615533,0.7731481481481481,0.37728762568732715,0.3694533712570572,0.10648148148148148,0.47714285714285715,0.35938154174628917,0.3574116951458286,0.07714285714285714,0.018518518518518517,0.02,0.38285714285714284,15.885714285714286,0.004629629629629629,0.0,0.033425298109514154,0.11836634914903714,4.157407407407407,0.0,0.0,0.15,0.0787037037037037,0,0.1284377338497193,0.20369948636461002,1.4315963768018432,0.5166133617136195,0.0,1.0,0.0,0.2,0.0,0.7354884383041257,0.2,0.08,0.018518518518518517,0.05,0.25
284,0.9819085481348107,0.49208502299584833,0.9103758432173317,0.49352557664682095,0.24869350175742913,0.4930942235112524,0.8425925925925926,0.37728762568732715,0.3694533712570572,0.10648148148148148,0.52,0.35938154174628917,0.3574116951458286,0.07714285714285714,0.018518518518518517,0.02,0.38285714285714284,15.891428571428571,0.004629629629629629,0.0,0.033425298109514154,0.11836634914903714,4.157407407407407,0.0,0.0,0.15,0.0787037037037037,0,0.12793840232332784,0.20268098893278697,1.4229644492658062,0.5062810944793471,0.0,1.0,0.0,0.2,0.0,0.7354884383041257,0.2,0.08,0.018518518518518517,0.05,0.25
285,0.9821416341885375,0.4921601266071207,0.9105196906104885,0.49408596368972585,0.24869350175742913,0.4929395143095678,0.8287037037037037,0.37728762568732715,0.3694533712570572,0.10648148148148148,0.5114285714285715,0.35938154174628917,0.3574116951458286,0.07714285714285714,0.004629629629629629,0.011428571428571429,0.38285714285714284,15.9,0.004629629629629629,0.0,0.033425298109514154,0.11836634914903714,4.157407407407407,0.0,0.0,0.15,0.0787037037037037,0,0.12741299602599693,0.20166758398812304,1.4059337317090617,0.4961554725897601,0.0,1.0,0.0,0.2,0.0,0.7354884383041257,0.2,0.08,0.004629629629629629,0.05,0.25
286,0.9843121177875327,0.49240440724461054,0.9118591890601543,0.4933492608550185,0.24869350175742913,0.4928881542836173,0.7731481481481481,0.37728762568732715,0.3694533712570572,0.10648148148148148,0.47714285714285715,0.35938154174628917,0.3574116951458286,0.07714285714285714,0.009259259259259259,0.014285714285714285,0.38285714285714284,15.911428571428571,0.004629629629629629,0.0,0.033425298109514154,0.11836634914903714,4.157407407407407,0.0,0.0,0.15,0.0787037037037037,0,0.12694721676015264,0.20065924606818242,1.3921007713605946,0.4862323631379649,0.0,1.0,0.0,0.2,0.0,0.7354884383041257,0.2,0.08,0.009259259259259259,0.05,0.25
287,0.9848888402851261,0.4915990870891481,0.9122151092300977,0.492407126495898,0.24869350175742913,0.4929105266912267,0.8240740740740741,0.37728762568732715,0.3694533712570572,0.10648148148148148,0.5085714285714286,0.35938154174628917,0.3574116951458286,0.07714285714285714,0.013888888888888888,0.017142857142857144,0.38285714285714284,15.905714285714286,0.004629629629629629,0.0,0.033425298109514154,0.11836634914903714,4.157407407407407,0.0,0.0,0.15,0.0787037037037037,0,0.126455337819209,0.19965594983784152,1.3814016130762399,0.47650771587520563,0.0,1.0,0.0,0.2,0.0,0.7354884383041257,0.2,0.08,0.013888888888888888,0.05,0.25
288,0.9834700937540648,0.4906658190764901,0.9113395399423571,0.49172593398037867,0.24869350175742913,0.49298929857473117,0.8240740740740741,0.37728762568732715,0.3694533712570572,0.10648148148148148,0.5085714285714286,0.35938154174628917,0.3574116951458286,0.07714285714285714,0.018518518518518517,0.017142857142857144,0.38285714285714284,15.90857142857143,0.004629629629629629,0.0,0.033425298109514154,0.11836634914903714,4.157407407407407,0.0,0.0,0.15,0.0787037037037037,0,0.12593734684439867,0.19865767008865232,1.370916437957572,0.46697756155770154,0.0,1.0,0.0,0.2,0.0,0.7354884383041257,0.2,0.08,0.018518518518518517,0.05,0.25
289,0.9831355809301362,0.4913377673100766,0.9111330977424469,0.4920346361032485,0.24869350175742913,0.49293363291136794,0.8055555555555556,0.37728762568732715,0.3694533712570572,0.10648148148148148,0.49714285714285716,0.35938154174628917,0.3574116951458286,0.07714285714285714,0.018518518518518517,0.02,0.38285714285714284,15.917142857142856,0.004629629629629629,0.0,0.033425298109514154,0.11836634914903714,4.157407407407407,0.0,0.0,0.15,0.0787037037037037,0,0.12547894582446242,0.19766438173820905,1.3634981091984204,0.4576380103265475,0.0,1.0,0.0,0.2,0.0,0.7354884383041257,0.2,0.08,0.018518518518518517,0.05,0.25
290,0.9819316901544506,0.4922014073165489,0.9103901251494522,0.4926283646760869,0.24869350175742913,0.49292507664858065,0.8148148148148148,0.37728762568732715,0.3694533712570572,0.10648148148148148,0.5028571428571429,0.35938154174628917,0.3574116951458286,0.07714285714285714,0.004629629629629629,0.005714285714285714,0.38285714285714284,15.917142857142856,0.004629629629629629,0.0,0.033425298109514154,0.11836634914903714,4.157407407407407,0.0,0.0,0.15,0.0787037037037037,0,0.12490869395248297,0.19667605982951802,1.341942432728738,0.4484852501200165,0.0,1.0,0.0,0.2,0.0,0.7354884383041257,0.2,0.08,0.004629629629629629,0.05,0.25
291,0.9808146740106686,0.4913382124716958,0.9097007666150039,0.4919687703904429,0.24869350175742913,0.492949269859516,0.8240740740740741,0.37728762568732715,0.3694533712570572,0.10648148148148148,0.5085714285714286,0.35938154174628917,0.3574116951458286,0.07714285714285714,0.009259259259259259,0.011428571428571429,0.38285714285714284,15.917142857142856,0.004629629629629629,0.0,0.033425298109514154,0.11836634914903714,4.157407407407407,0.0,0.0,0.15,0.0787037037037037,0,0.12448372191129198,0.19569267953037042,1.3265321555027345,0.43951554511761615,0.0,1.0,0.0,0.2,0.0,0.7354884383041257,0.2,0.08,0.009259259259259259,0.05,0.25
292,0.9802126016392203,0.4900870983927407,0.9093292019514817,0.4910426580846908,0.24869350175742913,0.4930800440879025,0.8611111111111112,0.37710244050214203,0.3693144823681683,0.10648148148148148,0.5314285714285715,0.3592672560320035,0.35732598086011436,0.07714285714285714,0.018518518518518517,0.02,0.38285714285714284,15.922857142857143,0.004629629629629629,0.0,0.033425298109514154,0.11836634914903714,4.157407407407407,0.0,0.0,0.15,0.0787037037037037,0,0.12446116044459266,0.19471421613271855,1.3200015123926798,0.45862415956778385,0.0,0.8571428571428571,0.0,0.2,0.0,0.7354884383041257,0.2,0.08,0.018518518518518517,0.05,0.25
293,0.9791108240769354,0.49018200727598354,0.9086492477987571,0.4913491454125145,0.24869350175742913,0.4930320829167933,0.8425925925925926,0.3769172553169568,0.3691755934792794,0.10648148148148148,0.52,0.3591529703177177,0.35724026657440006,0.07714285714285714,0.009259259259259259,0.014285714285714285,0.38285714285714284,15.928571428571429,0.004629629629629629,0.0,0.033425298109514154,0.11836634914903714,4.157407407407407,0.0,0.0,0.15,0.0787037037037037,0,0.12438171178522679,0.193740645052055,1.3078871964305403,0.4852055521829083,0.0,0.8,0.0,0.2,0.0,0.7354884383041257,0.2,0.08,0.009259259259259259,0.05,0.25
294,0.9798219207553578,0.48949249131505224,0.9090880960345834,0.4907651254736806,0.24869350175742913,0.4929524910838114,0.8148148148148148,0.3769172553169568,0.3691755934792794,0.10648148148148148,0.5028571428571429,0.3591529703177177,0.35724026657440006,0.07714285714285714,0.004629629629629629,0.008571428571428572,0.38285714285714284,15.928571428571429,0.009259259259259259,0.0,0.033425298109514154,0.11836634914903714,4.157407407407407,0.0,0.0,0.15,0.0787037037037037,0,0.12384551751201497,0.19277194182679472,1.290300881073358,0.47550144113925014,0.0,1.0,0.0,0.2,0.0,0.7354884383041257,0.2,0.08,0.004629629629629629,0.05,0.25
295,0.9820163527060563,0.4893521519850423,0.9104423740384432,0.49053726197314906,0.24869350175742913,0.49302436589277265,0.8240740740740741,0.3769172553169568,0.3691755934792794,0.10648148148148148,0.5085714285714286,0.3591529703177177,0.35724026657440006,0.07714285714285714,0.018518518518518517,0.017142857142857144,0.38285714285714284,15.937142857142858,0.009259259259259259,0.0,0.033425298109514154,0.11836634914903714,4.157407407407407,0.0,0.0,0.15,0.0787037037037037,0,0.12342571921016918,0.19180808211766073,1.281637720594748,0.4659914123164651,0.0,1.0,0.0,0.2,0.0,0.7354884383041257,0.2,0.08,0.018518518518518517,0.05,0.25
296,0.9824585344642297,0.48999465121841,0.9107152633520588,0.4906225178358649,0.24869350175742913,0.49318872904427463,0.8333333333333334,0.3769172553169568,0.3691755934792794,0.10648148148148148,0.5142857142857142,0.3591529703177177,0.35724026657440006,0.07714285714285714,0.009259259259259259,0.008571428571428572,0.38285714285714284,15.94,0.009259259259259259,0.0,0.033425298109514154,0.11836634914903714,4.157407407407407,0.0,0.0,0.15,0.0787037037037037,0,0.1229227334712612,0.19084904170707245,1.2645763947542816,0.4566715840701358,0.0,1.0,0.0,0.2,0.0,0.7354884383041257,0.2,0.08,0.009259259259259259,0.05,0.25
297,0.9833206056218244,0.48994655846158053,0.9112472844093172,0.4910481509641073,0.24869350175742913,0.4930268936699238,0.8379629629629629,0.3769172553169568,0.3691755934792794,0.10648148148148148,0.5171428571428571,0.3591529703177177,0.35724026657440006,0.07714285714285714,0.009259259259259259,0.011428571428571429,0.38285714285714284,15.94,0.009259259259259259,0.0,0.033425298109514154,0.11836634914903714,4.157407407407407,0.0,0.0,0.15,0.0787037037037037,0,0.12245083408961915,0.18989479649853708,1.2507134382877674,0.44753815238873307,0.0,1.0,0.0,0.2,0.0,0.7354884383041257,0.2,0.08,0.009259259259259259,0.05,0.25
298,0.9846483034945143,0.49020286442770433,0.9120666636678916,0.49080134114165436,0.24869350175742913,0.49293309222969456,0.8287037037037037,0.3769172553169568,0.3691755934792794,0.10648148148148148,0.5114285714285715,0.3591529703177177,0.35724026657440006,0.07714285714285714,0.018518518518518517,0.017142857142857144,0.38285714285714284,15.94,0.009259259259259259,0.0,0.033425298109514154,0.11836634914903714,4.157407407407407,0.0,0.0,0.15,0.0787037037037037,0,0.12200958063345678,0.18894532251604437,1.2428420266648692,0.43858738934095837,0.0,1.0,0.0,0.2,0.0,0.7354884383041257,0.2,0.08,0.018518518518518517,0.05,0.25
299,0.9835832436967364,0.4897907586374849,0.911409369621263,0.49093181612452114,0.24869350175742913,0.492868956252886,0.8240740740740741,0.3769172553169568,0.3691755934792794,0.10648148148148148,0.5085714285714286,0.3591529703177177,0.35724026657440006,0.07714285714285714,0.013888888888888888,0.017142857142857144,0.38285714285714284,15.937142857142858,0.004629629629629629,0.0,0.033425298109514154,0.11836634914903714,4.157407407407407,0.0,0.0,0.15,0.0787037037037037,0,0.12157081844457521,0.18800059590346416,1.235128043274429,0.4298156415541392,0.0,1.0,0.0,0.2,0.0,0.7354884383041257,0.2,0.08,0.013888888888888888,0.05,0.25
300,0.98462312628336,0.4900378488046516,0.912051125731865,0.49119012473177576,0.24869350175742913,0.49288694994188287,0.8055555555555556,0.3769172553169568,0.3691755934792794,0.10648148148148148,0.49714285714285716,0.3591529703177177,0.35724026657440006,0.07714285714285714,0.013888888888888888,0.014285714285714285,0.38285714285714284,15.945714285714285,0.004629629629629629,0.0,0.033425298109514154,0.11836634914903714,4.157407407407407,0.0,0.0,0.15,0.0787037037037037,0,0.12107725006663807,0.18706059292394683,1.2247111966946544,0.4212193287230564,0.0,1.0,0.0,0.2,0.0,0.7354884383041257,0.2,0.08,0.013888888888888888,0.05,0.25
301,0.9845435948466569,0.49021032130099,0.9120020434737853,0.4910122234464271,0.24869350175742913,0.49291105188744094,0.8101851851851852,0.3769172553169568,0.3691755934792794,0.10648148148148148,0.5,0.3591529703177177,0.35724026657440006,0.07714285714285714,0.009259259259259259,0.014285714285714285,0.38285714285714284,15.945714285714285,0.004629629629629629,0.0,0.033425298109514154,0.11836634914903714,4.157407407407407,0.0,0.0,0.15,0.0787037037037037,0,0.12058614953059058,0.1861252899593271,1.2145026870464757,0.41279494214859525,0.0,1.0,0.0,0.2,0.0,0.7354884383041257,0.2,0.08,0.009259259259259259,0.05,0.25
302,0.9841341476770761,0.4894156658494545,0.9117493560777011,0.4907084474763179,0.24869350175742913,0.4928297675234541,0.7685185185185185,0.3769172553169568,0.3691755934792794,0.10648148148148148,0.4742857142857143,0.3591529703177177,0.35724026657440006,0.07714285714285714,0.013888888888888888,0.017142857142857144,0.38285714285714284,15.942857142857143,0.004629629629629629,0.0,0.033425298109514154,0.11836634914903714,4.157407407407407,0.0,0.0,0.15,0.0787037037037037,0,0.12018279092579479,0.18519466350953045,1.2073554904484036,0.4045390433056234,0.0,1.0,0.0,0.2,0.0,0.7354884383041257,0.2,0.08,0.013888888888888888,0.05,0.25
303,0.9842549151927706,0.4875041442028206,0.911823886887387,0.48960023139644077,0.24869350175742913,0.49293967275863654,0.8009259259259259,0.3768246627243642,0.3691061490348349,0.10648148148148148,0.4942857142857143,0.3590958274605749,0.3571974094315429,0.07714285714285714,0.018518518518518517,0.02,0.38285714285714284,15.942857142857143,0.004629629629629629,0.0,0.033425298109514154,0.11836634914903714,4.157407407407407,0.0,0.0,0.15,0.0787037037037037,0,0.12015330554259437,0.18911240437522214,1.2032083806394351,0.4110998615034951,0.0,0.8571428571428571,0.0,0.2,0.0,0.7354884383041257,0.2,0.08,0.018518518518518517,0.05,0.25
304,0.9821993087387372,0.48820772709965915,0.9105552840471836,0.490141291421939,0.24869350175742913,0.49298247906941056,0.8148148148148148,0.3768246627243642,0.3691061490348349,0.10648148148148148,0.5028571428571429,0.3590958274605749,0.3571974094315429,0.07714285714285714,0.013888888888888888,0.014285714285714285,0.38285714285714284,15.948571428571428,0.004629629629629629,0.0,0.033425298109514154,0.11836634914903714,4.157407407407407,0.0,0.0,0.15,0.0787037037037037,0,0.11966682472916712,0.18816684235334602,1.1934299273123612,0.4028778642734252,0.0,1.0,0.0,0.2,0.0,0.7354884383041257,0.2,0.08,0.013888888888888888,0.05,0.25
305,0.9825458673169711,0.4870339852406063,0.910769160198322,0.4894440903507988,0.24869350175742913,0.4928635582668611,0.8194444444444444,0.3768246627243642,0.3691061490348349,0.10648148148148148,0.5057142857142857,0.3590958274605749,0.3571974094315429,0.07714285714285714,0.009259259259259259,0.014285714285714285,0.38285714285714284,15.954285714285714,0.004629629629629629,0.0,0.033425298109514154,0.11836634914903714,4.157407407407407,0.0,0.0,0.15,0.0787037037037037,0,0.119239776319807,0.1872260081415793,1.183847043051828,0.39482030698795667,0.0,1.0,0.0,0.2,0.0,0.7354884383041257,0.2,0.08,0.009259259259259259,0.05,0.25
306,0.9825672353336152,0.4872022030054464,0.9107823473171652,0.48988848574152405,0.24869350175742913,0.492672777456705,0.8518518518518519,0.37663947753917904,0.36896726014594605,0.10648148148148148,0.5257142857142857,0.3589815417462891,0.3571116951458286,0.07714285714285714,0.018518518518518517,0.014285714285714285,0.38285714285714284,15.962857142857143,0.004629629629629629,0.0,0.033425298109514154,0.11836634914903714,4.157407407407407,0.0,0.0,0.15,0.0787037037037037,0,0.11915786315249367,0.1862898781008714,1.1744558164765055,0.38692390084819756,0.0,0.8,0.0,0.2,0.0,0.7354884383041257,0.2,0.08,0.018518518518518517,0.05,0.25
307,0.9826710604306851,0.4877120156209504,0.910846422234214,0.4904663811693784,0.24869350175742913,0.4924395705595356,0.8472222222222222,0.37663947753917904,0.36896726014594605,0.10648148148148148,0.5228571428571429,0.3589815417462891,0.3571116951458286,0.07714285714285714,0.004629629629629629,0.011428571428571429,0.38285714285714284,15.962857142857143,0.004629629629629629,0.0,0.033425298109514154,0.11836634914903714,4.157407407407407,0.0,0.0,0.15,0.0787037037037037,0,0.11873321669387406,0.18535842871036703,1.162395271575547,0.3791854228312336,0.0,1.0,0.0,0.2,0.0,0.7354884383041257,0.2,0.08,0.004629629629629629,0.05,0.25
308,0.9818056246937465,0.48745765235474664,0.9103123247508462,0.489868363397681,0.24869350175742913,0.4922500650888536,0.8379629629629629,0.37663947753917904,0.36896726014594605,0.10648148148148148,0.5171428571428571,0.3589815417462891,0.3571116951458286,0.07714285714285714,0.004629629629629629,0.008571428571428572,0.38285714285714284,15.957142857142857,0.004629629629629629,0.0,0.033425298109514154,0.11836634914903714,4.157407407407407,0.0,0.0,0.15,0.0787037037037037,0,0.11822526489611897,0.18443163656681522,1.1477187947154646,0.37160171437460887,0.0,1.0,0.0,0.2,0.0,0.7354884383041257,0.2,0.08,0.004629629629629629,0.05,0.25
309,0.9827652900456888,0.4870754430059175,0.9109045753680449,0.4894890598613957,0.24869350175742913,0.4921175971907491,0.8333333333333334,0.37654688494658645,0.3688978157015016,0.10648148148148148,0.5142857142857142,0.3589243988891463,0.35706883800297146,0.07714285714285714,0.013888888888888888,0.02,0.38285714285714284,15.951428571428572,0.004629629629629629,0.0,0.033425298109514154,0.11836634914903714,4.157407407407407,0.0,0.0,0.15,0.0787037037037037,0,0.11829071071449551,0.18350947838398113,1.1447644188211552,0.3649128835158661,0.0,0.8571428571428571,0.0,0.2,0.0,0.7354884383041257,0.2,0.08,0.013888888888888888,0.05,0.25
310,0.9837394754723982,0.487457649456385,0.9115057869456713,0.4895884831490842,0.24869350175742913,0.4918971700856882,0.8055555555555556,0.3764542923539938,0.3688283712570572,0.10648148148148148,0.49714285714285716,0.3588672560320035,0.35702598086011433,0.07714285714285714,0.018518518518518517,0.022857142857142857,0.38285714285714284,15.962857142857143,0.004629629629629629,0.0,0.033425298109514154,0.11836634914903714,4.157407407407407,0.0,0.0,0.15,0.0787037037037037,0,0.11827068573235161,0.1873554915905665,1.1447262733018748,0.3653838613700284,0.0,0.875,0.0,0.2,0.0,0.7354884383041257,0.2,0.08,0.018518518518518517,0.05,0.25
311,0.9826373898731602,0.48818603170092445,0.9108256426901415,0.4898896003984728,0.24869350175742913,0.49167214041393736,0.8379629629629629,0.3764542923539938,0.3688283712570572,0.10648148148148148,0.5171428571428571,0.3588672560320035,0.35702598086011433,0.07714285714285714,0.013888888888888888,0.017142857142857144,0.38285714285714284,15.957142857142857,0.004629629629629629,0.0,0.033425298109514154,0.11836634914903714,4.157407407407407,0.0,0.0,0.15,0.0787037037037037,0,0.11782218944654699,0.18641871413261366,1.1389746049786946,0.35807618414262776,0.0,1.0,0.0,0.2,0.0,0.7354884383041257,0.2,0.08,0.013888888888888888,0.05,0.25
312,0.981521738941957,0.4881493759649222,0.9101371266868847,0.48979127928981486,0.24869350175742913,0.49140087598974513,0.8101851851851852,0.3764542923539938,0.3688283712570572,0.10648148148148148,0.5,0.3588672560320035,0.35702598086011433,0.07714285714285714,0.004629629629629629,0.011428571428571429,0.38285714285714284,15.951428571428572,0.004629629629629629,0.0,0.033425298109514154,0.11836634914903714,4.157407407407407,0.0,0.0,0.15,0.0787037037037037,0,0.1173473642136,0.1854866205619506,1.127623684307692,0.3509146604597752,0.0,1.0,0.0,0.2,0.0,0.7354884383041257,0.2,0.08,0.004629629629629629,0.05,0.25
313,0.9819570238373149,0.4876359769628884,0.910405759650877,0.48987511632640024,0.24869350175742913,0.49113531102564867,0.8518518518518519,0.3764542923539938,0.3688283712570572,0.10648148148148148,0.5257142857142857,0.3588672560320035,0.35702598086011433,0.07714285714285714,0.013888888888888888,0.017142857142857144,0.38285714285714284,15.945714285714285,0.004629629629629629,0.0,0.033425298109514154,0.11836634914903714,4.157407407407407,0.0,0.0,0.15,0.0787037037037037,0,0.11693191310681769,0.18455918745914085,1.1222140677643955,0.3438963672505797,0.0,1.0,0.0,0.2,0.0,0.7354884383041257,0.2,0.08,0.013888888888888888,0.05,0.25
314,0.9817848893086999,0.4883798977745694,0.9102995280560747,0.4900429208609658,0.24869350175742913,0.4907719011479969,0.8287037037037037,0.3764542923539938,0.3688283712570572,0.10648148148148148,0.5114285714285715,0.3588672560320035,0.35702598086011433,0.07714285714285714,0.009259259259259259,0.008571428571428572,0.38285714285714284,15.954285714285714,0.004629629629629629,0.0,0.033425298109514154,0.11836634914903714,4.157407407407407,0.0,0.0,0.15,0.0787037037037037,0,0.11643296782699789,0.18363639152184513,1.108341214980536,0.3370184399055681,0.0,1.0,0.0,0.2,0.0,0.7354884383041257,0.2,0.08,0.009259259259259259,0.05,0.25
315,0.9826203483166275,0.4885818871353037,0.9108151256152528,0.4904458326854251,0.24869350175742913,0.4904105999605573,0.8009259259259259,0.3764542923539938,0.3688283712570572,0.10648148148148148,0.4942857142857143,0.3588672560320035,0.35702598086011433,0.07714285714285714,0.009259259259259259,0.014285714285714285,0.38285714285714284,15.968571428571428,0.004629629629629629,0.0,0.033425298109514154,0.11836634914903714,4.157407407407407,0.0,0.0,0.15,0.0787037037037037,0,0.11605051727357717,0.1827182095642359,1.1004601049666396,0.33027807110745677,0.0,1.0,0.0,0.2,0.0,0.7354884383041257,0.2,0.08,0.009259259259259259,0.05,0.25
316,0.9831943135178223,0.4873142931062845,0.9111693441394186,0.4892583356160672,0.24869350175742913,0.4900788419828583,0.8194444444444444,0.3764542923539938,0.3688283712570572,0.10648148148148148,0.5057142857142857,0.3588672560320035,0.35702598086011433,0.07714285714285714,0.009259259259259259,0.011428571428571429,0.38285714285714284,15.962857142857143,0.004629629629629629,0.0,0.033425298109514154,0.11836634914903714,4.157407407407407,0.0,0.0,0.15,0.0787037037037037,0,0.11558455040149498,0.18180461851641472,1.0898794742958782,0.32367250968530764,0.0,1.0,0.0,0.2,0.0,0.7354884383041257,0.2,0.08,0.009259259259259259,0.05,0.25
317,0.9815767046429987,0.48666244686431515,0.9101710483766705,0.48874807791482366,0.24869350175742913,0.4895890121885553,0.8055555555555556,0.376176514576216,0.36862003792372383,0.10648148148148148,0.49714285714285716,0.3586958274605749,0.35689740943154286,0.07714285714285714,0.023148148148148147,0.017142857142857144,0.38285714285714284,15.974285714285715,0.004629629629629629,0.0,0.033425298109514154,0.11836634914903714,4.157407407407407,0.0,0.0,0.15,0.0787037037037037,0,0.11597791336377325,0.21522205052868937,1.0852247419528176,0.34006574144024027,0.0,0.6666666666666666,0.0,0.2,0.0,0.7354884383041257,0.2,0.08,0.023148148148148147,0.05,0.25
318,0.982591015150544,0.4865900904682612,0.910797022861327,0.4896741247976556,0.24869350175742913,0.489084510503627,0.8287037037037037,0.37599132939103086,0.3684811490348349,0.10648148148148148,0.5114285714285715,0.35858154174628915,0.35681169514582856,0.07714285714285714,0.013888888888888888,0.014285714285714285,0.38285714285714284,15.977142857142857,0.004629629629629629,0.0,0.033425298109514154,0.11836634914903714,4.157407407407407,0.0,0.0,0.15,0.0787037037037037,0,0.11599773808266867,0.21428633717233964,1.077805961399476,0.33326442661143546,0.0,0.8,0.0,0.2,0.0,0.7354884383041257,0.2,0.08,0.013888888888888888,0.05,0.25
319,0.982142910446583,0.48691082863995,0.9105204782440254,0.4896103029514911,0.24869350175742913,0.48849619620313317,0.7824074074074074,0.3758987367984382,0.36841170459039047,0.10648148148148148,0.4828571428571429,0.3585243988891463,0.35676883800297143,0.07714285714285714,0.023148148148148147,0.022857142857142857,0.38285714285714284,15.98,0.004629629629629629,0.0,0.033425298109514154,0.11836634914903714,4.157407407407407,0.0,0.0,0.15,0.0787037037037037,0,0.11601760653511248,0.21321490548647795,1.079106985028629,0.4214228279931722,0.0,0.875,0.0,0.2,0.0,0.7354884383041257,0.2,0.08,0.023148148148148147,0.05,0.25
320,0.9823813786844089,0.4858780635266153,0.9106676472136551,0.48900483049862237,0.24869350175742913,0.4878799205165217,0.8379629629629629,0.3758987367984382,0.36841170459039047,0.10648148148148148,0.5171428571428571,0.3585243988891463,0.35676883800297143,0.07714285714285714,0.009259259259259259,0.014285714285714285,0.38285714285714284,15.98857142857143,0.004629629629629629,0.0,0.033425298109514154,0.11836634914903714,4.157407407407407,0.0,0.0,0.15,0.0787037037037037,0,0.11558037564529404,0.21214883095904558,1.0718105596137706,0.41299437143330875,0.0,1.0,0.0,0.2,0.0,0.7354884383041257,0.2,0.08,0.009259259259259259,0.05,0.25
321,0.9822971902540047,0.4869318133313983,0.9106156909251769,0.4893595073966615,0.24869350175742913,0.48723437491523464,0.8055555555555556,0.3758987367984382,0.36841170459039047,0.10648148148148148,0.49714285714285716,0.3585243988891463,0.35676883800297143,0.07714285714285714,0.004629629629629629,0.011428571428571429,0.38285714285714284,15.98857142857143,0.004629629629629629,0.0,0.033425298109514154,0.11836634914903714,4.157407407407407,0.0,0.0,0.15,0.0787037037037037,0,0.11511675948135328,0.21108808680425034,1.0618029198500667,0.40473448400464257,0.0,1.0,0.0,0.2,0.0,0.7354884383041257,0.2,0.08,0.004629629629629629,0.05,0.25
322,0.981137182610077,0.4867292114080023,0.909899800493496,0.4892983470577997,0.24869350175742913,0.4868500834073367,0.8333333333333334,0.3757135516132531,0.3682728157015016,0.10648148148148148,0.5142857142857142,0.35841011317486055,0.3566831237172572,0.07714285714285714,0.013888888888888888,0.017142857142857144,0.38285714285714284,15.997142857142856,0.004629629629629629,0.0,0.033425298109514154,0.11836634914903714,4.157407407407407,0.0,0.0,0.15,0.0787037037037037,0,0.11514103282680367,0.2100326463702291,1.0577097185959223,0.4074700084134727,0.0,0.8333333333333334,0.0,0.2,0.0,0.7354884383041257,0.2,0.08,0.013888888888888888,0.05,0.25
323,0.9810481325803923,0.48620786093474017,0.9098448439037478,0.4886236756788654,0.24869350175742913,0.4865128230952123,0.8287037037037037,0.3757135516132531,0.3682728157015016,0.10648148148148148,0.5114285714285715,0.35841011317486055,0.3566831237172572,0.07714285714285714,0.004629629629629629,0.008571428571428572,0.38285714285714284,16.005714285714287,0.004629629629629629,0.0,0.033425298109514154,0.11836634914903714,4.157407407407407,0.0,0.0,0.15,0.0787037037037037,0,0.11465104194838394,0.20898248313837794,1.0451269527954326,0.3993206082452032,0.0,1.0,0.0,0.2,0.0,0.7354884383041257,0.2,0.08,0.004629629629629629,0.05,0.25
324,0.9804603121562676,0.4863087469712742,0.9094820747277162,0.48873181921562897,0.24869350175742913,0.4860713298621189,0.7731481481481481,0.3754357738354753,0.36806448236816824,0.10648148148148148,0.47714285714285715,0.358238684603432,0.3565545522886857,0.07714285714285714,0.018518518518518517,0.022857142857142857,0.38285714285714284,16.014285714285716,0.004629629629629629,0.0,0.033425298109514154,0.11836634914903714,4.157407407407407,0.0,0.0,0.15,0.0787037037037037,0,0.11513464388149917,0.20879176561362217,1.0470815565966667,0.5119061990389958,0.0,0.75,0.0,0.2,0.0,0.7354884383041257,0.2,0.08,0.018518518518518517,0.05,0.25
325,0.9811207735096894,0.48589397925309225,0.9098896737343998,0.4882209297096272,0.24869350175742913,0.4855082497063879,0.8240740740740741,0.3754357738354753,0.36806448236816824,0.10648148148148148,0.5085714285714286,0.358238684603432,0.3565545522886857,0.07714285714285714,0.009259259259259259,0.011428571428571429,0.38285714285714284,16.02,0.004629629629629629,0.0,0.033425298109514154,0.11836634914903714,4.157407407407407,0.0,0.0,0.15,0.0787037037037037,0,0.11467325637637739,0.20774780678555405,1.0375684968933048,0.501668075058216,0.0,1.0,0.0,0.2,0.0,0.7354884383041257,0.2,0.08,0.009259259259259259,0.05,0.25
326,0.9810966878038769,0.4865822977343807,0.9098748094130984,0.4887964562581429,0.24869350175742913,0.4850531714168938,0.8518518518518519,0.3752505886502901,0.36792559347927933,0.10648148148148148,0.5257142857142857,0.35812439888914627,0.3564688380029714,0.07714285714285714,0.018518518518518517,0.02,0.38285714285714284,16.017142857142858,0.004629629629629629,0.0,0.033425298109514154,0.11836634914903714,4.157407407407407,0.0,0.0,0.15,0.0787037037037037,0,0.11469974723735263,0.20670906775162629,1.0368171269554387,0.5041641789326873,0.0,0.8571428571428571,0.0,0.2,0.0,0.7354884383041257,0.2,0.08,0.018518518518518517,0.05,0.25
327,0.9820807515666429,0.4875160063297008,0.9104821173352622,0.4893377504050164,0.24869350175742913,0.4847981355061821,0.8287037037037037,0.3752505886502901,0.36792559347927933,0.10648148148148148,0.5114285714285715,0.35812439888914627,0.3564688380029714,0.07714285714285714,0.018518518518518517,0.02,0.38285714285714284,16.02857142857143,0.004629629629629629,0.0,0.033425298109514154,0.11836634914903714,4.157407407407407,0.0,0.0,0.15,0.0787037037037037,0,0.11426910564402301,0.20567552241286816,1.03608078441633,0.4940808953540335,0.0,1.0,0.0,0.2,0.0,0.7354884383041257,0.2,0.08,0.018518518518518517,0.05,0.25
328,0.9821493422267777,0.4877574180983323,0.9105244475712313,0.4898134224466313,0.24869350175742913,0.48463629196931524,0.8055555555555556,0.3750654034651049,0.3677867045903905,0.10648148148148148,0.49714285714285716,0.3580101131748606,0.3563831237172571,0.07714285714285714,0.018518518518518517,0.014285714285714285,0.38285714285714284,16.025714285714287,0.004629629629629629,0.0,0.033425298109514154,0.11836634914903714,4.157407407407407,0.0,0.0,0.15,0.0787037037037037,0,0.11421204583008861,0.20464714480080382,1.0296448830137175,0.4982201997598256,0.0,0.8,0.0,0.2,0.0,0.7354884383041257,0.2,0.08,0.018518518518518517,0.05,0.25
329,0.9828667688818364,0.4872657232948067,0.9109672023069247,0.4888970034673343,0.24869350175742913,0.48471596289255553,0.8055555555555556,0.3750654034651049,0.3677867045903905,0.10648148148148148,0.49714285714285716,0.3580101131748606,0.3563831237172571,0.07714285714285714,0.009259259259259259,0.011428571428571429,0.38285714285714284,16.03142857142857,0.004629629629629629,0.0,0.033425298109514154,0.11836634914903714,4.157407407407407,0.0,0.0,0.15,0.0787037037037037,0,0.11378369988665243,0.20362390907679978,1.0204805567820148,0.4882557957646291,0.0,1.0,0.0,0.2,0.0,0.7354884383041257,0.2,0.08,0.009259259259259259,0.05,0.25
330,0.9822948230988845,0.4855531438325934,0.910614230052303,0.4884928517054397,0.24869350175742913,0.48474910074585925,0.8379629629629629,0.3750654034651049,0.3677867045903905,0.10648148148148148,0.5171428571428571,0.3580101131748606,0.3563831237172571,0.07714285714285714,0.004629629629629629,0.008571428571428572,0.38285714285714284,16.02285714285714,0.004629629629629629,0.0,0.033425298109514154,0.11836634914903714,4.157407407407407,0.0,0.0,0.15,0.0787037037037037,0,0.11335721067293347,0.2026057895314158,1.0086423742178032,0.4784906798493365,0.0,1.0,0.0,0.2,0.0,0.7354884383041257,0.2,0.08,0.004629629629629629,0.05,0.25
331,0.9813865224521128,0.4853748831575348,0.9100536787960095,0.48831323415943173,0.24869350175742913,0.48468670129145175,0.8472222222222222,0.3748802182799197,0.36764781570150157,0.10648148148148148,0.5228571428571429,0.35789582746057486,0.35629740943154287,0.07714285714285714,0.013888888888888888,0.014285714285714285,0.38285714285714284,16.025714285714287,0.004629629629629629,0.0,0.033425298109514154,0.11836634914903714,4.157407407407407,0.0,0.0,0.15,0.0787037037037037,0,0.11339013890528309,0.20159276058375872,1.0027552410191611,0.5243283834217112,0.0,0.8,0.0,0.2,0.0,0.7354884383041257,0.2,0.08,0.013888888888888888,0.05,0.25
332,0.9806243155820776,0.48640170078605194,0.9095832882705022,0.48884705051763394,0.24869350175742913,0.4845759137730584,0.8425925925925926,0.3748802182799197,0.36764781570150157,0.10648148148148148,0.52,0.35789582746057486,0.35629740943154287,0.07714285714285714,0.018518518518518517,0.02,0.38285714285714284,16.025714285714287,0.004629629629629629,0.0,0.033425298109514154,0.11836634914903714,4.157407407407407,0.0,0.0,0.15,0.0787037037037037,0,0.11299447392504239,0.20058479678083993,1.002700136198778,0.513841815753277,0.0,1.0,0.0,0.2,0.0,0.7354884383041257,0.2,0.08,0.018518518518518517,0.05,0.25
333,0.9833741092384485,0.48576949700885214,0.9100575918509104,0.4881753336635708,0.24869350175742913,0.48465861958860196,0.8697674418604651,0.37483257356342875,0.3690083509222622,0.10697674418604651,0.5342857142857143,0.35789582746057486,0.35629740943154287,0.07714285714285714,0.004651162790697674,0.014285714285714285,0.38571428571428573,16.03142857142857,0.0,0.002857142857142857,0.033631839373489174,0.11836634914903714,3.8976744186046512,0.0,0.0,0.15,0.07906976744186046,0,0.11257235869827432,0.19958187279693573,0.9969318477605167,0.5035649794382114,0.0,1.0,0.0,0.2,0.0,0.7354884383041257,0.2,0.08,0.009259259259259259,0.05,0.25
334,0.98248896053721,0.48772822400840643,0.9095138576487211,0.48930327454565015,0.24869350175742913,0.48465338350467174,0.8372093023255814,0.37483257356342875,0.3690083509222622,0.10697674418604651,0.5142857142857142,0.35789582746057486,0.35629740943154287,0.07714285714285714,0.004651162790697674,0.002857142857142857,0.38571428571428573,16.037142857142857,0.0,0.0,0.03365155938328839,0.11836634914903714,3.8976744186046512,0.0,0.0,0.15,0.07906976744186046,0,0.11203806833335439,0.19858396343295107,0.9798503536624491,0.4934936798494472,0.0,1.0,0.0,0.2,0.0,0.7354884383041257,0.2,0.08,0.004651162790697674,0.05,0.25
335,0.9820392093563087,0.48581682540760807,0.9092375819233103,0.48812670400006797,0.24869350175742913,0.4846072710405543,0.8558139534883721,0.37483257356342875,0.3690083509222622,0.10697674418604651,0.5257142857142857,0.35789582746057486,0.35629740943154287,0.07714285714285714,0.0,0.0,0.38571428571428573,16.03142857142857,0.0,0.0,0.03365155938328839,0.11836634914903714,3.8976744186046512,0.0,0.0,0.15,0.07906976744186046,0,0.1114778779916876,0.19759104361578628,0.9602533465892003,0.48362380625245827,0.0,0.0,0.0,0.2,0.0,0.7354884383041257,0.2,0.08,0.0,0.05,0.25
336,0.9828877748648972,0.48552691170884815,0.9097588435928716,0.4873434083515294,0.24869350175742913,0.4844480882265551,0.8418604651162791,0.37483257356342875,0.3690083509222622,0.10697674418604651,0.5171428571428571,0.35789582746057486,0.35629740943154287,0.07714285714285714,0.0,0.0,0.38571428571428573,16.034285714285716,0.0,0.0,0.03365155938328839,0.11836634914903714,3.8976744186046512,0.0,0.0,0.15,0.07906976744186046,0,0.11092048860172915,0.19660308839770738,0.9410482796574161,0.47395133012740903,0.0,0.0,0.0,0.2,0.0,0.7354884383041257,0.2,0.08,0.0,0.05,0.25
337,0.9824358213787949,0.4856786310049093,0.9094812150228375,0.48674125266593493,0.24869350175742913,0.4842214742184434,0.8744186046511628,0.37483257356342875,0.3690083509222622,0.10697674418604651,0.5371428571428571,0.35789582746057486,0.35629740943154287,0.07714285714285714,0.0,0.0,0.38571428571428573,16.045714285714286,0.0,0.0,0.03365155938328839,0.11836634914903714,3.8976744186046512,0.0,0.0,0.15,0.07906976744186046,0,0.11036588615872052,0.19562007295571884,0.9222273140642677,0.46447230352486085,0.0,0.0,0.0,0.2,0.0,0.7354884383041257,0.2,0.08,0.0,0.05,0.25
338,0.9845246902100604,0.4855820911581026,0.9107643773049005,0.48643453043284807,0.24869350175742913,0.48412681734832264,0.8093023255813954,0.37483257356342875,0.3690083509222622,0.10697674418604651,0.49714285714285716,0.35789582746057486,0.35629740943154287,0.07714285714285714,0.009302325581395349,0.005714285714285714,0.38571428571428573,16.045714285714286,0.0,0.0,0.03365155938328839,0.11836634914903714,3.8976744186046512,0.0,0.0,0.15,0.07906976744186046,0,0.10992748815292691,0.19464197259094024,0.9094970534972683,0.45518285745436365,0.0,1.0,0.0,0.2,0.0,0.7354884383041257,0.2,0.08,0.009302325581395349,0.05,0.25
339,0.9851750227100995,0.48614874398960645,0.9111638672692102,0.48712458033381595,0.24869350175742913,0.4839293322262499,0.8232558139534883,0.37483257356342875,0.3690083509222622,0.10697674418604651,0.5057142857142857,0.35789582746057486,0.35629740943154287,0.07714285714285714,0.0,0.0,0.38571428571428573,16.048571428571428,0.0,0.0,0.03365155938328839,0.11836634914903714,3.8976744186046512,0.0,0.0,0.15,0.07906976744186046,0,0.10937785071216227,0.19366876272798553,0.8913071124273226,0.44607920030527637,0.0,0.0,0.0,0.2,0.0,0.7354884383041257,0.2,0.08,0.0,0.05,0.25
340,0.9851196969427257,0.4859134891588755,0.9111298814406807,0.48649629134476186,0.24869350175742913,0.4838047598532531,0.8418604651162791,0.37483257356342875,0.3690083509222622,0.10697674418604651,0.5171428571428571,0.35789582746057486,0.35629740943154287,0.07714285714285714,0.0,0.0,0.38571428571428573,16.045714285714286,0.0,0.0,0.03365155938328839,0.11836634914903714,3.8976744186046512,0.0,0.0,0.15,0.07906976744186046,0,0.10883096145860147,0.1927004189143456,0.8734809701787764,0.43715761629917077,0.0,0.0,0.0,0.2,0.0,0.7354884383041257,0.2,0.08,0.0,0.05,0.25
341,0.9834766928830482,0.4853067670900237,0.9101206075183073,0.4861849723758285,0.24869350175742913,0.4839395457538443,0.8093023255813954,0.37483257356342875,0.3690083509222622,0.10697674418604651,0.49714285714285716,0.35789582746057486,0.35629740943154287,0.07714285714285714,0.0,0.0,0.38571428571428573,16.034285714285716,0.0,0.0,0.03365155938328839,0.11836634914903714,3.8976744186046512,0.0,0.0,0.15,0.07906976744186046,0,0.10828680665130846,0.1917369168197739,0.8560113507752009,0.42841446397318733,0.0,0.0,0.0,0.2,0.0,0.7354884383041257,0.2,0.08,0.0,0.05,0.25
342,0.9848491851641898,0.4852374540923543,0.9109637099195801,0.4862954620731984,0.24869350175742913,0.48395104251508636,0.827906976744186,0.37483257356342875,0.3690083509222622,0.10697674418604651,0.5085714285714286,0.35789582746057486,0.35629740943154287,0.07714285714285714,0.0,0.0,0.38571428571428573,16.02857142857143,0.0,0.0,0.03365155938328839,0.11836634914903714,3.8976744186046512,0.0,0.0,0.15,0.07906976744186046,0,0.10774537261805191,0.190778232235675,0.8388911237596967,0.4198461746937236,0.0,0.0,0.0,0.2,0.0,0.7354884383041257,0.2,0.08,0.0,0.05,0.25
343,0.9840821705337547,0.48369208735303276,0.9104925437894557,0.4851517941185451,0.24869350175742913,0.4838136826447727,0.8093023255813954,0.3747395503076148,0.3689385834804017,0.10697674418604651,0.49714285714285716,0.357838684603432,0.35625455228868574,0.07714285714285714,0.004651162790697674,0.002857142857142857,0.38571428571428573,16.02857142857143,0.0,0.0,0.03365155938328839,0.11836634914903714,3.8976744186046512,0.0,0.0,0.15,0.07906976744186046,0,0.1076352171835331,0.18982434107449664,0.8249704441416456,0.49575296157658433,0.0,0.0,0.0,0.2,0.0,0.7354884383041257,0.2,0.08,0.004651162790697674,0.05,0.25
344,0.9853925589233327,0.4843112753701493,0.9112974966573393,0.48561662975744835,0.24869350175742913,0.4837025883366628,0.813953488372093,0.3745535037959869,0.3687990485966808,0.10697674418604651,0.5,0.3577243988891463,0.3561688380029715,0.07714285714285714,0.009302325581395349,0.005714285714285714,0.38571428571428573,16.017142857142858,0.0,0.0,0.03365155938328839,0.11836634914903714,3.8976744186046512,0.0,0.0,0.15,0.07906976744186046,0,0.10795418395475828,0.20141712725513883,0.8141853209730984,0.4858379023450527,0.0,0.0,0.0,0.2,0.0,0.7354884383041257,0.2,0.08,0.009302325581395349,0.05,0.25
345,0.9853318619556458,0.4855231854384545,0.9112602113771887,0.4868267971215221,0.24869350175742913,0.48370404533641226,0.8046511627906977,0.3745535037959869,0.3687990485966808,0.10697674418604651,0.4942857142857143,0.3577243988891463,0.3561688380029715,0.07714285714285714,0.0,0.0,0.38571428571428573,16.017142857142858,0.0,0.0,0.03365155938328839,0.11836634914903714,3.8976744186046512,0.0,0.0,0.15,0.07906976744186046,0,0.1074144130349845,0.2004100416188631,0.7979016145536364,0.4761211442981516,0.0,0.0,0.0,0.2,0.0,0.7354884383041257,0.2,0.08,0.0,0.05,0.25
346,0.9836388783806107,0.4853870730354972,0.9102202357525243,0.4869426430331202,0.24869350175742913,0.48364835119452765,0.827906976744186,0.3745535037959869,0.3687990485966808,0.10697674418604651,0.5085714285714286,0.3577243988891463,0.3561688380029715,0.07714285714285714,0.009302325581395349,0.005714285714285714,0.38571428571428573,16.02,0.0,0.0,0.03365155938328839,0.11836634914903714,3.8976744186046512,0.0,0.0,0.15,0.07906976744186046,0,0.10710195214937848,0.1994079914107688,0.7876578679768494,0.46659872141218856,0.0,1.0,0.0,0.2,0.0,0.7354884383041257,0.2,0.08,0.009302325581395349,0.05,0.25
347,0.9843053089492853,0.4862953976104237,0.9106296145304242,0.4880858245710421,0.24869350175742913,0.4835241387715318,0.8651162790697674,0.3745535037959869,0.3687990485966808,0.10697674418604651,0.5314285714285715,0.3577243988891463,0.3561688380029715,0.07714285714285714,0.009302325581395349,0.005714285714285714,0.38571428571428573,16.01142857142857,0.0,0.0,0.03365155938328839,0.11836634914903714,3.8976744186046512,0.0,0.0,0.15,0.07906976744186046,0,0.10659501381720304,0.19841095145371493,0.7776189963315981,0.45726674698394476,0.0,1.0,0.0,0.2,0.0,0.7354884383041257,0.2,0.08,0.009302325581395349,0.05,0.25
348,0.9845427281263469,0.4857508995587575,0.9107754577391909,0.4869211911754126,0.24869350175742913,0.48344087194241064,0.8837209302325582,0.3745535037959869,0.3687990485966808,0.10697674418604651,0.5428571428571428,0.3577243988891463,0.3561688380029715,0.07714285714285714,0.0,0.0,0.38571428571428573,16.01142857142857,0.0,0.0,0.03365155938328839,0.11836634914903714,3.8976744186046512,0.0,0.0,0.15,0.07906976744186046,0,0.10606203874811704,0.19741889669644636,0.7620666164049663,0.4481214120442659,0.0,0.0,0.0,0.2,0.0,0.7354884383041257,0.2,0.08,0.0,0.05,0.25
349,0.9846716895136639,0.48514564784435615,0.9108546768771141,0.48611973459861213,0.24869350175742913,0.48344396764118935,0.8465116279069768,0.3745535037959869,0.3687990485966808,0.10697674418604651,0.52,0.3577243988891463,0.3561688380029715,0.07714285714285714,0.009302325581395349,0.005714285714285714,0.38571428571428573,16.014285714285716,0.0,0.0,0.03365155938328839,0.11836634914903714,3.8976744186046512,0.0,0.0,0.15,0.07906976744186046,0,0.10558872855437644,0.19643180221296414,0.7525395697911523,0.4391589838033806,0.0,1.0,0.0,0.2,0.0,0.7354884383041257,0.2,0.08,0.009302325581395349,0.05,0.25
350,0.9823050935059051,0.4840852351526429,0.9094009107580623,0.4857983915949922,0.24869350175742913,0.48345492996640416,0.8697674418604651,0.3745535037959869,0.3687990485966808,0.10697674418604651,0.5342857142857143,0.3577243988891463,0.3561688380029715,0.07714285714285714,0.0,0.0,0.38571428571428573,16.014285714285716,0.0,0.0,0.03365155938328839,0.11836634914903714,3.8976744186046512,0.0,0.0,0.15,0.07906976744186046,0,0.10506078491160456,0.1954496432018993,0.7374887783953296,0.43037580412731297,0.0,0.0,0.0,0.2,0.0,0.7354884383041257,0.2,0.08,0.0,0.05,0.25
351,0.9818038155003623,0.4838292204992635,0.9090929828403718,0.48500947225223595,0.24869350175742913,0.4833060235838788,0.8418604651162791,0.374274434028545,0.36858974627109936,0.10697674418604651,0.5171428571428571,0.3575529703177177,0.3560402665744,0.07714285714285714,0.018604651162790697,0.011428571428571429,0.38571428571428573,16.02857142857143,0.0,0.0,0.03365155938328839,0.11836634914903714,3.8976744186046512,0.0,0.0,0.15,0.07906976744186046,0,0.10544962384418938,0.1944723949858898,0.7341675742559943,0.5307785976930499,0.0,0.5,0.0,0.2,0.0,0.7354884383041257,0.2,0.08,0.018604651162790697,0.05,0.25
352,0.9821942371154803,0.4831839507593084,0.9093328132610871,0.48448694424885314,0.24869350175742913,0.4831988451647129,0.8418604651162791,0.374274434028545,0.36858974627109936,0.10697674418604651,0.5171428571428571,0.3575529703177177,0.3560402665744,0.07714285714285714,0.0,0.0,0.38571428571428573,16.025714285714287,0.0,0.0,0.03365155938328839,0.11836634914903714,3.8976744186046512,0.0,0.0,0.15,0.07906976744186046,0,0.10492237572496843,0.19350003301096036,0.7194842227708744,0.5201630257391889,0.0,0.0,0.0,0.2,0.0,0.7354884383041257,0.2,0.08,0.0,0.05,0.25
353,0.9817430823286493,0.48268445438177815,0.9090556753206049,0.48363273622808267,0.24869350175742913,0.48299393162920945,0.8511627906976744,0.374274434028545,0.36858974627109936,0.10697674418604651,0.5228571428571429,0.3575529703177177,0.3560402665744,0.07714285714285714,0.009302325581395349,0.005714285714285714,0.38571428571428573,16.02,0.0,0.0,0.03365155938328839,0.11836634914903714,3.8976744186046512,0.0,0.0,0.15,0.07906976744186046,0,0.10445476384634358,0.19253253284590555,0.7108088240297427,0.5097597652244051,0.0,1.0,0.0,0.2,0.0,0.7354884383041257,0.2,0.08,0.009302325581395349,0.05,0.25
354,0.9822226660974852,0.48286174810042204,0.9093502767786042,0.48318531915787055,0.24869350175742913,0.48286808641621254,0.8558139534883721,0.374274434028545,0.36858974627109936,0.10697674418604651,0.5257142857142857,0.3575529703177177,0.3560402665744,0.07714285714285714,0.004651162790697674,0.002857142857142857,0.38571428571428573,16.034285714285716,0.0,0.0,0.03365155938328839,0.11836634914903714,3.8976744186046512,0.0,0.0,0.15,0.07906976744186046,0,0.10396106145568332,0.191569870181676,0.6994497904062906,0.49956456991991705,0.0,1.0,0.0,0.2,0.0,0.7354884383041257,0.2,0.08,0.004651162790697674,0.05,0.25
355,0.9818349419361695,0.48231825909864684,0.9091121033652247,0.4819561912412503,0.24869350175742913,0.48275353609007426,0.8325581395348837,0.374274434028545,0.36858974627109936,0.10697674418604651,0.5114285714285715,0.3575529703177177,0.3560402665744,0.07714285714285714,0.004651162790697674,0.002857142857142857,0.38571428571428573,16.034285714285716,0.0,0.0,0.03365155938328839,0.11836634914903714,3.8976744186046512,0.0,0.0,0.15,0.07906976744186046,0,0.10346982757697631,0.19061202083076764,0.6883179374553077,0.4895732785215187,0.0,1.0,0.0,0.2,0.0,0.7354884383041257,0.2,0.08,0.004651162790697674,0.05,0.25
356,0.9821805877308423,0.482609480690196,0.9093244286390951,0.4818262426717574,0.24869350175742913,0.4824859361911003,0.827906976744186,0.374274434028545,0.36858974627109936,0.10697674418604651,0.5085714285714286,0.3575529703177177,0.3560402665744,0.07714285714285714,0.004651162790697674,0.002857142857142857,0.38571428571428573,16.02857142857143,0.0,0.0,0.03365155938328839,0.11836634914903714,3.8976744186046512,0.0,0.0,0.15,0.07906976744186046,0,0.10298104986766285,0.18965896072661378,0.6774087215633443,0.47978181295108835,0.0,1.0,0.0,0.2,0.0,0.7354884383041257,0.2,0.08,0.004651162790697674,0.05,0.25
357,0.9814671321625398,0.48179922527047947,0.9088861630757092,0.48155740952824494,0.24869350175742913,0.48215968047122354,0.8186046511627907,0.3740883875169171,0.36845021138737843,0.10697674418604651,0.5028571428571429,0.357438684603432,0.3559545522886857,0.07714285714285714,0.004651162790697674,0.002857142857142857,0.38571428571428573,16.03142857142857,0.0,0.0,0.03365155938328839,0.11836634914903714,3.8976744186046512,0.0,0.0,0.15,0.07906976744186046,0,0.102894716046896,0.18871066592298072,0.6667176899892202,0.4951077063090901,0.0,0.0,0.0,0.2,0.0,0.7354884383041257,0.2,0.08,0.004651162790697674,0.05,0.25
358,0.9835101068647191,0.4826729270983882,0.9101411332499052,0.4828675688106418,0.24869350175742913,0.48191929692068836,0.8511627906976744,0.3740883875169171,0.36845021138737843,0.10697674418604651,0.5228571428571429,0.357438684603432,0.3559545522886857,0.07714285714285714,0.004651162790697674,0.002857142857142857,0.38571428571428573,16.045714285714286,0.0,0.0,0.03365155938328839,0.11836634914903714,3.8976744186046512,0.0,0.0,0.15,0.07906976744186046,0,0.10243724246666147,0.18776711259336581,0.6562404790465788,0.4852055521829083,0.0,1.0,0.0,0.2,0.0,0.7354884383041257,0.2,0.08,0.004651162790697674,0.05,0.25
359,0.9840217956244245,0.4828978151854531,0.9104554563451529,0.4831406106951455,0.24869350175742913,0.48163796386230956,0.8046511627906977,0.3740883875169171,0.36845021138737843,0.10697674418604651,0.4942857142857143,0.357438684603432,0.3559545522886857,0.07714285714285714,0.0,0.0,0.38571428571428573,16.04,0.0,0.0,0.03365155938328839,0.11836634914903714,3.8976744186046512,0.0,0.0,0.15,0.07906976744186046,0,0.1019250562543282,0.186828277030399,0.6431156694656471,0.47550144113925014,0.0,0.0,0.0,0.2,0.0,0.7354884383041257,0.2,0.08,0.0,0.05,0.25
360,0.9831693745714987,0.4833913929766659,0.9099318262697841,0.4835533601185268,0.24869350175742913,0.4813783287431934,0.8186046511627907,0.3740883875169171,0.36845021138737843,0.10697674418604651,0.5028571428571429,0.357438684603432,0.3559545522886857,0.07714285714285714,0.0,0.0,0.38571428571428573,16.045714285714286,0.0,0.0,0.03365155938328839,0.11836634914903714,3.8976744186046512,0.0,0.0,0.15,0.07906976744186046,0,0.10141543097305655,0.18589413564524698,0.6302533560763341,0.4659914123164651,0.0,0.0,0.0,0.2,0.0,0.7354884383041257,0.2,0.08,0.0,0.05,0.25
361,0.9839479709467465,0.48398252912606643,0.9104101069002933,0.4843449297736707,0.24869350175742913,0.48116006775278225,0.8093023255813954,0.3738093177494752,0.368240909061797,0.10697674418604651,0.49714285714285716,0.35726725603200343,0.3558259808601143,0.07714285714285714,0.018604651162790697,0.011428571428571429,0.38571428571428573,16.04,0.0,0.0,0.03365155938328839,0.11836634914903714,3.8976744186046512,0.0,0.0,0.15,0.07906976744186046,0,0.10185078310390554,0.2059936420186783,0.629076860383379,0.4756882121806632,0.0,0.5,0.0,0.2,0.0,0.7354884383041257,0.2,0.08,0.018604651162790697,0.05,0.25
362,0.9842044627089528,0.48408247451893605,0.9105676661256488,0.4841503075123253,0.24869350175742913,0.4808777420732194,0.8325581395348837,0.3738093177494752,0.368240909061797,0.10697674418604651,0.5114285714285715,0.35726725603200343,0.3558259808601143,0.07714285714285714,0.013953488372093023,0.008571428571428572,0.38571428571428573,16.034285714285716,0.0,0.0,0.03365155938328839,0.11836634914903714,3.8976744186046512,0.0,0.0,0.15,0.07906976744186046,0,0.10137010061695743,0.20496367380858493,0.6250667517471399,0.46617444793704993,0.0,1.0,0.0,0.2,0.0,0.7354884383041257,0.2,0.08,0.013953488372093023,0.05,0.25
363,0.9844496197686242,0.48407245589508985,0.9107182626051612,0.48398632204751396,0.24869350175742913,0.4805579208409979,0.8465116279069768,0.3738093177494752,0.368240909061797,0.10697674418604651,0.52,0.35726725603200343,0.3558259808601143,0.07714285714285714,0.013953488372093023,0.008571428571428572,0.38571428571428573,16.034285714285716,0.0,0.0,0.03365155938328839,0.11836634914903714,3.8976744186046512,0.0,0.0,0.15,0.07906976744186046,0,0.10089182154244408,0.203938855439542,0.6211368452836257,0.45685095897830896,0.0,1.0,0.0,0.2,0.0,0.7354884383041257,0.2,0.08,0.013953488372093023,0.05,0.25
364,0.9823566110692198,0.4844424618986076,0.9094325572612414,0.4843147982296626,0.24869350175742913,0.4802342805589977,0.8651162790697674,0.37371629449366134,0.3681711416199366,0.10697674418604651,0.5314285714285715,0.3572101131748605,0.3557831237172572,0.07714285714285714,0.013953488372093023,0.008571428571428572,0.38571428571428573,16.014285714285716,0.0,0.0,0.03365155938328839,0.11836634914903714,3.8976744186046512,0.0,0.0,0.15,0.07906976744186046,0,0.10084450529187472,0.2029191611623443,0.6172855369493817,0.46757349900655165,0.0,0.6666666666666666,0.0,0.2,0.0,0.7354884383041257,0.2,0.08,0.013953488372093023,0.05,0.25
365,0.9822998394081568,0.48542993846197724,0.909397683240874,0.4844310482911604,0.24869350175742913,0.47987965396556476,0.8558139534883721,0.3735302479820334,0.3680316067362156,0.10697674418604651,0.5257142857142857,0.35709582746057483,0.3556974094315429,0.07714285714285714,0.013953488372093023,0.008571428571428572,0.38571428571428573,16.014285714285716,0.0,0.0,0.03365155938328839,0.11836634914903714,3.8976744186046512,0.0,0.0,0.15,0.07906976744186046,0,0.10079742562255822,0.22442701116948283,0.6135112547818226,0.47649996368347586,0.0,0.6666666666666666,0.0,0.2,0.0,0.7354884383041257,0.2,0.08,0.013953488372093023,0.05,0.25
366,0.9821436169489299,0.4850149674643907,0.9093017180159204,0.4846008644574616,0.24869350175742913,0.47955073454871566,0.813953488372093,0.37343722472621943,0.36796183929435516,0.10697674418604651,0.5,0.357038684603432,0.35565455228868575,0.07714285714285714,0.013953488372093023,0.008571428571428572,0.38571428571428573,16.02857142857143,0.0,0.0,0.03365155938328839,0.11836634914903714,3.8976744186046512,0.0,0.0,0.15,0.07906976744186046,0,0.10075058135158829,0.22330487611363542,0.6098124582576148,0.49300624628702155,0.0,0.6666666666666666,0.0,0.2,0.0,0.7354884383041257,0.2,0.08,0.013953488372093023,0.05,0.25
367,0.9820023913936885,0.48451299030268896,0.9092149651748436,0.4841093571798365,0.24869350175742913,0.47916057628232034,0.7813953488372093,0.37343722472621943,0.36796183929435516,0.10697674418604651,0.48,0.357038684603432,0.35565455228868575,0.07714285714285714,0.009302325581395349,0.005714285714285714,0.38571428571428573,16.037142857142857,0.0,0.0,0.03365155938328839,0.11836634914903714,3.8976744186046512,0.0,0.0,0.15,0.07906976744186046,0,0.10027539987340177,0.22218835173306725,0.6033304948067482,0.48314612136128116,0.0,1.0,0.0,0.2,0.0,0.7354884383041257,0.2,0.08,0.009302325581395349,0.05,0.25
368,0.9830722201428206,0.48520068010329354,0.9098721456921676,0.4849766771617826,0.24869350175742913,0.47872124683442147,0.827906976744186,0.37343722472621943,0.36796183929435516,0.10697674418604651,0.5085714285714286,0.357038684603432,0.35565455228868575,0.07714285714285714,0.009302325581395349,0.005714285714285714,0.38571428571428573,16.045714285714286,0.0,0.0,0.03365155938328839,0.11836634914903714,3.8976744186046512,0.0,0.0,0.15,0.07906976744186046,0,0.09980259430260618,0.2210774099744019,0.5969781706248989,0.4734831989340555,0.0,1.0,0.0,0.2,0.0,0.7354884383041257,0.2,0.08,0.009302325581395349,0.05,0.25
369,0.9833279282918878,0.4856794347031334,0.910029223555166,0.4848142328435279,0.24869350175742913,0.4783004211781764,0.827906976744186,0.37306513170296357,0.36768276952691326,0.10697674418604651,0.5085714285714286,0.35681011317486055,0.35548312371725715,0.07714285714285714,0.018604651162790697,0.011428571428571429,0.38571428571428573,16.04,0.0,0.0,0.03365155938328839,0.11836634914903714,3.8976744186046512,0.0,0.0,0.15,0.07906976744186046,0,0.10018929561680744,0.21997202292452986,0.5964671786409722,0.5338007788598003,0.0,0.5,0.0,0.2,0.0,0.7354884383041257,0.2,0.08,0.018604651162790697,0.05,0.25
370,0.9821977131870606,0.48540184103026673,0.9093349485622008,0.48436230774673344,0.24869350175742913,0.4780265547711367,0.827906976744186,0.37297210844714973,0.3676130020850529,0.10697674418604651,0.5085714285714286,0.3567529703177177,0.35544026657440003,0.07714285714285714,0.004651162790697674,0.002857142857142857,0.38571428571428573,16.04,0.0,0.0,0.03365155938328839,0.11836634914903714,3.8976744186046512,0.0,0.0,0.15,0.07906976744186046,0,0.10011692056729483,0.23841985712967972,0.5873949779252957,0.5653164697067947,0.0,0.0,0.0,0.2,0.0,0.7354884383041257,0.2,0.08,0.004651162790697674,0.05,0.25
371,0.9822958491012738,0.4865764245368425,0.9093952320523603,0.48525173235112073,0.24869350175742913,0.47767816347429176,0.8325581395348837,0.3728790851913357,0.36754323464319233,0.10697674418604651,0.5114285714285715,0.3566958274605748,0.35539740943154285,0.07714285714285714,0.013953488372093023,0.008571428571428572,0.38571428571428573,16.048571428571428,0.0,0.0,0.03365155938328839,0.11836634914903714,3.8976744186046512,0.0,0.0,0.15,0.07906976744186046,0,0.1001019073930298,0.23722775784403133,0.5842185069382183,0.577093669477861,0.0,0.6666666666666666,0.0,0.2,0.0,0.7354884383041257,0.2,0.08,0.013953488372093023,0.05,0.25
372,0.9827548822291657,0.48696964628012845,0.9096772095452081,0.48615837192167205,0.24869350175742913,0.4773754955553019,0.827906976744186,0.3728790851913357,0.36754323464319233,0.10697674418604651,0.5085714285714286,0.3566958274605748,0.35539740943154285,0.07714285714285714,0.009302325581395349,0.005714285714285714,0.38571428571428573,16.054285714285715,0.0,0.0,0.03365155938328839,0.11836634914903714,3.8976744186046512,0.0,0.0,0.15,0.07906976744186046,0,0.09962996928463606,0.23604161905481116,0.5782484225137398,0.5655517960883037,0.0,1.0,0.0,0.2,0.0,0.7354884383041257,0.2,0.08,0.009302325581395349,0.05,0.25
373,0.983411826789205,0.4852443788988501,0.910080761203518,0.4849304630199443,0.24869350175742913,0.47723113196941935,0.813953488372093,0.3728790851913357,0.36754323464319233,0.10697674418604651,0.5,0.3566958274605748,0.35539740943154285,0.07714285714285714,0.004651162790697674,0.002857142857142857,0.38571428571428573,16.05142857142857,0.0,0.0,0.03365155938328839,0.11836634914903714,3.8976744186046512,0.0,0.0,0.15,0.07906976744186046,0,0.0991603908667843,0.2348614109595371,0.5695405969206078,0.5542407601665377,0.0,1.0,0.0,0.2,0.0,0.7354884383041257,0.2,0.08,0.004651162790697674,0.05,0.25
374,0.9831799730599996,0.485245525752475,0.9099383367698632,0.48528525289264274,0.24869350175742913,0.476969435013433,0.813953488372093,0.3728790851913357,0.36754323464319233,0.10697674418604651,0.5,0.3566958274605748,0.35539740943154285,0.07714285714285714,0.004651162790697674,0.002857142857142857,0.38571428571428573,16.05142857142857,0.0,0.0,0.03365155938328839,0.11836634914903714,3.8976744186046512,0.0,0.0,0.15,0.07906976744186046,0,0.09869316034102181,0.23368710390473943,0.5610069278393384,0.543155944963207,0.0,1.0,0.0,0.2,0.0,0.7354884383041257,0.2,0.08,0.004651162790697674,0.05,0.25
375,0.9828415213258825,0.4850608705213573,0.9097304307046198,0.4853735872732154,0.24869350175742913,0.4768118163603152,0.8790697674418605,0.3726930386797078,0.3674036997594714,0.10697674418604651,0.54,0.3565815417462891,0.3553116951458286,0.07714285714285714,0.013953488372093023,0.008571428571428572,0.38571428571428573,16.054285714285715,0.0,0.0,0.03365155938328839,0.11836634914903714,3.8976744186046512,0.0,0.0,0.15,0.07906976744186046,0,0.09865683739645956,0.23251866838521573,0.5583582178539802,0.6087600315137477,0.0,0.6666666666666666,0.0,0.2,0.0,0.7354884383041257,0.2,0.08,0.013953488372093023,0.05,0.25
376,0.9826367402920382,0.4845046538836152,0.9096046366409727,0.4846433983641776,0.24869350175742913,0.47673322020567344,0.8093023255813954,0.3725069921680799,0.3672641648757505,0.10697674418604651,0.49714285714285716,0.3564672560320034,0.3552259808601143,0.07714285714285714,0.018604651162790697,0.011428571428571429,0.38571428571428573,16.054285714285715,0.0,0.0,0.03365155938328839,0.11836634914903714,3.8976744186046512,0.0,0.0,0.15,0.07906976744186046,0,0.09862069606662012,0.23135607504328964,0.558619624925472,0.6034647297788965,0.0,0.75,0.0,0.2,0.0,0.7354884383041257,0.2,0.08,0.018604651162790697,0.05,0.25
377,0.9829583632150797,0.48484304049086124,0.9098022050079839,0.48503558568200267,0.24869350175742913,0.476719569622149,0.8418604651162791,0.3725069921680799,0.3672641648757505,0.10697674418604651,0.5171428571428571,0.3564672560320034,0.3552259808601143,0.07714285714285714,0.013953488372093023,0.008571428571428572,0.38571428571428573,16.062857142857144,0.0,0.0,0.03365155938328839,0.11836634914903714,3.8976744186046512,0.0,0.0,0.15,0.07906976744186046,0,0.09815616401485847,0.2301992946680732,0.5560186609983909,0.5913954351833186,0.0,1.0,0.0,0.2,0.0,0.7354884383041257,0.2,0.08,0.013953488372093023,0.05,0.25
378,0.9833900887388182,0.4839283141919392,0.9100674078297087,0.48429860584878254,0.24869350175742913,0.4766898739604019,0.8883720930232558,0.3725069921680799,0.3672641648757505,0.10697674418604651,0.5457142857142857,0.3564672560320034,0.3552259808601143,0.07714285714285714,0.009302325581395349,0.005714285714285714,0.38571428571428573,16.074285714285715,0.0,0.0,0.03365155938328839,0.11836634914903714,3.8976744186046512,0.0,0.0,0.15,0.07906976744186046,0,0.09769395462335559,0.22904829819473282,0.550612573492709,0.5795675264796523,0.0,1.0,0.0,0.2,0.0,0.7354884383041257,0.2,0.08,0.009302325581395349,0.05,0.25
379,0.9847546562961429,0.4826540119880117,0.9109056421863511,0.48352437370106294,0.24869350175742913,0.4765832025517578,0.772093023255814,0.37232094565645196,0.36712462999202955,0.10697674418604651,0.4742857142857143,0.35635297031771773,0.3551402665744,0.07714285714285714,0.004651162790697674,0.002857142857142857,0.38571428571428573,16.071428571428573,0.0,0.0,0.03365155938328839,0.11836634914903714,3.8976744186046512,0.0,0.0,0.15,0.07906976744186046,0,0.09763405627881026,0.22790305670375915,0.5424574648799977,0.5724491977256448,0.0,0.0,0.0,0.2,0.0,0.7354884383041257,0.2,0.08,0.004651162790697674,0.05,0.25
380,0.9834592018556851,0.48157955031047794,0.91010986303007,0.48281706175143396,0.24869350175742913,0.4763725248705182,0.827906976744186,0.37232094565645196,0.36712462999202955,0.10697674418604651,0.5085714285714286,0.35635297031771773,0.3551402665744,0.07714285714285714,0.0,0.0,0.38571428571428573,16.071428571428573,0.0,0.0,0.03365155938328839,0.11836634914903714,3.8976744186046512,0.0,0.0,0.15,0.07906976744186046,0,0.09714588599741619,0.22676354142024038,0.5316083155823977,0.561000213771132,0.0,0.0,0.0,0.2,0.0,0.7354884383041257,0.2,0.08,0.0,0.05,0.25
381,0.9832665856396932,0.4805336610712502,0.9099915416402463,0.4824254155034277,0.24869350175742913,0.47612718239441676,0.7906976744186046,0.37232094565645196,0.36712462999202955,0.10697674418604651,0.4857142857142857,0.35635297031771773,0.3551402665744,0.07714285714285714,0.009302325581395349,0.005714285714285714,0.38571428571428573,16.065714285714286,0.0,0.0,0.03365155938328839,0.11836634914903714,3.8976744186046512,0.0,0.0,0.15,0.07906976744186046,0,0.09674544299600053,0.22562972371313916,0.5266904349850355,0.5497802094957094,0.0,1.0,0.0,0.2,0.0,0.7354884383041257,0.2,0.08,0.009302325581395349,0.05,0.25
382,0.9812099897661394,0.4806653279227763,0.9087282041750635,0.48272234024703475,0.24869350175742913,0.47581585331139015,0.8511627906976744,0.3721348991448241,0.3669850951083086,0.10697674418604651,0.5228571428571429,0.35623868460343205,0.3550545522886857,0.07714285714285714,0.013953488372093023,0.008571428571428572,0.38571428571428573,16.065714285714286,0.0,0.0,0.03365155938328839,0.11836634914903714,3.8976744186046512,0.0,0.0,0.15,0.07906976744186046,0,0.0967188586381634,0.22450157509457347,0.5247280548567633,0.5788286285196189,0.0,0.6666666666666666,0.0,0.2,0.0,0.7354884383041257,0.2,0.08,0.013953488372093023,0.05,0.25
383,0.982281422099886,0.48022478468919305,0.9093863697515078,0.48213970072213913,0.24869350175742913,0.475541874021031,0.827906976744186,0.3721348991448241,0.3669850951083086,0.10697674418604651,0.5085714285714286,0.35623868460343205,0.3550545522886857,0.07714285714285714,0.013953488372093023,0.008571428571428572,0.38571428571428573,16.065714285714286,0.0,0.0,0.03365155938328839,0.11836634914903714,3.8976744186046512,0.0,0.0,0.15,0.07906976744186046,0,0.09626383577354398,0.2233790672191006,0.5228049223310567,0.5672520559492266,0.0,1.0,0.0,0.2,0.0,0.7354884383041257,0.2,0.08,0.013953488372093023,0.05,0.25
384,0.981477028677278,0.4806306021963845,0.9088922423633341,0.4820819801784718,0.24869350175742913,0.475424367148449,0.8232558139534883,0.3719488526331962,0.3668455602245877,0.10697674418604651,0.5057142857142857,0.3561243988891463,0.3549688380029714,0.07714285714285714,0.013953488372093023,0.008571428571428572,0.38571428571428573,16.082857142857144,0.0,0.0,0.03365155938328839,0.11836634914903714,3.8976744186046512,0.0,0.0,0.15,0.07906976744186046,0,0.09623965945181914,0.22226217188300512,0.520920252455864,0.5750316681350583,0.0,0.6666666666666666,0.0,0.2,0.0,0.7354884383041257,0.2,0.08,0.013953488372093023,0.05,0.25
385,0.9829445766676227,0.4817265863492725,0.9097937361288317,0.48272305456010667,0.24869350175742913,0.4754402667060705,0.8093023255813954,0.3719488526331962,0.3668455602245877,0.10697674418604651,0.49714285714285716,0.3561243988891463,0.3549688380029714,0.07714285714285714,0.013953488372093023,0.008571428571428572,0.38571428571428573,16.085714285714285,0.0,0.0,0.03365155938328839,0.11836634914903714,3.8976744186046512,0.0,0.0,0.15,0.07906976744186046,0,0.09578703258313148,0.2211508610235901,0.5190732759781753,0.5635310347723572,0.0,1.0,0.0,0.2,0.0,0.7354884383041257,0.2,0.08,0.013953488372093023,0.05,0.25
386,0.9822200141084323,0.4811774477653365,0.9093486476996149,0.48233494547961825,0.24869350175742913,0.4755360871208098,0.8093023255813954,0.3719488526331962,0.3668455602245877,0.10697674418604651,0.49714285714285716,0.3561243988891463,0.3549688380029714,0.07714285714285714,0.0,0.0,0.38571428571428573,16.074285714285715,0.0,0.0,0.03365155938328839,0.11836634914903714,3.8976744186046512,0.0,0.0,0.15,0.07906976744186046,0,0.09530809742021583,0.22004510671847216,0.5086918104586118,0.55226041407691,0.0,0.0,0.0,0.2,0.0,0.7354884383041257,0.2,0.08,0.0,0.05,0.25
387,0.9819862258164388,0.4813307075613811,0.9092050348916759,0.4824110387275461,0.24869350175742913,0.47552960166086367,0.7953488372093023,0.3719488526331962,0.3668455602245877,0.10697674418604651,0.48857142857142855,0.3561243988891463,0.3549688380029714,0.07714285714285714,0.013953488372093023,0.008571428571428572,0.38571428571428573,16.077142857142857,0.0,0.0,0.03365155938328839,0.11836634914903714,3.8976744186046512,0.0,0.0,0.15,0.07906976744186046,0,0.09488855693311475,0.2189448811848798,0.5070894028208681,0.5412152057953717,0.0,1.0,0.0,0.2,0.0,0.7354884383041257,0.2,0.08,0.013953488372093023,0.05,0.25
388,0.9824943850354686,0.4810400412003056,0.9095171898405086,0.48235870759775334,0.24869350175742913,0.4753621179779619,0.8093023255813954,0.3719488526331962,0.3668455602245877,0.10697674418604651,0.49714285714285716,0.3561243988891463,0.3549688380029714,0.07714285714285714,0.0,0.0,0.38571428571428573,16.071428571428573,0.0,0.0,0.03365155938328839,0.11836634914903714,3.8976744186046512,0.0,0.0,0.15,0.07906976744186046,0,0.09441411414844915,0.21785015677895542,0.4969476147644507,0.5303909016794643,0.0,0.0,0.0,0.2,0.0,0.7354884383041257,0.2,0.08,0.0,0.05,0.25
389,0.9840163965492691,0.48158372904036234,0.9104521397704145,0.4823132892719221,0.24869350175742913,0.47510029943093113,0.8093023255813954,0.3717628061215683,0.3667060253408667,0.10697674418604651,0.49714285714285716,0.3560101131748606,0.35488312371725717,0.07714285714285714,0.013953488372093023,0.008571428571428572,0.38571428571428573,16.071428571428573,0.0,0.0,0.03365155938328839,0.11836634914903714,3.8976744186046512,0.0,0.0,0.15,0.07906976744186046,0,0.09442761500627833,0.21676090599506062,0.49558009104059025,0.5244182980247271,0.0,0.6666666666666666,0.0,0.2,0.0,0.7354884383041257,0.2,0.08,0.013953488372093023,0.05,0.25
390,0.9830869835824034,0.48100534731541067,0.909881214662197,0.48182901243093884,0.24869350175742913,0.4749011604227144,0.8372093023255814,0.3717628061215683,0.3667060253408667,0.10697674418604651,0.5142857142857142,0.3560101131748606,0.35488312371725717,0.07714285714285714,0.0,0.0,0.38571428571428573,16.077142857142857,0.004651162790697674,0.0,0.03365155938328839,0.11836634914903714,3.8976744186046512,0.0,0.0,0.15,0.07906976744186046,0,0.09395547693124694,0.2156771014650853,0.48566848921977857,0.5139299320642325,0.0,0.0,0.0,0.2,0.0,0.7354884383041257,0.2,0.08,0.0,0.05,0.25
391,0.9828494255059511,0.4806226308733377,0.9097352861295191,0.4813532774608289,0.24869350175742913,0.47449201845013655,0.7906976744186046,0.3717628061215683,0.3667060253408667,0.10697674418604651,0.4857142857142857,0.3560101131748606,0.35488312371725717,0.07714285714285714,0.013953488372093023,0.008571428571428572,0.38571428571428573,16.08,0.0,0.0,0.03365155938328839,0.11836634914903714,3.8976744186046512,0.0,0.0,0.15,0.07906976744186046,0,0.0935426995465907,0.2145987159577599,0.4845265480068115,0.5036513334229479,0.0,1.0,0.0,0.2,0.0,0.7354884383041257,0.2,0.08,0.013953488372093023,0.05,0.25
392,0.9832384225861489,0.4819380860856653,0.9099742414787836,0.48155634501281,0.24869350175742913,0.47413978926723666,0.8093023255813954,0.3717628061215683,0.3667060253408667,0.10697674418604651,0.49714285714285716,0.3560101131748606,0.35488312371725717,0.07714285714285714,0.004651162790697674,0.002857142857142857,0.38571428571428573,16.077142857142857,0.0,0.0,0.03365155938328839,0.11836634914903714,3.8976744186046512,0.0,0.0,0.15,0.07906976744186046,0,0.09310355747742918,0.21352572237797107,0.4776931599038182,0.4935783067544889,0.0,1.0,0.0,0.2,0.0,0.7354884383041257,0.2,0.08,0.004651162790697674,0.05,0.25
393,0.9827135685914788,0.4830990368042214,0.9096518311677719,0.48190284092896,0.24869350175742913,0.4738963383887761,0.8232558139534883,0.3717628061215683,0.3667060253408667,0.10697674418604651,0.5057142857142857,0.3560101131748606,0.35488312371725717,0.07714285714285714,0.013953488372093023,0.008571428571428572,0.38571428571428573,16.071428571428573,0.0,0.0,0.03365155938328839,0.11836634914903714,3.8976744186046512,0.0,0.0,0.15,0.07906976744186046,0,0.09266661111861348,0.2124580937660812,0.4767107252771704,0.4837067406193991,0.0,1.0,0.0,0.2,0.0,0.7354884383041257,0.2,0.08,0.013953488372093023,0.05,0.25
394,0.9814734356568008,0.48180715541505215,0.9088900352221839,0.4805772061636755,0.24869350175742913,0.4737698175144921,0.813953488372093,0.37166978286575436,0.36663625789900633,0.10697674418604651,0.5,0.35595297031771767,0.3548402665744,0.07714285714285714,0.018604651162790697,0.011428571428571429,0.38571428571428573,16.065714285714286,0.0,0.0,0.03365155938328839,0.11836634914903714,3.8976744186046512,0.0,0.0,0.15,0.07906976744186046,0,0.09266042092016327,0.21139580329725083,0.4786050822001983,0.4788532235282818,0.0,0.75,0.0,0.2,0.0,0.7354884383041257,0.2,0.08,0.018604651162790697,0.05,0.25
395,0.9817258791263642,0.4815436291140495,0.9090451076392014,0.48025468205315763,0.24869350175742913,0.47364965242713225,0.8232558139534883,0.37157675960994035,0.36656649045714584,0.10697674418604651,0.5057142857142857,0.35589582746057485,0.35479740943154287,0.07714285714285714,0.018604651162790697,0.011428571428571429,0.38571428571428573,16.065714285714286,0.0,0.0,0.03365155938328839,0.11836634914903714,3.8976744186046512,0.0,0.0,0.15,0.07906976744186046,0,0.0926542616727053,0.21838989438852116,0.4804615519847659,0.4771688718818522,0.0,0.75,0.0,0.2,0.0,0.7354884383041257,0.2,0.08,0.018604651162790697,0.05,0.25
396,0.9810931152065253,0.48134494316574344,0.9086564098027291,0.4796186356771953,0.24869350175742913,0.47330819760593024,0.8558139534883721,0.37157675960994035,0.36656649045714584,0.10697674418604651,0.5257142857142857,0.35589582746057485,0.35479740943154287,0.07714285714285714,0.004651162790697674,0.002857142857142857,0.38571428571428573,16.068571428571428,0.0,0.0,0.03365155938328839,0.11836634914903714,3.8976744186046512,0.0,0.0,0.15,0.07906976744186046,0,0.09221956179291321,0.21729794491657856,0.47370946380221335,0.46762549444421514,0.0,1.0,0.0,0.2,0.0,0.7354884383041257,0.2,0.08,0.004651162790697674,0.05,0.25
397,0.9832234512321475,0.4821871664298402,0.9099650447898969,0.48007649378581957,0.24869350175742913,0.47289013366930494,0.8651162790697674,0.37157675960994035,0.36656649045714584,0.10697674418604651,0.5314285714285715,0.35589582746057485,0.35479740943154287,0.07714285714285714,0.004651162790697674,0.002857142857142857,0.38571428571428573,16.065714285714286,0.0,0.0,0.03365155938328839,0.11836634914903714,3.8976744186046512,0.0,0.0,0.15,0.07906976744186046,0,0.09178703541252005,0.21621145519199567,0.46709241738331186,0.4582729845553308,0.0,1.0,0.0,0.2,0.0,0.7354884383041257,0.2,0.08,0.004651162790697674,0.05,0.25
398,0.9833526826806478,0.48167000013790856,0.910044429822547,0.4795523001598908,0.24869350175742913,0.4726563268381173,0.8186046511627907,0.37157675960994035,0.36656649045714584,0.10697674418604651,0.5028571428571429,0.35589582746057485,0.35479740943154287,0.07714285714285714,0.0,0.0,0.38571428571428573,16.065714285714286,0.0,0.0,0.03365155938328839,0.11836634914903714,3.8976744186046512,0.0,0.0,0.15,0.07906976744186046,0,0.09132810023545747,0.21513039791603572,0.45775056903564576,0.4491075248642242,0.0,0.0,0.0,0.2,0.0,0.7354884383041257,0.2,0.08,0.0,0.05,0.25
399,0.9837804630768179,0.48181271876041953,0.9103072092087658,0.4797948738552033,0.24869350175742913,0.47246823796385684,0.8651162790697674,0.3713907130983125,0.3664269555734249,0.10697674418604651,0.5314285714285715,0.3557815417462891,0.3547116951458286,0.07714285714285714,0.009302325581395349,0.005714285714285714,0.38571428571428573,16.065714285714286,0.0,0.0,0.03365155938328839,0.11836634914903714,3.8976744186046512,0.0,0.0,0.15,0.07906976744186046,0,0.09135703116285161,0.21405474592645554,0.4543098433692186,0.4736177270397101,0.0,0.5,0.0,0.2,0.0,0.7354884383041257,0.2,0.08,0.009302325581395349,0.05,0.25
400,0.9818243746305356,0.4817453827356805,0.9091056120203355,0.4795501011387366,0.24869350175742913,0.47241253808539274,0.8697674418604651,0.3713907130983125,0.3664269555734249,0.10697674418604651,0.5342857142857143,0.3557815417462891,0.3547116951458286,0.07714285714285714,0.0,0.0,0.38571428571428573,16.048571428571428,0.0,0.0,0.03365155938328839,0.11836634914903714,3.8976744186046512,0.0,0.0,0.15,0.07906976744186046,0,0.09090024600703735,0.21298447219682323,0.4452236465018341,0.4641453724989159,0.0,0.0,0.0,0.2,0.0,0.7354884383041257,0.2,0.08,0.0,0.05,0.25
401,0.982240853628768,0.48169453419702624,0.9093614491192495,0.47938218119773485,0.24869350175742913,0.4722966241936105,0.8465116279069768,0.3713907130983125,0.3664269555734249,0.10697674418604651,0.52,0.3557815417462891,0.3547116951458286,0.07714285714285714,0.004651162790697674,0.002857142857142857,0.38571428571428573,16.05142857142857,0.0,0.0,0.03365155938328839,0.11836634914903714,3.8976744186046512,0.0,0.0,0.15,0.07906976744186046,0,0.09050274477700215,0.21191954983583913,0.4391763164289403,0.4548624650489376,0.0,1.0,0.0,0.2,0.0,0.7354884383041257,0.2,0.08,0.004651162790697674,0.05,0.25
402,0.9819790701927489,0.48172940549147164,0.9092006392942664,0.47938149678670683,0.24869350175742913,0.472158613512752,0.8604651162790697,0.3713907130983125,0.3664269555734249,0.10697674418604651,0.5285714285714286,0.3557815417462891,0.3547116951458286,0.07714285714285714,0.0,0.0,0.38571428571428573,16.054285714285715,0.0,0.0,0.03365155938328839,0.11836634914903714,3.8976744186046512,0.0,0.0,0.15,0.07906976744186046,0,0.09005023105311714,0.21085995208665992,0.4303927901003614,0.44576521574795885,0.0,0.0,0.0,0.2,0.0,0.7354884383041257,0.2,0.08,0.0,0.05,0.25
403,0.9823259632246559,0.48287419929309955,0.9094137307281521,0.479716783827092,0.24869350175742913,0.4720172791040903,0.827906976744186,0.3713907130983125,0.3664269555734249,0.10697674418604651,0.5085714285714286,0.3557815417462891,0.3547116951458286,0.07714285714285714,0.009302325581395349,0.005714285714285714,0.38571428571428573,16.05142857142857,0.0,0.0,0.03365155938328839,0.11836634914903714,3.8976744186046512,0.0,0.0,0.15,0.07906976744186046,0,0.08965697989785155,0.2098056523262266,0.4274992200126399,0.43684991143299967,0.0,1.0,0.0,0.2,0.0,0.7354884383041257,0.2,0.08,0.009302325581395349,0.05,0.25
404,0.9808601830523267,0.4827901810617967,0.908513322908007,0.4796247759810228,0.24869350175742913,0.47204461235850526,0.8232558139534883,0.3713907130983125,0.3664269555734249,0.10697674418604651,0.5057142857142857,0.3557815417462891,0.3547116951458286,0.07714285714285714,0.004651162790697674,0.002857142857142857,0.38571428571428573,16.05142857142857,0.0,0.0,0.03365155938328839,0.11836634914903714,3.8976744186046512,0.0,0.0,0.15,0.07906976744186046,0,0.08923726642693373,0.20875662406459547,0.42180637846952995,0.4281129132043397,0.0,1.0,0.0,0.2,0.0,0.7354884383041257,0.2,0.08,0.004651162790697674,0.05,0.25
405,0.9808553531073937,0.48225129154922697,0.9085103559418339,0.47887927739368236,0.24869350175742913,0.4719644040209582,0.8232558139534883,0.3712976898424985,0.3663571881315645,0.10697674418604651,0.5057142857142857,0.35572439888914625,0.35466883800297144,0.07714285714285714,0.009302325581395349,0.005714285714285714,0.38571428571428573,16.048571428571428,0.0,0.0,0.03365155938328839,0.11836634914903714,3.8976744186046512,0.0,0.0,0.15,0.07906976744186046,0,0.08924822295194192,0.21558317256421983,0.41908453661442513,0.41955065494025284,0.0,0.5,0.0,0.2,0.0,0.7354884383041257,0.2,0.08,0.009302325581395349,0.05,0.25
406,0.9812980443439525,0.4815058619347666,0.9087822948442913,0.478382838905014,0.24869350175742913,0.47178670922533233,0.813953488372093,0.3712976898424985,0.3663571881315645,0.10697674418604651,0.5,0.35572439888914625,0.35466883800297144,0.07714285714285714,0.004651162790697674,0.002857142857142857,0.38571428571428573,16.048571428571428,0.0,0.0,0.03365155938328839,0.11836634914903714,3.8976744186046512,0.0,0.0,0.15,0.07906976744186046,0,0.08883055326575363,0.21450525670139872,0.41355998873927946,0.41115964184144776,0.0,1.0,0.0,0.2,0.0,0.7354884383041257,0.2,0.08,0.004651162790697674,0.05,0.25
407,0.9817183610069418,0.48075972939107003,0.909040489365842,0.4781198768135051,0.24869350175742913,0.4716273330247506,0.8651162790697674,0.3712976898424985,0.3663571881315645,0.10697674418604651,0.5314285714285715,0.35572439888914625,0.35466883800297144,0.07714285714285714,0.0,0.0,0.38571428571428573,16.045714285714286,0.0,0.0,0.03365155938328839,0.11836634914903714,3.8976744186046512,0.0,0.0,0.15,0.07906976744186046,0,0.08838640049942485,0.21343273041789174,0.4052887889644938,0.4029364490046188,0.0,0.0,0.0,0.2,0.0,0.7354884383041257,0.2,0.08,0.0,0.05,0.25
408,0.9810088528814151,0.48177900811031255,0.9086046486601614,0.4789925888380502,0.24869350175742913,0.47141747362800046,0.8604651162790697,0.3712976898424985,0.3663571881315645,0.10697674418604651,0.5285714285714286,0.35572439888914625,0.35466883800297144,0.07714285714285714,0.009302325581395349,0.005714285714285714,0.38571428571428573,16.05142857142857,0.0,0.0,0.03365155938328839,0.11836634914903714,3.8976744186046512,0.0,0.0,0.15,0.07906976744186046,0,0.08800146849692775,0.2123655667658023,0.4028972988994896,0.3948777200245264,0.0,1.0,0.0,0.2,0.0,0.7354884383041257,0.2,0.08,0.009302325581395349,0.05,0.25
409,0.9815150732951925,0.48122751741075287,0.9089156126286246,0.479012110219354,0.24869350175742913,0.4711668962689279,0.8604651162790697,0.3711116433308706,0.3662176532478435,0.10697674418604651,0.5285714285714286,0.3556101131748606,0.35458312371725714,0.07714285714285714,0.013953488372093023,0.008571428571428572,0.38571428571428573,16.057142857142857,0.0,0.0,0.03365155938328839,0.11836634914903714,3.8976744186046512,0.0,0.0,0.15,0.07906976744186046,0,0.08801860401158597,0.21557153365018814,0.40341078149292847,0.4038838472511778,0.0,0.6666666666666666,0.0,0.2,0.0,0.7354884383041257,0.2,0.08,0.013953488372093023,0.05,0.25
410,0.9807478477747044,0.4814154730379569,0.9084443169517531,0.47899246094546094,0.24869350175742913,0.4709148409222301,0.8511627906976744,0.3711116433308706,0.3662176532478435,0.10697674418604651,0.5228571428571429,0.3556101131748606,0.35458312371725714,0.07714285714285714,0.013953488372093023,0.008571428571428572,0.38571428571428573,16.057142857142857,0.0,0.0,0.03365155938328839,0.11836634914903714,3.8976744186046512,0.0,0.0,0.15,0.07906976744186046,0,0.08760708242009946,0.2144936759819372,0.4039139944344984,0.3958061703061542,0.0,1.0,0.0,0.2,0.0,0.7354884383041257,0.2,0.08,0.013953488372093023,0.05,0.25
411,0.9793293983499826,0.48108042881421154,0.90757298373371,0.47910799362432643,0.24869350175742913,0.47092063117512234,0.8418604651162791,0.3711116433308706,0.3662176532478435,0.10697674418604651,0.5171428571428571,0.3556101131748606,0.35458312371725714,0.07714285714285714,0.009302325581395349,0.005714285714285714,0.38571428571428573,16.05142857142857,0.0,0.0,0.03365155938328839,0.11836634914903714,3.8976744186046512,0.0,0.0,0.15,0.07906976744186046,0,0.0871976184365704,0.21342120760202749,0.4015500002600941,0.38789004690003115,0.0,1.0,0.0,0.2,0.0,0.7354884383041257,0.2,0.08,0.009302325581395349,0.05,0.25
412,0.9811471427981359,0.4790941559649891,0.9086895981804326,0.47751111348904896,0.24869350175742913,0.4709612980364052,0.8465116279069768,0.3711116433308706,0.3662176532478435,0.10697674418604651,0.52,0.3556101131748606,0.35458312371725714,0.07714285714285714,0.004651162790697674,0.002857142857142857,0.38571428571428573,16.06,0.0,0.0,0.03365155938328839,0.11836634914903714,3.8976744186046512,0.0,0.0,0.15,0.07906976744186046,0,0.08679020177295897,0.21235410156401738,0.3963761431120352,0.3801322459620305,0.0,1.0,0.0,0.2,0.0,0.7354884383041257,0.2,0.08,0.004651162790697674,0.05,0.25
413,0.982126742403371,0.4791821613567871,0.9092913522236485,0.47783753355445135,0.24869350175742913,0.47095328509957163,0.7953488372093023,0.3711116433308706,0.3662176532478435,0.10697674418604651,0.48857142857142855,0.3556101131748606,0.35458312371725714,0.07714285714285714,0.013953488372093023,0.008571428571428572,0.38571428571428573,16.054285714285715,0.0,0.0,0.03365155938328839,0.11836634914903714,3.8976744186046512,0.0,0.0,0.15,0.07906976744186046,0,0.08638482219266559,0.21129233105619727,0.39702004882122294,0.37252960104278987,0.0,1.0,0.0,0.2,0.0,0.7354884383041257,0.2,0.08,0.013953488372093023,0.05,0.25
414,0.9815190392630013,0.47908127202394585,0.9089180488659929,0.47741569637037273,0.24869350175742913,0.47096093561744207,0.8232558139534883,0.3711116433308706,0.3662176532478435,0.10697674418604651,0.5057142857142857,0.3556101131748606,0.35458312371725714,0.07714285714285714,0.009302325581395349,0.005714285714285714,0.38571428571428573,16.045714285714286,0.0,0.0,0.03365155938328839,0.11836634914903714,3.8976744186046512,0.0,0.0,0.15,0.07906976744186046,0,0.0859814695102737,0.2102358694009163,0.39479393355908426,0.3650790090219341,0.0,1.0,0.0,0.2,0.0,0.7354884383041257,0.2,0.08,0.009302325581395349,0.05,0.25
415,0.982875562562597,0.4801298401089476,0.9097513417500301,0.47728629634369424,0.24869350175742913,0.4710177105738975,0.8186046511627907,0.3709255968192427,0.3660781183641226,0.10697674418604651,0.5028571428571429,0.3554958274605748,0.35449740943154284,0.07714285714285714,0.013953488372093023,0.008571428571428572,0.38571428571428573,16.06,0.0,0.0,0.03365155938328839,0.11836634914903714,3.8976744186046512,0.0,0.0,0.15,0.07906976744186046,0,0.08643727644843661,0.22627413175534083,0.3954694834593311,0.3708996536174461,0.0,0.3333333333333333,0.0,0.2,0.0,0.7354884383041257,0.2,0.08,0.013953488372093023,0.05,0.25
416,0.9829254028337152,0.4788644779918373,0.9097819579165743,0.47619737547520846,0.24869350175742913,0.47117189879688104,0.8465116279069768,0.3709255968192427,0.3660781183641226,0.10697674418604651,0.52,0.3554958274605748,0.35449740943154284,0.07714285714285714,0.009302325581395349,0.005714285714285714,0.38571428571428573,16.057142857142857,0.0,0.0,0.03365155938328839,0.11836634914903714,3.8976744186046512,0.0,0.0,0.15,0.07906976744186046,0,0.08603366149476586,0.22514276109656414,0.39327437950443017,0.3634816605450972,0.0,1.0,0.0,0.2,0.0,0.7354884383041257,0.2,0.08,0.009302325581395349,0.05,0.25
417,0.983613641458895,0.4794896270658213,0.9102047330720419,0.4766621396083122,0.24869350175742913,0.471269304051499,0.8232558139534883,0.37073955030761474,0.36593858348040165,0.10697674418604651,0.5057142857142857,0.3553815417462891,0.35441169514582854,0.07714285714285714,0.009302325581395349,0.005714285714285714,0.38571428571428573,16.054285714285715,0.0,0.0,0.03365155938328839,0.11836634914903714,3.8976744186046512,0.0,0.0,0.15,0.07906976744186046,0,0.08606063604443487,0.22401704729108132,0.3911231776286273,0.35911620011996076,0.0,0.5,0.0,0.2,0.0,0.7354884383041257,0.2,0.08,0.009302325581395349,0.05,0.25
418,0.9828849809261268,0.47911313323555044,0.9097571273161985,0.47673303226211794,0.24869350175742913,0.47134098013460735,0.8046511627906977,0.37073955030761474,0.36593858348040165,0.10697674418604651,0.4942857142857143,0.3553815417462891,0.35441169514582854,0.07714285714285714,0.0,0.0,0.38571428571428573,16.042857142857144,0.0,0.0,0.03365155938328839,0.11836634914903714,3.8976744186046512,0.0,0.0,0.15,0.07906976744186046,0,0.08563033286421272,0.22289696205462592,0.3833007140760547,0.35193387611756155,0.0,0.0,0.0,0.2,0.0,0.7354884383041257,0.2,0.08,0.0,0.05,0.25
419,0.9826180507181826,0.4782427012880621,0.9095931559027469,0.47652427831449073,0.24869350175742913,0.4713579813161439,0.8093023255813954,0.37073955030761474,0.36593858348040165,0.10697674418604651,0.49714285714285716,0.3553815417462891,0.35441169514582854,0.07714285714285714,0.009302325581395349,0.005714285714285714,0.38571428571428573,16.042857142857144,0.0,0.0,0.03365155938328839,0.11836634914903714,3.8976744186046512,0.0,0.0,0.15,0.07906976744186046,0,0.08525918119989165,0.2217824772443528,0.38134898550881935,0.34489519859521034,0.0,1.0,0.0,0.2,0.0,0.7354884383041257,0.2,0.08,0.009302325581395349,0.05,0.25
420,0.9820884858494221,0.4786509800113771,0.9092678517690799,0.47691910906133483,0.24869350175742913,0.4713678682827076,0.8186046511627907,0.37073955030761474,0.36593858348040165,0.10697674418604651,0.5028571428571429,0.3553815417462891,0.35441169514582854,0.07714285714285714,0.013953488372093023,0.008571428571428572,0.38571428571428573,16.054285714285715,0.0,0.0,0.03365155938328839,0.11836634914903714,3.8976744186046512,0.0,0.0,0.15,0.07906976744186046,0,0.08486145672246362,0.22067356485813103,0.3822934343700715,0.33799729462330613,0.0,1.0,0.0,0.2,0.0,0.7354884383041257,0.2,0.08,0.013953488372093023,0.05,0.25
421,0.9818015305644109,0.478899686193327,0.9090915792368588,0.4771597520866198,0.24869350175742913,0.4715041180334744,0.7953488372093023,0.37073955030761474,0.36593858348040165,0.10697674418604651,0.48857142857142855,0.3553815417462891,0.35441169514582854,0.07714285714285714,0.004651162790697674,0.002857142857142857,0.38571428571428573,16.054285714285715,0.0,0.0,0.03365155938328839,0.11836634914903714,3.8976744186046512,0.0,0.0,0.15,0.07906976744186046,0,0.08446572086742274,0.21957019703384037,0.37750470853981294,0.33123734873084,0.0,1.0,0.0,0.2,0.0,0.7354884383041257,0.2,0.08,0.004651162790697674,0.05,0.25
422,0.9801314643565914,0.47868273738917616,0.9080656814234838,0.47666176470394483,0.24869350175742913,0.47164727971083625,0.813953488372093,0.3705535037959869,0.3657990485966807,0.10697674418604651,0.5,0.35526725603200343,0.35432598086011424,0.07714285714285714,0.018604651162790697,0.011428571428571429,0.38571428571428573,16.062857142857144,0.004651162790697674,0.0,0.03365155938328839,0.11836634914903714,3.8976744186046512,0.0,0.0,0.15,0.07906976744186046,0,0.08450053512022848,0.21847234604867116,0.38138318579758806,0.3427535895405535,0.0,0.75,0.0,0.2,0.0,0.7354884383041257,0.2,0.08,0.018604651162790697,0.05,0.25
423,0.9804303977397473,0.4794370327614073,0.9082493119302797,0.47721340917910343,0.24869350175742913,0.4718843256549664,0.8372093023255814,0.3705535037959869,0.3657990485966807,0.10697674418604651,0.5142857142857142,0.35526725603200343,0.35432598086011424,0.07714285714285714,0.009302325581395349,0.005714285714285714,0.38571428571428573,16.071428571428573,0.0,0.0,0.03365155938328839,0.11836634914903714,3.8976744186046512,0.0,0.0,0.15,0.07906976744186046,0,0.08410660387319875,0.2173799843184278,0.37946980779592204,0.33589851774974244,0.0,1.0,0.0,0.2,0.0,0.7354884383041257,0.2,0.08,0.009302325581395349,0.05,0.25
424,0.9824324071887882,0.48031773539476524,0.9094791177346905,0.4779666233915889,0.24869350175742913,0.47209165673718784,0.8093023255813954,0.3705535037959869,0.3657990485966807,0.10697674418604651,0.49714285714285716,0.35526725603200343,0.35432598086011424,0.07714285714285714,0.009302325581395349,0.005714285714285714,0.38571428571428573,16.065714285714286,0.0,0.0,0.03365155938328839,0.11836634914903714,3.8976744186046512,0.0,0.0,0.15,0.07906976744186046,0,0.08371464228240419,0.21629308439683567,0.3775946973542893,0.3291805473947476,0.0,1.0,0.0,0.2,0.0,0.7354884383041257,0.2,0.08,0.009302325581395349,0.05,0.25
425,0.9823310423723548,0.47942995659227816,0.9094168507760242,0.4775257213221103,0.24869350175742913,0.4723894243397885,0.8,0.3705535037959869,0.3657990485966807,0.10697674418604651,0.49142857142857144,0.35526725603200343,0.35432598086011424,0.07714285714285714,0.009302325581395349,0.005714285714285714,0.38571428571428573,16.06,0.0,0.0,0.03365155938328839,0.11836634914903714,3.8976744186046512,0.0,0.0,0.15,0.07906976744186046,0,0.0833246404995636,0.2152116189748515,0.37575708912148925,0.32259693644685267,0.0,1.0,0.0,0.2,0.0,0.7354884383041257,0.2,0.08,0.009302325581395349,0.05,0.25
426,0.9822928594958761,0.47956730519162,0.9093933955804729,0.4770341497450233,0.24869350175742913,0.47254435847422505,0.8186046511627907,0.3705535037959869,0.3657990485966807,0.10697674418604651,0.5028571428571429,0.35526725603200343,0.35432598086011424,0.07714285714285714,0.0,0.0,0.38571428571428573,16.062857142857144,0.0,0.0,0.03365155938328839,0.11836634914903714,3.8976744186046512,0.0,0.0,0.15,0.07906976744186046,0,0.08290801729706579,0.21413556087997723,0.3682419473390595,0.3161449977179156,0.0,0.0,0.0,0.2,0.0,0.7354884383041257,0.2,0.08,0.0,0.05,0.25
427,0.9816764628245837,0.47911373689535114,0.9090147519109647,0.4765989097312414,0.24869350175742913,0.4726066295399979,0.8046511627906977,0.3705535037959869,0.3657990485966807,0.10697674418604651,0.4942857142857143,0.35526725603200343,0.35432598086011424,0.07714285714285714,0.013953488372093023,0.008571428571428572,0.38571428571428573,16.071428571428573,0.0,0.0,0.03365155938328839,0.11836634914903714,3.8976744186046512,0.0,0.0,0.15,0.07906976744186046,0,0.08255047721058045,0.21306488307557733,0.3694485369637068,0.3098220977635573,0.0,1.0,0.0,0.2,0.0,0.7354884383041257,0.2,0.08,0.013953488372093023,0.05,0.25
428,0.9801946892328044,0.4791127570870185,0.908104519561729,0.4766236520961894,0.24869350175742913,0.47262176603785194,0.8511627906976744,0.3705535037959869,0.3657990485966807,0.10697674418604651,0.5228571428571429,0.35526725603200343,0.35432598086011424,0.07714285714285714,0.004651162790697674,0.002857142857142857,0.38571428571428573,16.068571428571428,0.0,0.0,0.03365155938328839,0.11836634914903714,3.8976744186046512,0.0,0.0,0.15,0.07906976744186046,0,0.08216629625309897,0.21199955866019946,0.3649167090815755,0.30362565580828615,0.0,1.0,0.0,0.2,0.0,0.7354884383041257,0.2,0.08,0.004651162790697674,0.05,0.25
429,0.9809023320736256,0.4784228003827747,0.9085392144496622,0.4769271816192589,0.24869350175742913,0.472719121595287,0.827906976744186,0.3705535037959869,0.3657990485966807,0.10697674418604651,0.5085714285714286,0.35526725603200343,0.35432598086011424,0.07714285714285714,0.004651162790697674,0.002857142857142857,0.38571428571428573,16.074285714285715,0.0,0.0,0.03365155938328839,0.11836634914903714,3.8976744186046512,0.0,0.0,0.15,0.07906976744186046,0,0.08178403620040492,0.21093956086689844,0.36047551775708686,0.2975531426921204,0.0,1.0,0.0,0.2,0.0,0.7354884383041257,0.2,0.08,0.004651162790697674,0.05,0.25
430,0.9806136886331827,0.4795216107179286,0.9083619049076757,0.4777698451460134,0.24869350175742913,0.4727426851540484,0.8046511627906977,0.3705535037959869,0.3657990485966807,0.10697674418604651,0.4942857142857143,0.35526725603200343,0.35432598086011424,0.07714285714285714,0.013953488372093023,0.008571428571428572,0.38571428571428573,16.071428571428573,0.0,0.0,0.03365155938328839,0.11836634914903714,3.8976744186046512,0.0,0.0,0.15,0.07906976744186046,0,0.08140368744797431,0.20988486306256396,0.3618374359733737,0.291602079838278,0.0,1.0,0.0,0.2,0.0,0.7354884383041257,0.2,0.08,0.013953488372093023,0.05,0.25
431,0.981273911617788,0.4794652700084367,0.9087674704553618,0.4777723170417173,0.24869350175742913,0.47282306265382196,0.8232558139534883,0.3705535037959869,0.3657990485966807,0.10697674418604651,0.5057142857142857,0.35526725603200343,0.35432598086011424,0.07714285714285714,0.004651162790697674,0.002857142857142857,0.38571428571428573,16.08,0.0,0.0,0.03365155938328839,0.11836634914903714,3.8976744186046512,0.0,0.0,0.15,0.07906976744186046,0,0.08102524043930587,0.20883543874725113,0.3574578301110491,0.2857700382415124,0.0,1.0,0.0,0.2,0.0,0.7354884383041257,0.2,0.08,0.004651162790697674,0.05,0.25
432,0.9803613091614711,0.4801087072119154,0.9082068718036241,0.4780603211433299,0.24869350175742913,0.4727820513790778,0.8558139534883721,0.3705535037959869,0.3657990485966807,0.10697674418604651,0.5257142857142857,0.35526725603200343,0.35432598086011424,0.07714285714285714,0.009302325581395349,0.005714285714285714,0.38571428571428573,16.082857142857144,0.0,0.0,0.03365155938328839,0.11836634914903714,3.8976744186046512,0.0,0.0,0.15,0.07906976744186046,0,0.08064868566568077,0.20779126155351488,0.3560229592231138,0.2800546374766822,0.0,1.0,0.0,0.2,0.0,0.7354884383041257,0.2,0.08,0.009302325581395349,0.05,0.25
433,0.9813370897644018,0.4803635839859485,0.9088062798882818,0.47858663028216875,0.24869350175742913,0.47286981294064,0.786046511627907,0.3705535037959869,0.3657990485966807,0.10697674418604651,0.4828571428571429,0.35526725603200343,0.35432598086011424,0.07714285714285714,0.0,0.0,0.38571428571428573,16.065714285714286,0.0,0.0,0.03365155938328839,0.11836634914903714,3.8976744186046512,0.0,0.0,0.15,0.07906976744186046,0,0.08024544223735236,0.2067523052457473,0.3489025000386515,0.27445354472714856,0.0,0.0,0.0,0.2,0.0,0.7354884383041257,0.2,0.08,0.0,0.05,0.25
434,0.9807734079824317,0.48091535854605666,0.9084600182222142,0.47880714953785114,0.24869350175742913,0.47290771738228077,0.8046511627906977,0.3705535037959869,0.3657990485966807,0.10697674418604651,0.4942857142857143,0.35526725603200343,0.35432598086011424,0.07714285714285714,0.013953488372093023,0.008571428571428572,0.38571428571428573,16.068571428571428,0.0,0.0,0.03365155938328839,0.11836634914903714,3.8976744186046512,0.0,0.0,0.15,0.07906976744186046,0,0.0799012150261656,0.20571854371951856,0.350495878609307,0.2689644738326056,0.0,1.0,0.0,0.2,0.0,0.7354884383041257,0.2,0.08,0.013953488372093023,0.05,0.25
435,0.9819190244242177,0.48064949617652103,0.9091637540364544,0.4783538363311478,0.24869350175742913,0.47302654837743624,0.8186046511627907,0.3705535037959869,0.3657990485966807,0.10697674418604651,0.5028571428571429,0.35526725603200343,0.35432598086011424,0.07714285714285714,0.004651162790697674,0.002857142857142857,0.38571428571428573,16.068571428571428,0.0,0.0,0.03365155938328839,0.11836634914903714,3.8976744186046512,0.0,0.0,0.15,0.07906976744186046,0,0.0795302803796062,0.20468995100092097,0.3463431038942638,0.26358518435595346,0.0,1.0,0.0,0.2,0.0,0.7354884383041257,0.2,0.08,0.004651162790697674,0.05,0.25
436,0.9823146754006162,0.4806810027890203,0.9094067967790992,0.478217915261796,0.24869350175742913,0.47314104657744604,0.8046511627906977,0.3705535037959869,0.3657990485966807,0.10697674418604651,0.4942857142857143,0.35526725603200343,0.35432598086011424,0.07714285714285714,0.013953488372093023,0.008571428571428572,0.38571428571428573,16.065714285714286,0.0,0.0,0.03365155938328839,0.11836634914903714,3.8976744186046512,0.0,0.0,0.15,0.07906976744186046,0,0.07916120040627961,0.20366650124591634,0.34798767038780704,0.25831348066883436,0.0,1.0,0.0,0.2,0.0,0.7354884383041257,0.2,0.08,0.013953488372093023,0.05,0.25
437,0.9843118015485506,0.4793761963290254,0.9106336028414018,0.47742136544616287,0.24869350175742913,0.47336248046217805,0.7906976744186046,0.370367457284359,0.3656595137129598,0.10697674418604651,0.4857142857142857,0.3551529703177177,0.35424026657440005,0.07714285714285714,0.013953488372093023,0.008571428571428572,0.38571428571428573,16.082857142857144,0.0,0.0,0.03365155938328839,0.11836634914903714,3.8976744186046512,0.0,0.0,0.15,0.07906976744186046,0,0.07922253726139106,0.20264816873968675,0.3495993455514794,0.2541910083855075,0.0,0.6666666666666666,0.0,0.2,0.0,0.7354884383041257,0.2,0.08,0.013953488372093023,0.05,0.25
438,0.9836885277322521,0.47899073244712237,0.9102507346399612,0.4777205931045309,0.24869350175742913,0.47344513179172254,0.7906976744186046,0.370367457284359,0.3656595137129598,0.10697674418604651,0.4857142857142857,0.3551529703177177,0.35424026657440005,0.07714285714285714,0.009302325581395349,0.005714285714285714,0.38571428571428573,16.085714285714285,0.0,0.0,0.03365155938328839,0.11836634914903714,3.8976744186046512,0.0,0.0,0.15,0.07906976744186046,0,0.07885499600365553,0.20163492789598833,0.3483216443547356,0.24910718821779734,0.0,1.0,0.0,0.2,0.0,0.7354884383041257,0.2,0.08,0.009302325581395349,0.05,0.25
439,0.9840543691463696,0.4793488956502386,0.9104754657943477,0.4775267537676537,0.24869350175742913,0.4732935796274105,0.8093023255813954,0.370367457284359,0.3656595137129598,0.10697674418604651,0.49714285714285716,0.3551529703177177,0.35424026657440005,0.07714285714285714,0.004651162790697674,0.002857142857142857,0.38571428571428573,16.088571428571427,0.0,0.0,0.03365155938328839,0.11836634914903714,3.8976744186046512,0.0,0.0,0.15,0.07906976744186046,0,0.07848929245220868,0.20062675325650842,0.34421235432478375,0.2441250444534414,0.0,1.0,0.0,0.2,0.0,0.7354884383041257,0.2,0.08,0.004651162790697674,0.05,0.25
440,0.9836198568900137,0.4800735301491746,0.9102085511225863,0.4777140407821816,0.24869350175742913,0.47314160780431624,0.8046511627906977,0.3701814107727311,0.36551997882923887,0.10697674418604651,0.4942857142857143,0.35503868460343196,0.35415455228868575,0.07714285714285714,0.004651162790697674,0.002857142857142857,0.38571428571428573,16.1,0.0,0.0,0.03365155938328839,0.11836634914903714,3.8976744186046512,0.0,0.0,0.15,0.07906976744186046,0,0.07852541741851907,0.19962361949022586,0.34018525009543094,0.2481396680080974,0.0,0.0,0.0,0.2,0.0,0.7354884383041257,0.2,0.08,0.004651162790697674,0.05,0.25
441,0.9849478544615001,0.4808721329936816,0.9110243210593564,0.4788026742558589,0.24869350175742913,0.4730714689263364,0.827906976744186,0.36999536426110313,0.3653804439455179,0.10697674418604651,0.5085714285714286,0.3549243988891463,0.35406883800297145,0.07714285714285714,0.013953488372093023,0.008571428571428572,0.38571428571428573,16.102857142857143,0.0,0.0,0.03365155938328839,0.11836634914903714,3.8976744186046512,0.0,0.0,0.15,0.07906976744186046,0,0.0786183617599979,0.19862550139277474,0.3419529736649508,0.24429551002572775,0.0,0.6666666666666666,0.0,0.2,0.0,0.7354884383041257,0.2,0.08,0.013953488372093023,0.05,0.25
442,0.9857952360426436,0.48075677918031057,0.9115448554592017,0.4788440460624989,0.24869350175742913,0.4731340162276161,0.827906976744186,0.36999536426110313,0.3653804439455179,0.10697674418604651,0.5085714285714286,0.3549243988891463,0.35406883800297145,0.07714285714285714,0.004651162790697674,0.002857142857142857,0.38571428571428573,16.094285714285714,0.0,0.0,0.03365155938328839,0.11836634914903714,3.8976744186046512,0.0,0.0,0.15,0.07906976744186046,0,0.07825384137976933,0.19763237388581084,0.3379710570487947,0.2394095998252132,0.0,1.0,0.0,0.2,0.0,0.7354884383041257,0.2,0.08,0.004651162790697674,0.05,0.25
443,0.9855729080663581,0.48045771390917397,0.9114082825594837,0.47847744192514086,0.24869350175742913,0.4733933784882717,0.7953488372093023,0.36999536426110313,0.3653804439455179,0.10697674418604651,0.48857142857142855,0.3549243988891463,0.35406883800297145,0.07714285714285714,0.004651162790697674,0.002857142857142857,0.38571428571428573,16.082857142857144,0.0,0.0,0.03365155938328839,0.11836634914903714,3.8976744186046512,0.0,0.0,0.15,0.07906976744186046,0,0.07789114360144193,0.1966442120163818,0.33406877876496166,0.2346214078287089,0.0,1.0,0.0,0.2,0.0,0.7354884383041257,0.2,0.08,0.004651162790697674,0.05,0.25
444,0.9853259999092365,0.48086681410607707,0.9112566104058231,0.47891703951595826,0.24869350175742913,0.47372257597010886,0.786046511627907,0.36999536426110313,0.3653804439455179,0.10697674418604651,0.4828571428571429,0.3549243988891463,0.35406883800297145,0.07714285714285714,0.004651162790697674,0.002857142857142857,0.38571428571428573,16.082857142857144,0.0,0.0,0.03365155938328839,0.11836634914903714,3.8976744186046512,0.0,0.0,0.15,0.07906976744186046,0,0.07753025931200613,0.19566099095629988,0.33024454604680525,0.22992897967213474,0.0,1.0,0.0,0.2,0.0,0.7354884383041257,0.2,0.08,0.004651162790697674,0.05,0.25
445,0.9858341657556323,0.48061666322971064,0.9115687694257518,0.4789840628053954,0.24869350175742913,0.4741914647402845,0.8186046511627907,0.36999536426110313,0.3653804439455179,0.10697674418604651,0.5028571428571429,0.3549243988891463,0.35406883800297145,0.07714285714285714,0.009302325581395349,0.005714285714285714,0.38571428571428573,16.077142857142857,0.0,0.0,0.03365155938328839,0.11836634914903714,3.8976744186046512,0.0,0.0,0.15,0.07906976744186046,0,0.07717117944401754,0.19468268600151836,0.32935394084015485,0.22533040007869204,0.0,1.0,0.0,0.2,0.0,0.7354884383041257,0.2,0.08,0.009302325581395349,0.05,0.25
446,0.9849066987803796,0.4804307551619367,0.9109990397123824,0.47802105227974834,0.24869350175742913,0.4745762308320546,0.8,0.3699023410052892,0.3653106765036575,0.10697674418604651,0.49142857142857144,0.3548672560320034,0.3540259808601143,0.07714285714285714,0.013953488372093023,0.008571428571428572,0.38571428571428573,16.08,0.0,0.0,0.03365155938328839,0.11836634914903714,3.8976744186046512,0.0,0.0,0.15,0.07906976744186046,0,0.07724246640394031,0.19610072278972732,0.3313382905947803,0.22758561761867124,0.0,0.6666666666666666,0.0,0.2,0.0,0.7354884383041257,0.2,0.08,0.013953488372093023,0.05,0.25
447,0.9836218273485754,0.48057377256591677,0.9102097615471312,0.4779500032981004,0.24869350175742913,0.4749071607064808,0.7953488372093023,0.3699023410052892,0.3653106765036575,0.10697674418604651,0.48857142857142855,0.3548672560320034,0.3540259808601143,0.07714285714285714,0.013953488372093023,0.008571428571428572,0.38571428571428573,16.082857142857144,0.0,0.0,0.03365155938328839,0.11836634914903714,3.8976744186046512,0.0,0.0,0.15,0.07906976744186046,0,0.07688482550049204,0.1951202191757787,0.3332829533543133,0.2230339052662978,0.0,1.0,0.0,0.2,0.0,0.7354884383041257,0.2,0.08,0.013953488372093023,0.05,0.25
448,0.9852299518223477,0.480499506471491,0.9111976094381629,0.47764984110141484,0.24869350175742913,0.4752487042150315,0.8046511627906977,0.3697162944936613,0.3651711416199366,0.10697674418604651,0.4942857142857143,0.35475297031771774,0.3539402665744,0.07714285714285714,0.013953488372093023,0.008571428571428572,0.38571428571428573,16.091428571428573,0.0,0.0,0.03365155938328839,0.11836634914903714,3.8976744186046512,0.0,0.0,0.15,0.07906976744186046,0,0.07695754423013243,0.1961129291510682,0.33518872285865553,0.23279704778853041,0.0,0.6666666666666666,0.0,0.2,0.0,0.7354884383041257,0.2,0.08,0.013953488372093023,0.05,0.25
449,0.9831982638763568,0.47987128604147133,0.9099495725570541,0.4768552810430028,0.24869350175742913,0.4755778470470428,0.786046511627907,0.3695302479820334,0.36503160673621565,0.10697674418604651,0.4828571428571429,0.354638684603432,0.35385455228868573,0.07714285714285714,0.013953488372093023,0.008571428571428572,0.38571428571428573,16.091428571428573,0.0,0.0,0.03365155938328839,0.11836634914903714,3.8976744186046512,0.0,0.0,0.15,0.07906976744186046,0,0.07702989936612462,0.19513236450531288,0.3370563769729111,0.2292895912696996,0.0,0.6666666666666666,0.0,0.2,0.0,0.7354884383041257,0.2,0.08,0.013953488372093023,0.05,0.25
