t,mean_x,mean_y,mean_x_all,mean_y_all,mean_L,y0,mean_epc,mean_r,mean_b,fund_prevalence,mean_epc_all,mean_r_all,mean_b_all,fund_prevalence_all,punish_rate,mean_punished,exit_rate,mean_exit_intent,exit_attempt_rate,exit_success_rate,p_opp_mean,stay_value,mean_degree_active,threat,A,budget,enforcer_frac,n_cadre_fallback,cap_mean,cap_p90,service_mean,service_p90,monopoly_on,enforcer_punish_share_step,alpha_punish_revalue,delta_outside_degrade,mu_membership_reward,current_delta,eta_delta_drift,punish_floor,punish_intensity_step,pi_reward,lam_punish
0,0.3564580703777704,0.48999219874818195,0.3564580703777704,0.48999219874818195,0.23380311223024616,0.5,0.0,0.3276908841355114,0.340961521975352,0.005714285714285714,0.0,0.3276908841355114,0.340961521975352,0.005714285714285714,0.0,0.0,0.0,0.0,0.0,0.0,0.5,0.0,11.794285714285714,0.0,0.0,0.0,0.0,0,0.0,0.0,0.0,0.0,0.0,0.0,0.0,0.1,0.0,0.1,0.05,0.08,0.0,0.5,0.25
1,0.36626519961743464,0.490087570392444,0.36626519961743464,0.490087570392444,0.23380311223024616,0.49977913893067233,0.6657142857142857,0.32826231270693995,0.34139009340392346,0.008571428571428572,0.6657142857142857,0.32826231270693995,0.34139009340392346,0.008571428571428572,0.017142857142857144,0.017142857142857144,0.0,0.014285714285714285,0.0,0.0,0.03456542808737887,0.11836634914903713,11.794285714285714,0.0,0.0,0.15,0.08,28,0.0025714285714285713,0.0,0.017142857142857144,0.0,0.0,1.0,0.0,0.1,0.0,0.1,0.05,0.08,0.017142857142857144,0.5,0.25
2,0.3744578403762868,0.49016864017966977,0.3744578403762868,0.49016864017966977,0.23380311223024616,0.500915500245209,0.86,0.3286051698497971,0.34164723626106636,0.011428571428571429,0.86,0.3286051698497971,0.34164723626106636,0.011428571428571429,0.011428571428571429,0.011428571428571429,0.0,0.011428571428571429,0.0,0.0,0.03456542808737887,0.11836634914903713,11.794285714285714,0.0,0.0,0.15,0.08,26,0.004272857142857143,0.0,0.028228571428571426,0.0,0.0,0.75,0.0,0.1,0.0,0.1,0.05,0.08,0.011428571428571429,0.5,0.25
3,0.3846066493619162,0.48995343015514853,0.3846066493619162,0.48995343015514853,0.23380311223024616,0.5019841422125186,0.9171428571428571,0.3297480269926542,0.3425043791182092,0.014285714285714285,0.9171428571428571,0.3297480269926542,0.3425043791182092,0.014285714285714285,0.02857142857142857,0.02857142857142857,0.0,0.017142857142857144,0.0,0.0,0.03456542808737887,0.11836634914903713,11.794285714285714,0.0,0.0,0.15,0.08,25,0.008537207142857143,0.0,0.056235428571428575,0.0,0.0,0.9,0.0,0.1,0.0,0.1,0.05,0.08,0.02857142857142857,0.5,0.25
4,0.393467816375475,0.48946132294551037,0.393467816375475,0.48946132294551037,0.23380311223024616,0.5041041120567344,0.9085714285714286,0.33140516984979707,0.3437472362610663,0.02,0.9085714285714286,0.33140516984979707,0.3437472362610663,0.02,0.04285714285714286,0.04285714285714286,0.0,0.02,0.0,0.0,0.03456542808737887,0.11836634914903713,11.794285714285714,0.0,0.0,0.15,0.08,21,0.014923092535714286,0.0,0.09796786285714286,0.0,0.0,1.0,0.0,0.1,0.0,0.1,0.05,0.08,0.04285714285714286,0.5,0.25
5,0.4043908962983905,0.48968181812735145,0.4043908962983905,0.48968181812735145,0.23380311223024616,0.5043804416878286,0.8857142857142857,0.3318051698497971,0.34404723626106637,0.02,0.8857142857142857,0.3318051698497971,0.34404723626106637,0.02,0.011428571428571429,0.011428571428571429,0.0,0.025714285714285714,0.0,0.0,0.03456542808737887,0.11836634914903713,11.794285714285714,0.0,0.0,0.15,0.08,14,0.01656276278732143,0.0,0.10743707702857143,0.0,0.0,1.0,0.0,0.1,0.0,0.1,0.05,0.08,0.011428571428571429,0.5,0.25
6,0.41323444714198104,0.4897361241654441,0.41323444714198104,0.4897361241654441,0.23380311223024616,0.5045376962513859,0.9114285714285715,0.3322051698497971,0.34434723626106634,0.02,0.9114285714285715,0.3322051698497971,0.34434723626106634,0.02,0.011428571428571429,0.011428571428571429,0.0,0.017142857142857144,0.0,0.0,0.03456542808737887,0.11836634914903713,11.794285714285714,0.0,0.0,0.15,0.08,13,0.018194234687670535,0.0,0.11671690691657144,0.0,0.0,1.0,0.0,0.1,0.0,0.1,0.05,0.08,0.011428571428571429,0.5,0.25
7,0.42242879125151783,0.489785340410453,0.42242879125151783,0.489785340410453,0.23380311223024616,0.504521818484208,0.8942857142857142,0.33306231270694,0.3449900934039235,0.02,0.8942857142857142,0.33306231270694,0.3449900934039235,0.02,0.025714285714285714,0.025714285714285714,0.0,0.037142857142857144,0.0,0.0,0.03456542808737887,0.11836634914903713,11.794285714285714,0.0,0.0,0.15,0.08,13,0.02196040637137504,0.0,0.1400968544925257,0.0,0.0,1.0,0.0,0.1,0.0,0.1,0.05,0.08,0.025714285714285714,0.5,0.25
8,0.4292257224401928,0.4900242631325973,0.4292257224401928,0.4900242631325973,0.23380311223024616,0.5044607827104254,0.92,0.3345480269926542,0.3461043791182092,0.022857142857142857,0.92,0.3345480269926542,0.3461043791182092,0.022857142857142857,0.04,0.04,0.0,0.025714285714285714,0.0,0.0,0.03456542808737887,0.11836634914903713,11.794285714285714,0.0,0.0,0.15,0.08,12,0.027850604339518165,0.0,0.1772949174026752,0.0,0.0,0.9285714285714286,0.0,0.1,0.0,0.1,0.05,0.08,0.04,0.5,0.25
9,0.4381899028866269,0.4897279154305301,0.4381899028866269,0.4897279154305301,0.23380311223024616,0.5042949295743446,0.94,0.3359765984212256,0.3471758076896378,0.025714285714285714,0.94,0.3359765984212256,0.3471758076896378,0.025714285714285714,0.04285714285714286,0.04285714285714286,0.0,0.03428571428571429,0.0,0.0,0.03456542808737887,0.11836634914903713,11.794285714285714,0.0,0.0,0.15,0.08,12,0.03413992274639201,0.0,0.21660616191176457,0.0,0.0,0.8666666666666667,0.0,0.1,0.0,0.1,0.05,0.08,0.04285714285714286,0.5,0.25
10,0.4465186595358809,0.4897998488722139,0.4465186595358809,0.4897998488722139,0.23380311223024616,0.5036414741687655,0.8828571428571429,0.3379194555640828,0.3486329505467806,0.025714285714285714,0.8828571428571429,0.3379194555640828,0.3486329505467806,0.025714285714285714,0.04857142857142857,0.05142857142857143,0.0,0.03428571428571429,0.0,0.0,0.03456542808737887,0.11836634914903713,11.794285714285714,0.0,0.0,0.15,0.08,12,0.04168350884694576,0.0,0.26370261010210067,0.0,0.0,1.0,0.0,0.1,0.0,0.1,0.05,0.08,0.04857142857142857,0.5,0.25
11,0.4558975770964787,0.490475253290739,0.4558975770964787,0.490475253290739,0.23380311223024616,0.5029888469120375,0.9228571428571428,0.33923374127836853,0.3496186648324949,0.03142857142857143,0.9228571428571428,0.33923374127836853,0.3496186648324949,0.03142857142857143,0.04,0.04,0.0,0.03142857142857143,0.0,0.0,0.03456542808737887,0.11836634914903713,11.794285714285714,0.0,0.0,0.15,0.08,11,0.04747509130271102,0.0,0.2984285579000587,0.0,0.0,0.9285714285714286,0.0,0.1,0.0,0.1,0.05,0.08,0.04,0.5,0.25
12,0.46772729524634366,0.4910570639744213,0.46772729524634366,0.4910570639744213,0.23380311223024616,0.5017959036528387,0.9085714285714286,0.34061847142861273,0.3506900934039235,0.03142857142857143,0.9085714285714286,0.34061847142861273,0.3506900934039235,0.03142857142857143,0.037142857142857144,0.04,0.0,0.03142857142857143,0.0,0.0,0.03456542808737887,0.11836634914903713,11.794285714285714,0.0,0.0,0.15,0.08,11,0.05323771584619747,0.0,0.3324599867420575,0.0,0.0,1.0,0.0,0.1,0.0,0.1,0.05,0.08,0.037142857142857144,0.5,0.25
13,0.47884172828912613,0.49155834533549947,0.47884172828912613,0.49155834533549947,0.23380311223024616,0.5008785484804803,0.9428571428571428,0.34168813219959276,0.35174367361911535,0.03142857142857143,0.9428571428571428,0.34168813219959276,0.35174367361911535,0.03142857142857143,0.04,0.04,0.0,0.022857142857142857,0.0,0.0,0.03456542808737887,0.11836634914903713,11.794285714285714,0.0,0.0,0.15,0.08,10,0.057964154972680065,0.0,0.3658107870072163,0.0,0.0,1.0,0.0,0.1,0.0,0.1,0.05,0.08,0.04,0.5,0.25
14,0.4892053089021439,0.49200725684387747,0.4892053089021439,0.49200725684387747,0.23380311223024616,0.5001528305558598,0.9171428571428571,0.34253294394000516,0.3525773926964979,0.03142857142857143,0.9171428571428571,0.34253294394000516,0.3525773926964979,0.03142857142857143,0.04285714285714286,0.04285714285714286,0.0,0.04,0.0,0.0,0.03456542808737887,0.11836634914903713,11.794285714285714,0.0,0.0,0.15,0.08,9,0.06296832967471654,0.0,0.4013517141242149,0.0,0.0,0.9333333333333333,0.0,0.1,0.0,0.1,0.05,0.08,0.04285714285714286,0.5,0.25
15,0.49995283907679866,0.4924405330421962,0.49995283907679866,0.4924405330421962,0.23380311223024616,0.4992421809917201,0.8942857142857142,0.3435615153685766,0.35329062843796366,0.03142857142857143,0.8942857142857142,0.3435615153685766,0.35329062843796366,0.03142857142857143,0.03428571428571429,0.03428571428571429,0.0,0.05714285714285714,0.0,0.0,0.03456542808737887,0.11836634914903713,11.794285714285714,0.0,0.0,0.15,0.08,9,0.06696777374062866,0.0,0.4276103941274448,0.0,0.0,1.0,0.0,0.1,0.0,0.1,0.05,0.08,0.03428571428571429,0.5,0.25
16,0.5066971348363379,0.49353784921761873,0.5066971348363379,0.49353784921761873,0.23380311223024616,0.4984340818209983,0.9085714285714286,0.3446472296542909,0.35406205700939225,0.03142857142857143,0.9085714285714286,0.3446472296542909,0.35406205700939225,0.03142857142857143,0.05142857142857143,0.054285714285714284,0.0,0.05142857142857143,0.0,0.0,0.03456542808737887,0.11836634914903713,11.794285714285714,0.0,0.0,0.15,0.08,9,0.07265142716284995,0.0,0.4733439005306102,0.0,0.0,0.8947368421052632,0.0,0.1,0.0,0.1,0.05,0.08,0.05142857142857143,0.5,0.25
17,0.5154158497605668,0.49386030904984085,0.5154158497605668,0.49386030904984085,0.23380311223024616,0.4978147647692224,0.92,0.34615690072611804,0.3549193741964865,0.03428571428571429,0.92,0.34615690072611804,0.3549193741964865,0.03428571428571429,0.05714285714285714,0.06,0.0,0.05142857142857143,0.0,0.0,0.03456542808737887,0.11836634914903713,11.794285714285714,0.0,0.0,0.15,0.08,7,0.07831574291611015,0.0,0.523877022519998,0.0,0.0,1.0,0.0,0.1,0.0,0.1,0.05,0.08,0.05714285714285714,0.5,0.25
18,0.5252043307894271,0.4935783067717169,0.5252043307894271,0.4935783067717169,0.23380311223024616,0.4968256276103532,0.9371428571428572,0.34814616898773715,0.35603596399830534,0.03428571428571429,0.9371428571428572,0.34814616898773715,0.35603596399830534,0.03428571428571429,0.06571428571428571,0.06857142857142857,0.0,0.04857142857142857,0.0,0.0,0.03456542808737887,0.11836634914903713,11.794285714285714,0.0,0.0,0.15,0.08,7,0.08618130705867245,0.0,0.5819709106410267,0.0,0.0,0.9166666666666666,0.0,0.1,0.0,0.1,0.05,0.08,0.06571428571428571,0.5,0.25
19,0.5344869212455177,0.4942828372862378,0.5344869212455177,0.4942828372862378,0.23380311223024616,0.4959142623591801,0.9171428571428571,0.34955721736593975,0.3572788211411625,0.03428571428571429,0.9171428571428571,0.34955721736593975,0.3572788211411625,0.03428571428571429,0.06571428571428571,0.06857142857142857,0.0,0.08,0.0,0.0,0.03456542808737887,0.11836634914903713,11.794285714285714,0.0,0.0,0.15,0.08,5,0.09305246828443249,0.13879102043372357,0.6389029209996346,0.7314910836082273,0.0,0.875,0.0,0.1,0.0,0.1,0.05,0.08,0.06571428571428571,0.5,0.25
20,0.5410759131528703,0.4932627224511668,0.5410759131528703,0.4932627224511668,0.23380311223024616,0.49525624285016695,0.9171428571428571,0.35058578879451113,0.35800739256973396,0.037142857142857144,0.9171428571428571,0.35058578879451113,0.35800739256973396,0.037142857142857144,0.05142857142857143,0.06,0.0,0.08857142857142856,0.0,0.0,0.03456542808737887,0.11836634914903713,11.794285714285714,0.0,0.0,0.15,0.08,5,0.09827300242042408,0.14360068071861457,0.686124862579642,0.8389572240035359,0.0,0.8571428571428571,0.0,0.1,0.0,0.1,0.05,0.08,0.05142857142857143,0.5,0.25
21,0.5508503373802034,0.4933305904028032,0.5508503373802034,0.4933305904028032,0.23380311223024616,0.4953701448980721,0.9142857142857143,0.35072891455024585,0.35852167828401965,0.037142857142857144,0.9142857142857143,0.35072891455024585,0.35852167828401965,0.037142857142857144,0.04285714285714286,0.045714285714285714,0.0,0.08285714285714285,0.0,0.0,0.03456542808737887,0.11836634914903713,11.794285714285714,0.0,0.0,0.15,0.08,3,0.09869863725986484,0.1428826773150215,0.7181166510423348,0.8221780795234651,0.0,1.0,0.0,0.1,0.0,0.1,0.05,0.08,0.04285714285714286,0.5,0.25
22,0.5620440910210198,0.49348233258579194,0.5620440910210198,0.49348233258579194,0.23380311223024616,0.49522629745955693,0.8971428571428571,0.35181462883596015,0.35942167828401966,0.04,0.8971428571428571,0.35181462883596015,0.35942167828401966,0.04,0.05142857142857143,0.054285714285714284,0.0,0.12,0.0,0.0,0.03456542808737887,0.11836634914903713,11.794285714285714,0.0,0.0,0.15,0.08,3,0.1025958737382864,0.14424914852302798,0.7580400323072024,0.8542709584100077,0.0,0.9473684210526315,0.0,0.1,0.0,0.1,0.05,0.08,0.05142857142857143,0.5,0.25
23,0.5724025717633499,0.49327242580046604,0.5724025717633499,0.49327242580046604,0.23380311223024616,0.4950736367186011,0.86,0.3527912774298142,0.36030406989085756,0.04285714285714286,0.86,0.3527912774298142,0.36030406989085756,0.04285714285714286,0.054285714285714284,0.054285714285714284,0.0,0.12857142857142856,0.0,0.0,0.03456542808737887,0.11836634914903713,11.794285714285714,0.0,0.0,0.15,0.08,3,0.10577378786391017,0.14352790278041283,0.7971649459467725,0.8371855392418075,0.0,1.0,0.0,0.1,0.0,0.1,0.05,0.08,0.054285714285714284,0.5,0.25
24,0.5825617179812498,0.49277204697964017,0.5825617179812498,0.49277204697964017,0.23380311223024616,0.4951571920052018,0.9028571428571428,0.35396316216326046,0.3615897841765718,0.04285714285714286,0.9028571428571428,0.35396316216326046,0.3615897841765718,0.04285714285714286,0.07428571428571429,0.08285714285714285,0.0,0.12857142857142856,0.0,0.0,0.03456542808737887,0.11836634914903713,11.794285714285714,0.0,0.0,0.15,0.08,3,0.11159120327704,0.14555587640343984,0.8640787898849799,0.8858423808639998,0.0,0.9310344827586207,0.0,0.1,0.0,0.1,0.05,0.08,0.07428571428571429,0.5,0.25
25,0.5918066613072466,0.49281221223993465,0.5918066613072466,0.49281221223993465,0.23380311223024616,0.4951100773315317,0.8914285714285715,0.3550488764489747,0.3630040698908575,0.04285714285714286,0.8914285714285715,0.3550488764489747,0.3630040698908575,0.04285714285714286,0.08,0.08285714285714285,0.0,0.15428571428571428,0.0,0.0,0.034487871508899134,0.11836634914903713,11.794285714285714,0.0,0.0,0.15,0.08,2,0.11479228171571428,0.14490087495962437,0.9296543569444231,0.8698972180084482,0.0,0.9655172413793104,0.0,0.1,0.0,0.10600000000000001,0.05,0.08,0.08,0.5,0.25
26,0.6006292168954007,0.4927586190037898,0.6006292168954007,0.4927586190037898,0.23380311223024616,0.4949156193299874,0.8857142857142857,0.3561917335918319,0.3642683074394771,0.04285714285714286,0.8857142857142857,0.3561917335918319,0.3642683074394771,0.04285714285714286,0.07714285714285714,0.07714285714285714,0.0,0.17714285714285713,0.0,0.0,0.034487871508899134,0.11836634914903713,11.794285714285714,0.0,0.0,0.15,0.08,2,0.11884674887856424,0.14417637058482624,0.9882041269483921,0.8524992736482793,0.0,1.0,0.0,0.1,0.0,0.10600000000000001,0.05,0.08,0.07714285714285714,0.5,0.25
27,0.6092638856970195,0.4934904815131717,0.6092638856970195,0.4934904815131717,0.23380311223024616,0.49465642873495236,0.86,0.3572534173006764,0.36546830743947706,0.05142857142857143,0.86,0.3572534173006764,0.36546830743947706,0.05142857142857143,0.08285714285714285,0.08857142857142856,0.0,0.19142857142857142,0.0,0.0,0.03441176000247161,0.11836634914903713,11.794285714285714,0.0,0.0,0.15,0.08,2,0.12256566084488572,0.14417637058482624,1.0570114729808526,0.8524992736482793,0.0,0.967741935483871,0.0,0.1,0.0,0.11191428571428573,0.05,0.08,0.08285714285714285,0.5,0.25
28,0.61829414416202,0.4934436818147253,0.61829414416202,0.4934436818147253,0.23380311223024616,0.49502011265669715,0.8885714285714286,0.35822484587210496,0.36662294175089316,0.05142857142857143,0.8885714285714286,0.35822484587210496,0.36662294175089316,0.05142857142857143,0.08285714285714285,0.09714285714285714,0.0,0.24285714285714285,0.0,0.0,0.03433976311374875,0.11836634914903713,11.794285714285714,0.0,0.0,0.15,0.08,1,0.126238118254947,0.14345548873190211,1.1330141006640928,0.8354492881753136,0.0,1.0,0.0,0.1,0.0,0.11753285714285716,0.05,0.08,0.08285714285714285,0.5,0.25
29,0.6294896769374071,0.49415533376322046,0.6294896769374071,0.49415533376322046,0.23380311223024616,0.4954661408757752,0.9085714285714286,0.35883197190962335,0.3672657988937504,0.054285714285714284,0.9085714285714286,0.35883197190962335,0.3672657988937504,0.054285714285714284,0.06285714285714286,0.06285714285714286,0.0,0.2742857142857143,0.002857142857142857,0.0,0.03433976311374875,0.11836634914903713,11.794285714285714,0.0,0.0,0.15,0.08,1,0.12789661126709254,0.1427382112882426,1.1732109615079538,0.8187403024118074,0.0,1.0,0.0,0.1,0.0,0.11753285714285716,0.05,0.08,0.06285714285714286,0.5,0.25
30,0.637756227198189,0.49416179135327687,0.637756227198189,0.49416179135327687,0.23380311223024616,0.4964449319728561,0.8857142857142857,0.3598294218747136,0.36848719758529835,0.05714285714285714,0.8857142857142857,0.3598294218747136,0.36848719758529835,0.05714285714285714,0.08285714285714285,0.08571428571428572,0.0,0.3342857142857143,0.005714285714285714,0.0,0.03427164413920223,0.11836634914903713,11.794285714285714,0.0,0.0,0.15,0.08,1,0.13220777258864064,0.14266651956986576,1.2354610279920804,0.8170728068875467,0.0,0.9666666666666667,0.0,0.1,0.0,0.12287050000000002,0.05,0.08,0.08285714285714285,0.5,0.25
31,0.6453303692151978,0.49479434304515185,0.6453303692151978,0.49479434304515185,0.23380311223024616,0.4972122914471447,0.9,0.3607437075889992,0.36951576901386973,0.06,0.9,0.3607437075889992,0.36951576901386973,0.06,0.09142857142857143,0.10285714285714286,0.0,0.36857142857142855,0.005714285714285714,0.0,0.03419902631573005,0.11836634914903713,11.794285714285714,0.0,0.0,0.15,0.08,1,0.13521957088782408,0.14209621195017821,1.3136089502893817,0.8040329918878318,0.0,0.9444444444444444,0.0,0.1,0.0,0.12858411785714288,0.05,0.08,0.09142857142857143,0.5,0.25
32,0.6548279096516767,0.49395030184563277,0.6548279096516767,0.49395030184563277,0.23380311223024616,0.4976026762815757,0.8857142857142857,0.3610456214402902,0.37056901127766445,0.06,0.8857142857142857,0.3610456214402902,0.37056901127766445,0.06,0.08,0.08857142857142856,0.0,0.4057142857142857,0.011428571428571429,0.0,0.0341411555572685,0.11836634914903713,11.794285714285714,0.0,0.0,0.15,0.08,1,0.1358656669068517,0.1413857308904273,1.3759081998550227,0.7879523320500753,0.0,0.967741935483871,0.0,0.1,0.0,0.13315491196428575,0.05,0.08,0.08,0.5,0.25
33,0.6628266560965694,0.493360039900152,0.6628266560965694,0.493360039900152,0.23380311223024616,0.4980412451995534,0.9028571428571428,0.3614456214402902,0.37129758270623586,0.06,0.9028571428571428,0.3614456214402902,0.37129758270623586,0.06,0.09714285714285714,0.10285714285714286,0.0,0.4714285714285714,0.011428571428571429,0.0,0.034070170497326586,0.11836634914903713,11.794285714285714,0.0,0.0,0.15,0.08,0,0.13747162428660317,0.14345548873190211,1.4512471787150647,0.8354492881753136,0.0,0.9444444444444444,0.0,0.1,0.0,0.13878288065178573,0.05,0.08,0.09714285714285714,0.5,0.25
34,0.6714478522489831,0.4927981864903914,0.6714478522489831,0.4927981864903914,0.23380311223024616,0.4983310566835235,0.8742857142857143,0.3621884785831473,0.3721118684205216,0.06,0.8742857142857143,0.3621884785831473,0.3721118684205216,0.06,0.07428571428571429,0.08,0.0,0.54,0.017142857142857144,0.0,0.034070170497326586,0.11836634914903713,11.794285714285714,0.0,0.0,0.15,0.08,0,0.1405271233080273,0.1450475298286554,1.5022222351407635,0.8735497959220491,0.0,0.9285714285714286,0.0,0.1,0.0,0.13878288065178573,0.05,0.08,0.07428571428571429,0.5,0.25
35,0.6786385831945179,0.492386435995804,0.6786385831945179,0.492386435995804,0.23380311223024616,0.49856164156936755,0.8828571428571429,0.3629884785831473,0.37322615413480725,0.06285714285714286,0.8828571428571429,0.3629884785831473,0.37322615413480725,0.06285714285714286,0.09428571428571429,0.1,0.0,0.6028571428571429,0.017142857142857144,0.0,0.03400569706210446,0.11836634914903713,11.794285714285714,0.0,0.0,0.15,0.08,0,0.14294782589111968,0.14432229217951215,1.5721777904379484,0.856078800003608,0.0,1.0,0.0,0.1,0.0,0.14391516519062503,0.05,0.08,0.09428571428571429,0.5,0.25
36,0.6867146059965195,0.4927484340644879,0.6867146059965195,0.4927484340644879,0.23380311223024616,0.4991163926162547,0.8657142857142858,0.3637313357260044,0.3743817899526793,0.06285714285714286,0.8657142857142858,0.3637313357260044,0.3743817899526793,0.06285714285714286,0.09714285714285714,0.11142857142857143,0.0,0.6571428571428571,0.017142857142857144,0.0,0.03394199926291387,0.11836634914903713,11.794285714285714,0.0,0.0,0.15,0.08,0,0.1451170903295212,0.14360068071861457,1.6521628060577607,0.8389572240035359,0.0,1.0,0.0,0.1,0.0,0.14900512121680806,0.05,0.08,0.09714285714285714,0.5,0.25
37,0.6932911536070449,0.4915851372129355,0.6932911536070449,0.4915851372129355,0.23380311223024616,0.49966471650164446,0.8685714285714285,0.36454034729121343,0.37535991959777076,0.06285714285714286,0.8685714285714285,0.36454034729121343,0.37535991959777076,0.06285714285714286,0.09142857142857143,0.09428571428571429,0.0,0.7142857142857143,0.017142857142857144,0.0,0.03388704533029349,0.11836634914903713,11.794285714285714,0.0,0.0,0.15,0.08,0,0.1466033728095549,0.1428826773150215,1.7134052642223196,0.8221780795234651,0.0,1.0,0.0,0.1,0.0,0.15341200801311053,0.05,0.08,0.09142857142857143,0.5,0.25
38,0.7004266207927637,0.4913620430429144,0.7004266207927637,0.4913620430429144,0.23380311223024616,0.5000893570696647,0.8057142857142857,0.3648832044340705,0.3758891354105781,0.06285714285714286,0.8057142857142857,0.3648832044340705,0.3758891354105781,0.06285714285714286,0.09714285714285714,0.10857142857142857,0.0,0.7857142857142857,0.017142857142857144,0.0,0.03382968896331785,0.11836634914903713,11.794285714285714,0.0,0.0,0.15,0.08,0,0.1473837845169357,0.14417637058482624,1.787708587509302,0.8524992736482793,0.0,0.9736842105263158,0.0,0.1,0.0,0.15802712189816928,0.05,0.08,0.09714285714285714,0.5,0.25
39,0.7088271186783208,0.49209906775554163,0.7088271186783208,0.49209906775554163,0.23380311223024616,0.5005373995391675,0.8114285714285714,0.3657832669567193,0.37670342112486394,0.06285714285714286,0.8114285714285714,0.3657832669567193,0.37670342112486394,0.06285714285714286,0.12,0.13142857142857142,0.0,0.8857142857142857,0.017142857142857144,0.0,0.033754199219641824,0.11836634914903713,11.794285714285714,0.0,0.0,0.15,0.08,0,0.1485322941657796,0.14345548873190211,1.8833829871876873,0.8354492881753136,0.0,1.0,0.0,0.1,0.0,0.16412576580326083,0.05,0.08,0.12,0.5,0.25
40,0.7176258033514188,0.4924547624247406,0.7176258033514188,0.4924547624247406,0.23380311223024616,0.5008267310820816,0.8314285714285714,0.36621458579551486,0.3774206359519429,0.06285714285714286,0.8314285714285714,0.36621458579551486,0.3774206359519429,0.06285714285714286,0.11142857142857143,0.11714285714285715,0.0,0.9657142857142857,0.025714285714285714,0.0,0.033690710008522196,0.11836634914903713,11.794285714285714,0.0,0.0,0.15,0.08,0,0.14992720619823346,0.14338343675363394,1.9628581845867905,0.8337477621301497,0.0,0.975609756097561,0.0,0.1,0.0,0.16927662037024063,0.05,0.08,0.11142857142857143,0.5,0.25
41,0.7262903073838256,0.4917427759134682,0.7262903073838256,0.4917427759134682,0.23380311223024616,0.5009543874073127,0.8257142857142857,0.3668431572240864,0.3781063502376572,0.06571428571428571,0.8257142857142857,0.3668431572240864,0.3781063502376572,0.06571428571428571,0.11714285714285715,0.14,0.0,1.02,0.025714285714285714,0.0,0.03362537036113763,0.11836634914903713,11.794285714285714,0.0,0.0,0.15,0.08,0,0.15152014159581373,0.14266651956986576,2.063601020895055,0.8170728068875467,0.0,1.0,0.0,0.1,0.0,0.1745985036374429,0.05,0.08,0.11714285714285715,0.5,0.25
42,0.7347503033560175,0.49137727424668537,0.7347503033560175,0.49137727424668537,0.23380311223024616,0.5012418317690192,0.7657142857142857,0.36792887150980064,0.3791349216662286,0.06857142857142857,0.7657142857142857,0.36792887150980064,0.3791349216662286,0.06857142857142857,0.11714285714285715,0.14857142857142858,0.0,1.1114285714285714,0.037142857142857144,0.0,0.033563539560307054,0.11836634914903713,11.794285714285714,0.0,0.0,0.15,0.08,0,0.1548191130306918,0.14195318697201642,2.170900429048582,0.8007313507497957,0.0,1.0,0.0,0.1,0.0,0.17965429274128503,0.05,0.08,0.11714285714285715,0.5,0.25
43,0.7420964410973879,0.4919574130940817,0.7420964410973879,0.4919574130940817,0.23380311223024616,0.501472007393872,0.8028571428571428,0.36890030008122926,0.3800777788090858,0.07142857142857142,0.8028571428571428,0.36890030008122926,0.3800777788090858,0.07142857142857142,0.11714285714285715,0.1457142857142857,0.0,1.2257142857142858,0.04,0.0,0.03350501797622888,0.11836634914903713,11.794285714285714,0.0,0.0,0.15,0.08,0,0.15718538204822596,0.14124342103715634,2.2731967061818965,0.7847167237347998,0.0,1.0,0.0,0.1,0.0,0.18445729238993505,0.05,0.08,0.11714285714285715,0.5,0.25
44,0.7505213239534081,0.4923216923141137,0.7501871125241655,0.4925641425571705,0.23380311223024616,0.5015916537211397,0.7936962750716332,0.36993788125073945,0.38005472037339805,0.07449856733524356,0.7914285714285715,0.369778347810708,0.3809777788090857,0.07428571428571429,0.09742120343839542,0.10571428571428572,0.002857142857142857,1.3,0.04011461318051576,0.002857142857142857,0.03348403512404869,0.11836634914903713,11.776504297994268,0.0,0.0,0.15,0.08022922636103152,0,0.16031345513798484,0.14053720393197056,2.333447057772544,0.7690223892601038,0.0,1.0,0.0,0.1,0.0,0.18752014205615258,0.05,0.08,0.09714285714285714,0.5,0.25
45,0.75920983416033,0.4927155798269161,0.758850798416211,0.4929467355717504,0.23380311223024616,0.5015451652675914,0.8252148997134671,0.37036327976018313,0.38065643957110573,0.07449856733524356,0.8228571428571428,0.37020253089583904,0.3815777788090858,0.07428571428571429,0.10315186246418338,0.12571428571428572,0.002857142857142857,1.417142857142857,0.045845272206303724,0.0,0.03344941612974285,0.11836634914903713,11.776504297994268,0.0,0.0,0.15,0.08022922636103152,0,0.16112454127099038,0.1398345179123107,2.4124924023313787,0.7536419414749017,0.0,1.0,0.0,0.1,0.0,0.19088052463815872,0.05,0.08,0.10315186246418338,0.5,0.25
46,0.7666221879449054,0.4931303475502597,0.7662419740471159,0.49335674119646455,0.23380311223024616,0.5015076018359271,0.8108882521489972,0.37036327976018313,0.381026258300502,0.07449856733524356,0.8085714285714286,0.37020253089583904,0.38194654091354086,0.07428571428571429,0.10315186246418338,0.11714285714285715,0.002857142857142857,1.4914285714285713,0.05730659025787966,0.0,0.033410770600531485,0.11836634914903713,11.776504297994268,0.0,0.0,0.15,0.08022922636103152,0,0.16106006498963543,0.13913534532274913,2.4813854114276084,0.7385691026454037,0.0,1.0,0.0,0.1,0.0,0.19407288809106454,0.05,0.08,0.10315186246418338,0.5,0.25
47,0.7757590129030207,0.4935172485118859,0.7740599620317826,0.49416467765954664,0.23380311223024616,0.5013555264721463,0.7557471264367817,0.37085398522722696,0.381475061758728,0.07471264367816093,0.7514285714285714,0.3707168166101248,0.3826269317856651,0.07428571428571429,0.13505747126436782,0.16,0.005714285714285714,1.58,0.05459770114942529,0.002857142857142857,0.03339097186696046,0.11836634914903711,11.706896551724139,0.0,0.0,0.15,0.08045977011494253,0,0.16196819323611583,0.13843966859613538,2.5917577031990566,0.7237977205924956,0.0,1.0,0.0,0.1,0.0,0.19946953021946262,0.05,0.08,0.1346704871060172,0.5,0.25
48,0.7851676876857806,0.49468621790543493,0.7823776314855821,0.4953804429532388,0.23380311223024616,0.5012214510141998,0.7809798270893372,0.3716277615305918,0.38307853388698254,0.07492795389048991,0.7742857142857142,0.3713333552720347,0.3833555032142365,0.07428571428571429,0.12680115273775217,0.14857142857142858,0.008571428571428572,1.7114285714285715,0.06051873198847262,0.002857142857142857,0.03338267232285446,0.11836634914903714,11.62536023054755,0.0,0.0,0.15,0.08069164265129683,0,0.16395749798064954,0.13788625776011418,2.6884939777065036,0.7122464998271222,0.0,0.9615384615384616,0.0,0.1,0.0,0.20419432957055844,0.05,0.08,0.12931034482758622,0.5,0.25
49,0.7895634805123092,0.49486434016902525,0.7867357460878832,0.49557253242338384,0.23380311223024616,0.5011941658601772,0.7896253602305475,0.37226176729428057,0.38384830378162105,0.07780979827089338,0.7828571428571428,0.3719619267006061,0.38411867508120656,0.07714285714285714,0.09798270893371758,0.10285714285714286,0.008571428571428572,1.8171428571428572,0.06051873198847262,0.0,0.03340621082918834,0.11836634914903714,11.62536023054755,0.0,0.0,0.15,0.08069164265129683,0,0.16548404337328093,0.13719682647131362,2.7375812410095164,0.6980015698305797,0.0,1.0,0.0,0.1,0.0,0.20633331626205934,0.05,0.08,0.09798270893371758,0.5,0.25
50,0.79647303375334,0.4948586813742589,0.7936292137340758,0.49584861106498523,0.23380311223024616,0.5009272701124173,0.7884057971014493,0.3732866094873683,0.38488839790598145,0.08115942028985507,0.7771428571428571,0.372775195704094,0.3848196930058079,0.08,0.13623188405797101,0.17142857142857143,0.014285714285714285,1.8657142857142857,0.057971014492753624,0.005714285714285714,0.03334419459775879,0.11836634914903711,11.594202898550725,0.0,0.0,0.15,0.08115942028985507,0,0.16688376672784314,0.13843966859613538,2.8542581876178974,0.7237977205924956,0.0,0.9666666666666667,0.0,0.1,0.0,0.2116074285469391,0.05,0.08,0.14121037463976946,0.5,0.25
51,0.8012126318101397,0.4959328663823922,0.798301103247207,0.4969382580353479,0.23380311223024616,0.5006855185008782,0.7594202898550725,0.37352083801510183,0.3854536152972858,0.08115942028985507,0.7485714285714286,0.37300607811000275,0.3853768358629508,0.08,0.1246376811594203,0.15428571428571428,0.014285714285714285,1.9257142857142857,0.057971014492753624,0.0,0.03333318015150049,0.11836634914903711,11.594202898550725,0.0,0.0,0.15,0.08115942028985507,0,0.16767692217634678,0.14067880223597518,2.951458738151254,0.7721932854090737,0.0,0.9629629629629629,0.0,0.1,0.0,0.21537488320654866,0.05,0.08,0.1246376811594203,0.5,0.25
52,0.8057655013167795,0.4952168301317719,0.8027889317608947,0.49620592045181605,0.23380311223024616,0.5003984659432387,0.7623188405797101,0.3737527220730728,0.3859753544277206,0.08115942028985507,0.7514285714285714,0.3732346495385741,0.38589112157723654,0.08,0.11594202898550725,0.12571428571428572,0.014285714285714285,2.065714285714286,0.06376811594202898,0.0,0.03329799670898267,0.11836634914903711,11.594202898550725,0.0,0.0,0.15,0.08115942028985507,0,0.1682383947083222,0.1399754082247953,3.018143849102514,0.7567494197008923,0.0,1.0,0.0,0.1,0.0,0.21830179122013427,0.05,0.08,0.11594202898550725,0.5,0.25
53,0.8110239750721596,0.4955476915928282,0.8079550598071445,0.4964759326982249,0.23380311223024616,0.5000470396935383,0.7848837209302325,0.3742403855502878,0.3872849625177821,0.08139534883720931,0.7714285714285715,0.3734041454379605,0.3864911215772366,0.08,0.14534883720930233,0.1742857142857143,0.017142857142857144,2.182857142857143,0.061046511627906974,0.002857142857142857,0.03329754131171765,0.11836634914903714,11.482558139534884,0.0,0.0,0.15,0.08139534883720931,0,0.16878978278372525,0.1392755311836713,3.1320666864061786,0.7416144313068743,0.0,1.0,0.0,0.1,0.0,0.22347365818086667,0.05,0.08,0.14782608695652175,0.5,0.25
54,0.8165643061964156,0.49585639051884967,0.8134004138264133,0.49679332079619193,0.23380311223024616,0.4999171237351288,0.7354651162790697,0.37435666462005524,0.38763379972708434,0.08139534883720931,0.7228571428571429,0.3735184311522462,0.3868339787200936,0.08,0.11046511627906977,0.14,0.017142857142857144,2.2914285714285714,0.06686046511627906,0.0,0.03330342317539026,0.11836634914903714,11.482558139534884,0.0,0.0,0.15,0.08139534883720931,0,0.1690028338698066,0.1405533086304548,3.209425352678055,0.7705145633274154,0.0,0.9795918367346939,0.0,0.1,0.0,0.22558485899275357,0.05,0.08,0.11046511627906977,0.5,0.25
55,0.8225852427364009,0.49474844061636913,0.8188820974638309,0.495816557471616,0.23380311223024616,0.49979042376314164,0.7317784256559767,0.37400406205550923,0.38843546161294823,0.08163265306122448,0.7171428571428572,0.3735755740093891,0.38751969300580796,0.08,0.14285714285714285,0.1742857142857143,0.02,2.388571428571429,0.0641399416909621,0.002857142857142857,0.033292228321377494,0.11836634914903713,11.38192419825073,0.0,0.0,0.15,0.08163265306122448,0,0.169528106129029,0.14628731296828124,3.319522559910208,0.9039207967999998,0.0,0.9836065573770492,0.0,0.1,0.0,0.2299887555779996,0.05,0.08,0.14244186046511628,0.5,0.25
56,0.8294468521108301,0.49576467620843445,0.8256064746507716,0.4968345693346279,0.23380311223024616,0.49965439794575145,0.717201166180758,0.37412068013131095,0.3889602429540561,0.08163265306122448,0.7028571428571428,0.3736898597236747,0.38803397872009365,0.08,0.13994169096209913,0.15714285714285714,0.02,2.4885714285714284,0.0728862973760933,0.0,0.03329867351793989,0.11836634914903713,11.38192419825073,0.0,0.0,0.15,0.07871720116618076,0,0.1697946084555267,0.14562902005992398,3.410274965854861,0.8876502224576002,0.0,0.9818181818181818,0.0,0.1,0.0,0.23398494462125707,0.05,0.08,0.13994169096209913,0.5,0.25
57,0.8346016631191076,0.49446253461766015,0.8306581894388837,0.4954702112643211,0.23380311223024616,0.4996345871708795,0.7230320699708455,0.37412068013131095,0.38944327717930255,0.08163265306122448,0.7085714285714285,0.3736898597236747,0.38850735226083527,0.08,0.13411078717201166,0.14857142857142858,0.02,2.58,0.07580174927113703,0.0,0.03325836871423446,0.11836634914903713,11.38192419825073,0.0,0.0,0.15,0.07871720116618076,0,0.1696594925561062,0.14490087495962437,3.490640895109192,0.8698972180084482,0.0,1.0,0.0,0.1,0.0,0.23734400642809508,0.05,0.08,0.13411078717201166,0.5,0.25
58,0.8386757438727476,0.4953956374996172,0.8346619887607082,0.4961615508373825,0.23380311223024616,0.4994398082515143,0.718475073313783,0.37396957997457964,0.38902834425750354,0.08211143695014662,0.7,0.3736898597236747,0.38863322133792344,0.08,0.12023460410557185,0.16857142857142857,0.025714285714285714,2.7085714285714286,0.07331378299120235,0.005714285714285714,0.033240806815913466,0.11836634914903714,11.35483870967742,0.0,0.0,0.15,0.07917888563049853,0,0.16969591009332569,0.14417637058482624,3.5893995057784363,0.8524992736482793,0.0,1.0,0.0,0.1,0.0,0.23987913846820635,0.05,0.08,0.12536443148688048,0.5,0.25
59,0.8445316978307165,0.4961646308941594,0.8403673610454719,0.4968825340455789,0.23380311223024616,0.4993602750722437,0.7243401759530792,0.37396957997457964,0.38902834425750354,0.08211143695014662,0.7057142857142857,0.3736898597236747,0.38863322133792344,0.08,0.11436950146627566,0.12857142857142856,0.025714285714285714,2.82,0.07331378299120235,0.0,0.03323111717690762,0.11836634914903714,11.35483870967742,0.0,0.0,0.15,0.07917888563049853,0,0.1695042876857162,0.14345548873190211,3.646182944234296,0.8354492881753136,0.0,1.0,0.0,0.1,0.0,0.2414628941547667,0.05,0.08,0.11436950146627566,0.5,0.25
60,0.8471188001674765,0.4965079480297253,0.8428879378935724,0.4972348391976397,0.23380311223024616,0.499299757034997,0.7038123167155426,0.37396957997457964,0.38902834425750354,0.08211143695014662,0.6857142857142857,0.3736898597236747,0.38863322133792344,0.08,0.14076246334310852,0.1742857142857143,0.025714285714285714,2.98,0.08211143695014662,0.0,0.03318949493478414,0.11836634914903714,11.35483870967742,0.0,0.0,0.15,0.07917888563049853,0,0.16948462339014475,0.1427382112882426,3.747544999635325,0.8187403024118074,0.0,1.0,0.0,0.1,0.0,0.2449469341977615,0.05,0.08,0.14076246334310852,0.5,0.25
61,0.8529427310802282,0.4964355343702065,0.8485621105828532,0.4969827684163222,0.23380311223024616,0.49926464129021875,0.7331378299120235,0.37396957997457964,0.38902834425750354,0.08211143695014662,0.7142857142857143,0.3736898597236747,0.38863322133792344,0.08,0.11143695014662756,0.13714285714285715,0.025714285714285714,3.0714285714285716,0.08504398826979472,0.0,0.03317625229123216,0.11836634914903714,11.35483870967742,0.0,0.0,0.15,0.07917888563049853,0,0.16935077241605118,0.14202452023180137,3.8097369567854757,0.8023654963635712,0.0,1.0,0.0,0.1,0.0,0.2460573587488705,0.05,0.08,0.11143695014662756,0.5,0.25
62,0.8591717569727981,0.4962782162459349,0.8540287966454255,0.4967613517759772,0.23380311223024616,0.4992376055227124,0.7029411764705882,0.37480346776835216,0.38870711179284034,0.08235294117647059,0.6828571428571428,0.37391843115224616,0.38880464990935204,0.08,0.1411764705882353,0.16285714285714287,0.02857142857142857,3.2142857142857144,0.08823529411764706,0.002857142857142857,0.033179513511082476,0.11836634914903713,11.31764705882353,0.0,0.0,0.15,0.07941176470588235,0,0.17018887569682808,0.1421682639284464,3.8963993605069085,0.8057345179329959,0.0,0.9649122807017544,0.0,0.1,0.0,0.2493116755621601,0.05,0.08,0.14076246334310852,0.5,0.25
63,0.8626302420144503,0.4964245876777115,0.8574795059103909,0.49696306733490536,0.23380311223024616,0.4991314266328407,0.7138643067846607,0.37487194234722926,0.3891544603185631,0.08259587020648967,0.6914285714285714,0.3741470025808176,0.3889760784807806,0.08,0.10324483775811209,0.13428571428571429,0.03142857142857143,3.3,0.09144542772861357,0.002857142857142857,0.033206436750595834,0.11836634914903711,11.28613569321534,0.0,0.0,0.15,0.07964601769911504,0,0.17085178846120108,0.14417637058482624,3.9527570875824845,0.8524992736482793,0.0,0.9574468085106383,0.0,0.1,0.0,0.24978726825464034,0.05,0.08,0.10588235294117647,0.5,0.25
64,0.8656998502150909,0.49604077633242755,0.8604526407104401,0.49649278931012,0.23380311223024616,0.49913701483663675,0.7286135693215339,0.3750489334976717,0.389287203681395,0.08259587020648967,0.7057142857142857,0.3743184311522462,0.38910464990935206,0.08,0.1415929203539823,0.16857142857142857,0.03142857142857143,3.4571428571428573,0.09144542772861357,0.0,0.033169097293520626,0.11836634914903711,11.28613569321534,0.0,0.0,0.15,0.07964601769911504,0,0.17171095809032366,0.148578375,4.042273374402264,0.9613183544285845,0.0,0.9661016949152542,0.0,0.1,0.0,0.252917373868457,0.05,0.08,0.1415929203539823,0.5,0.25
65,0.8699141528611088,0.4950532040804731,0.8645344938447259,0.49555790257552707,0.23380311223024616,0.4992197009991711,0.7374631268436578,0.3750489334976717,0.389287203681395,0.08259587020648967,0.7142857142857143,0.3743184311522462,0.38910464990935206,0.08,0.11504424778761062,0.13714285714285715,0.03142857142857143,3.5742857142857143,0.09734513274336283,0.0,0.03315739578421587,0.11836634914903711,11.28613569321534,0.0,0.0,0.15,0.07964601769911504,0,0.17162269186772916,0.147835483125,4.098570764057076,0.9420919873400128,0.0,1.0,0.0,0.1,0.0,0.2538998237591049,0.05,0.08,0.11504424778761062,0.5,0.25
66,0.8737403275643537,0.49496752098312136,0.8679988615514284,0.49566795919925943,0.23380311223024616,0.49911015347940907,0.7159763313609467,0.37424260884049715,0.38871910843578666,0.08284023668639054,0.6914285714285714,0.37437557400938903,0.3891475070522092,0.08,0.13313609467455623,0.15714285714285714,0.03428571428571429,3.68,0.10650887573964497,0.002857142857142857,0.03323143275064228,0.11836634914903714,10.828402366863905,0.0,0.0,0.15,0.07988165680473373,0,0.1720210069798191,0.14776123124999999,4.173742205918791,0.9321884323389116,0.0,0.9818181818181818,0.0,0.1,0.0,0.25616058478353904,0.05,0.08,0.13274336283185842,0.5,0.25
67,0.8767637119065101,0.49557794722893883,0.8715670582448258,0.49616265280431476,0.23380311223024616,0.4988812777722099,0.7232142857142857,0.37357628493488404,0.38988846616466005,0.08333333333333333,0.6942857142857143,0.37437557400938903,0.3891475070522092,0.08,0.13690476190476192,0.16857142857142857,0.04,3.7885714285714287,0.10416666666666667,0.005714285714285714,0.033372957409296466,0.11836634914903713,10.732142857142858,0.0,0.0,0.15,0.08035714285714286,0,0.17196047337349143,0.14702242509375,4.258838790371844,0.9135446636921334,0.0,1.0,0.0,0.1,0.0,0.25855965613607806,0.05,0.08,0.13609467455621302,0.5,0.25
68,0.8807142723459552,0.49578169386583243,0.8753595962666928,0.49626511841461846,0.23380311223024616,0.4987279323806336,0.7023809523809523,0.37375485636345546,0.3900223947360886,0.08333333333333333,0.6742857142857143,0.3745470025808176,0.38927607848078066,0.08,0.13988095238095238,0.1657142857142857,0.04,3.9257142857142857,0.10416666666666667,0.0,0.033404388609479474,0.11836634914903713,10.732142857142858,0.0,0.0,0.15,0.08035714285714286,0,0.17270038529233825,0.14717055758437503,4.339376300278692,0.9057655331200002,0.0,0.9655172413793104,0.0,0.1,0.0,0.2611227447578456,0.05,0.08,0.13988095238095238,0.5,0.25
69,0.8853657049775181,0.49678243012738765,0.8798249715929933,0.4971499557906462,0.23380311223024616,0.49851784334517285,0.6964285714285714,0.3738739039825031,0.39011168045037437,0.08333333333333333,0.6685714285714286,0.37466128829510337,0.38936179276649496,0.08,0.1488095238095238,0.17714285714285713,0.04,4.091428571428572,0.10416666666666667,0.0,0.03336685097051961,0.11836634914903713,10.732142857142858,0.0,0.0,0.15,0.08035714285714286,0,0.17303645479444799,0.14798510812500004,4.429731631415976,0.9076479171200007,0.0,0.9838709677419355,0.0,0.1,0.0,0.2642273218056676,0.05,0.08,0.1488095238095238,0.5,0.25
70,0.8914182864156868,0.49658724294942436,0.8843075128110076,0.496744645457285,0.23380311223024616,0.49832242798290133,0.7104477611940299,0.3743658000914247,0.3903215102604166,0.08358208955223881,0.68,0.37477557400938905,0.38944750705220926,0.08,0.1253731343283582,0.16,0.04285714285714286,4.248571428571428,0.1044776119402985,0.002857142857142857,0.03335047024155818,0.11836634914903711,10.722388059701492,0.0,0.0,0.15,0.08059701492537313,0,0.17337084394904714,0.149325,4.501136998787657,0.9281313440000012,0.0,0.9821428571428571,0.0,0.1,0.0,0.2656141700010985,0.05,0.08,0.12797619047619047,0.5,0.25
71,0.8939670657769815,0.49716795212534765,0.8867470587711043,0.49724240697551725,0.23380311223024616,0.4982205421860902,0.6925373134328359,0.37454490456903666,0.3904558386186256,0.08358208955223881,0.6628571428571428,0.37494700258081753,0.38957607848078063,0.08,0.1373134328358209,0.1657142857142857,0.04285714285714286,4.36,0.10746268656716418,0.0,0.03334100249800313,0.11836634914903711,10.722388059701492,0.0,0.0,0.15,0.08059701492537313,0,0.17438956115787338,0.15918805882473025,4.5768285445261885,0.9820000000000004,0.0,0.9482758620689655,0.0,0.1,0.0,0.26763196896373015,0.05,0.08,0.1373134328358209,0.5,0.25
72,0.8983059647279881,0.4965099709340685,0.8909000049099247,0.49656807454382895,0.23380311223024616,0.49812704348124875,0.6985074626865672,0.374604606061574,0.39050061473802855,0.08358208955223881,0.6685714285714286,0.37500414543796046,0.3896189356236378,0.08,0.15522388059701492,0.16,0.04285714285714286,4.5,0.11044776119402985,0.0,0.0333017439320169,0.11836634914903711,10.722388059701492,0.0,0.0,0.15,0.08059701492537313,0,0.17480190049494113,0.15906711853060657,4.645291973635665,0.9820000000000004,0.0,0.9821428571428571,0.0,0.1,0.0,0.27089216156031976,0.05,0.08,0.15522388059701492,0.5,0.25
73,0.9000965369379301,0.4957819642598679,0.8926134779406447,0.49586605318664073,0.23380311223024616,0.49818068749511435,0.6616766467065869,0.37560020906402924,0.3911194366911248,0.08383233532934131,0.6314285714285715,0.37534700258081766,0.3898760784807807,0.08,0.1317365269461078,0.17142857142857143,0.045714285714285714,4.634285714285714,0.11377245508982035,0.002857142857142857,0.033330333770598894,0.11836634914903711,10.640718562874252,0.0,0.0,0.15,0.08083832335329341,0,0.1764127488496093,0.15894678293795353,4.723814705591523,1.0,0.0,0.9333333333333333,0.0,0.1,0.0,0.2724221803479754,0.05,0.08,0.13432835820895522,0.5,0.25
74,0.9045441920396892,0.49544689121228963,0.8950379999733397,0.49555726335146255,0.23380311223024616,0.49802524721375735,0.6576576576576577,0.37448386345533774,0.39143213311432457,0.08408408408408409,0.6257142857142857,0.37534700258081766,0.3898760784807807,0.08,0.15015015015015015,0.1742857142857143,0.04857142857142857,4.728571428571429,0.1111111111111111,0.002857142857142857,0.03336353915533381,0.11836634914903713,10.492492492492492,0.0,0.0,0.15,0.08108108108108109,0,0.17635825724821838,0.15815204902326374,4.803624125765406,0.98,0.0,1.0,0.0,0.1,0.0,0.27525316713895986,0.05,0.08,0.15269461077844312,0.5,0.25
75,0.9059862561721748,0.49584049488789017,0.8960436849198475,0.49602370559860876,0.23380311223024616,0.49783554566582433,0.6656626506024096,0.3753636841011104,0.3922094925213225,0.08433734939759036,0.6314285714285715,0.37540414543796047,0.3899189356236378,0.08,0.13253012048192772,0.15714285714285714,0.05142857142857143,4.86,0.10240963855421686,0.002857142857142857,0.033484667431338724,0.11836634914903713,10.439759036144578,0.0,0.0,0.15,0.08132530120481928,0,0.176618751676263,0.15870791377814739,4.864694500392956,0.9643600000000009,0.0,0.9818181818181818,0.0,0.1,0.0,0.2764004186919218,0.05,0.08,0.13213213213213212,0.5,0.25
76,0.9091630925089412,0.4970337873977482,0.8990571411021517,0.49702324749465643,0.23380311223024616,0.4976918627356302,0.6716867469879518,0.37548416602882123,0.3922998539671056,0.08433734939759036,0.6371428571428571,0.3755184311522462,0.3900046499093521,0.08,0.16265060240963855,0.1657142857142857,0.05142857142857143,4.985714285714286,0.11144578313253012,0.0,0.03344359399525507,0.11836634914903713,10.439759036144578,0.0,0.0,0.15,0.08132530120481928,0,0.1774206579178817,0.15858937420925664,4.933114896099382,1.0,0.0,0.9655172413793104,0.0,0.1,0.0,0.2797791929380486,0.05,0.08,0.16265060240963855,0.5,0.25
77,0.9117160337412064,0.49647642345555976,0.9015153489758219,0.4966312177591719,0.23380311223024616,0.4977059558495911,0.6918429003021148,0.37451479463045134,0.3929814766748051,0.08459214501510574,0.6542857142857142,0.3755184311522462,0.3900046499093521,0.08,0.12084592145015106,0.14,0.054285714285714284,5.1257142857142854,0.11178247734138973,0.002857142857142857,0.0334410768343977,0.11836634914903711,10.422960725075528,0.0,0.0,0.15,0.08157099697885196,0,0.17721869819972086,0.15779642733821037,4.974452598177394,0.98,0.0,1.0,0.0,0.1,0.0,0.28005228148391725,0.05,0.08,0.12349397590361445,0.5,0.25
78,0.9137543834192181,0.4967114420971653,0.9032936784743947,0.4970349624510942,0.23380311223024616,0.4976797429535516,0.6606060606060606,0.37550175793641744,0.3941339635066463,0.08484848484848485,0.6228571428571429,0.3756327168665319,0.3900903641950664,0.08,0.1484848484848485,0.16857142857142857,0.05714285714285714,5.2628571428571425,0.11515151515151516,0.002857142857142857,0.03355155698036101,0.11836634914903713,10.193939393939393,0.0,0.0,0.15,0.07878787878787878,0,0.17756003399443654,0.23527399797033843,5.043534974785275,0.9694795084167042,0.0,0.9830508474576272,0.0,0.1,0.0,0.28215238644295404,0.05,0.08,0.14803625377643503,0.5,0.25
79,0.9148468358907866,0.49641060356174455,0.904023617346155,0.49711455077555466,0.23380311223024616,0.49760199958776663,0.6636085626911316,0.37605720663250747,0.39415340327968573,0.0856269113149847,0.62,0.3759184311522462,0.39030464990935204,0.08,0.1743119266055046,0.20285714285714285,0.06571428571428571,5.394285714285714,0.10397553516819572,0.008571428571428572,0.03368402917028454,0.11836634914903711,9.944954128440367,0.0,0.0,0.15,0.07951070336391437,0,0.1788143766816072,0.23409762798048675,5.145521418146713,1.003017118248369,0.0,0.9577464788732394,0.0,0.1,0.0,0.28645385802989726,0.05,0.08,0.1787878787878788,0.5,0.25
80,0.9179889818053526,0.496412590452875,0.9069592793863351,0.49715280137035134,0.23380311223024616,0.49733045336731063,0.6819571865443425,0.3761183687120182,0.39419927483931877,0.0856269113149847,0.6371428571428571,0.375975574009389,0.3903475070522092,0.08,0.13761467889908258,0.15714285714285714,0.06571428571428571,5.534285714285715,0.1162079510703364,0.0,0.033774823590454174,0.11836634914903711,9.944954128440367,0.0,0.0,0.15,0.07951070336391437,0,0.17897744765534204,0.23292713984058433,5.199753846926636,1.000956775883401,0.0,0.9818181818181818,0.0,0.1,0.0,0.28745226604583357,0.05,0.08,0.13761467889908258,0.5,0.25
81,0.9213152065958133,0.49604603897382343,0.9085470502055658,0.4973447261986533,0.23380311223024616,0.49703941801007806,0.6584615384615384,0.37698157412544053,0.39412773860211175,0.08615384615384615,0.6114285714285714,0.375975574009389,0.3903475070522092,0.08,0.13846153846153847,0.1657142857142857,0.07142857142857142,5.671428571428572,0.12,0.005714285714285714,0.03375708754824285,0.11836634914903711,9.913846153846153,0.0,0.0,0.15,0.08,0,0.1788817039884939,0.23176250414138141,5.261473055702388,0.9809376403657329,0.0,1.0,0.0,0.1,0.0,0.28863011145913825,0.05,0.08,0.14067278287461774,0.5,0.25
82,0.9227565473409856,0.495652504882913,0.9098854380403688,0.49693948718704656,0.23380311223024616,0.49685667930560634,0.6584615384615384,0.37698157412544053,0.39412773860211175,0.08615384615384615,0.6114285714285714,0.375975574009389,0.3903475070522092,0.08,0.12,0.14,0.07142857142857142,5.805714285714286,0.12,0.0,0.03379498119858768,0.11836634914903711,9.913846153846153,0.0,0.0,0.15,0.08,0,0.1785584383256943,0.2306036916206745,5.296243594588339,0.9613188875584182,0.0,1.0,0.0,0.1,0.0,0.28819860588618135,0.05,0.08,0.12,0.5,0.25
83,0.9272739362564951,0.49609371709799005,0.9129335234651226,0.49755499769548805,0.23380311223024616,0.49668192916489157,0.6408668730650154,0.3786519867686923,0.39587164667072067,0.08668730650154799,0.5914285714285714,0.3760327168665319,0.3903903641950664,0.08,0.13312693498452013,0.1457142857142857,0.07714285714285714,5.911428571428571,0.11764705882352941,0.005714285714285714,0.03391367684314222,0.11836634914903713,9.578947368421053,0.0,0.0,0.15,0.0804953560371517,0,0.17892150399120868,0.22945067316257112,5.336033008410859,0.955177388265249,0.0,0.9803921568627451,0.0,0.1,0.0,0.28917329097648764,0.05,0.08,0.13846153846153847,0.5,0.25
84,0.9299071691646141,0.4953217405192134,0.912703672164619,0.49762976435406536,0.23380311223024616,0.4965005010190216,0.6446540880503144,0.3814106126940143,0.3968057430081055,0.0880503144654088,0.5857142857142857,0.3760327168665319,0.3903903641950664,0.08,0.13836477987421383,0.16857142857142857,0.09142857142857143,6.014285714285714,0.11320754716981132,0.014285714285714285,0.03414699110040972,0.11836634914903711,9.144654088050315,0.0,0.0,0.15,0.08176100628930817,0,0.17885446861410978,0.22830341979675825,5.39788377681407,0.936073840499944,0.0,1.0,0.0,0.1,0.0,0.29109233540599144,0.05,0.08,0.15170278637770898,0.5,0.25
85,0.9308585659369497,0.4950169043181527,0.9135680840891981,0.49718657711325187,0.23380311223024616,0.4963663135382713,0.6918238993710691,0.3814106126940143,0.3968057430081055,0.0880503144654088,0.6285714285714286,0.3760327168665319,0.3903903641950664,0.08,0.14779874213836477,0.15428571428571428,0.09142857142857143,6.114285714285714,0.11320754716981132,0.0,0.034370407650498536,0.11836634914903711,9.144654088050315,0.0,0.0,0.15,0.07861635220125786,0,0.1786740534138964,0.22716190269777448,5.444211815563503,0.9173523636899451,0.0,1.0,0.0,0.1,0.0,0.2926226242960692,0.05,0.08,0.14779874213836477,0.5,0.25
86,0.9319569140288856,0.4962937467768739,0.9145660117841569,0.49865342635075793,0.23380311223024616,0.49617586963462085,0.6949685534591195,0.38172507810281936,0.3970415920647093,0.0880503144654088,0.6314285714285715,0.37631843115224617,0.3906046499093521,0.08,0.13522012578616352,0.14857142857142858,0.09142857142857143,6.26,0.11635220125786164,0.0,0.034363841944313765,0.11836634914903711,9.144654088050315,0.0,0.0,0.15,0.07861635220125786,0,0.17972311171825547,0.24881392252727394,5.483899007823662,1.0024315878251786,0.0,0.9423076923076923,0.0,0.1,0.0,0.293133002515228,0.05,0.08,0.13522012578616352,0.5,0.25
87,0.9353392588397615,0.4971179489087676,0.9160089407822345,0.4994405090069848,0.23380311223024616,0.49608697857923423,0.7174603174603175,0.38272376374195394,0.39599566407945713,0.08888888888888889,0.6457142857142857,0.37631843115224617,0.3906046499093521,0.08,0.12063492063492064,0.13714285714285715,0.1,6.3742857142857146,0.11428571428571428,0.008571428571428572,0.034455638876342516,0.11836634914903713,8.71111111111111,0.0,0.0,0.15,0.07936507936507936,0,0.17953821044537846,0.24756985291463757,5.511363884810045,0.982382956068675,0.0,1.0,0.0,0.1,0.0,0.29291031465361755,0.05,0.08,0.12578616352201258,0.5,0.25
88,0.9371374820264036,0.49677054591690833,0.9176273416502124,0.499167790878176,0.23380311223024616,0.4959945850668142,0.6888888888888889,0.38272376374195394,0.39599566407945713,0.08888888888888889,0.62,0.37631843115224617,0.3906046499093521,0.08,0.1492063492063492,0.15428571428571428,0.1,6.531428571428571,0.12063492063492064,0.0,0.03467452118416631,0.11836634914903713,8.71111111111111,0.0,0.0,0.15,0.07936507936507936,0,0.1793540915360087,0.24633200365006436,5.555422321399559,0.9627352969473014,0.0,1.0,0.0,0.1,0.0,0.29445527511141284,0.05,0.08,0.1492063492063492,0.5,0.25
89,0.9365105445261213,0.49608439868740756,0.9169592279173285,0.49818493530881697,0.23380311223024616,0.4959020054352305,0.6847133757961783,0.3830826148641075,0.3959412809145112,0.08917197452229299,0.6142857142857143,0.37643271686653196,0.39069036419506636,0.08,0.1464968152866242,0.16285714285714287,0.10285714285714286,6.628571428571429,0.1305732484076433,0.002857142857142857,0.034645900762757184,0.11836634914903711,8.713375796178344,0.0,0.0,0.15,0.07961783439490445,0,0.17962803607832867,0.2485582796786373,5.60717101782871,0.9808587463164682,0.0,0.9824561403508771,0.0,0.1,0.0,0.29568489230822315,0.05,0.08,0.14603174603174604,0.5,0.25
90,0.940561442694335,0.4966048645572475,0.919650292712341,0.4985338155323822,0.23380311223024616,0.4957310343502226,0.6430868167202572,0.38399526252964816,0.39655768558081156,0.09003215434083602,0.5714285714285714,0.37654700258081764,0.39077607848078066,0.08,0.15434083601286175,0.1657142857142857,0.11142857142857143,6.757142857142857,0.1189710610932476,0.008571428571428572,0.03470505275144626,0.11836634914903711,8.508038585209004,0.0,0.0,0.15,0.08038585209003216,0,0.17978689589793703,0.2473154882802441,5.660741883186421,1.0109248546964469,0.0,0.9827586206896551,0.0,0.1,0.0,0.2978433228520477,0.05,0.08,0.1592356687898089,0.5,0.25
91,0.9422740796868346,0.4956470934175983,0.9198720980595364,0.4981216247185697,0.23380311223024616,0.495611764339451,0.7077922077922078,0.3851827278753608,0.3959676233487142,0.09090909090909091,0.6228571428571429,0.37654700258081764,0.39077607848078066,0.08,0.12987012987012986,0.13428571428571429,0.12,6.865714285714286,0.11363636363636363,0.008571428571428572,0.03488863638222015,0.11836634914903711,8.415584415584416,0.0,0.0,0.15,0.08116883116883117,0,0.17951596213273305,0.24607891083884287,5.681812759808407,0.9907063576025179,0.0,1.0,0.0,0.1,0.0,0.2978386165165193,0.05,0.08,0.13183279742765272,0.5,0.25
92,0.9410443175555023,0.4958452985099512,0.9188640824988777,0.4985054972753406,0.23380311223024616,0.4954454800405859,0.7231270358306189,0.38516459302444195,0.3961195081584643,0.09120521172638436,0.6342857142857142,0.37654700258081764,0.39077607848078066,0.08,0.1237785016286645,0.13428571428571429,0.12285714285714286,6.9714285714285715,0.10749185667752444,0.002857142857142857,0.03491521769013056,0.1183663491490371,8.410423452768729,0.0,0.0,0.15,0.08143322475570032,0,0.1793030973220694,0.24484851628464865,5.702462218897953,0.9708922304504675,0.0,1.0,0.0,0.1,0.0,0.29744343893744657,0.05,0.08,0.1266233766233766,0.5,0.25
93,0.9424970200628503,0.4947138293417522,0.9201383101267515,0.4979303340849894,0.23380311223024616,0.4952973016830366,0.6807817589576547,0.38529488618405106,0.39621722802817116,0.09120521172638436,0.5971428571428572,0.3766612882951033,0.39086179276649496,0.08,0.1563517915309446,0.16285714285714287,0.12285714285714286,7.1,0.11726384364820847,0.0,0.03490171330205372,0.1183663491490371,8.410423452768729,0.0,0.0,0.15,0.08143322475570032,0,0.17966286754974475,0.2559708850831926,5.751270117377137,1.0465364089759122,0.0,0.9824561403508771,0.0,0.1,0.0,0.2992976513553951,0.05,0.08,0.1563517915309446,0.5,0.25
94,0.9442360876221438,0.49491428303324914,0.9207599106511891,0.49783963671489506,0.23380311223024616,0.494964056135096,0.7049180327868853,0.38556889152179835,0.39442127961041673,0.09180327868852459,0.6142857142857143,0.3766612882951033,0.39086179276649496,0.08,0.12459016393442623,0.13714285714285715,0.12857142857142856,7.2371428571428575,0.11475409836065574,0.005714285714285714,0.03495060076615089,0.11836634914903711,8.144262295081967,0.0,0.0,0.15,0.08196721311475409,0,0.17930741035485318,0.25469103065777665,5.773387572172451,1.0256056807963938,0.0,1.0,0.0,0.1,0.0,0.29910475575830936,0.05,0.08,0.13029315960912052,0.5,0.25
95,0.9451064689728753,0.49448790071843957,0.9216428383726402,0.49778874855934824,0.23380311223024616,0.4946962727210039,0.694078947368421,0.386257144205598,0.39429138424337534,0.09210526315789473,0.6028571428571429,0.3768327168665319,0.3909903641950664,0.08,0.14473684210526316,0.16,0.13142857142857142,7.3742857142857146,0.11842105263157894,0.002857142857142857,0.03513766871697844,0.11836634914903711,8.06578947368421,0.0,0.0,0.15,0.07894736842105263,0,0.18006701687450746,0.25341757550448774,5.817919820729002,1.005093567180466,0.0,0.9642857142857143,0.0,0.1,0.0,0.3002150917408857,0.05,0.08,0.14754098360655737,0.5,0.25
96,0.9465276711063985,0.4947655082022545,0.9231459335017309,0.49857485989840955,0.23380311223024616,0.49430894702291445,0.7574750830564784,0.38691179414651267,0.3956746315110233,0.09302325581395349,0.6514285714285715,0.3769470025808176,0.39107607848078063,0.08,0.13953488372093023,0.15428571428571428,0.14,7.502857142857143,0.10963455149501661,0.008571428571428572,0.03528653391165578,0.11836634914903711,7.926910299003322,0.0,0.0,0.15,0.07973421926910298,0,0.18025225321870636,0.2521504876269653,5.855847138600137,1.0006342594052322,0.0,0.9814814814814815,0.0,0.1,0.0,0.3013063108380519,0.05,0.08,0.14802631578947367,0.5,0.25
97,0.9502386164471479,0.4959735041275907,0.9235570820615684,0.4993456768838472,0.23380311223024616,0.49401575942244363,0.6476510067114094,0.38666919366100727,0.3984558148563352,0.09395973154362416,0.5514285714285714,0.3770041454379605,0.39111893562363775,0.08,0.1174496644295302,0.12285714285714286,0.14857142857142858,7.605714285714286,0.10067114093959731,0.008571428571428572,0.03556556521688535,0.11836634914903711,7.651006711409396,0.0,0.0,0.15,0.08053691275167785,0,0.18035084909546997,0.25088973518883045,5.861587338685276,0.987594167954148,0.0,0.9767441860465116,0.0,0.1,0.0,0.30046026439913937,0.05,0.08,0.12292358803986711,0.5,0.25
98,0.9526018543491773,0.49634920269503374,0.9249605195537992,0.4996770190347987,0.23380311223024616,0.49371577442689885,0.6902356902356902,0.38762298268634,0.39877006185004277,0.09427609427609428,0.5857142857142857,0.3770041454379605,0.39111893562363775,0.08,0.13468013468013468,0.13428571428571429,0.15142857142857144,7.734285714285714,0.09764309764309764,0.002857142857142857,0.035613540188758765,0.11836634914903711,7.622895622895623,0.0,0.0,0.15,0.08080808080808081,0,0.18019138056427836,0.2496352865128863,5.878641306197284,0.9678422845950649,0.0,1.0,0.0,0.1,0.0,0.30075604312549115,0.05,0.08,0.13758389261744966,0.5,0.25
99,0.9505953551133199,0.496684695960376,0.9232578616308005,0.4998617338510913,0.23380311223024616,0.4934492251200697,0.6902356902356902,0.3876903227536801,0.3988205669005478,0.09427609427609428,0.5857142857142857,0.3770612882951033,0.39116179276649493,0.08,0.13468013468013468,0.13142857142857142,0.15142857142857144,7.8342857142857145,0.10437710437710437,0.0,0.03562600482096957,0.11836634914903711,7.622895622895623,0.0,0.0,0.15,0.08080808080808081,0,0.18031885223288552,0.24838711008032188,5.892497051501912,0.9643600000000009,0.0,0.9782608695652174,0.0,0.1,0.0,0.30081925107022667,0.05,0.08,0.13468013468013468,0.5,0.25
100,0.9542253641196063,0.4966331052640149,0.9247664599635579,0.49928183482713623,0.23380311223024616,0.4931811564238308,0.7322033898305085,0.38886741416956333,0.3989692009273141,0.09491525423728814,0.6171428571428571,0.37717557400938906,0.39124750705220923,0.08,0.14915254237288136,0.15142857142857144,0.15714285714285714,7.942857142857143,0.09830508474576272,0.005714285714285714,0.03566027776406683,0.11836634914903711,7.51864406779661,0.0,0.0,0.15,0.08135593220338982,0,0.18101682940029254,0.24900597104324274,5.926075681900444,0.986881561758416,0.0,0.9622641509433962,0.0,0.1,0.0,0.30239445013287697,0.05,0.08,0.15488215488215487,0.5,0.25
101,0.9547954487959278,0.49679316595039547,0.9251119061985322,0.49927504155313746,0.23380311223024616,0.49291720133644673,0.673469387755102,0.38939764853904013,0.4000556356559203,0.09523809523809523,0.5657142857142857,0.37723271686653187,0.39129036419506635,0.08,0.1326530612244898,0.12571428571428572,0.16,8.025714285714285,0.10204081632653061,0.002857142857142857,0.03574337487921909,0.11836634914903711,7.489795918367347,0.0,0.0,0.15,0.08163265306122448,0,0.1810831738247196,0.24776094118802652,5.93326845397672,1.0027839305232469,0.0,0.9772727272727273,0.0,0.1,0.0,0.30244421915165687,0.05,0.08,0.13559322033898305,0.5,0.25
102,0.9552812491818455,0.49666864056613796,0.9256477463821836,0.4992953983762938,0.23380311223024616,0.49264482298000734,0.6757679180887372,0.3904282372644203,0.40058163150933235,0.09556313993174062,0.5657142857142857,0.37740414543796047,0.39141893562363783,0.08,0.11262798634812286,0.10285714285714286,0.16285714285714287,8.134285714285713,0.10238907849829351,0.002857142857142857,0.03582598299580292,0.1183663491490371,7.392491467576792,0.0,0.0,0.15,0.08191126279863481,0,0.18166290081273892,0.25481670608222323,5.91746022775433,1.0136119339221599,0.0,0.9444444444444444,0.0,0.1,0.0,0.3007403755410128,0.05,0.08,0.11224489795918367,0.5,0.25
103,0.9547807584784868,0.49670557736782267,0.9252171040450069,0.4992219198590468,0.23380311223024616,0.49230667382594673,0.6815068493150684,0.39095205518586884,0.40039034028664966,0.0958904109589041,0.5685714285714286,0.37740414543796047,0.39141893562363783,0.08,0.1404109589041096,0.13428571428571429,0.1657142857142857,8.234285714285715,0.10273972602739725,0.002857142857142857,0.035862820959681345,0.11836634914903711,7.383561643835616,0.0,0.0,0.15,0.07876712328767123,0,0.18143972916581805,0.25354262255181215,5.933396737484956,0.9933396952437166,0.0,1.0,0.0,0.1,0.0,0.301454210006283,0.05,0.08,0.14334470989761092,0.5,0.25
104,0.9560913064532413,0.497305122230631,0.9262625729011259,0.49922615862110536,0.23380311223024616,0.49216182588599156,0.6896551724137931,0.3907619611590462,0.4008049970040193,0.09655172413793103,0.5714285714285714,0.37740414543796047,0.39141893562363783,0.08,0.09655172413793103,0.09142857142857143,0.17142857142857143,8.334285714285715,0.10344827586206896,0.005714285714285714,0.03588332645469741,0.1183663491490371,7.379310344827586,0.0,0.0,0.15,0.07931034482758621,0,0.18104653051998898,0.25227490943905306,5.906157374163828,0.9734729013388422,0.0,1.0,0.0,0.1,0.0,0.29883012964295513,0.05,0.08,0.09931506849315068,0.5,0.25
105,0.9568933857883988,0.4972801281585158,0.9263806917783372,0.499724972068246,0.23380311223024616,0.49185055370138453,0.6898954703832753,0.39229949447322654,0.4025497136708707,0.0975609756097561,0.5657142857142857,0.37740414543796047,0.39141893562363783,0.08,0.10801393728222997,0.09714285714285714,0.18,8.428571428571429,0.0975609756097561,0.008571428571428572,0.03604641758286219,0.1183663491490371,7.191637630662021,0.0,0.0,0.15,0.08013937282229965,0,0.18082544357810332,0.2510135348918578,5.885177083823408,0.9540034433120653,0.0,1.0,0.0,0.1,0.0,0.29690586454011775,0.05,0.08,0.10689655172413794,0.5,0.25
106,0.9569570178189438,0.4976722603139842,0.9264328700433839,0.5001962293803366,0.23380311223024616,0.49155790705363356,0.7142857142857143,0.3924388672955262,0.40265424328759547,0.0975609756097561,0.5857142857142857,0.37751843115224615,0.3915046499093521,0.08,0.11498257839721254,0.10571428571428572,0.18,8.5,0.0975609756097561,0.0,0.03613191420284943,0.1183663491490371,7.191637630662021,0.0,0.0,0.15,0.08013937282229965,0,0.18103445993164136,0.2497584672173985,5.873187827861226,0.9887192474909164,0.0,0.972972972972973,0.0,0.1,0.0,0.2956842646929028,0.05,0.08,0.11498257839721254,0.5,0.25
107,0.957190252297478,0.4976153331095232,0.9264734828780677,0.5001763721031791,0.23380311223024616,0.49131963316831345,0.7017543859649122,0.39320623851405995,0.40441338193629495,0.09824561403508772,0.5714285714285714,0.377575574009389,0.39154750705220925,0.08,0.10877192982456141,0.1,0.18571428571428572,8.605714285714285,0.09824561403508772,0.005714285714285714,0.03618779675236373,0.11836634914903711,7.143859649122807,0.0,0.0,0.15,0.08070175438596491,0,0.1811287162034117,0.2485096748813115,5.855724071304001,0.9820000000000004,0.0,0.9714285714285714,0.0,0.1,0.0,0.29426242079623677,0.05,0.08,0.11149825783972125,0.5,0.25
108,0.9586907707954504,0.49730002592039596,0.9276953336549877,0.4996925489740876,0.23380311223024616,0.4911154099119855,0.7263157894736842,0.39320623851405995,0.40441338193629495,0.09824561403508772,0.5914285714285714,0.377575574009389,0.39154750705220925,0.08,0.11929824561403508,0.11714285714285715,0.18571428571428572,8.645714285714286,0.09473684210526316,0.0,0.03621263383801222,0.11836634914903711,7.143859649122807,0.0,0.0,0.15,0.08070175438596491,0,0.1809933590509661,0.24726712650690494,5.8557524470207785,0.9623600000000003,0.0,1.0,0.0,0.1,0.0,0.29349666817747755,0.05,0.08,0.11929824561403508,0.5,0.25
109,0.9618770165905787,0.4978439043047339,0.9291167683317547,0.49990124437308225,0.23380311223024616,0.49091549551679026,0.7137809187279152,0.3932235378374862,0.4040124644602195,0.0989399293286219,0.5771428571428572,0.377575574009389,0.39154750705220925,0.08,0.0989399293286219,0.09714285714285714,0.19142857142857142,8.734285714285715,0.09187279151943463,0.005714285714285714,0.03627191178678334,0.11836634914903713,7.045936395759718,0.0,0.0,0.15,0.0812720848056537,0,0.18057396368428266,0.2460307908743704,5.835780255223219,0.9431128000000003,0.0,1.0,0.0,0.1,0.0,0.2914534137159721,0.05,0.08,0.10175438596491228,0.5,0.25
110,0.9617244938438022,0.49740356134809544,0.9289934427965042,0.49953115577431456,0.23380311223024616,0.49081360465528234,0.7208480565371025,0.3933648805936699,0.4041184715273573,0.0989399293286219,0.5828571428571429,0.37768985972367475,0.3916332213379235,0.08,0.1166077738515901,0.10857142857142857,0.19142857142857142,8.84,0.09540636042402827,0.0,0.03635446556792163,0.11836634914903713,7.045936395759718,0.0,0.0,0.15,0.0812720848056537,0,0.18075595172300415,0.24480063691999854,5.827636078690185,0.9498861727594542,0.0,0.9736842105263158,0.0,0.1,0.0,0.29062632606904276,0.05,0.08,0.1166077738515901,0.5,0.25
111,0.9646546829845138,0.4974083768473822,0.9293913087118637,0.4994695400853681,0.23380311223024616,0.49054286932773994,0.6903914590747331,0.39448216658048857,0.4051646565726364,0.099644128113879,0.5542857142857143,0.37768985972367475,0.3916332213379235,0.08,0.10676156583629894,0.1,0.19714285714285715,8.917142857142856,0.08540925266903915,0.005714285714285714,0.0363716638918886,0.11836634914903708,7.02491103202847,0.0,0.0,0.15,0.08185053380782918,0,0.18045145839296053,0.24357663373539856,5.811083357116381,0.9308884493042651,0.0,1.0,0.0,0.1,0.0,0.2893105574687708,0.05,0.08,0.10954063604240283,0.5,0.25
112,0.9656863102161384,0.4974891737192621,0.9302195580035393,0.4997380914646271,0.23380311223024616,0.4905175733910189,0.7402135231316725,0.39448216658048857,0.4051646565726364,0.099644128113879,0.5942857142857143,0.37768985972367475,0.3916332213379235,0.08,0.1103202846975089,0.11428571428571428,0.19714285714285715,9.014285714285714,0.09252669039145907,0.0,0.03641006584374659,0.11836634914903708,7.02491103202847,0.0,0.0,0.15,0.07829181494661921,0,0.18020591538671002,0.24235875056672157,5.809147404259767,0.9122706803181797,0.0,1.0,0.0,0.1,0.0,0.28811905094764545,0.05,0.08,0.1103202846975089,0.5,0.25
113,0.9671136376698524,0.4976355336417423,0.9291736081414087,0.49959089502358967,0.23380311223024616,0.4905734844567979,0.7535714285714286,0.39488581984362625,0.4054266494200751,0.1,0.6028571428571429,0.37768985972367475,0.3916332213379235,0.08,0.1,0.09142857142857143,0.2,9.062857142857142,0.08928571428571429,0.002857142857142857,0.03646179485419546,0.11836634914903713,6.978571428571429,0.0,0.0,0.15,0.07857142857142857,0,0.17987588652406217,0.24114695681388795,5.7843930276031434,0.8940252667118161,0.0,1.0,0.0,0.1,0.0,0.28645331192339485,0.05,0.08,0.10320284697508897,0.5,0.25
114,0.96702276196885,0.49733834769742846,0.9290693489662989,0.49892048504985675,0.23380311223024616,0.49064243606200486,0.7562724014336918,0.39516059229201633,0.4053081634463257,0.1003584229390681,0.6028571428571429,0.3778041454379604,0.3917189356236378,0.08,0.1003584229390681,0.09428571428571429,0.20285714285714285,9.151428571428571,0.08602150537634409,0.002857142857142857,0.03652251682848165,0.1183663491490371,6.967741935483871,0.0,0.0,0.15,0.07885304659498207,0,0.18037622137715614,0.2423750381486217,5.762990881336794,0.9977836023276828,0.0,0.9393939393939394,0.0,0.1,0.0,0.2846306463272251,0.05,0.08,0.1,0.5,0.25
115,0.9680797388793889,0.4974152017038425,0.9299119105607,0.4987259524294894,0.23380311223024616,0.49074854878730156,0.6594982078853047,0.39516059229201633,0.4053081634463257,0.1003584229390681,0.5257142857142857,0.3778041454379604,0.3917189356236378,0.08,0.12544802867383512,0.11142857142857143,0.20285714285714285,9.245714285714286,0.08960573476702509,0.0,0.03652862544586392,0.1183663491490371,6.967741935483871,0.0,0.0,0.15,0.07885304659498207,0,0.18027093657421617,0.2411631629578786,5.759159635138631,0.9778279302811292,0.0,1.0,0.0,0.1,0.0,0.2848077161614015,0.05,0.08,0.12544802867383512,0.5,0.25
116,0.9675367350719081,0.49826063278846916,0.9294298648357147,0.49977259274152874,0.23380311223024616,0.4908565686695163,0.737410071942446,0.39568133694482355,0.4065138650321433,0.10071942446043165,0.5857142857142857,0.3778612882951034,0.391761792766495,0.08,0.12589928057553956,0.12571428571428572,0.2057142857142857,9.308571428571428,0.08992805755395683,0.002857142857142857,0.036559005019665254,0.11836634914903708,6.906474820143885,0.0,0.0,0.15,0.07913669064748201,0,0.18093987045920223,0.2399573471430892,5.7696907281501435,0.960857397397784,0.0,0.9545454545454546,0.0,0.1,0.0,0.28497593250386904,0.05,0.08,0.12544802867383512,0.5,0.25
117,0.9689530946571595,0.4999174085139681,0.9302876750583966,0.5007391881527206,0.23380311223024616,0.4910710086959591,0.6884057971014492,0.3975650961735516,0.40786708540904787,0.10144927536231885,0.5428571428571428,0.3778612882951034,0.391761792766495,0.08,0.11594202898550725,0.11142857142857143,0.21142857142857144,9.382857142857143,0.08333333333333333,0.005714285714285714,0.03681531932843308,0.1183663491490371,6.608695652173913,0.0,0.0,0.15,0.07971014492753623,0,0.1806063139640491,0.23875756040737375,5.765725485015712,0.9416402494498284,0.0,1.0,0.0,0.1,0.0,0.2846300135765173,0.05,0.08,0.11870503597122302,0.5,0.25
118,0.9700911620493645,0.499151513369336,0.9311498307073871,0.5001034110961112,0.23380311223024616,0.4913221263073511,0.6934306569343066,0.39813547923024317,0.40745782780282647,0.10218978102189781,0.5428571428571428,0.3778612882951034,0.391761792766495,0.08,0.0948905109489051,0.09142857142857143,0.21714285714285714,9.457142857142857,0.07664233576642336,0.005714285714285714,0.03694574878933937,0.11836634914903711,6.591240875912408,0.0,0.0,0.15,0.08029197080291971,0,0.18035985382280026,0.23756377260533687,5.741839546743969,0.9228074444608317,0.0,1.0,0.0,0.1,0.0,0.28300720854986533,0.05,0.08,0.10144927536231885,0.5,0.25
119,0.9702247822128413,0.5000470872986275,0.9312544362067945,0.500980248765405,0.23380311223024616,0.49156342787763313,0.6788321167883211,0.39813547923024317,0.40745782780282647,0.10218978102189781,0.5314285714285715,0.3778612882951034,0.391761792766495,0.08,0.11313868613138686,0.10571428571428572,0.21714285714285714,9.5,0.07664233576642336,0.0,0.03697795733369898,0.11836634914903711,6.591240875912408,0.0,0.0,0.15,0.08029197080291971,0,0.18011476883940056,0.23637595374231019,5.732717041523375,0.9043512955716151,0.0,1.0,0.0,0.1,0.0,0.2823422495822261,0.05,0.08,0.11313868613138686,0.5,0.25
120,0.9704915133861367,0.49881131685299934,0.9311170867843599,0.4998463191745578,0.23380311223024616,0.49172883500364023,0.7326007326007326,0.39770507594674664,0.4070061436455853,0.10256410256410256,0.5714285714285714,0.3778612882951034,0.391761792766495,0.08,0.12087912087912088,0.10857142857142857,0.22,9.597142857142858,0.07326007326007326,0.002857142857142857,0.037019620046433964,0.1183663491490371,6.549450549450549,0.0,0.0,0.15,0.08058608058608059,0,0.17978548070948927,0.23519407397359862,5.726634129264335,0.8862642696601827,0.0,1.0,0.0,0.1,0.0,0.2825317064461805,0.05,0.08,0.12408759124087591,0.5,0.25
121,0.9703094265206088,0.4975728100632378,0.9309750590292479,0.4989597339028892,0.23380311223024616,0.491819483135794,0.7142857142857143,0.39785159609326676,0.4071160337554754,0.10256410256410256,0.5571428571428572,0.37797557400938897,0.39184750705220917,0.08,0.11355311355311355,0.1,0.22,9.668571428571429,0.07326007326007326,0.0,0.03705162666447796,0.1183663491490371,6.549450549450549,0.0,0.0,0.15,0.08058608058608059,0,0.17991441116308468,0.24062170070434472,5.712101446679049,0.8728138664757421,0.0,0.9714285714285714,0.0,0.1,0.0,0.281921604640355,0.05,0.08,0.11355311355311355,0.5,0.25
122,0.9688634134052387,0.49633896526258336,0.9298471687992592,0.49784099978861507,0.23380311223024616,0.49190015975069945,0.6959706959706959,0.39785159609326676,0.4071160337554754,0.10256410256410256,0.5428571428571428,0.37797557400938897,0.39184750705220917,0.08,0.10622710622710622,0.1,0.22,9.757142857142858,0.08058608058608059,0.0,0.03706845810813204,0.1183663491490371,6.549450549450549,0.0,0.0,0.15,0.08058608058608059,0,0.17972841053584065,0.23941859220082298,5.697859417745467,0.8553575891462272,0.0,1.0,0.0,0.1,0.0,0.2807925573753702,0.05,0.08,0.10622710622710622,0.5,0.25
123,0.9698505264367436,0.49652920923806165,0.9306171169638333,0.4980303177112897,0.23380311223024616,0.49192401619718606,0.73992673992674,0.39785159609326676,0.4071160337554754,0.10256410256410256,0.5771428571428572,0.37797557400938897,0.39184750705220917,0.08,0.09523809523809523,0.08,0.22,9.831428571428571,0.08424908424908426,0.0,0.03709676540880486,0.1183663491490371,6.549450549450549,0.0,0.0,0.15,0.08058608058608059,0,0.17931519705459004,0.23822149923981886,5.663902229390558,0.8382504373633026,0.0,1.0,0.0,0.1,0.0,0.2788957866494588,0.05,0.08,0.09523809523809523,0.5,0.25
124,0.9721155978774275,0.4967709648042278,0.9323838726875665,0.49793074962476735,0.23380311223024616,0.4919836013480661,0.7142857142857143,0.39792485616652684,0.4071709788104205,0.10256410256410256,0.5571428571428572,0.37803271686653195,0.39189036419506634,0.08,0.0989010989010989,0.09714285714285714,0.22,9.928571428571429,0.08791208791208792,0.0,0.037119585537404534,0.1183663491490371,6.549450549450549,0.0,0.0,0.15,0.08058608058608059,0,0.17944647821217424,0.23703039174361976,5.647767041945604,0.8214854286160365,0.0,0.9705882352941176,0.0,0.1,0.0,0.2773685797345683,0.05,0.08,0.0989010989010989,0.5,0.25
125,0.9729093564910123,0.49674752614046236,0.9328985118171178,0.49782899959388033,0.23380311223024616,0.4919963638650847,0.7095588235294118,0.39910991748232827,0.40752748594800403,0.10294117647058823,0.5514285714285714,0.37814700258081757,0.39197607848078064,0.08,0.11397058823529412,0.11142857142857143,0.22285714285714286,9.98857142857143,0.08455882352941177,0.002857142857142857,0.03713810059171903,0.1183663491490371,6.529411764705882,0.0,0.0,0.15,0.08088235294117647,0,0.1798335329639705,0.23584523978490168,5.646240272535264,0.8120626369317799,0.0,0.9743589743589743,0.0,0.1,0.0,0.27729135953904865,0.05,0.08,0.11721611721611722,0.5,0.25
126,0.9721068010303915,0.495697616046224,0.9322748115734352,0.4972657674819873,0.23380311223024616,0.49207031777454774,0.7242647058823529,0.39910991748232827,0.40752748594800403,0.10294117647058823,0.5628571428571428,0.37814700258081757,0.39197607848078064,0.08,0.10661764705882353,0.10285714285714286,0.22285714285714286,10.071428571428571,0.08823529411764706,0.0,0.037162358938822124,0.1183663491490371,6.529411764705882,0.0,0.0,0.15,0.08088235294117647,0,0.17980678630926233,0.23466601358597716,5.636172609941702,0.7958213841931443,0.0,0.9722222222222222,0.0,0.1,0.0,0.27642311509150796,0.05,0.08,0.10661764705882353,0.5,0.25
127,0.9726626160827297,0.49545564235777195,0.9324879405804667,0.4969772551225745,0.23380311223024616,0.49216850831556347,0.7011070110701108,0.4003939593597225,0.4069642669183457,0.1033210332103321,0.5428571428571428,0.37826128829510336,0.39206179276649494,0.08,0.0996309963099631,0.09428571428571429,0.2257142857142857,10.148571428571428,0.08856088560885608,0.002857142857142857,0.03722086032390088,0.11836634914903711,6.472324723247232,0.0,0.0,0.15,0.08118081180811808,0,0.1798504666634303,0.23349268351804728,5.617734872028581,0.8145945404276832,0.0,0.9696969696969697,0.0,0.1,0.0,0.275046812278109,0.05,0.08,0.09926470588235294,0.5,0.25
128,0.9727572716397174,0.49584617337676223,0.9326086626402142,0.4976145121153893,0.23380311223024616,0.4922119730842963,0.7509293680297398,0.4016839710737164,0.40748924963471334,0.10408921933085502,0.5771428571428572,0.37826128829510336,0.39206179276649494,0.08,0.09293680297397769,0.08857142857142856,0.23142857142857143,10.234285714285715,0.08178438661710037,0.005714285714285714,0.03729853339422849,0.11836634914903713,6.4535315985130115,0.0,0.0,0.15,0.08178438661710037,0,0.17955050075868456,0.23232522010045703,5.5939516031594385,0.7983026496191296,0.0,1.0,0.0,0.1,0.0,0.27321329085239543,0.05,0.08,0.09225092250922509,0.5,0.25
129,0.9747553603471376,0.4960257447912864,0.9337062968452655,0.49734700753644073,0.23380311223024616,0.49242631938792175,0.7611940298507462,0.40113690838178895,0.408742828673965,0.1044776119402985,0.5828571428571429,0.3784327168665319,0.3921903641950663,0.08,0.08582089552238806,0.07714285714285714,0.2342857142857143,10.28,0.08208955223880597,0.002857142857142857,0.0374202250513865,0.11836634914903713,6.380597014925373,0.0,0.0,0.15,0.08208955223880597,0,0.17999517682631969,0.233105372306231,5.559215428239106,0.9261713440000008,0.0,0.9259259259259259,0.0,0.1,0.0,0.27124407612390206,0.05,0.08,0.08921933085501858,0.5,0.25
130,0.9751195521480313,0.494880945002807,0.9337988774124906,0.4962525136913629,0.23380311223024616,0.49274309470739464,0.7865168539325843,0.4022105779718711,0.4080690562453495,0.10486891385767791,0.6,0.3784327168665319,0.3921903641950663,0.08,0.10112359550561797,0.09714285714285714,0.23714285714285716,10.36,0.07865168539325842,0.002857142857142857,0.0375627730751006,0.11836634914903713,6.269662921348314,0.0,0.0,0.15,0.07865168539325842,0,0.17986491808147384,0.23193984544469984,5.545173976817181,0.9076479171200007,0.0,1.0,0.0,0.1,0.0,0.2705176932132293,0.05,0.08,0.1044776119402985,0.5,0.25
131,0.9766605881513178,0.49432778673524425,0.9343590228298436,0.4953477670246141,0.23380311223024616,0.49285364386705666,0.7819548872180451,0.40251308032959837,0.4083560866107375,0.10526315789473684,0.5942857142857143,0.3784327168665319,0.3921903641950663,0.08,0.08270676691729323,0.07142857142857142,0.24,10.402857142857142,0.07894736842105263,0.002857142857142857,0.037677616952990295,0.11836634914903713,6.180451127819549,0.0,0.0,0.15,0.07894736842105263,0,0.17933702206249505,0.23078014621747633,5.505699068709409,0.8894949587776007,0.0,1.0,0.0,0.1,0.0,0.2684524827098712,0.05,0.08,0.08614232209737828,0.5,0.25
132,0.9742602424024649,0.4938956836449121,0.9322638764380479,0.49475329410167707,0.23380311223024616,0.49285663373594707,0.7471698113207547,0.4037026279340959,0.40765464763179793,0.10566037735849057,0.5657142857142857,0.3784898597236747,0.3922332213379235,0.08,0.07169811320754717,0.07142857142857142,0.24285714285714285,10.457142857142857,0.07169811320754717,0.002857142857142857,0.0377570678818579,0.11836634914903714,6.128301886792453,0.0,0.0,0.15,0.07924528301886792,0,0.17935376623789687,0.23170306433435334,5.467013658763792,0.9040087305354689,0.0,0.96,0.0,0.1,0.0,0.2684524827098712,0.05,0.08,0.07518796992481203,0.5,0.25
133,0.9756931664053817,0.494370827261274,0.9326599279859902,0.495457505741495,0.23380311223024616,0.49280768571150946,0.7159090909090909,0.4040160547239599,0.4083634990092993,0.10606060606060606,0.54,0.37854700258081764,0.3922760784807806,0.08,0.08712121212121213,0.09428571428571429,0.24571428571428572,10.522857142857143,0.07196969696969698,0.002857142857142857,0.03792985505419144,0.11836634914903713,5.9393939393939394,0.0,0.0,0.15,0.07954545454545454,0,0.1796815944249389,0.24154215641135582,5.45195909987423,0.890270534324438,0.0,0.9696969696969697,0.0,0.1,0.0,0.2668223114045663,0.05,0.08,0.09056603773584905,0.5,0.25
134,0.9770022383519923,0.49413905918029316,0.9336473422542908,0.4956506750613437,0.23380311223024616,0.49289269718505424,0.7727272727272727,0.4040160547239599,0.4083634990092993,0.10606060606060606,0.5828571428571429,0.37854700258081764,0.3922760784807806,0.08,0.10606060606060606,0.09428571428571429,0.24571428571428572,10.571428571428571,0.08333333333333333,0.0,0.03801479204521716,0.11836634914903713,5.9393939393939394,0.0,0.0,0.15,0.07954545454545454,0,0.17926861502424277,0.24033444562929904,5.437205632162459,0.8724651236379491,0.0,1.0,0.0,0.1,0.0,0.2664357412888834,0.05,0.08,0.10606060606060606,0.5,0.25
135,0.9771436513256828,0.49309302802731564,0.9337540080401601,0.49516202747397836,0.23380311223024616,0.49291559958020204,0.7386363636363636,0.40409181229971747,0.40842031719111754,0.10606060606060606,0.5571428571428572,0.3786041454379605,0.3923189356236378,0.08,0.10606060606060606,0.1,0.24571428571428572,10.634285714285713,0.07954545454545454,0.0,0.038020525313384936,0.11836634914903713,5.9393939393939394,0.0,0.0,0.15,0.07954545454545454,0,0.17928627194912156,0.23913277340115255,5.42846151951921,0.8954488933777126,0.0,0.9714285714285714,0.0,0.1,0.0,0.2660684996789847,0.05,0.08,0.10606060606060606,0.5,0.25
136,0.9772837891026412,0.49247223292771714,0.9338363790183299,0.4946264394239865,0.23380311223024616,0.49282457717636197,0.7604562737642585,0.4053765491893866,0.4095517412761333,0.10646387832699619,0.5714285714285714,0.3789470025808176,0.3925760784807806,0.08,0.07984790874524715,0.07142857142857142,0.24857142857142858,10.67142857142857,0.07984790874524715,0.002857142857142857,0.03802004894204237,0.11836634914903713,5.923954372623574,0.0,0.0,0.15,0.07984790874524715,0,0.17998984058937595,0.25993956080580843,5.391320860557398,1.0,0.0,0.88,0.0,0.1,0.0,0.2660684996789847,0.05,0.08,0.07954545454545454,0.5,0.25
137,0.9772286223426261,0.4927538836960335,0.9336088302235044,0.4944258473536824,0.23380311223024616,0.49269808339829735,0.7251908396946565,0.4061784709038759,0.41100910555960635,0.10687022900763359,0.5428571428571428,0.37911843115224625,0.39270464990935205,0.08,0.10305343511450382,0.08285714285714285,0.25142857142857145,10.72,0.07633587786259542,0.002857142857142857,0.03805565200456232,0.11836634914903713,5.893129770992366,0.0,0.0,0.15,0.08015267175572519,0,0.18051703567214333,0.26192035954887444,5.366351586203392,1.0135258661638595,0.0,0.9310344827586207,0.0,0.1,0.0,0.2657498655695602,0.05,0.08,0.10646387832699619,0.5,0.25
138,0.9767615064310228,0.49250925458428285,0.9332591605982472,0.494049162805581,0.23380311223024616,0.49262112239797673,0.7175572519083969,0.406331142659601,0.41112360937640025,0.10687022900763359,0.5371428571428571,0.3792327168665318,0.39279036419506635,0.08,0.10687022900763359,0.08857142857142856,0.25142857142857145,10.791428571428572,0.07633587786259542,0.0,0.03809038773161454,0.11836634914903713,5.893129770992366,0.0,0.0,0.15,0.08015267175572519,0,0.1805851647794969,0.2606107577511301,5.347595983050753,1.0419753975691004,0.0,0.967741935483871,0.0,0.1,0.0,0.2654776394666547,0.05,0.08,0.10687022900763359,0.5,0.25
139,0.9752865205125877,0.4926915348217527,0.9321550282821613,0.49410061260161653,0.23380311223024616,0.49267183756060823,0.7175572519083969,0.406331142659601,0.41112360937640025,0.10687022900763359,0.5371428571428571,0.3792327168665318,0.39279036419506635,0.08,0.10687022900763359,0.09142857142857143,0.25142857142857145,10.848571428571429,0.07633587786259542,0.0,0.03809443878516768,0.11836634914903713,5.893129770992366,0.0,0.0,0.15,0.08015267175572519,0,0.1801392389555994,0.2593077039623744,5.332072634818309,1.0211358896177185,0.0,1.0,0.0,0.1,0.0,0.26521902466889447,0.05,0.08,0.10687022900763359,0.5,0.25
140,0.9747146422665762,0.49215209531648185,0.9315811997218839,0.493820637524078,0.23380311223024616,0.49278173830458394,0.735632183908046,0.4075331831273664,0.41160771735991014,0.10727969348659004,0.5485714285714286,0.3792327168665318,0.39279036419506635,0.08,0.0842911877394636,0.08,0.2542857142857143,10.90857142857143,0.07279693486590039,0.002857142857142857,0.038116916273476735,0.11836634914903713,5.8773946360153255,0.0,0.0,0.15,0.08045977011494253,0,0.17960997133225,0.25801116544256253,5.305431182121943,1.0007131718253641,0.0,1.0,0.0,0.1,0.0,0.2635420429010986,0.05,0.08,0.08778625954198473,0.5,0.25
141,0.9728351616555836,0.49116369554048206,0.930009000509884,0.49338870443266825,0.23380311223024616,0.49283794993256136,0.7181467181467182,0.40850245929946627,0.4127467247547816,0.10810810810810811,0.5314285714285715,0.3792327168665318,0.39279036419506635,0.08,0.08494208494208494,0.06857142857142857,0.26,10.954285714285714,0.06563706563706563,0.005714285714285714,0.0382937188299458,0.11836634914903713,5.768339768339768,0.0,0.0,0.15,0.08108108108108109,0,0.17908320718987447,0.2567211096153497,5.267893987050932,0.9806989083888568,0.0,1.0,0.0,0.1,0.0,0.26197413615834253,0.05,0.08,0.08812260536398467,0.5,0.25
142,0.9733270652997997,0.4912100362304147,0.9303730092066039,0.4928921439030978,0.23380311223024616,0.49280309731028643,0.7567567567567568,0.40850245929946627,0.4127467247547816,0.10810810810810811,0.56,0.3792327168665318,0.39279036419506635,0.08,0.0888030888030888,0.07142857142857142,0.26,11.008571428571429,0.06563706563706563,0.0,0.03832689038746506,0.11836634914903713,5.768339768339768,0.0,0.0,0.15,0.08108108108108109,0,0.17906085717677264,0.25543750406727295,5.233964678738485,0.9610849302210795,0.0,0.96,0.0,0.1,0.0,0.26053566101065706,0.05,0.08,0.0888030888030888,0.5,0.25
143,0.9733662348905433,0.4917322622123306,0.9304019947037542,0.4935449297190693,0.23380311223024616,0.49279793379601583,0.722007722007722,0.4086568994539064,0.4128625548706117,0.10810810810810811,0.5342857142857143,0.3793470025808176,0.39287607848078065,0.08,0.11969111969111969,0.1,0.26,11.06,0.06563706563706563,0.0,0.03831185145976269,0.11836634914903713,5.768339768339768,0.0,0.0,0.15,0.08108108108108109,0,0.17916441288731735,0.2541603165469366,5.229285385163715,0.9967722749253504,0.0,0.9714285714285714,0.0,0.1,0.0,0.2614857119369582,0.05,0.08,0.11969111969111969,0.5,0.25
144,0.973998233463289,0.4912270270792232,0.9308206391835078,0.49349598057210275,0.23380311223024616,0.49283257394674834,0.689922480620155,0.40976574589130643,0.4131941407938265,0.10852713178294573,0.5085714285714286,0.3793470025808176,0.39287607848078065,0.08,0.08139534883720931,0.06857142857142857,0.26285714285714284,11.094285714285714,0.06589147286821706,0.002857142857142857,0.038365196235874074,0.11836634914903714,5.744186046511628,0.0,0.0,0.15,0.08139534883720931,0,0.17863987653716645,0.2528895149642019,5.19327110603187,0.9768368294268435,0.0,1.0,0.0,0.1,0.0,0.25949250742119134,0.05,0.08,0.08108108108108109,0.5,0.25
145,0.9747745060422641,0.49122323018390096,0.9304042823698384,0.49347059366887264,0.23380311223024616,0.49285772478092443,0.69921875,0.4086711099165301,0.41386069209608733,0.109375,0.5114285714285715,0.3793470025808176,0.39287607848078065,0.08,0.078125,0.06285714285714286,0.26857142857142857,11.16,0.0625,0.005714285714285714,0.03837681342533544,0.11836634914903715,5.7421875,0.0,0.0,0.15,0.08203125,0,0.17814624858305206,0.2516250673893809,5.152262826768375,0.9573000928383065,0.0,1.0,0.0,0.1,0.0,0.2576225332129225,0.05,0.08,0.08139534883720931,0.5,0.25
146,0.9758444784341811,0.49100078131197944,0.9311868907479263,0.49323367159949094,0.23380311223024616,0.4927747271903845,0.72265625,0.4086711099165301,0.41386069209608733,0.109375,0.5285714285714286,0.3793470025808176,0.39287607848078065,0.08,0.1171875,0.08857142857142856,0.26857142857142857,11.217142857142857,0.0625,0.0,0.03838005156119913,0.11836634914903715,5.7421875,0.0,0.0,0.15,0.078125,0,0.1777692316258511,0.250366942052434,5.137788998804437,0.9381540909815403,0.0,1.0,0.0,0.1,0.0,0.2585304690522764,0.05,0.08,0.1171875,0.5,0.25
147,0.9762929961584407,0.49035930280799567,0.9315149494262417,0.49239061321413324,0.23380311223024616,0.49277536793939664,0.73828125,0.4089054849165301,0.4140364733460874,0.109375,0.54,0.3795184311522462,0.39300464990935213,0.08,0.0859375,0.06857142857142857,0.26857142857142857,11.268571428571429,0.0625,0.0,0.0384035770873493,0.11836634914903715,5.7421875,0.0,0.0,0.15,0.078125,0,0.17813738546772184,0.2491151073421718,5.103604647399776,1.0,0.0,0.9166666666666666,0.0,0.1,0.0,0.25704925809966256,0.05,0.08,0.0859375,0.5,0.25
148,0.975762947309842,0.4899448834214042,0.931127256554124,0.49185550480749585,0.23380311223024616,0.4927466504061294,0.71875,0.4089054849165301,0.4140364733460874,0.109375,0.5257142857142857,0.3795184311522462,0.39300464990935213,0.08,0.08984375,0.07714285714285714,0.26857142857142857,11.311428571428571,0.0703125,0.0,0.038421289530485736,0.11836634914903715,5.7421875,0.0,0.0,0.15,0.078125,0,0.17778784852254395,0.24786953180546095,5.078675411594638,0.98,0.0,1.0,0.0,0.1,0.0,0.25593507644467944,0.05,0.08,0.08984375,0.5,0.25
149,0.9748193901675226,0.490430007619438,0.9304371119014562,0.4919292494079052,0.23380311223024616,0.4926894474351707,0.7109375,0.4089054849165301,0.4140364733460874,0.109375,0.52,0.3795184311522462,0.39300464990935213,0.08,0.0859375,0.07142857142857142,0.26857142857142857,11.342857142857143,0.0703125,0.0,0.038442792557348116,0.11836634914903715,5.7421875,0.0,0.0,0.15,0.078125,0,0.17729862356564552,0.24663018414643362,5.048530474791316,0.9603999999999999,0.0,1.0,0.0,0.1,0.0,0.2545836351224455,0.05,0.08,0.0859375,0.5,0.25
150,0.974648069329444,0.4907518830512551,0.9302529805136214,0.49142215816511453,0.23380311223024616,0.4926240024182802,0.7098039215686275,0.4083051209617739,0.41463605119436503,0.10980392156862745,0.5171428571428571,0.3795184311522462,0.39300464990935213,0.08,0.08235294117647059,0.06857142857142857,0.2714285714285714,11.402857142857142,0.06666666666666667,0.002857142857142857,0.038613297748526454,0.11836634914903713,5.333333333333333,0.0,0.0,0.15,0.0784313725490196,0,0.17684027330496013,0.24539703322570144,5.016131293866919,0.9411919999999999,0.0,1.0,0.0,0.1,0.0,0.2532997658663232,0.05,0.08,0.0859375,0.5,0.25
151,0.9752929566320031,0.49163840791870267,0.9298979653757182,0.49179538169581644,0.23380311223024616,0.49261748571112984,0.7747035573122529,0.4098829461737898,0.41463663149498653,0.11067193675889328,0.56,0.3798041454379605,0.3932189356236378,0.08,0.09881422924901186,0.08571428571428572,0.27714285714285714,11.43142857142857,0.05928853754940711,0.005714285714285714,0.03887066817826915,0.11836634914903713,5.264822134387352,0.0,0.0,0.15,0.07905138339920949,0,0.17781193193486391,0.27116929479303525,5.001522953703865,1.001407368387778,0.0,0.9,0.0,0.1,0.0,0.25328183639653645,0.05,0.08,0.10196078431372549,0.5,0.25
152,0.9758373264894806,0.49164192995918493,0.9297556690982167,0.4913302439121561,0.23380311223024616,0.49268653458756523,0.7857142857142857,0.41059616360826695,0.4138432663975767,0.1111111111111111,0.5657142857142857,0.3798041454379605,0.3932189356236378,0.08,0.0873015873015873,0.06571428571428571,0.28,11.474285714285715,0.05555555555555555,0.002857142857142857,0.038946422271333735,0.11836634914903713,5.246031746031746,0.0,0.0,0.15,0.07936507936507936,0,0.1772941579894753,0.26981344831907006,4.967206780344074,0.9813792210200225,0.0,1.0,0.0,0.1,0.0,0.2521394837071444,0.05,0.08,0.08695652173913043,0.5,0.25
153,0.9777148084946949,0.49111904280024443,0.9311074561419709,0.4909455306175992,0.23380311223024616,0.4926514729958584,0.8055555555555556,0.41059616360826695,0.4138432663975767,0.1111111111111111,0.58,0.3798041454379605,0.3932189356236378,0.08,0.10317460317460317,0.08,0.28,11.528571428571428,0.05952380952380952,0.0,0.038951140812667644,0.11836634914903713,5.246031746031746,0.0,0.0,0.15,0.07936507936507936,0,0.17683597291381362,0.26846438107747467,4.947862644737192,0.9617516365996219,0.0,1.0,0.0,0.1,0.0,0.2522706047598824,0.05,0.08,0.10317460317460317,0.5,0.25
154,0.9750363022537953,0.4911436936775715,0.9291789316485232,0.4912414449046117,0.23380311223024616,0.4927634529956534,0.7857142857142857,0.41059616360826695,0.4138432663975767,0.1111111111111111,0.5657142857142857,0.3798041454379605,0.3932189356236378,0.08,0.06349206349206349,0.045714285714285714,0.28,11.577142857142857,0.05952380952380952,0.0,0.038951140812667644,0.11836634914903713,5.246031746031746,0.0,0.0,0.15,0.07936507936507936,0,0.17620879304924456,0.2671220591720873,4.894619677556734,0.9425166038676295,0.0,1.0,0.0,0.1,0.0,0.2522706047598824,0.05,0.08,0.06349206349206349,0.5,0.25
155,0.9749316107217684,0.49127173832792975,0.9289925191726627,0.4908414260958898,0.23380311223024616,0.49286032537511754,0.7928286852589641,0.4100981101619949,0.41418394580231205,0.11155378486055777,0.5685714285714286,0.37991843115224616,0.3933046499093521,0.08,0.0796812749003984,0.06285714285714286,0.28285714285714286,11.62,0.055776892430278883,0.002857142857142857,0.038978428455821695,0.11836634914903713,5.243027888446215,0.0,0.0,0.15,0.0796812749003984,0,0.17607032051256977,0.2657864488762269,4.859584426862742,0.935478863542073,0.0,0.9545454545454546,0.0,0.1,0.0,0.25090707452188826,0.05,0.08,0.08333333333333333,0.5,0.25
156,0.9757119014625683,0.49156448192918883,0.9295308589656799,0.49123121431595396,0.23380311223024616,0.4930539007446552,0.776,0.4096844146897996,0.41532349205025415,0.112,0.5542857142857143,0.38003271686653195,0.39339036419506634,0.08,0.068,0.06285714285714286,0.2857142857142857,11.67142857142857,0.056,0.002857142857142857,0.03896219657472861,0.11836634914903713,5.256,0.0,0.0,0.15,0.08,0,0.17661612032073906,0.2644575166318458,4.82524988118263,0.9226864656403805,0.0,0.9090909090909091,0.0,0.1,0.0,0.25090707452188826,0.05,0.08,0.06772908366533864,0.5,0.25
157,0.9766389184267974,0.49189130706599793,0.9297322006238846,0.4913247517452112,0.23380311223024616,0.49323701597372493,0.751004016064257,0.40973993893590194,0.4160528924552305,0.11244979919678715,0.5342857142857143,0.38014700258081763,0.39347607848078064,0.08,0.09236947791164658,0.07142857142857142,0.2885714285714286,11.7,0.05220883534136546,0.002857142857142857,0.03904451979407216,0.11836634914903713,5.172690763052209,0.0,0.0,0.15,0.08032128514056225,0,0.17710261685484965,0.2631352290486865,4.800173454987549,0.9623600000000003,0.0,0.92,0.0,0.1,0.0,0.25056172079579386,0.05,0.08,0.096,0.5,0.25
158,0.9787729396693703,0.4907984612139379,0.9298892620358256,0.49084586183456563,0.23380311223024616,0.4933185807357503,0.7183673469387755,0.4128528839966756,0.4169821254261855,0.11428571428571428,0.5028571428571429,0.3802612882951033,0.39356179276649494,0.08,0.08163265306122448,0.07428571428571429,0.3,11.728571428571428,0.036734693877551024,0.011428571428571429,0.0392119243680259,0.11836634914903714,5.012244897959183,0.0,0.0,0.15,0.08163265306122448,0,0.17758767591343255,0.2618195529034431,4.778455700173512,0.98,0.0,0.9230769230769231,0.0,0.1,0.0,0.24996134559937766,0.05,0.08,0.09236947791164658,0.5,0.25
159,0.9781872147845313,0.4906893244213845,0.9294792546164383,0.4904055118651695,0.23380311223024616,0.4934606378903451,0.7714285714285715,0.4128528839966756,0.4169821254261855,0.11428571428571428,0.54,0.3802612882951033,0.39356179276649494,0.08,0.061224489795918366,0.05142857142857143,0.3,11.76,0.04081632653061224,0.0,0.039311687508632114,0.11836634914903714,5.012244897959183,0.0,0.0,0.15,0.08163265306122448,0,0.17701388039100827,0.26051045513892584,4.734315157598614,0.9603999999999999,0.0,1.0,0.0,0.1,0.0,0.24996134559937766,0.05,0.08,0.061224489795918366,0.5,0.25
160,0.979485671550752,0.4917389963253377,0.9303881743527928,0.491217570481027,0.23380311223024616,0.49349629204985224,0.7877551020408163,0.4128528839966756,0.4169821254261855,0.11428571428571428,0.5514285714285714,0.3802612882951033,0.39356179276649494,0.08,0.09795918367346938,0.07428571428571429,0.3,11.791428571428572,0.044897959183673466,0.0,0.039314189406546,0.11836634914903714,5.012244897959183,0.0,0.0,0.15,0.08163265306122448,0,0.17664252527476748,0.2592079028632312,4.713914568732355,0.9411919999999999,0.0,1.0,0.0,0.1,0.0,0.249810217094919,0.05,0.08,0.09795918367346938,0.5,0.25
161,0.9799908567875543,0.4916097547242025,0.9306385540439336,0.49150150591347924,0.23380311223024616,0.4933420763835337,0.7909836065573771,0.4130376459176625,0.41652101576992306,0.11475409836065574,0.5514285714285714,0.3803755740093891,0.39364750705220924,0.08,0.08196721311475409,0.06285714285714286,0.3028571428571429,11.811428571428571,0.040983606557377046,0.002857142857142857,0.03931695602218677,0.11836634914903714,5.008196721311475,0.0,0.0,0.15,0.08196721311475409,0,0.1765021697912508,0.2579118633489151,4.6824934202148505,0.9242505440000003,0.0,0.9545454545454546,0.0,0.1,0.0,0.24874827766874447,0.05,0.08,0.08571428571428572,0.5,0.25
162,0.9804150096364066,0.4921040061792007,0.9309342491728478,0.49161726475394696,0.23380311223024616,0.49313041856623846,0.8114754098360656,0.4130376459176625,0.41652101576992306,0.11475409836065574,0.5657142857142857,0.3803755740093891,0.39364750705220924,0.08,0.06147540983606557,0.045714285714285714,0.3028571428571429,11.825714285714286,0.045081967213114756,0.0,0.0393364445687004,0.11836634914903714,5.008196721311475,0.0,0.0,0.15,0.08196721311475409,0,0.17601923037086598,0.2566223040321705,4.634557837524839,0.9057655331200002,0.0,1.0,0.0,0.1,0.0,0.24874827766874447,0.05,0.08,0.06147540983606557,0.5,0.25
163,0.9807482536719497,0.4915853276078599,0.931166567871912,0.49139857040478985,0.23380311223024616,0.49294133401360324,0.7622950819672131,0.4134474819832362,0.41682839281910333,0.11475409836065574,0.5314285714285715,0.38066128829510326,0.3938617927664949,0.08,0.0860655737704918,0.06285714285714286,0.3028571428571429,11.84,0.04918032786885246,0.0,0.039352731149331424,0.11836634914903714,5.008196721311475,0.0,0.0,0.15,0.08196721311475409,0,0.1767675627904402,0.2590208587758795,4.604723823631485,0.909245603384113,0.0,0.8636363636363636,0.0,0.1,0.0,0.24776578181809414,0.05,0.08,0.0860655737704918,0.5,0.25
164,0.9799781309519081,0.49262082565237375,0.9306296823185117,0.492243309317363,0.23380311223024616,0.49263521730121346,0.7377049180327869,0.4136114164094657,0.41695134363877545,0.11475409836065574,0.5142857142857142,0.38077557400938905,0.3939475070522092,0.08,0.07377049180327869,0.06285714285714286,0.3028571428571429,11.862857142857143,0.04918032786885246,0.0,0.039352731149331424,0.11836634914903714,5.008196721311475,0.0,0.0,0.15,0.08196721311475409,0,0.17705501069077373,0.25772575448200014,4.575486490015998,0.9450728000000008,0.0,0.9090909090909091,0.0,0.1,0.0,0.24776578181809414,0.05,0.08,0.07377049180327869,0.5,0.25
165,0.9793932457778313,0.49329813783811505,0.9302219337971551,0.492694241873776,0.23380311223024616,0.4925118120056756,0.7827868852459017,0.4136114164094657,0.41695134363877545,0.11475409836065574,0.5457142857142857,0.38077557400938905,0.3939475070522092,0.08,0.10245901639344263,0.07428571428571429,0.3028571428571429,11.902857142857142,0.04918032786885246,0.0,0.03934782097754886,0.11836634914903714,5.008196721311475,0.0,0.0,0.15,0.08196721311475409,0,0.17668288134803414,0.2564371257095901,4.558262474501393,0.9261713440000008,0.0,1.0,0.0,0.1,0.0,0.24806191895669763,0.05,0.08,0.10245901639344263,0.5,0.25
166,0.98002853947451,0.4937190822980771,0.9306648242599828,0.49292661398160736,0.23380311223024616,0.49235012931298194,0.7786885245901639,0.4136114164094657,0.41695134363877545,0.11475409836065574,0.5428571428571428,0.38077557400938905,0.3939475070522092,0.08,0.0778688524590164,0.05714285714285714,0.3028571428571429,11.922857142857143,0.05327868852459016,0.0,0.03934782097754886,0.11836634914903714,5.008196721311475,0.0,0.0,0.15,0.08196721311475409,0,0.17605660979843682,0.25515494008104217,4.524240082154222,0.9076479171200007,0.0,1.0,0.0,0.1,0.0,0.24806191895669763,0.05,0.08,0.0778688524590164,0.5,0.25
167,0.980036254878298,0.4945926244981448,0.9306167949928197,0.4935941023242261,0.23380311223024616,0.4923036917609608,0.7942386831275721,0.41430446303112944,0.41726604780716336,0.11522633744855967,0.5514285714285714,0.38077557400938905,0.3939475070522092,0.08,0.053497942386831275,0.04,0.3057142857142857,11.962857142857143,0.04938271604938271,0.002857142857142857,0.03947501645792441,0.11836634914903715,4.905349794238683,0.0,0.0,0.15,0.0823045267489712,0,0.17551875532087322,0.25387916538063693,4.473755280511138,0.8894949587776007,0.0,1.0,0.0,0.1,0.0,0.24806191895669763,0.05,0.08,0.05327868852459016,0.5,0.25
168,0.980263680355608,0.49439790994895744,0.9306171057719783,0.493886292984135,0.23380311223024616,0.4922729330471033,0.8181818181818182,0.4148586316781078,0.4176104231978615,0.11570247933884298,0.5657142857142857,0.38077557400938905,0.3939475070522092,0.08,0.07024793388429752,0.054285714285714284,0.30857142857142855,12.002857142857144,0.045454545454545456,0.002857142857142857,0.03949348950468967,0.11836634914903715,4.87603305785124,0.0,0.0,0.15,0.07851239669421488,0,0.17501216154426885,0.25260976955373377,4.438565889186629,0.8717050596020486,0.0,1.0,0.0,0.1,0.0,0.24806191895669763,0.05,0.08,0.06995884773662552,0.5,0.25
169,0.9796974675256569,0.4948763183661012,0.9302256100438409,0.49444184366293864,0.23380311223024616,0.49219567036446843,0.768595041322314,0.4148586316781078,0.4176104231978615,0.11570247933884298,0.5314285714285715,0.38077557400938905,0.3939475070522092,0.08,0.0743801652892562,0.05714285714285714,0.30857142857142855,12.028571428571428,0.049586776859504134,0.0,0.03951942656926659,0.11836634914903715,4.87603305785124,0.0,0.0,0.15,0.07851239669421488,0,0.17442281502226178,0.2513467207059651,4.406937428545753,0.8542709584100077,0.0,1.0,0.0,0.1,0.0,0.24806191895669763,0.05,0.08,0.0743801652892562,0.5,0.25
170,0.9796706484089384,0.4948127153469822,0.930207066540281,0.49421902805872575,0.23380311223024616,0.49221322471727885,0.8140495867768595,0.4148586316781078,0.4176104231978615,0.11570247933884298,0.5628571428571428,0.38077557400938905,0.3939475070522092,0.08,0.08264462809917356,0.06285714285714286,0.30857142857142855,12.071428571428571,0.045454545454545456,0.0,0.039539560097660666,0.11836634914903715,4.87603305785124,0.0,0.0,0.15,0.07851239669421488,0,0.17451985235788262,0.2500899871024353,4.381655822831981,0.8371855392418075,0.0,0.9545454545454546,0.0,0.1,0.0,0.24685717011630076,0.05,0.08,0.08264462809917356,0.5,0.25
171,0.977579123230013,0.4937011482836851,0.9287609262737098,0.49345418438413535,0.23380311223024616,0.4922029311491622,0.7892561983471075,0.4148586316781078,0.4176104231978615,0.11570247933884298,0.5457142857142857,0.38077557400938905,0.3939475070522092,0.08,0.08264462809917356,0.06285714285714286,0.30857142857142855,12.108571428571429,0.045454545454545456,0.0,0.03955870269342005,0.11836634914903715,4.87603305785124,0.0,0.0,0.15,0.07851239669421488,0,0.17401839595323607,0.2488395371669231,4.356879849232484,0.8204418284569713,0.0,1.0,0.0,0.1,0.0,0.24571265871792375,0.05,0.08,0.08264462809917356,0.5,0.25
172,0.9796835949894556,0.4927479266416416,0.9299442083271449,0.49289639036329796,0.23380311223024616,0.4921215840996133,0.8423236514522822,0.4160368810028696,0.4170208956423013,0.11618257261410789,0.58,0.38077557400938905,0.3939475070522092,0.08,0.06224066390041494,0.04857142857142857,0.31142857142857144,12.154285714285715,0.04564315352697095,0.002857142857142857,0.03955931224822913,0.11836634914903714,4.863070539419087,0.0,0.0,0.15,0.07883817427385892,0,0.17340530397346984,0.2475953394810885,4.318313680819264,0.8040329918878318,0.0,1.0,0.0,0.1,0.0,0.24571265871792375,0.05,0.08,0.06611570247933884,0.5,0.25
173,0.9799289703298334,0.4934911317011449,0.9301131667758051,0.4935452645534705,0.23380311223024616,0.49188556234053227,0.7883817427385892,0.4160368810028696,0.4170208956423013,0.11618257261410789,0.5428571428571428,0.38077557400938905,0.3939475070522092,0.08,0.06224066390041494,0.045714285714285714,0.31142857142857144,12.185714285714285,0.04149377593360996,0.0,0.03958011862574953,0.11836634914903714,4.863070539419087,0.0,0.0,0.15,0.07883817427385892,0,0.17290913459645968,0.24635736278368303,4.277661692917163,0.7879523320500753,0.0,1.0,0.0,0.1,0.0,0.24571265871792375,0.05,0.08,0.06224066390041494,0.5,0.25
174,0.9789789119075772,0.49325323869229915,0.929458983690766,0.49370494816546745,0.23380311223024616,0.4917338531705853,0.7510373443983402,0.4160368810028696,0.4170208956423013,0.11618257261410789,0.5171428571428571,0.38077557400938905,0.3939475070522092,0.08,0.06639004149377593,0.054285714285714284,0.31142857142857144,12.225714285714286,0.04149377593360996,0.0,0.03958011862574953,0.11836634914903714,4.863070539419087,0.0,0.0,0.15,0.07883817427385892,0,0.17244344891990596,0.24512557596976461,4.246394173344535,0.7721932854090737,0.0,1.0,0.0,0.1,0.0,0.24571265871792375,0.05,0.08,0.06639004149377593,0.5,0.25
175,0.9785110933796647,0.4937513097612312,0.9291368572186889,0.4938425497267457,0.23380311223024616,0.4914746351824643,0.7261410788381742,0.4162858436584713,0.41720761763400266,0.11618257261410789,0.5,0.3809470025808176,0.3940760784807807,0.08,0.06639004149377593,0.04857142857142857,0.31142857142857144,12.265714285714285,0.04149377593360996,0.0,0.03958011862574953,0.11836634914903714,4.863070539419087,0.0,0.0,0.15,0.07883817427385892,0,0.17286608953244925,0.284527022061489,4.210037718449072,0.8190676632873053,0.0,0.8823529411764706,0.0,0.1,0.0,0.24571265871792375,0.05,0.08,0.06639004149377593,0.5,0.25
176,0.9778574760864355,0.49330601244117084,0.9286867950253512,0.4941809050503037,0.23380311223024616,0.4913734514890864,0.7385892116182573,0.4162858436584713,0.41720761763400266,0.11618257261410789,0.5085714285714286,0.3809470025808176,0.3940760784807807,0.08,0.07053941908713693,0.05714285714285714,0.31142857142857144,12.314285714285715,0.04564315352697095,0.0,0.03958011862574953,0.11836634914903714,4.863070539419087,0.0,0.0,0.15,0.07883817427385892,0,0.17240147337050132,0.2831043869511816,4.182979821222947,0.8026863100215591,0.0,1.0,0.0,0.1,0.0,0.24571265871792375,0.05,0.08,0.07053941908713693,0.5,0.25
177,0.978668403009344,0.4932118347846836,0.9289084402871413,0.4942369953460151,0.23380311223024616,0.49130526927121043,0.7791666666666667,0.4172439926024757,0.41701551074987664,0.11666666666666667,0.5342857142857143,0.3809470025808176,0.3940760784807807,0.08,0.06666666666666667,0.054285714285714284,0.3142857142857143,12.357142857142858,0.041666666666666664,0.002857142857142857,0.039618589808862126,0.11836634914903715,4.8,0.0,0.0,0.15,0.07916666666666666,0,0.17179660886079168,0.2816888650164257,4.153605939084203,0.7866325838211279,0.0,1.0,0.0,0.1,0.0,0.24571265871792375,0.05,0.08,0.07053941908713693,0.5,0.25
178,0.9786080896220524,0.4932757051314193,0.928764607750358,0.49369069274101346,0.23380311223024616,0.49118330241957636,0.7866108786610879,0.4162095253255273,0.41788669416109914,0.11715481171548117,0.5371428571428571,0.3809470025808176,0.3940760784807807,0.08,0.04602510460251046,0.037142857142857144,0.3171428571428571,12.385714285714286,0.0502092050209205,0.002857142857142857,0.03965449472665095,0.11836634914903713,4.803347280334728,0.0,0.0,0.15,0.0794979079497908,0,0.1712510572414877,0.28028042069134357,4.107676677445377,0.7708999321447053,0.0,1.0,0.0,0.1,0.0,0.24571265871792375,0.05,0.08,0.05,0.5,0.25
179,0.9790955487612217,0.49295470221559534,0.9290974727053908,0.49355832091522495,0.23380311223024616,0.4911002054161131,0.7489539748953975,0.4162095253255273,0.41788669416109914,0.11715481171548117,0.5114285714285715,0.3809470025808176,0.3940760784807807,0.08,0.0502092050209205,0.04,0.3171428571428571,12.414285714285715,0.04184100418410042,0.0,0.03966227476612557,0.11836634914903713,4.803347280334728,0.0,0.0,0.15,0.0794979079497908,0,0.17073694552670884,0.27887901858788683,4.065523143896469,0.7554819335018111,0.0,1.0,0.0,0.1,0.0,0.24571265871792375,0.05,0.08,0.0502092050209205,0.5,0.25
180,0.9799431983475263,0.49263753252362674,0.9296762962800387,0.4935753859588342,0.23380311223024616,0.4909350072916915,0.7322175732217573,0.41629320733389547,0.4179494556673753,0.11715481171548117,0.5,0.3810041454379604,0.3941189356236378,0.08,0.05439330543933055,0.045714285714285714,0.3171428571428571,12.448571428571428,0.0502092050209205,0.0,0.03966227476612557,0.11836634914903713,4.803347280334728,0.0,0.0,0.15,0.0794979079497908,0,0.17059740365621817,0.28270390742682194,4.029926966732824,0.7423514689986034,0.0,0.9375,0.0,0.1,0.0,0.24571265871792375,0.05,0.08,0.05439330543933055,0.5,0.25
181,0.9795621180618312,0.49352923892771905,0.9292302717385204,0.4938231427926933,0.23380311223024616,0.49103216828026497,0.7899159663865546,0.4168986749303442,0.41834305331810023,0.11764705882352941,0.5371428571428571,0.3810041454379604,0.3941189356236378,0.08,0.06722689075630252,0.054285714285714284,0.32,12.474285714285715,0.04201680672268908,0.002857142857142857,0.03968479862554171,0.11836634914903714,4.7899159663865545,0.0,0.0,0.15,0.07983193277310924,0,0.17025642519152634,0.2812903878896878,4.003614141683882,0.7275044396186312,0.0,1.0,0.0,0.1,0.0,0.24571265871792375,0.05,0.08,0.07112970711297072,0.5,0.25
182,0.9801353225711399,0.4929921188233147,0.9296768070260752,0.49358757359815286,0.23380311223024616,0.4912933663922005,0.6962025316455697,0.41852306623508007,0.41964759686170033,0.11814345991561181,0.4714285714285714,0.3811184311522462,0.39420464990935206,0.08,0.06329113924050633,0.05142857142857143,0.32285714285714284,12.48857142857143,0.0379746835443038,0.002857142857142857,0.039699118357891104,0.11836634914903715,4.7594936708860756,0.0,0.0,0.15,0.08016877637130802,0,0.17031701444067576,0.28444639200992455,3.974970430278776,0.8266603779437875,0.0,0.9444444444444444,0.0,0.1,0.0,0.24571265871792375,0.05,0.08,0.06722689075630252,0.5,0.25
183,0.9793083704298905,0.49183782449030805,0.9291168422904295,0.49297997318281694,0.23380311223024616,0.4915068061030974,0.7637130801687764,0.41852306623508007,0.41964759686170033,0.11814345991561181,0.5171428571428571,0.3811184311522462,0.39420464990935206,0.08,0.046413502109704644,0.03142857142857143,0.32285714285714284,12.508571428571429,0.0379746835443038,0.0,0.03973696900763235,0.11836634914903715,4.7594936708860756,0.0,0.0,0.15,0.08016877637130802,0,0.16963685793990094,0.2830241600498749,3.926899593101772,0.8101271703849118,0.0,1.0,0.0,0.1,0.0,0.24571265871792375,0.05,0.08,0.046413502109704644,0.5,0.25
184,0.9784515402237889,0.4919514903447285,0.9285366458365835,0.4932808540166891,0.23380311223024616,0.49164278023253877,0.7890295358649789,0.41869184260638814,0.41977417914018134,0.11814345991561181,0.5342857142857143,0.3812327168665319,0.39429036419506636,0.08,0.07172995780590717,0.05714285714285714,0.32285714285714284,12.542857142857143,0.046413502109704644,0.0,0.03973696900763235,0.11836634914903715,4.7594936708860756,0.0,0.0,0.15,0.08016877637130802,0,0.17058710436448715,0.29134695786820086,3.905504458382594,0.8302469962113138,0.0,0.85,0.0,0.1,0.0,0.24571265871792375,0.05,0.08,0.07172995780590717,0.5,0.25
185,0.9778778102124468,0.49183256673067594,0.9281481486574749,0.4934519265192544,0.23380311223024616,0.491718906358935,0.7721518987341772,0.41869184260638814,0.41977417914018134,0.11814345991561181,0.5228571428571429,0.3812327168665319,0.39429036419506636,0.08,0.05063291139240506,0.03428571428571429,0.32285714285714284,12.577142857142857,0.046413502109704644,0.0,0.03973696900763235,0.11836634914903715,4.7594936708860756,0.0,0.0,0.15,0.08016877637130802,0,0.17013317027123614,0.28989022307885987,3.861680083500656,0.8136420562870876,0.0,1.0,0.0,0.1,0.0,0.24571265871792375,0.05,0.08,0.05063291139240506,0.5,0.25
186,0.976637641039281,0.4905879846963845,0.9270949415413939,0.49314957930431613,0.23380311223024616,0.4918662197458673,0.8177966101694916,0.4198496034183738,0.41890200554827756,0.11864406779661017,0.5514285714285714,0.3812327168665319,0.39429036419506636,0.08,0.038135593220338986,0.02857142857142857,0.32571428571428573,12.577142857142857,0.0423728813559322,0.002857142857142857,0.039877579082167054,0.11836634914903714,4.6440677966101696,0.0,0.0,0.15,0.08050847457627118,0,0.16953936156273713,0.2884407719634656,3.813017910402072,0.7973692151613458,0.0,1.0,0.0,0.1,0.0,0.24571265871792375,0.05,0.08,0.04219409282700422,0.5,0.25
187,0.9779896456685567,0.4908725481161347,0.9280065789485628,0.4931909745133464,0.23380311223024616,0.49180797509604,0.7796610169491526,0.41993434918108563,0.4189655648703114,0.11864406779661017,0.5257142857142857,0.3812898597236748,0.3943332213379235,0.08,0.059322033898305086,0.04285714285714286,0.32571428571428573,12.597142857142858,0.0423728813559322,0.0,0.03987768295795762,0.11836634914903714,4.6440677966101696,0.0,0.0,0.15,0.08050847457627118,0,0.1694909511834949,0.2869985681036483,3.779614695051173,0.7906492359668311,0.0,0.9333333333333333,0.0,0.1,0.0,0.24571265871792375,0.05,0.08,0.059322033898305086,0.5,0.25
188,0.9780527599704323,0.49098816186489574,0.9280491360206845,0.49317972694059287,0.23380311223024616,0.4918707950791205,0.7584745762711864,0.41993434918108563,0.4189655648703114,0.11864406779661017,0.5114285714285715,0.3812898597236748,0.3943332213379235,0.08,0.06779661016949153,0.045714285714285714,0.32571428571428573,12.637142857142857,0.046610169491525424,0.0,0.03987768295795762,0.11836634914903714,4.6440677966101696,0.0,0.0,0.15,0.08050847457627118,0,0.16907121214186308,0.28556357526313003,3.749736686864435,0.7748362512474944,0.0,1.0,0.0,0.1,0.0,0.24571265871792375,0.05,0.08,0.06779661016949153,0.5,0.25
189,0.9801676079770769,0.49081742931807937,0.929430359382346,0.49330748412482317,0.23380311223024616,0.4918142219151274,0.774468085106383,0.4214204327538577,0.418908829030919,0.11914893617021277,0.52,0.3814041454379605,0.39441893562363783,0.08,0.07659574468085106,0.05142857142857143,0.32857142857142857,12.662857142857144,0.0425531914893617,0.002857142857142857,0.03988510587244391,0.11836634914903714,4.638297872340425,0.0,0.0,0.15,0.08085106382978724,0,0.1689401417954395,0.2841357573868144,3.7261705245557173,0.8199480897361874,0.0,0.9444444444444444,0.0,0.1,0.0,0.24571265871792375,0.05,0.08,0.07627118644067797,0.5,0.25
190,0.9795628413897981,0.4906389628874678,0.9290243018166017,0.4933559580080685,0.23380311223024616,0.49167829286733794,0.7617021276595745,0.4214204327538577,0.418908829030919,0.11914893617021277,0.5114285714285715,0.3814041454379605,0.39441893562363783,0.08,0.059574468085106386,0.04,0.32857142857142857,12.685714285714285,0.0425531914893617,0.0,0.03988510587244391,0.11836634914903714,4.638297872340425,0.0,0.0,0.15,0.08085106382978724,0,0.16875244108646228,0.2827150785998803,3.6916471140646028,0.8035491279414636,0.0,0.9285714285714286,0.0,0.1,0.0,0.24571265871792375,0.05,0.08,0.059574468085106386,0.5,0.25
191,0.9804195720669595,0.49020600462221353,0.9289751922595105,0.49314974706025444,0.23380311223024616,0.4913832883832248,0.759656652360515,0.4223733053057317,0.42095026157474785,0.12017167381974249,0.5057142857142857,0.3814041454379605,0.39441893562363783,0.08,0.060085836909871244,0.04285714285714286,0.3342857142857143,12.72,0.03862660944206009,0.005714285714285714,0.03992320334833848,0.11836634914903715,4.600858369098712,0.0,0.0,0.15,0.0815450643776824,0,0.16862253602388713,0.2813015032068809,3.6606713146404535,0.7874781453826344,0.0,0.9333333333333333,0.0,0.1,0.0,0.24571265871792375,0.05,0.08,0.06382978723404255,0.5,0.25
192,0.9798602477661728,0.4898242958610845,0.9286028420821295,0.492999620685219,0.23380311223024616,0.49118978253751766,0.8283261802575107,0.4223733053057317,0.42095026157474785,0.12017167381974249,0.5514285714285714,0.3814041454379605,0.39441893562363783,0.08,0.07725321888412018,0.054285714285714284,0.3342857142857143,12.725714285714286,0.04291845493562232,0.0,0.0399371792599914,0.11836634914903715,4.600858369098712,0.0,0.0,0.15,0.0815450643776824,0,0.1682071383437677,0.27989499569084647,3.6417436026333587,0.7717285824749817,0.0,1.0,0.0,0.1,0.0,0.24571265871792375,0.05,0.08,0.07725321888412018,0.5,0.25
193,0.980804045318695,0.4882360438329021,0.929231141595666,0.49211860829101123,0.23380311223024616,0.4909734601298615,0.8154506437768241,0.422459142215603,0.42101463925715127,0.12017167381974249,0.5428571428571428,0.3814612882951033,0.39446179276649496,0.08,0.06437768240343347,0.045714285714285714,0.3342857142857143,12.74,0.03862660944206009,0.0,0.0399371792599914,0.11836634914903715,4.600858369098712,0.0,0.0,0.15,0.0815450643776824,0,0.16841518707966574,0.2895296420840225,3.6146230162949777,0.7675349614370418,0.0,0.9375,0.0,0.1,0.0,0.24571265871792375,0.05,0.08,0.06437768240343347,0.5,0.25
194,0.9815293707932683,0.4875108000829789,0.9297140011258819,0.49178165930579715,0.23380311223024616,0.4907742503563725,0.7811158798283262,0.42263081603534547,0.42114339462195816,0.12017167381974249,0.52,0.38157557400938896,0.39454750705220926,0.08,0.04721030042918455,0.03428571428571429,0.3342857142857143,12.745714285714286,0.03862660944206009,0.0,0.0399371792599914,0.11836634914903715,4.600858369098712,0.0,0.0,0.15,0.0815450643776824,0,0.16825853971569601,0.2880819938736024,3.576616270254792,0.9345107105927278,0.0,0.9166666666666666,0.0,0.1,0.0,0.24571265871792375,0.05,0.08,0.04721030042918455,0.5,0.25
195,0.9791284090239432,0.4878492264212374,0.9281156465765883,0.4919944548900583,0.23380311223024616,0.490554389172536,0.8283261802575107,0.42280248985508795,0.42127214998676504,0.12017167381974249,0.5514285714285714,0.38168985972367475,0.3946332213379235,0.08,0.060085836909871244,0.04,0.3342857142857143,12.742857142857142,0.03862660944206009,0.0,0.0399371792599914,0.11836634914903715,4.600858369098712,0.0,0.0,0.15,0.0815450643776824,0,0.16858810487426037,0.2866415839042344,3.5450839448496962,0.9801832113126612,0.0,0.8571428571428571,0.0,0.1,0.0,0.24571265871792375,0.05,0.08,0.060085836909871244,0.5,0.25
196,0.9791170527407297,0.4869280630423249,0.9281080865366205,0.4916711338156743,0.23380311223024616,0.49036201786133315,0.7939914163090128,0.42280248985508795,0.42127214998676504,0.12017167381974249,0.5285714285714286,0.38168985972367475,0.3946332213379235,0.08,0.05150214592274678,0.03428571428571429,0.3342857142857143,12.762857142857143,0.03862660944206009,0.0,0.0399371792599914,0.11836634914903715,4.600858369098712,0.0,0.0,0.15,0.0815450643776824,0,0.16794516434988907,0.2852083759847132,3.5084679802384167,0.9605795470864079,0.0,1.0,0.0,0.1,0.0,0.24571265871792375,0.05,0.08,0.05150214592274678,0.5,0.25
197,0.9785785790716419,0.4869489835061152,0.9277496169226276,0.49153395696797847,0.23380311223024616,0.4902248319422347,0.7939914163090128,0.42280248985508795,0.42127214998676504,0.12017167381974249,0.5285714285714286,0.38168985972367475,0.3946332213379235,0.08,0.07296137339055794,0.05142857142857143,0.3342857142857143,12.777142857142858,0.04291845493562232,0.0,0.0399371792599914,0.11836634914903715,4.600858369098712,0.0,0.0,0.15,0.0815450643776824,0,0.1677590235031575,0.28378233410478965,3.4897271920622193,0.9413679561446797,0.0,1.0,0.0,0.1,0.0,0.24571265871792375,0.05,0.08,0.07296137339055794,0.5,0.25
198,0.9789571794521091,0.4859637637072828,0.9280016566044816,0.4906854644113944,0.23380311223024616,0.49009753167592446,0.7811158798283262,0.42280248985508795,0.42127214998676504,0.12017167381974249,0.52,0.38168985972367475,0.3946332213379235,0.08,0.04721030042918455,0.03142857142857143,0.3342857142857143,12.791428571428572,0.04291845493562232,0.0,0.0399371792599914,0.11836634914903715,4.600858369098712,0.0,0.0,0.15,0.0815450643776824,0,0.16709165695707026,0.2823634224342657,3.4513612196495465,0.922540597021786,0.0,1.0,0.0,0.1,0.0,0.24571265871792375,0.05,0.08,0.04721030042918455,0.5,0.25
199,0.9782752218870258,0.4854376354047248,0.9275476677111546,0.49016985394251134,0.23380311223024616,0.4897481271591764,0.8197424892703863,0.42306000058470167,0.42146528303397535,0.12017167381974249,0.5457142857142857,0.3818612882951033,0.394761792766495,0.08,0.055793991416309016,0.037142857142857144,0.3342857142857143,12.782857142857143,0.04291845493562232,0.0,0.0399371792599914,0.11836634914903715,4.600858369098712,0.0,0.0,0.15,0.0815450643776824,0,0.1673416272437135,0.28754993509289134,3.419476852399413,0.9224403582482641,0.0,0.8461538461538461,0.0,0.1,0.0,0.24571265871792375,0.05,0.08,0.055793991416309016,0.5,0.25
200,0.9788299084451059,0.486657767052429,0.9279455768296805,0.49111732613259634,0.23380311223024616,0.48935075269469797,0.7931034482758621,0.42465835802761737,0.4206467734661407,0.1206896551724138,0.5257142857142857,0.3818612882951033,0.394761792766495,0.08,0.06896551724137931,0.04857142857142857,0.33714285714285713,12.814285714285715,0.03879310344827586,0.002857142857142857,0.039970590843671404,0.11836634914903715,4.568965517241379,0.0,0.0,0.15,0.08189655172413793,0,0.16698906410749492,0.2861121854174269,3.3996587439228527,0.9039915510832988,0.0,1.0,0.0,0.1,0.0,0.24571265871792375,0.05,0.08,0.06866952789699571,0.5,0.25
201,0.9798423622662134,0.4856635106311227,0.9286166890768145,0.49051891759940824,0.23380311223024616,0.48906958384292487,0.7456896551724138,0.4248307718207208,0.4207760838109683,0.1206896551724138,0.4942857142857143,0.38197557400938903,0.3948475070522092,0.08,0.04741379310344827,0.03142857142857143,0.33714285714285713,12.814285714285715,0.03879310344827586,0.0,0.03997807019927234,0.11836634914903715,4.568965517241379,0.0,0.0,0.15,0.08189655172413793,0,0.16681111878695742,0.2846816244903398,3.3630941404729673,0.8938612846686862,0.0,0.9090909090909091,0.0,0.1,0.0,0.24571265871792375,0.05,0.08,0.04741379310344827,0.5,0.25
202,0.9805128252013181,0.48565128120783496,0.9290611102223696,0.4907140743297782,0.23380311223024616,0.48872354844358334,0.8232758620689655,0.4249169787172725,0.42084073898338203,0.1206896551724138,0.5457142857142857,0.3820327168665319,0.3948903641950664,0.08,0.06896551724137931,0.04857142857142857,0.33714285714285713,12.82857142857143,0.03879310344827586,0.0,0.03997807019927234,0.11836634914903715,4.568965517241379,0.0,0.0,0.15,0.08189655172413793,0,0.16688808806839703,0.28325821636788806,3.3444036862349362,0.9406547659712655,0.0,0.9411764705882353,0.0,0.1,0.0,0.24571265871792375,0.05,0.08,0.06896551724137931,0.5,0.25
203,0.9806328110050275,0.485892265980458,0.9291406436693997,0.49098195537130324,0.23380311223024616,0.4884465492615105,0.8275862068965517,0.4249169787172725,0.42084073898338203,0.1206896551724138,0.5485714285714286,0.3820327168665319,0.3948903641950664,0.08,0.03879310344827586,0.02857142857142857,0.33714285714285713,12.834285714285715,0.03879310344827586,0.0,0.03997807019927234,0.11836634914903715,4.568965517241379,0.0,0.0,0.15,0.08189655172413793,0,0.16633879119948358,0.2818419252860486,3.3060870410816667,0.9218416706518402,0.0,1.0,0.0,0.1,0.0,0.24571265871792375,0.05,0.08,0.03879310344827586,0.5,0.25
204,0.9795434941816882,0.48418992578627484,0.9284770293916957,0.4900971609850285,0.23380311223024616,0.48834631800080364,0.7922077922077922,0.4245666392908165,0.4220461332678728,0.12121212121212122,0.5228571428571429,0.3822041454379605,0.39501893562363777,0.08,0.05194805194805195,0.037142857142857144,0.34,12.845714285714285,0.03463203463203463,0.002857142857142857,0.03995634814060281,0.11836634914903714,4.571428571428571,0.0,0.0,0.15,0.08225108225108226,0,0.16653552581491476,0.28043271565961836,3.2771081574028904,0.9326734869757697,0.0,0.8461538461538461,0.0,0.1,0.0,0.24571265871792375,0.05,0.08,0.05172413793103448,0.5,0.25
205,0.9804021654611552,0.48422947349939777,0.9281446955489868,0.4899994785011081,0.23380311223024616,0.4880944108231671,0.8289473684210527,0.42828805400114095,0.4214387041789021,0.12280701754385964,0.54,0.3822041454379605,0.39501893562363777,0.08,0.07017543859649122,0.05142857142857143,0.3485714285714286,12.865714285714287,0.021929824561403508,0.008571428571428572,0.04019113411683341,0.11836634914903714,4.140350877192983,0.0,0.0,0.15,0.07894736842105263,0,0.1663562931323758,0.27903055208132027,3.2629945656834036,0.9140200172362543,0.0,1.0,0.0,0.1,0.0,0.24571265871792375,0.05,0.08,0.0735930735930736,0.5,0.25
206,0.9818603329272388,0.4856661925166936,0.9290945874983215,0.49038662360793306,0.23380311223024616,0.4878517862745283,0.8245614035087719,0.4285512118958778,0.42163607259995467,0.12280701754385964,0.5371428571428571,0.38237557400938904,0.39514750705220925,0.08,0.05263157894736842,0.04,0.3485714285714286,12.865714285714287,0.021929824561403508,0.0,0.04041121406391075,0.11836634914903714,4.140350877192983,0.0,0.0,0.15,0.07894736842105263,0,0.16672394095242823,0.2776353993209137,3.2377346743697353,0.9261713440000008,0.0,0.8571428571428571,0.0,0.1,0.0,0.24571265871792375,0.05,0.08,0.05263157894736842,0.5,0.25
207,0.9803983203688729,0.4844768777318089,0.9281421907460143,0.48962130315570884,0.23380311223024616,0.48791626248412384,0.8026315789473685,0.4286389311941235,0.42170186207363897,0.12280701754385964,0.5228571428571429,0.38243271686653185,0.39519036419506637,0.08,0.07017543859649122,0.045714285714285714,0.3485714285714286,12.871428571428572,0.021929824561403508,0.0,0.04041121406391075,0.11836634914903714,4.140350877192983,0.0,0.0,0.15,0.07894736842105263,0,0.16657574981909465,0.27624722232430915,3.2186942665966263,0.9411919999999999,0.0,0.9375,0.0,0.1,0.0,0.24571265871792375,0.05,0.08,0.07017543859649122,0.5,0.25
208,0.9805422341282378,0.48408921782174946,0.9282359402806866,0.4897173638351251,0.23380311223024616,0.48785530813595607,0.8552631578947368,0.4286389311941235,0.42170186207363897,0.12280701754385964,0.5571428571428572,0.38243271686653185,0.39519036419506637,0.08,0.06140350877192982,0.04,0.3485714285714286,12.894285714285715,0.021929824561403508,0.0,0.04041121406391075,0.11836634914903714,4.140350877192983,0.0,0.0,0.15,0.07894736842105263,0,0.16608529964142776,0.2748659862126876,3.194320381264694,0.9223681599999999,0.0,1.0,0.0,0.1,0.0,0.24571265871792375,0.05,0.08,0.06140350877192982,0.5,0.25
209,0.9798396343011245,0.48396280804126146,0.9275687634776809,0.4893137971643802,0.23380311223024616,0.48772864593012477,0.8502202643171806,0.43049888101135686,0.4220968461763136,0.12334801762114538,0.5514285714285714,0.3824898597236747,0.39523322133792355,0.08,0.07048458149779736,0.05142857142857143,0.3514285714285714,12.914285714285715,0.01762114537444934,0.002857142857142857,0.040415616769106696,0.11836634914903715,4.11453744493392,0.0,0.0,0.15,0.07929515418502203,0,0.16613916242536347,0.27349165628162414,3.1818625450679714,0.9095687171200011,0.0,0.9444444444444444,0.0,0.1,0.0,0.24571265871792375,0.05,0.08,0.07456140350877193,0.5,0.25
210,0.9804591546911342,0.4842456812182732,0.9270625118633458,0.49025681176019315,0.23380311223024616,0.4876308908713109,0.8893805309734514,0.4319138820125949,0.4217628480739532,0.12389380530973451,0.5742857142857143,0.3824898597236747,0.39523322133792355,0.08,0.04424778761061947,0.03428571428571429,0.35428571428571426,12.928571428571429,0.01327433628318584,0.002857142857142857,0.040489217955974426,0.11836634914903714,4.070796460176991,0.0,0.0,0.15,0.07964601769911504,0,0.16565103804180809,0.27212419800021603,3.152511008452326,0.8913773427776011,0.0,1.0,0.0,0.1,0.0,0.24571265871792375,0.05,0.08,0.048458149779735685,0.5,0.25
211,0.978653513743698,0.48481542091882945,0.9258965837087154,0.49042313189625086,0.23380311223024616,0.4875827000090692,0.8539823008849557,0.4319138820125949,0.4217628480739532,0.12389380530973451,0.5514285714285714,0.3824898597236747,0.39523322133792355,0.08,0.05752212389380531,0.04,0.35428571428571426,12.954285714285714,0.017699115044247787,0.0,0.04051310669010674,0.11836634914903714,4.070796460176991,0.0,0.0,0.15,0.07964601769911504,0,0.16507978285159905,0.270763577010215,3.1294607882832794,0.8735497959220491,0.0,1.0,0.0,0.1,0.0,0.24571265871792375,0.05,0.08,0.05752212389380531,0.5,0.25
212,0.9799513397389539,0.4846414042320138,0.9266912867716275,0.4902054183044246,0.23380311223024616,0.4876890871530468,0.8711111111111111,0.4302511853441758,0.4212993722396637,0.12444444444444444,0.56,0.3824898597236747,0.39523322133792355,0.08,0.035555555555555556,0.02857142857142857,0.35714285714285715,12.954285714285714,0.013333333333333334,0.002857142857142857,0.040534028854501435,0.11836634914903714,4.035555555555556,0.0,0.0,0.15,0.08,0,0.16453938465162674,0.2694097591251639,3.095443001089043,0.856078800003608,0.0,1.0,0.0,0.1,0.0,0.24571265871792375,0.05,0.08,0.03982300884955752,0.5,0.25
213,0.98060397938009,0.4835285312134902,0.9271108408266436,0.4892029747972005,0.23380311223024616,0.48778273655332544,0.8444444444444444,0.4303400742330647,0.4213660389063304,0.12444444444444444,0.5428571428571428,0.38254700258081764,0.3952760784807807,0.08,0.05333333333333334,0.03428571428571429,0.35714285714285715,12.968571428571428,0.013333333333333334,0.0,0.04056072200824955,0.11836634914903714,4.035555555555556,0.0,0.0,0.15,0.08,0,0.16448754487122577,0.2680627103295381,3.067819855352975,0.891551503752022,0.0,0.9166666666666666,0.0,0.1,0.0,0.24571265871792375,0.05,0.08,0.05333333333333334,0.5,0.25
214,0.9820238394782671,0.483653198945069,0.9280236080326145,0.48921773574969996,0.23380311223024616,0.48795003223390965,0.8666666666666667,0.4303400742330647,0.4213660389063304,0.12444444444444444,0.5571428571428572,0.38254700258081764,0.3952760784807807,0.08,0.05333333333333334,0.037142857142857144,0.35714285714285715,12.974285714285715,0.013333333333333334,0.0,0.04056072200824955,0.11836634914903714,4.035555555555556,0.0,0.0,0.15,0.08,0,0.16397882214686962,0.2667223967778904,3.043606315388774,0.8737204736769816,0.0,1.0,0.0,0.1,0.0,0.24571265871792375,0.05,0.08,0.05333333333333334,0.5,0.25
215,0.9831742587788032,0.4838607538336373,0.9287631632972448,0.48982405351744107,0.23380311223024616,0.48809169043198175,0.84,0.4304289631219536,0.42143270557299706,0.12444444444444444,0.54,0.38260414543796045,0.39531893562363785,0.08,0.044444444444444446,0.03428571428571429,0.35714285714285715,12.98857142857143,0.013333333333333334,0.0,0.04056072200824955,0.11836634914903714,4.035555555555556,0.0,0.0,0.15,0.08,0,0.16387264303613527,0.2653887847940009,3.0170199033667124,0.9071853279120192,0.0,0.9166666666666666,0.0,0.1,0.0,0.24571265871792375,0.05,0.08,0.044444444444444446,0.5,0.25
216,0.9839364363127725,0.4831625819522351,0.9291463912386952,0.4896963085624676,0.23380311223024616,0.488194771600318,0.8794642857142857,0.4319722189467878,0.4200946833340762,0.125,0.5628571428571428,0.38260414543796045,0.39531893562363785,0.08,0.05803571428571429,0.04,0.36,13.025714285714285,0.008928571428571428,0.002857142857142857,0.040587529644182274,0.11836634914903714,4.008928571428571,0.0,0.0,0.15,0.08035714285714286,0,0.1634809948209546,0.26406184087003093,2.9966795052993778,0.8890416213537788,0.0,1.0,0.0,0.1,0.0,0.24571265871792375,0.05,0.08,0.06222222222222222,0.5,0.25
217,0.9825287048069026,0.48443204955679536,0.9282454430749385,0.49092755169635555,0.23380311223024616,0.4881524743491147,0.9017857142857143,0.4319722189467878,0.4200946833340762,0.125,0.5771428571428572,0.38260414543796045,0.39531893562363785,0.08,0.049107142857142856,0.03142857142857143,0.36,13.048571428571428,0.013392857142857142,0.0,0.04060795390861032,0.11836634914903714,4.008928571428571,0.0,0.0,0.15,0.08035714285714286,0,0.16289201841827838,0.2627415316656807,2.9681744866219617,0.8712607889267031,0.0,1.0,0.0,0.1,0.0,0.24571265871792375,0.05,0.08,0.049107142857142856,0.5,0.25
218,0.9838453211207501,0.48441898840265807,0.9290880775158009,0.49082969869202947,0.23380311223024616,0.48803010808159275,0.8571428571428571,0.4319722189467878,0.4200946833340762,0.125,0.5485714285714286,0.38260414543796045,0.39531893562363785,0.08,0.03571428571428571,0.022857142857142857,0.36,13.06,0.008928571428571428,0.0,0.04060795390861032,0.11836634914903714,4.008928571428571,0.0,0.0,0.15,0.08035714285714286,0,0.1622488440404727,0.2614278240073523,2.931668139746665,0.853835573148169,0.0,1.0,0.0,0.1,0.0,0.24571265871792375,0.05,0.08,0.03571428571428571,0.5,0.25
219,0.9835413037642275,0.4839250938544835,0.9288935064076265,0.49076991825881433,0.23380311223024616,0.4879291736872935,0.8348214285714286,0.4319722189467878,0.4200946833340762,0.125,0.5342857142857143,0.38260414543796045,0.39531893562363785,0.08,0.03571428571428571,0.022857142857142857,0.36,13.09142857142857,0.013392857142857142,0.0,0.04060795390861032,0.11836634914903714,4.008928571428571,0.0,0.0,0.15,0.08035714285714286,0,0.16163731410598464,0.26012068488731555,2.8958919198088746,0.8367588616852056,0.0,1.0,0.0,0.1,0.0,0.24571265871792375,0.05,0.08,0.03571428571428571,0.5,0.25
220,0.9813708690652193,0.48288880648261184,0.9275044282002612,0.49032554879832496,0.23380311223024616,0.4878135791558108,0.8660714285714286,0.4319722189467878,0.4200946833340762,0.125,0.5542857142857143,0.38260414543796045,0.39531893562363785,0.08,0.04017857142857143,0.02857142857142857,0.36,13.102857142857143,0.008928571428571428,0.0,0.04060795390861032,0.11836634914903714,4.008928571428571,0.0,0.0,0.15,0.08035714285714286,0,0.16117084467474044,0.258820081462879,2.8665455099841255,0.8200236844515015,0.0,1.0,0.0,0.1,0.0,0.24571265871792375,0.05,0.08,0.04017857142857143,0.5,0.25
221,0.9819288026172617,0.4821151465926005,0.9278615056735683,0.4896328698584931,0.23380311223024616,0.48760823965074757,0.8035714285714286,0.4323293618039306,0.42036254047693333,0.125,0.5142857142857142,0.3828327168665319,0.3954903641950664,0.08,0.049107142857142856,0.03428571428571429,0.36,13.122857142857143,0.008928571428571428,0.0,0.04060795390861032,0.11836634914903714,4.008928571428571,0.0,0.0,0.15,0.08035714285714286,0,0.16193542187636675,0.25752598105556457,2.8435003140701576,0.8414502662186422,0.0,0.75,0.0,0.1,0.0,0.24571265871792375,0.05,0.08,0.049107142857142856,0.5,0.25
222,0.9823753506038434,0.4819629522577799,0.9281472963849806,0.4897117262137313,0.23380311223024616,0.48742462596200486,0.8303571428571429,0.4323293618039306,0.42036254047693333,0.125,0.5314285714285715,0.3828327168665319,0.3954903641950664,0.08,0.04017857142857143,0.025714285714285714,0.36,13.148571428571428,0.008928571428571428,0.0,0.04060795390861032,0.11836634914903714,4.008928571428571,0.0,0.0,0.15,0.08035714285714286,0,0.16129688762412775,0.2562383511502868,2.8123445935030396,0.8246212608942693,0.0,1.0,0.0,0.1,0.0,0.24571265871792375,0.05,0.08,0.04017857142857143,0.5,0.25
223,0.9827646508436582,0.4822433271001616,0.928396448538462,0.4897909811899636,0.23380311223024616,0.4871283090304459,0.8482142857142857,0.4323293618039306,0.42036254047693333,0.125,0.5428571428571428,0.3828327168665319,0.3954903641950664,0.08,0.0625,0.04,0.36,13.162857142857144,0.008928571428571428,0.0,0.04060795390861032,0.11836634914903714,4.008928571428571,0.0,0.0,0.15,0.08035714285714286,0,0.16071868890029284,0.2549571593945354,2.7960977016329793,0.8081288356763838,0.0,1.0,0.0,0.1,0.0,0.24571265871792375,0.05,0.08,0.0625,0.5,0.25
224,0.9819126812617827,0.48217981583555314,0.9278511880060617,0.4898618099463238,0.23380311223024616,0.48675317554675335,0.8303571428571429,0.4323293618039306,0.42036254047693333,0.125,0.5314285714285715,0.3828327168665319,0.3954903641950664,0.08,0.0625,0.04,0.36,13.182857142857143,0.013392857142857142,0.0,0.04060795390861032,0.11836634914903714,4.008928571428571,0.0,0.0,0.15,0.08035714285714286,0,0.1603964216353603,0.2536823735975627,2.7801757476003193,0.7919662589628562,0.0,1.0,0.0,0.1,0.0,0.24571265871792375,0.05,0.08,0.0625,0.5,0.25
225,0.9819762935982136,0.4812423485034393,0.9278918999013774,0.4896700478195459,0.23380311223024616,0.48639837322371005,0.8035714285714286,0.4323293618039306,0.42036254047693333,0.125,0.5142857142857142,0.3828327168665319,0.3954903641950664,0.08,0.049107142857142856,0.03142857142857143,0.36,13.22,0.013392857142857142,0.0,0.04060795390861032,0.11836634914903714,4.008928571428571,0.0,0.0,0.15,0.08035714285714286,0,0.15987873236648706,0.25241396172957486,2.7560008040768844,0.776126933783599,0.0,1.0,0.0,0.1,0.0,0.24571265871792375,0.05,0.08,0.049107142857142856,0.5,0.25
226,0.9817299420093241,0.4805945881084122,0.9277342348844881,0.48902522899029066,0.23380311223024616,0.4859697664893012,0.7991071428571429,0.4325079332325021,0.4204964690483619,0.125,0.5114285714285715,0.3829470025808176,0.39557607848078064,0.08,0.07142857142857142,0.045714285714285714,0.36,13.251428571428571,0.013392857142857142,0.0,0.04060795390861032,0.11836634914903714,4.008928571428571,0.0,0.0,0.15,0.08035714285714286,0,0.1602503387046546,0.251151891920927,2.7465950737096323,0.8168855316712869,0.0,0.875,0.0,0.1,0.0,0.24571265871792375,0.05,0.08,0.07142857142857142,0.5,0.25
227,0.9798837204547546,0.4808374084312802,0.9265526530895639,0.4893086495541968,0.23380311223024616,0.4855779955412695,0.8214285714285714,0.4325079332325021,0.4204964690483619,0.125,0.5257142857142857,0.3829470025808176,0.39557607848078064,0.08,0.03125,0.022857142857142857,0.36,13.274285714285714,0.022321428571428572,0.0,0.04060795390861032,0.11836634914903714,4.008928571428571,0.0,0.0,0.15,0.08035714285714286,0,0.1596203727254171,0.24989613246132236,2.714520315092583,0.8005478210378612,0.0,1.0,0.0,0.1,0.0,0.24571265871792375,0.05,0.08,0.03125,0.5,0.25
228,0.9812277795277502,0.4817954513744564,0.927412850896281,0.4904188680003098,0.23380311223024616,0.48525918343917046,0.8303571428571429,0.4325079332325021,0.4204964690483619,0.125,0.5314285714285715,0.3829470025808176,0.39557607848078064,0.08,0.05803571428571429,0.04285714285714286,0.36,13.3,0.026785714285714284,0.0,0.04060795390861032,0.11836634914903714,4.008928571428571,0.0,0.0,0.15,0.08035714285714286,0,0.15919312800464713,0.24864665179901577,2.703087051647874,0.7845368646171039,0.0,1.0,0.0,0.1,0.0,0.24571265871792375,0.05,0.08,0.05803571428571429,0.5,0.25
229,0.9817343532064198,0.48170194726253907,0.9277370580506294,0.49056846226623446,0.23380311223024616,0.48517408210309004,0.7901785714285714,0.4325079332325021,0.4204964690483619,0.125,0.5057142857142857,0.3829470025808176,0.39557607848078064,0.08,0.049107142857142856,0.03142857142857143,0.36,13.32,0.03571428571428571,0.0,0.04060795390861032,0.11836634914903714,4.008928571428571,0.0,0.0,0.15,0.08035714285714286,0,0.1587932021156214,0.24740341854002068,2.680453882043488,0.7688461273247619,0.0,1.0,0.0,0.1,0.0,0.24571265871792375,0.05,0.08,0.049107142857142856,0.5,0.25
230,0.9809409000979304,0.48280721153855566,0.9272292480611962,0.49180611314984896,0.23380311223024616,0.48516131684875163,0.7678571428571429,0.4325079332325021,0.4204964690483619,0.125,0.49142857142857144,0.3829470025808176,0.39557607848078064,0.08,0.05357142857142857,0.03428571428571429,0.36,13.351428571428572,0.03571428571428571,0.0,0.04060795390861032,0.11836634914903714,4.008928571428571,0.0,0.0,0.15,0.08035714285714286,0,0.15828466467647184,0.24616640144732058,2.6611305186883323,0.7534692047782666,0.0,1.0,0.0,0.1,0.0,0.24571265871792375,0.05,0.08,0.05357142857142857,0.5,0.25
231,0.979032959691145,0.4820575711542634,0.925974407213798,0.49201376185911044,0.23380311223024616,0.4852894406499429,0.8071748878923767,0.43340329374810904,0.4204269954372517,0.12556053811659193,0.5142857142857142,0.3829470025808176,0.39557607848078064,0.08,0.04932735426008968,0.03428571428571429,0.3628571428571429,13.354285714285714,0.03139013452914798,0.002857142857142857,0.04066603979129123,0.11836634914903713,3.9730941704035874,0.0,0.0,0.15,0.08071748878923767,0,0.1577499563530895,0.24493556944008396,2.64219362260028,0.7383998206827013,0.0,1.0,0.0,0.1,0.0,0.24571265871792375,0.05,0.08,0.049107142857142856,0.5,0.25
232,0.9785562296811863,0.4818368573269167,0.925670662093167,0.49131081410325256,0.23380311223024616,0.48531795882247614,0.8116591928251121,0.43340329374810904,0.4204269954372517,0.12556053811659193,0.5171428571428571,0.3829470025808176,0.39557607848078064,0.08,0.053811659192825115,0.03428571428571429,0.3628571428571429,13.377142857142857,0.03139013452914798,0.0,0.04066603979129123,0.11836634914903713,3.9730941704035874,0.0,0.0,0.15,0.08071748878923767,0,0.15718935014275262,0.24371089159288353,2.6236354644339883,0.7236318242690473,0.0,1.0,0.0,0.1,0.0,0.24571265871792375,0.05,0.08,0.053811659192825115,0.5,0.25
233,0.978988362963819,0.4822622041488034,0.92594599272753,0.4913050207873609,0.23380311223024616,0.4853746442776431,0.8385650224215246,0.43340329374810904,0.4204269954372517,0.12556053811659193,0.5342857142857143,0.3829470025808176,0.39557607848078064,0.08,0.04932735426008968,0.03142857142857143,0.3628571428571429,13.394285714285715,0.03139013452914798,0.0,0.04066603979129123,0.11836634914903713,3.9730941704035874,0.0,0.0,0.15,0.08071748878923767,0,0.15668854696346743,0.24249233713491913,2.60259132657388,0.7091591877836664,0.0,1.0,0.0,0.1,0.0,0.24571265871792375,0.05,0.08,0.04932735426008968,0.5,0.25
234,0.9784775110989675,0.4820984982311568,0.9256819999362136,0.49082758284485134,0.23380311223024616,0.48536036998820853,0.8603603603603603,0.4348526885467665,0.4217044925272215,0.13063063063063063,0.5457142857142857,0.3830612882951033,0.395661792766495,0.08285714285714285,0.036036036036036036,0.025714285714285714,0.3657142857142857,13.411428571428571,0.02702702702702703,0.002857142857142857,0.040671155934340404,0.11836634914903714,3.963963963963964,0.0,0.0,0.15,0.08108108108108109,0,0.15644796137150724,0.2652447822823513,2.576253785756688,0.7012646692580851,0.0,0.8888888888888888,0.0,0.1,0.0,0.24571265871792375,0.05,0.08,0.04035874439461883,0.5,0.25
235,0.9775387710811816,0.482208487061104,0.9250865705535035,0.4906939554452445,0.23380311223024616,0.48527904453892523,0.8648648648648649,0.4349427786368566,0.421772060094789,0.13063063063063063,0.5485714285714286,0.38311843115224614,0.3957046499093521,0.08285714285714285,0.04954954954954955,0.037142857142857144,0.3657142857142857,13.422857142857143,0.03153153153153153,0.0,0.0406789721978513,0.11836634914903714,3.963963963963964,0.0,0.0,0.15,0.08108108108108109,0,0.15643601013250683,0.26430978946293227,2.561871567184412,0.711400676103688,0.0,0.9230769230769231,0.0,0.1,0.0,0.24571265871792375,0.05,0.08,0.04954954954954955,0.5,0.25
236,0.9789154183782626,0.4824695541089257,0.925959758267652,0.49127322779481264,0.23380311223024616,0.48509859469093,0.8243243243243243,0.4349427786368566,0.421772060094789,0.13063063063063063,0.5228571428571429,0.38311843115224614,0.3957046499093521,0.08285714285714285,0.04954954954954955,0.03142857142857143,0.3657142857142857,13.451428571428572,0.036036036036036036,0.0,0.0406789721978513,0.11836634914903714,3.963963963963964,0.0,0.0,0.15,0.08108108108108109,0,0.15588197365327286,0.2629882405156176,2.5420627072692943,0.6971726625816141,0.0,1.0,0.0,0.1,0.0,0.24571265871792375,0.05,0.08,0.04954954954954955,0.5,0.25
237,0.9799716485721287,0.48216627526287137,0.9266297099906186,0.49108571902270454,0.23380311223024616,0.4848781194394614,0.8198198198198198,0.4351229588170368,0.42190719522992415,0.13063063063063063,0.52,0.38323271686653193,0.39579036419506636,0.08285714285714285,0.05855855855855856,0.037142857142857144,0.3657142857142857,13.471428571428572,0.036036036036036036,0.0,0.0406789721978513,0.11836634914903714,3.963963963963964,0.0,0.0,0.15,0.08108108108108109,0,0.15592801723180946,0.2616732993130395,2.5283643102667654,0.7237977205924956,0.0,0.9230769230769231,0.0,0.1,0.0,0.24571265871792375,0.05,0.08,0.05855855855855856,0.5,0.25
238,0.9802230739186512,0.48213602843329856,0.9267891854961272,0.49054391450038043,0.23380311223024616,0.4846390455311977,0.8288288288288288,0.4353031389972169,0.4220423303650593,0.13063063063063063,0.5257142857142857,0.38334700258081755,0.39587607848078066,0.08285714285714285,0.06756756756756757,0.04285714285714286,0.3657142857142857,13.477142857142857,0.036036036036036036,0.0,0.0406789721978513,0.11836634914903714,3.963963963963964,0.0,0.0,0.15,0.08108108108108109,0,0.15623394857422182,0.26036493281647427,2.520654166918573,0.7122672277648986,0.0,0.8666666666666667,0.0,0.1,0.0,0.24571265871792375,0.05,0.08,0.06756756756756757,0.5,0.25
239,0.9792109232809698,0.4823944971239245,0.9258708888842158,0.4903264558940947,0.23380311223024616,0.48438125641223595,0.8227272727272728,0.4360685325142477,0.42075872909455564,0.1318181818181818,0.5171428571428571,0.38351843115224615,0.39600464990935214,0.08285714285714285,0.05454545454545454,0.04,0.37142857142857144,13.485714285714286,0.022727272727272728,0.005714285714285714,0.040719520823967,0.11836634914903714,3.8727272727272726,0.0,0.0,0.15,0.08181818181818182,0,0.1567632351317251,0.2590631081523919,2.510241083580202,0.7849915780523301,0.0,0.8571428571428571,0.0,0.1,0.0,0.24571265871792375,0.05,0.08,0.05855855855855856,0.5,0.25
240,0.9792183747055152,0.4823091544523394,0.9257965163680637,0.4906038537931041,0.23380311223024616,0.4842397329996049,0.8356164383561644,0.43452426076000034,0.4212424367160964,0.1324200913242009,0.5228571428571429,0.38351843115224615,0.39600464990935214,0.08285714285714285,0.045662100456621,0.03428571428571429,0.3742857142857143,13.502857142857144,0.0182648401826484,0.002857142857142857,0.04085327272728628,0.11836634914903713,3.835616438356164,0.0,0.0,0.15,0.0821917808219178,0,0.15626484752749503,0.25776779261162996,2.494321976194312,0.7692917464912835,0.0,1.0,0.0,0.1,0.0,0.24571265871792375,0.05,0.08,0.05,0.5,0.25
241,0.9793395864001694,0.48195419840296183,0.9258723602570046,0.49058478816234874,0.23380311223024616,0.4841089873685226,0.8401826484018264,0.43452426076000034,0.4212424367160964,0.1324200913242009,0.5257142857142857,0.38351843115224615,0.39600464990935214,0.08285714285714285,0.045662100456621,0.02857142857142857,0.3742857142857143,13.5,0.0228310502283105,0.0,0.040866673165165505,0.11836634914903713,3.835616438356164,0.0,0.0,0.15,0.0821917808219178,0,0.15576824042914328,0.2564789536485718,2.4730069652418543,0.7539059115614578,0.0,1.0,0.0,0.1,0.0,0.24571265871792375,0.05,0.08,0.045662100456621,0.5,0.25
242,0.9778553502936596,0.4821500777866245,0.9249436525217886,0.4904106922280445,0.23380311223024616,0.48401699020846295,0.8493150684931506,0.43452426076000034,0.4212424367160964,0.1324200913242009,0.5314285714285715,0.38351843115224615,0.39600464990935214,0.08285714285714285,0.045662100456621,0.02857142857142857,0.3742857142857143,13.51142857142857,0.0228310502283105,0.0,0.040866673165165505,0.11836634914903713,3.835616438356164,0.0,0.0,0.15,0.0821917808219178,0,0.1551606849412833,0.25519655888032894,2.452118254508446,0.7388277933302286,0.0,1.0,0.0,0.1,0.0,0.24571265871792375,0.05,0.08,0.045662100456621,0.5,0.25
243,0.9788377132623327,0.4819881053020366,0.9255583310650441,0.49024461889188015,0.23380311223024616,0.48393549084388127,0.821917808219178,0.43452426076000034,0.4212424367160964,0.1324200913242009,0.5142857142857142,0.38351843115224615,0.39600464990935214,0.08285714285714285,0.0547945205479452,0.04,0.3742857142857143,13.537142857142857,0.0228310502283105,0.0,0.040866673165165505,0.11836634914903713,3.835616438356164,0.0,0.0,0.15,0.0821917808219178,0,0.1548405979451483,0.25392057608592733,2.4430758894182767,0.7240512374636241,0.0,1.0,0.0,0.1,0.0,0.24571265871792375,0.05,0.08,0.0547945205479452,0.5,0.25
244,0.9788250606560259,0.48193386736726196,0.9255504141485263,0.490176010612103,0.23380311223024616,0.4838977767087579,0.7899543378995434,0.43452426076000034,0.4212424367160964,0.1324200913242009,0.4942857142857143,0.38351843115224615,0.39600464990935214,0.08285714285714285,0.0410958904109589,0.02857142857142857,0.3742857142857143,13.542857142857143,0.0228310502283105,0.0,0.040866673165165505,0.11836634914903713,3.835616438356164,0.0,0.0,0.15,0.0821917808219178,0,0.15426596709827967,0.2526509732054977,2.42278580020134,0.7095702127143515,0.0,1.0,0.0,0.1,0.0,0.24571265871792375,0.05,0.08,0.0410958904109589,0.5,0.25
245,0.9780099036760201,0.4823186935713609,0.925040358781037,0.490146852089003,0.23380311223024616,0.48381082249544516,0.817351598173516,0.43452426076000034,0.4212424367160964,0.1324200913242009,0.5114285714285715,0.38351843115224615,0.39600464990935214,0.08285714285714285,0.0319634703196347,0.02,0.3742857142857143,13.557142857142857,0.0273972602739726,0.0,0.040866673165165505,0.11836634914903713,3.835616438356164,0.0,0.0,0.15,0.0821917808219178,0,0.15369435154850258,0.25138771833947016,2.3943300841973127,0.6953788084600645,0.0,1.0,0.0,0.1,0.0,0.24571265871792375,0.05,0.08,0.0319634703196347,0.5,0.25
246,0.9799862344099591,0.48154568476985626,0.9262769771545587,0.48935606083246447,0.23380311223024616,0.48374451104768834,0.817351598173516,0.43452426076000034,0.4212424367160964,0.1324200913242009,0.5114285714285715,0.38351843115224615,0.39600464990935214,0.08285714285714285,0.045662100456621,0.02857142857142857,0.3742857142857143,13.548571428571428,0.0228310502283105,0.0,0.040866673165165505,0.11836634914903713,3.835616438356164,0.0,0.0,0.15,0.0821917808219178,0,0.1532675955050458,0.2501307797477728,2.3750149110847953,0.6814712322908633,0.0,1.0,0.0,0.1,0.0,0.24571265871792375,0.05,0.08,0.045662100456621,0.5,0.25
247,0.9791960731717264,0.48093696435374356,0.9255629242169594,0.4894090402108301,0.23380311223024616,0.48370078360137814,0.8348623853211009,0.4344462211536779,0.42232394115186783,0.13302752293577982,0.52,0.3836898597236747,0.39613322133792356,0.08285714285714285,0.05963302752293578,0.04285714285714286,0.37714285714285717,13.554285714285715,0.022935779816513763,0.002857142857142857,0.04088076320016647,0.11836634914903714,3.8073394495412844,0.0,0.0,0.15,0.08256880733944955,0,0.153643828956092,0.24888012584903396,2.3703717557202424,0.7032956282706603,0.0,0.8666666666666667,0.0,0.1,0.0,0.24571265871792375,0.05,0.08,0.0639269406392694,0.5,0.25
248,0.9782760926097691,0.4802870858710995,0.9249899077526547,0.48896184410153376,0.23380311223024616,0.4835791250155169,0.8440366972477065,0.434537964272944,0.42239274849131747,0.13302752293577982,0.5257142857142857,0.3837470025808176,0.3961760784807806,0.08285714285714285,0.05045871559633028,0.03142857142857143,0.37714285714285717,13.574285714285715,0.022935779816513763,0.0,0.04090311706193071,0.11836634914903714,3.8073394495412844,0.0,0.0,0.15,0.0779816513761468,0,0.15358847407918652,0.2710775173816286,2.354392892034409,0.8023654963635712,0.0,0.9090909090909091,0.0,0.1,0.0,0.24571265871792375,0.05,0.08,0.05045871559633028,0.5,0.25
249,0.9791560569992058,0.48032410354869104,0.9255379998580752,0.4889208851332221,0.23380311223024616,0.48353235692373353,0.8394495412844036,0.43462970739221,0.42246155583076694,0.13302752293577982,0.5228571428571429,0.3838041454379605,0.3962189356236378,0.08285714285714285,0.03211009174311927,0.02,0.37714285714285717,13.56857142857143,0.022935779816513763,0.0,0.04090311706193071,0.11836634914903714,3.8073394495412844,0.0,0.0,0.15,0.0779816513761468,0,0.15336324599450485,0.26972212979472043,2.3273050341937207,0.8023654963635712,0.0,0.8571428571428571,0.0,0.1,0.0,0.24571265871792375,0.05,0.08,0.03211009174311927,0.5,0.25
250,0.9798995267309603,0.481008213055354,0.9260010752909966,0.4896951900254555,0.23380311223024616,0.4834613753240231,0.8348623853211009,0.4347214505114761,0.4225303631702165,0.13302752293577982,0.52,0.3838612882951033,0.3962617927664949,0.08285714285714285,0.05045871559633028,0.03428571428571429,0.37714285714285717,13.594285714285714,0.022935779816513763,0.0,0.04090311706193071,0.11836634914903714,3.8073394495412844,0.0,0.0,0.15,0.0779816513761468,0,0.15336671690738948,0.2683735191457468,2.31504464779556,0.8016907456581516,0.0,0.9166666666666666,0.0,0.1,0.0,0.24571265871792375,0.05,0.08,0.05045871559633028,0.5,0.25
251,0.9801230535610633,0.48187715621618304,0.9261403005737463,0.49036281463480985,0.23380311223024616,0.4836069758733332,0.7981651376146789,0.4347214505114761,0.4225303631702165,0.13302752293577982,0.49714285714285716,0.3838612882951033,0.3962617927664949,0.08285714285714285,0.03669724770642202,0.022857142857142857,0.37714285714285717,13.602857142857143,0.022935779816513763,0.0,0.04090311706193071,0.11836634914903714,3.8073394495412844,0.0,0.0,0.15,0.0779816513761468,0,0.1528847418942811,0.2670316515500181,2.291600897696792,0.7856569307449887,0.0,1.0,0.0,0.1,0.0,0.24571265871792375,0.05,0.08,0.03669724770642202,0.5,0.25
252,0.980361314167448,0.48050520410724135,0.926041478771866,0.48917605958765664,0.23380311223024616,0.48391451768066945,0.8064516129032258,0.4339773650404522,0.4243100743692546,0.1336405529953917,0.5,0.3838612882951033,0.3962617927664949,0.08285714285714285,0.041474654377880185,0.025714285714285714,0.38,13.608571428571429,0.018433179723502304,0.002857142857142857,0.0409019931291108,0.11836634914903715,3.7972350230414746,0.0,0.0,0.15,0.07834101382488479,0,0.1524054617562383,0.265696493292268,2.2714831654571417,0.7699437921300888,0.0,1.0,0.0,0.1,0.0,0.24571265871792375,0.05,0.08,0.04128440366972477,0.5,0.25
253,0.98017952077237,0.48103654775140575,0.9252933997237454,0.48964979800440145,0.23380311223024616,0.4840630510448623,0.8240740740740741,0.43466198347170404,0.4248097970372416,0.13425925925925927,0.5085714285714286,0.3838612882951033,0.3962617927664949,0.08285714285714285,0.032407407407407406,0.022857142857142857,0.38285714285714284,13.608571428571429,0.013888888888888888,0.002857142857142857,0.04094748663323998,0.11836634914903714,3.7777777777777777,0.0,0.0,0.15,0.0787037037037037,0,0.1518714351617428,0.2643680108258067,2.2489106450051413,0.754544916287487,0.0,1.0,0.0,0.1,0.0,0.24571265871792375,0.05,0.08,0.03225806451612903,0.5,0.25
254,0.9794744852107035,0.48154027950146655,0.9248582920628311,0.48984938928373783,0.23380311223024616,0.48409174390497767,0.8657407407407407,0.4347545760642966,0.42487924148168604,0.13425925925925927,0.5342857142857143,0.38391843115224616,0.39630464990935205,0.08285714285714285,0.06018518518518518,0.04,0.38285714285714284,13.617142857142857,0.009259259259259259,0.0,0.04094748663323998,0.11836634914903714,3.7777777777777777,0.0,0.0,0.15,0.0787037037037037,0,0.15185450655736268,0.26304617077167763,2.243932432105039,0.7394540179617373,0.0,0.9285714285714286,0.0,0.1,0.0,0.24571265871792375,0.05,0.08,0.06018518518518518,0.5,0.25
255,0.979936295236723,0.47904905918323387,0.9251432948217458,0.48793902167709063,0.23380311223024616,0.4842260445334716,0.8611111111111112,0.4347545760642966,0.42487924148168604,0.13425925925925927,0.5314285714285715,0.38391843115224616,0.39630464990935205,0.08285714285714285,0.05092592592592592,0.03142857142857143,0.38285714285714284,13.637142857142857,0.009259259259259259,0.0,0.04094748663323998,0.11836634914903714,3.7777777777777777,0.0,0.0,0.15,0.0787037037037037,0,0.15129523402457584,0.26173093991781926,2.230482354891509,0.7246649376025025,0.0,1.0,0.0,0.1,0.0,0.24571265871792375,0.05,0.08,0.05092592592592592,0.5,0.25
256,0.9785038144175648,0.4783023236790744,0.9242297402831708,0.48773151874957454,0.23380311223024616,0.4843307572494955,0.8372093023255814,0.434629631254779,0.42520488681582186,0.13488372093023257,0.5142857142857142,0.38397557400938903,0.3963475070522093,0.08285714285714285,0.05116279069767442,0.037142857142857144,0.38571428571428573,13.654285714285715,0.004651162790697674,0.002857142857142857,0.0410171430310509,0.11836634914903714,3.730232558139535,0.0,0.0,0.15,0.07906976744186046,0,0.15150230311266186,0.26042228521823013,2.2230155649365364,0.729413219803858,0.0,0.9230769230769231,0.0,0.1,0.0,0.24571265871792375,0.05,0.08,0.05555555555555555,0.5,0.25
257,0.9792086498347772,0.4788437425707346,0.9246627106108869,0.4881264157014535,0.23380311223024616,0.48446272192461626,0.8186046511627907,0.434722654510593,0.42527465425768224,0.13488372093023257,0.5028571428571429,0.38403271686653195,0.3963903641950664,0.08285714285714285,0.05581395348837209,0.03428571428571429,0.38571428571428573,13.66,0.004651162790697674,0.0,0.041026396174463235,0.11836634914903714,3.730232558139535,0.0,0.0,0.15,0.07906976744186046,0,0.151543227293545,0.2614963519679139,2.21284096792352,0.8204418284569713,0.0,0.9166666666666666,0.0,0.1,0.0,0.24571265871792375,0.05,0.08,0.05581395348837209,0.5,0.25
258,0.9783882002754615,0.47961333958994495,0.9241587201673074,0.4880717832978889,0.23380311223024616,0.4845690231644578,0.8604651162790697,0.434722654510593,0.42527465425768224,0.13488372093023257,0.5285714285714286,0.38403271686653195,0.3963903641950664,0.08285714285714285,0.027906976744186046,0.022857142857142857,0.38571428571428573,13.668571428571429,0.004651162790697674,0.0,0.041026396174463235,0.11836634914903714,3.730232558139535,0.0,0.0,0.15,0.07906976744186046,0,0.15101379687136296,0.2601888702080743,2.1914412914221924,0.8040329918878318,0.0,1.0,0.0,0.1,0.0,0.24571265871792375,0.05,0.08,0.027906976744186046,0.5,0.25
259,0.9796875335297069,0.4797549204629012,0.9249568820234867,0.48812352033429884,0.23380311223024616,0.48455689973808835,0.8372093023255814,0.43500172427803485,0.4254839565832637,0.13488372093023257,0.5142857142857142,0.3842041454379605,0.3965189356236379,0.08285714285714285,0.05116279069767442,0.03428571428571429,0.38571428571428573,13.685714285714285,0.004651162790697674,0.0,0.041026396174463235,0.11836634914903714,3.730232558139535,0.0,0.0,0.15,0.07906976744186046,0,0.15131558502986328,0.25888792585703396,2.1818981798794628,0.8491799532948932,0.0,0.8333333333333334,0.0,0.1,0.0,0.24571265871792375,0.05,0.08,0.05116279069767442,0.5,0.25
260,0.9813585962948502,0.4803748750792107,0.9259833920077891,0.4886827110091549,0.23380311223024616,0.48443525091419276,0.8372093023255814,0.43500172427803485,0.4254839565832637,0.13488372093023257,0.5142857142857142,0.3842041454379605,0.3965189356236379,0.08285714285714285,0.046511627906976744,0.03142857142857143,0.38571428571428573,13.674285714285714,0.004651162790697674,0.0,0.041026396174463235,0.11836634914903714,3.730232558139535,0.0,0.0,0.15,0.07906976744186046,0,0.15095786567614256,0.2575934862277488,2.1696887877104447,0.8321963542289953,0.0,1.0,0.0,0.1,0.0,0.24571265871792375,0.05,0.08,0.046511627906976744,0.5,0.25
261,0.9795982651385696,0.47970136435399735,0.9249020457260738,0.48833537943631994,0.23380311223024616,0.484336023528126,0.8418604651162791,0.43500172427803485,0.4254839565832637,0.13488372093023257,0.5171428571428571,0.3842041454379605,0.3965189356236379,0.08285714285714285,0.037209302325581395,0.022857142857142857,0.38571428571428573,13.677142857142858,0.004651162790697674,0.0,0.041026396174463235,0.11836634914903714,3.730232558139535,0.0,0.0,0.15,0.07906976744186046,0,0.15034579063347614,0.25630551879661,2.1491521548133785,0.8155524271444153,0.0,1.0,0.0,0.1,0.0,0.24571265871792375,0.05,0.08,0.037209302325581395,0.5,0.25
262,0.9810508311502454,0.4793846280628959,0.9257943362761033,0.4880549909473375,0.23380311223024616,0.4842013793461638,0.8465116279069768,0.43518777078966275,0.42562349146698464,0.13488372093023257,0.52,0.38431843115224623,0.39660464990935207,0.08285714285714285,0.027906976744186046,0.02,0.38571428571428573,13.682857142857143,0.009302325581395349,0.0,0.041026396174463235,0.11836634914903714,3.730232558139535,0.0,0.0,0.15,0.07906976744186046,0,0.15065077596602303,0.26272934797396297,2.126169111717111,0.9321278687940782,0.0,0.7142857142857143,0.0,0.1,0.0,0.24571265871792375,0.05,0.08,0.027906976744186046,0.5,0.25
263,0.9811767178909135,0.4783957860327583,0.9258716667025136,0.487747542211156,0.23380311223024616,0.48424230193962314,0.8418604651162791,0.4353738173012907,0.4257630263507056,0.13488372093023257,0.5171428571428571,0.3844327168665319,0.3966903641950665,0.08285714285714285,0.03255813953488372,0.02,0.38571428571428573,13.688571428571429,0.009302325581395349,0.0,0.041026396174463235,0.11836634914903714,3.730232558139535,0.0,0.0,0.15,0.07906976744186046,0,0.15058252280047862,0.26141570123409313,2.1036457294827686,0.9353460319923442,0.0,0.8571428571428571,0.0,0.1,0.0,0.24571265871792375,0.05,0.08,0.03255813953488372,0.5,0.25
264,0.9791510794666879,0.4776013316257711,0.9246273459562036,0.4874405557748733,0.23380311223024616,0.48435103233938287,0.7953488372093023,0.4356528870687325,0.4259723286762869,0.13488372093023257,0.48857142857142855,0.3846041454379605,0.3968189356236378,0.08285714285714285,0.046511627906976744,0.03142857142857143,0.38571428571428573,13.688571428571429,0.009302325581395349,0.0,0.041026396174463235,0.11836634914903714,3.730232558139535,0.0,0.0,0.15,0.07906976744186046,0,0.15119748512944045,0.2601086227279227,2.093001386321685,0.9778311861486827,0.0,0.8181818181818182,0.0,0.1,0.0,0.24571265871792375,0.05,0.08,0.046511627906976744,0.5,0.25
265,0.9799344101609878,0.4784232420373354,0.9251085348112734,0.488532371969106,0.23380311223024616,0.48433684758694934,0.8465116279069768,0.4356528870687325,0.4259723286762869,0.13488372093023257,0.52,0.3846041454379605,0.3968189356236378,0.08285714285714285,0.04186046511627907,0.02857142857142857,0.38571428571428573,13.7,0.013953488372093023,0.0,0.041026396174463235,0.11836634914903714,3.730232558139535,0.0,0.0,0.15,0.07906976744186046,0,0.15066978341807893,0.25880807961428304,2.0797127871666796,0.9582745624257091,0.0,1.0,0.0,0.1,0.0,0.24571265871792375,0.05,0.08,0.04186046511627907,0.5,0.25
266,0.9805380014052213,0.47764816870829574,0.9254793122898741,0.48889775842310784,0.23380311223024616,0.48463503987138745,0.8372093023255814,0.4357459103245465,0.4260420961181474,0.13488372093023257,0.5142857142857142,0.3846612882951034,0.39686179276649497,0.08285714285714285,0.05116279069767442,0.03142857142857143,0.38571428571428573,13.717142857142857,0.018604651162790697,0.0,0.041026396174463235,0.11836634914903714,3.730232558139535,0.0,0.0,0.15,0.07906976744186046,0,0.1506018630724171,0.25751403921621163,2.0695471028519177,0.9429198301334435,0.0,0.9090909090909091,0.0,0.1,0.0,0.24571265871792375,0.05,0.08,0.05116279069767442,0.5,0.25
267,0.9803208524814202,0.4769697213117838,0.9253459208081106,0.4885148031110754,0.23380311223024616,0.4848284227579824,0.8465116279069768,0.43583893358036047,0.42611186356000785,0.13488372093023257,0.52,0.3847184311522462,0.39690464990935204,0.08285714285714285,0.046511627906976744,0.02857142857142857,0.38571428571428573,13.737142857142857,0.018604651162790697,0.0,0.041026396174463235,0.11836634914903714,3.730232558139535,0.0,0.0,0.15,0.07906976744186046,0,0.15104728945350143,0.2807789482261631,2.0567275893663077,0.9394900057769688,0.0,0.8,0.0,0.1,0.0,0.24571265871792375,0.05,0.08,0.046511627906976744,0.5,0.25
268,0.9814752234173597,0.4767897464756032,0.9260550343830449,0.4882940800427242,0.23380311223024616,0.48506186631397274,0.8465116279069768,0.43583893358036047,0.42611186356000785,0.13488372093023257,0.52,0.3847184311522462,0.39690464990935204,0.08285714285714285,0.037209302325581395,0.022857142857142857,0.38571428571428573,13.742857142857142,0.018604651162790697,0.0,0.041026396174463235,0.11836634914903714,3.730232558139535,0.0,0.0,0.15,0.07906976744186046,0,0.15043476729194824,0.27937505348503233,2.038450180436124,0.9207002056614294,0.0,1.0,0.0,0.1,0.0,0.24571265871792375,0.05,0.08,0.037209302325581395,0.5,0.25
269,0.9800812554532328,0.4760512173798062,0.9251987397765099,0.48731662089291455,0.23380311223024616,0.48534318719564434,0.8604651162790697,0.43583893358036047,0.42611186356000785,0.13488372093023257,0.5285714285714286,0.3847184311522462,0.39690464990935204,0.08285714285714285,0.03255813953488372,0.022857142857142857,0.38571428571428573,13.777142857142858,0.023255813953488372,0.0,0.041026396174463235,0.11836634914903714,3.730232558139535,0.0,0.0,0.15,0.07906976744186046,0,0.1500234584376492,0.2779781782176071,2.020538319684545,0.9022862015482008,0.0,1.0,0.0,0.1,0.0,0.24571265871792375,0.05,0.08,0.03255813953488372,0.5,0.25
270,0.9785538695334433,0.47654288596228855,0.9242604884257818,0.4874830222895538,0.23380311223024616,0.48549902182264665,0.827906976744186,0.43583893358036047,0.42611186356000785,0.13488372093023257,0.5085714285714286,0.3847184311522462,0.39690464990935204,0.08285714285714285,0.037209302325581395,0.022857142857142857,0.38571428571428573,13.8,0.023255813953488372,0.0,0.041026396174463235,0.11836634914903714,3.730232558139535,0.0,0.0,0.15,0.07906976744186046,0,0.14955805685974666,0.27658828732651913,2.0029846961479967,0.8842404775172368,0.0,1.0,0.0,0.1,0.0,0.24571265871792375,0.05,0.08,0.037209302325581395,0.5,0.25
271,0.9787021219760618,0.4774185688225287,0.9243515577833903,0.4879273707652305,0.23380311223024616,0.48550350859598645,0.8372093023255814,0.43583893358036047,0.42611186356000785,0.13488372093023257,0.5142857142857142,0.3847184311522462,0.39690464990935204,0.08285714285714285,0.037209302325581395,0.022857142857142857,0.38571428571428573,13.811428571428571,0.023255813953488372,0.0,0.041026396174463235,0.11836634914903714,3.730232558139535,0.0,0.0,0.15,0.07906976744186046,0,0.14901012371830508,0.27520534588988654,1.9857821450821795,0.866555667966892,0.0,1.0,0.0,0.1,0.0,0.24571265871792375,0.05,0.08,0.037209302325581395,0.5,0.25
272,0.9809344162458936,0.47759610873155345,0.9257228242634299,0.48803860825159706,0.23380311223024616,0.48547556695878696,0.7813953488372093,0.43583893358036047,0.42611186356000785,0.13488372093023257,0.48,0.3847184311522462,0.39690464990935204,0.08285714285714285,0.046511627906976744,0.03142857142857143,0.38571428571428573,13.825714285714286,0.023255813953488372,0.0,0.041026396174463235,0.11836634914903714,3.730232558139535,0.0,0.0,0.15,0.07906976744186046,0,0.14866279736401714,0.27382931916043707,1.9774950736091075,0.8492245546075542,0.0,1.0,0.0,0.1,0.0,0.24571265871792375,0.05,0.08,0.046511627906976744,0.5,0.25
273,0.9798286041297853,0.47844988394912075,0.9250435396778206,0.4888349309647903,0.23380311223024616,0.4854296040319035,0.827906976744186,0.43583893358036047,0.42611186356000785,0.13488372093023257,0.5085714285714286,0.3847184311522462,0.39690464990935204,0.08285714285714285,0.027906976744186046,0.017142857142857144,0.38571428571428573,13.82857142857143,0.023255813953488372,0.0,0.041026396174463235,0.11836634914903714,3.730232558139535,0.0,0.0,0.15,0.07906976744186046,0,0.14803376909148275,0.2724601725646349,1.9550880292797819,0.832240063515403,0.0,1.0,0.0,0.1,0.0,0.24571265871792375,0.05,0.08,0.027906976744186046,0.5,0.25
274,0.9792124557241159,0.4800521360032235,0.9246650485143378,0.4899163658710168,0.23380311223024616,0.4855960562160912,0.827906976744186,0.43602498009198837,0.4262513984437288,0.13488372093023257,0.5085714285714286,0.3848327168665319,0.39699036419506634,0.08285714285714285,0.013953488372093023,0.008571428571428572,0.38571428571428573,13.831428571428571,0.023255813953488372,0.0,0.041026396174463235,0.11836634914903714,3.730232558139535,0.0,0.0,0.15,0.07906976744186046,0,0.14780745810316823,0.2710978717018117,1.9245576972656149,0.8204418284569713,0.0,0.6666666666666666,0.0,0.1,0.0,0.24571265871792375,0.05,0.08,0.013953488372093023,0.5,0.25
275,0.9801424147398571,0.4805227509950837,0.9249318340738114,0.4895653469772508,0.23380311223024616,0.4857782088415536,0.8037383177570093,0.43735441186869467,0.42663133611629117,0.13551401869158877,0.49142857142857144,0.38494700258081765,0.39707607848078064,0.08285714285714285,0.04205607476635514,0.02857142857142857,0.38857142857142857,13.831428571428571,0.018691588785046728,0.002857142857142857,0.04104517626187232,0.11836634914903713,3.710280373831776,0.0,0.0,0.15,0.0794392523364486,0,0.14812044999143792,0.3118362521420634,1.9146379718917312,0.8379638356491649,0.0,0.9,0.0,0.1,0.0,0.24571265871792375,0.05,0.08,0.046511627906976744,0.5,0.25
276,0.9822314386175137,0.47986776498732653,0.9262091229590071,0.4891619020365285,0.23380311223024616,0.48576320200523065,0.8551401869158879,0.43735441186869467,0.42663133611629117,0.13551401869158877,0.5228571428571429,0.38494700258081765,0.39707607848078064,0.08285714285714285,0.028037383177570093,0.017142857142857144,0.38857142857142857,13.837142857142856,0.018691588785046728,0.0,0.041053284722149974,0.11836634914903713,3.710280373831776,0.0,0.0,0.15,0.0794392523364486,0,0.14749413345576642,0.3102770708813531,1.893488069596754,0.8212045589361816,0.0,1.0,0.0,0.1,0.0,0.24571265871792375,0.05,0.08,0.028037383177570093,0.5,0.25
277,0.9816098423998274,0.4791220352491993,0.925829061271622,0.4882665167526254,0.23380311223024616,0.485719816602394,0.8504672897196262,0.4376347857004704,0.4268416164901229,0.13551401869158877,0.52,0.38511843115224614,0.3972046499093521,0.08285714285714285,0.0514018691588785,0.03142857142857143,0.38857142857142857,13.834285714285715,0.018691588785046728,0.0,0.041053284722149974,0.11836634914903713,3.710280373831776,0.0,0.0,0.15,0.0794392523364486,0,0.14784209135991616,0.31581729611575216,1.8870468796333901,0.8537496158712424,0.0,0.8181818181818182,0.0,0.1,0.0,0.24571265871792375,0.05,0.08,0.0514018691588785,0.5,0.25
278,0.9826615707936566,0.48010543998369076,0.9264721180609917,0.4888891933419966,0.23380311223024616,0.4856673447499279,0.8691588785046729,0.43772824364439555,0.4269117099480669,0.13551401869158877,0.5314285714285715,0.3851755740093891,0.3972475070522093,0.08285714285714285,0.04205607476635514,0.025714285714285714,0.38857142857142857,13.84,0.014018691588785047,0.0,0.041053284722149974,0.11836634914903713,3.710280373831776,0.0,0.0,0.15,0.0794392523364486,0,0.14775959590311658,0.31423820963517346,1.8750202277550079,0.9504472416643027,0.0,0.8888888888888888,0.0,0.1,0.0,0.24571265871792375,0.05,0.08,0.04205607476635514,0.5,0.25
279,0.9819315429675901,0.48016135384285236,0.9260257581901968,0.48887790084096544,0.23380311223024616,0.48572151056822954,0.8457943925233645,0.43772824364439555,0.4269117099480669,0.13551401869158877,0.5171428571428571,0.3851755740093891,0.3972475070522093,0.08285714285714285,0.0514018691588785,0.03142857142857143,0.38857142857142857,13.845714285714285,0.014018691588785047,0.0,0.041053284722149974,0.11836634914903713,3.710280373831776,0.0,0.0,0.15,0.0794392523364486,0,0.1475577048172069,0.3126670185869976,1.868948394628479,0.9314382968310166,0.0,1.0,0.0,0.1,0.0,0.24571265871792375,0.05,0.08,0.0514018691588785,0.5,0.25
280,0.9826781061621176,0.4802690663048698,0.9264822282577078,0.48942211603488944,0.23380311223024616,0.4858356296540628,0.8364485981308412,0.4378217015883208,0.4269818034060108,0.13551401869158877,0.5114285714285715,0.38523271686653193,0.3972903641950664,0.08285714285714285,0.037383177570093455,0.022857142857142857,0.38857142857142857,13.851428571428572,0.014018691588785047,0.0,0.041053284722149974,0.11836634914903713,3.710280373831776,0.0,0.0,0.15,0.0794392523364486,0,0.14747648843597802,0.3111036834940626,1.8544265695930524,0.9431128000000003,0.0,0.875,0.0,0.1,0.0,0.24571265871792375,0.05,0.08,0.037383177570093455,0.5,0.25
281,0.9823900337332377,0.4803740337855617,0.9263060925440499,0.48988922871039176,0.23380311223024616,0.48567770926294807,0.8598130841121495,0.4378217015883208,0.4269818034060108,0.13551401869158877,0.5257142857142857,0.38523271686653193,0.3972903641950664,0.08285714285714285,0.02336448598130841,0.014285714285714285,0.38857142857142857,13.86,0.014018691588785047,0.0,0.041053284722149974,0.11836634914903713,3.710280373831776,0.0,0.0,0.15,0.0794392523364486,0,0.14685324885094095,0.3095481650765923,1.8316237524869055,0.9242505440000003,0.0,1.0,0.0,0.1,0.0,0.24571265871792375,0.05,0.08,0.02336448598130841,0.5,0.25
282,0.9843809426527158,0.4818098120317413,0.9275233911405306,0.4902655672861993,0.23380311223024616,0.48551822035780556,0.8785046728971962,0.4378217015883208,0.4269818034060108,0.13551401869158877,0.5371428571428571,0.38523271686653193,0.3972903641950664,0.08285714285714285,0.037383177570093455,0.025714285714285714,0.38857142857142857,13.871428571428572,0.014018691588785047,0.0,0.041053284722149974,0.11836634914903713,3.710280373831776,0.0,0.0,0.15,0.0794392523364486,0,0.14657047144464305,0.30800042425120927,1.820705563151453,0.9057655331200002,0.0,1.0,0.0,0.1,0.0,0.24571265871792375,0.05,0.08,0.037383177570093455,0.5,0.25
283,0.9857360143074022,0.4809609380470579,0.9283519206665388,0.4890853848853711,0.23380311223024616,0.48534726160818015,0.8785046728971962,0.4378217015883208,0.4269818034060108,0.13551401869158877,0.5371428571428571,0.38523271686653193,0.3972903641950664,0.08285714285714285,0.04205607476635514,0.03142857142857143,0.38857142857142857,13.888571428571428,0.014018691588785047,0.0,0.041053284722149974,0.11836634914903713,3.710280373831776,0.0,0.0,0.15,0.0794392523364486,0,0.14629262550884842,0.3064604221299532,1.8157200233169954,0.8876502224576002,0.0,1.0,0.0,0.1,0.0,0.24571265871792375,0.05,0.08,0.04205607476635514,0.5,0.25
284,0.9845449785324232,0.4801192266496045,0.9276236873641233,0.48844694593008836,0.23380311223024616,0.48511999076197376,0.8457943925233645,0.43800861747617126,0.4271219903218986,0.13551401869158877,0.5171428571428571,0.3853470025808176,0.39737607848078066,0.08285714285714285,0.04672897196261682,0.02857142857142857,0.38857142857142857,13.888571428571428,0.014018691588785047,0.0,0.041053284722149974,0.11836634914903713,3.710280373831776,0.0,0.0,0.15,0.0794392523364486,0,0.14613259095273273,0.3049281200193035,1.807977051422084,0.8875470697634074,0.0,0.9,0.0,0.1,0.0,0.24571265871792375,0.05,0.08,0.04672897196261682,0.5,0.25
285,0.9849317788739735,0.4793830277822609,0.9278601881443855,0.48780279166861834,0.23380311223024616,0.48489847513115036,0.8317757009345794,0.43800861747617126,0.4271219903218986,0.13551401869158877,0.5085714285714286,0.3853470025808176,0.39737607848078066,0.08285714285714285,0.04672897196261682,0.03142857142857143,0.38857142857142857,13.911428571428571,0.014018691588785047,0.0,0.041053284722149974,0.11836634914903713,3.710280373831776,0.0,0.0,0.15,0.0794392523364486,0,0.14582921656582623,0.3034034794192069,1.8032460818222136,0.8697961283681392,0.0,1.0,0.0,0.1,0.0,0.24571265871792375,0.05,0.08,0.04672897196261682,0.5,0.25
286,0.9824388234699705,0.4796071212506756,0.9263359239830807,0.48761852065999634,0.23380311223024616,0.4846729691612091,0.8364485981308412,0.43800861747617126,0.4271219903218986,0.13551401869158877,0.5114285714285715,0.3853470025808176,0.39737607848078066,0.08285714285714285,0.028037383177570093,0.017142857142857144,0.38857142857142857,13.922857142857143,0.014018691588785047,0.0,0.041053284722149974,0.11836634914903713,3.710280373831776,0.0,0.0,0.15,0.0794392523364486,0,0.14518578476871138,0.3018864620221109,1.7843240173286268,0.8524002058007765,0.0,1.0,0.0,0.1,0.0,0.24571265871792375,0.05,0.08,0.028037383177570093,0.5,0.25
287,0.9830422201119794,0.4804501511321578,0.926704857929909,0.48787246205509516,0.23380311223024616,0.4844468733205159,0.8457943925233645,0.43800861747617126,0.4271219903218986,0.13551401869158877,0.5171428571428571,0.3853470025808176,0.39737607848078066,0.08285714285714285,0.03271028037383177,0.022857142857142857,0.38857142857142857,13.94,0.014018691588785047,0.0,0.041053284722149974,0.11836634914903713,3.710280373831776,0.0,0.0,0.15,0.0794392523364486,0,0.14474499870201069,0.3003770297120003,1.7714946798391968,0.8353522016847609,0.0,1.0,0.0,0.1,0.0,0.24571265871792375,0.05,0.08,0.03271028037383177,0.5,0.25
288,0.9853208203114313,0.4802380326770046,0.928098059194717,0.4884717469700415,0.23380311223024616,0.4841737927366626,0.8271028037383178,0.43800861747617126,0.4271219903218986,0.13551401869158877,0.5057142857142857,0.3853470025808176,0.39737607848078066,0.08285714285714285,0.037383177570093455,0.025714285714285714,0.38857142857142857,13.945714285714285,0.018691588785046728,0.0,0.041053284722149974,0.11836634914903713,3.710280373831776,0.0,0.0,0.15,0.0794392523364486,0,0.14427784585135775,0.2988751445634403,1.7617790719566986,0.8186451576510657,0.0,1.0,0.0,0.1,0.0,0.24571265871792375,0.05,0.08,0.037383177570093455,0.5,0.25
289,0.9855922021745388,0.4797908846089311,0.9282639898195881,0.4879554712205303,0.23380311223024616,0.48385482515862144,0.8411214953271028,0.43800861747617126,0.4271219903218986,0.13551401869158877,0.5142857142857142,0.3853470025808176,0.39737607848078066,0.08285714285714285,0.018691588785046728,0.011428571428571429,0.38857142857142857,13.934285714285714,0.018691588785046728,0.0,0.041053284722149974,0.11836634914903713,3.710280373831776,0.0,0.0,0.15,0.0794392523364486,0,0.14369917090781528,0.2973807688406231,1.737972061946136,0.8022722544980443,0.0,1.0,0.0,0.1,0.0,0.24571265871792375,0.05,0.08,0.018691588785046728,0.5,0.25
290,0.9844838502401491,0.4791393447350761,0.9275863117797043,0.48797876811993596,0.23380311223024616,0.4835666794407591,0.8598130841121495,0.43800861747617126,0.4271219903218986,0.13551401869158877,0.5257142857142857,0.3853470025808176,0.39737607848078066,0.08285714285714285,0.03271028037383177,0.02,0.38857142857142857,13.948571428571428,0.018691588785046728,0.0,0.041053284722149974,0.11836634914903713,3.710280373831776,0.0,0.0,0.15,0.0794392523364486,0,0.1438313314506146,0.29589386499642,1.7232126207072134,0.7862268094080834,0.0,0.8571428571428571,0.0,0.1,0.0,0.24571265871792375,0.05,0.08,0.03271028037383177,0.5,0.25
291,0.9841470651843537,0.47946016089281357,0.9273803917741608,0.4884069493086953,0.23380311223024616,0.4832316847426608,0.8364485981308412,0.43800861747617126,0.4271219903218986,0.13551401869158877,0.5114285714285715,0.3853470025808176,0.39737607848078066,0.08285714285714285,0.04205607476635514,0.02857142857142857,0.38857142857142857,13.96,0.018691588785046728,0.0,0.041053284722149974,0.11836634914903713,3.710280373831776,0.0,0.0,0.15,0.0794392523364486,0,0.1434821783612187,0.2944143956714379,1.7173197968644978,0.7705022732199218,0.0,1.0,0.0,0.1,0.0,0.24571265871792375,0.05,0.08,0.04205607476635514,0.5,0.25
292,0.9840299493766252,0.48140014904238765,0.9273087838231497,0.48973304697692016,0.23380311223024616,0.4830019848782344,0.8177570093457944,0.43800861747617126,0.4271219903218986,0.13551401869158877,0.5,0.3853470025808176,0.39737607848078066,0.08285714285714285,0.0514018691588785,0.03142857142857143,0.38857142857142857,13.968571428571428,0.018691588785046728,0.0,0.041053284722149974,0.11836634914903713,3.710280373831776,0.0,0.0,0.15,0.0794392523364486,0,0.14356164948764413,0.29294232369308076,1.714401972355779,0.7550922277555233,0.0,1.0,0.0,0.1,0.0,0.24571265871792375,0.05,0.08,0.0514018691588785,0.5,0.25
293,0.983519732738045,0.4828459382021884,0.9269968227927036,0.4909024293532988,0.23380311223024616,0.482831528703058,0.8457943925233645,0.4381955333640218,0.4272621772377865,0.13551401869158877,0.5171428571428571,0.3854612882951033,0.39746179276649496,0.08285714285714285,0.06542056074766354,0.04,0.38857142857142857,13.997142857142856,0.018691588785046728,0.0,0.041053284722149974,0.11836634914903713,3.710280373831776,0.0,0.0,0.15,0.0794392523364486,0,0.14398641266877735,0.2914776120746153,1.7201139329086632,0.7543905597646562,0.0,0.9285714285714286,0.0,0.1,0.0,0.24571265871792375,0.05,0.08,0.06542056074766354,0.5,0.25
294,0.9844132603232753,0.4823926949947497,0.9275431510876728,0.4898681983992625,0.23380311223024616,0.4826273578640333,0.8177570093457944,0.4383824492518722,0.42740236415367433,0.13551401869158877,0.5,0.3855755740093891,0.39754750705220926,0.08285714285714285,0.04672897196261682,0.02857142857142857,0.38857142857142857,14.0,0.018691588785046728,0.0,0.041053284722149974,0.11836634914903713,3.710280373831776,0.0,0.0,0.15,0.0794392523364486,0,0.14469505203400487,0.2929791278978092,1.7142830828219187,0.7393027485693631,0.0,0.9,0.0,0.1,0.0,0.24571265871792375,0.05,0.08,0.04672897196261682,0.5,0.25
295,0.9831009427173107,0.4835944010426161,0.9267407626085974,0.4905617093542771,0.23380311223024616,0.48235312131768815,0.8037383177570093,0.4383824492518722,0.42740236415367433,0.13551401869158877,0.49142857142857144,0.3855755740093891,0.39754750705220926,0.08285714285714285,0.037383177570093455,0.022857142857142857,0.38857142857142857,14.008571428571429,0.018691588785046728,0.0,0.041053284722149974,0.11836634914903713,3.710280373831776,0.0,0.0,0.15,0.0794392523364486,0,0.14454286248812057,0.2915142322583202,1.702854564022623,0.7245166935979758,0.0,1.0,0.0,0.1,0.0,0.24571265871792375,0.05,0.08,0.037383177570093455,0.5,0.25
296,0.9836110261697394,0.4839648858109164,0.9270526422052251,0.491091767204284,0.23380311223024616,0.4821770919666102,0.7757009345794392,0.4383824492518722,0.42740236415367433,0.13551401869158877,0.4742857142857143,0.3855755740093891,0.39754750705220926,0.08285714285714285,0.04672897196261682,0.02857142857142857,0.38857142857142857,14.031428571428572,0.018691588785046728,0.0,0.041053284722149974,0.11836634914903713,3.710280373831776,0.0,0.0,0.15,0.0794392523364486,0,0.1442735229775665,0.29005666109702855,1.6973689013135995,0.7100263597260162,0.0,1.0,0.0,0.1,0.0,0.24571265871792375,0.05,0.08,0.04672897196261682,0.5,0.25
297,0.9843438516727252,0.48291115844555904,0.9270384132307803,0.49031288329295275,0.23380311223024616,0.48206627950814923,0.8450704225352113,0.4371909476353306,0.42655221001350113,0.13615023474178403,0.5142857142857142,0.3856327168665319,0.3975903641950664,0.08285714285714285,0.018779342723004695,0.014285714285714285,0.3914285714285714,14.048571428571428,0.014084507042253521,0.002857142857142857,0.041075935513245274,0.11836634914903713,3.6901408450704225,0.0,0.0,0.15,0.07981220657276995,0,0.14403786964839294,0.2915659318951208,1.6777072375730413,0.709193954698649,0.0,0.8,0.0,0.1,0.0,0.24571265871792375,0.05,0.08,0.02336448598130841,0.5,0.25
298,0.9837114104302125,0.48417287995233366,0.9266535275603369,0.49110016364455605,0.23380311223024616,0.48196492869299323,0.8356807511737089,0.4371909476353306,0.42655221001350113,0.13615023474178403,0.5085714285714286,0.3856327168665319,0.3975903641950664,0.08285714285714285,0.051643192488262914,0.03428571428571429,0.3914285714285714,14.057142857142857,0.014084507042253521,0.0,0.04108466522889989,0.11836634914903713,3.6901408450704225,0.0,0.0,0.15,0.07981220657276995,0,0.1440540058541325,0.2901081022356452,1.6784388071072947,0.695010075604676,0.0,1.0,0.0,0.1,0.0,0.24571265871792375,0.05,0.08,0.051643192488262914,0.5,0.25
299,0.9828416455518673,0.4840602537524203,0.9261242135058011,0.49163363948891814,0.23380311223024616,0.48200994637422817,0.8544600938967136,0.4371909476353306,0.42655221001350113,0.13615023474178403,0.52,0.3856327168665319,0.3975903641950664,0.08285714285714285,0.03286384976525822,0.022857142857142857,0.3914285714285714,14.06,0.014084507042253521,0.0,0.04108466522889989,0.11836634914903713,3.6901408450704225,0.0,0.0,0.15,0.07981220657276995,0,0.1435618793962904,0.288657561724467,1.6677271738222916,0.6811098740925824,0.0,1.0,0.0,0.1,0.0,0.24571265871792375,0.05,0.08,0.03286384976525822,0.5,0.25
300,0.9823985028373499,0.4841443623459503,0.9258545295109661,0.49151361115843906,0.23380311223024616,0.48204157324483254,0.863849765258216,0.4372848443489457,0.4266226325487123,0.13615023474178403,0.5257142857142857,0.38568985972367476,0.39763322133792356,0.08285714285714285,0.03755868544600939,0.02857142857142857,0.3914285714285714,14.065714285714286,0.014084507042253521,0.0,0.04108466522889989,0.11836634914903713,3.6901408450704225,0.0,0.0,0.15,0.07981220657276995,0,0.1437266585137017,0.28721427391584464,1.6629440589172744,0.6816973128530884,0.0,0.9,0.0,0.1,0.0,0.24571265871792375,0.05,0.08,0.03755868544600939,0.5,0.25
301,0.9839915881398044,0.4842019078951111,0.926824035709317,0.49121299152831155,0.23380311223024616,0.48220581331657597,0.863849765258216,0.4377543279170208,0.42697474522476875,0.13615023474178403,0.5257142857142857,0.38597557400938903,0.3978475070522092,0.08285714285714285,0.056338028169014086,0.04,0.3914285714285714,14.06857142857143,0.014084507042253521,0.0,0.04108466522889989,0.11836634914903713,3.6901408450704225,0.0,0.0,0.15,0.07981220657276995,0,0.14449373950684752,0.2857782025462654,1.6696851777389292,0.8636867203236098,0.0,0.7857142857142857,0.0,0.1,0.0,0.24571265871792375,0.05,0.08,0.056338028169014086,0.5,0.25
302,0.9827636989868211,0.4839397634031976,0.9260767774533588,0.49137761404143965,0.23380311223024616,0.48241373146577954,0.8403755868544601,0.4377543279170208,0.42697474522476875,0.13615023474178403,0.5114285714285715,0.38597557400938903,0.3978475070522092,0.08285714285714285,0.03286384976525822,0.02,0.3914285714285714,14.08,0.014084507042253521,0.0,0.04108466522889989,0.11836634914903713,3.6901408450704225,0.0,0.0,0.15,0.07981220657276995,0,0.14405612938074183,0.28434931153353404,1.6562914741841503,0.8464129859171375,0.0,1.0,0.0,0.1,0.0,0.24571265871792375,0.05,0.08,0.03286384976525822,0.5,0.25
303,0.983614527658959,0.48572537479561484,0.9264528986298401,0.4923882422374378,0.23380311223024616,0.482604376851284,0.8066037735849056,0.43774166348078264,0.4284603159667703,0.13679245283018868,0.48857142857142855,0.38603271686653184,0.3978903641950664,0.08285714285714285,0.03773584905660377,0.025714285714285714,0.3942857142857143,14.09142857142857,0.009433962264150943,0.002857142857142857,0.04109255610269455,0.11836634914903714,3.660377358490566,0.0,0.0,0.15,0.08018867924528301,0,0.1440771415731417,0.2829275649758664,1.6488799304147532,0.9421227185721842,0.0,0.8888888888888888,0.0,0.1,0.0,0.24571265871792375,0.05,0.08,0.04225352112676056,0.5,0.25
304,0.9828856973026964,0.4850874837785068,0.9260114356711897,0.49197424587829786,0.23380311223024616,0.482871711334475,0.8207547169811321,0.43774166348078264,0.4284603159667703,0.13679245283018868,0.49714285714285716,0.38603271686653184,0.3978903641950664,0.08285714285714285,0.03773584905660377,0.022857142857142857,0.3942857142857143,14.097142857142858,0.009433962264150943,0.0,0.041123040522317675,0.11836634914903714,3.660377358490566,0.0,0.0,0.15,0.08018867924528301,0,0.1436403415260973,0.2815129271509871,1.638759474663601,0.9232802642007405,0.0,1.0,0.0,0.1,0.0,0.24571265871792375,0.05,0.08,0.03773584905660377,0.5,0.25
305,0.9832512447590163,0.4851507813458567,0.9262328529875893,0.4918305022149693,0.23380311223024616,0.48303714752430205,0.8726415094339622,0.4379303427260656,0.42860182540073255,0.13679245283018868,0.5285714285714286,0.3861470025808176,0.3979760784807807,0.08285714285714285,0.03773584905660377,0.025714285714285714,0.3942857142857143,14.102857142857143,0.009433962264150943,0.0,0.041123040522317675,0.11836634914903714,3.660377358490566,0.0,0.0,0.15,0.08018867924528301,0,0.14366385695775255,0.2801053625152321,1.6316985708846146,0.9138102921705304,0.0,0.8888888888888888,0.0,0.1,0.0,0.24571265871792375,0.05,0.08,0.03773584905660377,0.5,0.25
306,0.9843292389888613,0.48550060440558307,0.9268858094925239,0.49177403509211337,0.23380311223024616,0.4833109966631799,0.8537735849056604,0.4379303427260656,0.42860182540073255,0.13679245283018868,0.5171428571428571,0.3861470025808176,0.3979760784807807,0.08285714285714285,0.02830188679245283,0.017142857142857144,0.3942857142857143,14.097142857142858,0.009433962264150943,0.0,0.041123040522317675,0.11836634914903714,3.660377358490566,0.0,0.0,0.15,0.08018867924528301,0,0.14337097907655308,0.278704835702656,1.616207456609779,0.8955340863271198,0.0,1.0,0.0,0.1,0.0,0.24571265871792375,0.05,0.08,0.02830188679245283,0.5,0.25
307,0.9859784200950932,0.4857813626775835,0.9278847420482985,0.49167598124261935,0.23380311223024616,0.4834226966211128,0.8726415094339622,0.4379303427260656,0.42860182540073255,0.13679245283018868,0.5285714285714286,0.3861470025808176,0.3979760784807807,0.08285714285714285,0.04245283018867924,0.02857142857142857,0.3942857142857143,14.085714285714285,0.009433962264150943,0.0,0.041123040522317675,0.11836634914903714,3.660377358490566,0.0,0.0,0.15,0.08018867924528301,0,0.14299612489545602,0.2773113115241427,1.6124547360490125,0.8776234046005774,0.0,1.0,0.0,0.1,0.0,0.24571265871792375,0.05,0.08,0.04245283018867924,0.5,0.25
308,0.986242952971055,0.48644796307941923,0.9280449733903098,0.49219085627939957,0.23380311223024616,0.48350723278184093,0.8773584905660378,0.4379303427260656,0.42860182540073255,0.13679245283018868,0.5314285714285715,0.3861470025808176,0.3979760784807807,0.08285714285714285,0.03773584905660377,0.025714285714285714,0.3942857142857143,14.1,0.009433962264150943,0.0,0.041123040522317675,0.11836634914903714,3.660377358490566,0.0,0.0,0.15,0.08018867924528301,0,0.1425662878424073,0.27592475496652197,1.6059199270423177,0.8600709365085658,0.0,1.0,0.0,0.1,0.0,0.24571265871792375,0.05,0.08,0.03773584905660377,0.5,0.25
309,0.986738084966283,0.4863979971814099,0.9283448819131336,0.4919573614386692,0.23380311223024616,0.48367785982231537,0.8773584905660378,0.4379303427260656,0.42860182540073255,0.13679245283018868,0.5314285714285715,0.3861470025808176,0.3979760784807807,0.08285714285714285,0.05188679245283019,0.03142857142857143,0.3942857142857143,14.102857142857143,0.009433962264150943,0.0,0.041123040522317675,0.11836634914903714,3.660377358490566,0.0,0.0,0.15,0.08018867924528301,0,0.14219474924249884,0.2745451311916894,1.6052300999300428,0.8428695177783946,0.0,1.0,0.0,0.1,0.0,0.24571265871792375,0.05,0.08,0.05188679245283019,0.5,0.25
310,0.9877567219322382,0.4871433674723396,0.9289618848753695,0.49252649062406323,0.23380311223024616,0.483753419857591,0.8679245283018868,0.4379303427260656,0.42860182540073255,0.13679245283018868,0.5257142857142857,0.3861470025808176,0.3979760784807807,0.08285714285714285,0.03773584905660377,0.022857142857142857,0.3942857142857143,14.102857142857143,0.009433962264150943,0.0,0.041123040522317675,0.11836634914903714,3.660377358490566,0.0,0.0,0.15,0.08018867924528301,0,0.1420552040677149,0.2731724055357309,1.5959826407885846,0.8260121274228267,0.0,0.875,0.0,0.1,0.0,0.24571265871792375,0.05,0.08,0.03773584905660377,0.5,0.25
311,0.9879746202005936,0.4874094177389413,0.9290938689693445,0.49266631427301216,0.23380311223024616,0.4838566090257607,0.8773584905660378,0.4379303427260656,0.42860182540073255,0.13679245283018868,0.5314285714285715,0.3861470025808176,0.3979760784807807,0.08285714285714285,0.04245283018867924,0.03142857142857143,0.3942857142857143,14.134285714285713,0.009433962264150943,0.0,0.041123040522317675,0.11836634914903714,3.660377358490566,0.0,0.0,0.15,0.08018867924528301,0,0.1417999358866799,0.2718065435080523,1.5954915594013843,0.8094918848743701,0.0,1.0,0.0,0.1,0.0,0.24571265871792375,0.05,0.08,0.04245283018867924,0.5,0.25
312,0.9862540442360747,0.48785491122847136,0.9280516915279788,0.4931742571364347,0.23380311223024616,0.4840421065476691,0.8632075471698113,0.4379303427260656,0.42860182540073255,0.13679245283018868,0.5228571428571429,0.3861470025808176,0.3979760784807807,0.08285714285714285,0.04716981132075472,0.03428571428571429,0.3942857142857143,14.134285714285713,0.009433962264150943,0.0,0.041123040522317675,0.11836634914903714,3.660377358490566,0.0,0.0,0.15,0.08018867924528301,0,0.1413479362072465,0.270447510790512,1.5978674424990709,0.7933020471768827,0.0,1.0,0.0,0.1,0.0,0.24571265871792375,0.05,0.08,0.04716981132075472,0.5,0.25
313,0.9839764960066973,0.487796305751048,0.9266721480290419,0.4928102638188667,0.23380311223024616,0.4839863027494754,0.8443396226415094,0.4380246823487071,0.4286725801177137,0.13679245283018868,0.5114285714285715,0.3862041454379604,0.3980189356236378,0.08285714285714285,0.04245283018867924,0.02857142857142857,0.3942857142857143,14.131428571428572,0.009433962264150943,0.0,0.041123040522317675,0.11836634914903714,3.660377358490566,0.0,0.0,0.15,0.08018867924528301,0,0.14124119652621028,0.2690952732365594,1.594481522220518,0.7847167237347998,0.0,0.9,0.0,0.1,0.0,0.24571265871792375,0.05,0.08,0.04245283018867924,0.5,0.25
314,0.9842775693873441,0.487660968449526,0.9268545124767478,0.49217846262349446,0.23380311223024616,0.4838603114538363,0.8726415094339622,0.4380246823487071,0.4286725801177137,0.13679245283018868,0.5285714285714286,0.3862041454379604,0.3980189356236378,0.08285714285714285,0.05188679245283019,0.03142857142857143,0.3942857142857143,14.142857142857142,0.009433962264150943,0.0,0.041123040522317675,0.11836634914903714,3.660377358490566,0.0,0.0,0.15,0.08018867924528301,0,0.14087557620440058,0.2677497968703766,1.5940204632046788,0.7690223892601038,0.0,1.0,0.0,0.1,0.0,0.24571265871792375,0.05,0.08,0.05188679245283019,0.5,0.25
315,0.9860108091382614,0.4875276477736463,0.9279043605544464,0.4918192602241827,0.23380311223024616,0.48364263107731126,0.8679245283018868,0.43821336159399016,0.428814089551676,0.13679245283018868,0.5257142857142857,0.3863184311522462,0.3981046499093521,0.08285714285714285,0.04245283018867924,0.025714285714285714,0.3942857142857143,14.142857142857142,0.009433962264150943,0.0,0.041123040522317675,0.11836634914903714,3.660377358490566,0.0,0.0,0.15,0.08018867924528301,0,0.1408274868912357,0.2664110478860247,1.587854339654871,0.7606955562647848,0.0,0.8888888888888888,0.0,0.1,0.0,0.24571265871792375,0.05,0.08,0.04245283018867924,0.5,0.25
316,0.9835955255630927,0.4869191252469046,0.9264413887889155,0.4916388823179274,0.23380311223024616,0.4834005238929973,0.8632075471698113,0.43830770121663165,0.4288848442686571,0.13679245283018868,0.5228571428571429,0.386375574009389,0.3981475070522093,0.08285714285714285,0.0330188679245283,0.022857142857142857,0.3942857142857143,14.148571428571428,0.009433962264150943,0.0,0.041123040522317675,0.11836634914903714,3.660377358490566,0.0,0.0,0.15,0.08018867924528301,0,0.14117384114830775,0.26507899264659457,1.5789543957189165,0.8115535609234095,0.0,0.875,0.0,0.1,0.0,0.24571265871792375,0.05,0.08,0.0330188679245283,0.5,0.25
317,0.9837007806530492,0.4860549650433534,0.9265051433005463,0.4910194067846276,0.23380311223024616,0.48305961933943087,0.8679245283018868,0.43830770121663165,0.4288848442686571,0.13679245283018868,0.5257142857142857,0.386375574009389,0.3981475070522093,0.08285714285714285,0.05188679245283019,0.03142857142857143,0.3942857142857143,14.162857142857144,0.009433962264150943,0.0,0.041123040522317675,0.11836634914903714,3.660377358490566,0.0,0.0,0.15,0.08018867924528301,0,0.1408668319389948,0.2637535976833616,1.5788038792331096,0.7953224897049412,0.0,1.0,0.0,0.1,0.0,0.24571265871792375,0.05,0.08,0.05188679245283019,0.5,0.25
318,0.9834694750324657,0.4866042569488383,0.9263650381817928,0.4912038336382366,0.23380311223024616,0.4827036465501665,0.8443396226415094,0.43830770121663165,0.4288848442686571,0.13679245283018868,0.5114285714285715,0.386375574009389,0.3981475070522093,0.08285714285714285,0.0330188679245283,0.025714285714285714,0.3942857142857143,14.165714285714285,0.009433962264150943,0.0,0.041123040522317675,0.11836634914903714,3.660377358490566,0.0,0.0,0.15,0.08018867924528301,0,0.1404762127792998,0.26243482969494475,1.572942087362733,0.7794160399108425,0.0,1.0,0.0,0.1,0.0,0.24571265871792375,0.05,0.08,0.0330188679245283,0.5,0.25
319,0.983800943146378,0.4865466777326387,0.9265658131536483,0.4907901547607146,0.23380311223024616,0.48245903723837913,0.839622641509434,0.43830770121663165,0.4288848442686571,0.13679245283018868,0.5085714285714286,0.386375574009389,0.3981475070522093,0.08285714285714285,0.02830188679245283,0.02,0.3942857142857143,14.174285714285714,0.009433962264150943,0.0,0.041123040522317675,0.11836634914903714,3.660377358490566,0.0,0.0,0.15,0.08018867924528301,0,0.13997368885826045,0.2611226555464701,1.5614832456154786,0.7638277191126256,0.0,1.0,0.0,0.1,0.0,0.24571265871792375,0.05,0.08,0.02830188679245283,0.5,0.25
320,0.9822884642952336,0.48695186111874306,0.9256496831066696,0.491633679659266,0.23380311223024616,0.48232459041817705,0.8490566037735849,0.43830770121663165,0.4288848442686571,0.13679245283018868,0.5142857142857142,0.386375574009389,0.3981475070522093,0.08285714285714285,0.02358490566037736,0.014285714285714285,0.3942857142857143,14.177142857142858,0.009433962264150943,0.0,0.041123040522317675,0.11836634914903714,3.660377358490566,0.0,0.0,0.15,0.08018867924528301,0,0.13941653469968343,0.25981704226873775,1.544539294988883,0.748551164730373,0.0,1.0,0.0,0.1,0.0,0.24571265871792375,0.05,0.08,0.02358490566037736,0.5,0.25
321,0.980374268076986,0.4869349876802064,0.9244902271116167,0.4913518617753336,0.23380311223024616,0.4822334448959434,0.8490566037735849,0.43830770121663165,0.4288848442686571,0.13679245283018868,0.5142857142857142,0.386375574009389,0.3981475070522093,0.08285714285714285,0.04716981132075472,0.02857142857142857,0.3942857142857143,14.182857142857143,0.009433962264150943,0.0,0.041123040522317675,0.11836634914903714,3.660377358490566,0.0,0.0,0.15,0.08018867924528301,0,0.13911816916547073,0.25851795705739405,1.5422199376605341,0.7335801414357656,0.0,1.0,0.0,0.1,0.0,0.24571265871792375,0.05,0.08,0.04716981132075472,0.5,0.25
322,0.9794416639811862,0.488521739684408,0.9235142483969683,0.4923422353745327,0.23380311223024616,0.48234688454935926,0.8767772511848341,0.43871662526930816,0.4297044710929673,0.13744075829383887,0.5285714285714286,0.38643271686653186,0.39819036419506637,0.08285714285714285,0.052132701421800945,0.03142857142857143,0.39714285714285713,14.202857142857143,0.004739336492890996,0.002857142857142857,0.04125093874909573,0.11836634914903714,3.5829383886255926,0.0,0.0,0.15,0.08056872037914692,0,0.13924887401251837,0.25722536727210704,1.5428041103358947,0.7542114609414475,0.0,0.9090909090909091,0.0,0.1,0.0,0.24571265871792375,0.05,0.08,0.05188679245283019,0.5,0.25
323,0.9802926789439103,0.4888002191851632,0.924027288845925,0.4932692899644912,0.23380311223024616,0.4825617366311065,0.8483412322274881,0.43890619872902387,0.42984665118775406,0.13744075829383887,0.5114285714285715,0.3865470025808176,0.39827607848078067,0.08285714285714285,0.052132701421800945,0.03142857142857143,0.39714285714285713,14.2,0.004739336492890996,0.0,0.04125093874909573,0.11836634914903714,3.5829383886255926,0.0,0.0,0.15,0.08056872037914692,0,0.13923805821388438,0.2559392404357465,1.5433765995577486,0.7829322469908916,0.0,0.9090909090909091,0.0,0.1,0.0,0.24571265871792375,0.05,0.08,0.052132701421800945,0.5,0.25
324,0.9808361123120921,0.48953406842458025,0.9243549015336002,0.49397370612970265,0.23380311223024616,0.4827267135674358,0.8530805687203792,0.43890619872902387,0.42984665118775406,0.13744075829383887,0.5142857142857142,0.3865470025808176,0.39827607848078067,0.08285714285714285,0.04739336492890995,0.03142857142857143,0.39714285714285713,14.217142857142857,0.004739336492890996,0.0,0.04125093874909573,0.11836634914903714,3.5829383886255926,0.0,0.0,0.15,0.08056872037914692,0,0.13885558292281494,0.2546595442335678,1.5439376389951647,0.7672736020510738,0.0,1.0,0.0,0.1,0.0,0.24571265871792375,0.05,0.08,0.04739336492890995,0.5,0.25
325,0.9815120944847877,0.48961266502100476,0.9247624222148538,0.49387549845155354,0.23380311223024616,0.4828678862736991,0.8151658767772512,0.43890619872902387,0.42984665118775406,0.13744075829383887,0.49142857142857144,0.3865470025808176,0.39827607848078067,0.08285714285714285,0.04739336492890995,0.03142857142857143,0.39714285714285713,14.214285714285714,0.004739336492890996,0.0,0.04125093874909573,0.11836634914903714,3.5829383886255926,0.0,0.0,0.15,0.08056872037914692,0,0.1384465914367723,0.25338624651239994,1.5444874576438328,0.7519281300100522,0.0,1.0,0.0,0.1,0.0,0.24571265871792375,0.05,0.08,0.04739336492890995,0.5,0.25
326,0.9808302912914835,0.48925310832996605,0.9243513922897477,0.4934210673457282,0.23380311223024616,0.4828740336495085,0.8436018957345972,0.4390957721887395,0.4299888312825408,0.13744075829383887,0.5085714285714286,0.3866612882951033,0.39836179276649497,0.08285714285714285,0.06635071090047394,0.04,0.39714285714285713,14.228571428571428,0.004739336492890996,0.0,0.04125093874909573,0.11836634914903714,3.5829383886255926,0.0,0.0,0.15,0.08056872037914692,0,0.13852521633673132,0.2558043333930557,1.553597708490956,0.7715124174121066,0.0,0.9285714285714286,0.0,0.1,0.0,0.24571265871792375,0.05,0.08,0.06635071090047394,0.5,0.25
327,0.980596467949691,0.49002287107885967,0.9242104302179814,0.4939453122566042,0.23380311223024616,0.4828895060215008,0.8151658767772512,0.4390957721887395,0.4299888312825408,0.13744075829383887,0.49142857142857144,0.3866612882951033,0.39836179276649497,0.08285714285714285,0.04265402843601896,0.02857142857142857,0.39714285714285713,14.251428571428571,0.004739336492890996,0.0,0.04125093874909573,0.11836634914903714,3.5829383886255926,0.0,0.0,0.15,0.08056872037914692,0,0.13828464980729016,0.2545253117260904,1.5510971828925657,0.7560821690638645,0.0,1.0,0.0,0.1,0.0,0.24571265871792375,0.05,0.08,0.04265402843601896,0.5,0.25
328,0.9804909664223184,0.4897562948759355,0.9241468278686223,0.49356447812101595,0.23380311223024616,0.48291474580223637,0.8436018957345972,0.4392853456484551,0.4301310113773275,0.13744075829383887,0.5085714285714286,0.38677557400938906,0.39844750705220927,0.08285714285714285,0.05687203791469194,0.037142857142857144,0.39714285714285713,14.26,0.004739336492890996,0.0,0.04125093874909573,0.11836634914903714,3.5829383886255926,0.0,0.0,0.15,0.08056872037914692,0,0.1383069415582537,0.2532526851674599,1.557218096377571,0.7631372386415208,0.0,0.9230769230769231,0.0,0.1,0.0,0.24571265871792375,0.05,0.08,0.05687203791469194,0.5,0.25
329,0.9801265431230402,0.4896151342297985,0.9239271326796289,0.4930991851418247,0.23380311223024616,0.482947908642414,0.8151658767772512,0.4392853456484551,0.4301310113773275,0.13744075829383887,0.49142857142857144,0.38677557400938906,0.39844750705220927,0.08285714285714285,0.052132701421800945,0.03142857142857143,0.39714285714285713,14.268571428571429,0.004739336492890996,0.0,0.04125093874909573,0.11836634914903714,3.5829383886255926,0.0,0.0,0.15,0.08056872037914692,0,0.13830069327903385,0.2519864217416226,1.5575023058785915,0.7549903876749706,0.0,0.9090909090909091,0.0,0.1,0.0,0.24571265871792375,0.05,0.08,0.052132701421800945,0.5,0.25
330,0.9792759612254781,0.48904382038332883,0.9234143533070988,0.49272007503565274,0.23380311223024616,0.482949517708001,0.8862559241706162,0.43938013237831297,0.43020210142472093,0.13744075829383887,0.5342857142857143,0.3868327168665319,0.39849036419506645,0.08285714285714285,0.04265402843601896,0.025714285714285714,0.39714285714285713,14.288571428571428,0.009478672985781991,0.0,0.04125093874909573,0.11836634914903714,3.5829383886255926,0.0,0.0,0.15,0.08056872037914692,0,0.13815204695549585,0.2507264896329145,1.552066545475305,0.7521805220511497,0.0,0.8888888888888888,0.0,0.1,0.0,0.24571265871792375,0.05,0.08,0.04265402843601896,0.5,0.25
331,0.9781439682934475,0.4885804275446038,0.9227319232823603,0.4929256927632038,0.23380311223024616,0.4830532717746241,0.8672985781990521,0.43947491910817077,0.43027319147211424,0.13744075829383887,0.5228571428571429,0.38688985972367473,0.39853322133792357,0.08285714285714285,0.04265402843601896,0.03142857142857143,0.39714285714285713,14.314285714285715,0.009478672985781991,0.0,0.04125093874909573,0.11836634914903714,3.5829383886255926,0.0,0.0,0.15,0.08056872037914692,0,0.1384017217135755,0.24947285718474993,1.5524537859943706,0.744034082469674,0.0,0.9090909090909091,0.0,0.1,0.0,0.24571265871792375,0.05,0.08,0.04265402843601896,0.5,0.25
332,0.9813056541870846,0.48911505221986984,0.9244901868848855,0.4928826632645228,0.23380311223024616,0.4831518403429982,0.861904761904762,0.43983146217194924,0.43160780888296224,0.1380952380952381,0.5171428571428571,0.38688985972367473,0.39853322133792357,0.08285714285714285,0.0380952380952381,0.025714285714285714,0.4,14.322857142857142,0.009523809523809525,0.002857142857142857,0.04129564143140062,0.11836634914903714,3.5142857142857142,0.0,0.0,0.15,0.08095238095238096,0,0.13807957737288262,0.24822549289882617,1.5471189959887686,0.7291534008202805,0.0,1.0,0.0,0.1,0.0,0.24571265871792375,0.05,0.08,0.037914691943127965,0.5,0.25
333,0.980718906024917,0.4884231779386392,0.9241381379875849,0.4925349697148938,0.23380311223024616,0.483175908366834,0.8142857142857143,0.4402124145529015,0.4318935231686766,0.1380952380952381,0.48857142857142855,0.3871184311522462,0.3987046499093521,0.08285714285714285,0.03333333333333333,0.02,0.4,14.32,0.009523809523809525,0.0,0.04134398501068555,0.11836634914903714,3.5142857142857142,0.0,0.0,0.15,0.08095238095238096,0,0.13841760805744677,0.26672979751291315,1.5361766160689931,0.8082790492037143,0.0,0.7142857142857143,0.0,0.1,0.0,0.24571265871792375,0.05,0.08,0.03333333333333333,0.5,0.25
334,0.9810097014533986,0.4877868856817671,0.9243126152446739,0.4916892819051561,0.23380311223024616,0.4831515162394004,0.8523809523809524,0.4402124145529015,0.4318935231686766,0.1380952380952381,0.5114285714285715,0.3871184311522462,0.3987046499093521,0.08285714285714285,0.023809523809523808,0.017142857142857144,0.4,14.32857142857143,0.009523809523809525,0.0,0.04134398501068555,0.11836634914903714,3.5142857142857142,0.0,0.0,0.15,0.08095238095238096,0,0.13803894930287383,0.26539614852534854,1.5225959408904703,0.79211346821964,0.0,1.0,0.0,0.1,0.0,0.24571265871792375,0.05,0.08,0.023809523809523808,0.5,0.25
335,0.9815343833862042,0.487993270373767,0.9246274244043572,0.49194882320277217,0.23380311223024616,0.4830572526109218,0.8571428571428571,0.4402124145529015,0.4318935231686766,0.1380952380952381,0.5142857142857142,0.3871184311522462,0.3987046499093521,0.08285714285714285,0.0380952380952381,0.022857142857142857,0.4,14.325714285714286,0.009523809523809525,0.0,0.04134398501068555,0.11836634914903714,3.5142857142857142,0.0,0.0,0.15,0.08095238095238096,0,0.13763404027064519,0.26406916778272177,1.5150011649298039,0.7762711988552472,0.0,1.0,0.0,0.1,0.0,0.24571265871792375,0.05,0.08,0.0380952380952381,0.5,0.25
336,0.9796868687030412,0.4881673245903593,0.9235189155944593,0.4923645729022978,0.23380311223024616,0.48303553550833933,0.8380952380952381,0.4402124145529015,0.4318935231686766,0.1380952380952381,0.5028571428571429,0.3871184311522462,0.3987046499093521,0.08285714285714285,0.04285714285714286,0.02857142857142857,0.4,14.325714285714286,0.009523809523809525,0.0,0.04134398501068555,0.11836634914903714,3.5142857142857142,0.0,0.0,0.15,0.08095238095238096,0,0.13737132351609488,0.2627488219438082,1.5132725702026366,0.7607457748781422,0.0,1.0,0.0,0.1,0.0,0.24571265871792375,0.05,0.08,0.04285714285714286,0.5,0.25
337,0.9802304264332454,0.4884203785593378,0.923845050232582,0.49232413913345635,0.23380311223024616,0.4830290042656919,0.8238095238095238,0.44059336693385387,0.43217923745439085,0.1380952380952381,0.4942857142857143,0.38734700258081756,0.3988760784807807,0.08285714285714285,0.05238095238095238,0.03142857142857143,0.4,14.331428571428571,0.009523809523809525,0.0,0.04134398501068555,0.11836634914903714,3.5142857142857142,0.0,0.0,0.15,0.08095238095238096,0,0.13765589546994297,0.2677399720660145,1.514435690227155,0.7545020717410074,0.0,0.8181818181818182,0.0,0.1,0.0,0.24571265871792375,0.05,0.08,0.05238095238095238,0.5,0.25
338,0.9799820256885802,0.4878491502416227,0.9236960097857827,0.4915661330077435,0.23380311223024616,0.48313921848340674,0.861904761904762,0.4407838431243301,0.432322094597248,0.1380952380952381,0.5171428571428571,0.38746128829510323,0.398961792766495,0.08285714285714285,0.023809523809523808,0.017142857142857144,0.4,14.342857142857143,0.009523809523809525,0.0,0.04134398501068555,0.11836634914903714,3.5142857142857142,0.0,0.0,0.15,0.08095238095238096,0,0.1377930616498432,0.26640127220568444,1.501289833565469,0.7542114007268581,0.0,0.8333333333333334,0.0,0.1,0.0,0.24571265871792375,0.05,0.08,0.023809523809523808,0.5,0.25
339,0.9805715319468651,0.48826950748169956,0.9240497135407536,0.4918462446651075,0.23380311223024616,0.4832070234244857,0.8523809523809524,0.44097431931480635,0.43246495174010513,0.1380952380952381,0.5114285714285715,0.387575574009389,0.39904750705220926,0.08285714285714285,0.05238095238095238,0.03142857142857143,0.4,14.357142857142858,0.009523809523809525,0.0,0.04134398501068555,0.11836634914903714,3.5142857142857142,0.0,0.0,0.15,0.08095238095238096,0,0.13801638633802255,0.2876329885862319,1.5026926083227312,0.805287653919603,0.0,0.9090909090909091,0.0,0.1,0.0,0.24571265871792375,0.05,0.08,0.05238095238095238,0.5,0.25
340,0.981033286103978,0.48826683507753277,0.9243267660350216,0.4915501211667495,0.23380311223024616,0.48317535988853405,0.8476190476190476,0.44097431931480635,0.43246495174010513,0.1380952380952381,0.5085714285714286,0.387575574009389,0.39904750705220926,0.08285714285714285,0.0380952380952381,0.022857142857142857,0.4,14.371428571428572,0.014285714285714285,0.0,0.04134398501068555,0.11836634914903714,3.5142857142857142,0.0,0.0,0.15,0.08095238095238096,0,0.13749773297776102,0.28619482364330073,1.4954958990134193,0.789181900841211,0.0,1.0,0.0,0.1,0.0,0.24571265871792375,0.05,0.08,0.0380952380952381,0.5,0.25
341,0.9813692495198855,0.4869509763061649,0.9245283440845661,0.49058850729976466,0.23380311223024616,0.4831268914431476,0.7761904761904762,0.44097431931480635,0.43246495174010513,0.1380952380952381,0.4657142857142857,0.387575574009389,0.39904750705220926,0.08285714285714285,0.02857142857142857,0.017142857142857144,0.4,14.382857142857143,0.014285714285714285,0.0,0.04134398501068555,0.11836634914903714,3.5142857142857142,0.0,0.0,0.15,0.08095238095238096,0,0.13695310145572934,0.2847638495250842,1.4827288381760082,0.7733982628243867,0.0,1.0,0.0,0.1,0.0,0.24571265871792375,0.05,0.08,0.02857142857142857,0.5,0.25
342,0.9815243041044855,0.4870010464646257,0.9246213768353261,0.4900987800814135,0.23380311223024616,0.4829730494194474,0.8476190476190476,0.44097431931480635,0.43246495174010513,0.1380952380952381,0.5085714285714286,0.387575574009389,0.39904750705220926,0.08285714285714285,0.02857142857142857,0.017142857142857144,0.4,14.405714285714286,0.014285714285714285,0.0,0.04134398501068555,0.11836634914903714,3.5142857142857142,0.0,0.0,0.15,0.08095238095238096,0,0.13652419665916496,0.2833400302774588,1.4702171185553452,0.757930297567899,0.0,1.0,0.0,0.1,0.0,0.24571265871792375,0.05,0.08,0.02857142857142857,0.5,0.25
343,0.9809417617986258,0.48595050447204324,0.9242718514518102,0.4898968678423316,0.23380311223024616,0.4829521596410199,0.8714285714285714,0.44097431931480635,0.43246495174010513,0.1380952380952381,0.5228571428571429,0.387575574009389,0.39904750705220926,0.08285714285714285,0.0380952380952381,0.022857142857142857,0.4,14.4,0.014285714285714285,0.0,0.04134398501068555,0.11836634914903714,3.5142857142857142,0.0,0.0,0.15,0.08095238095238096,0,0.13612657639015488,0.2819233301260715,1.463669919041381,0.7427716916165409,0.0,1.0,0.0,0.1,0.0,0.24571265871792375,0.05,0.08,0.0380952380952381,0.5,0.25
344,0.9823537113689111,0.4852313740312896,0.9251190211939814,0.4891586950939182,0.23380311223024616,0.48287741170932225,0.8,0.44097431931480635,0.43246495174010513,0.1380952380952381,0.48,0.387575574009389,0.39904750705220926,0.08285714285714285,0.02857142857142857,0.017142857142857144,0.4,14.417142857142856,0.014285714285714285,0.0,0.04134398501068555,0.11836634914903714,3.5142857142857142,0.0,0.0,0.15,0.08095238095238096,0,0.13570095774045401,0.28051371347544113,1.4515393778034105,0.7279162577842101,0.0,1.0,0.0,0.1,0.0,0.24571265871792375,0.05,0.08,0.02857142857142857,0.5,0.25
345,0.9823005655034935,0.4852161664849547,0.9250871336747309,0.48863379343684044,0.23380311223024616,0.48263466427652324,0.8380952380952381,0.44097431931480635,0.43246495174010513,0.1380952380952381,0.5028571428571429,0.387575574009389,0.39904750705220926,0.08285714285714285,0.04285714285714286,0.02857142857142857,0.4,14.434285714285714,0.009523809523809525,0.0,0.04134398501068555,0.11836634914903714,3.5142857142857142,0.0,0.0,0.15,0.08095238095238096,0,0.13559018503757306,0.27911114490806394,1.4510800188187707,0.7133579326285259,0.0,1.0,0.0,0.1,0.0,0.24571265871792375,0.05,0.08,0.04285714285714286,0.5,0.25
346,0.9835723730183228,0.4855635479830949,0.9258502181836281,0.48850730362178396,0.23380311223024616,0.482517574520201,0.8142857142857143,0.44097431931480635,0.43246495174010513,0.1380952380952381,0.48857142857142855,0.387575574009389,0.39904750705220926,0.08285714285714285,0.04285714285714286,0.02857142857142857,0.4,14.448571428571428,0.014285714285714285,0.0,0.04134398501068555,0.11836634914903714,3.5142857142857142,0.0,0.0,0.15,0.08095238095238096,0,0.13516894911238522,0.2777155891835236,1.450629847013824,0.6990907739759553,0.0,1.0,0.0,0.1,0.0,0.24571265871792375,0.05,0.08,0.04285714285714286,0.5,0.25
347,0.9830300158982592,0.48650528077479593,0.9255248039115902,0.48906911766244904,0.23380311223024616,0.48242195584176,0.8142857142857143,0.44097431931480635,0.43246495174010513,0.1380952380952381,0.48857142857142855,0.387575574009389,0.39904750705220926,0.08285714285714285,0.03333333333333333,0.022857142857142857,0.4,14.448571428571428,0.009523809523809525,0.0,0.04134398501068555,0.11836634914903714,3.5142857142857142,0.0,0.0,0.15,0.08095238095238096,0,0.13494236391074646,0.276327011237606,1.4444743929306902,0.6851089584964363,0.0,1.0,0.0,0.1,0.0,0.24571265871792375,0.05,0.08,0.03333333333333333,0.5,0.25
348,0.9833865344422945,0.4871396794937762,0.9257387150380113,0.48933456266701975,0.23380311223024616,0.4823331013826731,0.8142857142857143,0.44097431931480635,0.43246495174010513,0.1380952380952381,0.48857142857142855,0.387575574009389,0.39904750705220926,0.08285714285714285,0.03333333333333333,0.02,0.4,14.46,0.014285714285714285,0.0,0.04134398501068555,0.11836634914903714,3.5142857142857142,0.0,0.0,0.15,0.08095238095238096,0,0.13455265280547846,0.274945376181418,1.4355849050720764,0.6714067793265075,0.0,1.0,0.0,0.1,0.0,0.24571265871792375,0.05,0.08,0.03333333333333333,0.5,0.25
349,0.9845707369016531,0.4858360028395972,0.9264492365136267,0.48858434275540513,0.23380311223024616,0.4823712383995969,0.8142857142857143,0.44097431931480635,0.43246495174010513,0.1380952380952381,0.48857142857142855,0.387575574009389,0.39904750705220926,0.08285714285714285,0.047619047619047616,0.03142857142857143,0.4,14.474285714285715,0.014285714285714285,0.0,0.04134398501068555,0.11836634914903714,3.5142857142857142,0.0,0.0,0.15,0.08095238095238096,0,0.13430675380932605,0.2735706493005109,1.4383017783992063,0.6579786437399774,0.0,1.0,0.0,0.1,0.0,0.24571265871792375,0.05,0.08,0.047619047619047616,0.5,0.25
350,0.9834849808425223,0.48518012849546704,0.925797782878148,0.48834169473819383,0.23380311223024616,0.48221296366264554,0.8666666666666667,0.4411647955052825,0.4326078088829623,0.1380952380952381,0.52,0.3876898597236748,0.39913322133792356,0.08285714285714285,0.04285714285714286,0.02857142857142857,0.4,14.482857142857142,0.014285714285714285,0.0,0.04134398501068555,0.11836634914903714,3.5142857142857142,0.0,0.0,0.15,0.08095238095238096,0,0.134433511461708,0.2722027960540084,1.4381071714026508,0.6639540043802005,0.0,0.9,0.0,0.1,0.0,0.24571265871792375,0.05,0.08,0.04285714285714286,0.5,0.25
351,0.9833824289838842,0.4853457756254897,0.9257244205047023,0.48780636954922435,0.23380311223024616,0.4821042870156802,0.8229665071770335,0.43899897963404344,0.4318342800956272,0.1339712918660287,0.49142857142857144,0.3877470025808176,0.3991760784807807,0.08285714285714285,0.05741626794258373,0.04,0.40285714285714286,14.5,0.009569377990430622,0.002857142857142857,0.04143260093663994,0.11836634914903713,3.416267942583732,0.0,0.0,0.15,0.08133971291866028,0,0.13456077247582804,0.2708417820737383,1.4493450279745979,0.6593381786198461,0.0,0.9285714285714286,0.0,0.1,0.0,0.24571265871792375,0.05,0.08,0.06190476190476191,0.5,0.25
352,0.9833647339706263,0.48619022235789117,0.9257138540539284,0.48773749608960565,0.23380311223024616,0.48210655805989905,0.8133971291866029,0.43899897963404344,0.4318342800956272,0.1339712918660287,0.4857142857142857,0.3877470025808176,0.3991760784807807,0.08285714285714285,0.028708133971291867,0.017142857142857144,0.40285714285714286,14.497142857142856,0.009569377990430622,0.0,0.04149437704389945,0.11836634914903713,3.416267942583732,0.0,0.0,0.15,0.08133971291866028,0,0.13408768289916317,0.26948757316336963,1.4375009845579627,0.6461514150474492,0.0,1.0,0.0,0.1,0.0,0.24571265871792375,0.05,0.08,0.028708133971291867,0.5,0.25
353,0.9828254770187258,0.4857465571001429,0.9253918406169361,0.48749247132069806,0.23380311223024616,0.4822576111704669,0.8373205741626795,0.4390946734139477,0.4319060504305554,0.1339712918660287,0.5,0.3878041454379605,0.39921893562363786,0.08285714285714285,0.0430622009569378,0.025714285714285714,0.40285714285714286,14.505714285714285,0.009569377990430622,0.0,0.04149437704389945,0.11836634914903713,3.416267942583732,0.0,0.0,0.15,0.08133971291866028,0,0.1340171016275245,0.27808261873767826,1.4344652505810893,0.6332283867465003,0.0,0.8888888888888888,0.0,0.1,0.0,0.24571265871792375,0.05,0.08,0.0430622009569378,0.5,0.25
354,0.9832664844518858,0.48502231772102217,0.9256551850555947,0.4865266916448362,0.23380311223024616,0.4824672030337532,0.8086124401913876,0.4392860609737564,0.43204959110041186,0.1339712918660287,0.4828571428571429,0.38791843115224617,0.39930464990935216,0.08285714285714285,0.0430622009569378,0.025714285714285714,0.40285714285714286,14.502857142857144,0.009569377990430622,0.0,0.04149437704389945,0.11836634914903713,3.416267942583732,0.0,0.0,0.15,0.08133971291866028,0,0.13403187469081546,0.2766922056439899,1.4314902312837532,0.6343630677031117,0.0,0.8888888888888888,0.0,0.1,0.0,0.24571265871792375,0.05,0.08,0.0430622009569378,0.5,0.25
355,0.9826374654508929,0.48494892424078695,0.9252795708521447,0.48659274737967484,0.23380311223024616,0.4826694029646906,0.8133971291866029,0.4393817547536606,0.43212136143534013,0.1339712918660287,0.4857142857142857,0.387975574009389,0.3993475070522092,0.08285714285714285,0.05263157894736842,0.037142857142857144,0.40285714285714286,14.517142857142858,0.009569377990430622,0.0,0.04149437704389945,0.11836634914903713,3.416267942583732,0.0,0.0,0.15,0.08133971291866028,0,0.1341888617423614,0.27530874461576993,1.4400032838009353,0.6363099512391368,0.0,0.9230769230769231,0.0,0.1,0.0,0.24571265871792375,0.05,0.08,0.05263157894736842,0.5,0.25
356,0.9822389672833696,0.48428210591796617,0.9250416105178234,0.4861580930970262,0.23380311223024616,0.48276388739330883,0.8133971291866029,0.43966883609337354,0.43233667244012475,0.1339712918660287,0.4857142857142857,0.3881470025808176,0.3994760784807807,0.08285714285714285,0.04784688995215311,0.03142857142857143,0.40285714285714286,14.522857142857143,0.014354066985645933,0.0,0.04149437704389945,0.11836634914903713,3.416267942583732,0.0,0.0,0.15,0.08133971291866028,0,0.13463177529079243,0.2765499921391263,1.4426317895534881,0.6327537232113943,0.0,0.8181818181818182,0.0,0.1,0.0,0.24571265871792375,0.05,0.08,0.04784688995215311,0.5,0.25
357,0.9805700902450164,0.48274026617664,0.9240450525149212,0.4844153697942218,0.23380311223024616,0.482825793347585,0.84688995215311,0.43976452987327785,0.432408442775053,0.1339712918660287,0.5057142857142857,0.38820414543796056,0.3995189356236378,0.08285714285714285,0.028708133971291867,0.017142857142857144,0.40285714285714286,14.517142857142858,0.014354066985645933,0.0,0.04149437704389945,0.11836634914903713,3.416267942583732,0.0,0.0,0.15,0.08133971291866028,0,0.13467063064658838,0.2751672421784307,1.4309220109052752,0.6341119435029839,0.0,0.8333333333333334,0.0,0.1,0.0,0.24571265871792375,0.05,0.08,0.028708133971291867,0.5,0.25
358,0.9807725972779487,0.48342844529746215,0.9241659781431579,0.4851902734001706,0.23380311223024616,0.4827272776935821,0.8373205741626795,0.4398602236531822,0.4324802131099812,0.1339712918660287,0.5,0.38826128829510337,0.399561792766495,0.08285714285714285,0.03349282296650718,0.02,0.40285714285714286,14.525714285714285,0.014354066985645933,0.0,0.04149437704389945,0.11836634914903713,3.416267942583732,0.0,0.0,0.15,0.08133971291866028,0,0.1346537067790697,0.2764827115399767,1.4223035706871698,0.6454654329162595,0.0,0.8571428571428571,0.0,0.1,0.0,0.24571265871792375,0.05,0.08,0.03349282296650718,0.5,0.25
359,0.9806605926893212,0.4828210720190979,0.9240990954030918,0.48466927287685346,0.23380311223024616,0.482658992840416,0.8133971291866029,0.43995591743308654,0.4325519834449095,0.1339712918660287,0.4857142857142857,0.3883184311522461,0.3996046499093521,0.08285714285714285,0.05263157894736842,0.037142857142857144,0.40285714285714286,14.517142857142858,0.009569377990430622,0.0,0.04149437704389945,0.11836634914903713,3.416267942583732,0.0,0.0,0.15,0.08133971291866028,0,0.13475086824517438,0.2751002979822768,1.4310003564162834,0.6595346620922773,0.0,0.9230769230769231,0.0,0.1,0.0,0.24571265871792375,0.05,0.08,0.05263157894736842,0.5,0.25
360,0.9815461565984608,0.48163303885859216,0.9246279035659779,0.48358260224512917,0.23380311223024616,0.48246714249714745,0.8660287081339713,0.43995591743308654,0.4325519834449095,0.1339712918660287,0.5171428571428571,0.3883184311522461,0.3996046499093521,0.08285714285714285,0.03349282296650718,0.02,0.40285714285714286,14.508571428571429,0.009569377990430622,0.0,0.04149437704389945,0.11836634914903713,3.416267942583732,0.0,0.0,0.15,0.08133971291866028,0,0.13427668604680562,0.2737247964923654,1.4223803492879576,0.6463439688504317,0.0,1.0,0.0,0.1,0.0,0.24571265871792375,0.05,0.08,0.03349282296650718,0.5,0.25
361,0.9801168651337131,0.48131309805559336,0.9237744123770286,0.48396700252179237,0.23380311223024616,0.4822943224305421,0.8708133971291866,0.43995591743308654,0.4325519834449095,0.1339712918660287,0.52,0.3883184311522461,0.3996046499093521,0.08285714285714285,0.019138755980861243,0.011428571428571429,0.40285714285714286,14.505714285714285,0.009569377990430622,0.0,0.04149437704389945,0.11836634914903713,3.416267942583732,0.0,0.0,0.15,0.08133971291866028,0,0.13423287689871444,0.2723561725099036,1.4053613137307701,0.633417089473423,0.0,0.75,0.0,0.1,0.0,0.24571265871792375,0.05,0.08,0.019138755980861243,0.5,0.25
362,0.9787243799472319,0.4827369183976055,0.922942899794244,0.4848576518274199,0.23380311223024616,0.4821225417002303,0.8181818181818182,0.4400516112129908,0.43262375377983764,0.1339712918660287,0.48857142857142855,0.38837557400938905,0.3996475070522092,0.08285714285714285,0.03827751196172249,0.025714285714285714,0.40285714285714286,14.514285714285714,0.009569377990430622,0.0,0.04149437704389945,0.11836634914903713,3.416267942583732,0.0,0.0,0.15,0.08133971291866028,0,0.13464657108564945,0.28323907902647183,1.4029683731704403,0.6682386333209586,0.0,0.8888888888888888,0.0,0.1,0.0,0.24571265871792375,0.05,0.08,0.03827751196172249,0.5,0.25
363,0.9786286205825154,0.4827980003469248,0.9228857177735992,0.48486910114040516,0.23380311223024616,0.48185000805873046,0.8325358851674641,0.4402429987727994,0.43276729444969414,0.1339712918660287,0.49714285714285716,0.3884898597236747,0.3997332213379236,0.08285714285714285,0.05741626794258373,0.03428571428571429,0.40285714285714286,14.517142857142858,0.009569377990430622,0.0,0.04149437704389945,0.11836634914903713,3.416267942583732,0.0,0.0,0.15,0.08133971291866028,0,0.13568576965879264,0.2867252567896242,1.4091947199927457,0.6829639249421352,0.0,0.9166666666666666,0.0,0.1,0.0,0.24571265871792375,0.05,0.08,0.05741626794258373,0.5,0.25
364,0.9780690262162461,0.48339890825663834,0.9225515599948841,0.4855389870422988,0.23380311223024616,0.48169515670281987,0.8516746411483254,0.44043438633260795,0.4329108351195506,0.13875598086124402,0.5085714285714286,0.3886041454379605,0.3998189356236378,0.08571428571428572,0.0430622009569378,0.03142857142857143,0.40285714285714286,14.522857142857143,0.009569377990430622,0.0,0.04149437704389945,0.11836634914903713,3.416267942583732,0.0,0.0,0.15,0.08133971291866028,0,0.1368029519900676,0.31033390425032653,1.4124393970214624,0.7064878435670872,0.0,0.9090909090909091,0.0,0.1,0.0,0.24571265871792375,0.05,0.08,0.0430622009569378,0.5,0.25
365,0.9791678580182932,0.48419255423005103,0.9230445290766344,0.4860941806712385,0.23380311223024616,0.48148733010953565,0.8653846153846154,0.4415881371718763,0.4343286907605044,0.13942307692307693,0.5142857142857142,0.3886041454379605,0.3998189356236378,0.08571428571428572,0.03365384615384615,0.025714285714285714,0.4057142857142857,14.528571428571428,0.009615384615384616,0.002857142857142857,0.041514551187303954,0.11836634914903714,3.4134615384615383,0.0,0.0,0.15,0.08173076923076923,0,0.1367187943729744,0.3087822347290749,1.4099048947953188,0.6923580866957455,0.0,1.0,0.0,0.1,0.0,0.24571265871792375,0.05,0.08,0.03827751196172249,0.5,0.25
366,0.9798444744622699,0.4839605610311782,0.9234466325633405,0.4859025068716304,0.23380311223024616,0.48132964492072855,0.8269230769230769,0.4415881371718763,0.4343286907605044,0.13942307692307693,0.49142857142857144,0.3886041454379605,0.3998189356236378,0.08571428571428572,0.052884615384615384,0.03428571428571429,0.4057142857142857,14.52,0.009615384615384616,0.0,0.041514551187303954,0.11836634914903714,3.4134615384615383,0.0,0.0,0.15,0.08173076923076923,0,0.13685588206481888,0.3072383235554295,1.4159925111851264,0.6785109249618305,0.0,1.0,0.0,0.1,0.0,0.24571265871792375,0.05,0.08,0.052884615384615384,0.5,0.25
367,0.9800521426231911,0.48476446491533426,0.923570046784688,0.4859319391020891,0.23380311223024616,0.48125592117251426,0.7932692307692307,0.44178044486418394,0.4344729215297351,0.13942307692307693,0.4714285714285714,0.3887184311522462,0.3999046499093521,0.08571428571428572,0.04326923076923077,0.02857142857142857,0.4057142857142857,14.528571428571428,0.009615384615384616,0.0,0.041514551187303954,0.11836634914903714,3.4134615384615383,0.0,0.0,0.15,0.08173076923076923,0,0.13685631979378052,0.3057021319376524,1.4162440895328525,0.7146494280998159,0.0,0.9,0.0,0.1,0.0,0.24571265871792375,0.05,0.08,0.04326923076923077,0.5,0.25
368,0.9795295636731994,0.48534050520617456,0.9232594855801215,0.4866161073421251,0.23380311223024616,0.4813151632347936,0.8076923076923077,0.44178044486418394,0.4344729215297351,0.13942307692307693,0.48,0.3887184311522462,0.3999046499093521,0.08571428571428572,0.04326923076923077,0.025714285714285714,0.4057142857142857,14.548571428571428,0.009615384615384616,0.0,0.041514551187303954,0.11836634914903714,3.4134615384615383,0.0,0.0,0.15,0.08173076923076923,0,0.13642875248052588,0.3041736212779641,1.4136334934564811,0.7003564395378196,0.0,1.0,0.0,0.1,0.0,0.24571265871792375,0.05,0.08,0.04326923076923077,0.5,0.25
369,0.9804243231821813,0.484399429283397,0.923840748930091,0.4859016334856095,0.23380311223024616,0.4814791953753263,0.8502415458937198,0.44244719373103597,0.43491008287308935,0.14009661835748793,0.5028571428571429,0.3887184311522462,0.3999046499093521,0.08571428571428572,0.06280193236714976,0.04,0.4085714285714286,14.56,0.004830917874396135,0.002857142857142857,0.04152127111571794,0.11836634914903711,3.4009661835748792,0.0,0.0,0.15,0.0821256038647343,0,0.1361449015574268,0.30265275317157425,1.4253608235873514,0.6863493107470632,0.0,1.0,0.0,0.1,0.0,0.24571265871792375,0.05,0.08,0.0625,0.5,0.25
370,0.9810306757391427,0.4828443887989165,0.9241993631566368,0.48505092649873155,0.23380311223024616,0.4815437151784123,0.8502415458937198,0.44244719373103597,0.43491008287308935,0.14009661835748793,0.5028571428571429,0.3887184311522462,0.3999046499093521,0.08571428571428572,0.043478260869565216,0.025714285714285714,0.4085714285714286,14.571428571428571,0.004830917874396135,0.0,0.041539264527955,0.11836634914903711,3.4009661835748792,0.0,0.0,0.15,0.0821256038647343,0,0.13560703419249684,0.3011394894057164,1.4225678928298902,0.6726223245321219,0.0,1.0,0.0,0.1,0.0,0.24571265871792375,0.05,0.08,0.043478260869565216,0.5,0.25
371,0.9813113025342827,0.4824723394724842,0.9243653338611911,0.48502500081719585,0.23380311223024616,0.4815446163014397,0.7922705314009661,0.44244719373103597,0.43491008287308935,0.14009661835748793,0.4685714285714286,0.3887184311522462,0.3999046499093521,0.08571428571428572,0.043478260869565216,0.03142857142857143,0.4085714285714286,14.58,0.004830917874396135,0.0,0.041539264527955,0.11836634914903711,3.4009661835748792,0.0,0.0,0.15,0.0821256038647343,0,0.13535572043226649,0.29963379195868783,1.4255451064018636,0.6591698780414794,0.0,1.0,0.0,0.1,0.0,0.24571265871792375,0.05,0.08,0.043478260869565216,0.5,0.25
372,0.9811033268397013,0.48131036076697536,0.9242423310932528,0.4846309303815912,0.23380311223024616,0.48162843494817964,0.821256038647343,0.4425438120885239,0.43498254664120534,0.14009661835748793,0.4857142857142857,0.38877557400938906,0.3999475070522093,0.08571428571428572,0.043478260869565216,0.02857142857142857,0.4085714285714286,14.582857142857144,0.004830917874396135,0.0,0.041539264527955,0.11836634914903711,3.4009661835748792,0.0,0.0,0.15,0.0821256038647343,0,0.1353922303979623,0.2981356229988944,1.425605632845255,0.6900957619630075,0.0,0.9,0.0,0.1,0.0,0.24571265871792375,0.05,0.08,0.043478260869565216,0.5,0.25
373,0.980704328552319,0.4813434862105549,0.924006352106144,0.4845316139488615,0.23380311223024616,0.481767816348064,0.8647342995169082,0.4425438120885239,0.43498254664120534,0.14009661835748793,0.5114285714285715,0.38877557400938906,0.3999475070522093,0.08571428571428572,0.043478260869565216,0.025714285714285714,0.4085714285714286,14.6,0.004830917874396135,0.0,0.041539264527955,0.11836634914903711,3.4009661835748792,0.0,0.0,0.15,0.0821256038647343,0,0.13508357983563257,0.29664494488389986,1.4228078059026357,0.6762938467237473,0.0,1.0,0.0,0.1,0.0,0.24571265871792375,0.05,0.08,0.043478260869565216,0.5,0.25
374,0.9806398754072968,0.4825329311707464,0.9239682326746593,0.48489829760855124,0.23380311223024616,0.48198302712674657,0.8405797101449275,0.44273704880349973,0.43512747417743725,0.14009661835748793,0.49714285714285716,0.3888898597236748,0.40003322133792346,0.08571428571428572,0.06280193236714976,0.04,0.4085714285714286,14.617142857142857,0.004830917874396135,0.0,0.041539264527955,0.11836634914903711,3.4009661835748792,0.0,0.0,0.15,0.0821256038647343,0,0.13520716336502586,0.2951617201594804,1.434351649784583,0.6627679697892722,0.0,0.9285714285714286,0.0,0.1,0.0,0.24571265871792375,0.05,0.08,0.06280193236714976,0.5,0.25
375,0.9792172412604373,0.4839018300693026,0.9231268461935169,0.48606387119314604,0.23380311223024616,0.4821647503066105,0.8792270531400966,0.44273704880349973,0.43512747417743725,0.14009661835748793,0.52,0.3888898597236748,0.40003322133792346,0.08571428571428572,0.033816425120772944,0.02,0.4085714285714286,14.62,0.004830917874396135,0.0,0.041539264527955,0.11836634914903711,3.4009661835748792,0.0,0.0,0.15,0.0821256038647343,0,0.13475884468748642,0.29368591155868295,1.4256646167888911,0.6495126103934867,0.0,1.0,0.0,0.1,0.0,0.24571265871792375,0.05,0.08,0.033816425120772944,0.5,0.25
376,0.9793634037912606,0.48399896240614154,0.9232132908903181,0.4863909449825869,0.23380311223024616,0.4823579168430647,0.8888888888888888,0.44273704880349973,0.43512747417743725,0.14009661835748793,0.5257142857142857,0.3888898597236748,0.40003322133792346,0.08571428571428572,0.05314009661835749,0.03142857142857143,0.4085714285714286,14.634285714285713,0.00966183574879227,0.0,0.041539264527955,0.11836634914903711,3.4009661835748792,0.0,0.0,0.15,0.0821256038647343,0,0.13448376760333472,0.29221748200088954,1.4285798958816849,0.6365223581856171,0.0,1.0,0.0,0.1,0.0,0.24571265871792375,0.05,0.08,0.05314009661835749,0.5,0.25
377,0.9811315437847872,0.4844496501786503,0.9242590194007752,0.48664180096686455,0.23380311223024616,0.4825485193319324,0.8309178743961353,0.44273704880349973,0.43512747417743725,0.14009661835748793,0.49142857142857144,0.3888898597236748,0.40003322133792346,0.08571428571428572,0.057971014492753624,0.037142857142857144,0.4085714285714286,14.642857142857142,0.00966183574879227,0.0,0.041539264527955,0.11836634914903711,3.4009661835748792,0.0,0.0,0.15,0.0821256038647343,0,0.13421006661888948,0.2907563945908851,1.437151155106908,0.6237919110219047,0.0,1.0,0.0,0.1,0.0,0.24571265871792375,0.05,0.08,0.057971014492753624,0.5,0.25
378,0.9820073966372167,0.48559142595688165,0.924777023802069,0.4881526916077747,0.23380311223024616,0.48280444865532246,0.8164251207729468,0.44283366716098765,0.4351999379455531,0.14009661835748793,0.4828571428571429,0.38894700258081766,0.40007607848078064,0.08571428571428572,0.03864734299516908,0.022857142857142857,0.4085714285714286,14.651428571428571,0.00966183574879227,0.0,0.041539264527955,0.11836634914903711,3.4009661835748792,0.0,0.0,0.15,0.0821256038647343,0,0.1341104448572236,0.29445093732040595,1.4312652748619128,0.6113160728014665,0.0,0.875,0.0,0.1,0.0,0.24571265871792375,0.05,0.08,0.03864734299516908,0.5,0.25
379,0.9812662589254783,0.4859602286483612,0.9243386937839838,0.48864715608171855,0.23380311223024616,0.4829883060615169,0.855072463768116,0.44283366716098765,0.4351999379455531,0.14009661835748793,0.5057142857142857,0.38894700258081766,0.40007607848078064,0.08571428571428572,0.024154589371980676,0.017142857142857144,0.4085714285714286,14.642857142857142,0.00966183574879227,0.0,0.041539264527955,0.11836634914903711,3.4009661835748792,0.0,0.0,0.15,0.0821256038647343,0,0.1337244669150803,0.2929786826338039,1.4197828265075318,0.5990897513454372,0.0,1.0,0.0,0.1,0.0,0.24571265871792375,0.05,0.08,0.024154589371980676,0.5,0.25
380,0.9820496877195125,0.4865814450342525,0.9248020359564555,0.4887930990146744,0.23380311223024616,0.48308601953365904,0.8599033816425121,0.4429302855184756,0.4352724017136691,0.14009661835748793,0.5085714285714286,0.38900414543796047,0.4001189356236379,0.08571428571428572,0.028985507246376812,0.017142857142857144,0.4085714285714286,14.645714285714286,0.00966183574879227,0.0,0.041539264527955,0.11836634914903711,3.4009661835748792,0.0,0.0,0.15,0.0821256038647343,0,0.13365527386621923,0.29151378922063487,1.4085300271202383,0.5934155747312501,0.0,0.8333333333333334,0.0,0.1,0.0,0.24571265871792375,0.05,0.08,0.028985507246376812,0.5,0.25
381,0.983415099537539,0.486031900886111,0.9256095795174025,0.4886903414853005,0.23380311223024616,0.48320424489312996,0.7971014492753623,0.4429302855184756,0.4352724017136691,0.14009661835748793,0.4714285714285714,0.38900414543796047,0.4001189356236379,0.08571428571428572,0.057971014492753624,0.03428571428571429,0.4085714285714286,14.651428571428571,0.00966183574879227,0.0,0.041539264527955,0.11836634914903711,3.4009661835748792,0.0,0.0,0.15,0.0821256038647343,0,0.1334417203361917,0.29005622027453165,1.4146451408635476,0.5815472632366251,0.0,1.0,0.0,0.1,0.0,0.24571265871792375,0.05,0.08,0.057971014492753624,0.5,0.25
382,0.9837504375215679,0.4856938496211148,0.9258079079822426,0.4882988868919705,0.23380311223024616,0.48328989345155743,0.855072463768116,0.4429302855184756,0.4352724017136691,0.14009661835748793,0.5057142857142857,0.38900414543796047,0.4001189356236379,0.08571428571428572,0.04830917874396135,0.02857142857142857,0.4085714285714286,14.637142857142857,0.00966183574879227,0.0,0.041539264527955,0.11836634914903711,3.4009661835748792,0.0,0.0,0.15,0.0821256038647343,0,0.1331155195738143,0.288605939173159,1.4149236666177052,0.5699163179718926,0.0,1.0,0.0,0.1,0.0,0.24571265871792375,0.05,0.08,0.04830917874396135,0.5,0.25
383,0.9838143344728448,0.486636123766265,0.925845698464855,0.48943616755747177,0.23380311223024616,0.4833073136761386,0.8357487922705314,0.4429302855184756,0.4352724017136691,0.14009661835748793,0.4942857142857143,0.38900414543796047,0.4001189356236379,0.08571428571428572,0.03864734299516908,0.022857142857142857,0.4085714285714286,14.628571428571428,0.00966183574879227,0.0,0.041539264527955,0.11836634914903711,3.4009661835748792,0.0,0.0,0.15,0.0821256038647343,0,0.13264979911880237,0.2871629094772932,1.4094823361424942,0.5585179916124547,0.0,1.0,0.0,0.1,0.0,0.24571265871792375,0.05,0.08,0.03864734299516908,0.5,0.25
384,0.9832889277203473,0.4860388062009366,0.9255349578998063,0.48931458798343946,0.23380311223024616,0.48352244056669885,0.8019323671497585,0.44302690387596355,0.43534486548178497,0.14009661835748793,0.4742857142857143,0.38906128829510334,0.40016179276649494,0.08571428571428572,0.03864734299516908,0.022857142857142857,0.4085714285714286,14.642857142857142,0.00966183574879227,0.0,0.041539264527955,0.11836634914903711,3.4009661835748792,0.0,0.0,0.15,0.0821256038647343,0,0.1326992715339405,0.2980099606420965,1.404149832276787,0.5519555579202569,0.0,0.875,0.0,0.1,0.0,0.24571265871792375,0.05,0.08,0.03864734299516908,0.5,0.25
385,0.983066941356101,0.4865811095609137,0.9254036688215235,0.4899341782589837,0.23380311223024616,0.48365809955434685,0.8357487922705314,0.4431235222334514,0.435417329249901,0.14009661835748793,0.4942857142857143,0.38911843115224626,0.40020464990935206,0.08571428571428572,0.057971014492753624,0.037142857142857144,0.4085714285714286,14.665714285714285,0.00966183574879227,0.0,0.041539264527955,0.11836634914903711,3.4009661835748792,0.0,0.0,0.15,0.0821256038647343,0,0.13280606374412796,0.296519910838886,1.4132096927741082,0.551063413244542,0.0,0.9230769230769231,0.0,0.1,0.0,0.24571265871792375,0.05,0.08,0.057971014492753624,0.5,0.25
386,0.9838161609195472,0.4875601985202648,0.9258467786776188,0.4905006677955827,0.23380311223024616,0.48393404930805406,0.7971014492753623,0.44341337730591524,0.4356347205542488,0.14009661835748793,0.4714285714285714,0.38928985972367475,0.40033322133792354,0.08571428571428572,0.05314009661835749,0.03428571428571429,0.4085714285714286,14.668571428571429,0.00966183574879227,0.0,0.041539264527955,0.11836634914903711,3.4009661835748792,0.0,0.0,0.15,0.0821256038647343,0,0.13342575555042518,0.2950373112846916,1.4192312132043403,0.5509268773509699,0.0,0.8333333333333334,0.0,0.1,0.0,0.24571265871792375,0.05,0.08,0.05314009661835749,0.5,0.25
387,0.9845619649402976,0.4871560307177455,0.9262878684841769,0.49056237687080156,0.23380311223024616,0.4842848464984534,0.8260869565217391,0.44341337730591524,0.4356347205542488,0.14009661835748793,0.48857142857142855,0.38928985972367475,0.40033322133792354,0.08571428571428572,0.05314009661835749,0.03142857142857143,0.4085714285714286,14.674285714285714,0.00966183574879227,0.0,0.041539264527955,0.11836634914903711,3.4009661835748792,0.0,0.0,0.15,0.0821256038647343,0,0.1330154839155302,0.2935621247282681,1.4222751603688253,0.5399083398039505,0.0,1.0,0.0,0.1,0.0,0.24571265871792375,0.05,0.08,0.05314009661835749,0.5,0.25
388,0.9842801125014949,0.48819473031691835,0.9261211728989422,0.491044725741363,0.23380311223024616,0.484488892445038,0.8405797101449275,0.44341337730591524,0.4356347205542488,0.14009661835748793,0.49714285714285716,0.38928985972367475,0.40033322133792354,0.08571428571428572,0.05314009661835749,0.03428571428571429,0.4085714285714286,14.685714285714285,0.00966183574879227,0.0,0.041539264527955,0.11836634914903711,3.4009661835748792,0.0,0.0,0.15,0.0821256038647343,0,0.13280232319105217,0.2920943141046268,1.4281153714471628,0.5291101730078714,0.0,1.0,0.0,0.1,0.0,0.24571265871792375,0.05,0.08,0.05314009661835749,0.5,0.25
389,0.9828965162160239,0.4884564517001693,0.9252014983429367,0.4913285940332156,0.23380311223024616,0.484612453348422,0.8932038834951457,0.4434194513680959,0.43755349087949635,0.1407766990291262,0.5257142857142857,0.38928985972367475,0.40033322133792354,0.08571428571428572,0.04854368932038835,0.03142857142857143,0.4114285714285714,14.691428571428572,0.0048543689320388345,0.002857142857142857,0.0415542925032776,0.11836634914903713,3.3883495145631066,0.0,0.0,0.15,0.0825242718446602,0,0.13245202657509692,0.2906338425341036,1.4309816354467908,0.518527969547714,0.0,1.0,0.0,0.1,0.0,0.24571265871792375,0.05,0.08,0.04830917874396135,0.5,0.25
390,0.9828259251194515,0.48938223176539397,0.9251599504403828,0.49194303586522,0.23380311223024616,0.4846291923190751,0.8398058252427184,0.4434194513680959,0.43755349087949635,0.1407766990291262,0.4942857142857143,0.38928985972367475,0.40033322133792354,0.08571428571428572,0.038834951456310676,0.02857142857142857,0.4114285714285714,14.7,0.0048543689320388345,0.0,0.041563949910237076,0.11836634914903713,3.3883495145631066,0.0,0.0,0.15,0.07766990291262135,0,0.13207462643865003,0.28918067332143316,1.4309334313092836,0.5081574101567597,0.0,1.0,0.0,0.1,0.0,0.24571265871792375,0.05,0.08,0.038834951456310676,0.5,0.25
391,0.9848377938203391,0.4904590497161126,0.9263440788757624,0.4922562649194693,0.23380311223024616,0.48473875130907534,0.8592233009708737,0.4434194513680959,0.43755349087949635,0.1407766990291262,0.5057142857142857,0.38928985972367475,0.40033322133792354,0.08571428571428572,0.03398058252427184,0.02,0.4114285714285714,14.717142857142857,0.0048543689320388345,0.0,0.041563949910237076,0.11836634914903713,3.3883495145631066,0.0,0.0,0.15,0.07766990291262135,0,0.13169897044574247,0.287734769954826,1.422314762683098,0.4979942619536245,0.0,1.0,0.0,0.1,0.0,0.24571265871792375,0.05,0.08,0.03398058252427184,0.5,0.25
392,0.9853244180195445,0.49135059678288,0.926630491975866,0.49293376040039943,0.23380311223024616,0.48488843742371773,0.8155339805825242,0.4434194513680959,0.43755349087949635,0.1407766990291262,0.48,0.38928985972367475,0.40033322133792354,0.08571428571428572,0.019417475728155338,0.011428571428571429,0.4114285714285714,14.737142857142857,0.0048543689320388345,0.0,0.041563949910237076,0.11836634914903713,3.3883495145631066,0.0,0.0,0.15,0.07766990291262135,0,0.13123962130422806,0.28629609610505186,1.4052970388580075,0.4880343767145521,0.0,1.0,0.0,0.1,0.0,0.24571265871792375,0.05,0.08,0.019417475728155338,0.5,0.25
393,0.985160847839452,0.4913791507901949,0.9265342192412973,0.49277635741097536,0.23380311223024616,0.48520393970237113,0.8009708737864077,0.4436136261253775,0.4376991219474575,0.14563106796116504,0.4714285714285714,0.3894041454379604,0.40041893562363784,0.08857142857142856,0.04854368932038835,0.02857142857142857,0.4114285714285714,14.745714285714286,0.0048543689320388345,0.0,0.041563949910237076,0.11836634914903713,3.3883495145631066,0.0,0.0,0.15,0.07766990291262135,0,0.13129699534056405,0.2848646156245266,1.405762526652276,0.47827368918026103,0.0,0.9,0.0,0.1,0.0,0.24571265871792375,0.05,0.08,0.04854368932038835,0.5,0.25
394,0.9852387885472619,0.49101512486269144,0.926580092915037,0.49302023014498136,0.23380311223024616,0.48545708920565095,0.8203883495145631,0.44371071350401825,0.43777193748143806,0.14563106796116504,0.4828571428571429,0.3894612882951033,0.400461792766495,0.08857142857142856,0.043689320388349516,0.025714285714285714,0.4114285714285714,14.76,0.0048543689320388345,0.0,0.041563949910237076,0.11836634914903713,3.3883495145631066,0.0,0.0,0.15,0.07766990291262135,0,0.1313256539352898,0.28344029254640396,1.403361561833516,0.4703042919250256,0.0,0.8888888888888888,0.0,0.1,0.0,0.24571265871792375,0.05,0.08,0.043689320388349516,0.5,0.25
395,0.9862045308282619,0.49016351169191547,0.9271485012289968,0.49218766908500516,0.23380311223024616,0.485639397486941,0.8203883495145631,0.44371071350401825,0.43777193748143806,0.14563106796116504,0.4828571428571429,0.3894612882951033,0.400461792766495,0.08857142857142856,0.05339805825242718,0.03142857142857143,0.4114285714285714,14.774285714285714,0.009708737864077669,0.0,0.041563949910237076,0.11836634914903713,3.3883495145631066,0.0,0.0,0.15,0.07766990291262135,0,0.13112261845145257,0.28202309108367196,1.406722902025417,0.4608982060865251,0.0,1.0,0.0,0.1,0.0,0.24571265871792375,0.05,0.08,0.05339805825242718,0.5,0.25
396,0.9854263792645402,0.4911615372191725,0.9266905034514922,0.4928315316528191,0.23380311223024616,0.485763069146798,0.8737864077669902,0.44371071350401825,0.43777193748143806,0.14563106796116504,0.5142857142857142,0.3894612882951033,0.400461792766495,0.08857142857142856,0.043689320388349516,0.025714285714285714,0.4114285714285714,14.782857142857143,0.009708737864077669,0.0,0.041563949910237076,0.11836634914903713,3.3883495145631066,0.0,0.0,0.15,0.07766990291262135,0,0.1306951489306239,0.2806129756282536,1.4043027296991943,0.45168024196479456,0.0,1.0,0.0,0.1,0.0,0.24571265871792375,0.05,0.08,0.043689320388349516,0.5,0.25
397,0.9846747692104396,0.49135661388894525,0.9262481272482215,0.4933183722398902,0.23380311223024616,0.4858492229757697,0.8446601941747572,0.44371071350401825,0.43777193748143806,0.14563106796116504,0.49714285714285716,0.3894612882951033,0.400461792766495,0.08857142857142856,0.038834951456310676,0.025714285714285714,0.4114285714285714,14.791428571428572,0.014563106796116505,0.0,0.041563949910237076,0.11836634914903713,3.3883495145631066,0.0,0.0,0.15,0.07766990291262135,0,0.1303832481823993,0.2792099107501123,1.4019309608194963,0.4426466371254987,0.0,1.0,0.0,0.1,0.0,0.24571265871792375,0.05,0.08,0.038834951456310676,0.5,0.25
398,0.9847964393998497,0.490436015733743,0.9263197388454173,0.49292822848405776,0.23380311223024616,0.48586984326750393,0.8446601941747572,0.44371071350401825,0.43777193748143806,0.14563106796116504,0.49714285714285716,0.3894612882951033,0.400461792766495,0.08857142857142856,0.038834951456310676,0.025714285714285714,0.4114285714285714,14.805714285714286,0.014563106796116505,0.0,0.041563949910237076,0.11836634914903713,3.3883495145631066,0.0,0.0,0.15,0.07766990291262135,0,0.13024080169248484,0.27781386119636176,1.3996066273173922,0.43379370438298875,0.0,1.0,0.0,0.1,0.0,0.24571265871792375,0.05,0.08,0.038834951456310676,0.5,0.25
399,0.9832776775799654,0.49139622874122607,0.9254258390314283,0.49368700743389193,0.23380311223024616,0.48600183229423727,0.8592233009708737,0.44371071350401825,0.43777193748143806,0.14563106796116504,0.5057142857142857,0.3894612882951033,0.400461792766495,0.08857142857142856,0.024271844660194174,0.014285714285714285,0.4114285714285714,14.808571428571428,0.014563106796116505,0.0,0.041563949910237076,0.11836634914903713,3.3883495145631066,0.0,0.0,0.15,0.07766990291262135,0,0.1297323119697367,0.27642479189037994,1.3859002090567585,0.42511783029532896,0.0,1.0,0.0,0.1,0.0,0.24571265871792375,0.05,0.08,0.024271844660194174,0.5,0.25
400,0.9847468649557404,0.4910586243365713,0.9262905607440272,0.4931904692451263,0.23380311223024616,0.48619696463766093,0.8446601941747572,0.44371071350401825,0.43777193748143806,0.14563106796116504,0.49714285714285716,0.3894612882951033,0.400461792766495,0.08857142857142856,0.02912621359223301,0.017142857142857144,0.4114285714285714,14.82857142857143,0.014563106796116505,0.0,0.041563949910237076,0.11836634914903713,3.3883495145631066,0.0,0.0,0.15,0.07766990291262135,0,0.12928336469560228,0.275042667930928,1.3753250620184803,0.41661547368942237,0.0,1.0,0.0,0.1,0.0,0.24571265871792375,0.05,0.08,0.02912621359223301,0.5,0.25
401,0.9844473638952673,0.4909493653713247,0.9261142829770058,0.4930000955264122,0.23380311223024616,0.48657384555684086,0.8495145631067961,0.44371071350401825,0.43777193748143806,0.14563106796116504,0.5,0.3894612882951033,0.400461792766495,0.08857142857142856,0.02912621359223301,0.017142857142857144,0.4114285714285714,14.825714285714286,0.019417475728155338,0.0,0.041563949910237076,0.11836634914903713,3.3883495145631066,0.0,0.0,0.15,0.07766990291262135,0,0.12897738642214213,0.27366745459127334,1.364961417920968,0.4082831642156339,0.0,1.0,0.0,0.1,0.0,0.24571265871792375,0.05,0.08,0.02912621359223301,0.5,0.25
402,0.9849128120707705,0.4904403479688813,0.9263882324745877,0.4927393020822673,0.23380311223024616,0.48673494059984784,0.8300970873786407,0.44380780088265903,0.4378447530154187,0.14563106796116504,0.48857142857142855,0.3895184311522462,0.4005046499093521,0.08857142857142856,0.05825242718446602,0.037142857142857144,0.4114285714285714,14.831428571428571,0.019417475728155338,0.0,0.041563949910237076,0.11836634914903713,3.3883495145631066,0.0,0.0,0.15,0.07766990291262135,0,0.12935822375433498,0.272299117318317,1.3748050467054054,0.4050872110906937,0.0,0.9230769230769231,0.0,0.1,0.0,0.24571265871792375,0.05,0.08,0.05825242718446602,0.5,0.25
403,0.9837466858016735,0.4899801505431012,0.9257018838704906,0.49294276238947216,0.23380311223024616,0.48676920747207103,0.8009708737864077,0.44380780088265903,0.4378447530154187,0.14563106796116504,0.4714285714285714,0.3895184311522462,0.4005046499093521,0.08857142857142856,0.02912621359223301,0.017142857142857144,0.4114285714285714,14.845714285714285,0.019417475728155338,0.0,0.041563949910237076,0.11836634914903713,3.3883495145631066,0.0,0.0,0.15,0.07766990291262135,0,0.12882571834984902,0.2709376217317254,1.3644518029141548,0.39698546686887975,0.0,1.0,0.0,0.1,0.0,0.24571265871792375,0.05,0.08,0.02912621359223301,0.5,0.25
404,0.9817318778627093,0.4895671071153175,0.9245160254835574,0.4928543967583697,0.23380311223024616,0.48695858166799405,0.8300970873786407,0.44390488826129976,0.4379175685493992,0.14563106796116504,0.48857142857142855,0.3895755740093891,0.4005475070522092,0.08857142857142856,0.05825242718446602,0.037142857142857144,0.4114285714285714,14.86,0.019417475728155338,0.0,0.041563949910237076,0.11836634914903713,3.3883495145631066,0.0,0.0,0.15,0.07766990291262135,0,0.12909317541892112,0.2695829336230668,1.3743056239987286,0.4084489680591695,0.0,0.9230769230769231,0.0,0.1,0.0,0.24571265871792375,0.05,0.08,0.05825242718446602,0.5,0.25
405,0.9825798083825003,0.4887959857690927,0.92501509316092,0.49225483675265724,0.23380311223024616,0.4872904826092436,0.8349514563106796,0.44390488826129976,0.4379175685493992,0.14563106796116504,0.49142857142857144,0.3895755740093891,0.4005475070522092,0.08857142857142856,0.04854368932038835,0.03142857142857143,0.4114285714285714,14.874285714285714,0.019417475728155338,0.0,0.041563949910237076,0.11836634914903713,3.3883495145631066,0.0,0.0,0.15,0.07766990291262135,0,0.1287611395418265,0.26823501895495144,1.3782480829473256,0.40027998869798614,0.0,1.0,0.0,0.1,0.0,0.24571265871792375,0.05,0.08,0.04854368932038835,0.5,0.25
406,0.9810917858726125,0.4880934628608794,0.9241392856265289,0.4920558388670924,0.23380311223024616,0.48751565158245874,0.8106796116504854,0.4440990630185814,0.4380631996173604,0.15048543689320387,0.47714285714285715,0.38968985972367476,0.4006332213379235,0.09142857142857143,0.043689320388349516,0.025714285714285714,0.4114285714285714,14.871428571428572,0.019417475728155338,0.0,0.041563949910237076,0.11836634914903713,3.3883495145631066,0.0,0.0,0.15,0.07766990291262135,0,0.12925947741554597,0.2736479434086974,1.3763974070026646,0.3958254370353488,0.0,0.7777777777777778,0.0,0.1,0.0,0.24571265871792375,0.05,0.08,0.043689320388349516,0.5,0.25
407,0.9813004100205864,0.4878063725945817,0.9242620758393364,0.4922352505558188,0.23380311223024616,0.4877979625988199,0.8106796116504854,0.4440990630185814,0.4380631996173604,0.15048543689320387,0.47714285714285715,0.38968985972367476,0.4006332213379235,0.09142857142857143,0.043689320388349516,0.03142857142857143,0.4114285714285714,14.882857142857143,0.019417475728155338,0.0,0.041563949910237076,0.11836634914903713,3.3883495145631066,0.0,0.0,0.15,0.07766990291262135,0,0.12904089502846822,0.2722797036916539,1.380298030291183,0.3879089282946418,0.0,1.0,0.0,0.1,0.0,0.24571265871792375,0.05,0.08,0.043689320388349516,0.5,0.25
408,0.980212319388164,0.4861281442892154,0.9236781930117159,0.49156205591253427,0.23380311223024616,0.48813333220310007,0.8634146341463415,0.4440631850866723,0.438556411027997,0.15121951219512195,0.5057142857142857,0.38968985972367476,0.4006332213379235,0.09142857142857143,0.03414634146341464,0.02,0.4142857142857143,14.9,0.014634146341463415,0.002857142857142857,0.0416013376535891,0.11836634914903714,3.3658536585365852,0.0,0.0,0.15,0.07804878048780488,0,0.12853854769618303,0.27091830517319565,1.3726920696853593,0.38015074972874896,0.0,1.0,0.0,0.1,0.0,0.24571265871792375,0.05,0.08,0.03398058252427184,0.5,0.25
409,0.9818921613797701,0.48754673256538283,0.9246621004639425,0.49214014916109833,0.23380311223024616,0.4882923681902786,0.8439024390243902,0.444160746062282,0.4386295817597042,0.15121951219512195,0.4942857142857143,0.38974700258081757,0.4006760784807807,0.09142857142857143,0.04878048780487805,0.02857142857142857,0.4142857142857143,14.90857142857143,0.014634146341463415,0.0,0.0416013376535891,0.11836634914903714,3.3658536585365852,0.0,0.0,0.15,0.07804878048780488,0,0.1286945720969878,0.27902620248469634,1.3738096568630804,0.3849728988559125,0.0,0.9,0.0,0.1,0.0,0.24571265871792375,0.05,0.08,0.04878048780487805,0.5,0.25
410,0.9826901776181755,0.48726144262272564,0.9251295099750083,0.492292265037243,0.23380311223024616,0.4885393959212123,0.7951219512195122,0.44455098996472103,0.4389222646865335,0.15609756097560976,0.4657142857142857,0.38997557400938904,0.4008475070522093,0.09428571428571429,0.06829268292682927,0.04,0.4142857142857143,14.914285714285715,0.014634146341463415,0.0,0.0416013376535891,0.11836634914903714,3.3658536585365852,0.0,0.0,0.15,0.07804878048780488,0,0.12953638566507433,0.29812253638065805,1.3863334637258187,0.45742570156076606,0.0,0.7857142857142857,0.0,0.1,0.0,0.24571265871792375,0.05,0.08,0.06829268292682927,0.5,0.25
411,0.9847524396766278,0.4886250864477697,0.9263374063235305,0.49306227164820304,0.23380311223024616,0.48870338752201986,0.8048780487804879,0.44455098996472103,0.4389222646865335,0.15609756097560976,0.4714285714285714,0.38997557400938904,0.4008475070522093,0.09428571428571429,0.03414634146341464,0.02,0.4142857142857143,14.914285714285715,0.014634146341463415,0.0,0.0416013376535891,0.11836634914903714,3.3658536585365852,0.0,0.0,0.15,0.07804878048780488,0,0.12905970445103465,0.29663192369875474,1.3786067944513025,0.44827718752955076,0.0,1.0,0.0,0.1,0.0,0.24571265871792375,0.05,0.08,0.03414634146341464,0.5,0.25
412,0.9826827864329555,0.4878484414534028,0.9251251808522368,0.4929183608939539,0.23380311223024616,0.4889249728002552,0.8195121951219512,0.44474611191594055,0.43906860614994814,0.15609756097560976,0.48,0.3900898597236747,0.40093322133792353,0.09428571428571429,0.04878048780487805,0.02857142857142857,0.4142857142857143,14.914285714285715,0.014634146341463415,0.0,0.0416013376535891,0.11836634914903714,3.3658536585365852,0.0,0.0,0.15,0.07804878048780488,0,0.1292128380680652,0.295148764080261,1.379606087133705,0.4459952297835838,0.0,0.9,0.0,0.1,0.0,0.24571265871792375,0.05,0.08,0.04878048780487805,0.5,0.25
413,0.9824068176548444,0.4879294904412626,0.9249635419964859,0.49303816375203036,0.23380311223024616,0.4889666282575641,0.8731707317073171,0.44474611191594055,0.43906860614994814,0.15609756097560976,0.5114285714285715,0.3900898597236747,0.40093322133792353,0.09428571428571429,0.03902439024390244,0.022857142857142857,0.4142857142857143,14.928571428571429,0.01951219512195122,0.0,0.0416013376535891,0.11836634914903714,3.3658536585365852,0.0,0.0,0.15,0.07804878048780488,0,0.1289637909635462,0.2936730202598597,1.3748711082481737,0.4370753251879121,0.0,1.0,0.0,0.1,0.0,0.24571265871792375,0.05,0.08,0.03902439024390244,0.5,0.25
414,0.9809517781558287,0.4888799639982777,0.9241113045756338,0.4942092803692717,0.23380311223024616,0.48896487757863716,0.848780487804878,0.44484367289155036,0.4391417768816555,0.15609756097560976,0.49714285714285716,0.39014700258081764,0.40097607848078065,0.09428571428571429,0.04390243902439024,0.025714285714285714,0.4142857142857143,14.937142857142858,0.01951219512195122,0.0,0.0416013376535891,0.11836634914903714,3.3658536585365852,0.0,0.0,0.15,0.07804878048780488,0,0.12891854415158563,0.29220465515856037,1.373087971797496,0.43156336847185023,0.0,0.8888888888888888,0.0,0.1,0.0,0.24571265871792375,0.05,0.08,0.04390243902439024,0.5,0.25
415,0.9816194088694477,0.4880939253678397,0.924502345422182,0.4934429973166568,0.23380311223024616,0.4890075795491193,0.824390243902439,0.44484367289155036,0.4391417768816555,0.15609756097560976,0.4828571428571429,0.39014700258081764,0.40097607848078065,0.09428571428571429,0.03414634146341464,0.022857142857142857,0.4142857142857143,14.937142857142858,0.01951219512195122,0.0,0.0416013376535891,0.11836634914903714,3.3658536585365852,0.0,0.0,0.15,0.07804878048780488,0,0.1286429656630776,0.29074363188276753,1.3684833552186888,0.42293210110241325,0.0,1.0,0.0,0.1,0.0,0.24571265871792375,0.05,0.08,0.03414634146341464,0.5,0.25
416,0.9816059435576527,0.488683249138114,0.9244944585967021,0.493827769039236,0.23380311223024616,0.4889503903234664,0.8341463414634146,0.44484367289155036,0.4391417768816555,0.15609756097560976,0.48857142857142855,0.39014700258081764,0.40097607848078065,0.09428571428571429,0.03902439024390244,0.022857142857142857,0.4142857142857143,14.948571428571428,0.01951219512195122,0.0,0.0416013376535891,0.11836634914903714,3.3658536585365852,0.0,0.0,0.15,0.07804878048780488,0,0.12834061581692294,0.28928991372335366,1.3639708309714575,0.414473459080365,0.0,1.0,0.0,0.1,0.0,0.24571265871792375,0.05,0.08,0.03902439024390244,0.5,0.25
417,0.9801598696164441,0.4885154856466042,0.923647472431137,0.493435665215521,0.23380311223024616,0.48901024285204214,0.8390243902439024,0.44484367289155036,0.4391417768816555,0.15609756097560976,0.49142857142857144,0.39014700258081764,0.40097607848078065,0.09428571428571429,0.03414634146341464,0.02,0.4142857142857143,14.96,0.01951219512195122,0.0,0.0416013376535891,0.11836634914903714,3.3658536585365852,0.0,0.0,0.15,0.07804878048780488,0,0.12789862702355262,0.2878434641547369,1.3566914143520286,0.40618398989875765,0.0,1.0,0.0,0.1,0.0,0.24571265871792375,0.05,0.08,0.03414634146341464,0.5,0.25
418,0.9795320386164447,0.48622180277119914,0.9232797428454232,0.49173613374245406,0.23380311223024616,0.489067892274859,0.8048780487804879,0.44484367289155036,0.4391417768816555,0.15609756097560976,0.4714285714285714,0.39014700258081764,0.40097607848078065,0.09428571428571429,0.03902439024390244,0.025714285714285714,0.4142857142857143,14.96,0.01951219512195122,0.0,0.0416013376535891,0.11836634914903714,3.3658536585365852,0.0,0.0,0.15,0.07804878048780488,0,0.12765671954925617,0.2864042468339632,1.3552718717792738,0.39806031010078247,0.0,1.0,0.0,0.1,0.0,0.24571265871792375,0.05,0.08,0.03902439024390244,0.5,0.25
419,0.9812268275348551,0.48537576234900215,0.9242724049262064,0.49106289198941033,0.23380311223024616,0.4889624991992781,0.7902439024390244,0.44494123386716006,0.43921494761336277,0.15609756097560976,0.46285714285714286,0.3902041454379605,0.40101893562363783,0.09428571428571429,0.03902439024390244,0.025714285714285714,0.4142857142857143,14.971428571428572,0.01951219512195122,0.0,0.0416013376535891,0.11836634914903714,3.3658536585365852,0.0,0.0,0.15,0.07804878048780488,0,0.1278717493947414,0.28538093491783906,1.3538807200579737,0.3982884089294853,0.0,0.8888888888888888,0.0,0.1,0.0,0.24571265871792375,0.05,0.08,0.03902439024390244,0.5,0.25
420,0.9807295503550783,0.48529574072609405,0.9239811425780514,0.49065130401778023,0.23380311223024616,0.48875142759379325,0.8536585365853658,0.4450387948427698,0.43928811834507014,0.15609756097560976,0.5,0.3902612882951033,0.40106179276649495,0.09428571428571429,0.05365853658536585,0.03142857142857143,0.4142857142857143,14.971428571428572,0.01951219512195122,0.0,0.0416013376535891,0.11836634914903714,3.3658536585365852,0.0,0.0,0.15,0.07804878048780488,0,0.12811582705849986,0.2894941190635998,1.3582316770853862,0.39032264075089557,0.0,0.9090909090909091,0.0,0.1,0.0,0.24571265871792375,0.05,0.08,0.05365853658536585,0.5,0.25
421,0.9809995522621551,0.4843834261273965,0.9241392865521965,0.49024038785632407,0.23380311223024616,0.4884805226916547,0.8780487804878049,0.44523391679398927,0.4394344598084848,0.16097560975609757,0.5142857142857142,0.3903755740093891,0.4011475070522093,0.09714285714285714,0.04878048780487805,0.03428571428571429,0.4142857142857143,14.98,0.014634146341463415,0.0,0.0416013376535891,0.11836634914903714,3.3658536585365852,0.0,0.0,0.15,0.07804878048780488,0,0.12824624792320735,0.3130405126808278,1.3653527578293925,0.407704003838033,0.0,0.9166666666666666,0.0,0.1,0.0,0.24571265871792375,0.05,0.08,0.04878048780487805,0.5,0.25
422,0.9804144876342032,0.48364571048255356,0.9237966058415389,0.4900496803208785,0.23380311223024616,0.4880765941188254,0.8390243902439024,0.44523391679398927,0.4394344598084848,0.16097560975609757,0.49142857142857144,0.3903755740093891,0.4011475070522093,0.09714285714285714,0.04390243902439024,0.025714285714285714,0.4142857142857143,14.985714285714286,0.014634146341463415,0.0,0.0416013376535891,0.11836634914903714,3.3658536585365852,0.0,0.0,0.15,0.07804878048780488,0,0.12817630239787703,0.3114753101174237,1.3637599883870903,0.4259541844446869,0.0,0.8888888888888888,0.0,0.1,0.0,0.24571265871792375,0.05,0.08,0.04390243902439024,0.5,0.25
423,0.9783002015205764,0.4822304503184215,0.9225582382607005,0.48912583217145306,0.23380311223024616,0.48761735777539955,0.8292682926829268,0.44552659972081854,0.4396539720036067,0.16097560975609757,0.4857142857142857,0.39054700258081765,0.4012760784807806,0.09714285714285714,0.05853658536585366,0.037142857142857144,0.4142857142857143,14.98857142857143,0.014634146341463415,0.0,0.0416013376535891,0.11836634914903714,3.3658536585365852,0.0,0.0,0.15,0.07804878048780488,0,0.1287627094537448,0.3099179335668365,1.3736276457622056,0.4780988212378549,0.0,0.8461538461538461,0.0,0.1,0.0,0.24571265871792375,0.05,0.08,0.05853658536585366,0.5,0.25
424,0.9793167421595071,0.4815072146678448,0.9231536406349312,0.4891776911395376,0.23380311223024616,0.4870623324049995,0.8390243902439024,0.44572172167203816,0.4398003134670213,0.16585365853658537,0.49142857142857144,0.3906612882951033,0.401361792766495,0.1,0.03414634146341464,0.02857142857142857,0.4142857142857143,14.991428571428571,0.014634146341463415,0.0,0.0416013376535891,0.11836634914903714,3.3658536585365852,0.0,0.0,0.15,0.07804878048780488,0,0.1293178973350475,0.30836834389900236,1.37472652141839,0.4685368448130978,0.0,0.8,0.0,0.1,0.0,0.24571265871792375,0.05,0.08,0.03414634146341464,0.5,0.25
425,0.9795522800148349,0.48217678255147634,0.923291598521623,0.48984162516068314,0.23380311223024616,0.48637258801846023,0.8,0.4459168436232576,0.43994665493043594,0.16585365853658537,0.4685714285714286,0.39077557400938906,0.4014475070522092,0.1,0.05365853658536585,0.03142857142857143,0.4142857142857143,14.994285714285715,0.014634146341463415,0.0,0.0416013376535891,0.11836634914903714,3.3658536585365852,0.0,0.0,0.15,0.07804878048780488,0,0.1294985964162294,0.30682650217950735,1.378660562418594,0.4591661079168359,0.0,0.9090909090909091,0.0,0.1,0.0,0.24571265871792375,0.05,0.08,0.05365853658536585,0.5,0.25
426,0.979804842386324,0.4819648563354223,0.9234395279106382,0.48972845173710783,0.23380311223024616,0.4856286227763229,0.8195121951219512,0.4463070875256966,0.4402393378572652,0.16585365853658537,0.48,0.3910041454379605,0.40161893562363776,0.1,0.04878048780487805,0.02857142857142857,0.4142857142857143,14.994285714285715,0.014634146341463415,0.0,0.0416013376535891,0.11836634914903714,3.3658536585365852,0.0,0.0,0.15,0.07804878048780488,0,0.12996510343414827,0.30529236966860984,1.3796587797416504,0.44998278575849915,0.0,1.0,0.0,0.1,0.0,0.24571265871792375,0.05,0.08,0.04878048780487805,0.5,0.25
427,0.9791339201100546,0.4819177823142631,0.9230465591488233,0.4901258684525955,0.23380311223024616,0.48472239788297194,0.8439024390243902,0.4463070875256966,0.4402393378572652,0.16585365853658537,0.4942857142857143,0.3910041454379605,0.40161893562363776,0.1,0.03414634146341464,0.022857142857142857,0.4142857142857143,15.0,0.014634146341463415,0.0,0.0416013376535891,0.11836634914903714,3.3658536585365852,0.0,0.0,0.15,0.07804878048780488,0,0.1296005636312632,0.3037659078202668,1.37492274700396,0.4409831300433292,0.0,1.0,0.0,0.1,0.0,0.24571265871792375,0.05,0.08,0.03414634146341464,0.5,0.25
428,0.9793152196014897,0.4820275434674336,0.9231527488509496,0.49000031487155016,0.23380311223024616,0.48397515763076326,0.8341463414634146,0.44659977045252586,0.4404588500523872,0.16585365853658537,0.48857142857142855,0.39117557400938907,0.40174750705220924,0.1,0.04878048780487805,0.02857142857142857,0.4142857142857143,15.005714285714285,0.014634146341463415,0.0,0.0416013376535891,0.11836634914903714,3.3658536585365852,0.0,0.0,0.15,0.07804878048780488,0,0.13009498938453545,0.3022470782811655,1.3759957206353095,0.4321634674424626,0.0,1.0,0.0,0.1,0.0,0.24571265871792375,0.05,0.08,0.04878048780487805,0.5,0.25
429,0.978359835803492,0.4817710101720221,0.9225931669121222,0.49014774628032437,0.23380311223024616,0.4832364189041453,0.8195121951219512,0.44699001435496494,0.4407515329792165,0.16585365853658537,0.48,0.3914041454379605,0.40191893562363784,0.1,0.04878048780487805,0.03142857142857143,0.4142857142857143,15.017142857142858,0.014634146341463415,0.0,0.0416013376535891,0.11836634914903714,3.3658536585365852,0.0,0.0,0.15,0.07804878048780488,0,0.1306143787054878,0.30073584288975963,1.3799043776511746,0.4895768991662836,0.0,0.8181818181818182,0.0,0.1,0.0,0.24571265871792375,0.05,0.08,0.04878048780487805,0.5,0.25
430,0.9792782641150148,0.4823299516318645,0.9231311034945858,0.4902717777311854,0.23380311223024616,0.48260469342979195,0.8292682926829268,0.44737185842911203,0.4410442159060457,0.16585365853658537,0.4857142857142857,0.39162779696710376,0.40209036419506644,0.1,0.07317073170731707,0.04285714285714286,0.4142857142857143,15.005714285714285,0.00975609756097561,0.0,0.0416013376535891,0.11836634914903714,3.3658536585365852,0.0,0.0,0.15,0.07804878048780488,0,0.13107530681196033,0.29923216367531086,1.395163432955294,0.47978536118295795,0.0,1.0,0.0,0.1,0.0,0.24571265871792375,0.05,0.08,0.07317073170731707,0.5,0.25
431,0.9784058807901879,0.4828852887968896,0.9226201361186156,0.4907682390790996,0.23380311223024616,0.48207667740375354,0.8439024390243902,0.44737185842911203,0.44141006956458234,0.16585365853658537,0.4942857142857143,0.39162779696710376,0.4023046499093521,0.1,0.05365853658536585,0.03142857142857143,0.4142857142857143,15.005714285714285,0.00975609756097561,0.0,0.0416013376535891,0.11836634914903714,3.3658536585365852,0.0,0.0,0.15,0.07804878048780488,0,0.1315172477046149,0.2977360028569343,1.3986887357247597,0.4701896539592988,0.0,1.0,0.0,0.1,0.0,0.24571265871792375,0.05,0.08,0.05365853658536585,0.5,0.25
432,0.9779025919909311,0.48344407523549393,0.9223253526790508,0.49046545380512263,0.23380311223024616,0.48165219827727346,0.7902439024390244,0.44737185842911203,0.44141006956458234,0.16585365853658537,0.46285714285714286,0.39162779696710376,0.4023046499093521,0.1,0.03414634146341464,0.022857142857142857,0.4142857142857143,15.01142857142857,0.00975609756097561,0.0,0.0416013376535891,0.11836634914903714,3.3658536585365852,0.0,0.0,0.15,0.07804878048780488,0,0.13111623360894897,0.29624732284264965,1.3935721038674072,0.46078586088011275,0.0,1.0,0.0,0.1,0.0,0.24571265871792375,0.05,0.08,0.03414634146341464,0.5,0.25
433,0.9789924098773981,0.4841720633205854,0.9229636745839818,0.4909929735441195,0.23380311223024616,0.4812114739296654,0.7902439024390244,0.44737185842911203,0.441556411027997,0.16585365853658537,0.46285714285714286,0.39162779696710376,0.4023903641950664,0.1,0.04878048780487805,0.02857142857142857,0.4142857142857143,15.031428571428572,0.00975609756097561,0.0,0.0416013376535891,0.11836634914903714,3.3658536585365852,0.0,0.0,0.15,0.07804878048780488,0,0.13088666667315416,0.2947660862284364,1.3942720903614876,0.4515701436625105,0.0,1.0,0.0,0.1,0.0,0.24571265871792375,0.05,0.08,0.04878048780487805,0.5,0.25
434,0.9795089097557682,0.4854931665077228,0.9232661959413127,0.4917369297393955,0.23380311223024616,0.4809025813885788,0.824390243902439,0.44746941940472185,0.4418490939548263,0.16585365853658537,0.4828571428571429,0.3916849398242467,0.40256179276649495,0.1,0.05365853658536585,0.03142857142857143,0.4142857142857143,15.034285714285714,0.00975609756097561,0.0,0.0416013376535891,0.11836634914903714,3.3658536585365852,0.0,0.0,0.15,0.07804878048780488,0,0.13091709333621696,0.29329225579729423,1.397815219982829,0.4486751566718425,0.0,0.9090909090909091,0.0,0.1,0.0,0.24571265871792375,0.05,0.08,0.05365853658536585,0.5,0.25
435,0.9791067001592922,0.4855178182944884,0.9230306160348055,0.49172910297313566,0.23380311223024616,0.4806433960902625,0.848780487804878,0.4475669803803316,0.4419222646865335,0.16585365853658537,0.49714285714285716,0.39174208268138955,0.40260464990935213,0.1,0.04390243902439024,0.02857142857142857,0.4142857142857143,15.051428571428572,0.00975609756097561,0.0,0.0416013376535891,0.11836634914903714,3.3658536585365852,0.0,0.0,0.15,0.07804878048780488,0,0.13103279501239298,0.29182579451830776,1.3984303441546013,0.47068562303581835,0.0,0.9,0.0,0.1,0.0,0.24571265871792375,0.05,0.08,0.04390243902439024,0.5,0.25
436,0.979421683167363,0.48582775672134837,0.9232151060823897,0.4916249868755093,0.23380311223024616,0.4803697125454272,0.8048780487804879,0.44776210233155117,0.44209857175265344,0.16585365853658537,0.4714285714285714,0.3918563683956752,0.40270791547665097,0.1,0.05853658536585366,0.03428571428571429,0.4142857142857143,15.051428571428572,0.00975609756097561,0.0,0.0416013376535891,0.11836634914903714,3.3658536585365852,0.0,0.0,0.15,0.07804878048780488,0,0.13126191960518818,0.2903666655457162,1.4047474515572234,0.5052119452133573,0.0,0.9166666666666666,0.0,0.1,0.0,0.24571265871792375,0.05,0.08,0.05853658536585366,0.5,0.25
437,0.980105507282723,0.4866004142305848,0.923615631635672,0.4916083860210154,0.23380311223024616,0.4801621884932832,0.7902439024390244,0.44805478525838033,0.44231808394777533,0.17073170731707318,0.46285714285714286,0.3920277969671038,0.40283648690522234,0.10285714285714286,0.05365853658536585,0.03142857142857143,0.4142857142857143,15.06857142857143,0.00975609756097561,0.0,0.0416013376535891,0.11836634914903714,3.3658536585365852,0.0,0.0,0.15,0.07804878048780488,0,0.13166275286430512,0.2952798477020605,1.4080810739546503,0.5444396651545906,0.0,0.8181818181818182,0.0,0.1,0.0,0.24571265871792375,0.05,0.08,0.05365853658536585,0.5,0.25
438,0.9808453196202932,0.48711392096952116,0.9240489502905345,0.4919298397760082,0.23380311223024616,0.47994249142979434,0.8682926829268293,0.44805478525838033,0.44231808394777533,0.17073170731707318,0.5085714285714286,0.3920277969671038,0.40283648690522234,0.10285714285714286,0.04878048780487805,0.02857142857142857,0.4142857142857143,15.088571428571429,0.00975609756097561,0.0,0.0416013376535891,0.11836634914903714,3.3658536585365852,0.0,0.0,0.15,0.07804878048780488,0,0.13123272481426929,0.2938034484635502,1.408490881046986,0.5335508718514987,0.0,1.0,0.0,0.1,0.0,0.24571265871792375,0.05,0.08,0.04878048780487805,0.5,0.25
439,0.9797706573472993,0.48828907401264254,0.9234195052449237,0.49305210462157917,0.23380311223024616,0.47973513783721344,0.824390243902439,0.44805478525838033,0.44231808394777533,0.17073170731707318,0.4828571428571429,0.3920277969671038,0.40283648690522234,0.10285714285714286,0.04878048780487805,0.02857142857142857,0.4142857142857143,15.102857142857143,0.014634146341463415,0.0,0.0416013376535891,0.11836634914903714,3.3658536585365852,0.0,0.0,0.15,0.07804878048780488,0,0.1307764183330551,0.2923344312212325,1.4088924919974748,0.5228798544144688,0.0,1.0,0.0,0.1,0.0,0.24571265871792375,0.05,0.08,0.04878048780487805,0.5,0.25
440,0.9797546356493873,0.48762941390494197,0.9234101211075755,0.4927474178218441,0.23380311223024616,0.47959444845309834,0.8634146341463415,0.44805478525838033,0.44231808394777533,0.17073170731707318,0.5057142857142857,0.3920277969671038,0.40283648690522234,0.10285714285714286,0.04878048780487805,0.03428571428571429,0.4142857142857143,15.108571428571429,0.01951219512195122,0.0,0.0416013376535891,0.11836634914903714,3.3658536585365852,0.0,0.0,0.15,0.07804878048780488,0,0.13105103867496948,0.29087275906512633,1.4150003564432394,0.5124222573261794,0.0,1.0,0.0,0.1,0.0,0.24571265871792375,0.05,0.08,0.04878048780487805,0.5,0.25
441,0.9791403152135517,0.4879528578296462,0.9230503048523003,0.49266924481139757,0.23380311223024616,0.4793843714400386,0.8439024390243902,0.4481523462339901,0.4423912546794827,0.17073170731707318,0.4942857142857143,0.3920849398242467,0.4028793440480795,0.10285714285714286,0.04878048780487805,0.03142857142857143,0.4142857142857143,15.122857142857143,0.01951219512195122,0.0,0.0416013376535891,0.11836634914903714,3.3658536585365852,0.0,0.0,0.15,0.07804878048780488,0,0.13113778633516607,0.2894183952698007,1.4181289207429462,0.5445714901401643,0.0,0.9090909090909091,0.0,0.1,0.0,0.24571265871792375,0.05,0.08,0.04878048780487805,0.5,0.25
442,0.9810432474521037,0.4883632010687474,0.9242190415993031,0.49334606247693896,0.23380311223024616,0.4791456657836915,0.8235294117647058,0.4481491325131459,0.44339678284074757,0.1715686274509804,0.48,0.3921420826813895,0.40292220119093664,0.10285714285714286,0.07352941176470588,0.045714285714285714,0.41714285714285715,15.114285714285714,0.014705882352941176,0.002857142857142857,0.04168301593115944,0.11836634914903713,3.303921568627451,0.0,0.0,0.15,0.0784313725490196,0,0.13133838383206167,0.2924937122088768,1.4354806280423729,0.5855132481516893,0.0,0.9375,0.0,0.1,0.0,0.24571265871792375,0.05,0.08,0.07317073170731707,0.5,0.25
443,0.982906038728563,0.4879844593024138,0.9253047828004395,0.4930982144602579,0.23380311223024616,0.4788800637642923,0.8186274509803921,0.4481491325131459,0.44339678284074757,0.1715686274509804,0.47714285714285715,0.3921420826813895,0.40292220119093664,0.10285714285714286,0.049019607843137254,0.03142857142857143,0.41714285714285715,15.128571428571428,0.014705882352941176,0.0,0.041692768018579296,0.11836634914903713,3.303921568627451,0.0,0.0,0.15,0.0784313725490196,0,0.13088169191290136,0.29103124364783245,1.438199586910097,0.5738029831886555,0.0,1.0,0.0,0.1,0.0,0.24571265871792375,0.05,0.08,0.049019607843137254,0.5,0.25
444,0.9841226099521613,0.48672762332817837,0.9260138700279081,0.4923984859307576,0.23380311223024616,0.47867276873547077,0.7990196078431373,0.4481491325131459,0.44339678284074757,0.1715686274509804,0.4657142857142857,0.3921420826813895,0.40292220119093664,0.10285714285714286,0.03431372549019608,0.02,0.41714285714285715,15.131428571428572,0.0196078431372549,0.0,0.041692768018579296,0.11836634914903713,3.303921568627451,0.0,0.0,0.15,0.0784313725490196,0,0.13051199916762257,0.2895760874295933,1.4294355951718947,0.5623269235248823,0.0,1.0,0.0,0.1,0.0,0.24571265871792375,0.05,0.08,0.03431372549019608,0.5,0.25
445,0.984445284376579,0.48718569241867155,0.9260294477586389,0.492376521470922,0.23380311223024616,0.47829681682042036,0.8177339901477833,0.44843310783237084,0.44395481972149053,0.1724137931034483,0.4742857142857143,0.3921992255385323,0.40296505833379376,0.10285714285714286,0.04926108374384237,0.03142857142857143,0.42,15.128571428571428,0.014778325123152709,0.002857142857142857,0.0417361969188188,0.11836634914903713,3.270935960591133,0.0,0.0,0.15,0.07881773399014778,0,0.1306870113146416,0.3206420712697587,1.4322754546970284,0.5906491333337093,0.0,0.9090909090909091,0.0,0.1,0.0,0.24571265871792375,0.05,0.08,0.049019607843137254,0.5,0.25
446,0.9840803210147216,0.4873003665842169,0.9255425590331424,0.492114828119893,0.23380311223024616,0.4779591072879617,0.8316831683168316,0.4489489764957097,0.4434138609177283,0.17326732673267325,0.48,0.3921992255385323,0.40296505833379376,0.10285714285714286,0.04455445544554455,0.02857142857142857,0.4228571428571429,15.14,0.009900990099009901,0.002857142857142857,0.04179146270389862,0.11836634914903714,3.237623762376238,0.0,0.0,0.15,0.07920792079207921,0,0.13040357982592554,0.3190388609134099,1.4322013741745165,0.5788361506670351,0.0,1.0,0.0,0.1,0.0,0.24571265871792375,0.05,0.08,0.04926108374384237,0.5,0.25
447,0.9814520012920473,0.4863788349899586,0.9240256430789132,0.4914252228032188,0.23380311223024616,0.4777262933577109,0.8168316831683168,0.44954303590165023,0.4438594054721837,0.17326732673267325,0.4714285714285714,0.39254208268138946,0.4032222011909366,0.10285714285714286,0.04950495049504951,0.037142857142857144,0.4228571428571429,15.145714285714286,0.009900990099009901,0.0,0.04179946643879702,0.11836634914903714,3.237623762376238,0.0,0.0,0.15,0.07920792079207921,0,0.1314649912125102,0.3290191373327955,1.4407002038338834,0.6156497283291784,0.0,0.7692307692307693,0.0,0.1,0.0,0.24571265871792375,0.05,0.08,0.04950495049504951,0.5,0.25
448,0.9818782822747422,0.4856713979968571,0.9242716681032117,0.49112230927359657,0.23380311223024616,0.47736833780732496,0.8564356435643564,0.44954303590165023,0.4438594054721837,0.17326732673267325,0.4942857142857143,0.39254208268138946,0.4032222011909366,0.10285714285714286,0.0594059405940594,0.037142857142857144,0.4228571428571429,15.154285714285715,0.009900990099009901,0.0,0.04179946643879702,0.11836634914903714,3.237623762376238,0.0,0.0,0.15,0.07920792079207921,0,0.13114995268501908,0.3273740416461315,1.4490290569000626,0.6033367337625949,0.0,1.0,0.0,0.1,0.0,0.24571265871792375,0.05,0.08,0.0594059405940594,0.5,0.25
449,0.9814954514256901,0.4856809204899884,0.924050720013187,0.4907371260098165,0.23380311223024616,0.47716367645727514,0.8564356435643564,0.44954303590165023,0.4438594054721837,0.17326732673267325,0.4942857142857143,0.39254208268138946,0.4032222011909366,0.10285714285714286,0.054455445544554455,0.03428571428571429,0.4228571428571429,15.154285714285715,0.009900990099009901,0.0,0.04179946643879702,0.11836634914903714,3.237623762376238,0.0,0.0,0.15,0.07920792079207921,0,0.13072263149302255,0.3257371714379008,1.4543341900477758,0.591269999087343,0.0,1.0,0.0,0.1,0.0,0.24571265871792375,0.05,0.08,0.054455445544554455,0.5,0.25
