t,mean_x,mean_y,mean_x_all,mean_y_all,mean_L,y0,mean_epc,mean_r,mean_b,fund_prevalence,mean_epc_all,mean_r_all,mean_b_all,fund_prevalence_all,punish_rate,mean_punished,exit_rate,mean_exit_intent,exit_attempt_rate,exit_success_rate,p_opp_mean,stay_value,mean_degree_active,threat,A,budget,enforcer_frac,n_cadre_fallback,cap_mean,cap_p90,service_mean,service_p90,monopoly_on,enforcer_punish_share_step,alpha_punish_revalue,delta_outside_degrade,mu_membership_reward,current_delta,eta_delta_drift,punish_floor,punish_intensity_step,pi_reward,lam_punish
0,0.34286512188196766,0.5016855391492695,0.34286512188196766,0.5016855391492695,0.26040296497001675,0.5,0.0,0.3236653427463646,0.33374013127775004,0.008571428571428572,0.0,0.3236653427463646,0.33374013127775004,0.008571428571428572,0.0,0.0,0.0,0.0,0.0,0.0,0.5,0.0,11.794285714285714,0.0,0.0,0.0,0.0,0,0.0,0.0,0.0,0.0,0.0,0.0,0.0,0.0,0.0,0.0,0.0,0.08,0.0,0.05,0.25
1,0.35092051799879265,0.5024117718350033,0.35092051799879265,0.5024117718350033,0.26040296497001675,0.501208215688591,0.6085714285714285,0.3246939141749361,0.3345115598491786,0.008571428571428572,0.6085714285714285,0.3246939141749361,0.3345115598491786,0.008571428571428572,0.025714285714285714,0.025714285714285714,0.0,0.03142857142857143,0.0,0.0,0.03599904466570431,0.11836634914903713,11.794285714285714,0.0,0.0,0.15,0.08,28,0.0038571428571428576,0.0,0.025714285714285714,0.0,0.0,1.0,0.0,0.0,0.0,0.0,0.0,0.08,0.025714285714285714,0.05,0.25
2,0.358915428801527,0.5025450085684083,0.358915428801527,0.5025450085684083,0.26040296497001675,0.5024617200829252,0.8885714285714286,0.3249224856035075,0.3346829884206072,0.011428571428571429,0.8885714285714286,0.3249224856035075,0.3346829884206072,0.011428571428571429,0.011428571428571429,0.011428571428571429,0.0,0.03142857142857143,0.0,0.0,0.03599904466570431,0.11836634914903713,11.794285714285714,0.0,0.0,0.15,0.08,24,0.005552142857142857,0.0,0.03662857142857143,0.0,0.0,0.75,0.0,0.0,0.0,0.0,0.0,0.08,0.011428571428571429,0.05,0.25
3,0.3690367819213222,0.5027835180804097,0.3690367819213222,0.5027835180804097,0.26040296497001675,0.5014486607654295,0.8828571428571429,0.32528277930716704,0.3351115598491786,0.011428571428571429,0.8828571428571429,0.32528277930716704,0.3351115598491786,0.011428571428571429,0.02,0.02,0.0,0.02,0.0,0.0,0.03599904466570431,0.11836634914903713,11.794285714285714,0.0,0.0,0.15,0.08,23,0.008524382142857143,0.0,0.055896,0.0,0.0,0.8571428571428571,0.0,0.0,0.0,0.0,0.0,0.08,0.02,0.05,0.25
4,0.37901690145938377,0.5022252991966785,0.37901690145938377,0.5022252991966785,0.26040296497001675,0.5005895787514366,0.9028571428571428,0.3257970650214527,0.3354972741348929,0.011428571428571429,0.9028571428571428,0.3257970650214527,0.3354972741348929,0.011428571428571429,0.022857142857142857,0.022857142857142857,0.0,0.022857142857142857,0.0,0.0,0.03599904466570431,0.11836634914903713,11.794285714285714,0.0,0.0,0.15,0.08,22,0.011910331660714285,0.0,0.07763522285714286,0.0,0.0,0.75,0.0,0.0,0.0,0.0,0.0,0.08,0.022857142857142857,0.05,0.25
5,0.3884729574475643,0.5017765707225061,0.3884729574475643,0.5017765707225061,0.26040296497001675,0.5001423251590544,0.9257142857142857,0.32636849359288134,0.33592584556346433,0.011428571428571429,0.9257142857142857,0.32636849359288134,0.33592584556346433,0.011428571428571429,0.017142857142857144,0.017142857142857144,0.0,0.017142857142857144,0.0,0.0,0.03599904466570431,0.11836634914903713,11.794285714285714,0.0,0.0,0.15,0.08,22,0.014422208573839284,0.0,0.09322537554285715,0.0,0.0,1.0,0.0,0.0,0.0,0.0,0.0,0.08,0.017142857142857144,0.05,0.25
6,0.39922365717373776,0.5017147800424411,0.39922365717373776,0.5017147800424411,0.26040296497001675,0.49978259599498687,0.8771428571428571,0.32725997324149053,0.33677649965550194,0.011428571428571429,0.8771428571428571,0.32725997324149053,0.33677649965550194,0.011428571428571429,0.03428571428571429,0.03428571428571429,0.0,0.02,0.0,0.0,0.03599904466570431,0.11836634914903713,11.794285714285714,0.0,0.0,0.15,0.08,21,0.01949295467382723,0.0,0.12564658231771428,0.0,0.0,0.9166666666666666,0.0,0.0,0.0,0.0,0.0,0.08,0.03428571428571429,0.05,0.25
7,0.40788521613855194,0.5011281044812658,0.40788521613855194,0.5011281044812658,0.26040296497001675,0.49972236951253884,0.9171428571428571,0.3281171160986334,0.3374193567983591,0.014285714285714285,0.9171428571428571,0.3281171160986334,0.3374193567983591,0.014285714285714285,0.02857142857142857,0.02857142857142857,0.0,0.04857142857142857,0.0,0.0,0.03599904466570431,0.11836634914903713,11.794285714285714,0.0,0.0,0.15,0.08,19,0.02368120418617238,0.0,0.15170507924278856,0.0,0.0,0.9,0.0,0.0,0.0,0.0,0.0,0.08,0.02857142857142857,0.05,0.25
8,0.4170881058512771,0.500678247259572,0.4170881058512771,0.500678247259572,0.26040296497001675,0.4992137056568069,0.8971428571428571,0.33011711609863337,0.3389193567983591,0.022857142857142857,0.8971428571428571,0.33011711609863337,0.3389193567983591,0.022857142857142857,0.06285714285714286,0.06285714285714286,0.0,0.04,0.0,0.0,0.03599904466570431,0.11836634914903713,11.794285714285714,0.0,0.0,0.15,0.08,18,0.03299136959381294,0.0,0.21152812051507566,0.0,0.0,1.0,0.0,0.0,0.0,0.0,0.0,0.08,0.06285714285714286,0.05,0.25
9,0.4255335760458437,0.5003084107482418,0.4255335760458437,0.5003084107482418,0.26040296497001675,0.4997430209919832,0.8914285714285715,0.33075848205185104,0.33970644539400546,0.022857142857142857,0.8914285714285715,0.33075848205185104,0.33970644539400546,0.022857142857142857,0.04857142857142857,0.05142857142857143,0.0,0.02857142857142857,0.0,0.0,0.03599904466570431,0.11836634914903713,11.794285714285714,0.0,0.0,0.15,0.08,14,0.0403609042156551,0.0,0.25872612953334556,0.0,0.0,0.8888888888888888,0.0,0.0,0.0,0.0,0.0,0.08,0.04857142857142857,0.05,0.25
10,0.4349338841041747,0.4990358827384747,0.4349338841041747,0.4990358827384747,0.26040296497001675,0.5003970343839284,0.8657142857142858,0.33150133919470814,0.3403493025368626,0.022857142857142857,0.8657142857142858,0.33150133919470814,0.3403493025368626,0.022857142857142857,0.04,0.04285714285714286,0.0,0.03428571428571429,0.0,0.0,0.03599904466570431,0.11836634914903713,11.794285714285714,0.0,0.0,0.15,0.08,14,0.04471370985688017,0.0,0.2964087497998215,0.0,0.0,0.9333333333333333,0.0,0.0,0.0,0.0,0.0,0.08,0.04,0.05,0.25
11,0.44401219619092747,0.4997605751751902,0.44401219619092747,0.4997605751751902,0.26040296497001675,0.500997038674864,0.9257142857142857,0.3329299106232796,0.34150644539400543,0.025714285714285714,0.9257142857142857,0.3329299106232796,0.34150644539400543,0.025714285714285714,0.05142857142857143,0.054285714285714284,0.0,0.03428571428571429,0.0,0.0,0.03599904466570431,0.11836634914903713,11.794285714285714,0.0,0.0,0.15,0.08,14,0.05140442702188147,0.0,0.3447662890895393,0.0,0.0,0.9473684210526315,0.0,0.0,0.0,0.0,0.0,0.08,0.05142857142857143,0.05,0.25
12,0.45455973709181713,0.5016944881427292,0.45455973709181713,0.5016944881427292,0.26040296497001675,0.5010379257170934,0.9142857142857143,0.3338645460546482,0.34232073110829114,0.025714285714285714,0.9142857142857143,0.3338645460546482,0.34232073110829114,0.025714285714285714,0.04285714285714286,0.045714285714285714,0.0,0.04,0.0,0.0,0.03599904466570431,0.11836634914903713,11.794285714285714,0.0,0.0,0.15,0.08,10,0.05601957455093482,0.0,0.3835852490220343,0.0,0.0,0.9375,0.0,0.0,0.0,0.0,0.0,0.08,0.04285714285714286,0.05,0.25
13,0.4652552725048022,0.5016782970582685,0.4652552725048022,0.5016782970582685,0.26040296497001675,0.5011054122743958,0.9142857142857143,0.33403597462607676,0.34306562042932814,0.025714285714285714,0.9142857142857143,0.33403597462607676,0.34306562042932814,0.025714285714285714,0.037142857142857144,0.045714285714285714,0.0,0.05714285714285714,0.0,0.0,0.03599904466570431,0.11836634914903713,11.794285714285714,0.0,0.0,0.15,0.08,8,0.058453619535323,0.0,0.42162782975587937,0.0,0.0,0.9375,0.0,0.0,0.0,0.0,0.0,0.08,0.037142857142857144,0.05,0.25
14,0.47472587595056376,0.5009142455561905,0.47472587595056376,0.5009142455561905,0.26040296497001675,0.5008223491525667,0.9057142857142857,0.33523682309789715,0.34439419185789955,0.02857142857142857,0.9057142857142857,0.33523682309789715,0.34439419185789955,0.02857142857142857,0.06285714285714286,0.06857142857142857,0.0,0.07142857142857142,0.0,0.0,0.03599904466570431,0.11836634914903713,11.794285714285714,0.0,0.0,0.15,0.08,6,0.06513278000907496,0.0,0.4817667017321903,0.0,0.0,0.9583333333333334,0.0,0.0,0.0,0.0,0.0,0.08,0.06285714285714286,0.05,0.25
15,0.4830132001783623,0.5017133299524639,0.4830132001783623,0.5017133299524639,0.26040296497001675,0.501440423475682,0.9,0.33552253738361143,0.34499400557009047,0.02857142857142857,0.9,0.33552253738361143,0.34499400557009047,0.02857142857142857,0.04,0.04,0.0,0.045714285714285714,0.0,0.0,0.03599904466570431,0.11836634914903713,11.794285714285714,0.0,0.0,0.15,0.08,5,0.06859148955530214,0.014124342103718846,0.5121313676975464,0.07847167237349782,0.0,0.9285714285714286,0.0,0.0,0.0,0.0,0.0,0.08,0.04,0.05,0.25
16,0.49573654088364094,0.5018503740507628,0.49573654088364094,0.5018503740507628,0.26040296497001675,0.5021025737454594,0.9,0.33660825166932573,0.34627971985580475,0.02857142857142857,0.9,0.33660825166932573,0.34627971985580475,0.02857142857142857,0.06285714285714286,0.07142857142857142,0.0,0.07428571428571429,0.0,0.0,0.03599904466570431,0.11836634914903713,11.794285714285714,0.0,0.0,0.15,0.08,5,0.07467993356039553,0.14060782564248914,0.5733173117721669,0.7705918227075738,0.0,0.96,0.0,0.0,0.0,0.0,0.0,0.08,0.06285714285714286,0.05,0.25
17,0.5051899521103026,0.5022944853056907,0.5051899521103026,0.5022944853056907,0.26040296497001675,0.5028690117347364,0.8942857142857142,0.3373521110092185,0.3473082912843762,0.02857142857142857,0.8942857142857142,0.3373521110092185,0.3473082912843762,0.02857142857142857,0.06,0.06285714285714286,0.0,0.06857142857142857,0.0,0.0,0.03599904466570431,0.11836634914903713,11.794285714285714,0.0,0.0,0.15,0.08,5,0.07825378238955785,0.13990478651427668,0.6247081083938665,0.7551799862534223,0.0,1.0,0.0,0.0,0.0,0.0,0.0,0.08,0.06,0.05,0.25
18,0.514732408548055,0.5027584258879646,0.514732408548055,0.5027584258879646,0.26040296497001675,0.5036230849745215,0.9171428571428571,0.3377521110092186,0.3480368627129476,0.02857142857142857,0.9171428571428571,0.3377521110092186,0.3480368627129476,0.02857142857142857,0.05142857142857143,0.05142857142857143,0.0,0.09142857142857143,0.0,0.0,0.03599904466570431,0.11836634914903713,11.794285714285714,0.0,0.0,0.15,0.08,4,0.08146251347761005,0.14124342103715634,0.6636425176545605,0.7847167237347998,0.0,0.8888888888888888,0.0,0.0,0.0,0.0,0.0,0.08,0.05142857142857143,0.05,0.25
19,0.5231241498278636,0.5030039354188806,0.5231241498278636,0.5030039354188806,0.26040296497001675,0.504384389596458,0.9342857142857143,0.33855211100921856,0.3488082912843762,0.03142857142857143,0.9342857142857143,0.33855211100921856,0.3488082912843762,0.03142857142857143,0.04857142857142857,0.04857142857142857,0.0,0.1,0.0,0.0,0.03599904466570431,0.11836634914903713,11.794285714285714,0.0,0.0,0.15,0.08,4,0.085112200910222,0.14082182721413697,0.6989410958728979,0.7754949265471098,0.0,0.9411764705882353,0.0,0.0,0.0,0.0,0.0,0.08,0.04857142857142857,0.05,0.25
20,0.530815218702852,0.504277213601237,0.530815218702852,0.504277213601237,0.26040296497001675,0.5047694185745544,0.9028571428571428,0.3391235395806471,0.34961721531478257,0.03428571428571429,0.9028571428571428,0.3391235395806471,0.34961721531478257,0.03428571428571429,0.04285714285714286,0.04285714285714286,0.0,0.09714285714285714,0.0,0.0,0.03599904466570431,0.11836634914903713,11.794285714285714,0.0,0.0,0.15,0.08,4,0.08788649704852802,0.1427382112882426,0.7278194168125828,0.8187403024118074,0.0,0.9333333333333333,0.0,0.0,0.0,0.0,0.0,0.08,0.04285714285714286,0.05,0.25
21,0.5391426842159196,0.5039360259500613,0.5391426842159196,0.5039360259500613,0.26040296497001675,0.5047981276793572,0.9171428571428571,0.3403953983074943,0.35111721531478257,0.037142857142857144,0.9171428571428571,0.3403953983074943,0.35111721531478257,0.037142857142857144,0.08285714285714285,0.09142857142857143,0.0,0.12285714285714286,0.0,0.0,0.03599904466570431,0.11836634914903713,11.794285714285714,0.0,0.0,0.15,0.08,4,0.09348588536786004,0.1427382112882426,0.8046915999049025,0.8187403024118074,0.0,1.0,0.0,0.0,0.0,0.0,0.0,0.08,0.08285714285714285,0.05,0.25
22,0.5479089897355599,0.503984361056086,0.5479089897355599,0.503984361056086,0.26040296497001675,0.5053785644194814,0.8914285714285715,0.3415953983074943,0.3524447640069659,0.04285714285714286,0.8914285714285715,0.3415953983074943,0.3524447640069659,0.04285714285714286,0.06285714285714286,0.07142857142857142,0.0,0.17714285714285713,0.0,0.0,0.03599904466570431,0.11836634914903713,11.794285714285714,0.0,0.0,0.15,0.08,2,0.09877714319761824,0.14345548873190211,0.860026339335376,0.8354492881753136,0.0,0.92,0.0,0.0,0.0,0.0,0.0,0.08,0.06285714285714286,0.05,0.25
23,0.55741918586947,0.504847096393834,0.55741918586947,0.504847096393834,0.26040296497001675,0.5057376802629266,0.8857142857142857,0.3422311561071779,0.35334476400696585,0.04285714285714286,0.8857142857142857,0.3422311561071779,0.35334476400696585,0.04285714285714286,0.05142857142857143,0.06285714285714286,0.0,0.17714285714285713,0.0,0.0,0.03599904466570431,0.11836634914903713,11.794285714285714,0.0,0.0,0.15,0.08,2,0.10108311462448731,0.1427382112882426,0.9056829554058112,0.8187403024118074,0.0,1.0,0.0,0.0,0.0,0.0,0.0,0.08,0.05142857142857143,0.05,0.25
24,0.5653561384498877,0.5046351111945417,0.5653561384498877,0.5046351111945417,0.26040296497001675,0.506144731205497,0.9057142857142857,0.34308829896432075,0.35405064805042386,0.04857142857142857,0.9057142857142857,0.34308829896432075,0.35405064805042386,0.04857142857142857,0.045714285714285714,0.045714285714285714,0.0,0.2057142857142857,0.0,0.0,0.03599904466570431,0.11836634914903713,11.794285714285714,0.0,0.0,0.15,0.08,1,0.10417755619422199,0.14202452023180137,0.9332835820119807,0.8023654963635712,0.0,1.0,0.0,0.0,0.0,0.0,0.0,0.08,0.045714285714285714,0.05,0.25
25,0.5732278710199669,0.5044437981281092,0.5732278710199669,0.5044437981281092,0.26040296497001675,0.5065664341109007,0.8942857142857142,0.343757504055539,0.35473636233613814,0.04857142857142857,0.8942857142857142,0.343757504055539,0.35473636233613814,0.04857142857142857,0.05714285714285714,0.06285714285714286,0.0,0.2342857142857143,0.0,0.0,0.03599904466570431,0.11836634914903713,11.794285714285714,0.0,0.0,0.15,0.08,1,0.10730145644017462,0.14202452023180137,0.9774750532288838,0.8023654963635712,0.0,0.9545454545454546,0.0,0.0,0.0,0.0,0.0,0.08,0.05714285714285714,0.05,0.25
26,0.5823978154315095,0.505344133587263,0.5823978154315095,0.505344133587263,0.26040296497001675,0.5069049059220165,0.9028571428571428,0.3443860754841105,0.35542324730930897,0.04857142857142857,0.9028571428571428,0.3443860754841105,0.35542324730930897,0.04857142857142857,0.07714285714285714,0.08285714285714285,0.0,0.28285714285714286,0.0,0.0,0.03599904466570431,0.11836634914903713,11.794285714285714,0.0,0.0,0.15,0.08,1,0.11132097658924742,0.14281026326651078,1.0407826950214492,0.8204418284569713,0.0,0.9310344827586207,0.0,0.0,0.0,0.0,0.0,0.08,0.07714285714285714,0.05,0.25
27,0.5908369223828995,0.5057276616243392,0.5908369223828995,0.5057276616243392,0.26040296497001675,0.507244692376827,0.9028571428571428,0.3448068573209613,0.3560661044521661,0.04857142857142857,0.9028571428571428,0.3448068573209613,0.3560661044521661,0.04857142857142857,0.08,0.08571428571428572,0.0,0.3342857142857143,0.0,0.0,0.03599904466570431,0.11836634914903713,11.794285714285714,0.0,0.0,0.15,0.08,1,0.11498419911944864,0.14497401861610854,1.1056813268353058,0.8717050596020486,0.0,0.8666666666666667,0.0,0.0,0.0,0.0,0.0,0.08,0.08,0.05,0.25
28,0.5984102831120167,0.5076655631078318,0.5984102831120167,0.5076655631078318,0.26040296497001675,0.5076790438041454,0.8857142857142857,0.3454354287495327,0.3571375330235946,0.04857142857142857,0.8857142857142857,0.3454354287495327,0.3571375330235946,0.04857142857142857,0.08285714285714285,0.08857142857142856,0.0,0.4114285714285714,0.002857142857142857,0.0,0.03599904466570431,0.11836634914903713,11.794285714285714,0.0,0.0,0.15,0.08,0,0.11778042098099425,0.14555587640343984,1.172139128870028,0.8858423808639998,0.0,0.967741935483871,0.0,0.0,0.0,0.0,0.0,0.08,0.08285714285714285,0.05,0.25
29,0.6064451622385486,0.5075243951739229,0.6064451622385486,0.5075243951739229,0.26040296497001675,0.5082194248561633,0.8571428571428571,0.3457782858923899,0.3577375330235946,0.04857142857142857,0.8571428571428571,0.3457782858923899,0.3577375330235946,0.04857142857142857,0.06571428571428571,0.07428571428571429,0.0,0.4714285714285714,0.005714285714285714,0.0,0.03599904466570431,0.11836634914903713,11.794285714285714,0.0,0.0,0.15,0.08,0,0.1197340903046607,0.14512141044428042,1.222982060578342,0.8754321799220495,0.0,0.9615384615384616,0.0,0.0,0.0,0.0,0.0,0.08,0.06571428571428571,0.05,0.25
30,0.6160494086866987,0.5074040955182355,0.6160494086866987,0.5074040955182355,0.26040296497001675,0.5087579098914156,0.8514285714285714,0.3466354287495326,0.35838039016645173,0.04857142857142857,0.8514285714285714,0.3466354287495326,0.35838039016645173,0.04857142857142857,0.07714285714285714,0.1,0.0,0.5428571428571428,0.005714285714285714,0.0,0.03599904466570431,0.11836634914903713,11.794285714285714,0.0,0.0,0.15,0.08,0,0.12334073875258135,0.14702242509375,1.298522419366775,0.9223681599999999,0.0,0.9714285714285714,0.0,0.0,0.0,0.0,0.0,0.08,0.07714285714285714,0.05,0.25
31,0.623141423064229,0.5074296654487923,0.623141423064229,0.5074296654487923,0.26040296497001675,0.5092971430912683,0.86,0.346921143035247,0.358849553386023,0.04857142857142857,0.86,0.346921143035247,0.358849553386023,0.04857142857142857,0.07142857142857142,0.08,0.0,0.6,0.005714285714285714,0.0,0.03599904466570431,0.11836634914903713,11.794285714285714,0.0,0.0,0.15,0.08,0,0.12474221421072111,0.14636082418082813,1.3525519709794396,0.9057655331200002,0.0,0.9642857142857143,0.0,0.0,0.0,0.0,0.0,0.08,0.07142857142857142,0.05,0.25
32,0.6328927556065372,0.507039407592624,0.6328927556065372,0.507039407592624,0.26040296497001675,0.5097527544850474,0.8571428571428571,0.34743542874953265,0.3595953475818147,0.04857142857142857,0.8571428571428571,0.34743542874953265,0.3595953475818147,0.04857142857142857,0.07142857142857142,0.07428571428571429,0.0,0.6771428571428572,0.02,0.0,0.03599904466570431,0.11836634914903713,11.794285714285714,0.0,0.0,0.15,0.08,0,0.12708936099681037,0.14628731296828124,1.399786645845565,0.9039207967999998,0.0,0.9615384615384616,0.0,0.0,0.0,0.0,0.0,0.08,0.07142857142857142,0.05,0.25
33,0.6432573479833431,0.5074906499303947,0.6432573479833431,0.5074906499303947,0.26040296497001675,0.5103191463552897,0.8714285714285714,0.3476640001781041,0.36032391901038613,0.04857142857142857,0.8714285714285714,0.3476640001781041,0.36032391901038613,0.04857142857142857,0.06571428571428571,0.07714285714285714,0.0,0.7171428571428572,0.022857142857142857,0.0,0.03599904466570431,0.11836634914903713,11.794285714285714,0.0,0.0,0.15,0.08,0,0.12733891490611204,0.14555587640343984,1.4489337700715106,0.8858423808639998,0.0,1.0,0.0,0.0,0.0,0.0,0.0,0.08,0.06571428571428571,0.05,0.25
34,0.6490033216521442,0.5085067129311088,0.6490033216521442,0.5085067129311088,0.26040296497001675,0.5108899349619109,0.8428571428571429,0.3488265409617534,0.3615239190103861,0.04857142857142857,0.8428571428571429,0.3488265409617534,0.3615239190103861,0.04857142857142857,0.08285714285714285,0.1,0.0,0.8057142857142857,0.025714285714285714,0.0,0.03599904466570431,0.11836634914903713,11.794285714285714,0.0,0.0,0.15,0.08,0,0.13133064890301005,0.14482809702142263,1.5199550946700804,0.8681255332467198,0.0,1.0,0.0,0.0,0.0,0.0,0.0,0.08,0.08285714285714285,0.05,0.25
35,0.655988892674377,0.5081350912965189,0.655988892674377,0.5081350912965189,0.26040296497001675,0.511472454432804,0.8342857142857143,0.34911225524746775,0.3620448977783306,0.05142857142857143,0.8342857142857143,0.34911225524746775,0.3620448977783306,0.05142857142857143,0.07142857142857142,0.08571428571428572,0.0,0.8771428571428571,0.03142857142857143,0.0,0.03599904466570431,0.11836634914903713,11.794285714285714,0.0,0.0,0.15,0.08,0,0.13307578793712407,0.14417637058482624,1.5752702784909645,0.8524992736482793,0.0,0.9666666666666667,0.0,0.0,0.0,0.0,0.0,0.08,0.07142857142857142,0.05,0.25
36,0.6626085564408041,0.5086778473245978,0.6626085564408041,0.5086778473245978,0.26040296497001675,0.5119363602003321,0.8142857142857143,0.3496339238253361,0.362473469206902,0.05142857142857143,0.8142857142857143,0.3496339238253361,0.362473469206902,0.05142857142857143,0.07428571428571429,0.08285714285714285,0.0,0.9428571428571428,0.03428571428571429,0.0,0.03599904466570431,0.11836634914903713,11.794285714285714,0.0,0.0,0.15,0.08,0,0.1353809832795813,0.14562902005992398,1.626622015778288,0.8876502224576002,0.0,0.9310344827586207,0.0,0.0,0.0,0.0,0.0,0.08,0.07428571428571429,0.05,0.25
37,0.67109316194803,0.5081049057732555,0.67109316194803,0.5081049057732555,0.26040296497001675,0.5123236639548947,0.8314285714285714,0.34980535239676463,0.3628163263497592,0.054285714285714284,0.8314285714285714,0.34980535239676463,0.3628163263497592,0.054285714285714284,0.07142857142857142,0.07714285714285714,0.0,1.0371428571428571,0.037142857142857144,0.0,0.03599904466570431,0.11836634914903713,11.794285714285714,0.0,0.0,0.15,0.08,0,0.1358854038773072,0.14562902005992398,1.6712324326055796,0.8876502224576002,0.0,0.9629629629629629,0.0,0.0,0.0,0.0,0.0,0.08,0.07142857142857142,0.05,0.25
38,0.679248386624683,0.5083421105831089,0.679248386624683,0.5083421105831089,0.26040296497001675,0.5127300429864823,0.84,0.3506593771825912,0.36367346920690197,0.05714285714285714,0.84,0.3506593771825912,0.36367346920690197,0.05714285714285714,0.09714285714285714,0.11714285714285715,0.0,1.1114285714285714,0.037142857142857144,0.0,0.03599904466570431,0.11836634914903713,11.794285714285714,0.0,0.0,0.15,0.08,0,0.13983454828649208,0.147835483125,1.754950641096325,0.9431128000000003,0.0,0.9512195121951219,0.0,0.0,0.0,0.0,0.0,0.08,0.09714285714285714,0.05,0.25
39,0.6877635276360231,0.5081096401247573,0.6877635276360231,0.5081096401247573,0.26040296497001675,0.5132060778733241,0.82,0.3510022343254484,0.36420956138963034,0.05714285714285714,0.82,0.3510022343254484,0.36420956138963034,0.05714285714285714,0.07142857142857142,0.08285714285714285,0.0,1.1657142857142857,0.045714285714285714,0.0,0.03599904466570431,0.11836634914903713,11.794285714285714,0.0,0.0,0.15,0.08,0,0.14167737839863107,0.14776123124999999,1.8027087711315413,0.9411919999999999,0.0,0.9655172413793104,0.0,0.0,0.0,0.0,0.0,0.08,0.07142857142857142,0.05,0.25
40,0.6982385684895696,0.5083367554444994,0.6982074236107982,0.5083856672367276,0.26040296497001675,0.5136403562257813,0.7707736389684814,0.35208823590634414,0.3658671940137852,0.05730659025787966,0.7685714285714286,0.35168794861116265,0.3651524185324874,0.05714285714285714,0.10028653295128939,0.10857142857142857,0.002857142857142857,1.2742857142857142,0.04297994269340974,0.002857142857142857,0.03599679354615042,0.11836634914903713,11.787965616045845,0.0,0.0,0.15,0.08022922636103152,0,0.14408213721735216,0.14702242509375,1.8752260242803391,0.9223681599999999,0.0,1.0,0.0,0.0,0.0,0.0,0.0,0.08,0.1,0.05,0.25
41,0.7068215562482265,0.508708665995325,0.705639710257887,0.5088197180796307,0.26040296497001675,0.5140734142917258,0.7931034482758621,0.35214045895363316,0.36704040018435863,0.05747126436781609,0.7885714285714286,0.35180223432544844,0.36575241853248747,0.05714285714285714,0.07758620689655173,0.08571428571428572,0.005714285714285714,1.3714285714285714,0.05172413793103448,0.002857142857142857,0.03607161397283964,0.11836634914903711,11.471264367816092,0.0,0.0,0.15,0.08045977011494253,0,0.14581886938840827,0.14776123124999999,1.9234357895090184,0.9411919999999999,0.0,0.9333333333333333,0.0,0.0,0.0,0.0,0.0,0.08,0.07736389684813753,0.05,0.25
42,0.7172852965707087,0.5091486283342227,0.7149125547326797,0.5090076194061928,0.26040296497001675,0.5145404589841012,0.7694524495677233,0.352807603093859,0.36743044685337334,0.06051873198847262,0.7628571428571429,0.35248794861116267,0.3665480406358299,0.06,0.08645533141210375,0.09714285714285714,0.008571428571428572,1.4428571428571428,0.05475504322766571,0.002857142857142857,0.03631709693992308,0.11836634914903714,11.331412103746398,0.0,0.0,0.15,0.08069164265129683,0,0.1501464893271805,0.14925,1.9821099308616947,0.98,0.0,0.9117647058823529,0.0,0.0,0.0,0.0,0.0,0.08,0.08620689655172414,0.05,0.25
43,0.7254908521119424,0.509743708798387,0.7230477769407029,0.50961824617207,0.26040296497001675,0.5144991330797806,0.8040345821325648,0.35286523998146707,0.3674736745190793,0.06051873198847262,0.7971428571428572,0.35254509146830554,0.36659089777868703,0.06,0.08645533141210375,0.09428571428571429,0.008571428571428572,1.5142857142857142,0.05475504322766571,0.0,0.03636254061323578,0.11836634914903714,11.331412103746398,0.0,0.0,0.15,0.08069164265129683,0,0.1516932941383033,0.149325,2.036753446530175,0.9820000000000004,0.0,0.9090909090909091,0.0,0.0,0.0,0.0,0.0,0.08,0.08645533141210375,0.05,0.25
44,0.7336873250953564,0.5079702565385021,0.7303945078415827,0.508036564754035,0.26040296497001675,0.5145428794404692,0.7774566473988439,0.3533108229219373,0.36859797169728864,0.06069364161849711,0.7685714285714286,0.3529450914683055,0.36697661206440135,0.06,0.07225433526011561,0.08857142857142856,0.011428571428571429,1.5885714285714285,0.057803468208092484,0.002857142857142857,0.03636497649810183,0.11836634914903713,11.3121387283237,0.0,0.0,0.15,0.08092485549132948,0,0.15297894127095232,0.148578375,2.0845898061710004,0.9623600000000003,0.0,1.0,0.0,0.0,0.0,0.0,0.0,0.08,0.07204610951008646,0.05,0.25
45,0.7414232135910499,0.5081547021972764,0.7380419861830398,0.508173465504936,0.26040296497001675,0.5145441730272611,0.791907514450867,0.35342642985835343,0.36883517789621273,0.06069364161849711,0.7828571428571428,0.3530593771825913,0.36721110733533774,0.06,0.10404624277456648,0.11428571428571428,0.011428571428571429,1.6657142857142857,0.05202312138728324,0.0,0.036393561378604077,0.11836634914903713,11.3121387283237,0.0,0.0,0.15,0.08092485549132948,0,0.1532131901360261,0.14850375,2.157183724333294,0.9603999999999999,0.0,0.975,0.0,0.0,0.0,0.0,0.0,0.08,0.10404624277456648,0.05,0.25
46,0.7481656986697645,0.5082049974569447,0.7447074142894261,0.5082200617601578,0.26040296497001675,0.5145119550984947,0.7514450867052023,0.35424203240949,0.36960797217770985,0.06358381502890173,0.7428571428571429,0.35386565856171476,0.36797506968218924,0.06285714285714286,0.12427745664739884,0.14285714285714285,0.011428571428571429,1.7885714285714285,0.057803468208092484,0.0,0.036393561378604077,0.11836634914903713,11.3121387283237,0.0,0.0,0.15,0.08092485549132948,0,0.15628783190749504,0.14791010812500002,2.2568971927037715,0.9450728000000008,0.0,0.96,0.0,0.0,0.0,0.0,0.0,0.08,0.12427745664739884,0.05,0.25
47,0.7562611562974504,0.5082653702563816,0.7527103524013671,0.5082635936800544,0.26040296497001675,0.5141968986382984,0.7630057803468208,0.3543576393459062,0.369694677380022,0.06358381502890173,0.7542857142857143,0.3539799442760005,0.3680607839679035,0.06285714285714286,0.0838150289017341,0.09428571428571429,0.011428571428571429,1.8857142857142857,0.06358381502890173,0.0,0.036393561378604077,0.11836634914903713,11.3121387283237,0.0,0.0,0.15,0.08092485549132948,0,0.1575635356051004,0.14925,2.30604496313541,0.98,0.0,0.9393939393939394,0.0,0.0,0.0,0.0,0.0,0.08,0.0838150289017341,0.05,0.25
48,0.7646493694658422,0.5083056761075823,0.7610027002764059,0.5082774262150096,0.26040296497001675,0.513841323929783,0.7716763005780347,0.35487787055977904,0.37008485079042663,0.06647398843930635,0.7628571428571429,0.35449422999028624,0.36844649825361786,0.06571428571428571,0.1069364161849711,0.11428571428571428,0.011428571428571429,1.9714285714285715,0.06647398843930635,0.0,0.036393561378604077,0.11836634914903713,11.3121387283237,0.0,0.0,0.15,0.08092485549132948,0,0.15820357506993207,0.14850375,2.3742097781584164,0.9603999999999999,0.0,1.0,0.0,0.0,0.0,0.0,0.0,0.08,0.1069364161849711,0.05,0.25
49,0.7708025618269329,0.5086987036373832,0.7670855704390842,0.5085927373729258,0.26040296497001675,0.5135545031600657,0.7630057803468208,0.35546348716571846,0.3705617294031434,0.06647398843930635,0.7542857142857143,0.355073153835015,0.36891792682504637,0.06571428571428571,0.0953757225433526,0.11714285714285715,0.011428571428571429,2.0428571428571427,0.07225433526011561,0.0,0.036393561378604077,0.11836634914903713,11.3121387283237,0.0,0.0,0.15,0.08092485549132948,0,0.15855819131036616,0.14776123124999999,2.4438684397381047,0.9411919999999999,0.0,1.0,0.0,0.0,0.0,0.0,0.0,0.08,0.0953757225433526,0.05,0.25
50,0.7788708467174106,0.5085080800781041,0.7745451277393488,0.5082858887616212,0.26040296497001675,0.5131916597264752,0.7478260869565218,0.35652099633472306,0.37108093534498104,0.06666666666666667,0.7371428571428571,0.3555874395493007,0.36938935539647494,0.06571428571428571,0.10434782608695652,0.12,0.014285714285714285,2.1485714285714286,0.07246376811594203,0.002857142857142857,0.03640548969315858,0.11836634914903711,11.292753623188405,0.0,0.0,0.15,0.08115942028985507,0,0.15879283177881434,0.14702242509375,2.514991070943343,0.9223681599999999,0.0,1.0,0.0,0.0,0.0,0.0,0.0,0.08,0.1069364161849711,0.05,0.25
51,0.7837924211922297,0.5085920305326769,0.7789736856317843,0.508127918890057,0.26040296497001675,0.5126561151175636,0.75,0.3574390625774068,0.37159636663116796,0.06686046511627906,0.7371428571428571,0.3559874395493007,0.3697750696821892,0.06571428571428571,0.09883720930232558,0.11142857142857143,0.017142857142857144,2.2514285714285713,0.07267441860465117,0.002857142857142857,0.03643349583601005,0.11836634914903714,11.273255813953488,0.0,0.0,0.15,0.08139534883720931,0,0.15939843904849166,0.14702242509375,2.5761198209530476,0.9223681599999999,0.0,0.9487179487179487,0.0,0.0,0.0,0.0,0.0,0.08,0.09855072463768116,0.05,0.25
52,0.7910890558936863,0.5080454571970519,0.7852131726196143,0.507257101917278,0.26040296497001675,0.5121258687519907,0.7405247813411079,0.3586231546231175,0.37269278696754915,0.06705539358600583,0.7257142857142858,0.35620390170148264,0.37011792682504635,0.06571428571428571,0.09912536443148688,0.12571428571428572,0.02,2.3457142857142856,0.0728862973760933,0.002857142857142857,0.036480713078335614,0.11836634914903713,11.241982507288629,0.0,0.0,0.15,0.08163265306122448,0,0.1625438754246778,0.15,2.6503117102482725,1.0,0.0,0.9318181818181818,0.0,0.0,0.0,0.0,0.0,0.08,0.09883720930232558,0.05,0.25
53,0.7963698334664007,0.5078643113181263,0.7903883346408744,0.5071366172011478,0.26040296497001675,0.5115830766395033,0.7842565597667639,0.3589730088505228,0.37313010475180575,0.06705539358600583,0.7685714285714286,0.3565467588443398,0.3705464982536178,0.06571428571428571,0.09620991253644315,0.11428571428571428,0.02,2.42,0.0728862973760933,0.0,0.036480713078335614,0.11836634914903713,11.241982507288629,0.0,0.0,0.15,0.07871720116618076,0,0.16347358461898295,0.14925,2.711591190329021,0.98,0.0,1.0,0.0,0.0,0.0,0.0,0.0,0.08,0.09620991253644315,0.05,0.25
54,0.801799704135225,0.5081285618789221,0.7957096078963223,0.5074135162673674,0.26040296497001675,0.5109252374913217,0.7551020408163265,0.35943948115372976,0.3738298132066162,0.06705539358600583,0.74,0.35700390170148266,0.37123221253933203,0.06571428571428571,0.09037900874635568,0.09714285714285714,0.02,2.52,0.07871720116618076,0.0,0.036480713078335614,0.11836634914903713,11.241982507288629,0.0,0.0,0.15,0.07871720116618076,0,0.16482707383874518,0.14850375,2.7545022236652974,0.9603999999999999,0.0,1.0,0.0,0.0,0.0,0.0,0.0,0.08,0.09037900874635568,0.05,0.25
55,0.8057289790778702,0.5077677656456205,0.7995602973401148,0.5070889786943729,0.26040296497001675,0.5103299348283437,0.7376093294460642,0.3598826391572268,0.37433990148022933,0.06705539358600583,0.7228571428571429,0.3574381965449097,0.37173209904747295,0.06571428571428571,0.09620991253644315,0.11714285714285715,0.02,2.6085714285714285,0.07871720116618076,0.0,0.036480713078335614,0.11836634914903713,11.241982507288629,0.0,0.0,0.15,0.07871720116618076,0,0.16697229887813292,0.14776123124999999,2.8165550363348486,0.9411919999999999,0.0,1.0,0.0,0.0,0.0,0.0,0.0,0.08,0.09620991253644315,0.05,0.25
56,0.8113380474942476,0.5079869916368573,0.8055009506649351,0.5073868368998669,0.26040296497001675,0.5098032974103612,0.7456140350877193,0.3604844212364905,0.3751858023547718,0.06725146198830409,0.7285714285714285,0.3574953394020525,0.3717749561903301,0.06571428571428571,0.09941520467836257,0.11714285714285715,0.022857142857142857,2.742857142857143,0.07602339181286549,0.002857142857142857,0.03653107760603817,0.11836634914903711,11.192982456140351,0.0,0.0,0.15,0.07894736842105263,0,0.16765058309445655,0.14732018258437507,2.8773667927510087,0.9301313440000016,0.0,0.975609756097561,0.0,0.0,0.0,0.0,0.0,0.08,0.10204081632653061,0.05,0.25
57,0.8157219610884195,0.5071559795688497,0.8097846605198116,0.5066321049852976,0.26040296497001675,0.5091537838782328,0.7426900584795322,0.3604844212364905,0.37544896024950863,0.06725146198830409,0.7257142857142858,0.3574953394020525,0.37203209904747303,0.06571428571428571,0.10818713450292397,0.14285714285714285,0.022857142857142857,2.86,0.08187134502923976,0.0,0.036545545993908204,0.11836634914903711,11.192982456140351,0.0,0.0,0.15,0.07894736842105263,0,0.16741204446469854,0.1465835816714532,2.9626765997531317,0.9115287171200016,0.0,1.0,0.0,0.0,0.0,0.0,0.0,0.08,0.10818713450292397,0.05,0.25
58,0.8221090481353657,0.5080305336683452,0.8160257570056849,0.5075358511295479,0.26040296497001675,0.5084931492726579,0.7309941520467836,0.36083529842947293,0.37573050871122093,0.06725146198830409,0.7142857142857143,0.35783819654490967,0.3723072121157747,0.06571428571428571,0.11403508771929824,0.13428571428571429,0.022857142857142857,2.942857142857143,0.07602339181286549,0.0,0.036545545993908204,0.11836634914903711,11.192982456140351,0.0,0.0,0.15,0.07894736842105263,0,0.16926055567094647,0.14865337500000003,3.0377087820437834,0.9611316513934554,0.0,0.9787234042553191,0.0,0.0,0.0,0.0,0.0,0.08,0.11403508771929824,0.05,0.25
59,0.8274909407842052,0.5074810636776836,0.8212846349654078,0.5069585079488304,0.26040296497001675,0.5078900756272611,0.7046783625730995,0.36106921655812796,0.3759059473077122,0.07017543859649122,0.6885714285714286,0.35806676797348114,0.3724786406872033,0.06857142857142857,0.11988304093567251,0.1457142857142857,0.022857142857142857,3.0828571428571427,0.08187134502923976,0.0,0.036545545993908204,0.11836634914903711,11.192982456140351,0.0,0.0,0.15,0.07894736842105263,0,0.1700276802563939,0.14791010812500002,3.122668892117193,0.9419090183655863,0.0,1.0,0.0,0.0,0.0,0.0,0.0,0.08,0.11988304093567251,0.05,0.25
60,0.8318318822530544,0.5086849672735315,0.825706654133577,0.5077246767595609,0.26040296497001675,0.507342046572163,0.7307692307692307,0.3612893126343725,0.3780624175256158,0.07100591715976332,0.7057142857142857,0.358523910830624,0.37282149783006047,0.06857142857142857,0.12130177514792899,0.14,0.03428571428571429,3.197142857142857,0.07396449704142012,0.011428571428571429,0.0366499457172733,0.11836634914903714,10.982248520710058,0.0,0.0,0.15,0.07988165680473373,0,0.17305158051522507,0.15,3.2002155142748494,0.9643600000000009,0.0,0.9591836734693877,0.0,0.0,0.0,0.0,0.0,0.08,0.12573099415204678,0.05,0.25
61,0.8371701406137572,0.5092165318841924,0.8303034770611435,0.5083131495372755,0.26040296497001675,0.5069110877489273,0.7440476190476191,0.36318780658831,0.3799944376090833,0.0744047619047619,0.7142857142857143,0.35926676797348117,0.37337864068720333,0.07142857142857142,0.12797619047619047,0.16285714285714287,0.04,3.3314285714285714,0.07142857142857142,0.005714285714285714,0.03687289311225081,0.11836634914903713,10.875,0.0,0.0,0.15,0.08035714285714286,0,0.17559601689773813,0.149325,3.299068346846495,0.98,0.0,0.9824561403508771,0.0,0.0,0.0,0.0,0.0,0.08,0.13313609467455623,0.05,0.25
62,0.8435003934566238,0.5093679576164741,0.8363805197902954,0.5083806224938234,0.26040296497001675,0.5065754416438205,0.7291666666666666,0.3635924716588856,0.3803069376090833,0.0744047619047619,0.7,0.3596552464412337,0.37367864068720336,0.07142857142857142,0.12202380952380952,0.14857142857142858,0.04,3.4457142857142857,0.0744047619047619,0.0,0.0369331149143242,0.11836634914903713,10.875,0.0,0.0,0.15,0.08035714285714286,0,0.17537460895610657,0.148578375,3.3816584084809937,0.9603999999999999,0.0,1.0,0.0,0.0,0.0,0.0,0.0,0.08,0.12202380952380952,0.05,0.25
63,0.8472386450845756,0.5099162289833744,0.8399692413531292,0.508992971509376,0.26040296497001675,0.5063424134844481,0.7410714285714286,0.36389009070650463,0.38066408046622613,0.0744047619047619,0.7114285714285714,0.359940960726948,0.3740214978300605,0.07142857142857142,0.09821428571428571,0.12571428571428572,0.04,3.5485714285714285,0.07738095238095238,0.0,0.0369331149143242,0.11836634914903713,10.875,0.0,0.0,0.15,0.08035714285714286,0,0.1754690216256118,0.14865337500000003,3.43973952602566,0.9431128000000003,0.0,0.9772727272727273,0.0,0.0,0.0,0.0,0.0,0.08,0.09821428571428571,0.05,0.25
64,0.8493345117759906,0.5096046378811062,0.8419812733768874,0.5085688830649103,0.26040296497001675,0.5061377305160278,0.7202380952380952,0.36400913832555226,0.38087682912522813,0.0744047619047619,0.6914285714285714,0.3600552464412337,0.37422573654270236,0.07142857142857142,0.09821428571428571,0.11142857142857143,0.04,3.6685714285714286,0.08035714285714286,0.0,0.0369331149143242,0.11836634914903713,10.875,0.0,0.0,0.15,0.08035714285714286,0,0.17510581937462658,0.14791010812500002,3.482373306933718,0.9242505440000003,0.0,1.0,0.0,0.0,0.0,0.0,0.0,0.08,0.09821428571428571,0.05,0.25
65,0.8535568909351325,0.5091892781433804,0.846034757369664,0.5081009322292763,0.26040296497001675,0.5060871168768233,0.7321428571428571,0.3644661477708393,0.3813232576966567,0.0744047619047619,0.7028571428571428,0.3604939755087092,0.3746543079712738,0.07142857142857142,0.11904761904761904,0.15142857142857144,0.04,3.74,0.08035714285714286,0.0,0.0369331149143242,0.11836634914903713,10.875,0.0,0.0,0.15,0.08035714285714286,0,0.17550248940598717,0.14717055758437503,3.564154412223615,0.9057655331200002,0.0,1.0,0.0,0.0,0.0,0.0,0.0,0.08,0.11904761904761904,0.05,0.25
66,0.8593662877347938,0.5085171548522973,0.8516117782973387,0.5075898573590303,0.26040296497001675,0.5061607475801799,0.7023809523809523,0.3646447191994107,0.3816357576966567,0.0744047619047619,0.6742857142857143,0.3606654040801378,0.37495430797127377,0.07142857142857142,0.12797619047619047,0.15142857142857144,0.04,3.837142857142857,0.08630952380952381,0.0,0.0369331149143242,0.11836634914903713,10.875,0.0,0.0,0.15,0.08035714285714286,0,0.17528183410181436,0.14643470479645315,3.644299895407714,0.8876502224576002,0.0,1.0,0.0,0.0,0.0,0.0,0.0,0.08,0.12797619047619047,0.05,0.25
67,0.8631154866281263,0.5085179695770096,0.8552110092349378,0.5075046356568143,0.26040296497001675,0.506336942491049,0.6398809523809523,0.3645851953898869,0.3817348037745092,0.0744047619047619,0.6142857142857143,0.36060826122299494,0.37504939220601224,0.07142857142857142,0.11011904761904762,0.1457142857142857,0.04,3.942857142857143,0.09226190476190477,0.0,0.0369331149143242,0.11836634914903713,10.875,0.0,0.0,0.15,0.08035714285714286,0,0.17543356850273387,0.14732018258437507,3.7171281832138447,0.8863982235677901,0.0,0.9803921568627451,0.0,0.0,0.0,0.0,0.0,0.08,0.11011904761904762,0.05,0.25
68,0.8672748537574648,0.5090294402234233,0.8592040016791028,0.5080414682769141,0.26040296497001675,0.5064054052812137,0.6875,0.3645256715803631,0.38169016091736635,0.0744047619047619,0.66,0.3605511183658521,0.37500653506315507,0.07142857142857142,0.12202380952380952,0.1457142857142857,0.04,4.06,0.08928571428571429,0.0,0.0369331149143242,0.11836634914903713,10.875,0.0,0.0,0.15,0.08035714285714286,0,0.17555611494593445,0.149325,3.7884999052638535,0.8766075922494777,0.0,0.9803921568627451,0.0,0.0,0.0,0.0,0.0,0.08,0.12202380952380952,0.05,0.25
69,0.8695109711596685,0.5091092978590183,0.8613506743852184,0.5081734330629958,0.26040296497001675,0.5065544713959979,0.6755952380952381,0.36476376681845835,0.3818687323459378,0.07738095238095238,0.6485714285714286,0.3607796897944235,0.37517796363458356,0.07428571428571429,0.11904761904761904,0.1457142857142857,0.04,4.1657142857142855,0.09821428571428571,0.0,0.0369331149143242,0.11836634914903713,10.875,0.0,0.0,0.15,0.08035714285714286,0,0.17604957770803334,0.149325,3.8584441928728626,0.88880474720054,0.0,0.9803921568627451,0.0,0.0,0.0,0.0,0.0,0.08,0.11904761904761904,0.05,0.25
70,0.8731059926013884,0.5086797133211748,0.8648018949692693,0.5076665028532436,0.26040296497001675,0.5068636725094283,0.7113095238095238,0.364882814437506,0.3819580180602235,0.08035714285714286,0.6828571428571428,0.3608939755087092,0.3752636779202979,0.07714285714285714,0.1130952380952381,0.13428571428571429,0.04,4.308571428571429,0.09821428571428571,0.0,0.0369331149143242,0.11836634914903713,10.875,0.0,0.0,0.15,0.08035714285714286,0,0.17585376124449315,0.148578375,3.9155610233011195,0.8710286522565291,0.0,1.0,0.0,0.0,0.0,0.0,0.0,0.08,0.1130952380952381,0.05,0.25
71,0.8765784838075104,0.507786537773607,0.8671970394413734,0.5071883628142779,0.26040296497001675,0.5072014477279865,0.6976047904191617,0.3658886866872676,0.3832293110016571,0.08083832335329341,0.6657142857142857,0.3608939755087092,0.3752636779202979,0.07714285714285714,0.1377245508982036,0.14857142857142858,0.045714285714285714,4.42,0.10179640718562874,0.005714285714285714,0.03699680331192391,0.11836634914903711,10.81437125748503,0.0,0.0,0.15,0.08083832335329341,0,0.17560263529541356,0.147835483125,3.985821231406526,0.8536080792113986,0.0,1.0,0.0,0.0,0.0,0.0,0.0,0.08,0.14285714285714285,0.05,0.25
72,0.8824484815101238,0.5072823247049767,0.8696866347481188,0.506861317609195,0.26040296497001675,0.5074889349822682,0.6616314199395771,0.3646302204494178,0.38319387491914586,0.07854984894259819,0.6257142857142857,0.3608368326515664,0.37522082077744073,0.07714285714285714,0.1027190332326284,0.12,0.054285714285714284,4.517142857142857,0.09063444108761329,0.008571428571428572,0.0370714348104603,0.11836634914903711,10.761329305135952,0.0,0.0,0.15,0.07854984894259819,0,0.1756669085475079,0.14798510812500004,4.026104806778395,0.8650616338794684,0.0,0.9761904761904762,0.0,0.0,0.0,0.0,0.0,0.08,0.10778443113772455,0.05,0.25
73,0.8837188971791529,0.5089214609267074,0.8704551509609229,0.5082269339108872,0.26040296497001675,0.5075191693412606,0.703030303030303,0.3650612129224714,0.38380852690399403,0.07878787878787878,0.6628571428571428,0.36059597733711374,0.3752636779202979,0.07714285714285714,0.10303030303030303,0.13142857142857142,0.05714285714285714,4.591428571428572,0.09393939393939393,0.002857142857142857,0.03708389635419187,0.11836634914903713,10.745454545454546,0.0,0.0,0.15,0.07878787878787878,0,0.17673028900477036,0.15819085379967937,4.077011282071399,0.9047856464188827,0.0,0.9347826086956522,0.0,0.0,0.0,0.0,0.0,0.08,0.10574018126888217,0.05,0.25
74,0.8899719298949427,0.509026993303378,0.8745965417191831,0.5082436229930277,0.26040296497001675,0.5077195924382764,0.7064220183486238,0.36420983375398713,0.3850108315915863,0.07951070336391437,0.66,0.36059597733711374,0.3752636779202979,0.07714285714285714,0.11314984709480122,0.14285714285714285,0.06571428571428571,4.717142857142857,0.09174311926605505,0.008571428571428572,0.03717087138530861,0.11836634914903711,10.660550458715596,0.0,0.0,0.15,0.07951070336391437,0,0.1765883525597465,0.15739989953068098,4.138328199287113,0.8866899334905051,0.0,1.0,0.0,0.0,0.0,0.0,0.0,0.08,0.12121212121212122,0.05,0.25
75,0.8914713198877374,0.5087609637280743,0.8759974003695941,0.5081430149692029,0.26040296497001675,0.5078643448387246,0.6880733944954128,0.36420983375398713,0.3850108315915863,0.07951070336391437,0.6428571428571429,0.36059597733711374,0.3752636779202979,0.07714285714285714,0.11314984709480122,0.13428571428571429,0.06571428571428571,4.831428571428572,0.09480122324159021,0.0,0.03720611745319183,0.11836634914903711,10.660550458715596,0.0,0.0,0.15,0.07951070336391437,0,0.17624812508266205,0.15661290003302758,4.189847349587085,0.8689561348206949,0.0,1.0,0.0,0.0,0.0,0.0,0.0,0.08,0.11314984709480122,0.05,0.25
76,0.8958962535372299,0.5085189554182039,0.8782155819140709,0.5072752712682017,0.26040296497001675,0.5079829958555785,0.6728395061728395,0.364927334016203,0.3847310749600809,0.08024691358024691,0.6228571428571429,0.36059597733711374,0.3752636779202979,0.07714285714285714,0.12345679012345678,0.14857142857142858,0.07428571428571429,4.942857142857143,0.08950617283950617,0.008571428571428572,0.03743937422050515,0.11836634914903711,10.141975308641975,0.0,0.0,0.15,0.08024691358024691,0,0.17599488517153447,0.15582983553286242,4.254621831166771,0.8515770121242809,0.0,1.0,0.0,0.0,0.0,0.0,0.0,0.08,0.12844036697247707,0.05,0.25
77,0.8985900741263213,0.5089801111481811,0.8809990327618974,0.5073292874954612,0.26040296497001675,0.5080203609009055,0.7244582043343654,0.36494665971661716,0.3852760134243281,0.0804953560371517,0.6685714285714286,0.3605388344799709,0.37522082077744084,0.07714285714285714,0.08668730650154799,0.09714285714285714,0.07714285714285714,5.04,0.08978328173374613,0.002857142857142857,0.03766768228340328,0.11836634914903713,10.111455108359133,0.0,0.0,0.15,0.0804953560371517,0,0.17645719717424824,0.15773050377082307,4.266672251686293,0.842628675940123,0.0,0.9705882352941176,0.0,0.0,0.0,0.0,0.0,0.08,0.08950617283950617,0.05,0.25
78,0.9031840743550301,0.5094354564489526,0.883705359432482,0.5075020711766887,0.26040296497001675,0.5082241354531339,0.717391304347826,0.3648939896787135,0.3859633177493817,0.08074534161490683,0.66,0.3605388344799709,0.37539224934886933,0.07714285714285714,0.11801242236024845,0.14285714285714285,0.08,5.145714285714286,0.09316770186335403,0.002857142857142857,0.037834948363692375,0.11836634914903711,9.962732919254659,0.0,0.0,0.15,0.08074534161490683,0,0.17644153849422706,0.15694185125196894,4.32419594950971,0.8257761024213206,0.0,1.0,0.0,0.0,0.0,0.0,0.0,0.08,0.12074303405572756,0.05,0.25
79,0.9054598698047145,0.5089084895056776,0.8860692059038924,0.5072743558533063,0.26040296497001675,0.5084646502171266,0.7227414330218068,0.3645061858201007,0.3862114482892561,0.08099688473520249,0.6628571428571428,0.3605388344799709,0.37539224934886933,0.07714285714285714,0.09657320872274143,0.10285714285714286,0.08285714285714285,5.2,0.09345794392523364,0.002857142857142857,0.037893658771167564,0.11836634914903711,9.93146417445483,0.0,0.0,0.15,0.08099688473520249,0,0.17607333080175588,0.1561571419957091,4.340569173376659,0.8092605803728943,0.0,1.0,0.0,0.0,0.0,0.0,0.0,0.08,0.09937888198757763,0.05,0.25
80,0.9094171604093457,0.5086815624314259,0.8896986067155683,0.5073974892652642,0.26040296497001675,0.5086228008529319,0.6853582554517134,0.3644438805241506,0.38617926249868473,0.08099688473520249,0.6285714285714286,0.36048169162282806,0.3753627303809453,0.07714285714285714,0.12149532710280374,0.12,0.08285714285714285,5.311428571428571,0.09968847352024922,0.0,0.03790650779795242,0.11836634914903711,9.93146417445483,0.0,0.0,0.15,0.08099688473520249,0,0.1762493927191757,0.22452211779251924,4.373757789909125,0.8016346020234679,0.0,0.9761904761904762,0.0,0.0,0.0,0.0,0.0,0.08,0.12149532710280374,0.05,0.25
81,0.9122877870442828,0.5099630547052145,0.8925807808969437,0.5082126339053116,0.26040296497001675,0.5087866032353072,0.69375,0.3648152754948263,0.38687714036198206,0.08125,0.6342857142857142,0.3604245487656852,0.3753198732380882,0.07714285714285714,0.11875,0.13142857142857142,0.08571428571428572,5.385714285714286,0.096875,0.002857142857142857,0.03793538343825094,0.11836634914903713,9.89375,0.0,0.0,0.15,0.08125,0,0.17648186004129413,0.22339950720355667,4.417711205539515,0.797586503808123,0.0,0.9782608695652174,0.0,0.0,0.0,0.0,0.0,0.08,0.12149532710280374,0.05,0.25
82,0.9152889884731292,0.5099493389948375,0.8953247364890319,0.5080398125227159,0.26040296497001675,0.5089469314183467,0.721875,0.3647527754948263,0.38692401536198207,0.08125,0.66,0.3603674059085423,0.3753627303809453,0.07714285714285714,0.128125,0.1457142857142857,0.08571428571428572,5.465714285714285,0.1,0.0,0.03795795204747336,0.11836634914903713,9.89375,0.0,0.0,0.15,0.08125,0,0.17676988216608763,0.2279389151170656,4.47507126714301,0.7833022692562213,0.0,0.9803921568627451,0.0,0.0,0.0,0.0,0.0,0.08,0.128125,0.05,0.25
83,0.9188364829081844,0.5085873613709571,0.8978333972751869,0.5066430148851916,0.26040296497001675,0.5090626909126548,0.7147335423197492,0.36360957403339883,0.3861894927658772,0.08150470219435736,0.6514285714285715,0.3603102630513995,0.3753198732380882,0.07714285714285714,0.11912225705329153,0.12285714285714286,0.08857142857142856,5.571428571428571,0.10031347962382445,0.002857142857142857,0.03797384862680833,0.1183663491490371,9.849529780564263,0.0,0.0,0.15,0.07836990595611286,0,0.17680031846954292,0.22679922054148027,4.508426984657293,0.8170728068875467,0.0,0.9767441860465116,0.0,0.0,0.0,0.0,0.0,0.08,0.11875,0.05,0.25
84,0.9213685085951042,0.5080294410442808,0.8988387311646402,0.5063478364837627,0.26040296497001675,0.5090669007621186,0.710691823899371,0.3631720567509992,0.3870572595590462,0.08176100628930817,0.6457142857142857,0.36025312019425665,0.37553415895237385,0.07714285714285714,0.14150943396226415,0.16285714285714287,0.09142857142857143,5.662857142857143,0.09748427672955975,0.002857142857142857,0.03808340827532078,0.11836634914903711,9.779874213836479,0.0,0.0,0.15,0.08176100628930817,0,0.17708703116290947,0.22566522443877288,4.581115587821289,0.8074707689994897,0.0,0.9824561403508771,0.0,0.0,0.0,0.0,0.0,0.08,0.14420062695924765,0.05,0.25
85,0.9248266786936098,0.5082821515117169,0.9012920551747097,0.5061083382834519,0.26040296497001675,0.508899362231894,0.6908517350157729,0.3632617591022774,0.38675743566197546,0.08201892744479496,0.6257142857142857,0.3601388344799709,0.37544844466665955,0.07714285714285714,0.1167192429022082,0.13142857142857142,0.09428571428571429,5.774285714285714,0.09779179810725552,0.002857142857142857,0.03810314227177181,0.11836634914903711,9.766561514195583,0.0,0.0,0.15,0.07886435331230283,0,0.1772014531499521,0.224536898316579,4.620921847493435,0.8579235363236084,0.0,0.9782608695652174,0.0,0.0,0.0,0.0,0.0,0.08,0.11949685534591195,0.05,0.25
86,0.9264015984878832,0.5078723942182218,0.9022939805057537,0.5057516964893694,0.26040296497001675,0.508740630451912,0.7056962025316456,0.36215091119513515,0.3867869065350271,0.08227848101265822,0.6371428571428571,0.3599102630513995,0.37544844466665955,0.07714285714285714,0.11708860759493671,0.12857142857142856,0.09714285714285714,5.88,0.09177215189873418,0.002857142857142857,0.038184411806832276,0.1183663491490371,9.5,0.0,0.0,0.15,0.07911392405063292,0,0.17780073159848803,0.2234142138249961,4.657074839114995,0.9426717097766523,0.0,0.9555555555555556,0.0,0.0,0.0,0.0,0.0,0.08,0.11987381703470032,0.05,0.25
87,0.9263489258423919,0.5081705162580796,0.9022464246315388,0.5059993851905518,0.26040296497001675,0.5085771117120965,0.7088607594936709,0.36215091119513515,0.3867869065350271,0.08227848101265822,0.64,0.3599102630513995,0.37544844466665955,0.07714285714285714,0.12025316455696203,0.12,0.09714285714285714,6.002857142857143,0.0981012658227848,0.0,0.03834589298352976,0.1183663491490371,9.5,0.0,0.0,0.15,0.07911392405063292,0,0.17753987079763844,0.22229714275587112,4.683933342332694,0.9238182755811192,0.0,1.0,0.0,0.0,0.0,0.0,0.0,0.08,0.12025316455696203,0.05,0.25
88,0.9279493516060064,0.5085034489219737,0.9036913804638308,0.5063114555780268,0.26040296497001675,0.5084612381985192,0.6993670886075949,0.36215091119513515,0.38692931159831834,0.08227848101265822,0.6314285714285715,0.3599102630513995,0.375577016095231,0.07714285714285714,0.10443037974683544,0.11142857142857143,0.09714285714285714,6.1085714285714285,0.0949367088607595,0.0,0.03834589298352976,0.1183663491490371,9.5,0.0,0.0,0.15,0.07911392405063292,0,0.1771947428722217,0.22118565704209175,4.7016832469146115,0.9053419100694967,0.0,1.0,0.0,0.0,0.0,0.0,0.0,0.08,0.10443037974683544,0.05,0.25
89,0.9326531441147671,0.5080704028191284,0.9050782465190136,0.505935758295972,0.26040296497001675,0.5084721033737705,0.7292993630573248,0.36149650634763775,0.38655242107731336,0.08280254777070063,0.6542857142857142,0.35979597733711377,0.3754913018095168,0.07714285714285714,0.10191082802547771,0.10857142857142857,0.10285714285714286,6.202857142857143,0.08917197452229299,0.005714285714285714,0.03863194083106402,0.11836634914903711,9.165605095541402,0.0,0.0,0.15,0.07961783439490445,0,0.177308340586432,0.2200797287568813,4.716221010547749,0.9001844414945599,0.0,0.9736842105263158,0.0,0.0,0.0,0.0,0.0,0.08,0.10443037974683544,0.05,0.25
90,0.9334712659424614,0.5081393264441715,0.9058122186730023,0.5058070308627264,0.26040296497001675,0.5083812641716289,0.7261146496815286,0.36149650634763775,0.3867435038798611,0.08280254777070063,0.6514285714285715,0.35979597733711377,0.37566273038094533,0.07714285714285714,0.10191082802547771,0.10571428571428572,0.10285714285714286,6.317142857142857,0.09235668789808917,0.0,0.03867457577828142,0.11836634914903711,9.165605095541402,0.0,0.0,0.15,0.07961783439490445,0,0.1770776588799284,0.2189793301130969,4.72761087605108,0.8821807526646688,0.0,1.0,0.0,0.0,0.0,0.0,0.0,0.08,0.10191082802547771,0.05,0.25
91,0.9353232427377096,0.5087720223712047,0.9074737064264536,0.5062405022011526,0.26040296497001675,0.508100199270988,0.6719745222929936,0.36143281208012185,0.3866957331792242,0.08280254777070063,0.6028571428571429,0.35973883447997096,0.37561987323808815,0.07714285714285714,0.07961783439490445,0.09428571428571429,0.10285714285714286,6.388571428571429,0.09872611464968153,0.0,0.03867457577828142,0.11836634914903711,9.165605095541402,0.0,0.0,0.15,0.07961783439490445,0,0.17713469915695734,0.22015996575995717,4.727344372815772,0.8645371376113754,0.0,0.9696969696969697,0.0,0.0,0.0,0.0,0.0,0.08,0.07961783439490445,0.05,0.25
92,0.9360569441328509,0.508058018506627,0.9081866205358626,0.5055700489381888,0.26040296497001675,0.5078895567967996,0.6900958466453674,0.36182430901534335,0.38759310822895343,0.08306709265175719,0.6171428571428571,0.35973883447997096,0.37579130180951664,0.07714285714285714,0.10862619808306709,0.11142857142857143,0.10571428571428572,6.5,0.09584664536741214,0.002857142857142857,0.03872972720967477,0.1183663491490371,9.073482428115016,0.0,0.0,0.15,0.07987220447284345,0,0.17687674066117257,0.2190591659311574,4.744226056788028,0.8472463948591479,0.0,1.0,0.0,0.0,0.0,0.0,0.0,0.08,0.11146496815286625,0.05,0.25
93,0.9374901409475345,0.5075308688265607,0.9094683079729939,0.5051513348263573,0.26040296497001675,0.5075693077395516,0.6964856230031949,0.36182430901534335,0.387647131276584,0.08306709265175719,0.6228571428571429,0.35973883447997096,0.37583961384925485,0.07714285714285714,0.08945686900958466,0.10571428571428572,0.10571428571428572,6.5685714285714285,0.09904153354632587,0.0,0.03879480099414746,0.1183663491490371,9.073482428115016,0.0,0.0,0.15,0.07987220447284345,0,0.17664835838643814,0.21796387010150162,4.755055821366553,0.8303014669619648,0.0,1.0,0.0,0.0,0.0,0.0,0.0,0.08,0.08945686900958466,0.05,0.25
94,0.93838699991647,0.5069630071183469,0.9101198292716052,0.5050100928602829,0.26040296497001675,0.5072937988098565,0.7266881028938906,0.3613835955981515,0.38841788177451714,0.08360128617363344,0.6457142857142857,0.35956740590854236,0.3757110424206834,0.07714285714285714,0.10289389067524116,0.11428571428571428,0.11142857142857143,6.6571428571428575,0.0932475884244373,0.005714285714285714,0.03884224837897,0.11836634914903711,9.003215434083602,0.0,0.0,0.15,0.08038585209003216,0,0.1771932594516488,0.219975021213355,4.774240419224936,0.8407650655971363,0.0,0.95,0.0,0.0,0.0,0.0,0.0,0.08,0.10223642172523961,0.05,0.25
95,0.9392026972192632,0.507558203849595,0.9107562912229908,0.5056520550017698,0.26040296497001675,0.5070264706096238,0.7064516129032258,0.36134482397440343,0.3891035670706307,0.08387096774193549,0.6257142857142857,0.35939597733711376,0.3755824709921121,0.07714285714285714,0.12580645161290321,0.13714285714285715,0.11428571428571428,6.742857142857143,0.09032258064516129,0.002857142857142857,0.03890343290318995,0.1183663491490371,8.95483870967742,0.0,0.0,0.15,0.08064516129032258,0,0.17790643672581913,0.2188751461072882,4.815898467983295,0.9820000000000004,0.0,0.9583333333333334,0.0,0.0,0.0,0.0,0.0,0.08,0.12861736334405144,0.05,0.25
96,0.9413439716049038,0.5081436881034139,0.9126528485359868,0.5062445993898328,0.26040296497001675,0.5069031014573872,0.7354838709677419,0.3611512755873067,0.3889584057803081,0.08387096774193549,0.6514285714285715,0.3592245487656852,0.37545389956354064,0.07714285714285714,0.1,0.11428571428571428,0.11428571428571428,6.811428571428571,0.1,0.0,0.038942999964186584,0.1183663491490371,8.95483870967742,0.0,0.0,0.15,0.08064516129032258,0,0.1783883331136186,0.21912446742646136,4.833866212909343,0.9820000000000004,0.0,0.95,0.0,0.0,0.0,0.0,0.0,0.08,0.1,0.05,0.25
97,0.94332502167575,0.5079203836656415,0.9141662970165364,0.5061879303357147,0.26040296497001675,0.5068781841558466,0.7540453074433657,0.362154202195345,0.38979724607311084,0.08414239482200647,0.6657142857142857,0.3592245487656852,0.37545389956354064,0.07714285714285714,0.11326860841423948,0.12,0.11714285714285715,6.914285714285715,0.10032362459546926,0.002857142857142857,0.03893259613733775,0.11836634914903713,8.957928802588997,0.0,0.0,0.15,0.08090614886731391,0,0.17840390498824607,0.21802884508932907,4.857188888651156,0.9623600000000003,0.0,1.0,0.0,0.0,0.0,0.0,0.0,0.08,0.11290322580645161,0.05,0.25
98,0.9454359846725046,0.507800809750089,0.915084854300648,0.5068490219978206,0.26040296497001675,0.5068205569219528,0.7320261437908496,0.3632428731450721,0.39116599877051317,0.08496732026143791,0.64,0.3592245487656852,0.37545389956354064,0.07714285714285714,0.10457516339869281,0.12285714285714286,0.12571428571428572,7.042857142857143,0.0915032679738562,0.008571428571428572,0.03917342129981856,0.11836634914903713,8.666666666666666,0.0,0.0,0.15,0.08169934640522876,0,0.17814017117759057,0.2169387008638824,4.882902253735275,0.9431128000000003,0.0,1.0,0.0,0.0,0.0,0.0,0.0,0.08,0.11003236245954692,0.05,0.25
99,0.9447502394017688,0.5071648639344403,0.9144543815457989,0.5061351295724694,0.26040296497001675,0.5067005885086894,0.7245901639344262,0.3615561760981509,0.3906062225982232,0.08196721311475409,0.6314285714285715,0.3592245487656852,0.37545389956354064,0.07714285714285714,0.09836065573770492,0.12285714285714286,0.12857142857142856,7.137142857142857,0.08852459016393442,0.002857142857142857,0.0393063869220939,0.11836634914903711,8.62295081967213,0.0,0.0,0.15,0.07540983606557378,0,0.17782061317884548,0.215854007359563,4.908101351517713,0.9242505440000003,0.0,1.0,0.0,0.0,0.0,0.0,0.0,0.08,0.10130718954248366,0.05,0.25
100,0.9448308664635304,0.507809006822868,0.9145399074933445,0.506409159594197,0.26040296497001675,0.5063834016812415,0.7171052631578947,0.3610953195975072,0.39066313460802643,0.08223684210526316,0.6228571428571429,0.3592245487656852,0.37545389956354064,0.07714285714285714,0.10197368421052631,0.11142857142857143,0.13142857142857142,7.2371428571428575,0.08881578947368421,0.002857142857142857,0.03934333267031768,0.11836634914903711,8.552631578947368,0.0,0.0,0.15,0.07894736842105263,0,0.17747408154152267,0.21477473732276517,4.92136789591593,0.9057655331200002,0.0,1.0,0.0,0.0,0.0,0.0,0.0,0.08,0.10491803278688525,0.05,0.25
101,0.9443994651712572,0.5088519061303757,0.9141652046566271,0.5075427343875039,0.26040296497001675,0.5059402206078917,0.7368421052631579,0.3610953195975072,0.39066313460802643,0.08223684210526316,0.64,0.3592245487656852,0.37545389956354064,0.07714285714285714,0.10526315789473684,0.11428571428571428,0.13142857142857142,7.32,0.09210526315789473,0.0,0.039407340287713,0.11836634914903711,8.552631578947368,0.0,0.0,0.15,0.07894736842105263,0,0.17727156899095792,0.21370086363615134,4.937226252283327,0.8876502224576002,0.0,1.0,0.0,0.0,0.0,0.0,0.0,0.08,0.10526315789473684,0.05,0.25
102,0.9456030127792356,0.5096614209023924,0.9151159282725598,0.5082458399148225,0.26040296497001675,0.5055022723358722,0.7194719471947195,0.3617456847673772,0.3903912848771844,0.08250825082508251,0.6228571428571429,0.35911026305139954,0.37536818527782634,0.07714285714285714,0.09570957095709572,0.10571428571428572,0.13428571428571429,7.4314285714285715,0.0891089108910891,0.002857142857142857,0.03940475736454429,0.1183663491490371,8.534653465346535,0.0,0.0,0.15,0.07920792079207921,0,0.17772792543171742,0.22397021965352368,4.944196012951945,1.000534037616071,0.0,0.9459459459459459,0.0,0.0,0.0,0.0,0.0,0.08,0.09868421052631579,0.05,0.25
103,0.9457353395752117,0.5096843845476328,0.9152304854702191,0.5079196070179196,0.26040296497001675,0.5051503511226964,0.6501650165016502,0.361613671566057,0.3902922749761943,0.08250825082508251,0.5628571428571428,0.3589959773371138,0.37528247099211204,0.07714285714285714,0.11221122112211221,0.12,0.13428571428571429,7.508571428571429,0.0891089108910891,0.0,0.03942517148458163,0.1183663491490371,8.534653465346535,0.0,0.0,0.15,0.07920792079207921,0,0.17789585723313026,0.2492583942356611,4.965312092692905,1.0010671977631198,0.0,0.9761904761904762,0.0,0.0,0.0,0.0,0.0,0.08,0.11221122112211221,0.05,0.25
104,0.9476699714135134,0.5092813755221227,0.9162414246936033,0.5077748550256899,0.26040296497001675,0.5049015350481647,0.6357615894039735,0.36011587309858484,0.39092508219705113,0.08278145695364239,0.5485714285714286,0.35888169162282807,0.37519675670639774,0.07714285714285714,0.10264900662251655,0.10571428571428572,0.13714285714285715,7.597142857142857,0.08609271523178808,0.002857142857142857,0.039430365078276755,0.11836634914903711,8.516556291390728,0.0,0.0,0.15,0.07947019867549669,0,0.17792052080410747,0.24801210226448278,4.971720136553333,1.012069846269586,0.0,0.972972972972973,0.0,0.0,0.0,0.0,0.0,0.08,0.10231023102310231,0.05,0.25
105,0.9494417708806595,0.5085261222273381,0.9173714339611508,0.5074314496652551,0.26040296497001675,0.5046225074923804,0.7475083056478405,0.35978071276607154,0.391763903095734,0.08305647840531562,0.6428571428571429,0.35876740590854234,0.37511104242068344,0.07714285714285714,0.09634551495016612,0.09714285714285714,0.14,7.671428571428572,0.08305647840531562,0.002857142857142857,0.03946919234987531,0.11836634914903711,8.498338870431894,0.0,0.0,0.15,0.07973421926910298,0,0.1779733467715155,0.24790294541755906,4.969428590965124,1.1012719149483667,0.0,0.9705882352941176,0.0,0.0,0.0,0.0,0.0,0.08,0.09602649006622517,0.05,0.25
106,0.9514892038162862,0.508166925571574,0.9191322262857896,0.5070429818701274,0.26040296497001675,0.5041607876286041,0.7109634551495017,0.3597142675833473,0.3917140692086908,0.08305647840531562,0.6114285714285714,0.3587102630513995,0.37506818527782626,0.07714285714285714,0.08637873754152824,0.09428571428571429,0.14,7.7542857142857144,0.08305647840531562,0.0,0.03946919234987531,0.11836634914903711,8.498338870431894,0.0,0.0,0.15,0.07973421926910298,0,0.17805433718051505,0.2525040117743328,4.964325733431535,1.10692775135133,0.0,0.9696969696969697,0.0,0.0,0.0,0.0,0.0,0.08,0.08637873754152824,0.05,0.25
107,0.9518914930340044,0.50827149279627,0.9194781950130273,0.5069368588304178,0.26040296497001675,0.5038211102129712,0.7375415282392026,0.3597142675833473,0.3917140692086908,0.08305647840531562,0.6342857142857142,0.3587102630513995,0.37506818527782626,0.07714285714285714,0.07973421926910298,0.09714285714285714,0.14,7.831428571428572,0.08970099667774087,0.0,0.03946919234987531,0.11836634914903711,8.498338870431894,0.0,0.0,0.15,0.07973421926910298,0,0.17790351894141546,0.2512414917154611,4.962182075905762,1.0847891963243033,0.0,1.0,0.0,0.0,0.0,0.0,0.0,0.08,0.07973421926910298,0.05,0.25
108,0.9539341424163771,0.5074470500682179,0.9190053003024842,0.506720859450005,0.26040296497001675,0.5035866103130259,0.725752508361204,0.3613784030208372,0.3905425026725314,0.08361204013377926,0.62,0.3587102630513995,0.37506818527782626,0.07714285714285714,0.08695652173913043,0.09714285714285714,0.1457142857142857,7.9,0.08361204013377926,0.005714285714285714,0.03958138673276038,0.1183663491490371,8.414715719063546,0.0,0.0,0.15,0.0802675585284281,0,0.1775847163467084,0.24998528425688382,4.9600812915305035,1.0630934123978173,0.0,1.0,0.0,0.0,0.0,0.0,0.0,0.08,0.08970099667774087,0.05,0.25
109,0.9548189809608849,0.5076011106711948,0.9197612052305063,0.5068996022833825,0.26040296497001675,0.5035533120098217,0.7123745819397993,0.3612446237566231,0.39044216822437083,0.08361204013377926,0.6085714285714285,0.35859597733711385,0.37498247099211196,0.07714285714285714,0.07357859531772576,0.08,0.1457142857142857,7.98,0.08361204013377926,0.0,0.039594949937709935,0.1183663491490371,8.414715719063546,0.0,0.0,0.15,0.0802675585284281,0,0.17755364990783196,0.24873535783559939,4.940879665699893,1.041831544149861,0.0,0.9642857142857143,0.0,0.0,0.0,0.0,0.0,0.08,0.07357859531772576,0.05,0.25
110,0.9549611493226775,0.5064499640521503,0.9195503160297293,0.506829290919148,0.26040296497001675,0.5034559590458381,0.734006734006734,0.3624280673672258,0.39052513217095475,0.08417508417508418,0.6228571428571429,0.35859597733711385,0.37498247099211196,0.07714285714285714,0.08080808080808081,0.1,0.15142857142857144,8.06857142857143,0.08417508417508418,0.005714285714285714,0.03963244075299944,0.11836634914903711,8.35016835016835,0.0,0.0,0.15,0.08080808080808081,0,0.17729345380114994,0.24749168104642139,4.942062072385896,1.0209949132668636,0.0,1.0,0.0,0.0,0.0,0.0,0.0,0.08,0.08695652173913043,0.05,0.25
111,0.9550552707022308,0.5062515949170202,0.9196301847432359,0.506697675058011,0.26040296497001675,0.5034796562778887,0.7373737373737373,0.3624280673672258,0.39052513217095475,0.08417508417508418,0.6257142857142857,0.35859597733711385,0.37498247099211196,0.07714285714285714,0.08080808080808081,0.08857142857142856,0.15142857142857144,8.1,0.08417508417508418,0.0,0.03967670738671356,0.11836634914903711,8.35016835016835,0.0,0.0,0.15,0.08080808080808081,0,0.17686384367500133,0.2462542226411893,4.931792259509606,1.0005750150015262,0.0,1.0,0.0,0.0,0.0,0.0,0.0,0.08,0.08080808080808081,0.05,0.25
112,0.9550810628711496,0.5057051411473327,0.9196520712408611,0.506349567701483,0.26040296497001675,0.5034653758667934,0.7070707070707071,0.3624280673672258,0.39052513217095475,0.08417508417508418,0.6,0.35859597733711385,0.37498247099211196,0.07714285714285714,0.07407407407407407,0.08571428571428572,0.15142857142857144,8.157142857142857,0.08754208754208755,0.0,0.03967670738671356,0.11836634914903711,8.35016835016835,0.0,0.0,0.15,0.08080808080808081,0,0.1765491030102156,0.24502295152798334,4.9188707000336995,0.9805635147014957,0.0,1.0,0.0,0.0,0.0,0.0,0.0,0.08,0.07407407407407407,0.05,0.25
113,0.956125839203959,0.5058914520064047,0.9205386385861308,0.5064276715332463,0.26040296497001675,0.503515017621525,0.7474747474747475,0.3622260471652056,0.3903736170194396,0.08417508417508418,0.6342857142857142,0.3584245487656852,0.37485389956354054,0.07714285714285714,0.08754208754208755,0.1,0.15142857142857144,8.225714285714286,0.08754208754208755,0.0,0.03967670738671356,0.11836634914903711,8.35016835016835,0.0,0.0,0.15,0.08080808080808081,0,0.1771227860665931,0.24379783677034342,4.920493286033026,0.9876700260982056,0.0,0.9428571428571428,0.0,0.0,0.0,0.0,0.0,0.08,0.08754208754208755,0.05,0.25
114,0.9598809104518912,0.5054039461770646,0.9218195097484809,0.5061977492517982,0.26040296497001675,0.5035293418282353,0.7533783783783784,0.362875756463995,0.39105463511442473,0.08445945945945946,0.6371428571428571,0.3584245487656852,0.37485389956354054,0.07714285714285714,0.060810810810810814,0.08571428571428572,0.15428571428571428,8.294285714285714,0.08445945945945946,0.002857142857142857,0.0397685332180244,0.1183663491490371,8.155405405405405,0.0,0.0,0.15,0.08108108108108109,0,0.17663702927911729,0.2425788475864917,4.907797706026651,0.9679166255762416,0.0,1.0,0.0,0.0,0.0,0.0,0.0,0.08,0.06397306397306397,0.05,0.25
115,0.9593447137975806,0.5057414738721098,0.9209991564649957,0.5066784903382748,0.26040296497001675,0.5035538787708669,0.752542372881356,0.36355755171179943,0.39048970253937354,0.0847457627118644,0.6342857142857142,0.3584245487656852,0.37485389956354054,0.07714285714285714,0.06779661016949153,0.06857142857142857,0.15714285714285714,8.362857142857143,0.08135593220338982,0.002857142857142857,0.03987083928324512,0.11836634914903711,8.155932203389831,0.0,0.0,0.15,0.08135593220338982,0,0.17621013056129314,0.24136595334855926,4.878213180477546,0.9485582930647166,0.0,1.0,0.0,0.0,0.0,0.0,0.0,0.08,0.07094594594594594,0.05,0.25
116,0.9623345108330802,0.5060832516105818,0.9222778607598517,0.5064233526909886,0.26040296497001675,0.5037644608733673,0.7167235494880546,0.36465359382436807,0.3902911454166225,0.08532423208191127,0.6,0.3584245487656852,0.37485389956354054,0.07714285714285714,0.07849829351535836,0.08,0.16285714285714287,8.42,0.07508532423208192,0.005714285714285714,0.040022521893452054,0.1183663491490371,7.952218430034129,0.0,0.0,0.15,0.08191126279863481,0,0.17589950919420097,0.24015912358181646,4.860648916867994,0.9295871272034223,0.0,1.0,0.0,0.0,0.0,0.0,0.0,0.08,0.08135593220338982,0.05,0.25
117,0.9613778923171858,0.5065953114839689,0.9214772910269007,0.5065517098922214,0.26040296497001675,0.5040017644120286,0.7397260273972602,0.3655008042033096,0.39152501920229593,0.08561643835616438,0.6171428571428571,0.35831026305139946,0.3747681852778263,0.07714285714285714,0.07534246575342465,0.08857142857142856,0.1657142857142857,8.477142857142857,0.07191780821917808,0.002857142857142857,0.040133738497704755,0.11836634914903711,7.9520547945205475,0.0,0.0,0.15,0.07876712328767123,0,0.1760188702196585,0.24604022622396482,4.852007367102063,0.9223681599999999,0.0,0.967741935483871,0.0,0.0,0.0,0.0,0.0,0.08,0.07508532423208192,0.05,0.25
118,0.9625218427029388,0.5051589101570901,0.9219761831815424,0.5053875976320222,0.26040296497001675,0.5041347368218039,0.7525773195876289,0.3633203945957608,0.38943403988683983,0.08247422680412371,0.6257142857142857,0.35831026305139946,0.3747681852778263,0.07714285714285714,0.06872852233676977,0.07428571428571429,0.16857142857142857,8.525714285714285,0.06872852233676977,0.002857142857142857,0.04022966814781571,0.11836634914903711,7.876288659793815,0.0,0.0,0.15,0.07560137457044673,0,0.1755670615828459,0.244810025092845,4.829252934045736,0.9039207967999998,0.0,1.0,0.0,0.0,0.0,0.0,0.0,0.08,0.07191780821917808,0.05,0.25
119,0.9631949101524594,0.5048740345287797,0.9225357906895724,0.5052047271959416,0.26040296497001675,0.5039062878284392,0.7457044673539519,0.3633203945957608,0.38943403988683983,0.08247422680412371,0.62,0.35831026305139946,0.3747681852778263,0.07714285714285714,0.09278350515463918,0.1,0.16857142857142857,8.59142857142857,0.06872852233676977,0.0,0.0402552917507322,0.11836634914903711,7.876288659793815,0.0,0.0,0.15,0.07903780068728522,0,0.1754022277035031,0.2435859749673808,4.832667875364822,0.8858423808639998,0.0,1.0,0.0,0.0,0.0,0.0,0.0,0.08,0.09278350515463918,0.05,0.25
120,0.9648258087909567,0.5058868901920208,0.9228371318553296,0.5056074423857142,0.26040296497001675,0.5035629810130691,0.7517241379310344,0.3623362820812295,0.3889983021405783,0.08275862068965517,0.6228571428571429,0.3581959773371138,0.374682470992112,0.07714285714285714,0.0896551724137931,0.09428571428571429,0.17142857142857143,8.654285714285715,0.06896551724137931,0.002857142857142857,0.04028068164377015,0.1183663491490371,7.848275862068966,0.0,0.0,0.15,0.07931034482758621,0,0.17578235942212847,0.2423680450925439,4.830300232143239,0.968485187980487,0.0,0.9393939393939394,0.0,0.0,0.0,0.0,0.0,0.08,0.08934707903780069,0.05,0.25
121,0.9652261288861719,0.505625182861853,0.9230214910659658,0.5049026104012546,0.26040296497001675,0.5033133123438298,0.7370242214532872,0.36239839598232043,0.3879774536467821,0.08304498269896193,0.6085714285714285,0.3580245487656852,0.3745538995635405,0.07714285714285714,0.07958477508650519,0.09428571428571429,0.1742857142857143,8.734285714285715,0.07612456747404844,0.002857142857142857,0.040341054027446636,0.1183663491490371,7.7854671280276815,0.0,0.0,0.15,0.07958477508650519,0,0.17627444762501784,0.24539291532440097,4.827979941786088,0.98,0.0,0.9393939393939394,0.0,0.0,0.0,0.0,0.0,0.08,0.08275862068965517,0.05,0.25
122,0.964936985753395,0.5051457053397053,0.9227827414506156,0.5046394597256125,0.26040296497001675,0.5030549833148095,0.7577854671280276,0.362190783525573,0.3878217443042216,0.08304498269896193,0.6257142857142857,0.35785312019425664,0.37442532813496915,0.07714285714285714,0.07958477508650519,0.09714285714285714,0.1742857142857143,8.78,0.07612456747404844,0.0,0.040395247376704656,0.1183663491490371,7.7854671280276815,0.0,0.0,0.15,0.07958477508650519,0,0.17679250467260704,0.24416595074777897,4.828563200093223,0.9682282718811417,0.0,0.9411764705882353,0.0,0.0,0.0,0.0,0.0,0.08,0.07958477508650519,0.05,0.25
123,0.9647785264144595,0.5057141396936942,0.9227399704689291,0.5048335318827947,0.26040296497001675,0.5029442302102405,0.7291666666666666,0.36285396006435683,0.3878396024207469,0.08333333333333333,0.6,0.35773883447997096,0.37433961384925496,0.07714285714285714,0.06944444444444445,0.07714285714285714,0.17714285714285713,8.842857142857143,0.0763888888888889,0.002857142857142857,0.040427575737186854,0.11836634914903711,7.763888888888889,0.0,0.0,0.15,0.0798611111111111,0,0.17673697072067257,0.2429451209940401,4.809134793234217,0.9623600000000003,0.0,0.9629629629629629,0.0,0.0,0.0,0.0,0.0,0.08,0.06920415224913495,0.05,0.25
124,0.965192842431698,0.5064953475432767,0.9231761479461956,0.5056119035731508,0.26040296497001675,0.5027947784479401,0.7804878048780488,0.3638673181697147,0.388305056049901,0.08013937282229965,0.64,0.3576245487656852,0.37425389956354055,0.07428571428571429,0.08710801393728224,0.09714285714285714,0.18,8.922857142857143,0.07317073170731707,0.002857142857142857,0.04062981898560779,0.1183663491490371,7.56794425087108,0.0,0.0,0.15,0.08013937282229965,0,0.1768527144384978,0.24173039538906987,4.810094954512389,0.9603999999999999,0.0,0.9705882352941176,0.0,0.0,0.0,0.0,0.0,0.08,0.09027777777777778,0.05,0.25
125,0.9663483768827352,0.5064658116774104,0.9242169041673055,0.5056298354527637,0.26040296497001675,0.5028200206319069,0.7307692307692307,0.3623690147865962,0.3884430765556698,0.08041958041958042,0.5971428571428572,0.3575102630513995,0.37416818527782636,0.07428571428571429,0.06293706293706294,0.08285714285714285,0.18285714285714286,9.0,0.06993006993006994,0.002857142857142857,0.04065720054476734,0.1183663491490371,7.5524475524475525,0.0,0.0,0.15,0.08041958041958042,0,0.1769383151341803,0.24052174341212454,4.796750198279285,0.9428661698539829,0.0,0.9655172413793104,0.0,0.0,0.0,0.0,0.0,0.08,0.06620209059233449,0.05,0.25
126,0.9679505895138932,0.5054728495130133,0.9255261407744804,0.5049950779344151,0.26040296497001675,0.5028175507458175,0.7517482517482518,0.36222915464673605,0.38833818145077464,0.08041958041958042,0.6142857142857143,0.35739597733711376,0.374082470992112,0.07428571428571429,0.08391608391608392,0.08571428571428572,0.18285714285714286,9.06,0.06993006993006994,0.0,0.04065720054476734,0.1183663491490371,7.5524475524475525,0.0,0.0,0.15,0.08041958041958042,0,0.17699605212993796,0.2393191346950639,4.786529480027983,0.9390167221121261,0.0,0.9666666666666667,0.0,0.0,0.0,0.0,0.0,0.08,0.08391608391608392,0.05,0.25
127,0.9681566297881835,0.506305096845896,0.9256945051129004,0.5055391044149968,0.26040296497001675,0.5027953322002866,0.6958041958041958,0.36222915464673605,0.38833818145077464,0.08041958041958042,0.5685714285714286,0.35739597733711376,0.374082470992112,0.07428571428571429,0.06293706293706294,0.06857142857142857,0.18285714285714286,9.105714285714285,0.06993006993006994,0.0,0.04065720054476734,0.1183663491490371,7.5524475524475525,0.0,0.0,0.15,0.08041958041958042,0,0.17648250044071684,0.2381225390215886,4.759370318998853,0.9202363876698836,0.0,1.0,0.0,0.0,0.0,0.0,0.0,0.08,0.06293706293706294,0.05,0.25
128,0.9681820036351332,0.5079111962023094,0.9254542719359276,0.5069203504865574,0.26040296497001675,0.5028329653489777,0.7640845070422535,0.3630781455865518,0.388554540892038,0.08098591549295775,0.62,0.35733883447997095,0.3740396138492549,0.07428571428571429,0.06338028169014084,0.06571428571428571,0.18857142857142858,9.168571428571429,0.06338028169014084,0.005714285714285714,0.04089619413495254,0.11836634914903708,7.330985915492958,0.0,0.0,0.15,0.08098591549295775,0,0.17639980222422752,0.23693192632648064,4.729897198333162,0.9057655331200002,0.0,0.9565217391304348,0.0,0.0,0.0,0.0,0.0,0.08,0.06993006993006994,0.05,0.25
129,0.9686878984348174,0.5089236017972594,0.9258647694305284,0.5078278762743256,0.26040296497001675,0.5029723027915817,0.7711267605633803,0.3629373005161293,0.3884489070892211,0.08098591549295775,0.6257142857142857,0.3572245487656852,0.3739538995635405,0.07428571428571429,0.08450704225352113,0.08857142857142856,0.18857142857142858,9.225714285714286,0.06338028169014084,0.0,0.0409204638792749,0.11836634914903708,7.330985915492958,0.0,0.0,0.15,0.08098591549295775,0,0.17711552320596355,0.23683993360465994,4.7238706829379264,0.9239690712955934,0.0,0.9354838709677419,0.0,0.0,0.0,0.0,0.0,0.08,0.08450704225352113,0.05,0.25
130,0.9687209953105091,0.5096466427301029,0.9258916251810898,0.5084574246421781,0.26040296497001675,0.5032453650215492,0.7323943661971831,0.3629373005161293,0.3884489070892211,0.08098591549295775,0.5942857142857143,0.3572245487656852,0.3739538995635405,0.07428571428571429,0.07042253521126761,0.07142857142857142,0.18857142857142858,9.274285714285714,0.06338028169014084,0.0,0.0409204638792749,0.11836634914903708,7.330985915492958,0.0,0.0,0.15,0.08098591549295775,0,0.17665837416136226,0.23565573393663664,4.70082184070774,0.9054896898696815,0.0,1.0,0.0,0.0,0.0,0.0,0.0,0.08,0.07042253521126761,0.05,0.25
131,0.9681725130810401,0.5101173047128833,0.9253777436466037,0.5088979599666088,0.26040296497001675,0.5035276077264917,0.7773851590106007,0.36382012036284167,0.3873298969351096,0.0812720848056537,0.6285714285714286,0.35711026305139953,0.37386818527782634,0.07428571428571429,0.07420494699646643,0.07714285714285714,0.19142857142857142,9.334285714285715,0.0636042402826855,0.002857142857142857,0.040915839403619376,0.11836634914903713,7.321554770318021,0.0,0.0,0.15,0.0812720848056537,0,0.17668908229055547,0.23519872603640668,4.683948261036442,0.9014878593321888,0.0,0.9629629629629629,0.0,0.0,0.0,0.0,0.0,0.08,0.07746478873239436,0.05,0.25
132,0.968321572805345,0.5097431829493292,0.9248859886912958,0.5088248123062287,0.26040296497001675,0.503826656451715,0.776595744680851,0.3641091676518359,0.38785480155990065,0.08156028368794327,0.6257142857142857,0.35711026305139953,0.37386818527782634,0.07428571428571429,0.06382978723404255,0.06857142857142857,0.19428571428571428,9.38,0.05673758865248227,0.002857142857142857,0.04093840611437915,0.11836634914903711,7.290780141843972,0.0,0.0,0.15,0.08156028368794327,0,0.17623363759338842,0.23402273240622465,4.658840724387142,0.8834581021455449,0.0,1.0,0.0,0.0,0.0,0.0,0.0,0.08,0.06713780918727916,0.05,0.25
133,0.9687963102433022,0.5092671988967319,0.9252684914270213,0.5082075602249053,0.26040296497001675,0.504165689031133,0.7411347517730497,0.3641091676518359,0.38785480155990065,0.08156028368794327,0.5971428571428572,0.35711026305139953,0.37386818527782634,0.07428571428571429,0.05673758865248227,0.06,0.19428571428571428,9.428571428571429,0.05673758865248227,0.0,0.04097797201441338,0.11836634914903711,7.290780141843972,0.0,0.0,0.15,0.08156028368794327,0,0.1757520408339929,0.23285261874419355,4.625663909899399,0.865788940102634,0.0,1.0,0.0,0.0,0.0,0.0,0.0,0.08,0.05673758865248227,0.05,0.25
134,0.9710991628730246,0.5080798801212322,0.9253120385629414,0.5080274326960227,0.26040296497001675,0.5045528405066917,0.725,0.3642797807341846,0.38829786203613736,0.08214285714285714,0.58,0.35711026305139953,0.37386818527782634,0.07428571428571429,0.060714285714285714,0.06857142857142857,0.2,9.471428571428572,0.05357142857142857,0.005714285714285714,0.04107405741933523,0.11836634914903713,6.9714285714285715,0.0,0.0,0.15,0.08214285714285714,0,0.17530142348696579,0.23168835565047258,4.601722060272839,0.8484731613005813,0.0,1.0,0.0,0.0,0.0,0.0,0.0,0.08,0.06382978723404255,0.05,0.25
135,0.9721273293707091,0.5079379127124802,0.9260552620387112,0.507697478143341,0.26040296497001675,0.5048886840603323,0.7562724014336918,0.3650033044026659,0.3890880939732801,0.08243727598566308,0.6028571428571429,0.35711026305139953,0.37386818527782634,0.07428571428571429,0.06093189964157706,0.06285714285714286,0.20285714285714285,9.508571428571429,0.05017921146953405,0.002857142857142857,0.04129624406079951,0.1183663491490371,6.960573476702509,0.0,0.0,0.15,0.07885304659498207,0,0.17471063065524525,0.23052991387222022,4.572544761924525,0.8315036980745697,0.0,1.0,0.0,0.0,0.0,0.0,0.0,0.08,0.060714285714285714,0.05,0.25
136,0.9715624829451716,0.5087586802480383,0.9254639945581945,0.5082747134492278,0.26040296497001675,0.505345377730496,0.7733812949640287,0.36574702103698853,0.39006938689160564,0.08273381294964029,0.6142857142857143,0.35711026305139953,0.37386818527782634,0.07428571428571429,0.050359712230215826,0.054285714285714284,0.2057142857142857,9.551428571428572,0.046762589928057555,0.002857142857142857,0.041336411756457456,0.11836634914903708,6.9496402877697845,0.0,0.0,0.15,0.07913669064748201,0,0.17415093535911189,0.22937726430285912,4.535379580971749,0.8148736241130783,0.0,1.0,0.0,0.0,0.0,0.0,0.0,0.08,0.053763440860215055,0.05,0.25
137,0.9716538834594107,0.5086021482196472,0.925536592680933,0.5083947086538287,0.26040296497001675,0.5058356558627025,0.7805755395683454,0.36574702103698853,0.39006938689160564,0.08273381294964029,0.62,0.35711026305139953,0.37386818527782634,0.07428571428571429,0.0539568345323741,0.05714285714285714,0.2057142857142857,9.614285714285714,0.046762589928057555,0.0,0.04133914888666945,0.11836634914903708,6.9496402877697845,0.0,0.0,0.15,0.07913669064748201,0,0.17373505205742337,0.22823037798134482,4.501814846495171,0.7985761516308166,0.0,1.0,0.0,0.0,0.0,0.0,0.0,0.08,0.0539568345323741,0.05,0.25
138,0.9718251218532489,0.5086658508775248,0.9245572257741296,0.5089148041823447,0.26040296497001675,0.5062544686366725,0.8050541516245487,0.36345729909127367,0.3878674713208172,0.07942238267148015,0.6371428571428571,0.35711026305139953,0.37386818527782634,0.07428571428571429,0.04693140794223827,0.045714285714285714,0.20857142857142857,9.66,0.04332129963898917,0.002857142857142857,0.041424846257307545,0.11836634914903711,6.765342960288809,0.0,0.0,0.15,0.07942238267148015,0,0.17312337679713627,0.22708922609143808,4.457492835279553,0.7826046285982003,0.0,1.0,0.0,0.0,0.0,0.0,0.0,0.08,0.046762589928057555,0.05,0.25
139,0.9736143554239616,0.5076872115438092,0.9242528557787858,0.5078192996126218,0.26040296497001675,0.5067527682080488,0.8007246376811594,0.363744744197542,0.38626731468562925,0.07971014492753623,0.6314285714285715,0.3569959773371138,0.37378247099211204,0.07428571428571429,0.036231884057971016,0.03428571428571429,0.21142857142857144,9.694285714285714,0.03985507246376811,0.002857142857142857,0.0416397521739333,0.1183663491490371,6.659420289855072,0.0,0.0,0.15,0.07971014492753623,0,0.17282918848457915,0.2259537799609809,4.402628692859676,0.7721932854090737,0.0,0.9166666666666666,0.0,0.0,0.0,0.0,0.0,0.08,0.036101083032490974,0.05,0.25
140,0.974096893567823,0.5075527202032534,0.9246333715722307,0.5080596936291083,0.26040296497001675,0.5071789268027799,0.8115942028985508,0.363744744197542,0.38626731468562925,0.07971014492753623,0.64,0.3569959773371138,0.37378247099211204,0.07428571428571429,0.057971014492753624,0.054285714285714284,0.21142857142857144,9.725714285714286,0.043478260869565216,0.0,0.041716144178658446,0.1183663491490371,6.659420289855072,0.0,0.0,0.15,0.07971014492753623,0,0.17239247254215626,0.224824011061176,4.3688618332881966,0.7567494197008923,0.0,1.0,0.0,0.0,0.0,0.0,0.0,0.08,0.057971014492753624,0.05,0.25
141,0.9732363341274134,0.5071697428109359,0.9239547589849363,0.5075911946685747,0.26040296497001675,0.5075986166448966,0.7862318840579711,0.363744744197542,0.38626731468562925,0.07971014492753623,0.62,0.3569959773371138,0.37378247099211204,0.07428571428571429,0.05434782608695652,0.05142857142857143,0.21142857142857144,9.754285714285714,0.043478260869565216,0.0,0.041716144178658446,0.1183663491490371,6.659420289855072,0.0,0.0,0.15,0.07971014492753623,0,0.1717590816080169,0.2236998910058701,4.332913168051004,0.7416144313068743,0.0,1.0,0.0,0.0,0.0,0.0,0.0,0.08,0.05434782608695652,0.05,0.25
142,0.97538849748337,0.5069214955282592,0.9254319460448206,0.507124971974353,0.26040296497001675,0.5080793201900067,0.7956204379562044,0.3646880898633304,0.3848912538250048,0.08029197080291971,0.6228571428571429,0.35688169162282807,0.37369675670639774,0.07428571428571429,0.058394160583941604,0.054285714285714284,0.21714285714285714,9.802857142857142,0.0364963503649635,0.005714285714285714,0.04172667307465995,0.11836634914903711,6.635036496350365,0.0,0.0,0.15,0.08029197080291971,0,0.17158585762854825,0.22258139155084075,4.300540618975699,0.7544523727132534,0.0,0.9473684210526315,0.0,0.0,0.0,0.0,0.0,0.08,0.06521739130434782,0.05,0.25
143,0.9751248990161832,0.5068105163835612,0.9252255861019373,0.5076429236541581,0.26040296497001675,0.508671871110672,0.7773722627737226,0.3646880898633304,0.3848912538250048,0.08029197080291971,0.6085714285714285,0.35688169162282807,0.37369675670639774,0.07428571428571429,0.06569343065693431,0.06,0.21714285714285714,9.845714285714285,0.0364963503649635,0.0,0.04176108559467058,0.11836634914903711,6.635036496350365,0.0,0.0,0.15,0.08029197080291971,0,0.17118279971551253,0.22146848459308657,4.274529806596184,0.7393633252589883,0.0,1.0,0.0,0.0,0.0,0.0,0.0,0.08,0.06569343065693431,0.05,0.25
144,0.9747170010683384,0.5074327901407871,0.9249062602799102,0.5083140715698061,0.26040296497001675,0.5092416137307234,0.7554744525547445,0.36439611906041064,0.384672275722815,0.08029197080291971,0.5914285714285714,0.3566531201942566,0.37352532813496914,0.07428571428571429,0.043795620437956206,0.04,0.21714285714285714,9.868571428571428,0.0364963503649635,0.0,0.04176108559467058,0.11836634914903711,6.635036496350365,0.0,0.0,0.15,0.08029197080291971,0,0.17178402857407785,0.22729083101288114,4.2290392104642605,0.9094040120510897,0.0,0.7857142857142857,0.0,0.0,0.0,0.0,0.0,0.08,0.043795620437956206,0.05,0.25
145,0.9755557184857192,0.5075966079934082,0.9255628562009455,0.509064606579686,0.26040296497001675,0.5097754144924451,0.7627737226277372,0.36425013365895076,0.3845627866717201,0.08029197080291971,0.5971428571428572,0.3565388344799709,0.3734396138492549,0.07428571428571429,0.05474452554744526,0.05142857142857143,0.21714285714285714,9.9,0.0364963503649635,0.0,0.04176108559467058,0.11836634914903711,6.635036496350365,0.0,0.0,0.15,0.08029197080291971,0,0.171667537002636,0.22870672508639164,4.195886997683547,0.9397393012922016,0.0,0.9444444444444444,0.0,0.0,0.0,0.0,0.0,0.08,0.05474452554744526,0.05,0.25
146,0.9746024952251584,0.5076047522332342,0.9248166185626779,0.5088740916510326,0.26040296497001675,0.5103627615180962,0.781021897810219,0.36425013365895076,0.3845627866717201,0.08029197080291971,0.6114285714285714,0.3565388344799709,0.3734396138492549,0.07428571428571429,0.05474452554744526,0.04857142857142857,0.21714285714285714,9.934285714285714,0.040145985401459854,0.0,0.04176108559467058,0.11836634914903711,6.635036496350365,0.0,0.0,0.15,0.08029197080291971,0,0.17140103100440315,0.22756319146095969,4.160540686301304,0.9209445152663576,0.0,1.0,0.0,0.0,0.0,0.0,0.0,0.08,0.05474452554744526,0.05,0.25
147,0.9758714424705045,0.507955204421622,0.9257260268181238,0.5090815616519242,0.26040296497001675,0.5108069124283644,0.7838827838827839,0.3637971802323074,0.38414052846782226,0.08058608058608059,0.6114285714285714,0.3565388344799709,0.3734396138492549,0.07428571428571429,0.05128205128205128,0.04857142857142857,0.22,9.971428571428572,0.03663003663003663,0.002857142857142857,0.041766279944430204,0.1183663491490371,6.615384615384615,0.0,0.0,0.15,0.08058608058608059,0,0.17080102584938114,0.22642537550365488,4.1259013011467065,0.9025256249610305,0.0,1.0,0.0,0.0,0.0,0.0,0.0,0.08,0.05474452554744526,0.05,0.25
148,0.9754827250119793,0.5089801908010981,0.925422827200474,0.5099660219184307,0.26040296497001675,0.5110959792605383,0.7912087912087912,0.3637971802323074,0.38414052846782226,0.08058608058608059,0.6171428571428571,0.3565388344799709,0.3734396138492549,0.07428571428571429,0.05860805860805861,0.054285714285714284,0.22,10.017142857142858,0.040293040293040296,0.0,0.04178921565940767,0.1183663491490371,6.615384615384615,0.0,0.0,0.15,0.08058608058608059,0,0.17034588071656284,0.2252932486261366,4.097668989409486,0.8844751124618098,0.0,1.0,0.0,0.0,0.0,0.0,0.0,0.08,0.05860805860805861,0.05,0.25
149,0.9754602290951456,0.5089860063303183,0.9254052803853436,0.509739576291628,0.26040296497001675,0.5115322452977743,0.7802197802197802,0.3637971802323074,0.38414052846782226,0.08058608058608059,0.6085714285714285,0.3565388344799709,0.3734396138492549,0.07428571428571429,0.05128205128205128,0.04857142857142857,0.22,10.048571428571428,0.040293040293040296,0.0,0.04178921565940767,0.1183663491490371,6.615384615384615,0.0,0.0,0.15,0.08058608058608059,0,0.16975115131297996,0.22416678238300589,4.064287038192726,0.8667856102125736,0.0,1.0,0.0,0.0,0.0,0.0,0.0,0.08,0.05128205128205128,0.05,0.25
150,0.9767301275545965,0.5097506287522904,0.9260288093959154,0.5106743376524816,0.26040296497001675,0.511813728972081,0.7058823529411765,0.3634884585499949,0.38406728275655805,0.08088235294117647,0.5485714285714286,0.3565388344799709,0.3734396138492549,0.07428571428571429,0.03676470588235294,0.037142857142857144,0.22285714285714286,10.09142857142857,0.03676470588235294,0.002857142857142857,0.04184431559646166,0.1183663491490371,6.544117647058823,0.0,0.0,0.15,0.08088235294117647,0,0.16913082412784367,0.22304594847109085,4.020144154571728,0.849449898008322,0.0,1.0,0.0,0.0,0.0,0.0,0.0,0.08,0.040293040293040296,0.05,0.25
151,0.9766132466213214,0.5093240754802214,0.9259379762134845,0.5107584739911891,0.26040296497001675,0.5120544974332057,0.75,0.36334139972646545,0.38398526787940646,0.08088235294117647,0.5828571428571429,0.3564245487656852,0.3733758765732971,0.07428571428571429,0.04044117647058824,0.037142857142857144,0.22285714285714286,10.105714285714285,0.03676470588235294,0.0,0.04190263034801181,0.1183663491490371,6.544117647058823,0.0,0.0,0.15,0.08088235294117647,0,0.16899917000720444,0.23479046755302913,3.976884128623151,0.8371855392418075,0.0,0.9230769230769231,0.0,0.0,0.0,0.0,0.0,0.08,0.04044117647058824,0.05,0.25
152,0.9771672178565423,0.5094553389404702,0.92602977644773,0.510669053832778,0.26040296497001675,0.5122265021462173,0.8191881918819188,0.36309511888917223,0.38374268517090354,0.08118081180811808,0.6342857142857142,0.3563102630513995,0.3732901622875828,0.07428571428571429,0.03690036900369004,0.04,0.2257142857142857,10.145714285714286,0.033210332103321034,0.002857142857142857,0.04204247918538712,0.11836634914903711,6.450184501845018,0.0,0.0,0.15,0.08118081180811808,0,0.16883974558573986,0.23867000227841778,3.937346446050687,0.8507630225817854,0.0,0.9285714285714286,0.0,0.0,0.0,0.0,0.0,0.08,0.04044117647058824,0.05,0.25
153,0.9766256180961023,0.5095791488710745,0.9254016636752356,0.5105236930974683,0.26040296497001675,0.512439901940834,0.7962962962962963,0.3638644622431776,0.38336578553071243,0.08148148148148149,0.6142857142857143,0.3563102630513995,0.3732901622875828,0.07428571428571429,0.04814814814814815,0.05142857142857143,0.22857142857142856,10.174285714285714,0.03333333333333333,0.002857142857142857,0.04216210460363943,0.11836634914903713,6.362962962962963,0.0,0.0,0.15,0.08148148148148149,0,0.1684504182329182,0.2374766522670257,3.9100280885582457,0.8337477621301497,0.0,1.0,0.0,0.0,0.0,0.0,0.0,0.08,0.05166051660516605,0.05,0.25
154,0.9753453316773958,0.5095161243599524,0.9244140141522336,0.5107806995551099,0.26040296497001675,0.5126822991469111,0.774074074074074,0.3638644622431776,0.38336578553071243,0.08148148148148149,0.5971428571428572,0.3563102630513995,0.3732901622875828,0.07428571428571429,0.03333333333333333,0.03142857142857143,0.22857142857142856,10.194285714285714,0.03333333333333333,0.0,0.04217453357877717,0.11836634914903713,6.362962962962963,0.0,0.0,0.15,0.08148148148148149,0,0.1677795947131822,0.23628926900569056,3.8632560982156514,0.8170728068875467,0.0,1.0,0.0,0.0,0.0,0.0,0.0,0.08,0.03333333333333333,0.05,0.25
155,0.9759086729385474,0.5098148022681434,0.9248485916965505,0.5110920314711653,0.26040296497001675,0.5128469214303542,0.8,0.36371631409502947,0.3832546744196013,0.08148148148148149,0.6171428571428571,0.35619597733711383,0.3732044480018685,0.07428571428571429,0.04814814814814815,0.04857142857142857,0.22857142857142856,10.228571428571428,0.03333333333333333,0.0,0.04217453357877717,0.11836634914903713,6.362962962962963,0.0,0.0,0.15,0.08148148148148149,0,0.16771169673961628,0.23637583849844507,3.834562404822768,0.8134226221577682,0.0,0.9411764705882353,0.0,0.0,0.0,0.0,0.0,0.08,0.04814814814814815,0.05,0.25
156,0.9778439379070258,0.509067686183663,0.9261182710940378,0.5106684436029321,0.26040296497001675,0.513035748156343,0.8246268656716418,0.3632529928012462,0.3834015616597362,0.08208955223880597,0.6314285714285715,0.35619597733711383,0.3732044480018685,0.07428571428571429,0.041044776119402986,0.04857142857142857,0.2342857142857143,10.265714285714285,0.029850746268656716,0.005714285714285714,0.04222147257464938,0.11836634914903713,6.3059701492537314,0.0,0.0,0.15,0.08208955223880597,0,0.16713028111306108,0.23519395930595285,3.8064425852977406,0.7971541697146128,0.0,1.0,0.0,0.0,0.0,0.0,0.0,0.08,0.04814814814814815,0.05,0.25
157,0.976465066394838,0.5091681209631678,0.9250624494789913,0.5107622995781356,0.26040296497001675,0.5132605750640588,0.7761194029850746,0.3632529928012462,0.3834015616597362,0.08208955223880597,0.5942857142857143,0.35619597733711383,0.3732044480018685,0.07428571428571429,0.041044776119402986,0.04285714285714286,0.2342857142857143,10.297142857142857,0.029850746268656716,0.0,0.04228278228505307,0.11836634914903713,6.3059701492537314,0.0,0.0,0.15,0.07835820895522388,0,0.1665517725646386,0.2340179895094231,3.7731708764489276,0.7812110863203205,0.0,1.0,0.0,0.0,0.0,0.0,0.0,0.08,0.041044776119402986,0.05,0.25
158,0.9765041978684389,0.5104134647632652,0.9250924130073486,0.5117105021976214,0.26040296497001675,0.5133219606468927,0.7947761194029851,0.36295448533855956,0.38317768106272126,0.08208955223880597,0.6085714285714285,0.35596740590854237,0.37303301943044,0.07428571428571429,0.041044776119402986,0.037142857142857144,0.2342857142857143,10.337142857142856,0.029850746268656716,0.0,0.04228278228505307,0.11836634914903713,6.3059701492537314,0.0,0.0,0.15,0.07835820895522388,0,0.16677615655895828,0.24007842457369646,3.7348503160628064,0.8852543431417145,0.0,0.8461538461538461,0.0,0.0,0.0,0.0,0.0,0.08,0.041044776119402986,0.05,0.25
159,0.9761422279239379,0.5114702939327338,0.9248152474498449,0.5126301473665371,0.26040296497001675,0.5136936717535628,0.7835820895522388,0.36295448533855956,0.38317768106272126,0.08208955223880597,0.6,0.35596740590854237,0.37303301943044,0.07428571428571429,0.026119402985074626,0.02857142857142857,0.2342857142857143,10.342857142857143,0.029850746268656716,0.0,0.04228278228505307,0.11836634914903713,6.3059701492537314,0.0,0.0,0.15,0.07835820895522388,0,0.1661421329190206,0.23887803245082798,3.688724738312979,0.8675492562788801,0.0,1.0,0.0,0.0,0.0,0.0,0.0,0.08,0.026119402985074626,0.05,0.25
160,0.9757562346759592,0.5114239518414917,0.9245196869056784,0.5127119214069976,0.26040296497001675,0.514060701149275,0.7649253731343284,0.36295448533855956,0.38317768106272126,0.08208955223880597,0.5857142857142857,0.35596740590854237,0.37303301943044,0.07428571428571429,0.03731343283582089,0.037142857142857144,0.2342857142857143,10.38,0.029850746268656716,0.0,0.04228278228505307,0.11836634914903713,6.3059701492537314,0.0,0.0,0.15,0.07835820895522388,0,0.16590186335777193,0.23768364228857386,3.652093100689577,0.8501982711533025,0.0,1.0,0.0,0.0,0.0,0.0,0.0,0.08,0.03731343283582089,0.05,0.25
161,0.9749815249728627,0.5123533595352165,0.9239264806187358,0.5135727217749336,0.26040296497001675,0.5143560711001999,0.8171641791044776,0.36280523160721634,0.3830657407642138,0.08208955223880597,0.6257142857142857,0.35585312019425663,0.3729473051447257,0.07428571428571429,0.033582089552238806,0.03428571428571429,0.2342857142857143,10.394285714285715,0.029850746268656716,0.0,0.04228278228505307,0.11836634914903713,6.3059701492537314,0.0,0.0,0.15,0.07835820895522388,0,0.16581421403741167,0.23649522407713097,3.6133369529614994,0.9105430968076395,0.0,0.9166666666666666,0.0,0.0,0.0,0.0,0.0,0.08,0.033582089552238806,0.05,0.25
162,0.9771957431264786,0.5112719374576297,0.9244999036519129,0.5125586000449003,0.26040296497001675,0.5146196805636207,0.8164794007490637,0.36317349588252396,0.3831062435131682,0.08239700374531835,0.6228571428571429,0.35585312019425663,0.3729473051447257,0.07428571428571429,0.04119850187265917,0.037142857142857144,0.23714285714285716,10.425714285714285,0.026217228464419477,0.002857142857142857,0.042371006751028104,0.11836634914903713,6.217228464419476,0.0,0.0,0.15,0.07865168539325842,0,0.16529900011008175,0.23531274795674534,3.578213071045126,0.8923322348714867,0.0,1.0,0.0,0.0,0.0,0.0,0.0,0.08,0.04477611940298507,0.05,0.25
163,0.9795360698333233,0.5112094168027566,0.9262852385968489,0.5125978060199009,0.26040296497001675,0.5149363123296236,0.8202247191011236,0.3630985895154828,0.3830500637378873,0.08239700374531835,0.6257142857142857,0.35579597733711377,0.3729044480018685,0.07428571428571429,0.026217228464419477,0.02857142857142857,0.23714285714285716,10.462857142857143,0.026217228464419477,0.0,0.04241665489388322,0.11836634914903713,6.217228464419476,0.0,0.0,0.15,0.07865168539325842,0,0.16512950510953134,0.23413618421696158,3.5352202381956523,0.8974410543911666,0.0,0.9,0.0,0.0,0.0,0.0,0.0,0.08,0.026217228464419477,0.05,0.25
164,0.9771601867912177,0.5116899954846001,0.9244727792475854,0.5132177288013926,0.26040296497001675,0.5150567221237575,0.797752808988764,0.36294877678140036,0.3829377041873255,0.08239700374531835,0.6085714285714285,0.3556816916228281,0.37281873371615426,0.07428571428571429,0.04868913857677903,0.05142857142857143,0.23714285714285716,10.48,0.026217228464419477,0.0,0.04241665489388322,0.11836634914903713,6.217228464419476,0.0,0.0,0.15,0.07865168539325842,0,0.16556028686969795,0.23488351642616742,3.515944404860311,0.9099689355521817,0.0,0.8888888888888888,0.0,0.0,0.0,0.0,0.0,0.08,0.04868913857677903,0.05,0.25
165,0.9772160670733907,0.5119537419480646,0.9242928803098258,0.5137690266852302,0.26040296497001675,0.5151161291757989,0.7631578947368421,0.3627347321261896,0.3831464330716302,0.08270676691729323,0.58,0.35562454876568517,0.3727758765732971,0.07428571428571429,0.041353383458646614,0.04285714285714286,0.24,10.51142857142857,0.02631578947368421,0.002857142857142857,0.04247654258411558,0.11836634914903713,6.18796992481203,0.0,0.0,0.15,0.07894736842105263,0,0.16538962829249232,0.23704119319933684,3.488482659620247,0.8949147816094994,0.0,0.9333333333333333,0.0,0.0,0.0,0.0,0.0,0.08,0.0449438202247191,0.05,0.25
166,0.978142910984928,0.5111779333237578,0.9249972816825943,0.5133123285676249,0.26040296497001675,0.514852412807929,0.7857142857142857,0.3627347321261896,0.3831464330716302,0.08270676691729323,0.5971428571428572,0.35562454876568517,0.3727758765732971,0.07428571428571429,0.03383458646616541,0.04,0.24,10.54,0.02631578947368421,0.0,0.04247894166244841,0.11836634914903713,6.18796992481203,0.0,0.0,0.15,0.07894736842105263,0,0.16487668015102985,0.23585598723334014,3.4587130064278426,0.8770164859773094,0.0,1.0,0.0,0.0,0.0,0.0,0.0,0.08,0.03383458646616541,0.05,0.25
167,0.9777156775796721,0.5124455219762328,0.9246725842945999,0.5143794153650157,0.26040296497001675,0.514705316073758,0.7857142857142857,0.3626595441562648,0.3830900420941866,0.08270676691729323,0.5971428571428572,0.35556740590854236,0.3727330194304399,0.07428571428571429,0.041353383458646614,0.04285714285714286,0.24,10.525714285714285,0.02631578947368421,0.0,0.04247894166244841,0.11836634914903713,6.18796992481203,0.0,0.0,0.15,0.07894736842105263,0,0.16470943960741757,0.23467670729717344,3.4323958891564272,0.8837950267181561,0.0,0.9333333333333333,0.0,0.0,0.0,0.0,0.0,0.08,0.041353383458646614,0.05,0.25
168,0.977058961847945,0.510705902815369,0.9240411307145269,0.5130757808968002,0.26040296497001675,0.5146410418644255,0.7584905660377359,0.362914450968758,0.38435764132402506,0.0830188679245283,0.5742857142857143,0.3555102630513995,0.37269016228758284,0.07428571428571429,0.04150943396226415,0.037142857142857144,0.24285714285714285,10.542857142857143,0.018867924528301886,0.002857142857142857,0.04246584274721832,0.11836634914903714,6.181132075471698,0.0,0.0,0.15,0.07924528301886792,0,0.16451446383795193,0.24413727959456916,3.4008908285161565,0.8717050596020486,0.0,0.9230769230769231,0.0,0.0,0.0,0.0,0.0,0.08,0.041353383458646614,0.05,0.25
169,0.9757662778142229,0.5100862802025741,0.9230623842318518,0.5121700418035003,0.26040296497001675,0.5145988660066216,0.7660377358490567,0.3627635075725316,0.38424443377685524,0.0830188679245283,0.58,0.3553959773371138,0.37260444800186854,0.07428571428571429,0.033962264150943396,0.03142857142857143,0.24285714285714285,10.574285714285715,0.022641509433962263,0.0,0.04248678527101727,0.11836634914903714,6.181132075471698,0.0,0.0,0.15,0.07924528301886792,0,0.16437703509019072,0.2429165931965963,3.3643015833744045,0.8876502224576002,0.0,0.9090909090909091,0.0,0.0,0.0,0.0,0.0,0.08,0.033962264150943396,0.05,0.25
170,0.9761702062368676,0.5093036511527642,0.923368215751854,0.5116844980164522,0.26040296497001675,0.5144008616640052,0.7924528301886793,0.3627635075725316,0.38424443377685524,0.0830188679245283,0.6,0.3553959773371138,0.37260444800186854,0.07428571428571429,0.03773584905660377,0.037142857142857144,0.24285714285714285,10.594285714285714,0.026415094339622643,0.0,0.04248678527101727,0.11836634914903714,6.181132075471698,0.0,0.0,0.15,0.07924528301886792,0,0.16378357848616837,0.24170201023061333,3.3341584088497735,0.8698972180084482,0.0,1.0,0.0,0.0,0.0,0.0,0.0,0.08,0.03773584905660377,0.05,0.25
171,0.9773051344827494,0.5072675074105623,0.9242275185665932,0.5104557810498603,0.26040296497001675,0.5141112207259332,0.8075471698113208,0.36268803587441845,0.3841878300032704,0.0830188679245283,0.6114285714285714,0.35533883447997094,0.3725615908590114,0.07428571428571429,0.045283018867924525,0.045714285714285714,0.24285714285714285,10.625714285714286,0.026415094339622643,0.0,0.04248678527101727,0.11836634914903714,6.181132075471698,0.0,0.0,0.15,0.07924528301886792,0,0.16373523345088037,0.24049350017946028,3.3131895263870645,0.8735497959220491,0.0,0.9375,0.0,0.0,0.0,0.0,0.0,0.08,0.045283018867924525,0.05,0.25
172,0.9776619333392473,0.5065388990731516,0.9244976662722273,0.5098456554255176,0.26040296497001675,0.5138196847044644,0.769811320754717,0.36268803587441845,0.3841878300032704,0.0830188679245283,0.5828571428571429,0.35533883447997094,0.3725615908590114,0.07428571428571429,0.04150943396226415,0.04285714285714286,0.24285714285714285,10.66,0.026415094339622643,0.0,0.04248678527101727,0.11836634914903714,6.181132075471698,0.0,0.0,0.15,0.07924528301886792,0,0.1632021287121974,0.23929103267856297,3.2897828787164656,0.856078800003608,0.0,1.0,0.0,0.0,0.0,0.0,0.0,0.08,0.04150943396226415,0.05,0.25
173,0.9783156702818493,0.5060664780627542,0.9249926385287687,0.5095274432225194,0.26040296497001675,0.5135285214644034,0.8113207547169812,0.36268803587441845,0.3841878300032704,0.0830188679245283,0.6142857142857143,0.35533883447997094,0.3725615908590114,0.07428571428571429,0.04150943396226415,0.04,0.24285714285714285,10.7,0.026415094339622643,0.0,0.04248678527101727,0.11836634914903714,6.181132075471698,0.0,0.0,0.15,0.07924528301886792,0,0.16258611806863638,0.23809457751517016,3.263987221142136,0.8389572240035359,0.0,1.0,0.0,0.0,0.0,0.0,0.0,0.08,0.04150943396226415,0.05,0.25
174,0.977420390708517,0.5056170059886252,0.9243147839946744,0.5092280936806978,0.26040296497001675,0.5132450391987221,0.7924528301886793,0.3626125641763052,0.38413122622968543,0.0830188679245283,0.6,0.355281691622828,0.37251873371615424,0.07428571428571429,0.03018867924528302,0.03142857142857143,0.24285714285714285,10.728571428571428,0.026415094339622643,0.0,0.04248678527101727,0.11836634914903714,6.181132075471698,0.0,0.0,0.15,0.07924528301886792,0,0.1624016160497218,0.2369041046275943,3.2301360481478643,0.8717050596020486,0.0,0.9090909090909091,0.0,0.0,0.0,0.0,0.0,0.08,0.03018867924528302,0.05,0.25
175,0.9779822736992685,0.5046615147129723,0.9244464161438342,0.5085226728582098,0.26040296497001675,0.5128592504144415,0.8068181818181818,0.362562649944346,0.38333289782237473,0.08333333333333333,0.6085714285714285,0.3551102630513995,0.3723901622875828,0.07428571428571429,0.041666666666666664,0.04285714285714286,0.24571428571428572,10.76,0.022727272727272728,0.002857142857142857,0.042658090787827424,0.11836634914903713,5.984848484848484,0.0,0.0,0.15,0.07954545454545454,0,0.16270360796947317,0.23988167060582766,3.20839047004205,0.8990265164320376,0.0,0.8666666666666667,0.0,0.0,0.0,0.0,0.0,0.08,0.04150943396226415,0.05,0.25
176,0.978214006149397,0.505134656746117,0.9246212086205026,0.5092263197056676,0.26040296497001675,0.5125250574327262,0.8068181818181818,0.362562649944346,0.38333289782237473,0.08333333333333333,0.6085714285714285,0.3551102630513995,0.3723901622875828,0.07428571428571429,0.041666666666666664,0.037142857142857144,0.24571428571428572,10.791428571428572,0.022727272727272728,0.0,0.04270148677094064,0.11836634914903713,5.984848484848484,0.0,0.0,0.15,0.07954545454545454,0,0.16208994707248295,0.23868226225279854,3.1813655177840663,0.8810459861033969,0.0,1.0,0.0,0.0,0.0,0.0,0.0,0.08,0.041666666666666664,0.05,0.25
177,0.9779714053442217,0.5057697329105126,0.9244382182988847,0.5099651716350505,0.26040296497001675,0.512154529549213,0.803030303030303,0.36248689236858844,0.38327607964055654,0.08333333333333333,0.6057142857142858,0.3550531201942566,0.37234730514472564,0.07428571428571429,0.045454545454545456,0.045714285714285714,0.24571428571428572,10.814285714285715,0.022727272727272728,0.0,0.04270148677094064,0.11836634914903713,5.984848484848484,0.0,0.0,0.15,0.07954545454545454,0,0.1619934973371205,0.23748885094153455,3.16345249314267,0.8868678877080931,0.0,0.9375,0.0,0.0,0.0,0.0,0.0,0.08,0.045454545454545456,0.05,0.25
178,0.9783420069690216,0.5053621872021017,0.9247177578101623,0.5097215454014062,0.26040296497001675,0.5117906568555441,0.821969696969697,0.36248689236858844,0.38327607964055654,0.08333333333333333,0.62,0.3550531201942566,0.37234730514472564,0.07428571428571429,0.03787878787878788,0.037142857142857144,0.24571428571428572,10.854285714285714,0.03409090909090909,0.0,0.04270148677094064,0.11836634914903713,5.984848484848484,0.0,0.0,0.15,0.07954545454545454,0,0.16138352985043491,0.23630140668682686,3.1373263004226746,0.8691305299539313,0.0,1.0,0.0,0.0,0.0,0.0,0.0,0.08,0.03787878787878788,0.05,0.25
179,0.976439947022699,0.504606957891064,0.923283061164936,0.5090159098587286,0.26040296497001675,0.511338838270712,0.8143939393939394,0.36248689236858844,0.38327607964055654,0.08333333333333333,0.6142857142857143,0.3550531201942566,0.37234730514472564,0.07428571428571429,0.03787878787878788,0.04,0.24571428571428572,10.874285714285714,0.03409090909090909,0.0,0.04270148677094064,0.11836634914903713,5.984848484848484,0.0,0.0,0.15,0.07954545454545454,0,0.16083361220118275,0.23511989965339275,3.114579774414221,0.8517479193548526,0.0,1.0,0.0,0.0,0.0,0.0,0.0,0.08,0.03787878787878788,0.05,0.25
180,0.9755282637496626,0.5048218938801533,0.9225953914961315,0.5091457722308358,0.26040296497001675,0.5107740757747107,0.8409090909090909,0.36248689236858844,0.38327607964055654,0.08333333333333333,0.6342857142857142,0.3550531201942566,0.37234730514472564,0.07428571428571429,0.022727272727272728,0.025714285714285714,0.24571428571428572,10.891428571428571,0.03409090909090909,0.0,0.04270148677094064,0.11836634914903713,5.984848484848484,0.0,0.0,0.15,0.07954545454545454,0,0.16020087271160544,0.2339443001551258,3.0780024646402215,0.8347129609677555,0.0,1.0,0.0,0.0,0.0,0.0,0.0,0.08,0.022727272727272728,0.05,0.25
181,0.976577956056131,0.5048491162755566,0.9233871594072962,0.5092463921525228,0.26040296497001675,0.5103133616632163,0.7613636363636364,0.36233537721707326,0.3831624432769202,0.08333333333333333,0.5742857142857143,0.35493883447997093,0.3722615908590114,0.07428571428571429,0.045454545454545456,0.04,0.24571428571428572,10.914285714285715,0.03409090909090909,0.0,0.04270148677094064,0.11836634914903713,5.984848484848484,0.0,0.0,0.15,0.07954545454545454,0,0.16008529691947598,0.23277457865435014,3.056442415347418,0.8278194002323839,0.0,0.9285714285714286,0.0,0.0,0.0,0.0,0.0,0.08,0.045454545454545456,0.05,0.25
182,0.9790754719095202,0.5049993469451718,0.9230147026966125,0.5098124585397953,0.26040296497001675,0.5099479700597862,0.7946768060836502,0.3626689343218248,0.38198974022721516,0.08365019011406843,0.5971428571428572,0.35493883447997093,0.3722615908590114,0.07428571428571429,0.034220532319391636,0.04,0.24857142857142858,10.94,0.034220532319391636,0.002857142857142857,0.04283677272542674,0.11836634914903713,5.82509505703422,0.0,0.0,0.15,0.07984790874524715,0,0.1595418704348786,0.2316107057610784,3.0353135670404687,0.8112630122277361,0.0,1.0,0.0,0.0,0.0,0.0,0.0,0.08,0.03787878787878788,0.05,0.25
183,0.9788223641831176,0.5052489504835073,0.9228245103193441,0.5104238892416307,0.26040296497001675,0.509809455031803,0.8022813688212928,0.3626689343218248,0.38198974022721516,0.08365019011406843,0.6028571428571429,0.35493883447997093,0.3722615908590114,0.07428571428571429,0.03802281368821293,0.03142857142857143,0.24857142857142858,10.954285714285714,0.03802281368821293,0.0,0.042897085523811156,0.11836634914903713,5.82509505703422,0.0,0.0,0.15,0.07984790874524715,0,0.15891558965413274,0.23045265223227301,3.006035867128231,0.7950377519831814,0.0,1.0,0.0,0.0,0.0,0.0,0.0,0.08,0.03802281368821293,0.05,0.25
184,0.9797864334759581,0.5062726184198245,0.9234329381168199,0.5114544327923212,0.26040296497001675,0.5097626364964479,0.8091603053435115,0.3635214280420177,0.3819708924631495,0.08396946564885496,0.6057142857142858,0.35493883447997093,0.3722615908590114,0.07428571428571429,0.022900763358778626,0.025714285714285714,0.25142857142857145,10.96,0.03435114503816794,0.002857142857142857,0.04289127915714565,0.11836634914903713,5.824427480916031,0.0,0.0,0.15,0.08015267175572519,0,0.15832086884871924,0.22930038897111163,2.971629435499952,0.7791369969435178,0.0,1.0,0.0,0.0,0.0,0.0,0.0,0.08,0.022813688212927757,0.05,0.25
185,0.9820236788857944,0.5061195417159504,0.9238885842301721,0.5114977548879143,0.26040296497001675,0.5096552562133071,0.8199233716475096,0.36330740399360145,0.38087427046097405,0.0842911877394636,0.6114285714285714,0.35493883447997093,0.3722615908590114,0.07428571428571429,0.02681992337164751,0.025714285714285714,0.2542857142857143,10.98,0.03065134099616858,0.002857142857142857,0.04310682517905712,0.11836634914903713,5.609195402298851,0.0,0.0,0.15,0.08045977011494253,0,0.1577291216473328,0.22815388702625608,2.937911132504239,0.7635542570046474,0.0,1.0,0.0,0.0,0.0,0.0,0.0,0.08,0.030534351145038167,0.05,0.25
186,0.9820906496105517,0.5065185702694786,0.9239385252563482,0.5116861487653364,0.26040296497001675,0.509786553210867,0.7969348659003831,0.36330740399360145,0.38087427046097405,0.0842911877394636,0.5942857142857143,0.35493883447997093,0.3722615908590114,0.07428571428571429,0.03065134099616858,0.025714285714285714,0.2542857142857143,10.98857142857143,0.034482758620689655,0.0,0.04315330749551769,0.11836634914903713,5.609195402298851,0.0,0.0,0.15,0.08045977011494253,0,0.15705476175338182,0.2270131175911248,2.9048671955684395,0.7482831718645544,0.0,1.0,0.0,0.0,0.0,0.0,0.0,0.08,0.03065134099616858,0.05,0.25
187,0.9817100041776211,0.5066268581327702,0.9236546725192197,0.5118025003908391,0.26040296497001675,0.5099315686253513,0.7816091954022989,0.36330740399360145,0.38087427046097405,0.0842911877394636,0.5828571428571429,0.35493883447997093,0.3722615908590114,0.07428571428571429,0.03065134099616858,0.02857142857142857,0.2542857142857143,11.01142857142857,0.03065134099616858,0.0,0.04315330749551769,0.11836634914903713,5.609195402298851,0.0,0.0,0.15,0.08045977011494253,0,0.15652606008747208,0.22587805200316916,2.8753412802284997,0.7333175084272633,0.0,1.0,0.0,0.0,0.0,0.0,0.0,0.08,0.03065134099616858,0.05,0.25
188,0.9813321780568828,0.5072537601090396,0.9233729221834694,0.5119829200237627,0.26040296497001675,0.5099657205888756,0.7931034482758621,0.36315414728862067,0.3807593279322384,0.0842911877394636,0.5914285714285714,0.35482454876568525,0.3721758765732971,0.07428571428571429,0.022988505747126436,0.022857142857142857,0.2542857142857143,11.037142857142857,0.03065134099616858,0.0,0.04315330749551769,0.11836634914903713,5.609195402298851,0.0,0.0,0.15,0.08045977011494253,0,0.1563148583584633,0.2247486617431533,2.840691597481072,0.7296019655068529,0.0,0.875,0.0,0.0,0.0,0.0,0.0,0.08,0.022988505747126436,0.05,0.25
189,0.9819246398325105,0.5082771502408852,0.9237665004604695,0.5125287366630352,0.26040296497001675,0.5101218410712214,0.7807692307692308,0.36315614058078644,0.38146512987008924,0.08461538461538462,0.58,0.35465312019425665,0.37204730514472567,0.07428571428571429,0.026923076923076925,0.022857142857142857,0.2571428571428571,11.054285714285715,0.026923076923076925,0.002857142857142857,0.04317710896057492,0.11836634914903714,5.561538461538461,0.0,0.0,0.15,0.08076923076923077,0,0.1565047126380995,0.22507691964398302,2.8067349083885933,0.7400763865283538,0.0,0.75,0.0,0.0,0.0,0.0,0.0,0.08,0.02681992337164751,0.05,0.25
190,0.9824678254930772,0.5100976530645515,0.9241700098083188,0.513827896894345,0.26040296497001675,0.5104616293945201,0.8,0.36315614058078644,0.38146512987008924,0.08461538461538462,0.5942857142857143,0.35465312019425665,0.37204730514472567,0.07428571428571429,0.011538461538461539,0.014285714285714285,0.2571428571428571,11.062857142857142,0.026923076923076925,0.0,0.04322280349473566,0.11836634914903714,5.561538461538461,0.0,0.0,0.15,0.08076923076923077,0,0.1558649033606233,0.2239515350457631,2.7648859245065363,0.7252748587977867,0.0,1.0,0.0,0.0,0.0,0.0,0.0,0.08,0.011538461538461539,0.05,0.25
191,0.9832513952416609,0.5105392312721456,0.924752090192981,0.5143113405891909,0.26040296497001675,0.5108923386914778,0.7923076923076923,0.36315614058078644,0.38146512987008924,0.08461538461538462,0.5885714285714285,0.35465312019425665,0.37204730514472567,0.07428571428571429,0.03076923076923077,0.022857142857142857,0.2571428571428571,11.082857142857144,0.026923076923076925,0.0,0.04322280349473566,0.11836634914903714,5.561538461538461,0.0,0.0,0.15,0.08076923076923077,0,0.15531315312596305,0.22283177737053428,2.732445348873548,0.710769361621831,0.0,1.0,0.0,0.0,0.0,0.0,0.0,0.08,0.03076923076923077,0.05,0.25
192,0.9826057465184057,0.5099720977233493,0.9239605632451977,0.514205301311257,0.26040296497001675,0.511454707833021,0.7876447876447876,0.36324255967397506,0.381723357089614,0.08494208494208494,0.5828571428571429,0.3545959773371138,0.3720044480018685,0.07428571428571429,0.023166023166023165,0.022857142857142857,0.26,11.097142857142858,0.023166023166023165,0.002857142857142857,0.043257886089071176,0.11836634914903713,5.528957528957529,0.0,0.0,0.15,0.08108108108108109,0,0.15513630164604753,0.22171761848368163,2.7006535847532196,0.7106769984054013,0.0,0.875,0.0,0.0,0.0,0.0,0.0,0.08,0.023076923076923078,0.05,0.25
193,0.984230355568392,0.5096604459574532,0.9251627739421875,0.5140625372655327,0.26040296497001675,0.512185536542652,0.7915057915057915,0.36324255967397506,0.381723357089614,0.08494208494208494,0.5857142857142857,0.3545959773371138,0.3720044480018685,0.07428571428571429,0.023166023166023165,0.022857142857142857,0.26,11.097142857142858,0.023166023166023165,0.0,0.043270871955938255,0.11836634914903713,5.528957528957529,0.0,0.0,0.15,0.08108108108108109,0,0.154531905852103,0.22060903039126323,2.6694976559152983,0.6964634584372933,0.0,1.0,0.0,0.0,0.0,0.0,0.0,0.08,0.023166023166023165,0.05,0.25
194,0.9842107362603759,0.5090741002092791,0.9251482556542555,0.5135801950186142,0.26040296497001675,0.5127140936297532,0.8262548262548263,0.3628564592878747,0.38143378180003873,0.08494208494208494,0.6114285714285714,0.3543102630513995,0.3717901622875828,0.07428571428571429,0.04633204633204633,0.04,0.26,11.111428571428572,0.02702702702702703,0.0,0.043270871955938255,0.11836634914903713,5.528957528957529,0.0,0.0,0.15,0.08108108108108109,0,0.15527310417998533,0.22133834450531056,2.656107702796992,0.7715466435050167,0.0,0.7857142857142857,0.0,0.0,0.0,0.0,0.0,0.08,0.04633204633204633,0.05,0.25
195,0.9836171594854635,0.5082925173421443,0.9247090088408202,0.512885397463794,0.26040296497001675,0.513182055019626,0.806949806949807,0.3628564592878747,0.38143378180003873,0.08494208494208494,0.5971428571428572,0.3543102630513995,0.3717901622875828,0.07428571428571429,0.03088803088803089,0.02857142857142857,0.26,11.134285714285713,0.02702702702702703,0.0,0.043270871955938255,0.11836634914903713,5.528957528957529,0.0,0.0,0.15,0.08108108108108109,0,0.15466816723051396,0.220231652782784,2.631556977312481,0.7561157106349163,0.0,1.0,0.0,0.0,0.0,0.0,0.0,0.08,0.03088803088803089,0.05,0.25
196,0.9826979548605512,0.5086865591878009,0.9240287974183853,0.5132070974833991,0.26040296497001675,0.5136755191612032,0.8455598455598455,0.3627020191334345,0.3813179516842086,0.08494208494208494,0.6257142857142857,0.3541959773371138,0.3717044480018685,0.07428571428571429,0.03474903474903475,0.03142857142857143,0.26,11.154285714285715,0.03088803088803089,0.0,0.043270871955938255,0.11836634914903713,5.528957528957529,0.0,0.0,0.15,0.08108108108108109,0,0.1544948263943614,0.21913049451887007,2.610354409194803,0.76475049847256,0.0,0.9090909090909091,0.0,0.0,0.0,0.0,0.0,0.08,0.03474903474903475,0.05,0.25
197,0.9847979966853437,0.5090001290784365,0.9251380794573304,0.5137529949699446,0.26040296497001675,0.5141180819630731,0.8023255813953488,0.36333216545905944,0.38098025024740895,0.08527131782945736,0.5914285714285714,0.3541388344799709,0.37166159085901135,0.07428571428571429,0.023255813953488372,0.022857142857142857,0.26285714285714284,11.17142857142857,0.027131782945736434,0.002857142857142857,0.043289287059164704,0.11836634914903714,5.488372093023256,0.0,0.0,0.15,0.08139534883720931,0,0.15426520940524674,0.2241444496046437,2.58100446386805,0.7732721959383033,0.0,0.875,0.0,0.0,0.0,0.0,0.0,0.08,0.023166023166023165,0.05,0.25
198,0.9848775813228311,0.5081629030847241,0.9251967447043926,0.5133726094188442,0.26040296497001675,0.5145610894549097,0.8062015503875969,0.36333216545905944,0.38098025024740895,0.08527131782945736,0.5942857142857143,0.3541388344799709,0.37166159085901135,0.07428571428571429,0.023255813953488372,0.02,0.26285714285714284,11.188571428571429,0.027131782945736434,0.0,0.043336531182887265,0.11836634914903714,5.488372093023256,0.0,0.0,0.15,0.08139534883720931,0,0.1536365976439348,0.22302372735662046,2.5493843745906886,0.7578067520195372,0.0,1.0,0.0,0.0,0.0,0.0,0.0,0.08,0.023255813953488372,0.05,0.25
199,0.9842133990584027,0.5098160081925018,0.9245376497087591,0.5141733772952259,0.26040296497001675,0.5149402911413231,0.8015564202334631,0.3636038031228935,0.380652671255787,0.08560311284046693,0.5885714285714285,0.3540245487656852,0.37157587657329716,0.07428571428571429,0.023346303501945526,0.025714285714285714,0.26571428571428574,11.202857142857143,0.023346303501945526,0.002857142857142857,0.04352117266249975,0.11836634914903713,5.33852140077821,0.0,0.0,0.15,0.08171206225680934,0,0.15346827179857225,0.22190860871983736,2.52411097281316,0.8023654963635712,0.0,0.8888888888888888,0.0,0.0,0.0,0.0,0.0,0.08,0.027131782945736434,0.05,0.25
200,0.9822875638334962,0.5098132552307252,0.9231235364150423,0.5138522109063663,0.26040296497001675,0.5152811251897096,0.8054474708171206,0.3636038031228935,0.380652671255787,0.08560311284046693,0.5914285714285714,0.3540245487656852,0.37157587657329716,0.07428571428571429,0.019455252918287938,0.014285714285714285,0.26571428571428574,11.225714285714286,0.023346303501945526,0.0,0.043550578259712466,0.11836634914903713,5.33852140077821,0.0,0.0,0.15,0.08171206225680934,0,0.15275807329672228,0.22079906567623817,2.4879144676426113,0.7863181864362998,0.0,1.0,0.0,0.0,0.0,0.0,0.0,0.08,0.019455252918287938,0.05,0.25
201,0.9828367021017926,0.5096705810860441,0.9235267608006198,0.5132031160299354,0.26040296497001675,0.5156173398534178,0.8326848249027238,0.36344816109954725,0.38053593973827726,0.08560311284046693,0.6114285714285714,0.3539102630513995,0.37149016228758275,0.07428571428571429,0.023346303501945526,0.017142857142857144,0.26571428571428574,11.242857142857142,0.023346303501945526,0.0,0.043550578259712466,0.11836634914903713,5.33852140077821,0.0,0.0,0.15,0.08171206225680934,0,0.15253699721595296,0.21969507034785699,2.455299035432616,0.7705918227075738,0.0,0.8333333333333334,0.0,0.0,0.0,0.0,0.0,0.08,0.023346303501945526,0.05,0.25
202,0.9834516314086607,0.5098348416119638,0.9239782946059485,0.5136620840563179,0.26040296497001675,0.5159552514046379,0.8132295719844358,0.36344816109954725,0.38053593973827726,0.08560311284046693,0.5971428571428572,0.3539102630513995,0.37149016228758275,0.07428571428571429,0.023346303501945526,0.017142857142857144,0.26571428571428574,11.248571428571429,0.019455252918287938,0.0,0.043550578259712466,0.11836634914903713,5.33852140077821,0.0,0.0,0.15,0.08171206225680934,0,0.15186002651558747,0.2185965949961177,2.423335911866821,0.7551799862534223,0.0,1.0,0.0,0.0,0.0,0.0,0.0,0.08,0.023346303501945526,0.05,0.25
203,0.982208230249242,0.5100797372275445,0.9230652828974615,0.5137781132081971,0.26040296497001675,0.5163304030240138,0.8132295719844358,0.36344816109954725,0.38053593973827726,0.08560311284046693,0.5971428571428572,0.3539102630513995,0.37149016228758275,0.07428571428571429,0.01556420233463035,0.011428571428571429,0.26571428571428574,11.26,0.019455252918287938,0.0,0.043550578259712466,0.11836634914903713,5.33852140077821,0.0,0.0,0.15,0.08171206225680934,0,0.15115786924015237,0.2175036120211371,2.386297765058056,0.7400763865283538,0.0,1.0,0.0,0.0,0.0,0.0,0.0,0.08,0.01556420233463035,0.05,0.25
204,0.9825142658674739,0.5117115780159498,0.9231422193192673,0.5144935240414187,0.26040296497001675,0.5167075255390234,0.83203125,0.3633785535657504,0.3813204614605568,0.0859375,0.6085714285714285,0.3539102630513995,0.37149016228758275,0.07428571428571429,0.02734375,0.02,0.26857142857142857,11.28,0.015625,0.002857142857142857,0.043545724304566116,0.11836634914903715,5.3359375,0.0,0.0,0.15,0.08203125,0,0.15051622275109447,0.2164160939610314,2.3585718097568953,0.7252748587977867,0.0,1.0,0.0,0.0,0.0,0.0,0.0,0.08,0.027237354085603113,0.05,0.25
205,0.9824123627106527,0.5127895915674302,0.9230384058871136,0.5150182832882175,0.26040296497001675,0.5171163683290517,0.8196078431372549,0.36064670475620436,0.37871779660353944,0.08235294117647059,0.5971428571428572,0.3537388344799709,0.3713615908590114,0.07428571428571429,0.027450980392156862,0.022857142857142857,0.2714285714285714,11.297142857142857,0.011764705882352941,0.002857142857142857,0.04376940918425008,0.11836634914903713,5.184313725490196,0.0,0.0,0.15,0.07450980392156863,0,0.15070649878019615,0.22658136098029164,2.3342575164189,0.7866838630793639,0.0,0.75,0.0,0.0,0.0,0.0,0.0,0.08,0.03125,0.05,0.25
206,0.9821305774442798,0.5126479184808407,0.922833105193042,0.5148054050126567,0.26040296497001675,0.5175281183143173,0.8156862745098039,0.36064670475620436,0.37871779660353944,0.08235294117647059,0.5942857142857143,0.3537388344799709,0.3713615908590114,0.07428571428571429,0.027450980392156862,0.02,0.2714285714285714,11.322857142857142,0.01568627450980392,0.0,0.04377745143140426,0.11836634914903713,5.184313725490196,0.0,0.0,0.15,0.0784313725490196,0,0.15003868057200948,0.22544845417539017,2.3075723660905214,0.7709501858177766,0.0,1.0,0.0,0.0,0.0,0.0,0.0,0.08,0.027450980392156862,0.05,0.25
207,0.9829283088059801,0.5124804807434428,0.9234143094708521,0.5155795245118417,0.26040296497001675,0.5180669310823869,0.8235294117647058,0.36064670475620436,0.37871779660353944,0.08235294117647059,0.6,0.3537388344799709,0.3713615908590114,0.07428571428571429,0.011764705882352941,0.008571428571428572,0.2714285714285714,11.331428571428571,0.01568627450980392,0.0,0.04377745143140426,0.11836634914903713,5.184313725490196,0.0,0.0,0.15,0.0784313725490196,0,0.14934563002629225,0.2243212119045132,2.2699923473401395,0.7555311821014211,0.0,1.0,0.0,0.0,0.0,0.0,0.0,0.08,0.011764705882352941,0.05,0.25
208,0.9824560296129737,0.5125028967562196,0.9230702203445189,0.5154324109368167,0.26040296497001675,0.5185405722252003,0.8235294117647058,0.3604114106385573,0.37854132601530416,0.08235294117647059,0.6,0.35356740590854235,0.37123301943043996,0.07428571428571429,0.03529411764705882,0.025714285714285714,0.2714285714285714,11.357142857142858,0.01568627450980392,0.0,0.04377745143140426,0.11836634914903713,5.184313725490196,0.0,0.0,0.15,0.0784313725490196,0,0.14957018759044652,0.24275211538156394,2.2503067861076227,0.7538818002652817,0.0,0.7777777777777778,0.0,0.0,0.0,0.0,0.0,0.08,0.03529411764705882,0.05,0.25
209,0.9820777663294785,0.5121355693834175,0.9227946285236869,0.5151914006349789,0.26040296497001675,0.5190462675381143,0.8431372549019608,0.3604114106385573,0.37854132601530416,0.08235294117647059,0.6142857142857143,0.35356740590854235,0.37123301943043996,0.07428571428571429,0.027450980392156862,0.02,0.2714285714285714,11.377142857142857,0.0196078431372549,0.0,0.04377745143140426,0.11836634914903713,5.184313725490196,0.0,0.0,0.15,0.0784313725490196,0,0.14890805093820855,0.24153835480465613,2.22530065038547,0.7388041642599761,0.0,1.0,0.0,0.0,0.0,0.0,0.0,0.08,0.027450980392156862,0.05,0.25
210,0.9815417578792056,0.5107254963423773,0.922404108081345,0.5144288958850419,0.26040296497001675,0.5195620760237764,0.8196078431372549,0.3602545478934593,0.3784236789564806,0.08235294117647059,0.5971428571428572,0.3534531201942566,0.3711473051447256,0.07428571428571429,0.0196078431372549,0.014285714285714285,0.2714285714285714,11.385714285714286,0.0196078431372549,0.0,0.04377745143140426,0.11836634914903713,5.184313725490196,0.0,0.0,0.15,0.0784313725490196,0,0.1486492249692318,0.24033066303063286,2.1950803516634747,0.728855386121265,0.0,0.8,0.0,0.0,0.0,0.0,0.0,0.08,0.0196078431372549,0.05,0.25
211,0.9825135329528049,0.5109137010016443,0.9231121156349673,0.514524023263752,0.26040296497001675,0.5199734593550907,0.8,0.3602545478934593,0.3784236789564806,0.08235294117647059,0.5828571428571429,0.3534531201942566,0.3711473051447256,0.07428571428571429,0.01568627450980392,0.011428571428571429,0.2714285714285714,11.4,0.0196078431372549,0.0,0.04377745143140426,0.11836634914903713,5.184313725490196,0.0,0.0,0.15,0.0784313725490196,0,0.1479631217015285,0.23912900971547968,2.162607316058777,0.7142782783988396,0.0,1.0,0.0,0.0,0.0,0.0,0.0,0.08,0.01568627450980392,0.05,0.25
212,0.9830008750265539,0.5111311558403974,0.9234671791458415,0.5143552514239985,0.26040296497001675,0.5204071792946995,0.8196078431372549,0.3601761165209102,0.3783648554270688,0.08235294117647059,0.5971428571428572,0.35339597733711375,0.3711044480018685,0.07428571428571429,0.03137254901960784,0.022857142857142857,0.2714285714285714,11.425714285714285,0.0196078431372549,0.0,0.04377745143140426,0.11836634914903713,5.184313725490196,0.0,0.0,0.15,0.0784313725490196,0,0.14779430680730654,0.2379333646669023,2.142212312594744,0.7240912768799975,0.0,0.875,0.0,0.0,0.0,0.0,0.0,0.08,0.03137254901960784,0.05,0.25
213,0.9834792116069612,0.5116032237377154,0.92391008601667,0.5144841412574316,0.26040296497001675,0.5208117750192598,0.8458498023715415,0.360658013714698,0.37893555401415735,0.08300395256916997,0.6114285714285714,0.35339597733711375,0.3711044480018685,0.07428571428571429,0.023715415019762844,0.02,0.27714285714285714,11.434285714285714,0.019762845849802372,0.005714285714285714,0.04377596330839159,0.11836634914903713,5.16205533596838,0.0,0.0,0.15,0.07905138339920949,0,0.14714104955898433,0.23674369784356777,2.1193680663428487,0.7096094513423976,0.0,1.0,0.0,0.0,0.0,0.0,0.0,0.08,0.027450980392156862,0.05,0.25
214,0.9825953326958002,0.5118878156027638,0.9232711678323164,0.5148790825178561,0.26040296497001675,0.5211731003425337,0.857707509881423,0.360658013714698,0.37893555401415735,0.08300395256916997,0.62,0.35339597733711375,0.3711044480018685,0.07428571428571429,0.02766798418972332,0.02,0.27714285714285714,11.448571428571428,0.019762845849802372,0.0,0.04381216455035084,0.11836634914903713,5.16205533596838,0.0,0.0,0.15,0.07905138339920949,0,0.1464910585969037,0.23555997935434994,2.096980705015992,0.6954172623155496,0.0,1.0,0.0,0.0,0.0,0.0,0.0,0.08,0.02766798418972332,0.05,0.25
215,0.9816146525248519,0.5127541029739173,0.9225544383543255,0.5156227734744134,0.26040296497001675,0.5215684345512003,0.8253968253968254,0.3614126190055093,0.37843176361137854,0.08333333333333333,0.5942857142857143,0.35339597733711375,0.3711044480018685,0.07428571428571429,0.023809523809523808,0.02,0.28,11.462857142857143,0.015873015873015872,0.002857142857142857,0.043846103890643334,0.11836634914903713,5.126984126984127,0.0,0.0,0.15,0.07936507936507936,0,0.14584431758963343,0.2343821794575782,2.075041090915672,0.6815089170692386,0.0,1.0,0.0,0.0,0.0,0.0,0.0,0.08,0.02766798418972332,0.05,0.25
216,0.9822082755368146,0.5117839667692681,0.9229818469229385,0.514802919129484,0.26040296497001675,0.5218239910955721,0.8015873015873016,0.3614126190055093,0.37843176361137854,0.08333333333333333,0.5771428571428572,0.35339597733711375,0.3711044480018685,0.07428571428571429,0.011904761904761904,0.008571428571428572,0.28,11.474285714285715,0.015873015873015872,0.0,0.04386909906868927,0.11836634914903713,5.126984126984127,0.0,0.0,0.15,0.07936507936507936,0,0.14517223885882813,0.2332102685602903,2.0421116976687874,0.6678787387278539,0.0,1.0,0.0,0.0,0.0,0.0,0.0,0.08,0.011904761904761904,0.05,0.25
217,0.9822167880068953,0.5123273864955894,0.9229879759013964,0.5155608142386068,0.26040296497001675,0.5220785490428669,0.7976190476190477,0.36133325392614424,0.37837223980185475,0.08333333333333333,0.5742857142857143,0.35333883447997094,0.3710615908590114,0.07428571428571429,0.015873015873015872,0.011428571428571429,0.28,11.485714285714286,0.01984126984126984,0.0,0.04386909906868927,0.11836634914903713,5.126984126984127,0.0,0.0,0.15,0.07936507936507936,0,0.14493209195024828,0.24515854665759118,2.012698035143983,0.6607319288734365,0.0,0.75,0.0,0.0,0.0,0.0,0.0,0.08,0.015873015873015872,0.05,0.25
218,0.9827215374471042,0.5115146937037968,0.9233513954983469,0.5147371518275152,0.26040296497001675,0.5223884701138348,0.873015873015873,0.36133325392614424,0.37837223980185475,0.08333333333333333,0.6285714285714286,0.35333883447997094,0.3710615908590114,0.07428571428571429,0.01984126984126984,0.014285714285714285,0.28,11.497142857142856,0.01984126984126984,0.0,0.04386909906868927,0.11836634914903713,5.126984126984127,0.0,0.0,0.15,0.07936507936507936,0,0.14432128934763988,0.24393275392430322,1.9867297887268178,0.6475172902959676,0.0,1.0,0.0,0.0,0.0,0.0,0.0,0.08,0.01984126984126984,0.05,0.25
219,0.9822495565322398,0.5124989594154952,0.9230115692396447,0.5153688701977328,0.26040296497001675,0.5227324977249691,0.7896825396825397,0.36125388884677917,0.3783127159923309,0.08333333333333333,0.5685714285714286,0.3532816916228281,0.37101873371615424,0.07428571428571429,0.023809523809523808,0.017142857142857144,0.28,11.508571428571429,0.01984126984126984,0.0,0.04386909906868927,0.11836634914903713,5.126984126984127,0.0,0.0,0.15,0.07936507936507936,0,0.14414239718661598,0.2427130901546817,1.9641380500951384,0.6724693298127092,0.0,0.8333333333333334,0.0,0.0,0.0,0.0,0.0,0.08,0.023809523809523808,0.05,0.25
220,0.9816177080482684,0.5120075615235108,0.9225566383311852,0.5147658891619474,0.26040296497001675,0.5231564114654037,0.8015873015873016,0.36117452376741405,0.3782531921828071,0.08333333333333333,0.5771428571428572,0.3532245487656852,0.37097587657329706,0.07428571428571429,0.027777777777777776,0.02,0.28,11.52,0.01984126984126984,0.0,0.04386909906868927,0.11836634914903713,5.126984126984127,0.0,0.0,0.15,0.07936507936507936,0,0.14393597091496863,0.2414995247039083,1.9448552890932356,0.7024042503328759,0.0,0.8571428571428571,0.0,0.0,0.0,0.0,0.0,0.08,0.027777777777777776,0.05,0.25
221,0.9816850087425152,0.5125135402084872,0.9222113079785558,0.5149863734710101,0.26040296497001675,0.523499343521474,0.8406374501992032,0.3610576342136875,0.3783439132952047,0.08366533864541832,0.6028571428571429,0.35311026305139953,0.3708901622875828,0.07428571428571429,0.00796812749003984,0.011428571428571429,0.28285714285714286,11.537142857142857,0.01593625498007968,0.002857142857142857,0.043912657821835364,0.11836634914903713,5.059760956175299,0.0,0.0,0.15,0.0796812749003984,0,0.14370200534610805,0.24029202708038874,1.9173867547399424,0.6959259112379932,0.0,0.75,0.0,0.0,0.0,0.0,0.0,0.08,0.011904761904761904,0.05,0.25
222,0.9835666492164794,0.5127953915806412,0.9233656503619133,0.5157661679220528,0.26040296497001675,0.5239409693432221,0.828,0.36133571113910656,0.3773702671920079,0.084,0.5914285714285714,0.35305312019425666,0.3708901622875828,0.07428571428571429,0.02,0.017142857142857144,0.2857142857142857,11.545714285714286,0.012,0.002857142857142857,0.04398969998601638,0.11836634914903713,5.04,0.0,0.0,0.15,0.08,0,0.1434976381765204,0.24445903811310685,1.8961818767880008,0.7132132457589426,0.0,0.8333333333333334,0.0,0.0,0.0,0.0,0.0,0.08,0.02390438247011952,0.05,0.25
223,0.9832396035880943,0.5127472441856658,0.9231320463416381,0.5155268014386465,0.26040296497001675,0.5243654736571064,0.816,0.36133571113910656,0.3773702671920079,0.084,0.5828571428571429,0.35305312019425666,0.3708901622875828,0.07428571428571429,0.016,0.011428571428571429,0.2857142857142857,11.557142857142857,0.012,0.0,0.044007853523331704,0.11836634914903713,5.04,0.0,0.0,0.15,0.08,0,0.14283729284278063,0.2432367429225413,1.869686810680812,0.6989489808437638,0.0,1.0,0.0,0.0,0.0,0.0,0.0,0.08,0.016,0.05,0.25
224,0.9834341643658727,0.5131144349738062,0.9232710183257654,0.5159555564359504,0.26040296497001675,0.5247498782148026,0.84,0.36133571113910656,0.3773702671920079,0.084,0.6,0.35305312019425666,0.3708901622875828,0.07428571428571429,0.016,0.011428571428571429,0.2857142857142857,11.56857142857143,0.012,0.0,0.044007853523331704,0.11836634914903713,5.04,0.0,0.0,0.15,0.08,0,0.1421802492357096,0.24202055920792861,1.843721645895767,0.6849700012268884,0.0,1.0,0.0,0.0,0.0,0.0,0.0,0.08,0.016,0.05,0.25
225,0.9837358838943374,0.5134326033927218,0.9234865322746688,0.5161539245925486,0.26040296497001675,0.5250827156291455,0.836,0.36133571113910656,0.3773702671920079,0.084,0.5971428571428572,0.35305312019425666,0.3708901622875828,0.07428571428571429,0.004,0.002857142857142857,0.2857142857142857,11.574285714285715,0.012,0.0,0.044007853523331704,0.11836634914903713,5.04,0.0,0.0,0.15,0.08,0,0.14149791941810247,0.24081045641188897,1.8097043558349943,0.6712706012023507,0.0,1.0,0.0,0.0,0.0,0.0,0.0,0.08,0.004,0.05,0.25
226,0.9842173915078825,0.5144571858439041,0.9238304662843438,0.5170998841950946,0.26040296497001675,0.5253826458657542,0.796,0.3611757111391065,0.3772502671920079,0.084,0.5685714285714286,0.35293883447997093,0.37080444800186846,0.07428571428571429,0.02,0.014285714285714285,0.2857142857142857,11.58,0.012,0.0,0.044007853523331704,0.11836634914903713,5.04,0.0,0.0,0.15,0.08,0,0.1413045726781548,0.24275028384644876,1.787795983004009,0.690648155898491,0.0,0.8,0.0,0.0,0.0,0.0,0.0,0.08,0.02,0.05,0.25
227,0.9850399135187636,0.5137735432636135,0.9244179820064021,0.5161266968078367,0.26040296497001675,0.5257008844643999,0.848,0.3611757111391065,0.3772502671920079,0.084,0.6057142857142858,0.35293883447997093,0.37080444800186846,0.07428571428571429,0.008,0.005714285714285714,0.2857142857142857,11.59142857142857,0.012,0.0,0.044007853523331704,0.11836634914903713,5.04,0.0,0.0,0.15,0.08,0,0.14062662124333547,0.2415365324272165,1.7577543490582146,0.6768351927805212,0.0,1.0,0.0,0.0,0.0,0.0,0.0,0.08,0.008,0.05,0.25
228,0.9844944560607102,0.512993200686969,0.9240283695363637,0.5152282174336326,0.26040296497001675,0.52585709336468,0.86,0.3610157111391065,0.37713026719200793,0.084,0.6142857142857143,0.3528245487656852,0.37071873371615427,0.07428571428571429,0.024,0.017142857142857144,0.2857142857142857,11.602857142857143,0.012,0.0,0.044007853523331704,0.11836634914903713,5.04,0.0,0.0,0.15,0.08,0,0.14086620242283304,0.24032884976508043,1.7397421192199074,0.7111990898412658,0.0,0.6666666666666666,0.0,0.0,0.0,0.0,0.0,0.08,0.024,0.05,0.25
229,0.9840133145098765,0.5134814420390826,0.923684697000054,0.5151170355035285,0.26040296497001675,0.5259331194239287,0.832,0.3610157111391065,0.37713026719200793,0.084,0.5942857142857143,0.3528245487656852,0.37071873371615427,0.07428571428571429,0.016,0.011428571428571429,0.2857142857142857,11.617142857142857,0.012,0.0,0.044007853523331704,0.11836634914903713,5.04,0.0,0.0,0.15,0.08,0,0.14021901426786174,0.23912720551625502,1.7163758482640807,0.6969751080444404,0.0,1.0,0.0,0.0,0.0,0.0,0.0,0.08,0.016,0.05,0.25
230,0.984103805918672,0.5128387985825718,0.9237493337206222,0.5138789087055898,0.26040296497001675,0.5260373282255179,0.808,0.3610157111391065,0.37713026719200793,0.084,0.5771428571428572,0.3528245487656852,0.37071873371615427,0.07428571428571429,0.016,0.011428571428571429,0.2857142857142857,11.625714285714286,0.012,0.0,0.044007853523331704,0.11836634914903713,5.04,0.0,0.0,0.15,0.08,0,0.1395750620536653,0.23793156948867372,1.6934769027273706,0.6830356058835515,0.0,1.0,0.0,0.0,0.0,0.0,0.0,0.08,0.016,0.05,0.25
231,0.984344331318954,0.5130788766505145,0.9239211375779663,0.5140925470402057,0.26040296497001675,0.5262011816863078,0.816,0.36077571113910656,0.3769502671920079,0.084,0.5828571428571429,0.35265312019425665,0.3705901622875828,0.07428571428571429,0.024,0.017142857142857144,0.2857142857142857,11.637142857142857,0.012,0.0,0.044007853523331704,0.11836634914903713,5.04,0.0,0.0,0.15,0.08,0,0.13979147245768267,0.23674191164123035,1.67675022181568,0.7851357919832342,0.0,0.6666666666666666,0.0,0.0,0.0,0.0,0.0,0.08,0.024,0.05,0.25
232,0.983345760774109,0.5128228159958834,0.9232078729030772,0.5141861048889826,0.26040296497001675,0.5262651317632445,0.8,0.36077571113910656,0.3769502671920079,0.084,0.5714285714285714,0.35265312019425665,0.3705901622875828,0.07428571428571429,0.004,0.002857142857142857,0.2857142857142857,11.648571428571428,0.012,0.0,0.044007853523331704,0.11836634914903713,5.04,0.0,0.0,0.15,0.08,0,0.1391210865239657,0.2355582020830242,1.646072360236509,0.7694330761435695,0.0,1.0,0.0,0.0,0.0,0.0,0.0,0.08,0.004,0.05,0.25
233,0.983690709501232,0.5136089668578957,0.9234542648510221,0.5145260065350313,0.26040296497001675,0.5261522509043322,0.796,0.36077571113910656,0.3769502671920079,0.084,0.5685714285714286,0.35265312019425665,0.3705901622875828,0.07428571428571429,0.016,0.011428571428571429,0.2857142857142857,11.66,0.016,0.0,0.044007853523331704,0.11836634914903713,5.04,0.0,0.0,0.15,0.08,0,0.1385110525199173,0.23438041107260907,1.6245794844603507,0.7540444146206982,0.0,1.0,0.0,0.0,0.0,0.0,0.0,0.08,0.016,0.05,0.25
234,0.9847614881488632,0.5134419410038581,0.9242191067421873,0.5142175843812435,0.26040296497001675,0.5260738278902499,0.792,0.36077571113910656,0.3769502671920079,0.084,0.5657142857142857,0.35265312019425665,0.3705901622875828,0.07428571428571429,0.016,0.011428571428571429,0.2857142857142857,11.67142857142857,0.016,0.0,0.044007853523331704,0.11836634914903713,5.04,0.0,0.0,0.15,0.08,0,0.1378756401144606,0.23320850901724602,1.603516466199715,0.7389635263282841,0.0,1.0,0.0,0.0,0.0,0.0,0.0,0.08,0.016,0.05,0.25
235,0.9842564535569737,0.5134091914009276,0.9238583677479806,0.5138700078079713,0.26040296497001675,0.5259961689795426,0.876,0.36053571113910654,0.3767702671920079,0.084,0.6257142857142857,0.35248169162282805,0.37046159085901137,0.07428571428571429,0.012,0.008571428571428572,0.2857142857142857,11.682857142857143,0.016,0.0,0.044007853523331704,0.11836634914903713,5.04,0.0,0.0,0.15,0.08,0,0.13807197619960257,0.2320424664721598,1.5800175654471493,0.7400763865283538,0.0,0.3333333333333333,0.0,0.0,0.0,0.0,0.0,0.08,0.012,0.05,0.25
236,0.9835008568609714,0.5135985833683583,0.9233186558222646,0.514212100124243,0.26040296497001675,0.5259080284449245,0.824,0.36053571113910654,0.3767702671920079,0.084,0.5885714285714285,0.35248169162282805,0.37046159085901137,0.07428571428571429,0.012,0.008571428571428572,0.2857142857142857,11.694285714285714,0.016,0.0,0.044007853523331704,0.11836634914903713,5.04,0.0,0.0,0.15,0.08,0,0.13743861631860455,0.230882254139799,1.5569886427096347,0.7252748587977867,0.0,1.0,0.0,0.0,0.0,0.0,0.0,0.08,0.012,0.05,0.25
237,0.9834067515671866,0.5138177208888737,0.9232514377552755,0.5138308681818884,0.26040296497001675,0.5259741720537057,0.836,0.36053571113910654,0.3767702671920079,0.084,0.5971428571428572,0.35248169162282805,0.37046159085901137,0.07428571428571429,0.016,0.011428571428571429,0.2857142857142857,11.705714285714286,0.016,0.0,0.044007853523331704,0.11836634914903713,5.04,0.0,0.0,0.15,0.08,0,0.13683699466558294,0.2297278428691,1.5372774412840131,0.710769361621831,0.0,1.0,0.0,0.0,0.0,0.0,0.0,0.08,0.016,0.05,0.25
238,0.9834632464569902,0.5143447746333784,0.9232917912479924,0.5140619020687203,0.26040296497001675,0.5260678954096759,0.808,0.3603757111391065,0.3766502671920079,0.084,0.5771428571428572,0.3523674059085424,0.37037587657329707,0.07428571428571429,0.02,0.014285714285714285,0.2857142857142857,11.717142857142857,0.016,0.0,0.044007853523331704,0.11836634914903713,5.04,0.0,0.0,0.15,0.08,0,0.13663852397796933,0.2285792036547545,1.5208176067440473,0.7140139115682611,0.0,0.8,0.0,0.0,0.0,0.0,0.0,0.08,0.02,0.05,0.25
239,0.9827128347201511,0.5144600742397966,0.9227557828645361,0.5143238785030816,0.26040296497001675,0.5260338829036042,0.8,0.3603757111391065,0.3766502671920079,0.084,0.5714285714285714,0.3523674059085424,0.37037587657329707,0.07428571428571429,0.016,0.011428571428571429,0.2857142857142857,11.728571428571428,0.016,0.0,0.044007853523331704,0.11836634914903713,5.04,0.0,0.0,0.15,0.08,0,0.13601247421522233,0.22743630763648073,1.5018298260377378,0.6997336333368959,0.0,1.0,0.0,0.0,0.0,0.0,0.0,0.08,0.016,0.05,0.25
240,0.9827592940232808,0.5133927467628417,0.9227889680810569,0.5135465938467216,0.26040296497001675,0.5261049679667583,0.812,0.3603757111391065,0.3766502671920079,0.084,0.58,0.3523674059085424,0.37037587657329707,0.07428571428571429,0.016,0.011428571428571429,0.2857142857142857,11.74,0.016,0.0,0.044007853523331704,0.11836634914903713,5.04,0.0,0.0,0.15,0.08,0,0.13538955470128908,0.22629912609829833,1.4832218009455547,0.6857389606701579,0.0,1.0,0.0,0.0,0.0,0.0,0.0,0.08,0.016,0.05,0.25
241,0.9822086969183292,0.51302838973001,0.922395684434663,0.5131425693385402,0.26040296497001675,0.5261885721078948,0.88,0.3598957111391065,0.37629026719200787,0.084,0.6285714285714286,0.35202454876568523,0.3701187337161543,0.07428571428571429,0.024,0.02,0.2857142857142857,11.751428571428571,0.016,0.0,0.044007853523331704,0.11836634914903713,5.04,0.0,0.0,0.15,0.08,0,0.13605546407063976,0.23984173154305424,1.4735573649266436,0.7738274310228492,0.0,0.5714285714285714,0.0,0.0,0.0,0.0,0.0,0.08,0.024,0.05,0.25
242,0.9838375885950891,0.5142148509592926,0.9235591784894914,0.5139309917658328,0.26040296497001675,0.5262194359196404,0.836,0.3598957111391065,0.37629026719200787,0.084,0.5971428571428572,0.35202454876568523,0.3701187337161543,0.07428571428571429,0.004,0.002857142857142857,0.2857142857142857,11.762857142857143,0.016,0.0,0.044007853523331704,0.11836634914903713,5.04,0.0,0.0,0.15,0.08,0,0.135403758178858,0.238642522885339,1.4469433604852535,0.7583508824023922,0.0,1.0,0.0,0.0,0.0,0.0,0.0,0.08,0.004,0.05,0.25
243,0.9838884015750522,0.5142868018193492,0.9232113206223478,0.5143043832411461,0.26040296497001675,0.5263750326983715,0.8554216867469879,0.36017830243018634,0.3766407793977533,0.08433734939759036,0.6085714285714285,0.35202454876568523,0.3701187337161543,0.07428571428571429,0.008032128514056224,0.008571428571428572,0.2885714285714286,11.774285714285714,0.012048192771084338,0.002857142857142857,0.044046319690826036,0.11836634914903713,5.0120481927710845,0.0,0.0,0.15,0.08032128514056225,0,0.13478373938796367,0.2374493102709123,1.426575921846977,0.7431838647543443,0.0,1.0,0.0,0.0,0.0,0.0,0.0,0.08,0.012,0.05,0.25
244,0.9830074078753863,0.5147328480632134,0.9225845565331569,0.5144895962641941,0.26040296497001675,0.5264997947587499,0.8473895582329317,0.3600979811450458,0.3765805384338979,0.08433734939759036,0.6028571428571429,0.3519674059085423,0.3700758765732971,0.07428571428571429,0.01606425702811245,0.011428571428571429,0.2885714285714286,11.782857142857143,0.012048192771084338,0.0,0.044054555727068276,0.11836634914903713,5.0120481927710845,0.0,0.0,0.15,0.08032128514056225,0,0.13462396354816675,0.23626206371955774,1.4094729748386086,0.7701012188019114,0.0,0.75,0.0,0.0,0.0,0.0,0.0,0.08,0.01606425702811245,0.05,0.25
245,0.9819366992289541,0.5146265372807567,0.9218228238104095,0.514855855581308,0.26040296497001675,0.5265690480206272,0.8192771084337349,0.3600979811450458,0.3765805384338979,0.08433734939759036,0.5828571428571429,0.3519674059085423,0.3700758765732971,0.07428571428571429,0.012048192771084338,0.008571428571428572,0.2885714285714286,11.791428571428572,0.012048192771084338,0.0,0.044054555727068276,0.11836634914903713,5.0120481927710845,0.0,0.0,0.15,0.08032128514056225,0,0.13400798658756877,0.23508075340095994,1.3898549439132648,0.7546991944258731,0.0,1.0,0.0,0.0,0.0,0.0,0.0,0.08,0.012048192771084338,0.05,0.25
246,0.9817328759551185,0.5156195092719623,0.9216778181098805,0.5152142918215922,0.26040296497001675,0.5265829765154466,0.8273092369477911,0.3600979811450458,0.3765805384338979,0.08433734939759036,0.5885714285714285,0.3519674059085423,0.3700758765732971,0.07428571428571429,0.004016064257028112,0.002857142857142857,0.2885714285714286,11.8,0.012048192771084338,0.0,0.044054555727068276,0.11836634914903713,5.0120481927710845,0.0,0.0,0.15,0.08032128514056225,0,0.13336651808320235,0.23390534963395512,1.3649149878921427,0.7396052105373556,0.0,1.0,0.0,0.0,0.0,0.0,0.0,0.08,0.004016064257028112,0.05,0.25
247,0.983824930648734,0.5165209111668612,0.92316616559191,0.515943321476201,0.26040296497001675,0.5266362247249285,0.8112449799196787,0.3600176598599052,0.3765202974700425,0.08433734939759036,0.5771428571428572,0.3519102630513995,0.3700330194304399,0.07428571428571429,0.01606425702811245,0.011428571428571429,0.2885714285714286,11.808571428571428,0.012048192771084338,0.0,0.044054555727068276,0.11836634914903713,5.0120481927710845,0.0,0.0,0.15,0.08032128514056225,0,0.1332138283499292,0.23273582288578534,1.349045259562871,0.736160473078131,0.0,0.75,0.0,0.0,0.0,0.0,0.0,0.08,0.01606425702811245,0.05,0.25
248,0.98357106489496,0.5173713154332639,0.9229855582413679,0.5164820615259816,0.26040296497001675,0.5267531607548506,0.7630522088353414,0.35985701728962405,0.37639981554233165,0.08433734939759036,0.5428571428571428,0.3517959773371138,0.36994730514472574,0.07428571428571429,0.01606425702811245,0.011428571428571429,0.2885714285714286,11.817142857142857,0.012048192771084338,0.0,0.044054555727068276,0.11836634914903713,5.0120481927710845,0.0,0.0,0.15,0.08032128514056225,0,0.13303347349389383,0.23157214377135643,1.333492925800185,0.7425738327665122,0.0,0.75,0.0,0.0,0.0,0.0,0.0,0.08,0.01606425702811245,0.05,0.25
249,0.9829373038361225,0.5180285668646674,0.9225346825166522,0.5164017834475622,0.26040296497001675,0.5268759249733276,0.8594377510040161,0.35985701728962405,0.37639981554233165,0.08433734939759036,0.6114285714285714,0.3517959773371138,0.36994730514472574,0.07428571428571429,0.012048192771084338,0.008571428571428572,0.2885714285714286,11.825714285714286,0.012048192771084338,0.0,0.044054555727068276,0.11836634914903713,5.0120481927710845,0.0,0.0,0.15,0.08032128514056225,0,0.13242544898356723,0.23041428305249967,1.3153944958556099,0.727722356111182,0.0,1.0,0.0,0.0,0.0,0.0,0.0,0.08,0.012048192771084338,0.05,0.25
250,0.9843089120474707,0.5174711278842699,0.9235104837870113,0.5158171733329399,0.26040296497001675,0.5269694351341287,0.8313253012048193,0.35985701728962405,0.37639981554233165,0.08433734939759036,0.5914285714285714,0.3517959773371138,0.36994730514472574,0.07428571428571429,0.012048192771084338,0.008571428571428572,0.2885714285714286,11.834285714285715,0.012048192771084338,0.0,0.044054555727068276,0.11836634914903713,5.0120481927710845,0.0,0.0,0.15,0.08032128514056225,0,0.13182046459579225,0.22926221163723715,1.2976580345099265,0.7131679089889583,0.0,1.0,0.0,0.0,0.0,0.0,0.0,0.08,0.012048192771084338,0.05,0.25
251,0.985184481694941,0.51757886114105,0.9241333890504971,0.5158684708905248,0.26040296497001675,0.5269946740459688,0.8112449799196787,0.35985701728962405,0.37639981554233165,0.08433734939759036,0.5771428571428572,0.3517959773371138,0.36994730514472574,0.07428571428571429,0.012048192771084338,0.008571428571428572,0.2885714285714286,11.842857142857143,0.012048192771084338,0.0,0.044054555727068276,0.11836634914903713,5.0120481927710845,0.0,0.0,0.15,0.08032128514056225,0,0.13121850512995614,0.22811590057905098,1.2802763023911565,0.6989045508091791,0.0,1.0,0.0,0.0,0.0,0.0,0.0,0.08,0.012048192771084338,0.05,0.25
252,0.9838873106057706,0.5176518084884002,0.9232105444756303,0.5159854725308559,0.26040296497001675,0.5270556292941045,0.8393574297188755,0.35977669600448353,0.3763395745784762,0.08433734939759036,0.5971428571428572,0.3517388344799709,0.36990444800186845,0.07428571428571429,0.01606425702811245,0.011428571428571429,0.2885714285714286,11.851428571428572,0.012048192771084338,0.0,0.044054555727068276,0.11836634914903713,5.0120481927710845,0.0,0.0,0.15,0.08032128514056225,0,0.13104812689002066,0.22697532107615573,1.2660993477719047,0.6987185031824622,0.0,0.75,0.0,0.0,0.0,0.0,0.0,0.08,0.01606425702811245,0.05,0.25
253,0.9837762177074645,0.5175980564727818,0.9231315098136926,0.5155404113265182,0.26040296497001675,0.5271736206568022,0.8473895582329317,0.35977669600448353,0.3763395745784762,0.08433734939759036,0.6028571428571429,0.3517388344799709,0.36990444800186845,0.07428571428571429,0.008032128514056224,0.005714285714285714,0.2885714285714286,11.86,0.012048192771084338,0.0,0.044054555727068276,0.11836634914903713,5.0120481927710845,0.0,0.0,0.15,0.08032128514056225,0,0.13042145768414198,0.22584044447077498,1.2464916465307523,0.6847441331188129,0.0,1.0,0.0,0.0,0.0,0.0,0.0,0.08,0.008032128514056224,0.05,0.25
254,0.9836585127868224,0.5190423403014541,0.9230477711701498,0.5162747088005769,0.26040296497001675,0.5273220985004268,0.8594377510040161,0.35977669600448353,0.3763395745784762,0.08433734939759036,0.6114285714285714,0.3517388344799709,0.36990444800186845,0.07428571428571429,0.012048192771084338,0.008571428571428572,0.2885714285714286,11.868571428571428,0.012048192771084338,0.0,0.044054555727068276,0.11836634914903713,5.0120481927710845,0.0,0.0,0.15,0.08032128514056225,0,0.12985492182429267,0.2247112422484211,1.2301332421715658,0.6710492504564366,0.0,1.0,0.0,0.0,0.0,0.0,0.0,0.08,0.012048192771084338,0.05,0.25
255,0.9818014057948399,0.5189375394805817,0.9217265721958539,0.5160476317155118,0.26040296497001675,0.5274427560205757,0.8192771084337349,0.35977669600448353,0.3763395745784762,0.08433734939759036,0.5828571428571429,0.3517388344799709,0.36990444800186845,0.07428571428571429,0.012048192771084338,0.008571428571428572,0.2885714285714286,11.877142857142857,0.012048192771084338,0.0,0.044054555727068276,0.11836634914903713,5.0120481927710845,0.0,0.0,0.15,0.08032128514056225,0,0.1292627900723141,0.223587686037179,1.2141020058995629,0.6576282654473078,0.0,1.0,0.0,0.0,0.0,0.0,0.0,0.08,0.012048192771084338,0.05,0.25
256,0.9810603473369522,0.5204174501763993,0.9211993620358137,0.5170862225149647,0.26040296497001675,0.527637205767793,0.8313253012048193,0.35977669600448353,0.3763395745784762,0.08433734939759036,0.5914285714285714,0.3517388344799709,0.36990444800186845,0.07428571428571429,0.012048192771084338,0.008571428571428572,0.2885714285714286,11.885714285714286,0.012048192771084338,0.0,0.044054555727068276,0.11836634914903713,5.0120481927710845,0.0,0.0,0.15,0.08032128514056225,0,0.12867361897909538,0.2224697476069931,1.198391394353,0.6444757001383616,0.0,1.0,0.0,0.0,0.0,0.0,0.0,0.08,0.012048192771084338,0.05,0.25
257,0.9836666837438658,0.5208755219583159,0.9230535842224467,0.5174775869748927,0.26040296497001675,0.5280287431420054,0.8112449799196787,0.3596963747193429,0.3762793336146208,0.08433734939759036,0.5771428571428572,0.3516816916228281,0.3698615908590114,0.07428571428571429,0.01606425702811245,0.011428571428571429,0.2885714285714286,11.894285714285715,0.012048192771084338,0.0,0.044054555727068276,0.11836634914903713,5.0120481927710845,0.0,0.0,0.15,0.08032128514056225,0,0.1285159651699142,0.22361344438730676,1.1858521378945115,0.632989249551972,0.0,0.75,0.0,0.0,0.0,0.0,0.0,0.08,0.01606425702811245,0.05,0.25
258,0.9836425137342792,0.5207355881228467,0.9230363889870549,0.5180807811360452,0.26040296497001675,0.5283732318349514,0.8072289156626506,0.3596963747193429,0.3762793336146208,0.08433734939759036,0.5742857142857143,0.3516816916228281,0.3698615908590114,0.07428571428571429,0.004016064257028112,0.002857142857142857,0.2885714285714286,11.902857142857142,0.012048192771084338,0.0,0.044054555727068276,0.11836634914903713,5.0120481927710845,0.0,0.0,0.15,0.08032128514056225,0,0.12790195677263602,0.22249537716537024,1.1649922379937643,0.6203294645609325,0.0,1.0,0.0,0.0,0.0,0.0,0.0,0.08,0.004016064257028112,0.05,0.25
259,0.9829485744221363,0.5205041275233037,0.922542700733559,0.5179534586943508,0.26040296497001675,0.528769335558699,0.7871485943775101,0.3596963747193429,0.3762793336146208,0.08433734939759036,0.56,0.3516816916228281,0.3698615908590114,0.07428571428571429,0.012048192771084338,0.008571428571428572,0.2885714285714286,11.911428571428571,0.012048192771084338,0.0,0.044054555727068276,0.11836634914903713,5.0120481927710845,0.0,0.0,0.15,0.08032128514056225,0,0.12734801841734428,0.22138290027954338,1.1502638218053176,0.6079228752697138,0.0,1.0,0.0,0.0,0.0,0.0,0.0,0.08,0.012048192771084338,0.05,0.25
260,0.984333386730578,0.5206284444558639,0.9235278957758504,0.5181490713943773,0.26040296497001675,0.5289918870992953,0.8072289156626506,0.3596963747193429,0.3762793336146208,0.08433734939759036,0.5742857142857143,0.3516816916228281,0.3698615908590114,0.07428571428571429,0.012048192771084338,0.008571428571428572,0.2885714285714286,11.92,0.012048192771084338,0.0,0.044054555727068276,0.11836634914903713,5.0120481927710845,0.0,0.0,0.15,0.08032128514056225,0,0.12676842118240042,0.22027598577814564,1.1358299739406397,0.5957644177643195,0.0,1.0,0.0,0.0,0.0,0.0,0.0,0.08,0.012048192771084338,0.05,0.25
261,0.9833845581364465,0.5207519664147925,0.9228528720045968,0.5184114411766663,0.26040296497001675,0.5292790202003749,0.8112449799196787,0.3594554108639213,0.3760986107230545,0.08433734939759036,0.5771428571428572,0.35151026305139954,0.36973301943043996,0.07428571428571429,0.024096385542168676,0.017142857142857144,0.2885714285714286,11.928571428571429,0.012048192771084338,0.0,0.044054555727068276,0.11836634914903713,5.0120481927710845,0.0,0.0,0.15,0.08032128514056225,0,0.12747743621934554,0.22477779272566542,1.1302562316046842,0.6259594870767602,0.0,0.5,0.0,0.0,0.0,0.0,0.0,0.08,0.024096385542168676,0.05,0.25
262,0.9839285581004571,0.5210872129479129,0.9232398891218501,0.5183457058422445,0.26040296497001675,0.5296285933169699,0.8152610441767069,0.35929476829364015,0.37597812879534365,0.08433734939759036,0.58,0.3513959773371138,0.36964730514472566,0.07428571428571429,0.01606425702811245,0.011428571428571429,0.2885714285714286,11.937142857142858,0.012048192771084338,0.0,0.044054555727068276,0.11836634914903713,5.0120481927710845,0.0,0.0,0.15,0.08032128514056225,0,0.12732576332396311,0.2236539037620371,1.1190796784011618,0.6196278840901704,0.0,0.75,0.0,0.0,0.0,0.0,0.0,0.08,0.01606425702811245,0.05,0.25
263,0.9849925489681804,0.521723256338667,0.9239968426248876,0.5186150705317197,0.26040296497001675,0.5300610019507591,0.8433734939759037,0.35929476829364015,0.37597812879534365,0.08433734939759036,0.6,0.3513959773371138,0.36964730514472566,0.07428571428571429,0.0,0.0,0.2885714285714286,11.945714285714285,0.012048192771084338,0.0,0.044054555727068276,0.11836634914903713,5.0120481927710845,0.0,0.0,0.15,0.08032128514056225,0,0.12668913450734332,0.22253563424322692,1.0966980848331385,0.607235326408367,0.0,0.0,0.0,0.0,0.0,0.0,0.0,0.08,0.0,0.05,0.25
264,0.9840941247583588,0.5229693888793636,0.9233576779727573,0.5191383840380582,0.26040296497001675,0.5305246101845214,0.7991967871485943,0.35929476829364015,0.37597812879534365,0.08433734939759036,0.5685714285714286,0.3513959773371138,0.36964730514472566,0.07428571428571429,0.012048192771084338,0.008571428571428572,0.2885714285714286,11.954285714285714,0.012048192771084338,0.0,0.044054555727068276,0.11836634914903713,5.0120481927710845,0.0,0.0,0.15,0.08032128514056225,0,0.1261696888348066,0.22142295607201076,1.0833355517079044,0.5950906198801996,0.0,1.0,0.0,0.0,0.0,0.0,0.0,0.08,0.012048192771084338,0.05,0.25
265,0.9841997879705585,0.5241932242944571,0.923257718249343,0.5196068003265286,0.26040296497001675,0.5309545054157645,0.8508064516129032,0.35912373566317746,0.37530650616075834,0.0846774193548387,0.6028571428571429,0.3513959773371138,0.36964730514472566,0.07428571428571429,0.004032258064516129,0.005714285714285714,0.2914285714285714,11.962857142857143,0.008064516129032258,0.002857142857142857,0.04415415621667033,0.11836634914903715,4.879032258064516,0.0,0.0,0.15,0.08064516129032258,0,0.12556741181920397,0.22031584129165072,1.0673831263880318,0.5831888074825957,0.0,1.0,0.0,0.0,0.0,0.0,0.0,0.08,0.008032128514056224,0.05,0.25
266,0.9855297277190375,0.5251298150653021,0.9242000755568366,0.5200253796966717,0.26040296497001675,0.5314288307658732,0.8508064516129032,0.3588818001793065,0.3751250545478551,0.0846774193548387,0.6028571428571429,0.3512245487656852,0.3695187337161542,0.07428571428571429,0.012096774193548387,0.008571428571428572,0.2914285714285714,11.968571428571428,0.008064516129032258,0.0,0.04424557347513322,0.11836634914903715,4.879032258064516,0.0,0.0,0.15,0.08064516129032258,0,0.12585371761725084,0.22035589633359434,1.0546068924316998,0.607235326408367,0.0,0.3333333333333333,0.0,0.0,0.0,0.0,0.0,0.08,0.012096774193548387,0.05,0.25
267,0.9856838853559116,0.5244544138490747,0.9243093072538219,0.5192102940343231,0.26040296497001675,0.5320059386220434,0.8306451612903226,0.3588818001793065,0.3751250545478551,0.0846774193548387,0.5885714285714285,0.3512245487656852,0.3695187337161542,0.07428571428571429,0.004032258064516129,0.002857142857142857,0.2914285714285714,11.974285714285715,0.008064516129032258,0.0,0.04424557347513322,0.11836634914903715,4.879032258064516,0.0,0.0,0.15,0.08064516129032258,0,0.12528144902916455,0.21925411685192636,1.0363718974402087,0.5950906198801996,0.0,1.0,0.0,0.0,0.0,0.0,0.0,0.08,0.004032258064516129,0.05,0.25
268,0.9839588728956378,0.5249740590469146,0.9230870127105419,0.5189743208955587,0.26040296497001675,0.532460752981038,0.8306451612903226,0.3587205098567258,0.3750040868059196,0.0846774193548387,0.5885714285714285,0.3511102630513995,0.36943301943043994,0.07428571428571429,0.008064516129032258,0.005714285714285714,0.2914285714285714,11.98,0.008064516129032258,0.0,0.04424557347513322,0.11836634914903715,4.879032258064516,0.0,0.0,0.15,0.08064516129032258,0,0.12511218464116158,0.2277117204285002,1.0213587452056903,0.6220032431673683,0.0,0.5,0.0,0.0,0.0,0.0,0.0,0.08,0.008064516129032258,0.05,0.25
269,0.9844737838998219,0.5242858917845089,0.9234518639363637,0.5179050318288007,0.26040296497001675,0.5329862831829766,0.8064516129032258,0.3587205098567258,0.3750040868059196,0.0846774193548387,0.5714285714285714,0.3511102630513995,0.36943301943043994,0.07428571428571429,0.008064516129032258,0.005714285714285714,0.2914285714285714,11.985714285714286,0.008064516129032258,0.0,0.04424557347513322,0.11836634914903715,4.879032258064516,0.0,0.0,0.15,0.08064516129032258,0,0.12460048157509863,0.2265731618263577,1.006645856015862,0.609563178304021,0.0,1.0,0.0,0.0,0.0,0.0,0.0,0.08,0.008064516129032258,0.05,0.25
270,0.9848493079533004,0.5241647840764694,0.9237179495514001,0.5179060483481265,0.26040296497001675,0.5333201963220247,0.7661290322580645,0.3585592195341452,0.37488311906398414,0.0846774193548387,0.5428571428571428,0.35099597733711374,0.36934730514472564,0.07428571428571429,0.012096774193548387,0.008571428571428572,0.2914285714285714,11.991428571428571,0.008064516129032258,0.0,0.04424557347513322,0.11836634914903715,4.879032258064516,0.0,0.0,0.15,0.08064516129032258,0,0.12446319345293745,0.2254402960172259,0.9950843674669735,0.6512602901069832,0.0,0.6666666666666666,0.0,0.0,0.0,0.0,0.0,0.08,0.012096774193548387,0.05,0.25
271,0.9848627790389805,0.5252843007279338,0.923727494777825,0.5189213370171618,0.26040296497001675,0.5337180965041712,0.8185483870967742,0.3585592195341452,0.37488311906398414,0.0846774193548387,0.58,0.35099597733711374,0.36934730514472564,0.07428571428571429,0.008064516129032258,0.005714285714285714,0.2914285714285714,11.997142857142856,0.008064516129032258,0.0,0.04424557347513322,0.11836634914903715,4.879032258064516,0.0,0.0,0.15,0.08064516129032258,0,0.12389802034281558,0.22431309453713977,0.9808969658319197,0.6382350843048435,0.0,1.0,0.0,0.0,0.0,0.0,0.0,0.08,0.008064516129032258,0.05,0.25
272,0.98563997971992,0.5252342990670222,0.924278196974605,0.5186724359729212,0.26040296497001675,0.5340932577222737,0.7983870967741935,0.3585592195341452,0.37488311906398414,0.0846774193548387,0.5657142857142857,0.35099597733711374,0.36934730514472564,0.07428571428571429,0.008064516129032258,0.005714285714285714,0.2914285714285714,12.002857142857144,0.008064516129032258,0.0,0.04424557347513322,0.11836634914903715,4.879032258064516,0.0,0.0,0.15,0.08064516129032258,0,0.12333567309824438,0.22319152906445405,0.966993312229567,0.6254703826187467,0.0,1.0,0.0,0.0,0.0,0.0,0.0,0.08,0.008064516129032258,0.05,0.25
273,0.9849064179073834,0.5249562036315607,0.9237584160331506,0.5186454381095565,0.26040296497001675,0.5344534489106253,0.8185483870967742,0.35839792921156455,0.37476215132204865,0.0846774193548387,0.58,0.35088169162282806,0.36926159085901133,0.07428571428571429,0.012096774193548387,0.008571428571428572,0.2914285714285714,12.008571428571429,0.008064516129032258,0.0,0.04424557347513322,0.11836634914903715,4.879032258064516,0.0,0.0,0.15,0.08064516129032258,0,0.12320470901846745,0.22207557141913178,0.956224874556404,0.6146108803355411,0.0,0.6666666666666666,0.0,0.0,0.0,0.0,0.0,0.08,0.012096774193548387,0.05,0.25
274,0.9833723680531219,0.524622134967808,0.9226714321364163,0.5188278530674602,0.26040296497001675,0.5346364078987598,0.8024193548387096,0.35839792921156455,0.37476215132204865,0.0846774193548387,0.5685714285714286,0.35088169162282806,0.36926159085901133,0.07428571428571429,0.008064516129032258,0.005714285714285714,0.2914285714285714,12.014285714285714,0.008064516129032258,0.0,0.04424557347513322,0.11836634914903715,4.879032258064516,0.0,0.0,0.15,0.08064516129032258,0,0.12264582833051796,0.22096519356203612,0.9428146627795617,0.6023186627288303,0.0,1.0,0.0,0.0,0.0,0.0,0.0,0.08,0.008064516129032258,0.05,0.25
275,0.9842529183253986,0.5255432403957555,0.9232953649007725,0.5194536516951664,0.26040296497001675,0.5348661479412601,0.8225806451612904,0.35839792921156455,0.37476215132204865,0.0846774193548387,0.5828571428571429,0.35088169162282806,0.36926159085901133,0.07428571428571429,0.008064516129032258,0.005714285714285714,0.2914285714285714,12.02,0.008064516129032258,0.0,0.04424557347513322,0.11836634914903715,4.879032258064516,0.0,0.0,0.15,0.08064516129032258,0,0.12208974204600821,0.21986036759422595,0.9296726552382562,0.5902722894742537,0.0,1.0,0.0,0.0,0.0,0.0,0.0,0.08,0.008064516129032258,0.05,0.25
276,0.9833773536513098,0.5266939547227085,0.9226749647888468,0.5201908117003333,0.26040296497001675,0.5352061984605724,0.8225806451612904,0.35839792921156455,0.37476215132204865,0.0846774193548387,0.5828571428571429,0.35088169162282806,0.36926159085901133,0.07428571428571429,0.008064516129032258,0.005714285714285714,0.2914285714285714,12.025714285714285,0.008064516129032258,0.0,0.04424557347513322,0.11836634914903715,4.879032258064516,0.0,0.0,0.15,0.08064516129032258,0,0.12153643619292105,0.21876106575625479,0.9167934878477769,0.5784668436847686,0.0,1.0,0.0,0.0,0.0,0.0,0.0,0.08,0.008064516129032258,0.05,0.25
277,0.9835121842286234,0.5263886417150776,0.922770501883629,0.5199639518770265,0.26040296497001675,0.5358031964721769,0.8104838709677419,0.35839792921156455,0.37476215132204865,0.0846774193548387,0.5742857142857143,0.35088169162282806,0.36926159085901133,0.07428571428571429,0.008064516129032258,0.005714285714285714,0.2914285714285714,12.031428571428572,0.008064516129032258,0.0,0.04424557347513322,0.11836634914903715,4.879032258064516,0.0,0.0,0.15,0.08064516129032258,0,0.1209858968690993,0.2176672604274735,0.9041719038051069,0.5668975068110732,0.0,1.0,0.0,0.0,0.0,0.0,0.0,0.08,0.008064516129032258,0.05,0.25
278,0.983201447772519,0.5264918921270346,0.9221327803608762,0.5198102232763411,0.26040296497001675,0.5364619460155838,0.8704453441295547,0.3584452011585049,0.37412805000756993,0.08502024291497975,0.6142857142857143,0.3508245487656852,0.3692187337161542,0.07428571428571429,0.008097165991902834,0.005714285714285714,0.29428571428571426,12.037142857142857,0.004048582995951417,0.002857142857142857,0.044321864381665486,0.11836634914903714,4.825910931174089,0.0,0.0,0.15,0.08097165991902834,0,0.12083811024189665,0.21657892412533614,0.8918027514432905,0.5650176080491359,0.0,0.5,0.0,0.0,0.0,0.0,0.0,0.08,0.008064516129032258,0.05,0.25
279,0.9837440669636144,0.5277898043399102,0.922515714475735,0.5206522542303641,0.26040296497001675,0.5370344027589816,0.8137651821862348,0.3584452011585049,0.37412805000756993,0.08502024291497975,0.5742857142857143,0.3508245487656852,0.3692187337161542,0.07428571428571429,0.0,0.0,0.29428571428571426,12.04,0.004048582995951417,0.0,0.044328626287270016,0.11836634914903714,4.825910931174089,0.0,0.0,0.15,0.08097165991902834,0,0.12023391969068718,0.21549602950470945,0.8739666964144245,0.5537172558881531,0.0,0.0,0.0,0.0,0.0,0.0,0.0,0.08,0.0,0.05,0.25
280,0.9843626135837021,0.5285421035767752,0.9229522316619113,0.521199250265032,0.26040296497001675,0.5374984728171291,0.7813765182186235,0.3584452011585049,0.37412805000756993,0.08502024291497975,0.5514285714285714,0.3508245487656852,0.3692187337161542,0.07428571428571429,0.0,0.0,0.29428571428571426,12.042857142857143,0.004048582995951417,0.0,0.044328626287270016,0.11836634914903714,4.825910931174089,0.0,0.0,0.15,0.08097165991902834,0,0.11963275009223374,0.2144185493571859,0.8564873624861361,0.5426429107703901,0.0,0.0,0.0,0.0,0.0,0.0,0.0,0.08,0.0,0.05,0.25
281,0.9849217001228423,0.5286341203520124,0.9233467870195328,0.5214533138106593,0.26040296497001675,0.5381068229254812,0.8380566801619433,0.3584452011585049,0.37412805000756993,0.08502024291497975,0.5914285714285714,0.3508245487656852,0.3692187337161542,0.07428571428571429,0.004048582995951417,0.002857142857142857,0.29428571428571426,12.045714285714286,0.004048582995951417,0.0,0.044328626287270016,0.11836634914903714,4.825910931174089,0.0,0.0,0.15,0.08097165991902834,0,0.11911987277034398,0.2133464566104,0.8422147580935562,0.5317900525549822,0.0,1.0,0.0,0.0,0.0,0.0,0.0,0.08,0.004048582995951417,0.05,0.25
282,0.9844360452037731,0.5281822446627519,0.9230040534052185,0.5215110921065746,0.26040296497001675,0.53858538443163,0.7935222672064778,0.3583642294985859,0.3740673212626307,0.08502024291497975,0.56,0.3507674059085424,0.36917587657329703,0.07428571428571429,0.008097165991902834,0.005714285714285714,0.29428571428571426,12.048571428571428,0.004048582995951417,0.0,0.044328626287270016,0.11836634914903714,4.825910931174089,0.0,0.0,0.15,0.08097165991902834,0,0.11898141626363513,0.21227972432734799,0.8310847486459709,0.5458973084540338,0.0,0.5,0.0,0.0,0.0,0.0,0.0,0.08,0.008097165991902834,0.05,0.25
283,0.9851889090212593,0.5293898427830852,0.9235353601564157,0.5225020836784263,0.26040296497001675,0.5390603258060369,0.8623481781376519,0.3582832578386668,0.37400659251769136,0.08502024291497975,0.6085714285714285,0.3507102630513995,0.36913301943043997,0.07428571428571429,0.004048582995951417,0.002857142857142857,0.29428571428571426,12.051428571428572,0.004048582995951417,0.0,0.044328626287270016,0.11836634914903714,4.825910931174089,0.0,0.0,0.15,0.08097165991902834,0,0.11881508061088837,0.23694688853738355,0.817320196530194,0.5488768029141553,0.0,0.0,0.0,0.0,0.0,0.0,0.0,0.08,0.004048582995951417,0.05,0.25
284,0.9857853725602607,0.5306363998560096,0.9239562929967967,0.523437073647924,0.26040296497001675,0.5393627300610746,0.8421052631578947,0.3582832578386668,0.37400659251769136,0.08502024291497975,0.5942857142857143,0.3507102630513995,0.36913301943043997,0.07428571428571429,0.004048582995951417,0.002857142857142857,0.29428571428571426,12.054285714285715,0.004048582995951417,0.0,0.044328626287270016,0.11836634914903714,4.825910931174089,0.0,0.0,0.15,0.08097165991902834,0,0.11827800520783395,0.2357621540946966,0.8038309354567332,0.5378992668558722,0.0,1.0,0.0,0.0,0.0,0.0,0.0,0.08,0.004048582995951417,0.05,0.25
285,0.9860278149286262,0.5305957667379056,0.9241273880396147,0.5236392403169013,0.26040296497001675,0.5396616932929051,0.8421052631578947,0.3582832578386668,0.37400659251769136,0.08502024291497975,0.5942857142857143,0.3507102630513995,0.36913301943043997,0.07428571428571429,0.004048582995951417,0.002857142857142857,0.29428571428571426,12.057142857142857,0.004048582995951417,0.0,0.044328626287270016,0.11836634914903714,4.825910931174089,0.0,0.0,0.15,0.08097165991902834,0,0.11771518661036619,0.23458334332422312,0.7906114596047414,0.5271412815187547,0.0,1.0,0.0,0.0,0.0,0.0,0.0,0.08,0.004048582995951417,0.05,0.25
286,0.9855644034571412,0.5296755142628541,0.9238003519440239,0.5233966803383437,0.26040296497001675,0.540017453362311,0.8340080971659919,0.3581213145188288,0.37388513502781284,0.08502024291497975,0.5885714285714285,0.3505959773371138,0.36904730514472567,0.07428571428571429,0.004048582995951417,0.002857142857142857,0.29428571428571426,12.06,0.004048582995951417,0.0,0.044328626287270016,0.11836634914903714,4.825910931174089,0.0,0.0,0.15,0.08097165991902834,0,0.11755518210588581,0.23537001376287536,0.7776563732697894,0.604696290451915,0.0,0.0,0.0,0.0,0.0,0.0,0.0,0.08,0.004048582995951417,0.05,0.25
287,0.9853857437711262,0.5285101936155429,0.9236742692513219,0.5226786896236248,0.26040296497001675,0.5402280905698004,0.8380566801619433,0.3581213145188288,0.37388513502781284,0.08502024291497975,0.5914285714285714,0.3505959773371138,0.36904730514472567,0.07428571428571429,0.004048582995951417,0.002857142857142857,0.29428571428571426,12.062857142857142,0.004048582995951417,0.0,0.044328626287270016,0.11836634914903714,4.825910931174089,0.0,0.0,0.15,0.08097165991902834,0,0.11702440619535637,0.234193163694061,0.7649603886615364,0.5926023646428766,0.0,1.0,0.0,0.0,0.0,0.0,0.0,0.08,0.004048582995951417,0.05,0.25
288,0.9837709754259361,0.52935347637692,0.922534704162002,0.523240795077702,0.26040296497001675,0.5401716090235573,0.8421052631578947,0.3578783995390717,0.37370294879299504,0.08502024291497975,0.5942857142857143,0.35042454876568524,0.36891873371615425,0.07428571428571429,0.012145748987854251,0.008571428571428572,0.29428571428571426,12.065714285714286,0.004048582995951417,0.0,0.044328626287270016,0.11836634914903714,4.825910931174089,0.0,0.0,0.15,0.08097165991902834,0,0.11732499845009386,0.2330221978755907,0.7582326094597344,0.5918435265524518,0.0,0.3333333333333333,0.0,0.0,0.0,0.0,0.0,0.08,0.012145748987854251,0.05,0.25
289,0.982625104810072,0.5287512222322112,0.9217260468988063,0.5227127904089439,0.26040296497001675,0.5400707278230007,0.7894736842105263,0.3578783995390717,0.37370294879299504,0.08502024291497975,0.5571428571428572,0.35042454876568524,0.36891873371615425,0.07428571428571429,0.004048582995951417,0.002857142857142857,0.29428571428571426,12.06857142857143,0.004048582995951417,0.0,0.044328626287270016,0.11836634914903714,4.825910931174089,0.0,0.0,0.15,0.08097165991902834,0,0.11676694488641484,0.23185708688621276,0.7459251001276824,0.5800066560214027,0.0,1.0,0.0,0.0,0.0,0.0,0.0,0.08,0.004048582995951417,0.05,0.25
290,0.9825408166339461,0.5294836989611896,0.9216665635287976,0.5226443357107203,0.26040296497001675,0.5398405611787361,0.8299595141700404,0.3578783995390717,0.37370294879299504,0.08502024291497975,0.5857142857142857,0.35042454876568524,0.36891873371615425,0.07428571428571429,0.004048582995951417,0.002857142857142857,0.29428571428571426,12.071428571428571,0.004048582995951417,0.0,0.044328626287270016,0.11836634914903714,4.825910931174089,0.0,0.0,0.15,0.08097165991902834,0,0.11621168159055417,0.23069780145178168,0.7338637409822716,0.5684065229009747,0.0,1.0,0.0,0.0,0.0,0.0,0.0,0.08,0.004048582995951417,0.05,0.25
291,0.984871552143541,0.5289356128702212,0.9233113968741403,0.522494757656434,0.26040296497001675,0.5395290238451542,0.7975708502024291,0.35755451289939566,0.37346003381323795,0.08502024291497975,0.5628571428571428,0.35019597733711383,0.3687473051447257,0.07428571428571429,0.008097165991902834,0.005714285714285714,0.29428571428571426,12.074285714285715,0.004048582995951417,0.0,0.044328626287270016,0.11836634914903714,4.825910931174089,0.0,0.0,0.15,0.08097165991902834,0,0.11648776603974428,0.23218725833565085,0.7249007518769119,0.5727552566414142,0.0,0.0,0.0,0.0,0.0,0.0,0.0,0.08,0.008097165991902834,0.05,0.25
292,0.9846005494975045,0.528806775415503,0.9231201464353659,0.5225523808934484,0.26040296497001675,0.5391211533373691,0.757085020242915,0.35755451289939566,0.37346003381323795,0.08502024291497975,0.5342857142857143,0.35019597733711383,0.3687473051447257,0.07428571428571429,0.004048582995951417,0.002857142857142857,0.29428571428571426,12.077142857142857,0.004048582995951417,0.0,0.044328626287270016,0.11836634914903714,4.825910931174089,0.0,0.0,0.15,0.08097165991902834,0,0.11596232720954557,0.23102632204397258,0.7132598796965165,0.5613001515085859,0.0,1.0,0.0,0.0,0.0,0.0,0.0,0.08,0.004048582995951417,0.05,0.25
293,0.9839765322203493,0.5294181196447207,0.9226797685283451,0.5230605972592897,0.26040296497001675,0.5388982624456425,0.854251012145749,0.35755451289939566,0.37346003381323795,0.08502024291497975,0.6028571428571429,0.35019597733711383,0.3687473051447257,0.07428571428571429,0.004048582995951417,0.002857142857142857,0.29428571428571426,12.08,0.004048582995951417,0.0,0.044328626287270016,0.11836634914903714,4.825910931174089,0.0,0.0,0.15,0.08097165991902834,0,0.11541108700206926,0.22987119043375273,0.701851824959729,0.5500741484784142,0.0,1.0,0.0,0.0,0.0,0.0,0.0,0.08,0.004048582995951417,0.05,0.25
294,0.9822370180258613,0.5288485841531833,0.9214594181568334,0.5227471516122048,0.26040296497001675,0.5386739395662135,0.8780487804878049,0.35684518402962906,0.373059860442855,0.08536585365853659,0.6171428571428571,0.35008169162282804,0.3686615908590114,0.07428571428571429,0.0040650406504065045,0.002857142857142857,0.29714285714285715,12.082857142857144,0.0,0.002857142857142857,0.04439637344416945,0.11836634914903714,4.772357723577236,0.0,0.0,0.15,0.08130081300813008,0,0.11526260299563032,0.22980249982757361,0.6906719313176773,0.5545470249974408,0.0,0.0,0.0,0.0,0.0,0.0,0.0,0.08,0.004048582995951417,0.05,0.25
295,0.9830754201010711,0.5296944193983425,0.9220486950439808,0.5235908676898581,0.26040296497001675,0.5384716557033684,0.8414634146341463,0.35684518402962906,0.373059860442855,0.08536585365853659,0.5914285714285714,0.35008169162282804,0.3686615908590114,0.07428571428571429,0.0,0.0,0.29714285714285715,12.082857142857144,0.0,0.0,0.04441683494905925,0.11836634914903714,4.772357723577236,0.0,0.0,0.15,0.08130081300813008,0,0.11468628998065218,0.22865348732843574,0.6768584926913237,0.5434560844974919,0.0,0.0,0.0,0.0,0.0,0.0,0.0,0.08,0.0,0.05,0.25
296,0.9826547700420141,0.5297016779119671,0.9217530381453293,0.5238033795110281,0.26040296497001675,0.5381954989250268,0.8699186991869918,0.35684518402962906,0.373059860442855,0.08536585365853659,0.6114285714285714,0.35008169162282804,0.3686615908590114,0.07428571428571429,0.0,0.0,0.29714285714285715,12.082857142857144,0.0,0.0,0.04441683494905925,0.11836634914903714,4.772357723577236,0.0,0.0,0.15,0.08130081300813008,0,0.11411285853074893,0.22751021989179354,0.6633213228374973,0.532586962807542,0.0,0.0,0.0,0.0,0.0,0.0,0.0,0.08,0.0,0.05,0.25
297,0.9837878502525167,0.5294948540588909,0.9225494316647113,0.5234651264032828,0.26040296497001675,0.537994439902191,0.8699186991869918,0.35684518402962906,0.373059860442855,0.08536585365853659,0.6114285714285714,0.35008169162282804,0.3686615908590114,0.07428571428571429,0.0,0.0,0.29714285714285715,12.082857142857144,0.0,0.0,0.04441683494905925,0.11836634914903714,4.772357723577236,0.0,0.0,0.15,0.08130081300813008,0,0.11354229423809518,0.22637266879233459,0.6500548963807473,0.5219352235513912,0.0,0.0,0.0,0.0,0.0,0.0,0.0,0.08,0.0,0.05,0.25
298,0.9837687088599776,0.5302982251210816,0.9225359780002408,0.523798042611488,0.26040296497001675,0.5377453673595332,0.8414634146341463,0.3567638832166209,0.3729988848330989,0.08536585365853659,0.5914285714285714,0.35002454876568523,0.3686187337161542,0.07428571428571429,0.0040650406504065045,0.002857142857142857,0.29714285714285715,12.082857142857144,0.0,0.0,0.04441683494905925,0.11836634914903714,4.772357723577236,0.0,0.0,0.15,0.08130081300813008,0,0.11340315419547611,0.2252408054483729,0.6399109413102753,0.5967167563467503,0.0,0.0,0.0,0.0,0.0,0.0,0.0,0.08,0.0040650406504065045,0.05,0.25
299,0.982477345913974,0.5302683731322151,0.9216283343296212,0.5243611141906332,0.26040296497001675,0.5376406497810099,0.8577235772357723,0.3567638832166209,0.3729988848330989,0.08536585365853659,0.6028571428571429,0.35002454876568523,0.3686187337161542,0.07428571428571429,0.0,0.0,0.29714285714285715,12.082857142857144,0.0,0.0,0.04441683494905925,0.11836634914903714,4.772357723577236,0.0,0.0,0.15,0.08130081300813008,0,0.11283613842449873,0.22411460142113104,0.6271127224840697,0.5847824212198153,0.0,0.0,0.0,0.0,0.0,0.0,0.0,0.08,0.0,0.05,0.25
300,0.9830606484963644,0.5307493835980023,0.922038312716101,0.5249761599367267,0.26040296497001675,0.5373237209976746,0.9024390243902439,0.35660128159060467,0.3728769336135867,0.08536585365853659,0.6342857142857142,0.3499102630513995,0.3685330194304399,0.07428571428571429,0.0040650406504065045,0.002857142857142857,0.29714285714285715,12.082857142857144,0.0,0.0,0.04441683494905925,0.11836634914903714,4.772357723577236,0.0,0.0,0.15,0.08130081300813008,0,0.11270052916094768,0.22621086189952233,0.6174276108915312,0.5804600489040468,0.0,0.0,0.0,0.0,0.0,0.0,0.0,0.08,0.0040650406504065045,0.05,0.25
301,0.9836038424625877,0.5312532609793552,0.9224201004752182,0.525442753825328,0.26040296497001675,0.5370799934579606,0.8495934959349594,0.35660128159060467,0.3728769336135867,0.08536585365853659,0.5971428571428572,0.3499102630513995,0.3685330194304399,0.07428571428571429,0.0,0.0,0.29714285714285715,12.082857142857144,0.0,0.0,0.04441683494905925,0.11836634914903714,4.772357723577236,0.0,0.0,0.15,0.08130081300813008,0,0.11213702651514293,0.22507980759002472,0.6050790586737005,0.5688508479259659,0.0,0.0,0.0,0.0,0.0,0.0,0.0,0.08,0.0,0.05,0.25
302,0.9831796780204692,0.5319318477987502,0.9221219734673293,0.5258644538990073,0.26040296497001675,0.5369689277644415,0.7804878048780488,0.3565199807775965,0.3728159580038306,0.08536585365853659,0.5485714285714286,0.34985312019425663,0.3684901622875828,0.07428571428571429,0.0040650406504065045,0.002857142857142857,0.29714285714285715,12.082857142857144,0.0,0.0,0.04441683494905925,0.11836634914903714,4.772357723577236,0.0,0.0,0.15,0.08130081300813008,0,0.11200491281113865,0.2239544085520746,0.5958346203573694,0.5758247983049114,0.0,0.0,0.0,0.0,0.0,0.0,0.0,0.08,0.0040650406504065045,0.05,0.25
303,0.9825608563356689,0.5315253216160793,0.9216870302260122,0.5260804762076877,0.26040296497001675,0.5370522682754504,0.8130081300813008,0.3565199807775965,0.3728159580038306,0.08536585365853659,0.5714285714285714,0.34985312019425663,0.3684901622875828,0.07428571428571429,0.0,0.0,0.29714285714285715,12.082857142857144,0.0,0.0,0.04441683494905925,0.11836634914903714,4.772357723577236,0.0,0.0,0.15,0.08130081300813008,0,0.11144488824708296,0.22283463650931423,0.583917927950222,0.5643083023388131,0.0,0.0,0.0,0.0,0.0,0.0,0.0,0.08,0.0,0.05,0.25
304,0.9824117676056446,0.5309390992618683,0.9215822421471954,0.5258973077667147,0.26040296497001675,0.5371069634842732,0.9024390243902439,0.35643867996458833,0.3727549823940745,0.08536585365853659,0.6342857142857142,0.34979597733711376,0.3684473051447256,0.07428571428571429,0.0040650406504065045,0.002857142857142857,0.29714285714285715,12.082857142857144,0.0,0.0,0.04441683494905925,0.11836634914903714,4.772357723577236,0.0,0.0,0.15,0.08130081300813008,0,0.11131623523441897,0.22403822492535422,0.5750967122483605,0.6503208652605321,0.0,0.0,0.0,0.0,0.0,0.0,0.0,0.08,0.0040650406504065045,0.05,0.25
305,0.9832774302102902,0.5313501912841798,0.9221906792921748,0.5263236534136345,0.26040296497001675,0.5373654896796629,0.8333333333333334,0.3563573791515803,0.3726940067843184,0.08536585365853659,0.5857142857142857,0.3497388344799709,0.3684044480018685,0.07428571428571429,0.0040650406504065045,0.002857142857142857,0.29714285714285715,12.082857142857144,0.0,0.0,0.04441683494905925,0.11836634914903714,4.772357723577236,0.0,0.0,0.15,0.08130081300813008,0,0.11118822548681832,0.22291803380072744,0.566451920860536,0.6870809843317855,0.0,0.0,0.0,0.0,0.0,0.0,0.0,0.08,0.0040650406504065045,0.05,0.25
306,0.9835083401467779,0.5321682089230424,0.9223529759903918,0.5268191381980583,0.26040296497001675,0.5375389963278938,0.8252032520325203,0.3563573791515803,0.3726940067843184,0.08536585365853659,0.58,0.3497388344799709,0.3684044480018685,0.07428571428571429,0.0,0.0,0.29714285714285715,12.082857142857144,0.0,0.0,0.04441683494905925,0.11836634914903714,4.772357723577236,0.0,0.0,0.15,0.08130081300813008,0,0.11063228435938421,0.2218034436317238,0.5551228824433252,0.6733393646451499,0.0,0.0,0.0,0.0,0.0,0.0,0.0,0.08,0.0,0.05,0.25
307,0.9839734464108486,0.5317742078356156,0.9226798792502814,0.5268028005956898,0.26040296497001675,0.5376006739155297,0.7926829268292683,0.35619477752556405,0.3725720555648062,0.08536585365853659,0.5571428571428572,0.3496245487656852,0.36831873371615426,0.07428571428571429,0.008130081300813009,0.005714285714285714,0.29714285714285715,12.082857142857144,0.0,0.0,0.04441683494905925,0.11836634914903714,4.772357723577236,0.0,0.0,0.15,0.08130081300813008,0,0.11093626579473015,0.22069442641356518,0.5497347105087445,0.7304141603287329,0.0,0.0,0.0,0.0,0.0,0.0,0.0,0.08,0.008130081300813009,0.05,0.25
308,0.9838765742510073,0.5309955746943396,0.9226117919607931,0.5264946132553837,0.26040296497001675,0.5376059953544766,0.8414634146341463,0.35619477752556405,0.3725720555648062,0.08536585365853659,0.5914285714285714,0.3496245487656852,0.36831873371615426,0.07428571428571429,0.0,0.0,0.29714285714285715,12.082857142857144,0.0,0.0,0.04441683494905925,0.11836634914903714,4.772357723577236,0.0,0.0,0.15,0.08130081300813008,0,0.11038158446575648,0.21959095428149736,0.5387400162985696,0.7158058771221582,0.0,0.0,0.0,0.0,0.0,0.0,0.0,0.08,0.0,0.05,0.25
309,0.9840951186648305,0.531931013700225,0.9227653974630802,0.5271059218422843,0.26040296497001675,0.5376813544318841,0.8333333333333334,0.35619477752556405,0.3725720555648062,0.08536585365853659,0.5857142857142857,0.3496245487656852,0.36831873371615426,0.07428571428571429,0.0,0.0,0.29714285714285715,12.082857142857144,0.0,0.0,0.04441683494905925,0.11836634914903714,4.772357723577236,0.0,0.0,0.15,0.08130081300813008,0,0.1098296765434277,0.21849299951008985,0.5279652159725982,0.701489759579715,0.0,0.0,0.0,0.0,0.0,0.0,0.0,0.08,0.0,0.05,0.25
310,0.982641786699354,0.5324717203966312,0.9217439127102024,0.5276496275115592,0.26040296497001675,0.5379515535482371,0.8536585365853658,0.3560321758995477,0.372450104345294,0.08536585365853659,0.6,0.3495102630513995,0.36823301943043996,0.07428571428571429,0.0040650406504065045,0.002857142857142857,0.29714285714285715,12.082857142857144,0.0,0.0,0.04441683494905925,0.11836634914903714,4.772357723577236,0.0,0.0,0.15,0.08130081300813008,0,0.10970909958928202,0.2174005345125394,0.5202630545102891,0.7036899195443675,0.0,0.0,0.0,0.0,0.0,0.0,0.0,0.08,0.0040650406504065045,0.05,0.25
311,0.9821656327359195,0.5320195730941392,0.921409244495903,0.5272590428046185,0.26040296497001675,0.5384749715529936,0.8252032520325203,0.35586957427353144,0.37232815312578177,0.08536585365853659,0.58,0.3493959773371138,0.36814730514472577,0.07428571428571429,0.008130081300813009,0.005714285714285714,0.29714285714285715,12.082857142857144,0.0,0.0,0.04441683494905925,0.11836634914903714,4.772357723577236,0.0,0.0,0.15,0.08130081300813008,0,0.11001769694847846,0.22003194663195083,0.5155720791343691,0.7185874796655197,0.0,0.0,0.0,0.0,0.0,0.0,0.0,0.08,0.008130081300813009,0.05,0.25
312,0.9842473073518602,0.5320045060096572,0.9228723643688213,0.5267743535962598,0.26040296497001675,0.538768511935052,0.8252032520325203,0.35570697264751516,0.3722062019062696,0.08536585365853659,0.58,0.34928169162282807,0.36806159085901136,0.07428571428571429,0.0040650406504065045,0.002857142857142857,0.29714285714285715,12.082857142857144,0.0,0.0,0.04441683494905925,0.11836634914903714,4.772357723577236,0.0,0.0,0.15,0.08130081300813008,0,0.10989617989230747,0.2211053833054984,0.5081177804088245,0.7260142647818764,0.0,0.0,0.0,0.0,0.0,0.0,0.0,0.08,0.0040650406504065045,0.05,0.25
313,0.9836526456734296,0.5328195398619195,0.9224544021605529,0.5273882955174568,0.26040296497001675,0.5391453637354846,0.8536585365853658,0.35570697264751516,0.3722062019062696,0.08536585365853659,0.6,0.34928169162282807,0.36806159085901136,0.07428571428571429,0.0,0.0,0.29714285714285715,12.082857142857144,0.0,0.0,0.04441683494905925,0.11836634914903714,4.772357723577236,0.0,0.0,0.15,0.08130081300813008,0,0.10934669899284594,0.21999985638897088,0.49795542480064797,0.7114939794862388,0.0,0.0,0.0,0.0,0.0,0.0,0.0,0.08,0.0,0.05,0.25
314,0.9838249540984879,0.5332142005035497,0.9225755103678794,0.5276381838721312,0.26040296497001675,0.5396637189732353,0.8455284552845529,0.35570697264751516,0.3722062019062696,0.08536585365853659,0.5942857142857143,0.34928169162282807,0.36806159085901136,0.07428571428571429,0.0,0.0,0.29714285714285715,12.082857142857144,0.0,0.0,0.04441683494905925,0.11836634914903714,4.772357723577236,0.0,0.0,0.15,0.08130081300813008,0,0.1087999654978817,0.21889985710702603,0.48799631630463497,0.697264099896514,0.0,0.0,0.0,0.0,0.0,0.0,0.0,0.08,0.0,0.05,0.25
315,0.983473355088808,0.5335631039711699,0.9223283864925046,0.5275595309557493,0.26040296497001675,0.5401488214965724,0.8130081300813008,0.35570697264751516,0.3722062019062696,0.08536585365853659,0.5714285714285714,0.34928169162282807,0.36806159085901136,0.07428571428571429,0.0,0.0,0.29714285714285715,12.082857142857144,0.0,0.0,0.04441683494905925,0.11836634914903714,4.772357723577236,0.0,0.0,0.15,0.08130081300813008,0,0.10825596567039229,0.21780535782149088,0.47823638997854234,0.6833188178985837,0.0,0.0,0.0,0.0,0.0,0.0,0.0,0.08,0.0,0.05,0.25
316,0.9833910252828083,0.5340290253048249,0.9222705204002873,0.5281542083896283,0.26040296497001675,0.5404543427857949,0.8617886178861789,0.35570697264751516,0.3722062019062696,0.08536585365853659,0.6057142857142858,0.34928169162282807,0.36806159085901136,0.07428571428571429,0.0,0.0,0.29714285714285715,12.082857142857144,0.0,0.0,0.04441683494905925,0.11836634914903714,4.772357723577236,0.0,0.0,0.15,0.08130081300813008,0,0.10771468584204033,0.2167163310323834,0.46867166217897144,0.669652441540612,0.0,0.0,0.0,0.0,0.0,0.0,0.0,0.08,0.0,0.05,0.25
317,0.9830831878644637,0.5337872509318181,0.9220541546719653,0.5275240991247951,0.26040296497001675,0.5405909610102179,0.8536585365853658,0.35570697264751516,0.3722062019062696,0.08536585365853659,0.6,0.34928169162282807,0.36806159085901136,0.07428571428571429,0.0,0.0,0.29714285714285715,12.082857142857144,0.0,0.0,0.04441683494905925,0.11836634914903714,4.772357723577236,0.0,0.0,0.15,0.08130081300813008,0,0.10717611241283014,0.21563274937722152,0.459298228935392,0.6562593927097998,0.0,0.0,0.0,0.0,0.0,0.0,0.0,0.08,0.0,0.05,0.25
318,0.9841701279300334,0.5346796828762236,0.9228181182609085,0.5284878373889139,0.26040296497001675,0.5406852794964809,0.8577235772357723,0.3555443710214989,0.3720842506867574,0.08536585365853659,0.6028571428571429,0.34916740590854234,0.36797587657329717,0.07428571428571429,0.0040650406504065045,0.002857142857142857,0.29714285714285715,12.082857142857144,0.0,0.0,0.04441683494905925,0.11836634914903714,4.772357723577236,0.0,0.0,0.15,0.08130081300813008,0,0.10706880327933742,0.21455458563033541,0.452969407213827,0.6517767703183456,0.0,0.0,0.0,0.0,0.0,0.0,0.0,0.08,0.0040650406504065045,0.05,0.25
319,0.984848553540826,0.5352944058711767,0.9232949545473513,0.5289002568909247,0.26040296497001675,0.5409115650760807,0.8536585365853658,0.3555443710214989,0.3720842506867574,0.08536585365853659,0.6,0.34916740590854234,0.36797587657329717,0.07428571428571429,0.0,0.0,0.29714285714285715,12.082857142857144,0.0,0.0,0.04441683494905925,0.11836634914903714,4.772357723577236,0.0,0.0,0.15,0.08130081300813008,0,0.10653345926294074,0.21348181270218372,0.44391001906955047,0.6387412349119787,0.0,0.0,0.0,0.0,0.0,0.0,0.0,0.08,0.0,0.05,0.25
320,0.9851046031264099,0.5355595530771693,0.9234749208275048,0.5288080100588544,0.26040296497001675,0.541121220858632,0.8089430894308943,0.35530046858247455,0.3719013238574891,0.08536585365853659,0.5685714285714286,0.3489959773371138,0.3678473051447257,0.07428571428571429,0.008130081300813009,0.005714285714285714,0.29714285714285715,12.082857142857144,0.0,0.0,0.04441683494905925,0.11836634914903714,4.772357723577236,0.0,0.0,0.15,0.08130081300813008,0,0.10685793482376889,0.2124144036386728,0.44074610440244516,0.6994787080358708,0.0,0.0,0.0,0.0,0.0,0.0,0.0,0.08,0.008130081300813009,0.05,0.25
321,0.985855102208838,0.5351819197529719,0.924002414468297,0.5283012070750689,0.26040296497001675,0.5412995614591269,0.8455284552845529,0.35530046858247455,0.3719013238574891,0.08536585365853659,0.5942857142857143,0.3489959773371138,0.3678473051447257,0.07428571428571429,0.0,0.0,0.29714285714285715,12.082857142857144,0.0,0.0,0.04441683494905925,0.11836634914903714,4.772357723577236,0.0,0.0,0.15,0.08130081300813008,0,0.10632364514965002,0.21135233162047945,0.4319311823143962,0.6854891338751534,0.0,0.0,0.0,0.0,0.0,0.0,0.0,0.08,0.0,0.05,0.25
322,0.9864530630466452,0.5351900877725486,0.9244226955142987,0.528523691752723,0.26040296497001675,0.5416079652996855,0.8292682926829268,0.35530046858247455,0.3719013238574891,0.08536585365853659,0.5828571428571429,0.3489959773371138,0.3678473051447257,0.07428571428571429,0.0,0.0,0.29714285714285715,12.082857142857144,0.0,0.0,0.04441683494905925,0.11836634914903714,4.772357723577236,0.0,0.0,0.15,0.08130081300813008,0,0.10579202692390177,0.21029556996237705,0.4232925586681083,0.6717793511976503,0.0,0.0,0.0,0.0,0.0,0.0,0.0,0.08,0.0,0.05,0.25
323,0.986573543502284,0.5364728432877682,0.9245073760631191,0.529751636063139,0.26040296497001675,0.5420520625496008,0.8414634146341463,0.35530046858247455,0.3719013238574891,0.08536585365853659,0.5914285714285714,0.3489959773371138,0.3678473051447257,0.07428571428571429,0.0,0.0,0.29714285714285715,12.082857142857144,0.0,0.0,0.04441683494905925,0.11836634914903714,4.772357723577236,0.0,0.0,0.15,0.08130081300813008,0,0.10526306678928227,0.20924409211256514,0.41482670749474615,0.6583437641736972,0.0,0.0,0.0,0.0,0.0,0.0,0.0,0.08,0.0,0.05,0.25
324,0.9882837825102355,0.5365206948691342,0.9257094297658507,0.5295865687210916,0.26040296497001675,0.5424009606179779,0.8008130081300813,0.35530046858247455,0.3719013238574891,0.08536585365853659,0.5628571428571428,0.3489959773371138,0.3678473051447257,0.07428571428571429,0.0,0.0,0.29714285714285715,12.082857142857144,0.0,0.0,0.04441683494905925,0.11836634914903714,4.772357723577236,0.0,0.0,0.15,0.08130081300813008,0,0.10473675145533587,0.20819787165200235,0.4065301733448512,0.6451768888902233,0.0,0.0,0.0,0.0,0.0,0.0,0.0,0.08,0.0,0.05,0.25
325,0.9867372081909634,0.5374319171281315,0.924622408958591,0.5302798697780745,0.26040296497001675,0.5427931254690461,0.8333333333333334,0.35530046858247455,0.3719013238574891,0.08536585365853659,0.5857142857142857,0.3489959773371138,0.3678473051447257,0.07428571428571429,0.0,0.0,0.29714285714285715,12.082857142857144,0.0,0.0,0.04441683494905925,0.11836634914903714,4.772357723577236,0.0,0.0,0.15,0.08130081300813008,0,0.10421306769805917,0.20715688229374232,0.3983995698779542,0.6322733511124188,0.0,0.0,0.0,0.0,0.0,0.0,0.0,0.08,0.0,0.05,0.25
326,0.9886403866235298,0.5384630945969165,0.9259600715140518,0.53093029333068,0.26040296497001675,0.54331335611835,0.8373983739837398,0.35521916776946644,0.3718767067976803,0.08536585365853659,0.5885714285714285,0.34893883447997087,0.3678300028684029,0.07428571428571429,0.0040650406504065045,0.002857142857142857,0.29714285714285715,12.082857142857144,0.0,0.0,0.04441683494905925,0.11836634914903714,4.772357723577236,0.0,0.0,0.15,0.08130081300813008,0,0.10412057378814032,0.20612109788227362,0.39328872133753795,0.6569534935119828,0.0,0.0,0.0,0.0,0.0,0.0,0.0,0.08,0.0040650406504065045,0.05,0.25
327,0.9875946474671099,0.5387068819232265,0.9252250662783966,0.531017763059154,0.26040296497001675,0.543763849062759,0.8252032520325203,0.35521916776946644,0.3718767067976803,0.08536585365853659,0.58,0.34893883447997087,0.3678300028684029,0.07428571428571429,0.0,0.0,0.29714285714285715,12.082857142857144,0.0,0.0,0.04441683494905925,0.11836634914903714,4.772357723577236,0.0,0.0,0.15,0.08130081300813008,0,0.10359997091919963,0.20509049239286226,0.3854229469107872,0.6438144236417432,0.0,0.0,0.0,0.0,0.0,0.0,0.0,0.08,0.0,0.05,0.25
328,0.9879400109963645,0.5389251845638322,0.9254678075018157,0.531135693845443,0.26040296497001675,0.5441227264049373,0.8130081300813008,0.35521916776946644,0.3718767067976803,0.08536585365853659,0.5714285714285714,0.34893883447997087,0.3678300028684029,0.07428571428571429,0.0,0.0,0.29714285714285715,12.082857142857144,0.0,0.0,0.04441683494905925,0.11836634914903714,4.772357723577236,0.0,0.0,0.15,0.08130081300813008,0,0.10308197106460361,0.20406503993089792,0.3777144879725715,0.6309381351689083,0.0,0.0,0.0,0.0,0.0,0.0,0.0,0.08,0.0,0.05,0.25
329,0.9877148094530138,0.5402401874876945,0.9253095229884892,0.5328621328809875,0.26040296497001675,0.5445084994054522,0.8414634146341463,0.35521916776946644,0.3718767067976803,0.08536585365853659,0.5914285714285714,0.34893883447997087,0.3678300028684029,0.07428571428571429,0.0,0.0,0.29714285714285715,12.082857142857144,0.0,0.0,0.04441683494905925,0.11836634914903714,4.772357723577236,0.0,0.0,0.15,0.08130081300813008,0,0.10256656120928061,0.20304471473124344,0.37016019821312,0.6183193724655301,0.0,0.0,0.0,0.0,0.0,0.0,0.0,0.08,0.0,0.05,0.25
330,0.9878656018766986,0.5394495886378784,0.9254155085205649,0.5323690172184462,0.26040296497001675,0.5450566915323403,0.8252032520325203,0.35521916776946644,0.3718767067976803,0.08536585365853659,0.58,0.34893883447997087,0.3678300028684029,0.07428571428571429,0.0,0.0,0.29714285714285715,12.082857142857144,0.0,0.0,0.04441683494905925,0.11836634914903714,4.772357723577236,0.0,0.0,0.15,0.08130081300813008,0,0.10205372840323418,0.20202949115758723,0.36275699424885766,0.6059529850162195,0.0,0.0,0.0,0.0,0.0,0.0,0.0,0.08,0.0,0.05,0.25
331,0.9885439363175137,0.538413276837082,0.9258922807275378,0.5316162817128167,0.26040296497001675,0.5457945192713729,0.8089430894308943,0.3550565661434502,0.3717547555781681,0.08536585365853659,0.5685714285714286,0.3488245487656852,0.3677442885826886,0.07428571428571429,0.0040650406504065045,0.002857142857142857,0.29714285714285715,12.082857142857144,0.0,0.0,0.04441683494905925,0.11836634914903714,4.772357723577236,0.0,0.0,0.15,0.08130081300813008,0,0.10197203118978945,0.20101934370179927,0.3583589972210234,0.6157803365090782,0.0,0.0,0.0,0.0,0.0,0.0,0.0,0.08,0.0040650406504065045,0.05,0.25
332,0.9858654217794801,0.5381839423213287,0.924009667652234,0.5313808779351012,0.26040296497001675,0.5462713495963761,0.8333333333333334,0.3550565661434502,0.3717547555781681,0.08536585365853659,0.5857142857142857,0.3488245487656852,0.3677442885826886,0.07428571428571429,0.0,0.0,0.29714285714285715,12.082857142857144,0.0,0.0,0.04441683494905925,0.11836634914903714,4.772357723577236,0.0,0.0,0.15,0.08130081300813008,0,0.10146217103384049,0.20001424698329026,0.35119181727660287,0.6034647297788965,0.0,0.0,0.0,0.0,0.0,0.0,0.0,0.08,0.0,0.05,0.25
333,0.9854587326124332,0.5379150375339492,0.9237238232662524,0.53074241237067,0.26040296497001675,0.5467510769390149,0.8292682926829268,0.35497526533044205,0.37169377996841196,0.08536585365853659,0.5828571428571429,0.3487674059085423,0.3677014314398314,0.07428571428571429,0.0040650406504065045,0.002857142857142857,0.29714285714285715,12.082857142857144,0.0,0.0,0.04441683494905925,0.11836634914903714,4.772357723577236,0.0,0.0,0.15,0.08130081300813008,0,0.10138343160724275,0.20722330139053818,0.34702512378821365,0.5939490456462653,0.0,0.0,0.0,0.0,0.0,0.0,0.0,0.08,0.0040650406504065045,0.05,0.25
334,0.9861517993869262,0.5376852251335301,0.9242109501991819,0.5302508227966791,0.26040296497001675,0.547169595924247,0.8048780487804879,0.35473136289141766,0.3715108531391437,0.08536585365853659,0.5657142857142857,0.3485959773371137,0.36757286001126,0.07428571428571429,0.008130081300813009,0.005714285714285714,0.29714285714285715,12.082857142857144,0.0,0.0,0.04441683494905925,0.11836634914903714,4.772357723577236,0.0,0.0,0.15,0.08130081300813008,0,0.10173365730634937,0.23250739409576418,0.3457989070267351,0.6170370310733827,0.0,0.0,0.0,0.0,0.0,0.0,0.0,0.08,0.008130081300813009,0.05,0.25
335,0.9869857795711073,0.5377524906092305,0.9247971191286348,0.53045103899241,0.26040296497001675,0.5477315773964025,0.8089430894308943,0.35473136289141766,0.3715108531391437,0.08536585365853659,0.5685714285714286,0.3485959773371137,0.36757286001126,0.07428571428571429,0.0,0.0,0.29714285714285715,12.082857142857144,0.0,0.0,0.04441683494905925,0.11836634914903714,4.772357723577236,0.0,0.0,0.15,0.08130081300813008,0,0.10122498901981763,0.23134485712528535,0.3388829288862004,0.604696290451915,0.0,0.0,0.0,0.0,0.0,0.0,0.0,0.08,0.0,0.05,0.25
336,0.9847587706663644,0.538055558947062,0.92323185001273,0.5309240502292104,0.26040296497001675,0.5482386635431709,0.8536585365853658,0.35473136289141766,0.3715108531391437,0.08536585365853659,0.6,0.3485959773371137,0.36757286001126,0.07428571428571429,0.0,0.0,0.29714285714285715,12.082857142857144,0.0,0.0,0.04441683494905925,0.11836634914903714,4.772357723577236,0.0,0.0,0.15,0.08130081300813008,0,0.10071886407471856,0.23018813283965892,0.33210527030847636,0.5926023646428766,0.0,0.0,0.0,0.0,0.0,0.0,0.0,0.08,0.0,0.05,0.25
337,0.9820061830666386,0.5377445617798837,0.9212971741569225,0.5302973032414277,0.26040296497001675,0.5486559804414778,0.8699186991869918,0.35473136289141766,0.3715108531391437,0.08536585365853659,0.6114285714285714,0.3485959773371137,0.36757286001126,0.07428571428571429,0.0,0.0,0.29714285714285715,12.082857142857144,0.0,0.0,0.04441683494905925,0.11836634914903714,4.772357723577236,0.0,0.0,0.15,0.08130081300813008,0,0.10021526975434496,0.22903719217546065,0.32546316490230687,0.5807503173500191,0.0,0.0,0.0,0.0,0.0,0.0,0.0,0.08,0.0,0.05,0.25
338,0.9809235719650025,0.5377972343114988,0.9205362532112011,0.530566119459716,0.26040296497001675,0.5490517333043196,0.8495934959349594,0.35473136289141766,0.3715108531391437,0.08536585365853659,0.5971428571428572,0.3485959773371137,0.36757286001126,0.07428571428571429,0.0,0.0,0.29714285714285715,12.082857142857144,0.0,0.0,0.04441683494905925,0.11836634914903714,4.772357723577236,0.0,0.0,0.15,0.08130081300813008,0,0.09971419340557322,0.22789200621458333,0.31895390160426074,0.5691353110030188,0.0,0.0,0.0,0.0,0.0,0.0,0.0,0.08,0.0,0.05,0.25
339,0.9816992291415054,0.53828531026282,0.9210814293981145,0.5312651791384183,0.26040296497001675,0.5494923449344785,0.8292682926829268,0.35465006207840954,0.3714498775293876,0.08536585365853659,0.5828571428571429,0.3485388344799709,0.3675300028684028,0.07428571428571429,0.0040650406504065045,0.002857142857142857,0.29714285714285715,12.082857142857144,0.0,0.0,0.04441683494905925,0.11836634914903714,4.772357723577236,0.0,0.0,0.15,0.08130081300813008,0,0.09964419386711679,0.22675254618351043,0.3154319664293183,0.5684695363787622,0.0,0.0,0.0,0.0,0.0,0.0,0.0,0.08,0.0040650406504065045,0.05,0.25
340,0.9815394288362844,0.5381196770204236,0.9209691126121592,0.5307500712801341,0.26040296497001675,0.549886080377567,0.8130081300813008,0.35465006207840954,0.3714498775293876,0.08536585365853659,0.5714285714285714,0.3485388344799709,0.3675300028684028,0.07428571428571429,0.0,0.0,0.29714285714285715,12.082857142857144,0.0,0.0,0.04441683494905925,0.11836634914903714,4.772357723577236,0.0,0.0,0.15,0.08130081300813008,0,0.09914597289778121,0.22561878345259287,0.309123327100732,0.557100145651187,0.0,0.0,0.0,0.0,0.0,0.0,0.0,0.08,0.0,0.05,0.25
341,0.9827672724050627,0.5382410946150606,0.9218321112347864,0.5306571296317193,0.26040296497001675,0.5501088643397212,0.8455284552845529,0.3544874604523932,0.3713279263098754,0.08536585365853659,0.5942857142857143,0.34842454876568524,0.3674442885826886,0.07428571428571429,0.0040650406504065045,0.002857142857142857,0.29714285714285715,12.082857142857144,0.0,0.0,0.04441683494905925,0.11836634914903714,4.772357723577236,0.0,0.0,0.15,0.08130081300813008,0,0.09907881446186372,0.2244906895353299,0.30579800341586016,0.551635055668387,0.0,0.0,0.0,0.0,0.0,0.0,0.0,0.08,0.0040650406504065045,0.05,0.25
342,0.9816552644292945,0.5387069276518249,0.9210505284861035,0.5307876861402285,0.26040296497001675,0.5503420618530197,0.8536585365853658,0.3544874604523932,0.3713279263098754,0.08536585365853659,0.6,0.34842454876568524,0.3674442885826886,0.07428571428571429,0.0,0.0,0.29714285714285715,12.082857142857144,0.0,0.0,0.04441683494905925,0.11836634914903714,4.772357723577236,0.0,0.0,0.15,0.08130081300813008,0,0.0985834203895544,0.22336823608765324,0.29968204334754295,0.5406023545550193,0.0,0.0,0.0,0.0,0.0,0.0,0.0,0.08,0.0,0.05,0.25
343,0.9819558564678534,0.5383672280575272,0.9212618017474907,0.5305623954329891,0.26040296497001675,0.5505104401800174,0.8333333333333334,0.3542435580133688,0.37114499948060714,0.08536585365853659,0.5857142857142857,0.3482531201942567,0.36731571715411715,0.07428571428571429,0.008130081300813009,0.005714285714285714,0.29714285714285715,12.082857142857144,0.0,0.0,0.04441683494905925,0.11836634914903714,4.772357723577236,0.0,0.0,0.15,0.08130081300813008,0,0.09894764614474948,0.222251394907215,0.2994026881948778,0.5532775951277926,0.0,0.0,0.0,0.0,0.0,0.0,0.0,0.08,0.008130081300813009,0.05,0.25
344,0.9804419498830317,0.539296156739068,0.9201977416907302,0.5320949123465396,0.26040296497001675,0.5508553954503773,0.8048780487804879,0.3541622572003607,0.371084023870851,0.08536585365853659,0.5657142857142857,0.34819597733711377,0.36727286001126,0.07428571428571429,0.0040650406504065045,0.002857142857142857,0.29714285714285715,12.082857142857144,0.0,0.0,0.04441683494905925,0.11836634914903714,4.772357723577236,0.0,0.0,0.15,0.08130081300813008,0,0.09888147934259717,0.2211401379326789,0.29627177728812315,0.6073777752267039,0.0,0.0,0.0,0.0,0.0,0.0,0.0,0.08,0.0040650406504065045,0.05,0.25
345,0.9808905692130804,0.5398698961431518,0.9205130569912788,0.5322082090578242,0.26040296497001675,0.5513092565467215,0.8536585365853658,0.3541622572003607,0.371084023870851,0.08536585365853659,0.6,0.34819597733711377,0.36727286001126,0.07428571428571429,0.0,0.0,0.29714285714285715,12.082857142857144,0.0,0.0,0.04441683494905925,0.11836634914903714,4.772357723577236,0.0,0.0,0.15,0.08130081300813008,0,0.09838707194588418,0.2200344372430155,0.2903463417423606,0.5952302197221697,0.0,0.0,0.0,0.0,0.0,0.0,0.0,0.08,0.0,0.05,0.25
346,0.9825911147652959,0.5407536853910929,0.9217082975794074,0.5326535594010653,0.26040296497001675,0.5519218421241506,0.8292682926829268,0.3541622572003607,0.371084023870851,0.08536585365853659,0.5828571428571429,0.34819597733711377,0.36727286001126,0.07428571428571429,0.0,0.0,0.29714285714285715,12.082857142857144,0.0,0.0,0.04441683494905925,0.11836634914903714,4.772357723577236,0.0,0.0,0.15,0.08130081300813008,0,0.09789513658615476,0.21893426505680041,0.2845394149075134,0.5833256153277264,0.0,0.0,0.0,0.0,0.0,0.0,0.0,0.08,0.0,0.05,0.25
347,0.9826942831631877,0.5409007134691652,0.9217808102247828,0.5329689996537588,0.26040296497001675,0.5524670573506245,0.8048780487804879,0.3538370539483282,0.3708401214318266,0.08536585365853659,0.5657142857142857,0.3479674059085423,0.3671014314398315,0.07428571428571429,0.008130081300813009,0.005714285714285714,0.29714285714285715,12.082857142857144,0.0,0.0,0.04441683494905925,0.11836634914903714,4.772357723577236,0.0,0.0,0.15,0.08130081300813008,0,0.09826280376036683,0.26545618671711296,0.2845629123236489,0.5716591030211718,0.0,0.0,0.0,0.0,0.0,0.0,0.0,0.08,0.008130081300813009,0.05,0.25
348,0.9813693560142601,0.5430778444755647,0.9208495757143935,0.5341247559952849,0.26040296497001675,0.5528219167793688,0.7926829268292683,0.3538370539483282,0.3708401214318266,0.08536585365853659,0.5571428571428572,0.3479674059085423,0.3671014314398315,0.07428571428571429,0.0,0.0,0.29714285714285715,12.082857142857144,0.0,0.0,0.04441683494905925,0.11836634914903714,4.772357723577236,0.0,0.0,0.15,0.08130081300813008,0,0.097771489741565,0.2641289057835274,0.2788716540771759,0.5602259209607484,0.0,0.0,0.0,0.0,0.0,0.0,0.0,0.08,0.0,0.05,0.25
349,0.981844210106823,0.5439925519929302,0.9211833303051664,0.5343910445739151,0.26040296497001675,0.5532730072036497,0.8130081300813008,0.353674452322312,0.37071817021231435,0.08536585365853659,0.5714285714285714,0.3478531201942566,0.36701571715411707,0.07428571428571429,0.008130081300813009,0.005714285714285714,0.29714285714285715,12.082857142857144,0.0,0.0,0.04441683494905925,0.11836634914903714,4.772357723577236,0.0,0.0,0.15,0.08130081300813008,0,0.09813977515000005,0.26280826125460977,0.27900850670991806,0.563785712180006,0.0,0.0,0.0,0.0,0.0,0.0,0.0,0.08,0.008130081300813009,0.05,0.25
350,0.9805290993941264,0.5436679810180484,0.9202589953470997,0.53376335836352,0.26040296497001675,0.5537798177409741,0.8455284552845529,0.353674452322312,0.37071817021231435,0.08536585365853659,0.5942857142857143,0.3478531201942566,0.36701571715411707,0.07428571428571429,0.0,0.0,0.29714285714285715,12.082857142857144,0.0,0.0,0.04441683494905925,0.11836634914903714,4.772357723577236,0.0,0.0,0.15,0.08130081300813008,0,0.09764907627425004,0.2614942199483367,0.2734283365757197,0.5525099979364059,0.0,0.0,0.0,0.0,0.0,0.0,0.0,0.08,0.0,0.05,0.25
351,0.9821725191464447,0.5441746816933477,0.9214140846587291,0.5338604742081698,0.26040296497001675,0.5542426842047734,0.8739837398373984,0.353674452322312,0.37071817021231435,0.08536585365853659,0.6142857142857143,0.3478531201942566,0.36701571715411707,0.07428571428571429,0.0,0.0,0.29714285714285715,12.082857142857144,0.0,0.0,0.04441683494905925,0.11836634914903714,4.772357723577236,0.0,0.0,0.15,0.08130081300813008,0,0.09716083089287877,0.260186748848595,0.2679597698442053,0.5414597979776777,0.0,0.0,0.0,0.0,0.0,0.0,0.0,0.08,0.0,0.05,0.25
352,0.9832298217197031,0.5455022004210642,0.9221572173245052,0.5343234621185761,0.26040296497001675,0.5546308618155659,0.8455284552845529,0.353674452322312,0.37071817021231435,0.08536585365853659,0.5942857142857143,0.3478531201942566,0.36701571715411707,0.07428571428571429,0.0,0.0,0.29714285714285715,12.082857142857144,0.0,0.0,0.04441683494905925,0.11836634914903714,4.772357723577236,0.0,0.0,0.15,0.08130081300813008,0,0.09667502673841438,0.25888581510435205,0.26260057444732116,0.5306306020181242,0.0,0.0,0.0,0.0,0.0,0.0,0.0,0.08,0.0,0.05,0.25
353,0.9830022625861827,0.5454061673657772,0.9219972757620878,0.5346959909108476,0.26040296497001675,0.554962298252653,0.8536585365853658,0.353674452322312,0.37071817021231435,0.08536585365853659,0.6,0.3478531201942566,0.36701571715411707,0.07428571428571429,0.0,0.0,0.29714285714285715,12.082857142857144,0.0,0.0,0.04441683494905925,0.11836634914903714,4.772357723577236,0.0,0.0,0.15,0.08130081300813008,0,0.09619165160472233,0.25759138602883025,0.25734856295837477,0.5200179899777617,0.0,0.0,0.0,0.0,0.0,0.0,0.0,0.08,0.0,0.05,0.25
354,0.9834069871023923,0.5464009565862814,0.9222817392791951,0.5357233259265725,0.26040296497001675,0.555248651388927,0.8170731707317073,0.353674452322312,0.37071817021231435,0.08536585365853659,0.5742857142857143,0.3478531201942566,0.36701571715411707,0.07428571428571429,0.0,0.0,0.29714285714285715,12.082857142857144,0.0,0.0,0.04441683494905925,0.11836634914903714,4.772357723577236,0.0,0.0,0.15,0.08130081300813008,0,0.0957106933466987,0.2563034290986861,0.2522015916992073,0.5096176301782065,0.0,0.0,0.0,0.0,0.0,0.0,0.0,0.08,0.0,0.05,0.25
355,0.9826804842910942,0.5471792329145326,0.9217711115889686,0.5354454844564662,0.26040296497001675,0.5555931319956582,0.8130081300813008,0.3535931515093038,0.3706571946025583,0.08536585365853659,0.5714285714285714,0.34779597733711376,0.36697286001126,0.07428571428571429,0.0040650406504065045,0.002857142857142857,0.29714285714285715,12.082857142857144,0.0,0.0,0.04441683494905925,0.11836634914903714,4.772357723577236,0.0,0.0,0.15,0.08130081300813008,0,0.09566071130853666,0.2749642767361256,0.250014702722366,0.5569202833968355,0.0,0.0,0.0,0.0,0.0,0.0,0.0,0.08,0.0040650406504065045,0.05,0.25
356,0.9837690866539822,0.5471796856431297,0.9225362435354556,0.5353530098117887,0.26040296497001675,0.5557536621322529,0.7886178861788617,0.3535931515093038,0.3706571946025583,0.08536585365853659,0.5542857142857143,0.34779597733711376,0.36697286001126,0.07428571428571429,0.0,0.0,0.29714285714285715,12.082857142857144,0.0,0.0,0.04441683494905925,0.11836634914903714,4.772357723577236,0.0,0.0,0.15,0.08130081300813008,0,0.09518240775199396,0.273589455352445,0.24501440866791865,0.5457818777288987,0.0,0.0,0.0,0.0,0.0,0.0,0.0,0.08,0.0,0.05,0.25
357,0.9840849777536413,0.5469400329250659,0.9227582698512159,0.5354938052017997,0.26040296497001675,0.555753348030094,0.7926829268292683,0.3535118506962957,0.37059621899280215,0.08536585365853659,0.5571428571428572,0.34773883447997095,0.3669300028684029,0.07428571428571429,0.0040650406504065045,0.002857142857142857,0.29714285714285715,12.082857142857144,0.0,0.0,0.04441683494905925,0.11836634914903714,4.772357723577236,0.0,0.0,0.15,0.08130081300813008,0,0.09513506714180543,0.27222150807568274,0.24297126335170316,0.5348662401743207,0.0,0.0,0.0,0.0,0.0,0.0,0.0,0.08,0.0040650406504065045,0.05,0.25
358,0.9838373573981516,0.5473931342912896,0.9225842281156432,0.5361433106588889,0.26040296497001675,0.5556983690350388,0.8130081300813008,0.3535118506962957,0.37059621899280215,0.08536585365853659,0.5714285714285714,0.34773883447997095,0.3669300028684029,0.07428571428571429,0.0,0.0,0.29714285714285715,12.082857142857144,0.0,0.0,0.04441683494905925,0.11836634914903714,4.772357723577236,0.0,0.0,0.15,0.08130081300813008,0,0.09465939180609641,0.27086040053530436,0.2381118380846691,0.5241689153708343,0.0,0.0,0.0,0.0,0.0,0.0,0.0,0.08,0.0,0.05,0.25
359,0.9838702303542608,0.5465918923140146,0.9226073331076512,0.5351885388629525,0.26040296497001675,0.5555836082165334,0.7845528455284553,0.3535118506962957,0.37059621899280215,0.08536585365853659,0.5514285714285714,0.34773883447997095,0.3669300028684029,0.07428571428571429,0.0,0.0,0.29714285714285715,12.082857142857144,0.0,0.0,0.04441683494905925,0.11836634914903714,4.772357723577236,0.0,0.0,0.15,0.08130081300813008,0,0.09418609484706593,0.26950609853262786,0.23334960132297572,0.5136855370634176,0.0,0.0,0.0,0.0,0.0,0.0,0.0,0.08,0.0,0.05,0.25
360,0.9830078340344746,0.5467344224774097,0.9220011916943156,0.5352040881627982,0.26040296497001675,0.5555968555272836,0.8048780487804879,0.3533492490702794,0.37047426777328996,0.08536585365853659,0.5657142857142857,0.3476245487656852,0.3668442885826885,0.07428571428571429,0.0040650406504065045,0.002857142857142857,0.29714285714285715,12.082857142857144,0.0,0.0,0.04441683494905925,0.11836634914903714,4.772357723577236,0.0,0.0,0.15,0.08130081300813008,0,0.094143735801402,0.2681585680399647,0.23153975215365905,0.5099342977056031,0.0,0.0,0.0,0.0,0.0,0.0,0.0,0.08,0.0040650406504065045,0.05,0.25
361,0.9824129940516297,0.548042971698391,0.9215831041635163,0.5360322168407667,0.26040296497001675,0.5555976573059233,0.8130081300813008,0.3531866474442632,0.37035231655377776,0.08536585365853659,0.5714285714285714,0.3475102630513995,0.3667585742969743,0.07428571428571429,0.0040650406504065045,0.002857142857142857,0.29714285714285715,12.082857142857144,0.0,0.0,0.04441683494905925,0.11836634914903714,4.772357723577236,0.0,0.0,0.15,0.08130081300813008,0,0.09410158855096641,0.26681777519976485,0.2297660999677287,0.5332241385415799,0.0,0.0,0.0,0.0,0.0,0.0,0.0,0.08,0.0040650406504065045,0.05,0.25
362,0.9825927932057498,0.5481504934778987,0.9217094772832691,0.5358733011840953,0.26040296497001675,0.5558233142156912,0.8089430894308943,0.3531866474442632,0.37035231655377776,0.08536585365853659,0.5685714285714286,0.3475102630513995,0.3667585742969743,0.07428571428571429,0.0,0.0,0.29714285714285715,12.082857142857144,0.0,0.0,0.04441683494905925,0.11836634914903714,4.772357723577236,0.0,0.0,0.15,0.08130081300813008,0,0.0936310806082116,0.26548368632376607,0.22517077796837418,0.5225596557707483,0.0,0.0,0.0,0.0,0.0,0.0,0.0,0.08,0.0,0.05,0.25
363,0.9835628831617965,0.5483320588068824,0.9223913119380908,0.5360733136715146,0.26040296497001675,0.5561088592674108,0.8577235772357723,0.3531866474442632,0.37035231655377776,0.08536585365853659,0.6028571428571429,0.3475102630513995,0.3667585742969743,0.07428571428571429,0.0,0.0,0.29714285714285715,12.082857142857144,0.0,0.0,0.04441683494905925,0.11836634914903714,4.772357723577236,0.0,0.0,0.15,0.08130081300813008,0,0.09316292520517054,0.26415626789214725,0.22066736240900664,0.5121084626553333,0.0,0.0,0.0,0.0,0.0,0.0,0.0,0.08,0.0,0.05,0.25
364,0.9840097878208953,0.5484596188434727,0.9227054220699146,0.5366245054033956,0.26040296497001675,0.5563225586936811,0.8211382113821138,0.353024045818247,0.37023036533426557,0.08536585365853659,0.5771428571428572,0.3473959773371138,0.36667286001126004,0.07428571428571429,0.0040650406504065045,0.002857142857142857,0.29714285714285715,12.082857142857144,0.0,0.0,0.04441683494905925,0.11836634914903714,4.772357723577236,0.0,0.0,0.15,0.08130081300813008,0,0.09312568200771612,0.2628354865526865,0.21911115801796938,0.5052414664290557,0.0,0.0,0.0,0.0,0.0,0.0,0.0,0.08,0.0040650406504065045,0.05,0.25
365,0.9849992169742325,0.549025723885274,0.9234008494176885,0.5365416789599833,0.26040296497001675,0.5563993087321611,0.8455284552845529,0.353024045818247,0.37023036533426557,0.08536585365853659,0.5942857142857143,0.3473959773371138,0.36667286001126004,0.07428571428571429,0.0,0.0,0.29714285714285715,12.082857142857144,0.0,0.0,0.04441683494905925,0.11836634914903714,4.772357723577236,0.0,0.0,0.15,0.08130081300813008,0,0.09266005359767754,0.26152130911992305,0.21472893485760997,0.4951366371004745,0.0,0.0,0.0,0.0,0.0,0.0,0.0,0.08,0.0,0.05,0.25
366,0.9841279828418541,0.5497430159844774,0.9227884962846454,0.5373678072023961,0.26040296497001675,0.5564727155082141,0.8495934959349594,0.353024045818247,0.37023036533426557,0.08536585365853659,0.5971428571428572,0.3473959773371138,0.36667286001126004,0.07428571428571429,0.0,0.0,0.29714285714285715,12.082857142857144,0.0,0.0,0.04441683494905925,0.11836634914903714,4.772357723577236,0.0,0.0,0.15,0.08130081300813008,0,0.09219675332968914,0.2602137025743234,0.21043435616045778,0.48523390435846503,0.0,0.0,0.0,0.0,0.0,0.0,0.0,0.08,0.0,0.05,0.25
367,0.9834627324927254,0.5501052199616406,0.9223209203249721,0.5379864146034649,0.26040296497001675,0.5564934750819209,0.8658536585365854,0.353024045818247,0.37023036533426557,0.08536585365853659,0.6085714285714285,0.3473959773371138,0.36667286001126004,0.07428571428571429,0.0,0.0,0.29714285714285715,12.082857142857144,0.0,0.0,0.04441683494905925,0.11836634914903714,4.772357723577236,0.0,0.0,0.15,0.08130081300813008,0,0.09173576956304069,0.2589126340614518,0.20622566903724862,0.4755292262712957,0.0,0.0,0.0,0.0,0.0,0.0,0.0,0.08,0.0,0.05,0.25
368,0.9849692203580994,0.5498133514702401,0.9233797660817777,0.5383126925405893,0.26040296497001675,0.556658424417011,0.8373983739837398,0.353024045818247,0.37023036533426557,0.08536585365853659,0.5885714285714285,0.3473959773371138,0.36667286001126004,0.07428571428571429,0.0,0.0,0.29714285714285715,12.082857142857144,0.0,0.0,0.04441683494905925,0.11836634914903714,4.772357723577236,0.0,0.0,0.15,0.08130081300813008,0,0.0912770907152255,0.2576180708911445,0.20210115565650366,0.4660186417458698,0.0,0.0,0.0,0.0,0.0,0.0,0.0,0.08,0.0,0.05,0.25
369,0.9853940486212032,0.5496712295796823,0.9236783596609879,0.5374793988000144,0.26040296497001675,0.5568278519446612,0.8414634146341463,0.353024045818247,0.37023036533426557,0.08536585365853659,0.5914285714285714,0.3473959773371138,0.36667286001126004,0.07428571428571429,0.0,0.0,0.29714285714285715,12.082857142857144,0.0,0.0,0.04441683494905925,0.11836634914903714,4.772357723577236,0.0,0.0,0.15,0.08130081300813008,0,0.09082070526164937,0.2563299805366888,0.19805913254337354,0.4566982689109524,0.0,0.0,0.0,0.0,0.0,0.0,0.0,0.08,0.0,0.05,0.25
370,0.9858484747362374,0.5487623845107571,0.9239977563018407,0.5366325268999868,0.26040296497001675,0.5569154871351089,0.8089430894308943,0.353024045818247,0.37023036533426557,0.08536585365853659,0.5685714285714286,0.3473959773371138,0.36667286001126004,0.07428571428571429,0.0,0.0,0.29714285714285715,12.082857142857144,0.0,0.0,0.04441683494905925,0.11836634914903714,4.772357723577236,0.0,0.0,0.15,0.08130081300813008,0,0.09036660173534113,0.25504833063400534,0.1940979498925061,0.44756430353273335,0.0,0.0,0.0,0.0,0.0,0.0,0.0,0.08,0.0,0.05,0.25
371,0.9848455442259915,0.5487454241408445,0.923292839428925,0.5361193210760835,0.26040296497001675,0.5571472269237702,0.8495934959349594,0.35294274500523876,0.3701693897245095,0.08536585365853659,0.5971428571428572,0.3473388344799709,0.3666300028684028,0.07428571428571429,0.0040650406504065045,0.002857142857142857,0.29714285714285715,12.082857142857144,0.0,0.0,0.04441683494905925,0.11836634914903714,4.772357723577236,0.0,0.0,0.15,0.08130081300813008,0,0.09034334015523583,0.25377308898083534,0.19307313375179883,0.4484852501200165,0.0,0.0,0.0,0.0,0.0,0.0,0.0,0.08,0.0040650406504065045,0.05,0.25
372,0.9848632188758334,0.5488219478675179,0.9233052621828137,0.536474209895142,0.26040296497001675,0.5573604062279698,0.7926829268292683,0.35269884256621437,0.3699864628952412,0.08536585365853659,0.5571428571428572,0.34716740590854234,0.36650143143983144,0.07428571428571429,0.008130081300813009,0.005714285714285714,0.29714285714285715,12.082857142857144,0.0,0.0,0.04441683494905925,0.11836634914903714,4.772357723577236,0.0,0.0,0.15,0.08130081300813008,0,0.0907487663116025,0.25250422353593116,0.19492595679104857,0.49452692849042884,0.0,0.0,0.0,0.0,0.0,0.0,0.0,0.08,0.008130081300813009,0.05,0.25
373,0.9844560361806991,0.548828054703574,0.9230190709170909,0.5366319556503857,0.26040296497001675,0.5575230042375616,0.8495934959349594,0.35269884256621437,0.3699864628952412,0.08536585365853659,0.5971428571428572,0.34716740590854234,0.36650143143983144,0.07428571428571429,0.0,0.0,0.29714285714285715,12.082857142857144,0.0,0.0,0.04441683494905925,0.11836634914903714,4.772357723577236,0.0,0.0,0.15,0.08130081300813008,0,0.0902950224800445,0.2512417024182515,0.1910274376552276,0.48463638992062025,0.0,0.0,0.0,0.0,0.0,0.0,0.0,0.08,0.0,0.05,0.25
374,0.9841370339211652,0.5482943139395384,0.9227948579003897,0.5361882566270765,0.26040296497001675,0.557884680157892,0.8577235772357723,0.35253624094019814,0.369864511675729,0.08536585365853659,0.6028571428571429,0.3470531201942566,0.36641571715411714,0.07428571428571429,0.0040650406504065045,0.002857142857142857,0.29714285714285715,12.082857142857144,0.0,0.0,0.04441683494905925,0.11836634914903714,4.772357723577236,0.0,0.0,0.15,0.08130081300813008,0,0.0902721187962157,0.24998549390616023,0.19006403175926587,0.4936118839906234,0.0,0.0,0.0,0.0,0.0,0.0,0.0,0.08,0.0040650406504065045,0.05,0.25
375,0.9849817162231792,0.5482739756184914,0.9233885488898055,0.5363921136089365,0.26040296497001675,0.5580490260114394,0.7967479674796748,0.35237363931418186,0.3697425604562168,0.08536585365853659,0.56,0.3469388344799709,0.36633000286840284,0.07428571428571429,0.0040650406504065045,0.002857142857142857,0.29714285714285715,12.082857142857144,0.0,0.0,0.04441683494905925,0.11836634914903714,4.772357723577236,0.0,0.0,0.15,0.08130081300813008,0,0.09024932963080606,0.24908197729318182,0.18911989398122347,0.4890039741696372,0.0,0.0,0.0,0.0,0.0,0.0,0.0,0.08,0.0040650406504065045,0.05,0.25
376,0.9853243701534471,0.5491333686315507,0.9236293856522223,0.5376249888491638,0.26040296497001675,0.5581849748470847,0.8373983739837398,0.3522110376881656,0.3696206092367046,0.08536585365853659,0.5885714285714285,0.3468245487656852,0.3662442885826886,0.07428571428571429,0.0040650406504065045,0.002857142857142857,0.29714285714285715,12.082857142857144,0.0,0.0,0.04441683494905925,0.11836634914903714,4.772357723577236,0.0,0.0,0.15,0.08130081300813008,0,0.09022665441122346,0.24783656740671592,0.18819463895874183,0.48518493278559255,0.0,0.0,0.0,0.0,0.0,0.0,0.0,0.08,0.0040650406504065045,0.05,0.25
377,0.9835335503360306,0.549651444604299,0.9223706951519809,0.5377810260278194,0.26040296497001675,0.5584733482250122,0.8333333333333334,0.3522110376881656,0.3696206092367046,0.08536585365853659,0.5857142857142857,0.3468245487656852,0.3662442885826886,0.07428571428571429,0.0,0.0,0.29714285714285715,12.082857142857144,0.0,0.0,0.04441683494905925,0.11836634914903714,4.772357723577236,0.0,0.0,0.15,0.08130081300813008,0,0.08977552113916736,0.24659738456968233,0.18443074617956695,0.47548123412988064,0.0,0.0,0.0,0.0,0.0,0.0,0.0,0.08,0.0,0.05,0.25
378,0.9838568860885544,0.5481467406709881,0.9225979539951834,0.5364395558241315,0.26040296497001675,0.5588710614684737,0.8333333333333334,0.3522110376881656,0.3696206092367046,0.08536585365853659,0.5857142857142857,0.3468245487656852,0.3662442885826886,0.07428571428571429,0.0,0.0,0.29714285714285715,12.082857142857144,0.0,0.0,0.04441683494905925,0.11836634914903714,4.772357723577236,0.0,0.0,0.15,0.08130081300813008,0,0.0893266435334715,0.24536439764683393,0.1807421312559756,0.46597160944728305,0.0,0.0,0.0,0.0,0.0,0.0,0.0,0.08,0.0,0.05,0.25
379,0.9839266496811258,0.5485133260206378,0.9226469878345336,0.5367179797340808,0.26040296497001675,0.5593450733767074,0.8536585365853658,0.35204843606214936,0.3694986580171924,0.08536585365853659,0.6,0.34671026305139946,0.36615857429697435,0.07428571428571429,0.0040650406504065045,0.002857142857142857,0.29714285714285715,12.082857142857144,0.0,0.0,0.04441683494905925,0.11836634914903714,4.772357723577236,0.0,0.0,0.15,0.08130081300813008,0,0.08930858174437557,0.24413757565859975,0.17998443148799897,0.46794347282779436,0.0,0.0,0.0,0.0,0.0,0.0,0.0,0.08,0.0040650406504065045,0.05,0.25
380,0.9841868298638978,0.5485604609301946,0.9228298573344247,0.5366828228884463,0.26040296497001675,0.5599933231511827,0.8739837398373984,0.35204843606214936,0.3694986580171924,0.08536585365853659,0.6142857142857143,0.34671026305139946,0.36615857429697435,0.07428571428571429,0.0,0.0,0.29714285714285715,12.082857142857144,0.0,0.0,0.04441683494905925,0.11836634914903714,4.772357723577236,0.0,0.0,0.15,0.08130081300813008,0,0.0888620388356537,0.24291688778030676,0.176384742858239,0.45858460337123846,0.0,0.0,0.0,0.0,0.0,0.0,0.0,0.08,0.0,0.05,0.25
381,0.9836166474857889,0.5485119534063986,0.9224291005772397,0.5365340567753408,0.26040296497001675,0.5605880310662754,0.8455284552845529,0.35196713524914125,0.36943768240743635,0.08536585365853659,0.5942857142857143,0.3466531201942566,0.36611571715411717,0.07428571428571429,0.0040650406504065045,0.002857142857142857,0.29714285714285715,12.082857142857144,0.0,0.0,0.04441683494905925,0.11836634914903714,4.772357723577236,0.0,0.0,0.15,0.08130081300813008,0,0.08884630007004686,0.24170230334140522,0.17571419085821707,0.45114498913607687,0.0,0.0,0.0,0.0,0.0,0.0,0.0,0.08,0.0040650406504065045,0.05,0.25
382,0.9826915705329948,0.5476911227881514,0.9217789036332757,0.5360769556609064,0.26040296497001675,0.5610989169362948,0.8455284552845529,0.35180453362312497,0.36931573118792416,0.08536585365853659,0.5942857142857143,0.3465388344799709,0.36603000286840287,0.07428571428571429,0.0040650406504065045,0.002857142857142857,0.29714285714285715,12.082857142857144,0.0,0.0,0.04441683494905925,0.11836634914903714,4.772357723577236,0.0,0.0,0.15,0.08130081300813008,0,0.08883063999826805,0.24117473536435735,0.17505704989819557,0.44212208935335534,0.0,0.0,0.0,0.0,0.0,0.0,0.0,0.08,0.0040650406504065045,0.05,0.25
383,0.9830529876147073,0.547387733670163,0.922032928210708,0.5358813001601308,0.26040296497001675,0.5613471426055524,0.8902439024390244,0.35180453362312497,0.36931573118792416,0.08536585365853659,0.6257142857142857,0.3465388344799709,0.36603000286840287,0.07428571428571429,0.0,0.0,0.29714285714285715,12.082857142857144,0.0,0.0,0.04441683494905925,0.11836634914903714,4.772357723577236,0.0,0.0,0.15,0.08130081300813008,0,0.08838648679827671,0.23996886168753556,0.17155590890023167,0.43327964756628823,0.0,0.0,0.0,0.0,0.0,0.0,0.0,0.08,0.0,0.05,0.25
384,0.9850584442232188,0.5484242558415551,0.9234424777126903,0.535947073767723,0.26040296497001675,0.561438230810453,0.8333333333333334,0.35180453362312497,0.36931573118792416,0.08536585365853659,0.5857142857142857,0.3465388344799709,0.36603000286840287,0.07428571428571429,0.0,0.0,0.29714285714285715,12.082857142857144,0.0,0.0,0.04441683494905925,0.11836634914903714,4.772357723577236,0.0,0.0,0.15,0.08130081300813008,0,0.08794455436428533,0.2387690173790979,0.16812479072222702,0.42461405461496243,0.0,0.0,0.0,0.0,0.0,0.0,0.0,0.08,0.0,0.05,0.25
385,0.9838310252046333,0.5493565482214363,0.9225797774881989,0.5365158203725201,0.26040296497001675,0.5614961821028328,0.8536585365853658,0.35180453362312497,0.36931573118792416,0.08536585365853659,0.6,0.3465388344799709,0.36603000286840287,0.07428571428571429,0.0,0.0,0.29714285714285715,12.082857142857144,0.0,0.0,0.04441683494905925,0.11836634914903714,4.772357723577236,0.0,0.0,0.15,0.08130081300813008,0,0.0875048315924639,0.23757517229220237,0.16476229490778246,0.41612177352266316,0.0,0.0,0.0,0.0,0.0,0.0,0.0,0.08,0.0,0.05,0.25
386,0.9824860730712577,0.5493142155588921,0.9216344682744548,0.5364504812254249,0.26040296497001675,0.5617875143831388,0.8617886178861789,0.3515606311841006,0.3691328043586559,0.08536585365853659,0.6057142857142858,0.3463674059085423,0.3659014314398314,0.07428571428571429,0.008130081300813009,0.005714285714285714,0.29714285714285715,12.082857142857144,0.0,0.0,0.04441683494905925,0.11836634914903714,4.772357723577236,0.0,0.0,0.15,0.08130081300813008,0,0.08792445029164443,0.24156807918636788,0.16718133472391253,0.419560475451714,0.0,0.0,0.0,0.0,0.0,0.0,0.0,0.08,0.008130081300813009,0.05,0.25
387,0.9839472051269188,0.5508181123738062,0.9226614353764336,0.5377721451424732,0.26040296497001675,0.5620598267454185,0.8414634146341463,0.3515606311841006,0.3691328043586559,0.08536585365853659,0.5914285714285714,0.3463674059085423,0.3659014314398314,0.07428571428571429,0.0,0.0,0.29714285714285715,12.082857142857144,0.0,0.0,0.04441683494905925,0.11836634914903714,4.772357723577236,0.0,0.0,0.15,0.08130081300813008,0,0.08748482804018622,0.24036023879043605,0.16383770802943426,0.4111692659426797,0.0,0.0,0.0,0.0,0.0,0.0,0.0,0.08,0.0,0.05,0.25
388,0.9823414852926243,0.5512121264539618,0.9215328437214726,0.5381333473440552,0.26040296497001675,0.5622591126807711,0.8211382113821138,0.3515606311841006,0.3691328043586559,0.08536585365853659,0.5771428571428572,0.3463674059085423,0.3659014314398314,0.07428571428571429,0.0,0.0,0.29714285714285715,12.082857142857144,0.0,0.0,0.04441683494905925,0.11836634914903714,4.772357723577236,0.0,0.0,0.15,0.08130081300813008,0,0.08704740389998529,0.23915843759648386,0.16056095386884559,0.40294588062382614,0.0,0.0,0.0,0.0,0.0,0.0,0.0,0.08,0.0,0.05,0.25
389,0.9838420563805778,0.5520670023599845,0.9225875308290055,0.5388103393245354,0.26040296497001675,0.5626147009684925,0.8292682926829268,0.3515606311841006,0.3691328043586559,0.08536585365853659,0.5828571428571429,0.3463674059085423,0.3659014314398314,0.07428571428571429,0.0,0.0,0.29714285714285715,12.082857142857144,0.0,0.0,0.04441683494905925,0.11836634914903714,4.772357723577236,0.0,0.0,0.15,0.08130081300813008,0,0.08661216688048537,0.23796264540850146,0.1573497347914687,0.39488696301134957,0.0,0.0,0.0,0.0,0.0,0.0,0.0,0.08,0.0,0.05,0.25
390,0.9828871243837101,0.551205569598867,0.9219163500540642,0.5386124166462428,0.26040296497001675,0.562961783270352,0.8414634146341463,0.35139802955808425,0.36901085313914367,0.08536585365853659,0.5914285714285714,0.34625312019425664,0.3658157171541172,0.07428571428571429,0.0040650406504065045,0.002857142857142857,0.29714285714285715,12.082857142857144,0.0,0.0,0.04441683494905925,0.11836634914903714,4.772357723577236,0.0,0.0,0.15,0.08130081300813008,0,0.08660767747465437,0.23677283218145895,0.15705988295278214,0.3883014475884989,0.0,0.0,0.0,0.0,0.0,0.0,0.0,0.08,0.0040650406504065045,0.05,0.25
391,0.9839945455039294,0.5503501794649462,0.9226947088985613,0.5380206542036192,0.26040296497001675,0.563236681114778,0.8617886178861789,0.35139802955808425,0.36901085313914367,0.08536585365853659,0.6057142857142858,0.34625312019425664,0.3658157171541172,0.07428571428571429,0.0,0.0,0.29714285714285715,12.082857142857144,0.0,0.0,0.04441683494905925,0.11836634914903714,4.772357723577236,0.0,0.0,0.15,0.08130081300813008,0,0.08617463908728108,0.23558896802055163,0.15391868529372651,0.3805354186367289,0.0,0.0,0.0,0.0,0.0,0.0,0.0,0.08,0.0,0.05,0.25
392,0.9835637559639882,0.5508448107124082,0.9223919253933454,0.5384308531568699,0.26040296497001675,0.5633527240091354,0.8292682926829268,0.35139802955808425,0.36901085313914367,0.08536585365853659,0.5828571428571429,0.34625312019425664,0.3658157171541172,0.07428571428571429,0.0,0.0,0.29714285714285715,12.082857142857144,0.0,0.0,0.04441683494905925,0.11836634914903714,4.772357723577236,0.0,0.0,0.15,0.08130081300813008,0,0.08574376589184468,0.23441102318044887,0.150840311587852,0.3729247102639943,0.0,0.0,0.0,0.0,0.0,0.0,0.0,0.08,0.0,0.05,0.25
393,0.9857392354506815,0.5498783733168394,0.923920976689707,0.537332394630776,0.26040296497001675,0.5635778775819186,0.8536585365853658,0.35139802955808425,0.36901085313914367,0.08536585365853659,0.6,0.34625312019425664,0.3658157171541172,0.07428571428571429,0.0,0.0,0.29714285714285715,12.082857142857144,0.0,0.0,0.04441683494905925,0.11836634914903714,4.772357723577236,0.0,0.0,0.15,0.08130081300813008,0,0.08531504706238545,0.23323896806454664,0.14782350535609493,0.36546621605871443,0.0,0.0,0.0,0.0,0.0,0.0,0.0,0.08,0.0,0.05,0.25
394,0.9840111637378391,0.551571278187608,0.9227063891429663,0.5388186146666554,0.26040296497001675,0.5637238519154424,0.8455284552845529,0.35115412711905986,0.36882792630987543,0.08536585365853659,0.5942857142857143,0.3460816916228281,0.3656871457255457,0.07428571428571429,0.008130081300813009,0.005714285714285714,0.29714285714285715,12.082857142857144,0.0,0.0,0.04441683494905925,0.11836634914903714,4.772357723577236,0.0,0.0,0.15,0.08130081300813008,0,0.08574561468421639,0.23447334514996013,0.15058132096325877,0.40300606841812253,0.0,0.0,0.0,0.0,0.0,0.0,0.0,0.08,0.008130081300813009,0.05,0.25
395,0.9855232356145315,0.5519903905036063,0.923769159662013,0.5392730435390761,0.26040296497001675,0.5637102138169856,0.8861788617886179,0.35115412711905986,0.36882792630987543,0.08536585365853659,0.6228571428571429,0.3460816916228281,0.3656871457255457,0.07428571428571429,0.0,0.0,0.29714285714285715,12.082857142857144,0.0,0.0,0.04441683494905925,0.11836634914903714,4.772357723577236,0.0,0.0,0.15,0.08130081300813008,0,0.0853168866107953,0.23330097842421033,0.14756969454399357,0.39494594704976005,0.0,0.0,0.0,0.0,0.0,0.0,0.0,0.08,0.0,0.05,0.25
396,0.9855183179872848,0.551518794062784,0.9237657032725767,0.5392086342487787,0.26040296497001675,0.5636956936361203,0.8658536585365854,0.35107282630605174,0.3687669507001193,0.08536585365853659,0.6085714285714285,0.3460245487656852,0.3656442885826886,0.07428571428571429,0.0040650406504065045,0.002857142857142857,0.29714285714285715,12.082857142857144,0.0,0.0,0.04441683494905925,0.11836634914903714,4.772357723577236,0.0,0.0,0.15,0.08130081300813008,0,0.08531887360631275,0.24133821394632515,0.14747544351025657,0.38879514092873396,0.0,0.0,0.0,0.0,0.0,0.0,0.0,0.08,0.0040650406504065045,0.05,0.25
397,0.9870142026605115,0.5514625801158948,0.9248170965000447,0.5391543535254567,0.26040296497001675,0.5635425265754239,0.8373983739837398,0.35107282630605174,0.3687669507001193,0.08536585365853659,0.5885714285714285,0.3460245487656852,0.3656442885826886,0.07428571428571429,0.0,0.0,0.29714285714285715,12.082857142857144,0.0,0.0,0.04441683494905925,0.11836634914903714,4.772357723577236,0.0,0.0,0.15,0.08130081300813008,0,0.08489227923828119,0.2401315228765935,0.14452593464005142,0.38101923811015925,0.0,0.0,0.0,0.0,0.0,0.0,0.0,0.08,0.0,0.05,0.25
398,0.9862892141891816,0.5517405973199072,0.9243075331744813,0.5396062688214684,0.26040296497001675,0.5634144974251875,0.8089430894308943,0.35107282630605174,0.3687669507001193,0.08536585365853659,0.5685714285714286,0.3460245487656852,0.3656442885826886,0.07428571428571429,0.0,0.0,0.29714285714285715,12.082857142857144,0.0,0.0,0.04441683494905925,0.11836634914903714,4.772357723577236,0.0,0.0,0.15,0.08130081300813008,0,0.08446781784208977,0.23893086526221055,0.14163541594725038,0.37339885334795603,0.0,0.0,0.0,0.0,0.0,0.0,0.0,0.08,0.0,0.05,0.25
399,0.984858170817478,0.55083659765271,0.923301714118941,0.5390024588608981,0.26040296497001675,0.5632392262324606,0.8414634146341463,0.35107282630605174,0.3687669507001193,0.08536585365853659,0.5914285714285714,0.3460245487656852,0.3656442885826886,0.07428571428571429,0.0,0.0,0.29714285714285715,12.082857142857144,0.0,0.0,0.04441683494905925,0.11836634914903714,4.772357723577236,0.0,0.0,0.15,0.08130081300813008,0,0.08404547875287934,0.23773621093589947,0.13880270762830538,0.3659308762809969,0.0,0.0,0.0,0.0,0.0,0.0,0.0,0.08,0.0,0.05,0.25
400,0.9848290441464363,0.5514736554623446,0.9232812422301518,0.5393496084016536,0.26040296497001675,0.5628249171698472,0.8414634146341463,0.35099152549304363,0.36870597509036324,0.08536585365853659,0.5914285714285714,0.34596740590854236,0.3656014314398314,0.07428571428571429,0.0040650406504065045,0.002857142857142857,0.29714285714285715,12.082857142857144,0.0,0.0,0.04441683494905925,0.11836634914903714,4.772357723577236,0.0,0.0,0.15,0.08130081300813008,0,0.08405382278768637,0.23654752988122,0.13888379633288214,0.3651694588743073,0.0,0.0,0.0,0.0,0.0,0.0,0.0,0.08,0.0040650406504065045,0.05,0.25
401,0.9852873787117543,0.5508103590691511,0.9236033859532037,0.5389682092355061,0.26040296497001675,0.5626190426018715,0.8414634146341463,0.35099152549304363,0.36870597509036324,0.08536585365853659,0.5914285714285714,0.34596740590854236,0.3656014314398314,0.07428571428571429,0.0,0.0,0.29714285714285715,12.082857142857144,0.0,0.0,0.04441683494905925,0.11836634914903714,4.772357723577236,0.0,0.0,0.15,0.08130081300813008,0,0.08363355367374793,0.2353647922318139,0.1361061204062245,0.35786606969682117,0.0,0.0,0.0,0.0,0.0,0.0,0.0,0.08,0.0,0.05,0.25
402,0.9856249737217718,0.5518763665247074,0.9238406670173875,0.5397196579698993,0.26040296497001675,0.5622650848824609,0.8130081300813008,0.35099152549304363,0.36870597509036324,0.08536585365853659,0.5714285714285714,0.34596740590854236,0.3656014314398314,0.07428571428571429,0.0,0.0,0.29714285714285715,12.082857142857144,0.0,0.0,0.04441683494905925,0.11836634914903714,4.772357723577236,0.0,0.0,0.15,0.08130081300813008,0,0.08321538590537919,0.23418796827065483,0.1333839979981,0.35070874830288473,0.0,0.0,0.0,0.0,0.0,0.0,0.0,0.08,0.0,0.05,0.25
403,0.985592437023119,0.5529253608849921,0.9238177983663346,0.5402642588032276,0.26040296497001675,0.5619017275366449,0.8211382113821138,0.3509102246800355,0.3686449994806071,0.08536585365853659,0.5771428571428572,0.34591026305139944,0.3655585742969743,0.07428571428571429,0.0040650406504065045,0.002857142857142857,0.29714285714285715,12.082857142857144,0.0,0.0,0.04441683494905925,0.11836634914903714,4.772357723577236,0.0,0.0,0.15,0.08130081300813008,0,0.08322788040442372,0.23301702842930155,0.13357346089528088,0.3550539733377423,0.0,0.0,0.0,0.0,0.0,0.0,0.0,0.08,0.0040650406504065045,0.05,0.25
404,0.986276882450051,0.5534427824751453,0.9242988657235495,0.5408262286026329,0.26040296497001675,0.5616481865499307,0.8617886178861789,0.35074762305401924,0.3685230482610949,0.08536585365853659,0.6057142857142858,0.34579597733711376,0.36547286001126,0.07428571428571429,0.0040650406504065045,0.002857142857142857,0.29714285714285715,12.082857142857144,0.0,0.0,0.04441683494905925,0.11836634914903714,4.772357723577236,0.0,0.0,0.15,0.08130081300813008,0,0.08324031243097303,0.23185194328715505,0.1337591345345181,0.3607488238562762,0.0,0.0,0.0,0.0,0.0,0.0,0.0,0.08,0.0040650406504065045,0.05,0.25
405,0.9858768326415315,0.5536771829374819,0.9240176878581329,0.5407002304090853,0.26040296497001675,0.5614449578441945,0.8455284552845529,0.35058502142800296,0.3684010970415827,0.08536585365853659,0.5942857142857143,0.3456816916228281,0.3653871457255457,0.07428571428571429,0.0040650406504065045,0.002857142857142857,0.29714285714285715,12.082857142857144,0.0,0.0,0.04441683494905925,0.11836634914903714,4.772357723577236,0.0,0.0,0.15,0.08130081300813008,0,0.0832526822973896,0.23069268357071926,0.13394109470097057,0.40391325104321946,0.0,0.0,0.0,0.0,0.0,0.0,0.0,0.08,0.0040650406504065045,0.05,0.25
406,0.984763549204584,0.5545489477314771,0.9232352086424498,0.5413195474142108,0.26040296497001675,0.5612096349695228,0.8455284552845529,0.35050372061499485,0.3684010970415827,0.08536585365853659,0.5942857142857143,0.3456245487656852,0.3653871457255457,0.07428571428571429,0.0040650406504065045,0.002857142857142857,0.29714285714285715,12.082857142857144,0.0,0.0,0.04441683494905925,0.11836634914903714,4.772357723577236,0.0,0.0,0.15,0.08130081300813008,0,0.08326499031447408,0.23680492518582222,0.13411941566409402,0.40530374125703705,0.0,0.0,0.0,0.0,0.0,0.0,0.0,0.08,0.0040650406504065045,0.05,0.25
407,0.9833578018298085,0.5557063138016863,0.922247169059036,0.5423334454418727,0.26040296497001675,0.561030501806022,0.9105691056910569,0.35050372061499485,0.3684010970415827,0.08536585365853659,0.64,0.3456245487656852,0.3653871457255457,0.07428571428571429,0.0,0.0,0.29714285714285715,12.082857142857144,0.0,0.0,0.04441683494905925,0.11836634914903714,4.772357723577236,0.0,0.0,0.15,0.08130081300813008,0,0.08284866536290171,0.2356209005598931,0.13143702735081214,0.3971976664318963,0.0,0.0,0.0,0.0,0.0,0.0,0.0,0.08,0.0,0.05,0.25
408,0.9833389406881998,0.5557163419488638,0.9222339123709341,0.5420465438287956,0.26040296497001675,0.5611387732648916,0.8536585365853658,0.35050372061499485,0.3684010970415827,0.08536585365853659,0.6,0.3456245487656852,0.3653871457255457,0.07428571428571429,0.0,0.0,0.29714285714285715,12.082857142857144,0.0,0.0,0.04441683494905925,0.11836634914903714,4.772357723577236,0.0,0.0,0.15,0.08130081300813008,0,0.08243442203608721,0.23444279605709362,0.12880828680379589,0.38925371310325835,0.0,0.0,0.0,0.0,0.0,0.0,0.0,0.08,0.0,0.05,0.25
409,0.9837836104783566,0.5563447331194036,0.9225464517091585,0.542271302454253,0.26040296497001675,0.5611516349013523,0.8617886178861789,0.35050372061499485,0.3684010970415827,0.08536585365853659,0.6057142857142858,0.3456245487656852,0.3653871457255457,0.07428571428571429,0.0,0.0,0.29714285714285715,12.082857142857144,0.0,0.0,0.04441683494905925,0.11836634914903714,4.772357723577236,0.0,0.0,0.15,0.08130081300813008,0,0.08202224992590676,0.23327058207680815,0.12623212106771997,0.3814686388411932,0.0,0.0,0.0,0.0,0.0,0.0,0.0,0.08,0.0,0.05,0.25
410,0.9840782721503932,0.5568961260221332,0.922753556770076,0.542507008573423,0.26040296497001675,0.5614444366830278,0.8130081300813008,0.35050372061499485,0.3684010970415827,0.08536585365853659,0.5714285714285714,0.3456245487656852,0.3653871457255457,0.07428571428571429,0.0,0.0,0.29714285714285715,12.082857142857144,0.0,0.0,0.04441683494905925,0.11836634914903714,4.772357723577236,0.0,0.0,0.15,0.08130081300813008,0,0.08161213867627723,0.2321042291664241,0.12370747864636558,0.37383926606436935,0.0,0.0,0.0,0.0,0.0,0.0,0.0,0.08,0.0,0.05,0.25
411,0.9840569934790891,0.556001666942245,0.9227386009039592,0.5420522616341916,0.26040296497001675,0.5616284460589853,0.8333333333333334,0.3503411189889786,0.3682791458220705,0.08536585365853659,0.5857142857142857,0.3455102630513995,0.3653014314398314,0.07428571428571429,0.0040650406504065045,0.002857142857142857,0.29714285714285715,12.082857142857144,0.0,0.0,0.04441683494905925,0.11836634914903714,4.772357723577236,0.0,0.0,0.15,0.08130081300813008,0,0.08163264941146728,0.23094370802059197,0.1240904719305811,0.37057735167585437,0.0,0.0,0.0,0.0,0.0,0.0,0.0,0.08,0.0040650406504065045,0.05,0.25
412,0.984519355093791,0.5559175167077591,0.9230635750674352,0.5413881121683877,0.26040296497001675,0.5619625907933282,0.8048780487804879,0.35017851736296235,0.3681571946025583,0.08536585365853659,0.5657142857142857,0.3453959773371138,0.36521571715411716,0.07428571428571429,0.0040650406504065045,0.002857142857142857,0.29714285714285715,12.082857142857144,0.0,0.0,0.04441683494905925,0.11836634914903714,4.772357723577236,0.0,0.0,0.15,0.08130081300813008,0,0.08165305759298136,0.22978898948048904,0.12446580534911235,0.37648565097493186,0.0,0.0,0.0,0.0,0.0,0.0,0.0,0.08,0.0040650406504065045,0.05,0.25
413,0.9857121881869786,0.5560795345653246,0.9239019663272188,0.5418827028649081,0.26040296497001675,0.5623813832592504,0.8211382113821138,0.35017851736296235,0.3681571946025583,0.08536585365853659,0.5771428571428572,0.3453959773371138,0.36521571715411716,0.07428571428571429,0.0,0.0,0.29714285714285715,12.082857142857144,0.0,0.0,0.04441683494905925,0.11836634914903714,4.772357723577236,0.0,0.0,0.15,0.08130081300813008,0,0.08124479230501645,0.2286400445330866,0.12197648924213009,0.36895593795543324,0.0,0.0,0.0,0.0,0.0,0.0,0.0,0.08,0.0,0.05,0.25
414,0.9865820239446955,0.5563320482740781,0.9245133366026426,0.5423425372945183,0.26040296497001675,0.5625901127257444,0.8577235772357723,0.35017851736296235,0.3681571946025583,0.08536585365853659,0.6028571428571429,0.3453959773371138,0.36521571715411716,0.07428571428571429,0.0,0.0,0.29714285714285715,12.082857142857144,0.0,0.0,0.04441683494905925,0.11836634914903714,4.772357723577236,0.0,0.0,0.15,0.08130081300813008,0,0.08083856834349137,0.22749684431042114,0.11953695945728747,0.36157681919632456,0.0,0.0,0.0,0.0,0.0,0.0,0.0,0.08,0.0,0.05,0.25
415,0.9867905219053357,0.5572324190640116,0.9246598808835497,0.543502926662985,0.26040296497001675,0.5626383540582577,0.8130081300813008,0.35001591573694607,0.3680352433830461,0.08536585365853659,0.5714285714285714,0.3452816916228281,0.36513000286840286,0.07428571428571429,0.0040650406504065045,0.002857142857142857,0.29714285714285715,12.082857142857144,0.0,0.0,0.04441683494905925,0.11836634914903714,4.772357723577236,0.0,0.0,0.15,0.08130081300813008,0,0.08086294693034535,0.22635936008886903,0.12000336312528459,0.36221221694851763,0.0,0.0,0.0,0.0,0.0,0.0,0.0,0.08,0.0040650406504065045,0.05,0.25
416,0.9850437066909231,0.5574741643420814,0.9234321193328482,0.5436312011746268,0.26040296497001675,0.5624995568985879,0.7764227642276422,0.35001591573694607,0.3680352433830461,0.08536585365853659,0.5457142857142857,0.3452816916228281,0.36513000286840286,0.07428571428571429,0.0,0.0,0.29714285714285715,12.082857142857144,0.0,0.0,0.04441683494905925,0.11836634914903714,4.772357723577236,0.0,0.0,0.15,0.08130081300813008,0,0.08045863219569362,0.2252275632884247,0.1176032958627789,0.35496797260954727,0.0,0.0,0.0,0.0,0.0,0.0,0.0,0.08,0.0,0.05,0.25
417,0.9852893710971167,0.5575304906747071,0.9236047863154873,0.5433855475420645,0.26040296497001675,0.5624074421938996,0.8252032520325203,0.35001591573694607,0.3680352433830461,0.08536585365853659,0.58,0.3452816916228281,0.36513000286840286,0.07428571428571429,0.0,0.0,0.29714285714285715,12.082857142857144,0.0,0.0,0.04441683494905925,0.11836634914903714,4.772357723577236,0.0,0.0,0.15,0.08130081300813008,0,0.08005633903471514,0.22410142547198256,0.11525122994552331,0.3478686131573563,0.0,0.0,0.0,0.0,0.0,0.0,0.0,0.08,0.0,0.05,0.25
418,0.9864950736024298,0.5575470433027477,0.9244522229335072,0.543164883753046,0.26040296497001675,0.5621773969194149,0.8008130081300813,0.35001591573694607,0.3680352433830461,0.08536585365853659,0.5628571428571428,0.3452816916228281,0.36513000286840286,0.07428571428571429,0.0,0.0,0.29714285714285715,12.082857142857144,0.0,0.0,0.04441683494905925,0.11836634914903714,4.772357723577236,0.0,0.0,0.15,0.08130081300813008,0,0.07965605733954158,0.22298091834462264,0.11294620534661286,0.34091124089420916,0.0,0.0,0.0,0.0,0.0,0.0,0.0,0.08,0.0,0.05,0.25
419,0.9868509524938198,0.5566644081632146,0.924702354954313,0.5427460193735117,0.26040296497001675,0.5620848683951166,0.8211382113821138,0.34993461492393796,0.36797426777329006,0.08536585365853659,0.5771428571428572,0.34522454876568526,0.3650871457255457,0.07428571428571429,0.0040650406504065045,0.002857142857142857,0.29714285714285715,12.082857142857144,0.0,0.0,0.04441683494905925,0.11836634914903714,4.772357723577236,0.0,0.0,0.15,0.08130081300813008,0,0.07968634848141529,0.22186601375289952,0.11354442409682346,0.3783932530725827,0.0,0.0,0.0,0.0,0.0,0.0,0.0,0.08,0.0040650406504065045,0.05,0.25
420,0.9854810417472647,0.5571430744758495,0.92373950340102,0.5432745159283495,0.26040296497001675,0.5619782294821241,0.8333333333333334,0.34993461492393796,0.36797426777329006,0.08536585365853659,0.5857142857142857,0.34522454876568526,0.3650871457255457,0.07428571428571429,0.0,0.0,0.29714285714285715,12.082857142857144,0.0,0.0,0.04441683494905925,0.11836634914903714,4.772357723577236,0.0,0.0,0.15,0.08130081300813008,0,0.07928791673900822,0.22075668368413504,0.11127353561488698,0.3708253880111311,0.0,0.0,0.0,0.0,0.0,0.0,0.0,0.08,0.0,0.05,0.25
421,0.9849759043304129,0.5579615511773695,0.923384463959461,0.5436542388416603,0.26040296497001675,0.5620026099169845,0.8333333333333334,0.34993461492393796,0.36797426777329006,0.08536585365853659,0.5857142857142857,0.34522454876568526,0.3650871457255457,0.07428571428571429,0.0,0.0,0.29714285714285715,12.082857142857144,0.0,0.0,0.04441683494905925,0.11836634914903714,4.772357723577236,0.0,0.0,0.15,0.08130081300813008,0,0.07889147715531318,0.21965290026571435,0.10904806490258924,0.3634088802509084,0.0,0.0,0.0,0.0,0.0,0.0,0.0,0.08,0.0,0.05,0.25
422,0.9850986002458373,0.5574774830516555,0.9234707016600165,0.543540021341829,0.26040296497001675,0.5618581666573189,0.8617886178861789,0.34993461492393796,0.36797426777329006,0.08536585365853659,0.6057142857142858,0.34522454876568526,0.3650871457255457,0.07428571428571429,0.0,0.0,0.29714285714285715,12.082857142857144,0.0,0.0,0.04441683494905925,0.11836634914903714,4.772357723577236,0.0,0.0,0.15,0.08130081300813008,0,0.07849701976953662,0.21855463576438577,0.10686710360453747,0.3561407026458902,0.0,0.0,0.0,0.0,0.0,0.0,0.0,0.08,0.0,0.05,0.25
423,0.9840232153724684,0.5575927604996933,0.9227148597204486,0.5437815400493552,0.26040296497001675,0.5616921162368587,0.8577235772357723,0.34993461492393796,0.36797426777329006,0.08536585365853659,0.6028571428571429,0.34522454876568526,0.3650871457255457,0.07428571428571429,0.0,0.0,0.29714285714285715,12.082857142857144,0.0,0.0,0.04441683494905925,0.11836634914903714,4.772357723577236,0.0,0.0,0.15,0.08130081300813008,0,0.07810453467068892,0.21746186258556385,0.10472976153244669,0.34901788859297245,0.0,0.0,0.0,0.0,0.0,0.0,0.0,0.08,0.0,0.05,0.25
424,0.9839983893808496,0.557754457580437,0.922697410594911,0.5437993251941485,0.26040296497001675,0.561371481637407,0.7926829268292683,0.34993461492393796,0.36797426777329006,0.08536585365853659,0.5571428571428572,0.34522454876568526,0.3650871457255457,0.07428571428571429,0.0,0.0,0.29714285714285715,12.082857142857144,0.0,0.0,0.04441683494905925,0.11836634914903714,4.772357723577236,0.0,0.0,0.15,0.08130081300813008,0,0.07771401199733548,0.21637455327263602,0.10263516630179778,0.342037530821113,0.0,0.0,0.0,0.0,0.0,0.0,0.0,0.08,0.0,0.05,0.25
425,0.9842626046953231,0.5588295378430718,0.9228831162159408,0.5449789048364054,0.26040296497001675,0.5611026781718947,0.8252032520325203,0.34993461492393796,0.36797426777329006,0.08536585365853659,0.58,0.34522454876568526,0.3650871457255457,0.07428571428571429,0.0,0.0,0.29714285714285715,12.082857142857144,0.0,0.0,0.04441683494905925,0.11836634914903714,4.772357723577236,0.0,0.0,0.15,0.08130081300813008,0,0.07732544193734879,0.21529268050627284,0.1005824629757618,0.33519678020469074,0.0,0.0,0.0,0.0,0.0,0.0,0.0,0.08,0.0,0.05,0.25
426,0.9851651811663704,0.5594792906774293,0.9235174985355912,0.5453166067611321,0.26040296497001675,0.5609357582346881,0.8536585365853658,0.34993461492393796,0.36797426777329006,0.08536585365853659,0.6,0.34522454876568526,0.3650871457255457,0.07428571428571429,0.0,0.0,0.29714285714285715,12.082857142857144,0.0,0.0,0.04441683494905925,0.11836634914903714,4.772357723577236,0.0,0.0,0.15,0.08130081300813008,0,0.07693881472766205,0.21421621710374147,0.09857081371624657,0.3284928446005969,0.0,0.0,0.0,0.0,0.0,0.0,0.0,0.08,0.0,0.05,0.25
427,0.9841721913097482,0.5594656916386829,0.9228195685220794,0.5453557505105714,0.26040296497001675,0.5607478851981597,0.8130081300813008,0.34993461492393796,0.36797426777329006,0.08536585365853659,0.5714285714285714,0.34522454876568526,0.3650871457255457,0.07428571428571429,0.0,0.0,0.29714285714285715,12.082857142857144,0.0,0.0,0.04441683494905925,0.11836634914903714,4.772357723577236,0.0,0.0,0.15,0.08130081300813008,0,0.07655412065402374,0.21314513601822277,0.09659939744192164,0.32192298770858496,0.0,0.0,0.0,0.0,0.0,0.0,0.0,0.08,0.0,0.05,0.25
428,0.9838517220499646,0.5590284737633245,0.9225943244137745,0.5447467609953945,0.26040296497001675,0.5605829189905913,0.8252032520325203,0.34993461492393796,0.36797426777329006,0.08536585365853659,0.58,0.34522454876568526,0.3650871457255457,0.07428571428571429,0.0,0.0,0.29714285714285715,12.082857142857144,0.0,0.0,0.04441683494905925,0.11836634914903714,4.772357723577236,0.0,0.0,0.15,0.08130081300813008,0,0.07617135005075362,0.21207941033813166,0.09466740949308321,0.3154845279544133,0.0,0.0,0.0,0.0,0.0,0.0,0.0,0.08,0.0,0.05,0.25
429,0.9834833201212932,0.5597290258718544,0.9223353904867655,0.5448486742758195,0.26040296497001675,0.5605491951143894,0.8211382113821138,0.34993461492393796,0.36797426777329006,0.08536585365853659,0.5771428571428572,0.34522454876568526,0.3650871457255457,0.07428571428571429,0.0,0.0,0.29714285714285715,12.082857142857144,0.0,0.0,0.04441683494905925,0.11836634914903714,4.772357723577236,0.0,0.0,0.15,0.08130081300813008,0,0.07579049330049985,0.211019013286441,0.09277406130322155,0.30917483739532503,0.0,0.0,0.0,0.0,0.0,0.0,0.0,0.08,0.0,0.05,0.25
430,0.9823046824174272,0.5606251580277044,0.9215069765577625,0.5457268230518102,0.26040296497001675,0.5606025969877095,0.8211382113821138,0.3498533141109298,0.3679132921635339,0.08536585365853659,0.5771428571428572,0.34516740590854234,0.36504428858268856,0.07428571428571429,0.0040650406504065045,0.002857142857142857,0.29714285714285715,12.082857142857144,0.0,0.0,0.04441683494905925,0.11836634914903714,4.772357723577236,0.0,0.0,0.15,0.08130081300813008,0,0.0758401122625688,0.2099639182200088,0.09377572293429996,0.3042453000038134,0.0,0.0,0.0,0.0,0.0,0.0,0.0,0.08,0.0040650406504065045,0.05,0.25
431,0.983243362036511,0.5617700753470869,0.92216673423289,0.5460926653996672,0.26040296497001675,0.5609667740757962,0.8373983739837398,0.3498533141109298,0.3679132921635339,0.08536585365853659,0.5885714285714285,0.34516740590854234,0.36504428858268856,0.07428571428571429,0.0,0.0,0.29714285714285715,12.082857142857144,0.0,0.0,0.04441683494905925,0.11836634914903714,4.772357723577236,0.0,0.0,0.15,0.08130081300813008,0,0.07546091170125595,0.20891409862890875,0.09190020847561398,0.2981603940037371,0.0,0.0,0.0,0.0,0.0,0.0,0.0,0.08,0.0,0.05,0.25
432,0.9838780253213847,0.562195436652138,0.9226128118559725,0.5468015472008397,0.26040296497001675,0.5612545660964624,0.8373983739837398,0.3496907124849135,0.3677949451668517,0.08536585365853659,0.5885714285714285,0.3450531201942566,0.3649611075507348,0.07428571428571429,0.008130081300813009,0.005714285714285714,0.29714285714285715,12.082857142857144,0.0,0.0,0.04441683494905925,0.11836634914903714,4.772357723577236,0.0,0.0,0.15,0.08130081300813008,0,0.07594074999989252,0.21954659437894353,0.0957764900203874,0.2975531426921204,0.0,0.0,0.0,0.0,0.0,0.0,0.0,0.08,0.008130081300813009,0.05,0.25
433,0.9822507477616405,0.5624644236444135,0.9214690681996954,0.5473879500103757,0.26040296497001675,0.5614547400691848,0.8048780487804879,0.3496907124849135,0.3677949451668517,0.08536585365853659,0.5657142857142857,0.3450531201942566,0.3649611075507348,0.07428571428571429,0.0,0.0,0.29714285714285715,12.082857142857144,0.0,0.0,0.04441683494905925,0.11836634914903714,4.772357723577236,0.0,0.0,0.15,0.08130081300813008,0,0.07556104624989307,0.2184488614070488,0.09386096021997965,0.291602079838278,0.0,0.0,0.0,0.0,0.0,0.0,0.0,0.08,0.0,0.05,0.25
434,0.9800756907512438,0.5622038979637574,0.9199403138438166,0.5469151309587356,0.26040296497001675,0.5617056880654092,0.8414634146341463,0.3496907124849135,0.3677949451668517,0.08536585365853659,0.5914285714285714,0.3450531201942566,0.3649611075507348,0.07428571428571429,0.0,0.0,0.29714285714285715,12.082857142857144,0.0,0.0,0.04441683494905925,0.11836634914903714,4.772357723577236,0.0,0.0,0.15,0.08130081300813008,0,0.07518324101864358,0.21735661710001358,0.09198374101558005,0.2857700382415124,0.0,0.0,0.0,0.0,0.0,0.0,0.0,0.08,0.0,0.05,0.25
435,0.9806732031404131,0.5634260260398521,0.9203602796944897,0.5478948861482814,0.26040296497001675,0.5622009447159265,0.8089430894308943,0.3496907124849135,0.3677949451668517,0.08536585365853659,0.5685714285714286,0.3450531201942566,0.3649611075507348,0.07428571428571429,0.0,0.0,0.29714285714285715,12.082857142857144,0.0,0.0,0.04441683494905925,0.11836634914903714,4.772357723577236,0.0,0.0,0.15,0.08130081300813008,0,0.07480732481355037,0.2162698340145135,0.09014406619526845,0.2800546374766822,0.0,0.0,0.0,0.0,0.0,0.0,0.0,0.08,0.0,0.05,0.25
436,0.9796978443981865,0.5628060112889035,0.9196747418356677,0.547370390952086,0.26040296497001675,0.5626912892394313,0.8333333333333334,0.3496907124849135,0.3677949451668517,0.08536585365853659,0.5857142857142857,0.3450531201942566,0.3649611075507348,0.07428571428571429,0.0,0.0,0.29714285714285715,12.082857142857144,0.0,0.0,0.04441683494905925,0.11836634914903714,4.772357723577236,0.0,0.0,0.15,0.08130081300813008,0,0.07443328818948261,0.21518848484444092,0.08834118487136307,0.27445354472714856,0.0,0.0,0.0,0.0,0.0,0.0,0.0,0.08,0.0,0.05,0.25
437,0.9814408654507942,0.5632753122782762,0.9208998366326435,0.5472052551738287,0.26040296497001675,0.5631188382034644,0.8699186991869918,0.3496907124849135,0.3677949451668517,0.08536585365853659,0.6114285714285714,0.3450531201942566,0.3649611075507348,0.07428571428571429,0.0,0.0,0.29714285714285715,12.082857142857144,0.0,0.0,0.04441683494905925,0.11836634914903714,4.772357723577236,0.0,0.0,0.15,0.08130081300813008,0,0.0740611217485352,0.2141125424202187,0.08657436117393581,0.2689644738326056,0.0,0.0,0.0,0.0,0.0,0.0,0.0,0.08,0.0,0.05,0.25
438,0.98226034625064,0.5621856079316433,0.9214758145662492,0.5460019708286689,0.26040296497001675,0.5636460652534788,0.8455284552845529,0.3495281108588973,0.3676729939473395,0.08536585365853659,0.5942857142857143,0.3449388344799709,0.3648753932650205,0.07428571428571429,0.0040650406504065045,0.002857142857142857,0.29714285714285715,12.082857142857144,0.0,0.0,0.04441683494905925,0.11836634914903714,4.772357723577236,0.0,0.0,0.15,0.08130081300813008,0,0.07411938756836396,0.21304197970811764,0.08770001680759995,0.26580366974450986,0.0,0.0,0.0,0.0,0.0,0.0,0.0,0.08,0.0040650406504065045,0.05,0.25
439,0.9826284648445357,0.5625615308622942,0.9217345493493875,0.5458979832404943,0.26040296497001675,0.5640981862756147,0.8536585365853658,0.3495281108588973,0.3676729939473395,0.08536585365853659,0.6,0.3449388344799709,0.3648753932650205,0.07428571428571429,0.0,0.0,0.29714285714285715,12.082857142857144,0.0,0.0,0.04441683494905925,0.11836634914903714,4.772357723577236,0.0,0.0,0.15,0.08130081300813008,0,0.07374879063052213,0.21197676980957705,0.08594601647144795,0.26048759634961965,0.0,0.0,0.0,0.0,0.0,0.0,0.0,0.08,0.0,0.05,0.25
440,0.9822649366111522,0.5626822380061071,0.9214790409339236,0.545541795818611,0.26040296497001675,0.5647020482907952,0.8130081300813008,0.3495281108588973,0.3676729939473395,0.08536585365853659,0.5714285714285714,0.3449388344799709,0.3648753932650205,0.07428571428571429,0.0,0.0,0.29714285714285715,12.082857142857144,0.0,0.0,0.04441683494905925,0.11836634914903714,4.772357723577236,0.0,0.0,0.15,0.08130081300813008,0,0.07338004667736954,0.21091688596052918,0.08422709614201898,0.25527784442262724,0.0,0.0,0.0,0.0,0.0,0.0,0.0,0.08,0.0,0.05,0.25
441,0.9827796184403254,0.5638387765017621,0.9218407887338566,0.546621025459403,0.26040296497001675,0.5652668360188468,0.8455284552845529,0.3494468100458891,0.3676120183375834,0.08536585365853659,0.5942857142857143,0.34488169162282806,0.3648325361221634,0.07428571428571429,0.0040650406504065045,0.002857142857142857,0.29714285714285715,12.082857142857144,0.0,0.0,0.04441683494905925,0.11836634914903714,4.772357723577236,0.0,0.0,0.15,0.08130081300813008,0,0.07344171787255412,0.211225083913031,0.08539969707632147,0.26965816917680074,0.0,0.0,0.0,0.0,0.0,0.0,0.0,0.08,0.0040650406504065045,0.05,0.25
442,0.9832295855159331,0.5631594246627567,0.922157051306998,0.5463630360878314,0.26040296497001675,0.5658802053324323,0.8048780487804879,0.3494468100458891,0.3676120183375834,0.08536585365853659,0.5657142857142857,0.34488169162282806,0.3648325361221634,0.07428571428571429,0.0,0.0,0.29714285714285715,12.082857142857144,0.0,0.0,0.04441683494905925,0.11836634914903714,4.772357723577236,0.0,0.0,0.15,0.08130081300813008,0,0.07307450928319134,0.21016895849346584,0.08369170313479503,0.26426500579326473,0.0,0.0,0.0,0.0,0.0,0.0,0.0,0.08,0.0,0.05,0.25
443,0.9831040755961585,0.5625315586125874,0.922068835763385,0.5462001950931855,0.26040296497001675,0.566250417039179,0.8495934959349594,0.3494468100458891,0.3676120183375834,0.08536585365853659,0.5971428571428572,0.34488169162282806,0.3648325361221634,0.07428571428571429,0.0,0.0,0.29714285714285715,12.082857142857144,0.0,0.0,0.04441683494905925,0.11836634914903714,4.772357723577236,0.0,0.0,0.15,0.08130081300813008,0,0.07270913673677537,0.20911811370099853,0.08201786907209914,0.2589797056773994,0.0,0.0,0.0,0.0,0.0,0.0,0.0,0.08,0.0,0.05,0.25
444,0.9818298061991855,0.5620795720696247,0.9211732064157983,0.5461216084869241,0.26040296497001675,0.5665112899156008,0.7926829268292683,0.349365509232881,0.3675510427278273,0.08536585365853659,0.5571428571428572,0.3448245487656852,0.3647896789793062,0.07428571428571429,0.0040650406504065045,0.002857142857142857,0.29714285714285715,12.082857142857144,0.0,0.0,0.04441683494905925,0.11836634914903714,4.772357723577236,0.0,0.0,0.15,0.08130081300813008,0,0.07277416248166294,0.22694479103492485,0.0832346545478,0.26028123634961847,0.0,0.0,0.0,0.0,0.0,0.0,0.0,0.08,0.0040650406504065045,0.05,0.25
445,0.9811073056246176,0.5618999309829131,0.9206653917262448,0.5454972084133176,0.26040296497001675,0.5666221490629972,0.7764227642276422,0.349365509232881,0.3675510427278273,0.08536585365853659,0.5457142857142857,0.3448245487656852,0.3647896789793062,0.07428571428571429,0.0,0.0,0.29714285714285715,12.082857142857144,0.0,0.0,0.04441683494905925,0.11836634914903714,4.772357723577236,0.0,0.0,0.15,0.08130081300813008,0,0.07241029166925461,0.2258100670797502,0.081569961456844,0.25507561162262615,0.0,0.0,0.0,0.0,0.0,0.0,0.0,0.08,0.0,0.05,0.25
446,0.980330033834973,0.5621570441323084,0.9201190806969518,0.5457736681730919,0.26040296497001675,0.5665770754225368,0.8008130081300813,0.34920290760686473,0.3674290915083151,0.08536585365853659,0.5628571428571428,0.3447102630513995,0.36470396469359195,0.07428571428571429,0.0040650406504065045,0.002857142857142857,0.29714285714285715,12.082857142857144,0.0,0.0,0.04441683494905925,0.11836634914903714,4.772357723577236,0.0,0.0,0.15,0.08130081300813008,0,0.07247681163947978,0.22468101674435145,0.08279570508484999,0.2567262966143123,0.0,0.0,0.0,0.0,0.0,0.0,0.0,0.08,0.0040650406504065045,0.05,0.25
447,0.9802465097719312,0.5620277451231149,0.9200603752126425,0.5456954774082851,0.26040296497001675,0.5665864189142218,0.8373983739837398,0.3490403059808485,0.3673071402888029,0.08536585365853659,0.5885714285714285,0.3445959773371138,0.36461825040787765,0.07428571428571429,0.0040650406504065045,0.002857142857142857,0.29714285714285715,12.082857142857144,0.0,0.0,0.04441683494905925,0.11836634914903714,4.772357723577236,0.0,0.0,0.15,0.08130081300813008,0,0.0725429990098538,0.22355761166062968,0.08399693384029583,0.26616779418900816,0.0,0.0,0.0,0.0,0.0,0.0,0.0,0.08,0.0040650406504065045,0.05,0.25
448,0.9816050648656642,0.56113781372589,0.9210152453642376,0.5447503584102994,0.26040296497001675,0.5667837571157518,0.8495934959349594,0.3490403059808485,0.3673071402888029,0.08536585365853659,0.5971428571428572,0.3445959773371138,0.36461825040787765,0.07428571428571429,0.0,0.0,0.29714285714285715,12.082857142857144,0.0,0.0,0.04441683494905925,0.11836634914903714,4.772357723577236,0.0,0.0,0.15,0.08130081300813008,0,0.07218028401480453,0.22243982360232653,0.08231699516348992,0.260844438305228,0.0,0.0,0.0,0.0,0.0,0.0,0.0,0.08,0.0,0.05,0.25
449,0.9821917774008966,0.5610330794666881,0.9214276204604296,0.5447056238039251,0.26040296497001675,0.5668973556575739,0.8333333333333334,0.3490403059808485,0.3673071402888029,0.08536585365853659,0.5857142857142857,0.3445959773371138,0.36461825040787765,0.07428571428571429,0.0,0.0,0.29714285714285715,12.082857142857144,0.0,0.0,0.04441683494905925,0.11836634914903714,4.772357723577236,0.0,0.0,0.15,0.08130081300813008,0,0.0718193825947305,0.22132762448431492,0.08067065526022012,0.2556275495391234,0.0,0.0,0.0,0.0,0.0,0.0,0.0,0.08,0.0,0.05,0.25
