t,mean_x,mean_y,mean_x_all,mean_y_all,mean_L,y0,mean_epc,mean_r,mean_b,fund_prevalence,mean_epc_all,mean_r_all,mean_b_all,fund_prevalence_all,punish_rate,mean_punished,exit_rate,mean_exit_intent,exit_attempt_rate,exit_success_rate,p_opp_mean,stay_value,mean_degree_active,threat,A,budget,enforcer_frac,n_cadre_fallback,cap_mean,cap_p90,service_mean,service_p90,monopoly_on,enforcer_punish_share_step,alpha_punish_revalue,delta_outside_degrade,mu_membership_reward,current_delta,eta_delta_drift,punish_floor,punish_intensity_step,pi_reward,lam_punish
0,0.3372765214062478,0.4946238113112225,0.3372765214062478,0.4946238113112225,0.24899929058488912,0.5,0.0,0.32571491917163187,0.33885848004507796,0.005714285714285714,0.0,0.32571491917163187,0.33885848004507796,0.005714285714285714,0.0,0.0,0.0,0.0,0.0,0.0,0.5,0.0,11.794285714285714,0.0,0.0,0.0,0.0,0,0.0,0.0,0.0,0.0,0.0,0.0,0.0,0.1,0.0,0.1,0.0,0.08,0.0,0.5,0.25
1,0.3465977636274229,0.4944118665712613,0.3465977636274229,0.4944118665712613,0.24899929058488912,0.49607974450900505,0.5971428571428572,0.3270292048859176,0.33984419433079227,0.005714285714285714,0.5971428571428572,0.3270292048859176,0.33984419433079227,0.005714285714285714,0.03428571428571429,0.03428571428571429,0.0,0.037142857142857144,0.0,0.0,0.03114234779369486,0.13196634914903713,11.794285714285714,0.0,0.0,0.15,0.08,28,0.005142857142857143,0.0,0.03428571428571429,0.0,0.0,0.9166666666666666,0.0,0.1,0.0,0.1,0.0,0.08,0.03428571428571429,0.5,0.25
2,0.3542599231080238,0.4940647045352977,0.3542599231080238,0.4940647045352977,0.24899929058488912,0.49211679854596413,0.8514285714285714,0.3278292048859176,0.3404441943307923,0.005714285714285714,0.8514285714285714,0.3278292048859176,0.3404441943307923,0.005714285714285714,0.022857142857142857,0.022857142857142857,0.0,0.025714285714285714,0.0,0.0,0.03114234779369486,0.13196634914903713,11.794285714285714,0.0,0.0,0.15,0.08,25,0.008545714285714287,0.0,0.05645714285714285,0.0,0.0,0.875,0.0,0.1,0.0,0.1,0.0,0.08,0.022857142857142857,0.5,0.25
3,0.3630255712677881,0.49469161029578246,0.3630255712677881,0.49469161029578246,0.24899929058488912,0.48815384537453244,0.8914285714285715,0.3293149191716319,0.341558480045078,0.008571428571428572,0.8914285714285715,0.3293149191716319,0.341558480045078,0.008571428571428572,0.037142857142857144,0.037142857142857144,0.0,0.03428571428571429,0.0,0.0,0.03114234779369486,0.13196634914903713,11.794285714285714,0.0,0.0,0.15,0.08,23,0.014074414285714286,0.0,0.09247085714285715,0.0,0.0,1.0,0.0,0.1,0.0,0.1,0.0,0.08,0.037142857142857144,0.5,0.25
4,0.3710235267964204,0.49453637926136773,0.3710235267964204,0.49453637926136773,0.24899929058488912,0.4828504740953796,0.8914285714285715,0.32994349060020334,0.34202990861650656,0.008571428571428572,0.8914285714285715,0.32994349060020334,0.34202990861650656,0.008571428571428572,0.017142857142857144,0.017142857142857144,0.0,0.022857142857142857,0.0,0.0,0.03114234779369486,0.13196634914903713,11.794285714285714,0.0,0.0,0.15,0.08,17,0.016575470785714284,0.0,0.10776429714285715,0.0,0.0,1.0,0.0,0.1,0.0,0.1,0.0,0.08,0.017142857142857144,0.5,0.25
5,0.38135862440232926,0.49404306605305465,0.38135862440232926,0.49404306605305465,0.24899929058488912,0.47794707745028503,0.9057142857142857,0.3305149191716319,0.34245848004507795,0.008571428571428572,0.9057142857142857,0.3305149191716319,0.34245848004507795,0.008571428571428572,0.014285714285714285,0.014285714285714285,0.0,0.017142857142857144,0.0,0.0,0.03114234779369486,0.13196634914903713,11.794285714285714,0.0,0.0,0.15,0.08,14,0.01863545057464286,0.0,0.11989472548571428,0.0,0.0,1.0,0.0,0.1,0.0,0.1,0.0,0.08,0.014285714285714285,0.5,0.25
6,0.390104314518487,0.49358877856440586,0.390104314518487,0.49358877856440586,0.24899929058488912,0.47352498888118055,0.8971428571428571,0.33097206202877477,0.3428013371879351,0.008571428571428572,0.8971428571428571,0.33097206202877477,0.3428013371879351,0.008571428571428572,0.011428571428571429,0.011428571428571429,0.0,0.02857142857142857,0.0,0.0,0.03114234779369486,0.13196634914903713,11.794285714285714,0.0,0.0,0.15,0.08,13,0.020256559036055357,0.0,0.12892540240457143,0.0,0.0,0.75,0.0,0.1,0.0,0.1,0.0,0.08,0.011428571428571429,0.5,0.25
7,0.3985157947157303,0.4932953495500078,0.3985157947157303,0.4932953495500078,0.24899929058488912,0.46911562573490384,0.9057142857142857,0.33177206202877474,0.34340133718793514,0.008571428571428572,0.9057142857142857,0.33177206202877474,0.34340133718793514,0.008571428571428572,0.02,0.02,0.0,0.014285714285714285,0.0,0.0,0.03114234779369486,0.13196634914903713,11.794285714285714,0.0,0.0,0.15,0.08,12,0.023155276240875083,0.0,0.14634689435648,0.0,0.0,0.8571428571428571,0.0,0.1,0.0,0.1,0.0,0.08,0.02,0.5,0.25
8,0.40672396257804205,0.492665703389094,0.40672396257804205,0.492665703389094,0.24899929058488912,0.4649307580280423,0.8942857142857142,0.3325149191716319,0.343958480045078,0.008571428571428572,0.8942857142857142,0.3325149191716319,0.343958480045078,0.008571428571428572,0.02,0.02,0.0,0.02,0.0,0.0,0.03114234779369486,0.13196634914903713,11.794285714285714,0.0,0.0,0.15,0.08,12,0.026039499859670703,0.0,0.16341995646935037,0.0,0.0,0.7142857142857143,0.0,0.1,0.0,0.1,0.0,0.08,0.02,0.5,0.25
9,0.41598307382282856,0.4929025455919149,0.41598307382282856,0.4929025455919149,0.24899929058488912,0.46138317645887283,0.8742857142857143,0.33348634774306046,0.3446870514736494,0.008571428571428572,0.8742857142857143,0.33348634774306046,0.3446870514736494,0.008571428571428572,0.025714285714285714,0.025714285714285714,0.0,0.008571428571428572,0.0,0.0,0.03114234779369486,0.13196634914903713,11.794285714285714,0.0,0.0,0.15,0.08,12,0.02976644521751521,0.0,0.1858658430542491,0.0,0.0,0.8888888888888888,0.0,0.1,0.0,0.1,0.0,0.08,0.025714285714285714,0.5,0.25
10,0.426199685003526,0.49265425951024816,0.426199685003526,0.49265425951024816,0.24899929058488912,0.4582694825883791,0.8942857142857142,0.3341149191716319,0.345158480045078,0.011428571428571429,0.8942857142857142,0.3341149191716319,0.345158480045078,0.011428571428571429,0.017142857142857144,0.017142857142857144,0.0,0.008571428571428572,0.0,0.0,0.03114234779369486,0.13196634914903713,11.794285714285714,0.0,0.0,0.15,0.08,11,0.03218904156285621,0.0,0.19929138333602128,0.0,0.0,1.0,0.0,0.1,0.0,0.1,0.0,0.08,0.017142857142857144,0.5,0.25
11,0.4366346987793299,0.49251204469120996,0.4366346987793299,0.49251204469120996,0.24899929058488912,0.4578295446781892,0.9028571428571428,0.33548634774306046,0.3461870514736494,0.014285714285714285,0.9028571428571428,0.33548634774306046,0.3461870514736494,0.014285714285714285,0.03428571428571429,0.03428571428571429,0.0,0.014285714285714285,0.0,0.0,0.03114234779369486,0.13196634914903713,11.794285714285714,0.0,0.0,0.15,0.08,11,0.03717095349789906,0.0,0.22959126995501508,0.0,0.0,1.0,0.0,0.1,0.0,0.1,0.0,0.08,0.03428571428571429,0.5,0.25
12,0.44509155773596426,0.49177219886696044,0.44509155773596426,0.49177219886696044,0.24899929058488912,0.4569689993588606,0.9028571428571428,0.3368006334573462,0.347157322788418,0.014285714285714285,0.9028571428571428,0.3368006334573462,0.347157322788418,0.014285714285714285,0.03428571428571429,0.037142857142857144,0.0,0.02,0.0,0.0,0.03114234779369486,0.13196634914903713,11.794285714285714,0.0,0.0,0.15,0.08,10,0.04255652730183814,0.0,0.26214230169877195,0.0,0.0,0.8461538461538461,0.0,0.1,0.0,0.1,0.0,0.08,0.03428571428571429,0.5,0.25
13,0.4521868896569783,0.4914299248981099,0.4521868896569783,0.4914299248981099,0.24899929058488912,0.4561027302987188,0.92,0.3376470778071288,0.3478858942169894,0.017142857142857144,0.92,0.3376470778071288,0.3478858942169894,0.017142857142857144,0.025714285714285714,0.025714285714285714,0.0,0.02857142857142857,0.0,0.0,0.03114234779369486,0.13196634914903713,11.794285714285714,0.0,0.0,0.15,0.08,8,0.04606441123257081,0.0,0.28261374137908224,0.0,0.0,1.0,0.0,0.1,0.0,0.1,0.0,0.08,0.025714285714285714,0.5,0.25
14,0.462353514907069,0.4899744590039945,0.462353514907069,0.4899744590039945,0.24899929058488912,0.4562343040127355,0.9257142857142857,0.33860950507987914,0.348657322788418,0.017142857142857144,0.9257142857142857,0.33860950507987914,0.348657322788418,0.017142857142857144,0.03428571428571429,0.03428571428571429,0.0,0.017142857142857144,0.0,0.0,0.03114234779369486,0.13196634914903713,11.794285714285714,0.0,0.0,0.15,0.08,8,0.05014837489069367,0.0,0.31124718083721487,0.0,0.0,0.9166666666666666,0.0,0.1,0.0,0.1,0.0,0.08,0.03428571428571429,0.5,0.25
15,0.47226338590010414,0.4889656718739115,0.47226338590010414,0.4889656718739115,0.24899929058488912,0.45621302684941895,0.92,0.3398848064294055,0.3497287513598465,0.017142857142857144,0.92,0.3398848064294055,0.3497287513598465,0.017142857142857144,0.03428571428571429,0.04,0.0,0.017142857142857144,0.0,0.0,0.03114234779369486,0.13196634914903713,11.794285714285714,0.0,0.0,0.15,0.08,8,0.055497633016240194,0.0,0.3450222372204705,0.0,0.0,0.9285714285714286,0.0,0.1,0.0,0.1,0.0,0.08,0.03428571428571429,0.5,0.25
16,0.4815572409751268,0.4879306161125269,0.4815572409751268,0.4879306161125269,0.24899929058488912,0.4562950865146381,0.9057142857142857,0.34057052071511973,0.3502430370741322,0.017142857142857144,0.9057142857142857,0.34057052071511973,0.3502430370741322,0.017142857142857144,0.02,0.02,0.0,0.017142857142857144,0.0,0.0,0.03114234779369486,0.13196634914903713,11.794285714285714,0.0,0.0,0.15,0.08,7,0.058220144851158985,0.0,0.35812179247606113,0.0,0.0,1.0,0.0,0.1,0.0,0.1,0.0,0.08,0.02,0.5,0.25
17,0.4923839369111374,0.4865925084557685,0.4923839369111374,0.4865925084557685,0.24899929058488912,0.45642533530398177,0.9371428571428572,0.34102766357226266,0.3505858942169894,0.022857142857142857,0.9371428571428572,0.34102766357226266,0.3505858942169894,0.022857142857142857,0.014285714285714285,0.014285714285714285,0.0,0.014285714285714285,0.0,0.0,0.03114234779369486,0.13196634914903713,11.794285714285714,0.0,0.0,0.15,0.08,6,0.05996685160790349,0.0,0.36524507091225417,0.0,0.0,1.0,0.0,0.1,0.0,0.1,0.0,0.08,0.014285714285714285,0.5,0.25
18,0.501987464866499,0.4865973564172738,0.501987464866499,0.4865973564172738,0.24899929058488912,0.45696474969175827,0.9085714285714286,0.3414848064294055,0.35127160850270367,0.022857142857142857,0.9085714285714286,0.3414848064294055,0.35127160850270367,0.022857142857142857,0.02857142857142857,0.02857142857142857,0.0,0.02,0.0,0.0,0.03114234779369486,0.13196634914903713,11.794285714285714,0.0,0.0,0.15,0.08,6,0.062352303778435404,0.0,0.38651159806543767,0.0,0.0,0.9,0.0,0.1,0.0,0.1,0.0,0.08,0.02857142857142857,0.5,0.25
19,0.5104721902717372,0.48591454528245454,0.5104721902717372,0.48591454528245454,0.24899929058488912,0.4577214554805972,0.8885714285714286,0.3425705207151198,0.35252639546583986,0.022857142857142857,0.8885714285714286,0.3425705207151198,0.35252639546583986,0.022857142857142857,0.05142857142857143,0.054285714285714284,0.0,0.02,0.0,0.0,0.03114234779369486,0.13196634914903713,11.794285714285714,0.0,0.0,0.15,0.08,5,0.06796804431596057,0.0,0.4330670803898432,0.0,0.0,0.9473684210526315,0.0,0.1,0.0,0.1,0.0,0.08,0.05142857142857143,0.5,0.25
20,0.5190082919828741,0.48487723275329186,0.5190082919828741,0.48487723275329186,0.24899929058488912,0.4583949113943208,0.92,0.34399909214369123,0.35368353832298277,0.02857142857142857,0.92,0.34399909214369123,0.35368353832298277,0.02857142857142857,0.045714285714285714,0.045714285714285714,0.0,0.014285714285714285,0.0,0.0,0.03114234779369486,0.13196634914903713,11.794285714285714,0.0,0.0,0.15,0.08,4,0.07238031383265395,0.01363734392374105,0.470120024496332,0.0681232624240047,0.0,0.9375,0.0,0.1,0.0,0.1,0.0,0.08,0.045714285714285714,0.5,0.25
21,0.5286969737490218,0.4839333329491497,0.5286969737490218,0.4839333329491497,0.24899929058488912,0.4576600284861365,0.9228571428571428,0.3450276635722626,0.3546263954658399,0.03142857142857143,0.9228571428571428,0.3450276635722626,0.3546263954658399,0.03142857142857143,0.03142857142857143,0.03142857142857143,0.0,0.014285714285714285,0.0,0.0,0.03114234779369486,0.13196634914903713,11.794285714285714,0.0,0.0,0.15,0.08,3,0.0763326979777764,0.013569157204122344,0.49214619543497684,0.0667607971755246,0.0,1.0,0.0,0.1,0.0,0.1,0.0,0.08,0.03142857142857143,0.5,0.25
22,0.5366127861641785,0.48345946054174793,0.5366127861641785,0.48345946054174793,0.24899929058488912,0.45751872369502955,0.9314285714285714,0.34622766357226264,0.35571409402452203,0.03142857142857143,0.9314285714285714,0.34622766357226264,0.35571409402452203,0.03142857142857143,0.037142857142857144,0.04285714285714286,0.0,0.002857142857142857,0.0,0.0,0.03114234779369486,0.13196634914903713,11.794285714285714,0.0,0.0,0.15,0.08,2,0.08031127552548843,0.13549525455411915,0.5251604143834201,0.6641944252354856,0.0,0.9333333333333333,0.0,0.1,0.0,0.1,0.0,0.08,0.037142857142857144,0.5,0.25
23,0.5460873828999117,0.48276075921832867,0.5460873828999117,0.48276075921832867,0.24899929058488912,0.4573504548717318,0.9171428571428571,0.34687962702209113,0.3561426654530935,0.03142857142857143,0.9171428571428571,0.34687962702209113,0.3561426654530935,0.03142857142857143,0.02857142857142857,0.02857142857142857,0.0,0.02,0.0,0.0,0.03114234779369486,0.13196634914903713,11.794285714285714,0.0,0.0,0.15,0.08,2,0.08262357700500383,0.13481777828134855,0.5432286346671802,0.6509105367307758,0.0,1.0,0.0,0.1,0.0,0.1,0.0,0.08,0.02857142857142857,0.5,0.25
24,0.5560409346766958,0.48167692941559703,0.5560409346766958,0.48167692941559703,0.24899929058488912,0.4572849586909572,0.9028571428571428,0.34761983487770376,0.35691409402452207,0.03142857142857143,0.9028571428571428,0.34761983487770376,0.35691409402452207,0.03142857142857143,0.045714285714285714,0.045714285714285714,0.0,0.011428571428571429,0.0,0.0,0.03114234779369486,0.13196634914903713,11.794285714285714,0.0,0.0,0.15,0.08,2,0.08589517625926453,0.1341436893899418,0.5780783476881223,0.6378923259961602,0.0,1.0,0.0,0.1,0.0,0.1,0.0,0.08,0.045714285714285714,0.5,0.25
25,0.5647135302161626,0.4818003049577151,0.5647135302161626,0.4818003049577151,0.24899929058488912,0.4570845441814334,0.9314285714285714,0.3481912634491323,0.35784036892012977,0.03428571428571429,0.9314285714285714,0.3481912634491323,0.35784036892012977,0.03428571428571429,0.04285714285714286,0.045714285714285714,0.0,0.014285714285714285,0.0,0.0,0.03114234779369486,0.13196634914903713,11.794285714285714,0.0,0.0,0.15,0.08,0,0.08812518729658968,0.1334729709429921,0.6122310664486457,0.625134479476237,0.0,1.0,0.0,0.1,0.0,0.1,0.0,0.08,0.04285714285714286,0.5,0.25
26,0.576029905548787,0.4817916994711652,0.576029905548787,0.4817916994711652,0.24899929058488912,0.45727983661972776,0.9314285714285714,0.3489082909046819,0.3584832260629869,0.03428571428571429,0.9314285714285714,0.3489082909046819,0.3584832260629869,0.03428571428571429,0.037142857142857144,0.04,0.0,0.014285714285714285,0.0,0.0,0.03114234779369486,0.13196634914903713,11.794285714285714,0.0,0.0,0.15,0.08,0,0.0901392352864428,0.13705873290188894,0.6399864451196727,0.6951353308570327,0.0,0.9285714285714286,0.0,0.1,0.0,0.1,0.0,0.08,0.037142857142857144,0.5,0.25
27,0.5871500941421116,0.48050241065509663,0.5871500941421116,0.48050241065509663,0.24899929058488912,0.45737335744735763,0.8914285714285715,0.3497082909046819,0.3592826051585928,0.037142857142857144,0.8914285714285715,0.3497082909046819,0.3592826051585928,0.037142857142857144,0.04285714285714286,0.04285714285714286,0.0,0.022857142857142857,0.0,0.0,0.03114234779369486,0.13196634914903713,11.794285714285714,0.0,0.0,0.15,0.08,0,0.09285996768143916,0.1363734392373795,0.6700438590744221,0.6812326242398921,0.0,1.0,0.0,0.1,0.0,0.1,0.0,0.08,0.04285714285714286,0.5,0.25
28,0.5953435146312697,0.47894152979105886,0.5953435146312697,0.47894152979105886,0.24899929058488912,0.4580319858960793,0.9257142857142857,0.35033686233325334,0.3600111765871642,0.037142857142857144,0.9257142857142857,0.35033686233325334,0.3600111765871642,0.037142857142857144,0.03142857142857143,0.03142857142857143,0.0,0.014285714285714285,0.0,0.0,0.03114234779369486,0.13196634914903713,11.794285714285714,0.0,0.0,0.15,0.08,0,0.09553809712874624,0.1356915720411926,0.688071553321505,0.6676079717550942,0.0,1.0,0.0,0.1,0.0,0.1,0.0,0.08,0.03142857142857143,0.5,0.25
29,0.6060038917094217,0.47823618391083356,0.6060038917094217,0.47823618391083356,0.24899929058488912,0.4585654708238673,0.9371428571428572,0.35079400519039616,0.36039648226376236,0.037142857142857144,0.9371428571428572,0.35079400519039616,0.36039648226376236,0.037142857142857144,0.03142857142857143,0.03142857142857143,0.0,0.008571428571428572,0.0,0.0,0.03114234779369486,0.13196634914903713,11.794285714285714,0.0,0.0,0.15,0.08,0,0.09747045913695697,0.13501311418098663,0.7057386936836464,0.6542558123199923,0.0,1.0,0.0,0.1,0.0,0.1,0.0,0.08,0.03142857142857143,0.5,0.25
30,0.6141964915622378,0.47848698647330823,0.6141964915622378,0.47848698647330823,0.24899929058488912,0.4592972658653697,0.9228571428571428,0.3511368623332533,0.36099648226376235,0.04,0.9228571428571428,0.3511368623332533,0.36099648226376235,0.04,0.02857142857142857,0.02857142857142857,0.0,0.011428571428571429,0.0,0.0,0.03114234779369486,0.13196634914903713,11.794285714285714,0.0,0.0,0.15,0.08,0,0.09849682184127216,0.1343380486100817,0.720195348381402,0.6411706960735924,0.0,1.0,0.0,0.1,0.0,0.1,0.0,0.08,0.02857142857142857,0.5,0.25
31,0.6237746909155988,0.4777587531220336,0.6237746909155988,0.4777587531220336,0.24899929058488912,0.4595780140573838,0.9485714285714286,0.35227762809417196,0.3620928027097284,0.04,0.9485714285714286,0.35227762809417196,0.3620928027097284,0.04,0.04285714285714286,0.045714285714285714,0.0,0.014285714285714285,0.0,0.0,0.03114234779369486,0.13196634914903713,11.794285714285714,0.0,0.0,0.15,0.08,0,0.10281393084045407,0.13366635836703128,0.7515057271280596,0.6283472821521205,0.0,0.9375,0.0,0.1,0.0,0.1,0.0,0.08,0.04285714285714286,0.5,0.25
32,0.6345002685954072,0.4768872147000322,0.6345002685954072,0.4768872147000322,0.24899929058488912,0.45977788458309266,0.9085714285714286,0.3538294253342251,0.3633785169954427,0.04285714285714286,0.9085714285714286,0.3538294253342251,0.3633785169954427,0.04285714285714286,0.05142857142857143,0.06571428571428571,0.0,0.02,0.0,0.0,0.03114234779369486,0.13196634914903713,11.794285714285714,0.0,0.0,0.15,0.08,0,0.10869772616841251,0.13306485975437965,0.8021898982997843,0.6170370310733827,0.0,0.9565217391304348,0.0,0.1,0.0,0.1,0.0,0.08,0.05142857142857143,0.5,0.25
33,0.6455882569091551,0.47652437897985905,0.6455882569091551,0.47652437897985905,0.24899929058488912,0.46019143858132355,0.9257142857142857,0.35485799676279656,0.3644928027097284,0.045714285714285714,0.9257142857142857,0.35485799676279656,0.3644928027097284,0.045714285714285714,0.05142857142857143,0.05142857142857143,0.0,0.014285714285714285,0.0,0.0,0.03114234779369486,0.13196634914903713,11.794285714285714,0.0,0.0,0.15,0.08,0,0.11238138396257044,0.13319953533577522,0.8375746717623599,0.6196278840901704,0.0,0.9444444444444444,0.0,0.1,0.0,0.1,0.0,0.08,0.05142857142857143,0.5,0.25
34,0.6552400569737246,0.4755303713986171,0.6552400569737246,0.4755303713986171,0.24899929058488912,0.46061919080634894,0.9342857142857143,0.35622942533422514,0.3657785169954427,0.05142857142857143,0.9342857142857143,0.35622942533422514,0.3657785169954427,0.05142857142857143,0.05714285714285714,0.06,0.0,0.025714285714285714,0.0,0.0,0.03114234779369486,0.13196634914903713,11.794285714285714,0.0,0.0,0.15,0.08,0,0.11655920841429324,0.13454158767281152,0.8808231783271127,0.6451768888902233,0.0,0.9523809523809523,0.0,0.1,0.0,0.1,0.0,0.08,0.05714285714285714,0.5,0.25
35,0.666345369392931,0.4744804532948066,0.666345369392931,0.4744804532948066,0.24899929058488912,0.4609082611900743,0.9457142857142857,0.3565199677541365,0.36659280270972844,0.05142857142857143,0.9457142857142857,0.3565199677541365,0.36659280270972844,0.05142857142857143,0.04285714285714286,0.054285714285714284,0.0,0.03142857142857143,0.0,0.0,0.03114234779369486,0.13196634914903713,11.794285714285714,0.0,0.0,0.15,0.08,0,0.1189469845150789,0.1361761352302705,0.9174924290462848,0.6777494135055975,0.0,0.9473684210526315,0.0,0.1,0.0,0.1,0.0,0.08,0.04285714285714286,0.5,0.25
36,0.67502661674607,0.4745570217446204,0.67502661674607,0.4745570217446204,0.24899929058488912,0.46121275320377025,0.9371428571428572,0.3575837974246585,0.3677070884240141,0.054285714285714284,0.9371428571428572,0.3575837974246585,0.3677070884240141,0.054285714285714284,0.05714285714285714,0.06285714285714286,0.0,0.04,0.0,0.0,0.03114234779369486,0.13196634914903713,11.794285714285714,0.0,0.0,0.15,0.08,0,0.1227588396230587,0.13549525455411915,0.9619997233225019,0.6641944252354856,0.0,1.0,0.0,0.1,0.0,0.1,0.0,0.08,0.05714285714285714,0.5,0.25
37,0.6832482213470402,0.4744785469852599,0.6832482213470402,0.4744785469852599,0.24899929058488912,0.46159917367911274,0.92,0.3586695117103728,0.3687235454848635,0.054285714285714284,0.92,0.3586695117103728,0.3687235454848635,0.054285714285714284,0.054285714285714284,0.05714285714285714,0.0,0.06,0.0,0.0,0.03114234779369486,0.13196634914903713,11.794285714285714,0.0,0.0,0.15,0.08,0,0.125754044180865,0.13481777828134855,0.9999025859989089,0.6509105367307758,0.0,1.0,0.0,0.1,0.0,0.1,0.0,0.08,0.054285714285714284,0.5,0.25
38,0.6933938015618992,0.47477254866982554,0.6933938015618992,0.47477254866982554,0.24899929058488912,0.4619466972182483,0.9028571428571428,0.3596622631669393,0.36976927348447036,0.054285714285714284,0.9028571428571428,0.3596622631669393,0.36976927348447036,0.054285714285714284,0.06571428571428571,0.06571428571428571,0.0,0.054285714285714284,0.0,0.0,0.03114234779369486,0.13196634914903713,11.794285714285714,0.0,0.0,0.15,0.08,0,0.12903049570171787,0.1341436893899418,1.0456188199932164,0.6378923259961602,0.0,1.0,0.0,0.1,0.0,0.1,0.0,0.08,0.06571428571428571,0.5,0.25
39,0.7019245184649031,0.4750467510897889,0.7019245184649031,0.4750467510897889,0.24899929058488912,0.46232640948498543,0.9485714285714286,0.3603195813639755,0.370708201205206,0.05714285714285714,0.9485714285714286,0.3603195813639755,0.370708201205206,0.05714285714285714,0.07142857142857142,0.07142857142857142,0.0,0.06571428571428571,0.0,0.0,0.03114234779369486,0.13196634914903713,11.794285714285714,0.0,0.0,0.15,0.08,0,0.12993869461075952,0.1334729709429921,1.0961350150219236,0.625134479476237,0.0,1.0,0.0,0.1,0.0,0.1,0.0,0.08,0.07142857142857142,0.5,0.25
40,0.70980494051425,0.47406664118357494,0.70980494051425,0.47406664118357494,0.24899929058488912,0.462692733415823,0.9142857142857143,0.3606069982412901,0.3713510583480631,0.05714285714285714,0.9142857142857143,0.3606069982412901,0.3713510583480631,0.05714285714285714,0.054285714285714284,0.06285714285714286,0.0,0.08571428571428572,0.0,0.0,0.03114234779369486,0.13196634914903713,11.794285714285714,0.0,0.0,0.15,0.08,0,0.13008885828056285,0.13280560608827713,1.137069457578628,0.6126317898867122,0.0,1.0,0.0,0.1,0.0,0.1,0.0,0.08,0.054285714285714284,0.5,0.25
41,0.7188121886108434,0.4736498730656042,0.7188121886108434,0.4736498730656042,0.24899929058488912,0.4630448791997002,0.8914285714285715,0.36146414109843295,0.3722939154909203,0.05714285714285714,0.8914285714285715,0.36146414109843295,0.3722939154909203,0.05714285714285714,0.06571428571428571,0.07714285714285714,0.0,0.10571428571428572,0.0,0.0,0.03114234779369486,0.13196634914903713,11.794285714285714,0.0,0.0,0.15,0.08,0,0.13161707243556825,0.13214157805783572,1.1914709255699125,0.600379154088978,0.0,1.0,0.0,0.1,0.0,0.1,0.0,0.08,0.06571428571428571,0.5,0.25
42,0.7252681056248229,0.47356768722490333,0.7252681056248229,0.47356768722490333,0.24899929058488912,0.4634168132032506,0.92,0.3620355696698615,0.37293248669482076,0.06,0.92,0.3620355696698615,0.37293248669482076,0.06,0.05714285714285714,0.06571428571428571,0.0,0.12285714285714286,0.0,0.0,0.03114234779369486,0.13196634914903713,11.794285714285714,0.0,0.0,0.15,0.08,0,0.13275770492696184,0.13148087016754653,1.2333557927727998,0.5883715710071985,0.0,1.0,0.0,0.1,0.0,0.1,0.0,0.08,0.05714285714285714,0.5,0.25
43,0.7336688993616726,0.4737897278506592,0.7336688993616726,0.4737897278506592,0.24899929058488912,0.46408849904389654,0.9114285714285715,0.36259159131707985,0.3736610581233922,0.06,0.9114285714285715,0.36259159131707985,0.3736610581233922,0.06,0.05142857142857143,0.054285714285714284,0.0,0.15714285714285714,0.0,0.0,0.03114234779369486,0.13196634914903713,11.794285714285714,0.0,0.0,0.15,0.08,0,0.13460734640232702,0.13570712146008976,1.2629743912030582,0.668903366162976,0.0,0.9473684210526315,0.0,0.1,0.0,0.1,0.0,0.08,0.05142857142857143,0.5,0.25
44,0.7420664616712416,0.4728941559345171,0.7420664616712416,0.4728941559345171,0.24899929058488912,0.46463545792706595,0.9342857142857143,0.36323815519645,0.37421820098053504,0.06,0.9342857142857143,0.36323815519645,0.37421820098053504,0.06,0.06857142857142857,0.06857142857142857,0.0,0.18,0.0,0.0,0.03114234779369486,0.13196634914903713,11.794285714285714,0.0,0.0,0.15,0.08,0,0.13699045324174397,0.13509956244627533,1.3062863319504256,0.6571267615412164,0.0,0.9583333333333334,0.0,0.1,0.0,0.1,0.0,0.08,0.06857142857142857,0.5,0.25
45,0.7505953988768906,0.4730912581129633,0.7505953988768906,0.4730912581129633,0.24899929058488912,0.46514543054671004,0.8885714285714286,0.3633524409107357,0.3750500612057749,0.06,0.8885714285714286,0.3633524409107357,0.3750500612057749,0.06,0.06571428571428571,0.07428571428571429,0.0,0.19428571428571428,0.0,0.0,0.03114234779369486,0.13196634914903713,11.794285714285714,0.0,0.0,0.15,0.08,0,0.13816135954696382,0.13442406463404397,1.3544463195971315,0.643984226310392,0.0,1.0,0.0,0.1,0.0,0.1,0.0,0.08,0.06571428571428571,0.5,0.25
46,0.7593895397803423,0.47329509622889204,0.7593895397803423,0.47329509622889204,0.24899929058488912,0.4656581899236102,0.8971428571428571,0.36393509689414644,0.3758214897772034,0.06,0.8971428571428571,0.36393509689414644,0.3758214897772034,0.06,0.05714285714285714,0.06571428571428571,0.0,0.21428571428571427,0.0,0.0,0.03114234779369486,0.13196634914903713,11.794285714285714,0.0,0.0,0.15,0.08,0,0.13983870985640756,0.13375194431087375,1.3930716789194744,0.6311045417841842,0.0,1.0,0.0,0.1,0.0,0.1,0.0,0.08,0.05714285714285714,0.5,0.25
47,0.7668771148781356,0.4728887619549237,0.7668771148781356,0.4728887619549237,0.24899929058488912,0.4660832437695095,0.8514285714285714,0.3646208111798608,0.3763786326343463,0.06,0.8514285714285714,0.3646208111798608,0.3763786326343463,0.06,0.05714285714285714,0.08,0.0,0.2257142857142857,0.002857142857142857,0.0,0.03114234779369486,0.13196634914903713,11.794285714285714,0.0,0.0,0.15,0.08,0,0.1426246591642684,0.14060782564248914,1.4452102453410849,0.7705918227075738,0.0,0.9285714285714286,0.0,0.1,0.0,0.1,0.0,0.08,0.05714285714285714,0.5,0.25
48,0.7723157467760805,0.4720682695169445,0.7723157467760805,0.4720682695169445,0.24899929058488912,0.466508125364015,0.9057142857142857,0.36507795403700355,0.3769857244004585,0.06,0.9057142857142857,0.36507795403700355,0.3769857244004585,0.06,0.06285714285714286,0.07714285714285714,0.0,0.2571428571428571,0.002857142857142857,0.0,0.03114234779369486,0.13196634914903713,11.794285714285714,0.0,0.0,0.15,0.08,0,0.14462453729701846,0.13990478651427668,1.4934488975771203,0.7551799862534223,0.0,1.0,0.0,0.1,0.0,0.1,0.0,0.08,0.06285714285714286,0.5,0.25
49,0.7790239363357631,0.4723878071210205,0.7790239363357631,0.4723878071210205,0.24899929058488912,0.46688473378234063,0.8971428571428571,0.365306525465575,0.37771429582902993,0.06,0.8971428571428571,0.365306525465575,0.37771429582902993,0.06,0.08285714285714285,0.09142857142857143,0.0,0.26571428571428574,0.005714285714285714,0.0,0.03114234779369486,0.13196634914903713,11.794285714285714,0.0,0.0,0.15,0.08,0,0.1455917465428507,0.1392052625817053,1.5550084910541493,0.7400763865283538,0.0,1.0,0.0,0.1,0.0,0.1,0.0,0.08,0.08285714285714285,0.5,0.25
50,0.788414926287604,0.4719905136828515,0.7875642542117589,0.47211439453039444,0.24899929058488912,0.46713398359119607,0.8968481375358166,0.3655953423738412,0.3789232898894036,0.06017191977077364,0.8942857142857142,0.36587795403700357,0.37831429582902987,0.06,0.08022922636103152,0.08857142857142856,0.002857142857142857,0.2742857142857143,0.011461318051575931,0.002857142857142857,0.031186219040378615,0.1319663491490371,11.633237822349571,0.0,0.0,0.15,0.08022922636103152,0,0.14728571805404966,0.13970462049261662,1.6124797498044947,0.7515247457055382,0.0,0.967741935483871,0.0,0.1,0.0,0.1,0.0,0.08,0.08285714285714285,0.5,0.25
51,0.7958470011544702,0.4728192291519342,0.7949750945790053,0.47300286916539536,0.24899929058488912,0.4674293785256921,0.8825214899713467,0.3661684082764201,0.38012672828481897,0.0659025787965616,0.88,0.3664493826084322,0.37951429582902996,0.06571428571428571,0.08882521489971347,0.10571428571428572,0.002857142857142857,0.30857142857142855,0.011461318051575931,0.0,0.03125559977487769,0.1319663491490371,11.633237822349571,0.0,0.0,0.15,0.08022922636103152,0,0.14885957610171802,0.14439580339205904,1.6859444405226904,0.8579235363236084,0.0,0.972972972972973,0.0,0.1,0.0,0.1,0.0,0.08,0.08882521489971347,0.5,0.25
52,0.8018283467599064,0.4727315867878052,0.8009393506255689,0.47295610462514787,0.24899929058488912,0.46755305432410943,0.8853868194842407,0.3667987807692567,0.38094824695156293,0.0659025787965616,0.8828571428571429,0.3670779540370036,0.38033346729958306,0.06571428571428571,0.0659025787965616,0.08,0.002857142857142857,0.3628571428571429,0.011461318051575931,0.0,0.03125559977487769,0.1319663491490371,11.633237822349571,0.0,0.0,0.15,0.08022922636103152,0,0.15025756464978088,0.14367382437509874,1.7322255517122367,0.8407650655971363,0.0,1.0,0.0,0.1,0.0,0.1,0.0,0.08,0.0659025787965616,0.5,0.25
53,0.8081131808872308,0.4737308148012657,0.807206228083958,0.4739351570075884,0.24899929058488912,0.46761770838809846,0.9054441260744985,0.36725723349131983,0.38129208649311025,0.0659025787965616,0.9028571428571428,0.3675350968941465,0.3806763244424402,0.06571428571428571,0.06303724928366762,0.07142857142857142,0.002857142857142857,0.38857142857142857,0.011461318051575931,0.0,0.03125559977487769,0.1319663491490371,11.633237822349571,0.0,0.0,0.15,0.08022922636103152,0,0.1509051346836748,0.14295545525322323,1.7690096121065635,0.8239497642851935,0.0,0.96,0.0,0.1,0.0,0.1,0.0,0.08,0.06303724928366762,0.5,0.25
54,0.8137181763693085,0.473624816137065,0.81279520929323,0.4738095426701024,0.24899929058488912,0.4677159466832931,0.8968481375358166,0.36760107303286704,0.3815499661492707,0.0659025787965616,0.8942857142857142,0.36787795403700363,0.38093346729958316,0.06571428571428571,0.08595988538681948,0.08857142857142856,0.002857142857142857,0.39714285714285713,0.014326647564469915,0.0,0.03125559977487769,0.1319663491490371,11.633237822349571,0.0,0.0,0.15,0.08022922636103152,0,0.152063752581685,0.1422406779769571,1.8222008484358607,0.8074707689994897,0.0,1.0,0.0,0.1,0.0,0.1,0.0,0.08,0.08595988538681948,0.5,0.25
55,0.819708646579221,0.4736910582504965,0.8187685638739711,0.47388576406163435,0.24899929058488912,0.4678076349839865,0.9054441260744985,0.368116832345188,0.38210870540428504,0.0659025787965616,0.9028571428571428,0.36839223975128926,0.38149061015672603,0.06571428571428571,0.07736389684813753,0.09428571428571429,0.002857142857142857,0.4342857142857143,0.014326647564469915,0.0,0.03125559977487769,0.1319663491490371,11.633237822349571,0.0,0.0,0.15,0.08022922636103152,0,0.15292972595449086,0.14152947458707232,1.8800425457528582,0.7913213536194998,0.0,1.0,0.0,0.1,0.0,0.1,0.0,0.08,0.07736389684813753,0.5,0.25
56,0.8260548738543788,0.4744753462387867,0.8250966590711999,0.47462527611148436,0.24899929058488912,0.46783192057483913,0.9226361031518625,0.3682887521159616,0.3823175187315659,0.0659025787965616,0.92,0.36856366832271786,0.38169882687450035,0.06571428571428571,0.07449856733524356,0.08,0.002857142857142857,0.4657142857142857,0.014326647564469915,0.0,0.03125559977487769,0.1319663491490371,11.633237822349571,0.0,0.0,0.15,0.08022922636103152,0,0.1533340858783077,0.14082182721413697,1.9224416948378005,0.7754949265471098,0.0,1.0,0.0,0.1,0.0,0.1,0.0,0.08,0.07449856733524356,0.5,0.25
57,0.8320143112947022,0.4736460576495964,0.831039069547408,0.4737856866151245,0.24899929058488912,0.4677868174310902,0.8424068767908309,0.36902247960348455,0.38291923792927357,0.0659025787965616,0.84,0.3692952994459908,0.3822988268745004,0.06571428571428571,0.08022922636103152,0.09428571428571429,0.002857142857142857,0.48,0.014326647564469915,0.0,0.03125559977487769,0.1319663491490371,11.633237822349571,0.0,0.0,0.15,0.08022922636103152,0,0.15488112973463045,0.1428826773150215,1.9782785752267584,0.821082683142957,0.0,0.9393939393939394,0.0,0.1,0.0,0.1,0.0,0.08,0.08022922636103152,0.5,0.25
58,0.8355187954084893,0.4739741676176449,0.8345335408494413,0.47409654940636514,0.24899929058488912,0.4677137754845081,0.8853868194842407,0.3693919664277924,0.3833769141068214,0.0659025787965616,0.8828571428571429,0.36966373059365765,0.38275519540582664,0.06571428571428571,0.0830945558739255,0.10285714285714286,0.002857142857142857,0.5228571428571429,0.017191977077363897,0.0,0.03125559977487769,0.1319663491490371,11.633237822349571,0.0,0.0,0.15,0.08022922636103152,0,0.15613429622881442,0.14417637058482624,2.0415701465793665,0.841101626505706,0.0,0.9722222222222222,0.0,0.1,0.0,0.1,0.0,0.08,0.0830945558739255,0.5,0.25
59,0.8405251616476254,0.47348220357337123,0.8395256031850372,0.47365295712553346,0.24899929058488912,0.4679351613374917,0.8939828080229226,0.369506579608308,0.3834628739922083,0.0659025787965616,0.8914285714285715,0.36977801630794344,0.3828409096915409,0.06571428571428571,0.0830945558739255,0.08857142857142856,0.002857142857142857,0.5628571428571428,0.017191977077363897,0.0,0.03125559977487769,0.1319663491490371,11.633237822349571,0.0,0.0,0.15,0.08022922636103152,0,0.1559247676048132,0.14345548873190211,2.0893101722192076,0.8242795939755918,0.0,1.0,0.0,0.1,0.0,0.1,0.0,0.08,0.0830945558739255,0.5,0.25
60,0.8459745740604283,0.4739510645304422,0.8449594458480891,0.47414223957893586,0.24899929058488912,0.46816289256910676,0.8997134670487106,0.3704213527458957,0.3842365129606896,0.06876790830945559,0.8971428571428571,0.37069017580799496,0.3836123382629695,0.06857142857142857,0.07736389684813753,0.08857142857142856,0.002857142857142857,0.5971428571428572,0.017191977077363897,0.0,0.03125559977487769,0.1319663491490371,11.633237822349571,0.0,0.0,0.15,0.08022922636103152,0,0.15860185805250346,0.147835483125,2.1360953973462524,0.8444921859171372,0.0,0.9032258064516129,0.0,0.1,0.0,0.1,0.0,0.08,0.07736389684813753,0.5,0.25
61,0.8508562471995111,0.4732491465408047,0.8498271713496318,0.4734517172443508,0.24899929058488912,0.46847863718158606,0.8653295128939829,0.3712809515997639,0.3850531318718645,0.07163323782234957,0.8628571428571429,0.37154731866513785,0.3844266239772552,0.07142857142857142,0.1174785100286533,0.12857142857142856,0.002857142857142857,0.6371428571428571,0.02005730659025788,0.0,0.03125559977487769,0.1319663491490371,11.633237822349571,0.0,0.0,0.15,0.08022922636103152,0,0.16235070590509804,0.15,2.2219449179707556,0.9820000000000004,0.0,0.8888888888888888,0.0,0.1,0.0,0.1,0.0,0.08,0.1174785100286533,0.5,0.25
62,0.8528839003229073,0.4736768918640492,0.8518490311783897,0.47392779648518335,0.24899929058488912,0.4685847175866037,0.8882521489971347,0.37168209773156907,0.3856118711268788,0.07449856733524356,0.8857142857142857,0.3719473186651378,0.3849837668343981,0.07428571428571429,0.08022922636103152,0.10285714285714286,0.002857142857142857,0.68,0.025787965616045846,0.0,0.03125559977487769,0.1319663491490371,11.633237822349571,0.0,0.0,0.15,0.08022922636103152,0,0.16384729825615282,0.14925,2.2803631624684835,0.9623600000000003,0.0,1.0,0.0,0.1,0.0,0.1,0.0,0.08,0.08022922636103152,0.5,0.25
63,0.8594179057715036,0.47265044400927925,0.8583643680399901,0.47289655268962405,0.24899929058488912,0.46870367352758097,0.8681948424068768,0.3723124702244057,0.38626679862190144,0.07449856733524356,0.8657142857142858,0.37257589009370934,0.3856368231080064,0.07428571428571429,0.10028653295128939,0.11428571428571428,0.002857142857142857,0.7457142857142857,0.025787965616045846,0.0,0.03125559977487769,0.1319663491490371,11.633237822349571,0.0,0.0,0.15,0.08022922636103152,0,0.16570961773889356,0.14850375,2.349041613504828,0.9603999999999999,0.0,0.95,0.0,0.1,0.0,0.1,0.0,0.08,0.10028653295128939,0.5,0.25
64,0.865477455413629,0.47231651851407497,0.8644066046831381,0.4725675432743625,0.24899929058488912,0.4687950838092519,0.8681948424068768,0.3731720690782739,0.38691149776230255,0.07449856733524356,0.8657142857142858,0.3734330329508522,0.38627968025086357,0.07428571428571429,0.0830945558739255,0.09428571428571429,0.002857142857142857,0.8,0.02865329512893983,0.0,0.03125559977487769,0.1319663491490371,11.633237822349571,0.0,0.0,0.15,0.08022922636103152,0,0.16719506965019912,0.149325,2.3963464955204454,0.9450728000000008,0.0,0.9090909090909091,0.0,0.1,0.0,0.1,0.0,0.08,0.0830945558739255,0.5,0.25
65,0.8697867226399846,0.4723876248067925,0.8687035597174184,0.4726156525625355,0.24899929058488912,0.4690055150109392,0.836676217765043,0.37340129543930545,0.38708341753307624,0.07449856733524356,0.8342857142857143,0.3736616043794236,0.38645110882229217,0.07428571428571429,0.09455587392550144,0.10571428571428572,0.002857142857142857,0.8371428571428572,0.03151862464183381,0.0,0.03125559977487769,0.1319663491490371,11.633237822349571,0.0,0.0,0.15,0.08022922636103152,0,0.16704381001623383,0.148578375,2.4541338513243223,0.9261713440000008,0.0,1.0,0.0,0.1,0.0,0.1,0.0,0.08,0.09455587392550144,0.5,0.25
66,0.8724590534242828,0.47269073778798243,0.8713682552709041,0.47289215623325076,0.24899929058488912,0.46923672288976803,0.8739255014326648,0.3739662121292963,0.38751602494319093,0.07449856733524356,0.8714285714285714,0.3742249070217287,0.3868824802112351,0.07428571428571429,0.08595988538681948,0.1,0.002857142857142857,0.8857142857142857,0.03151862464183381,0.0,0.03125559977487769,0.1319663491490371,11.633237822349571,0.0,0.0,0.15,0.08022922636103152,0,0.1669783088197241,0.147835483125,2.5050511742978356,0.9076479171200007,0.0,1.0,0.0,0.1,0.0,0.1,0.0,0.08,0.08595988538681948,0.5,0.25
67,0.878224545833171,0.47210172437880316,0.8771172748443384,0.4723327603203619,0.24899929058488912,0.4694618987318734,0.8538681948424068,0.3739662121292963,0.38751602494319093,0.07449856733524356,0.8514285714285714,0.3742249070217287,0.3868824802112351,0.07428571428571429,0.10315186246418338,0.10571428571428572,0.002857142857142857,0.9542857142857143,0.034383954154727794,0.0,0.03125559977487769,0.1319663491490371,11.633237822349571,0.0,0.0,0.15,0.08022922636103152,0,0.16685627727205404,0.147096305709375,2.5606644365261646,0.8894949587776007,0.0,1.0,0.0,0.1,0.0,0.1,0.0,0.08,0.10315186246418338,0.5,0.25
68,0.8828050464957744,0.47284536838618696,0.8816846883621916,0.47306096908353457,0.24899929058488912,0.46958902690810395,0.8825214899713467,0.3746538912123909,0.3880317842555119,0.07736389684813753,0.88,0.37491062130744307,0.38739676592552086,0.07714285714285714,0.10601719197707736,0.12285714285714286,0.002857142857142857,1.0142857142857142,0.034383954154727794,0.0,0.03125559977487769,0.1319663491490371,11.633237822349571,0.0,0.0,0.15,0.08022922636103152,0,0.16853513945712234,0.14702242509375,2.632308290652784,0.9039207967999998,0.0,0.9767441860465116,0.0,0.1,0.0,0.1,0.0,0.08,0.10601719197707736,0.5,0.25
69,0.885658343308074,0.4730966842335667,0.8845298328978843,0.47328842317404624,0.24899929058488912,0.469579108026382,0.8739255014326648,0.3746993761198473,0.38828966391167224,0.07736389684813753,0.8714285714285714,0.374955976258021,0.38765390878266365,0.07714285714285714,0.08882521489971347,0.11142857142857143,0.002857142857142857,1.0514285714285714,0.034383954154727794,0.0,0.03125559977487769,0.1319663491490371,11.633237822349571,0.0,0.0,0.15,0.08022922636103152,0,0.1682920359026939,0.14628731296828124,2.6910906962683,0.8858423808639998,0.0,1.0,0.0,0.1,0.0,0.1,0.0,0.08,0.08882521489971347,0.5,0.25
70,0.8902007074294813,0.4734796215667005,0.889059218836088,0.47364118808177985,0.24899929058488912,0.4697057362962307,0.8424068767908309,0.3748712958906209,0.3884186037397525,0.07736389684813753,0.84,0.3751274048294496,0.3877824802112351,0.07714285714285714,0.08595988538681948,0.10857142857142857,0.002857142857142857,1.12,0.034383954154727794,0.0,0.03125559977487769,0.1319663491490371,11.633237822349571,0.0,0.0,0.15,0.08022922636103152,0,0.16859229143746612,0.14555587640343984,2.7458403109143625,0.8681255332467198,0.0,1.0,0.0,0.1,0.0,0.1,0.0,0.08,0.08595988538681948,0.5,0.25
71,0.8940863402318406,0.4734271637542936,0.8924838659562748,0.47331351088161105,0.24899929058488912,0.4699173871099151,0.8275862068965517,0.3752419451889827,0.3880868891617274,0.07758620689655173,0.8228571428571428,0.375355976258021,0.38796470008143313,0.07714285714285714,0.07471264367816093,0.08857142857142856,0.005714285714285714,1.177142857142857,0.031609195402298854,0.002857142857142857,0.03126703084735229,0.1319663491490371,11.614942528735632,0.0,0.0,0.15,0.08045977011494253,0,0.16872530516965095,0.14482809702142263,2.779494933267504,0.8507630225817854,0.0,1.0,0.0,0.1,0.0,0.1,0.0,0.08,0.07449856733524356,0.5,0.25
72,0.8991325935138704,0.4734154711551682,0.8975012835052647,0.4732844774312072,0.24899929058488912,0.470204210495903,0.8390804597701149,0.3753144769003063,0.38825930295483085,0.07758620689655173,0.8342857142857143,0.3754280935024228,0.38813612865286173,0.07714285714285714,0.08908045977011494,0.10857142857142857,0.005714285714285714,1.2342857142857142,0.031609195402298854,0.0,0.03127527194676833,0.1319663491490371,11.614942528735632,0.0,0.0,0.15,0.08045977011494253,0,0.1685382500723742,0.14410395653631553,2.832476463173583,0.8337477621301497,0.0,1.0,0.0,0.1,0.0,0.1,0.0,0.08,0.08908045977011494,0.5,0.25
73,0.9027486102417986,0.47402636472413673,0.9010966372804617,0.47393648167640734,0.24899929058488912,0.4703653398868879,0.8505747126436781,0.37542941942904196,0.3886041305410377,0.08045977011494253,0.8457142857142858,0.37554237921670847,0.3884789857957189,0.08,0.07183908045977011,0.1,0.005714285714285714,1.26,0.03735632183908046,0.0,0.03127527194676833,0.1319663491490371,11.614942528735632,0.0,0.0,0.15,0.08045977011494253,0,0.16880898810772657,0.14367382437509874,2.8758269339101106,0.8187403024118074,0.0,0.9714285714285714,0.0,0.1,0.0,0.1,0.0,0.08,0.07183908045977011,0.5,0.25
74,0.905623759656517,0.4738765108796945,0.9037277675727975,0.4738771574462163,0.24899929058488912,0.47078085337892867,0.8587896253602305,0.3754136505982398,0.3887044628603667,0.08069164265129683,0.8514285714285714,0.37554237921670847,0.3885647000814332,0.08,0.09510086455331412,0.11142857142857143,0.008571428571428572,1.3257142857142856,0.037463976945244955,0.002857142857142857,0.03141979466601274,0.1319663491490371,11.204610951008645,0.0,0.0,0.15,0.08069164265129683,0,0.16867851531004507,0.14295545525322323,2.9297389666604796,0.8023654963635712,0.0,1.0,0.0,0.1,0.0,0.1,0.0,0.08,0.09770114942528736,0.5,0.25
75,0.9065017393336178,0.4742574616506565,0.9045982217098087,0.4743230052728015,0.24899929058488912,0.47124153684235237,0.8357348703170029,0.3754136505982398,0.3887909181917788,0.08069164265129683,0.8285714285714286,0.37554237921670847,0.3886504143671475,0.08,0.09798270893371758,0.11714285714285715,0.008571428571428572,1.3857142857142857,0.037463976945244955,0.0,0.03151823496982199,0.1319663491490371,11.204610951008645,0.0,0.0,0.15,0.08069164265129683,0,0.1687761270156377,0.1422406779769571,2.988287044470127,0.7863181864362998,0.0,1.0,0.0,0.1,0.0,0.1,0.0,0.08,0.09798270893371758,0.5,0.25
76,0.9092938142092101,0.47439925140053013,0.907366364515039,0.4745433587273609,0.24899929058488912,0.47165097937163214,0.8097982708933718,0.3755289243734559,0.3890502841860151,0.08069164265129683,0.8028571428571428,0.37565666493099426,0.3889075572242903,0.08,0.09510086455331412,0.12,0.008571428571428572,1.4514285714285715,0.043227665706051875,0.0,0.03151823496982199,0.1319663491490371,11.204610951008645,0.0,0.0,0.15,0.08069164265129683,0,0.16896081780913094,0.14446968400768406,3.0485213035807246,0.7847167237347998,0.0,0.9761904761904762,0.0,0.1,0.0,0.1,0.0,0.08,0.09510086455331412,0.5,0.25
77,0.9144125888756546,0.4738473474837238,0.9121577682209457,0.473994578990569,0.24899929058488912,0.4720321354885106,0.8554913294797688,0.3755464771007712,0.3891382532160057,0.08092485549132948,0.8457142857142858,0.37565666493099426,0.3889365795838492,0.08,0.07803468208092486,0.09714285714285714,0.011428571428571429,1.52,0.04335260115606936,0.002857142857142857,0.031591815536123384,0.1319663491490371,10.92485549132948,0.0,0.0,0.15,0.08092485549132948,0,0.1688297280057996,0.14374733558764563,3.084693734651967,0.7690223892601038,0.0,1.0,0.0,0.1,0.0,0.1,0.0,0.08,0.08069164265129683,0.5,0.25
78,0.9175492751417195,0.47485545874569246,0.9152586066439697,0.4749733352929789,0.24899929058488912,0.47226284875651486,0.8526011560693642,0.3758932979100198,0.38939836882294204,0.08092485549132948,0.8428571428571429,0.3759995220738514,0.38919372244099204,0.08,0.10115606936416185,0.11428571428571428,0.011428571428571429,1.562857142857143,0.046242774566473986,0.0,0.031704780511024634,0.1319663491490371,10.92485549132948,0.0,0.0,0.15,0.08092485549132948,0,0.1688391756697164,0.1430285989097074,3.1372855742446415,0.7536419414749017,0.0,1.0,0.0,0.1,0.0,0.1,0.0,0.08,0.10115606936416185,0.5,0.25
79,0.9191658210234183,0.47583134316734804,0.9168566777155919,0.47580283149780433,0.24899929058488912,0.47263798798144374,0.8294797687861272,0.37600890484643595,0.38948507402525423,0.08092485549132948,0.82,0.3761138077881371,0.38927943672670634,0.08,0.11849710982658959,0.13428571428571429,0.011428571428571429,1.6085714285714285,0.046242774566473986,0.0,0.031704780511024634,0.1319663491490371,10.92485549132948,0.0,0.0,0.15,0.08092485549132948,0,0.16913712264851066,0.14600028876309595,3.2088255770454635,0.7447853274558442,0.0,0.9787234042553191,0.0,0.1,0.0,0.1,0.0,0.08,0.11849710982658959,0.5,0.25
80,0.9230788927553819,0.4756333014296544,0.9207250286277618,0.4755799337890171,0.24899929058488912,0.4730761040147294,0.8352601156069365,0.37639554278426,0.3898318948345028,0.08092485549132948,0.8257142857142857,0.37649602700667173,0.3896222938695634,0.08,0.09826589595375723,0.12285714285714286,0.011428571428571429,1.6914285714285715,0.046242774566473986,0.0,0.031704780511024634,0.1319663491490371,10.92485549132948,0.0,0.0,0.15,0.08092485549132948,0,0.17026229417812527,0.149325,3.2675062083616973,0.7930576046859937,0.0,0.9767441860465116,0.0,0.1,0.0,0.1,0.0,0.08,0.09826589595375723,0.5,0.25
81,0.9240524470741273,0.47593149906726995,0.9216874566114359,0.4758894297354091,0.24899929058488912,0.473444434817616,0.8410404624277457,0.3767423635935085,0.3902654208460634,0.0838150289017341,0.8314285714285714,0.3768388841495289,0.3900508652981348,0.08285714285714285,0.07803468208092486,0.09428571428571429,0.011428571428571429,1.7657142857142858,0.046242774566473986,0.0,0.031704780511024634,0.1319663491490371,10.92485549132948,0.0,0.0,0.15,0.08092485549132948,0,0.17129979036309814,0.149325,3.296441798480177,0.8617267203236093,0.0,0.9696969696969697,0.0,0.1,0.0,0.1,0.0,0.08,0.07803468208092486,0.5,0.25
82,0.9256755464062879,0.4772944263296193,0.9232920062369432,0.4772306188141634,0.24899929058488912,0.47405393551269426,0.7947976878612717,0.37685797052992465,0.39043883125068773,0.0838150289017341,0.7857142857142857,0.3769531698638145,0.3902222938695634,0.08285714285714285,0.09826589595375723,0.11428571428571428,0.011428571428571429,1.8342857142857143,0.046242774566473986,0.0,0.031704780511024634,0.1319663491490371,10.92485549132948,0.0,0.0,0.15,0.08092485549132948,0,0.17126972710772906,0.148578375,3.344798676796288,0.8444921859171372,0.0,1.0,0.0,0.1,0.0,0.1,0.0,0.08,0.09826589595375723,0.5,0.25
83,0.9277073470561906,0.47730589115565464,0.9250355079101618,0.4767824002013676,0.24899929058488912,0.4747012156143907,0.813953488372093,0.3782021557376476,0.3906137769546867,0.08430232558139535,0.8,0.3771245984352431,0.39035086529813484,0.08285714285714285,0.10174418604651163,0.12857142857142856,0.017142857142857144,1.8971428571428572,0.0436046511627907,0.005714285714285714,0.03178584518148305,0.1319663491490371,10.80232558139535,0.0,0.0,0.15,0.08139534883720931,0,0.17218252561147612,0.14865337500000003,3.4064741318317906,0.9242505440000003,0.0,0.9777777777777777,0.0,0.1,0.0,0.1,0.0,0.08,0.10404624277456648,0.5,0.25
84,0.9307567714725468,0.47699261086746203,0.9267640579615614,0.4767370714386545,0.24899929058488912,0.47524783574919416,0.847953216374269,0.37910299662103936,0.3914910016145358,0.0847953216374269,0.8285714285714286,0.3771245984352431,0.3904365795838492,0.08285714285714285,0.07894736842105263,0.09142857142857143,0.022857142857142857,1.9657142857142857,0.043859649122807015,0.005714285714285714,0.031916097378663806,0.13196634914903713,10.497076023391813,0.0,0.0,0.15,0.08187134502923976,0,0.17197804155484733,0.14791010812500002,3.4297732206237264,0.9057655331200002,0.0,1.0,0.0,0.1,0.0,0.1,0.0,0.08,0.08430232558139535,0.5,0.25
85,0.9328866122398655,0.4763509136914527,0.9288452166541984,0.47613804124573467,0.24899929058488912,0.47567791804426635,0.8421052631578947,0.3792199556853668,0.3915787209127814,0.0847953216374269,0.8228571428571428,0.37723888414952883,0.3905222938695634,0.08285714285714285,0.08187134502923976,0.09428571428571429,0.022857142857142857,1.9942857142857142,0.04678362573099415,0.0,0.03205601966929818,0.13196634914903713,10.497076023391813,0.0,0.0,0.15,0.07894736842105263,0,0.17220329420421593,0.14865337500000003,3.455463470496966,0.9057655331200002,0.0,0.9696969696969697,0.0,0.1,0.0,0.1,0.0,0.08,0.08187134502923976,0.5,0.25
86,0.935806829427278,0.4755541619589393,0.931272936019275,0.4753630176187217,0.24899929058488912,0.4762252579598779,0.8621700879765396,0.37973778955485993,0.3918507876066405,0.08504398826979472,0.84,0.37723888414952883,0.3905222938695634,0.08285714285714285,0.08504398826979472,0.10857142857142857,0.025714285714285714,2.0714285714285716,0.04398826979472141,0.002857142857142857,0.03207760430676902,0.1319663491490371,10.457478005865102,0.0,0.0,0.15,0.07917888563049853,0,0.17211213701890915,0.14791010812500002,3.4949256296584554,0.8876502224576002,0.0,1.0,0.0,0.1,0.0,0.1,0.0,0.08,0.08771929824561403,0.5,0.25
87,0.9371645688307316,0.47556259686420016,0.9320630461504372,0.47548565579661384,0.24899929058488912,0.4766927383534528,0.8058823529411765,0.3795340403705166,0.39209297231359364,0.08529411764705883,0.7828571428571428,0.3776960270066717,0.39086515101242053,0.08285714285714285,0.11176470588235295,0.14,0.02857142857142857,2.1514285714285712,0.04411764705882353,0.002857142857142857,0.032099599802891635,0.1319663491490371,10.447058823529412,0.0,0.0,0.15,0.07941176470588235,0,0.17304872916954675,0.15,3.5650271170652856,0.9261713440000008,0.0,0.9591836734693877,0.0,0.1,0.0,0.1,0.0,0.08,0.11436950146627566,0.5,0.25
88,0.9392242256378084,0.475402466535658,0.9340638556201686,0.4754306210719102,0.24899929058488912,0.477190277295786,0.8117647058823529,0.3798281580175754,0.39257826643124066,0.08529411764705883,0.7885714285714286,0.377981741292386,0.3913365795838491,0.08285714285714285,0.11764705882352941,0.12285714285714286,0.02857142857142857,2.2114285714285713,0.05,0.0,0.03210301575729947,0.1319663491490371,10.447058823529412,0.0,0.0,0.15,0.07941176470588235,0,0.17338206052012758,0.149325,3.6165837175811233,0.9450728000000008,0.0,0.9767441860465116,0.0,0.1,0.0,0.1,0.0,0.08,0.11764705882352941,0.5,0.25
89,0.9395473297011299,0.47564686407128376,0.9343777281388238,0.47589984382511474,0.24899929058488912,0.4775132080430983,0.8117647058823529,0.3798281580175754,0.39261665207433777,0.08529411764705883,0.7885714285714286,0.377981741292386,0.3913738684942863,0.08285714285714285,0.10882352941176471,0.13142857142857142,0.02857142857142857,2.282857142857143,0.052941176470588235,0.0,0.03210301575729947,0.1319663491490371,10.447058823529412,0.0,0.0,0.15,0.07941176470588235,0,0.17334286521752693,0.148578375,3.675680614658072,0.9261713440000008,0.0,1.0,0.0,0.1,0.0,0.1,0.0,0.08,0.10882352941176471,0.5,0.25
90,0.9417088689753181,0.4762465814467397,0.9364775091480354,0.4765060493738559,0.24899929058488912,0.47792307729891714,0.8411764705882353,0.38006345213522247,0.39279312266257305,0.08529411764705883,0.8171428571428572,0.37821031272095734,0.39154529706571484,0.08285714285714285,0.10588235294117647,0.12285714285714286,0.02857142857142857,2.3485714285714288,0.05,0.0,0.03210301575729947,0.1319663491490371,10.447058823529412,0.0,0.0,0.15,0.07941176470588235,0,0.1737032973164393,0.14865337500000003,3.7250241452220534,0.9411919999999999,0.0,0.9767441860465116,0.0,0.1,0.0,0.1,0.0,0.08,0.10588235294117647,0.5,0.25
91,0.9422425830642911,0.47641622503417475,0.9369959742630377,0.4766483014905626,0.24899929058488912,0.47815348671178365,0.8411764705882353,0.3802987462528695,0.3929695932508084,0.08529411764705883,0.8171428571428572,0.3784388841495289,0.39171672563714344,0.08285714285714285,0.08529411764705883,0.10571428571428572,0.02857142857142857,2.4085714285714284,0.05588235294117647,0.0,0.03210301575729947,0.1319663491490371,10.447058823529412,0.0,0.0,0.15,0.07941176470588235,0,0.17391992368699996,0.14791010812500002,3.756237948031898,0.9223681599999999,0.0,0.972972972972973,0.0,0.1,0.0,0.1,0.0,0.08,0.08529411764705883,0.5,0.25
92,0.9444745416163783,0.4760580040384644,0.9391641625707796,0.47615265537775947,0.24899929058488912,0.4781528207650126,0.8529411764705882,0.3802987462528695,0.3929695932508084,0.08529411764705883,0.8285714285714286,0.3784388841495289,0.39171672563714344,0.08285714285714285,0.1,0.11142857142857143,0.02857142857142857,2.4857142857142858,0.058823529411764705,0.0,0.03210301575729947,0.1319663491490371,10.447058823529412,0.0,0.0,0.15,0.07941176470588235,0,0.17373532406856496,0.14717055758437503,3.7925417604998315,0.9039207967999998,0.0,1.0,0.0,0.1,0.0,0.1,0.0,0.08,0.1,0.5,0.25
93,0.9449355985757147,0.4762938014311895,0.9396120464741349,0.4761998916651585,0.24899929058488912,0.4780590070086482,0.8264705882352941,0.3803575697822813,0.39301371089786713,0.08529411764705883,0.8028571428571428,0.37849602700667173,0.3917595827800006,0.08285714285714285,0.09705882352941177,0.12285714285714286,0.02857142857142857,2.5428571428571427,0.05588235294117647,0.0,0.03210301575729947,0.1319663491490371,10.447058823529412,0.0,0.0,0.15,0.07941176470588235,0,0.17417879458750785,0.14798510812500004,3.8395480681469776,0.8861466020806207,0.0,0.9767441860465116,0.0,0.1,0.0,0.1,0.0,0.08,0.09705882352941177,0.5,0.25
94,0.9456616443533,0.47705035417233815,0.9403173480866466,0.4769208625578144,0.24899929058488912,0.47809478953457346,0.7764705882352941,0.3803864219309961,0.3931019461919848,0.08529411764705883,0.7542857142857143,0.3785240548082804,0.3918452970657149,0.08285714285714285,0.08529411764705883,0.09714285714285714,0.02857142857142857,2.5885714285714285,0.05588235294117647,0.0,0.03210301575729947,0.1319663491490371,10.447058823529412,0.0,0.0,0.15,0.07941176470588235,0,0.1740213299002846,0.14724518258437505,3.859899963926895,0.8684236700390082,0.0,1.0,0.0,0.1,0.0,0.1,0.0,0.08,0.08529411764705883,0.5,0.25
95,0.947223424021758,0.47727816308711396,0.941732604323016,0.47722289249133154,0.24899929058488912,0.47832595609745265,0.8195266272189349,0.3815136569081626,0.3936939373154967,0.08579881656804733,0.7914285714285715,0.37863834052256606,0.3920080510191826,0.08285714285714285,0.10650887573964497,0.11714285714285715,0.03428571428571429,2.6857142857142855,0.05325443786982249,0.005714285714285714,0.03216613977046755,0.1319663491490371,10.325443786982248,0.0,0.0,0.15,0.07988165680473373,0,0.17443579539364032,0.15363147903556323,3.8998448217912145,0.8551288401562624,0.0,0.975609756097561,0.0,0.1,0.0,0.1,0.0,0.08,0.10882352941176471,0.5,0.25
96,0.9472696390571658,0.47754024480077506,0.941777234842924,0.47733748697417433,0.24899929058488912,0.47848888201637707,0.8076923076923077,0.38163200010342885,0.3937826947119464,0.08579881656804733,0.78,0.37875262623685185,0.392093765304897,0.08285714285714285,0.11242603550295859,0.12,0.03428571428571429,2.7514285714285713,0.05325443786982249,0.0,0.03222734056784368,0.1319663491490371,10.325443786982248,0.0,0.0,0.15,0.07988165680473373,0,0.1748474806845471,0.1548782135153854,3.9418479253553893,0.8523503933111518,0.0,0.9761904761904762,0.0,0.1,0.0,0.1,0.0,0.08,0.11242603550295859,0.5,0.25
97,0.9485613688530278,0.47695600062613525,0.9430246767600708,0.47679271510112714,0.24899929058488912,0.4786473686690113,0.8017751479289941,0.38180951489632825,0.3939158308066209,0.08579881656804733,0.7742857142857142,0.3789240548082804,0.3922223367334684,0.08285714285714285,0.10946745562130178,0.13714285714285715,0.03428571428571429,2.8285714285714287,0.05621301775147929,0.0,0.03222734056784368,0.1319663491490371,10.325443786982248,0.0,0.0,0.15,0.07988165680473373,0,0.1756012432811244,0.20913053903872697,4.000153823991139,0.8732379068813043,0.0,0.9583333333333334,0.0,0.1,0.0,0.1,0.0,0.08,0.10946745562130178,0.5,0.25
98,0.9503425464795558,0.476829430827123,0.9448820145479525,0.4766734641996001,0.24899929058488912,0.4788494731540896,0.857566765578635,0.38250803727047944,0.3944896230585289,0.08605341246290801,0.8257142857142857,0.3789240548082804,0.3922223367334684,0.08285714285714285,0.11275964391691394,0.12571428571428572,0.037142857142857144,2.9057142857142857,0.05637982195845697,0.002857142857142857,0.03226744425212888,0.1319663491490371,10.25519287833828,0.0,0.0,0.15,0.08011869436201781,0,0.17546552277900448,0.20808488634353334,4.045865033225602,0.8557731487436782,0.0,1.0,0.0,0.1,0.0,0.1,0.0,0.08,0.11242603550295859,0.5,0.25
99,0.9512323923488601,0.4774782237996879,0.945738808999254,0.4772576626652082,0.24899929058488912,0.47889441500022367,0.8427299703264095,0.38250803727047944,0.3944896230585289,0.08605341246290801,0.8114285714285714,0.3789240548082804,0.3922223367334684,0.08285714285714285,0.11275964391691394,0.12857142857142856,0.037142857142857144,2.9857142857142858,0.05934718100890208,0.0,0.032297443628714714,0.1319663491490371,10.25519287833828,0.0,0.0,0.15,0.08011869436201781,0,0.17538748087939515,0.20704446191181566,4.093519161132519,0.8386576857688046,0.0,1.0,0.0,0.1,0.0,0.1,0.0,0.08,0.11275964391691394,0.5,0.25
100,0.9529508555864945,0.47791599898252424,0.9473934436023475,0.47776327951805336,0.24899929058488912,0.47907791182765774,0.8249258160237388,0.38250803727047944,0.3944896230585289,0.08605341246290801,0.7942857142857143,0.3789240548082804,0.3922223367334684,0.08285714285714285,0.11572700296735905,0.13142857142857142,0.037142857142857144,3.0628571428571427,0.05934718100890208,0.0,0.032297443628714714,0.1319663491490371,10.25519287833828,0.0,0.0,0.15,0.08011869436201781,0,0.1753101149035696,0.2060092396022566,4.143077349338439,0.8218845320534285,0.0,1.0,0.0,0.1,0.0,0.1,0.0,0.08,0.11572700296735905,0.5,0.25
101,0.9531559475300625,0.4786126756230515,0.9475909178451546,0.47838699265710194,0.24899929058488912,0.4792525078474083,0.7804154302670623,0.3826267316324972,0.3945786438300422,0.08605341246290801,0.7514285714285714,0.379038340522566,0.3923080510191827,0.08285714285714285,0.10385756676557864,0.11142857142857143,0.037142857142857144,3.145714285714286,0.06231454005934718,0.0,0.032297443628714714,0.1319663491490371,10.25519287833828,0.0,0.0,0.15,0.08011869436201781,0,0.1755472793290518,0.2049791934042453,4.171644373780242,0.8481739338960625,0.0,0.9743589743589743,0.0,0.1,0.0,0.1,0.0,0.08,0.10385756676557864,0.5,0.25
102,0.9543761371361009,0.478222692095086,0.9484992500009061,0.47810492245151986,0.24899929058488912,0.47942685850925315,0.7946428571428571,0.3837140865218385,0.3957144235345652,0.08630952380952381,0.7628571428571429,0.3791526262368518,0.39239376530489695,0.08285714285714285,0.08928571428571429,0.1,0.04,3.222857142857143,0.0625,0.002857142857142857,0.0322861541507433,0.1319663491490371,10.25,0.0,0.0,0.15,0.08035714285714286,0,0.17564040007526366,0.20395429743722407,4.188211486304637,0.8389572240035359,0.0,0.9714285714285714,0.0,0.1,0.0,0.1,0.0,0.08,0.09198813056379822,0.5,0.25
103,0.9557316590422763,0.4777701646529118,0.9498005510308343,0.47774234097283963,0.24899929058488912,0.47955077347660274,0.7857142857142857,0.3838331341408862,0.39580370924885094,0.08630952380952381,0.7542857142857143,0.3792669119511375,0.39247947959061125,0.08285714285714285,0.10714285714285714,0.12,0.04,3.2857142857142856,0.0625,0.0,0.032296497799376815,0.1319663491490371,10.25,0.0,0.0,0.15,0.08035714285714286,0,0.1762173423606016,0.20293452595003794,4.224447256578545,0.8719185264983599,0.0,0.9761904761904762,0.0,0.1,0.0,0.1,0.0,0.08,0.10714285714285714,0.5,0.25
104,0.9561875829989125,0.47692838266625176,0.9502382380292049,0.47677296716042716,0.24899929058488912,0.4795715224392383,0.8095238095238095,0.3838331341408862,0.39580370924885094,0.08630952380952381,0.7771428571428571,0.3792669119511375,0.39247947959061125,0.08285714285714285,0.10416666666666667,0.11142857142857143,0.04,3.3685714285714288,0.06845238095238096,0.0,0.032296497799376815,0.1319663491490371,10.25,0.0,0.0,0.15,0.08035714285714286,0,0.17587911279165575,0.20191985332028775,4.251386882875545,0.8544801559683926,0.0,1.0,0.0,0.1,0.0,0.1,0.0,0.08,0.10416666666666667,0.5,0.25
105,0.9580215884609069,0.47711510109361926,0.9519988832727198,0.47694162561558057,0.24899929058488912,0.47927511160715985,0.7946428571428571,0.3838331341408862,0.39580370924885094,0.08630952380952381,0.7628571428571429,0.3792669119511375,0.39247947959061125,0.08285714285714285,0.12202380952380952,0.12857142857142856,0.04,3.462857142857143,0.06845238095238096,0.0,0.032296497799376815,0.1319663491490371,10.25,0.0,0.0,0.15,0.08035714285714286,0,0.1757694350812689,0.20091025405368632,4.294930573789462,0.8373905528490247,0.0,1.0,0.0,0.1,0.0,0.1,0.0,0.08,0.12202380952380952,0.5,0.25
106,0.9596286061154982,0.4769568490128477,0.9517325687507576,0.476624646849657,0.24899929058488912,0.47899786860746146,0.7701492537313432,0.38461658997644127,0.3963739127848563,0.08656716417910448,0.7371428571428571,0.3792669119511375,0.39247947959061125,0.08285714285714285,0.11641791044776119,0.13142857142857142,0.04285714285714286,3.525714285714286,0.06567164179104477,0.002857142857142857,0.03234951006342606,0.13196634914903713,10.191044776119403,0.0,0.0,0.15,0.08059701492537313,0,0.17571773219157685,0.1999057027834179,4.340460533742244,0.8206427417920442,0.0,1.0,0.0,0.1,0.0,0.1,0.0,0.08,0.11904761904761904,0.5,0.25
107,0.9602711155786762,0.47708618707465517,0.9520607901876785,0.4768323412465486,0.24899929058488912,0.4788198820854701,0.811377245508982,0.38426062990173077,0.3958431031055623,0.08682634730538923,0.7742857142857142,0.3792669119511375,0.39247947959061125,0.08285714285714285,0.10778443113772455,0.13714285714285715,0.045714285714285714,3.6028571428571428,0.06287425149700598,0.002857142857142857,0.03247706236065976,0.13196634914903713,10.047904191616766,0.0,0.0,0.15,0.08083832335329341,0,0.17569528710204751,0.1989061742695008,4.390794180210256,0.8042298869562033,0.0,1.0,0.0,0.1,0.0,0.1,0.0,0.08,0.11044776119402985,0.5,0.25
108,0.9599735143961937,0.47698624885631613,0.9517767936306814,0.4766566037462886,0.24899929058488912,0.47879514548286595,0.7934131736526946,0.38438039038077265,0.39593292346484377,0.08682634730538923,0.7571428571428571,0.3793811976654233,0.39256519387632555,0.08285714285714285,0.08083832335329341,0.11142857142857143,0.045714285714285714,3.6742857142857144,0.0688622754491018,0.0,0.03247706236065976,0.13196634914903713,10.047904191616766,0.0,0.0,0.15,0.08083832335329341,0,0.1760421212561974,0.21963247948154946,4.4144068680346225,0.8239146940265011,0.0,0.9743589743589743,0.0,0.1,0.0,0.1,0.0,0.08,0.08083832335329341,0.5,0.25
109,0.9580622197254727,0.4766808278628145,0.949952872430622,0.47632731818623497,0.24899929058488912,0.4788603670263213,0.8023952095808383,0.38438039038077265,0.39593292346484377,0.08682634730538923,0.7657142857142857,0.3793811976654233,0.39256519387632555,0.08285714285714285,0.11676646706586827,0.1457142857142857,0.045714285714285714,3.7742857142857145,0.0748502994011976,0.0,0.03247706236065976,0.13196634914903713,10.047904191616766,0.0,0.0,0.15,0.08083832335329341,0,0.1760181963642021,0.2185343170841417,4.471833016388215,0.8074364001459711,0.0,1.0,0.0,0.1,0.0,0.1,0.0,0.08,0.11676646706586827,0.5,0.25
110,0.9606306788064484,0.47709764366404844,0.9524039162393244,0.47676439956283634,0.24899929058488912,0.47869785329411213,0.7724550898203593,0.38438039038077265,0.39593292346484377,0.08682634730538923,0.7371428571428571,0.3793811976654233,0.39256519387632555,0.08285714285714285,0.1317365269461078,0.1457142857142857,0.045714285714285714,3.86,0.0748502994011976,0.0,0.03247706236065976,0.13196634914903713,10.047904191616766,0.0,0.0,0.15,0.08083832335329341,0,0.17596596323952396,0.217441645498721,4.528110641774738,0.7912876721430516,0.0,1.0,0.0,0.1,0.0,0.1,0.0,0.08,0.1317365269461078,0.5,0.25
111,0.9612619416026669,0.47817756827174085,0.9530063213077155,0.47768459922897866,0.24899929058488912,0.47865959755872084,0.8203592814371258,0.38438039038077265,0.39593292346484377,0.08682634730538923,0.7828571428571428,0.3793811976654233,0.39256519387632555,0.08285714285714285,0.09880239520958084,0.11428571428571428,0.045714285714285714,3.9171428571428573,0.0718562874251497,0.0,0.03247706236065976,0.13196634914903713,10.047904191616766,0.0,0.0,0.15,0.08083832335329341,0,0.17574313342332634,0.21635443727122738,4.551834143224957,0.7754619187001905,0.0,1.0,0.0,0.1,0.0,0.1,0.0,0.08,0.09880239520958084,0.5,0.25
112,0.9614983784538441,0.4783282794528216,0.9530662714242648,0.4778275156820423,0.24899929058488912,0.47863701081584986,0.8078078078078078,0.38434036094497653,0.39618080984314935,0.08708708708708708,0.7685714285714286,0.37949548337970895,0.39265090816203985,0.08285714285714285,0.1021021021021021,0.12285714285714286,0.04857142857142857,3.9971428571428573,0.06906906906906907,0.002857142857142857,0.03247733256742803,0.1319663491490371,10.03003003003003,0.0,0.0,0.15,0.08108108108108109,0,0.17612056132763826,0.22460185322754309,4.5836546032176,0.8023654963635712,0.0,0.9767441860465116,0.0,0.1,0.0,0.1,0.0,0.08,0.10479041916167664,0.5,0.25
113,0.9647744334289778,0.4783818097063614,0.9543541789024027,0.4779759301546764,0.24899929058488912,0.47855926896116,0.8338368580060423,0.38489320067803123,0.3950749585396838,0.08761329305135952,0.7885714285714286,0.37949548337970895,0.39265090816203985,0.08285714285714285,0.07854984894259819,0.10857142857142857,0.054285714285714284,4.037142857142857,0.06646525679758308,0.005714285714285714,0.032674443214315826,0.1319663491490371,9.70392749244713,0.0,0.0,0.15,0.08157099697885196,0,0.17589667280671437,0.22347884396140538,4.600552939724677,0.7863181864362998,0.0,1.0,0.0,0.1,0.0,0.1,0.0,0.08,0.08408408408408409,0.5,0.25
114,0.9654894163084894,0.47689056836284643,0.955066175111476,0.47652589435677944,0.24899929058488912,0.4783666611378327,0.8242424242424242,0.38547088436473764,0.39490422777409384,0.08787878787878788,0.7771428571428571,0.37949548337970895,0.39265090816203985,0.08285714285714285,0.10303030303030303,0.11714285714285715,0.05714285714285714,4.08,0.06363636363636363,0.002857142857142857,0.032828621419611785,0.1319663491490371,9.636363636363637,0.0,0.0,0.15,0.07878787878787878,0,0.1757309037283951,0.22236144974159835,4.625684738073041,0.7705918227075738,0.0,1.0,0.0,0.1,0.0,0.1,0.0,0.08,0.10574018126888217,0.5,0.25
115,0.9659301400240118,0.4757759134027398,0.9554817146146827,0.4752883404669826,0.24899929058488912,0.4781785666155484,0.806060606060606,0.3855920964859498,0.39499513686500304,0.08787878787878788,0.76,0.37960976909399463,0.39273662244775415,0.08285714285714285,0.12121212121212122,0.13714285714285715,0.05714285714285714,4.145714285714286,0.06666666666666667,0.0,0.03283385270339592,0.1319663491490371,9.636363636363637,0.0,0.0,0.15,0.07878787878787878,0,0.1761366806347531,0.22124964249289036,4.670313900454437,0.7705918227075738,0.0,0.9791666666666666,0.0,0.1,0.0,0.1,0.0,0.08,0.12121212121212122,0.5,0.25
116,0.9666880032406732,0.47602781305704134,0.9554119787203038,0.4756849835843936,0.24899929058488912,0.47802065305569535,0.8353658536585366,0.38623166340534126,0.39541331441207983,0.08841463414634146,0.7828571428571428,0.37960976909399463,0.39273662244775415,0.08285714285714285,0.11280487804878049,0.12857142857142856,0.06285714285714286,4.214285714285714,0.06097560975609756,0.005714285714285714,0.03283307828279951,0.1319663491490371,9.597560975609756,0.0,0.0,0.15,0.07926829268292683,0,0.1759978572280079,0.2201433942804259,4.705479051016776,0.7551799862534223,0.0,1.0,0.0,0.1,0.0,0.1,0.0,0.08,0.11515151515151516,0.5,0.25
117,0.966778042251275,0.47580829633207705,0.9554963581359533,0.47539387718170173,0.24899929058488912,0.477719175114125,0.7896341463414634,0.38623166340534126,0.39541331441207983,0.08841463414634146,0.74,0.37960976909399463,0.39273662244775415,0.08285714285714285,0.11280487804878049,0.12857142857142856,0.06285714285714286,4.288571428571428,0.06097560975609756,0.0,0.03286459011055498,0.1319663491490371,9.597560975609756,0.0,0.0,0.15,0.07926829268292683,0,0.175831725084725,0.21904267730902377,4.73994089856787,0.7400763865283538,0.0,1.0,0.0,0.1,0.0,0.1,0.0,0.08,0.11280487804878049,0.5,0.25
118,0.9667523494570135,0.47651097559542854,0.9554722803173313,0.4760347010749004,0.24899929058488912,0.47747169242624826,0.7926829268292683,0.38635361462485357,0.39550477782671395,0.08841463414634146,0.7428571428571429,0.37972405480828036,0.3928223367334684,0.08285714285714285,0.11890243902439024,0.12857142857142856,0.06285714285714286,4.348571428571429,0.06097560975609756,0.0,0.03286459011055498,0.1319663491490371,9.597560975609756,0.0,0.0,0.15,0.07926829268292683,0,0.1760948528878728,0.21794746392247863,4.773713509167941,0.7588313923808678,0.0,0.9777777777777777,0.0,0.1,0.0,0.1,0.0,0.08,0.11890243902439024,0.5,0.25
119,0.9668704510555162,0.4778279328671596,0.9552705615644943,0.47726483431478023,0.24899929058488912,0.47723393175115236,0.8098159509202454,0.38742572364219097,0.3958144984397652,0.08895705521472393,0.7542857142857143,0.3798383405225661,0.3929080510191827,0.08285714285714285,0.10122699386503067,0.10857142857142857,0.06857142857142857,4.394285714285714,0.05521472392638037,0.005714285714285714,0.033006144535061226,0.13196634914903713,9.233128834355828,0.0,0.0,0.15,0.07975460122699386,0,0.1762989514805763,0.21685772660286623,4.7868106675560105,0.9226915874272635,0.0,0.9736842105263158,0.0,0.1,0.0,0.1,0.0,0.08,0.10060975609756098,0.5,0.25
120,0.9692192755774889,0.4775969970243534,0.9574583238335316,0.4770304313162323,0.24899929058488912,0.476895778266266,0.8404907975460123,0.38742572364219097,0.3958144984397652,0.08895705521472393,0.7828571428571428,0.3798383405225661,0.3929080510191827,0.08285714285714285,0.12269938650306748,0.14,0.06857142857142857,4.457142857142857,0.05521472392638037,0.0,0.03310086062341382,0.13196634914903713,9.233128834355828,0.0,0.0,0.15,0.07975460122699386,0,0.17624488529460197,0.2157734379698519,4.831074454204891,0.9042377556787181,0.0,1.0,0.0,0.1,0.0,0.1,0.0,0.08,0.12269938650306748,0.5,0.25
121,0.9689457535229219,0.47777178896889955,0.957203557576992,0.4771418489611657,0.24899929058488912,0.47671614628600156,0.8190184049079755,0.3874870733354425,0.39586051070970385,0.08895705521472393,0.7628571428571429,0.3798954833797089,0.3929509081620398,0.08285714285714285,0.10429447852760736,0.10857142857142857,0.06857142857142857,4.5285714285714285,0.05521472392638037,0.0,0.03310086062341382,0.13196634914903713,9.233128834355828,0.0,0.0,0.15,0.07975460122699386,0,0.17644880372527183,0.21469457078000262,4.843024393692221,0.8890771082115176,0.0,0.9736842105263158,0.0,0.1,0.0,0.1,0.0,0.08,0.10429447852760736,0.5,0.25
122,0.9671651076390824,0.47696483758300656,0.9554064036518072,0.47636381694844,0.24899929058488912,0.476572128633895,0.8148148148148148,0.3880977977158734,0.39556269063220295,0.08950617283950617,0.7542857142857143,0.3800097690939946,0.3930366224477541,0.08285714285714285,0.09567901234567901,0.11142857142857143,0.07428571428571429,4.6,0.046296296296296294,0.005714285714285714,0.0332901947557516,0.1319663491490371,8.975308641975309,0.0,0.0,0.15,0.08024691358024691,0,0.17679370541735978,0.21362109792610262,4.857592477246947,0.8774230992503528,0.0,0.9743589743589743,0.0,0.1,0.0,0.1,0.0,0.08,0.0950920245398773,0.5,0.25
123,0.9680389437770874,0.47676911792163496,0.9562153262481317,0.47615649400742377,0.24899929058488912,0.47638713492931395,0.8240740740740741,0.3880977977158734,0.39556269063220295,0.08950617283950617,0.7628571428571429,0.3800097690939946,0.3930366224477541,0.08285714285714285,0.1111111111111111,0.12285714285714286,0.07428571428571429,4.645714285714286,0.05555555555555555,0.0,0.033353192921136,0.1319663491490371,8.975308641975309,0.0,0.0,0.15,0.08024691358024691,0,0.17665173760455868,0.2125529924364721,4.883297770559151,0.8598746372653457,0.0,1.0,0.0,0.1,0.0,0.1,0.0,0.08,0.1111111111111111,0.5,0.25
124,0.969244837376926,0.47604853530780644,0.9573316391805538,0.4754851368865403,0.24899929058488912,0.47633844901645295,0.8333333333333334,0.3880977977158734,0.39556269063220295,0.08950617283950617,0.7714285714285715,0.3800097690939946,0.3930366224477541,0.08285714285714285,0.10185185185185185,0.10285714285714286,0.07428571428571429,4.711428571428572,0.05246913580246913,0.0,0.033353192921136,0.1319663491490371,8.975308641975309,0.0,0.0,0.15,0.08024691358024691,0,0.17645276748439304,0.21149022747428972,4.888488958005111,0.8426771445200388,0.0,1.0,0.0,0.1,0.0,0.1,0.0,0.08,0.10185185185185185,0.5,0.25
125,0.9702522488665734,0.47538605504732134,0.9582642143881129,0.47485919662626414,0.24899929058488912,0.4760850697314394,0.8302469135802469,0.3880977977158734,0.39556269063220295,0.08950617283950617,0.7685714285714286,0.3800097690939946,0.3930366224477541,0.08285714285714285,0.08333333333333333,0.09142857142857143,0.07428571428571429,4.7628571428571425,0.05246913580246913,0.0,0.033353192921136,0.1319663491490371,8.975308641975309,0.0,0.0,0.15,0.08024691358024691,0,0.17622664650411393,0.2104327763369183,4.88214775027358,0.825823601629638,0.0,1.0,0.0,0.1,0.0,0.1,0.0,0.08,0.08333333333333333,0.5,0.25
126,0.9699692341965164,0.475517508875688,0.9580022236649746,0.47508304680701147,0.24899929058488912,0.4757454609150036,0.8333333333333334,0.3881595261109351,0.3956089869284992,0.08950617283950617,0.7714285714285715,0.3800669119511375,0.3930794795906113,0.08285714285714285,0.1111111111111111,0.11428571428571428,0.07428571428571429,4.82,0.05555555555555555,0.0,0.033353192921136,0.1319663491490371,8.975308641975309,0.0,0.0,0.15,0.08024691358024691,0,0.17648737112873622,0.20938061245523368,4.898790509553823,0.8524992736482793,0.0,0.975,0.0,0.1,0.0,0.1,0.0,0.08,0.1111111111111111,0.5,0.25
127,0.9700990194039659,0.4761817648331365,0.9576717557925165,0.4755138851874885,0.24899929058488912,0.475315135487693,0.8235294117647058,0.3884477626800305,0.39663832319014186,0.08978328173374613,0.76,0.38018119766542324,0.3931651938763256,0.08285714285714285,0.10526315789473684,0.11428571428571428,0.07714285714285714,4.871428571428571,0.05572755417956656,0.002857142857142857,0.03339820776408638,0.1319663491490371,8.91640866873065,0.0,0.0,0.15,0.0804953560371517,0,0.17688865284094968,0.2083337093929575,4.915100413648461,0.8538250040368255,0.0,0.975,0.0,0.1,0.0,0.1,0.0,0.08,0.10802469135802469,0.5,0.25
128,0.9691710120608786,0.47603495755448927,0.9568153375873245,0.47536598683039555,0.24899929058488912,0.47503482602928404,0.8204334365325078,0.38857160168931837,0.39673120244710786,0.08978328173374613,0.7571428571428571,0.380295483379709,0.3932509081620398,0.08285714285714285,0.12693498452012383,0.13714285714285715,0.07714285714285714,4.951428571428571,0.05572755417956656,0.0,0.0334293438372949,0.1319663491490371,8.91640866873065,0.0,0.0,0.15,0.0804953560371517,0,0.17734492956960207,0.21401544284329801,4.953941262518349,0.8641922156752543,0.0,0.9791666666666666,0.0,0.1,0.0,0.1,0.0,0.08,0.12693498452012383,0.5,0.25
129,0.9703149135052906,0.4756036381922282,0.9578709952060246,0.4748208415904147,0.24899929058488912,0.4745710979821958,0.8297213622291022,0.3886335211939624,0.3967776420755908,0.08978328173374613,0.7657142857142857,0.38035262623685184,0.3932937653048969,0.08285714285714285,0.10835913312693499,0.11714285714285715,0.07714285714285714,4.982857142857143,0.05572755417956656,0.0,0.0334293438372949,0.1319663491490371,8.91640866873065,0.0,0.0,0.15,0.0804953560371517,0,0.17748649063603977,0.21294536562908153,4.972005294410839,0.8524992736482793,0.0,0.975609756097561,0.0,0.1,0.0,0.1,0.0,0.08,0.10835913312693499,0.5,0.25
130,0.9684625310711987,0.47608104901868176,0.9561615108454198,0.4752369121415677,0.24899929058488912,0.4739861532167768,0.8111455108359134,0.38875736020325036,0.3968705213325567,0.08978328173374613,0.7485714285714286,0.38046691195113747,0.39337947959061126,0.08285714285714285,0.1021671826625387,0.10857142857142857,0.07714285714285714,5.045714285714285,0.05572755417956656,0.0,0.0334293438372949,0.1319663491490371,8.91640866873065,0.0,0.0,0.15,0.0804953560371517,0,0.17776962961143103,0.2118806388009361,4.98113661709405,0.853153282658002,0.0,0.9736842105263158,0.0,0.1,0.0,0.1,0.0,0.08,0.1021671826625387,0.5,0.25
131,0.9690204463303094,0.47551220576823705,0.9566763869273989,0.4746940815570258,0.24899929058488912,0.4734741413469325,0.8018575851393189,0.38875736020325036,0.3968705213325567,0.08978328173374613,0.74,0.38046691195113747,0.39337947959061126,0.08285714285714285,0.11455108359133127,0.12571428571428572,0.07714285714285714,5.1,0.05572755417956656,0.0,0.0334293438372949,0.1319663491490371,8.91640866873065,0.0,0.0,0.15,0.0804953560371517,0,0.17767935574551671,0.21082123560693145,5.007228170466455,0.836090217004842,0.0,1.0,0.0,0.1,0.0,0.1,0.0,0.08,0.11455108359133127,0.5,0.25
132,0.9687955979958474,0.47685093897428077,0.9564968181670825,0.47543649535951577,0.24899929058488912,0.47290466857088365,0.8229813664596274,0.3893087318656404,0.39795434228012083,0.09006211180124224,0.7571428571428571,0.380638340522566,0.3935080510191826,0.08285714285714285,0.12111801242236025,0.12285714285714286,0.08,5.171428571428572,0.052795031055900624,0.002857142857142857,0.03343553337889693,0.1319663491490371,8.894409937888199,0.0,0.0,0.15,0.08074534161490683,0,0.17836153110964625,0.20976712942889678,5.029940749914268,0.9076479171200007,0.0,0.9534883720930233,0.0,0.1,0.0,0.1,0.0,0.08,0.12074303405572756,0.5,0.25
133,0.9701242229622302,0.4773279569409107,0.9577191531361547,0.4757978712349497,0.24899929058488912,0.47239654058247676,0.8074534161490683,0.3893087318656404,0.39795434228012083,0.09006211180124224,0.7428571428571429,0.380638340522566,0.3935080510191826,0.08285714285714285,0.08695652173913043,0.09142857142857143,0.08,5.2057142857142855,0.059006211180124224,0.0,0.03344439611991338,0.1319663491490371,8.894409937888199,0.0,0.0,0.15,0.08074534161490683,0,0.17806900988266947,0.2087182937817523,5.0207705063445545,0.8894949587776007,0.0,1.0,0.0,0.1,0.0,0.1,0.0,0.08,0.08695652173913043,0.5,0.25
134,0.9711364873317859,0.4764854948607308,0.9585459089536331,0.47497894843419364,0.24899929058488912,0.47193231881157677,0.8068535825545171,0.38997533841655724,0.3983596346222033,0.09034267912772585,0.74,0.380638340522566,0.3935080510191826,0.08285714285714285,0.11838006230529595,0.13142857142857142,0.08285714285714285,5.28,0.059190031152647975,0.002857142857142857,0.03343590212213413,0.1319663491490371,8.890965732087228,0.0,0.0,0.15,0.08099688473520249,0,0.17814809554754182,0.20767470231284352,5.051783667646235,0.8717050596020486,0.0,1.0,0.0,0.1,0.0,0.1,0.0,0.08,0.12111801242236025,0.5,0.25
135,0.9705090910314074,0.47684661032656106,0.957970496918143,0.4753197292068015,0.24899929058488912,0.4714669227180436,0.794392523364486,0.38997533841655724,0.3983596346222033,0.09034267912772585,0.7285714285714285,0.380638340522566,0.3935080510191826,0.08285714285714285,0.09657320872274143,0.10857142857142857,0.08285714285714285,5.337142857142857,0.06230529595015576,0.0,0.033455568695083766,0.1319663491490371,8.890965732087228,0.0,0.0,0.15,0.08099688473520249,0,0.17834235578408986,0.2066363288012793,5.059319422864738,0.8542709584100077,0.0,0.9736842105263158,0.0,0.1,0.0,0.1,0.0,0.08,0.09657320872274143,0.5,0.25
136,0.9725128745934116,0.477039384005808,0.9592045998159981,0.4757187579576583,0.24899929058488912,0.47125725110980676,0.8526645768025078,0.3907373143132655,0.399811254031073,0.09090909090909091,0.7771428571428571,0.3808097690939946,0.39363662244775405,0.08285714285714285,0.11285266457680251,0.12285714285714286,0.08857142857142856,5.405714285714286,0.05642633228840126,0.005714285714285714,0.03352020207433831,0.13196634914903713,8.783699059561128,0.0,0.0,0.15,0.08150470219435736,0,0.17907850114802654,0.2056031471572729,5.080990177264586,0.8894949587776007,0.0,0.9534883720930233,0.0,0.1,0.0,0.1,0.0,0.08,0.11838006230529595,0.5,0.25
137,0.972846373741127,0.47727717005652764,0.9595085604677732,0.4760399610861359,0.24899929058488912,0.47116032220830495,0.8463949843260188,0.3907373143132655,0.399811254031073,0.09090909090909091,0.7714285714285715,0.3808097690939946,0.39363662244775405,0.08285714285714285,0.09090909090909091,0.09428571428571429,0.08857142857142856,5.457142857142857,0.05642633228840126,0.0,0.03357518517911276,0.13196634914903713,8.783699059561128,0.0,0.0,0.15,0.08150470219435736,0,0.1788678243565721,0.20457513142148653,5.073656088005009,0.8717050596020486,0.0,1.0,0.0,0.1,0.0,0.1,0.0,0.08,0.09090909090909091,0.5,0.25
138,0.9728090246519145,0.4770817791324111,0.9594745194407482,0.47575033969841823,0.24899929058488912,0.47099977366684614,0.8526645768025078,0.39086270616279534,0.3999052979182203,0.09090909090909091,0.7771428571428571,0.3809240548082804,0.3937223367334684,0.08285714285714285,0.10658307210031348,0.10857142857142857,0.08857142857142856,5.505714285714285,0.05642633228840126,0.0,0.03357518517911276,0.13196634914903713,8.783699059561128,0.0,0.0,0.15,0.08150470219435736,0,0.17917234309193208,0.2035522557643791,5.080754394816337,0.8858423808639998,0.0,0.9736842105263158,0.0,0.1,0.0,0.1,0.0,0.08,0.10658307210031348,0.5,0.25
139,0.9731104501517707,0.47662903711803345,0.9597492472534743,0.4754492626963768,0.24899929058488912,0.47089272763906037,0.8401253918495298,0.3909880980123251,0.39999934180536767,0.09090909090909091,0.7657142857142857,0.3810383405225661,0.3938080510191826,0.08285714285714285,0.11285266457680251,0.11428571428571428,0.08857142857142856,5.554285714285714,0.05642633228840126,0.0,0.03357518517911276,0.13196634914903713,8.783699059561128,0.0,0.0,0.15,0.08150470219435736,0,0.1794186242336153,0.2224293016018225,5.093425021205725,0.8681255332467198,0.0,0.975,0.0,0.1,0.0,0.1,0.0,0.08,0.11285266457680251,0.5,0.25
140,0.9734738653146766,0.4770396186158634,0.9600804742162369,0.47575984293245355,0.24899929058488912,0.47088247820492646,0.8495297805642633,0.39105079393708997,0.4000463637489413,0.09090909090909091,0.7742857142857142,0.38109548337970894,0.3938509081620398,0.08285714285714285,0.11912225705329153,0.12,0.08857142857142856,5.634285714285714,0.05642633228840126,0.0,0.03357518517911276,0.13196634914903713,8.783699059561128,0.0,0.0,0.15,0.08150470219435736,0,0.17972024825173294,0.2213171550938134,5.11155652078161,0.857459193994181,0.0,0.9761904761904762,0.0,0.1,0.0,0.1,0.0,0.08,0.11912225705329153,0.5,0.25
141,0.9774462114295653,0.47645515131517324,0.9609134941146836,0.4749972922877755,0.24899929058488912,0.47081066821696904,0.8176100628930818,0.3922236940751728,0.3995565587146441,0.09119496855345911,0.7428571428571429,0.3812097690939947,0.39393662244775407,0.08285714285714285,0.09433962264150944,0.1,0.09142857142857143,5.7,0.05345911949685535,0.002857142857142857,0.03363172825538654,0.13196634914903713,8.685534591194969,0.0,0.0,0.15,0.08176100628930817,0,0.17987793415333142,0.22617006675868734,5.109325390365979,0.8998252974544506,0.0,0.9714285714285714,0.0,0.1,0.0,0.1,0.0,0.08,0.09717868338557993,0.5,0.25
142,0.9776768212098657,0.47540203879343207,0.961123019572214,0.4738191283695027,0.24899929058488912,0.47068561858654845,0.8081761006289309,0.39241237332045587,0.3996980681486063,0.09119496855345911,0.7342857142857143,0.3813811976654232,0.39406519387632555,0.08285714285714285,0.11949685534591195,0.13428571428571429,0.09142857142857143,5.76,0.05660377358490566,0.0,0.033672490890775245,0.13196634914903713,8.685534591194969,0.0,0.0,0.15,0.07861635220125786,0,0.1808052609111362,0.2250392164248939,5.141424596844373,0.9261713440000008,0.0,0.9574468085106383,0.0,0.1,0.0,0.1,0.0,0.08,0.11949685534591195,0.5,0.25
143,0.9771519023570768,0.4760030877145013,0.9604660707883,0.4738220270542806,0.24899929058488912,0.4705256186166792,0.8643533123028391,0.3929491202225088,0.4005144657974643,0.0914826498422713,0.7828571428571428,0.3815526262368518,0.39419376530489697,0.08285714285714285,0.10410094637223975,0.10285714285714286,0.09428571428571429,5.837142857142857,0.056782334384858045,0.002857142857142857,0.033783509369624085,0.13196634914903713,8.548895899053628,0.0,0.0,0.15,0.07886435331230283,0,0.18138652103515193,0.2264765404484933,5.141453247764629,0.98,0.0,0.9444444444444444,0.0,0.1,0.0,0.1,0.0,0.08,0.10377358490566038,0.5,0.25
144,0.9782504752505262,0.47516661718956854,0.9614610639517958,0.47300146172566104,0.24899929058488912,0.47036175157871785,0.8485804416403786,0.3929491202225088,0.4005144657974643,0.0914826498422713,0.7685714285714286,0.3815526262368518,0.39419376530489697,0.08285714285714285,0.11041009463722397,0.12,0.09428571428571429,5.897142857142857,0.056782334384858045,0.0,0.0337914630703099,0.13196634914903713,8.548895899053628,0.0,0.0,0.15,0.07886435331230283,0,0.18122173128711905,0.22534415774625083,5.158624182809335,0.9603999999999999,0.0,1.0,0.0,0.1,0.0,0.1,0.0,0.08,0.11041009463722397,0.5,0.25
145,0.9789206974387565,0.4748417877820275,0.9619976850543912,0.4731224204082288,0.24899929058488912,0.4700433353647975,0.8417721518987342,0.39366012638475195,0.4006698676613619,0.09177215189873418,0.76,0.3815526262368518,0.39419376530489697,0.08285714285714285,0.0981012658227848,0.10571428571428572,0.09714285714285714,5.962857142857143,0.056962025316455694,0.002857142857142857,0.03384512365853833,0.1319663491490371,8.5,0.0,0.0,0.15,0.07911392405063292,0,0.18094390834496915,0.22421743695751958,5.161165984867433,0.9411919999999999,0.0,1.0,0.0,0.1,0.0,0.1,0.0,0.08,0.10094637223974763,0.5,0.25
146,0.976994279423875,0.47499258552547957,0.9602584047895267,0.47307456576054685,0.24899929058488912,0.4697203713000482,0.8132911392405063,0.39378670866323295,0.40076480437022266,0.09177215189873418,0.7342857142857143,0.3816669119511375,0.39427947959061127,0.08285714285714285,0.08227848101265822,0.09714285714285714,0.09714285714285714,6.025714285714286,0.056962025316455694,0.0,0.03386230916142486,0.1319663491490371,8.5,0.0,0.0,0.15,0.07911392405063292,0,0.18106718951753,0.223096349772732,5.155085522312942,0.9223681599999999,0.0,0.9705882352941176,0.0,0.1,0.0,0.1,0.0,0.08,0.08227848101265822,0.5,0.25
147,0.9758882865582795,0.47497073164266024,0.9592598512308749,0.47314329871483046,0.24899929058488912,0.4694775933603961,0.8449367088607594,0.39378670866323295,0.40076480437022266,0.09177215189873418,0.7628571428571429,0.3816669119511375,0.39427947959061127,0.08285714285714285,0.11708860759493671,0.11714285714285715,0.09714285714285714,6.071428571428571,0.056962025316455694,0.0,0.03386230916142486,0.1319663491490371,8.5,0.0,0.0,0.15,0.07911392405063292,0,0.18098828642351378,0.22198086802386832,5.1691266690095405,0.9039207967999998,0.0,1.0,0.0,0.1,0.0,0.1,0.0,0.08,0.11708860759493671,0.5,0.25
148,0.9774363830269027,0.4743780020602702,0.9604731724159641,0.47241143882924747,0.24899929058488912,0.4692363600514242,0.8063492063492064,0.3947851840806743,0.40176975959436734,0.09206349206349207,0.7257142857142858,0.3817811976654232,0.3943651938763255,0.08285714285714285,0.09841269841269841,0.10857142857142857,0.1,6.145714285714286,0.05396825396825397,0.002857142857142857,0.033958279515045764,0.1319663491490371,8.374603174603175,0.0,0.0,0.15,0.07936507936507936,0,0.1812537742771105,0.23631566193853523,5.1743155642007785,0.8876502224576002,0.0,0.9736842105263158,0.0,0.1,0.0,0.1,0.0,0.08,0.10126582278481013,0.5,0.25
149,0.9761652081198529,0.47398019083228754,0.9592861785702649,0.47213910168277134,0.24899929058488912,0.4690161455095301,0.8248407643312102,0.3947624798292359,0.4017008137801367,0.09235668789808917,0.74,0.3817811976654232,0.3943651938763255,0.08285714285714285,0.08917197452229299,0.09714285714285714,0.10285714285714286,6.194285714285714,0.050955414012738856,0.002857142857142857,0.033994120372305044,0.1319663491490371,8.35031847133758,0.0,0.0,0.15,0.07961783439490445,0,0.1810323632628678,0.23513408362884256,5.16797211005962,0.8698972180084482,0.0,1.0,0.0,0.1,0.0,0.1,0.0,0.08,0.09206349206349207,0.5,0.25
150,0.977410300297442,0.4740620405565557,0.9604032041238735,0.4722502227350744,0.24899929058488912,0.468809629596331,0.8280254777070064,0.39508095116681546,0.4019396672833215,0.09235668789808917,0.7428571428571429,0.38206691195113746,0.39457947959061124,0.08285714285714285,0.09554140127388536,0.10857142857142857,0.10285714285714286,6.251428571428572,0.050955414012738856,0.0,0.03401631470395409,0.1319663491490371,8.35031847133758,0.0,0.0,0.15,0.07961783439490445,0,0.18215491644655346,0.23395841321069835,5.173184096429855,1.0,0.0,0.9210526315789473,0.0,0.1,0.0,0.1,0.0,0.08,0.09554140127388536,0.5,0.25
151,0.9768426615652334,0.4743227148619157,0.9598939510898347,0.47249686635424837,0.24899929058488912,0.4687484493438029,0.8598726114649682,0.3951446454343314,0.4019874379839584,0.09235668789808917,0.7714285714285715,0.3821240548082804,0.3946223367334684,0.08285714285714285,0.10509554140127389,0.1,0.10285714285714286,6.291428571428572,0.050955414012738856,0.0,0.03401631470395409,0.1319663491490371,8.35031847133758,0.0,0.0,0.15,0.07961783439490445,0,0.18241442900717786,0.2360616815559107,5.169720414501258,0.9873818253249048,0.0,0.9714285714285714,0.0,0.1,0.0,0.1,0.0,0.08,0.10509554140127389,0.5,0.25
152,0.9769752389747107,0.4741983259431325,0.9600128919657657,0.4722495855552854,0.24899929058488912,0.4686726148746643,0.8471337579617835,0.3951446454343314,0.4019874379839584,0.09235668789808917,0.76,0.3821240548082804,0.3946223367334684,0.08285714285714285,0.12101910828025478,0.12285714285714286,0.10285714285714286,6.362857142857143,0.050955414012738856,0.0,0.03401631470395409,0.1319663491490371,8.35031847133758,0.0,0.0,0.15,0.07961783439490445,0,0.1822732140049991,0.23488137314813115,5.189183149068376,0.9676341888184066,0.0,1.0,0.0,0.1,0.0,0.1,0.0,0.08,0.12101910828025478,0.5,0.25
153,0.977505920988456,0.4740357851231904,0.9598030789109865,0.4722258654269032,0.24899929058488912,0.4686964593298133,0.8370607028753994,0.39627035909757524,0.40298315943104923,0.0926517571884984,0.7485714285714286,0.3821240548082804,0.3946223367334684,0.08285714285714285,0.10543130990415335,0.10857142857142857,0.10571428571428572,6.411428571428571,0.05750798722044728,0.002857142857142857,0.034103830525764246,0.1319663491490371,8.15335463258786,0.0,0.0,0.15,0.07987220447284345,0,0.1820469915064027,0.2337069662823905,5.193970914658436,0.9482815050420385,0.0,1.0,0.0,0.1,0.0,0.1,0.0,0.08,0.10828025477707007,0.5,0.25
154,0.9772488829447653,0.4741090523216079,0.959573213460486,0.4725243344842946,0.24899929058488912,0.468668494044822,0.792332268370607,0.39652595015188835,0.4031748527217841,0.0926517571884984,0.7085714285714285,0.3823526262368518,0.39479376530489696,0.08285714285714285,0.09904153354632587,0.1,0.10571428571428572,6.465714285714285,0.05750798722044728,0.0,0.03418371825626397,0.1319663491490371,8.15335463258786,0.0,0.0,0.15,0.07987220447284345,0,0.18253647083458496,0.23253843145097852,5.190091496365269,0.9926607784707661,0.0,0.9428571428571428,0.0,0.1,0.0,0.1,0.0,0.08,0.09904153354632587,0.5,0.25
155,0.9784114713743663,0.47443189069614167,0.960612899684672,0.47287299447472275,0.24899929058488912,0.4687377817722429,0.8370607028753994,0.39652595015188835,0.4031748527217841,0.0926517571884984,0.7485714285714286,0.3823526262368518,0.39479376530489696,0.08285714285714285,0.07987220447284345,0.07428571428571429,0.10571428571428572,6.522857142857143,0.05750798722044728,0.0,0.03418371825626397,0.1319663491490371,8.15335463258786,0.0,0.0,0.15,0.07987220447284345,0,0.18219436062326919,0.23137573929372363,5.160575380723677,0.9728075629013506,0.0,1.0,0.0,0.1,0.0,0.1,0.0,0.08,0.07987220447284345,0.5,0.25
156,0.9787683033449716,0.4739998127018175,0.9607500424155715,0.47272995537614504,0.24899929058488912,0.46890590858014825,0.8269230769230769,0.397706055960854,0.40326540191981325,0.09294871794871795,0.7371428571428571,0.3823526262368518,0.39479376530489696,0.08285714285714285,0.10576923076923077,0.1,0.10857142857142857,6.602857142857143,0.057692307692307696,0.002857142857142857,0.03422971434578067,0.1319663491490371,8.08974358974359,0.0,0.0,0.15,0.08012820512820513,0,0.1821096788165814,0.23021886059725502,5.157363873109204,0.9533514116433236,0.0,1.0,0.0,0.1,0.0,0.1,0.0,0.08,0.10543130990415335,0.5,0.25
157,0.977770006025705,0.4740751147160614,0.9598601316623964,0.47298384990651665,0.24899929058488912,0.4691355111903182,0.8044871794871795,0.397706055960854,0.40326540191981325,0.09294871794871795,0.7171428571428572,0.3823526262368518,0.39479376530489696,0.08285714285714285,0.11217948717948718,0.10571428571428572,0.10857142857142857,6.668571428571428,0.060897435897435896,0.0,0.034256781917020036,0.1319663491490371,8.08974358974359,0.0,0.0,0.15,0.08012820512820513,0,0.1819975625617842,0.22906776629426873,5.159930881361305,0.934284383410457,0.0,1.0,0.0,0.1,0.0,0.1,0.0,0.08,0.11217948717948718,0.5,0.25
158,0.9770044703759391,0.47332272148290416,0.9591777113117481,0.4721727872919998,0.24899929058488912,0.4695142088327925,0.7916666666666666,0.3978342610890591,0.4033615557659671,0.09294871794871795,0.7057142857142857,0.3824669119511375,0.3948794795906112,0.08285714285714285,0.125,0.12,0.10857142857142857,6.751428571428572,0.060897435897435896,0.0,0.034256781917020036,0.1319663491490371,8.08974358974359,0.0,0.0,0.15,0.08012820512820513,0,0.18225757831683242,0.22792242746279737,5.1767322637340785,0.9232263414545893,0.0,0.9761904761904762,0.0,0.1,0.0,0.1,0.0,0.08,0.125,0.5,0.25
159,0.977546026822267,0.4725959967503119,0.9586881250754444,0.4714249033116538,0.24899929058488912,0.4697773020065277,0.8360128617363344,0.3978237814777383,0.40285346509331976,0.0932475884244373,0.7428571428571429,0.3825811976654232,0.39496519387632556,0.08285714285714285,0.1189710610932476,0.12,0.11142857142857143,6.814285714285714,0.05787781350482315,0.002857142857142857,0.03431168348311972,0.13196634914903713,8.019292604501608,0.0,0.0,0.15,0.08038585209003216,0,0.18257343613596255,0.25280585672678274,5.193197618459397,0.9137522112745797,0.0,0.9761904761904762,0.0,0.1,0.0,0.1,0.0,0.08,0.12179487179487179,0.5,0.25
160,0.9786403550755977,0.47204757238979106,0.9596605138948325,0.4708901775341014,0.24899929058488912,0.46959191825858076,0.8520900321543409,0.3978237814777383,0.40285346509331976,0.0932475884244373,0.7571428571428571,0.3825811976654232,0.39496519387632556,0.08285714285714285,0.07717041800643087,0.07428571428571429,0.11142857142857143,6.86,0.05787781350482315,0.0,0.03434512011059105,0.13196634914903713,8.019292604501608,0.0,0.0,0.15,0.08038585209003216,0,0.18211742609813988,0.2515418274431488,5.163619380375924,0.8954771670490881,0.0,1.0,0.0,0.1,0.0,0.1,0.0,0.08,0.07717041800643087,0.5,0.25
161,0.9778858812277441,0.47250119805731117,0.9589687646840873,0.470864096187222,0.24899929058488912,0.469350794883099,0.8187702265372169,0.3970996542039207,0.403221842726907,0.09385113268608414,0.7228571428571429,0.382695483379709,0.39505090816203975,0.08285714285714285,0.08737864077669903,0.09142857142857143,0.11714285714285715,6.9314285714285715,0.05177993527508091,0.005714285714285714,0.03437163348725469,0.13196634914903713,7.967637540453074,0.0,0.0,0.15,0.08090614886731391,0,0.18251941111050632,0.25028411830593306,5.151775564196977,0.8996245488665245,0.0,0.96875,0.0,0.1,0.0,0.1,0.0,0.08,0.0932475884244373,0.5,0.25
162,0.9799300362287453,0.47182106861294587,0.9607734615278284,0.46994204228709335,0.24899929058488912,0.46910276480307167,0.8705501618122977,0.39722910404210837,0.40331893010554776,0.09385113268608414,0.7685714285714286,0.38280976909399467,0.39513662244775416,0.08285714285714285,0.09061488673139159,0.08857142857142856,0.11714285714285715,6.974285714285714,0.05177993527508091,0.0,0.0343956188962859,0.13196634914903713,7.967637540453074,0.0,0.0,0.15,0.08090614886731391,0,0.18349209976923947,0.2523905124235446,5.137311481484466,0.9690415899435808,0.0,0.9032258064516129,0.0,0.1,0.0,0.1,0.0,0.08,0.09061488673139159,0.5,0.25
163,0.9805013210019641,0.47246641632989406,0.9612460885681928,0.4705746397767278,0.24899929058488912,0.4687048601245001,0.8668831168831169,0.39706950871673874,0.4035952457051691,0.09415584415584416,0.7628571428571429,0.38280976909399467,0.39513662244775416,0.08285714285714285,0.08766233766233766,0.08571428571428572,0.12,7.0285714285714285,0.05519480519480519,0.002857142857142857,0.03439695867253319,0.1319663491490371,7.954545454545454,0.0,0.0,0.15,0.08116883116883117,0,0.1833722185382683,0.2511285598614269,5.120279537569061,0.9496607581447092,0.0,1.0,0.0,0.1,0.0,0.1,0.0,0.08,0.09061488673139159,0.5,0.25
164,0.9817430323536398,0.47289967631362084,0.9623387945576675,0.4709420555368121,0.24899929058488912,0.46824777681766894,0.8506493506493507,0.39713444378167384,0.4036439470038703,0.09415584415584416,0.7485714285714286,0.38286691195113753,0.3951794795906112,0.08285714285714285,0.08441558441558442,0.07714285714285714,0.12,7.088571428571429,0.05519480519480519,0.0,0.034412054611675146,0.1319663491490371,7.954545454545454,0.0,0.0,0.15,0.08116883116883117,0,0.18354021530271983,0.2641989150907038,5.095016803960538,0.9451536147832894,0.0,0.9629629629629629,0.0,0.1,0.0,0.1,0.0,0.08,0.08441558441558442,0.5,0.25
165,0.980140210444331,0.47300021296595185,0.9609283112774759,0.47080006483867154,0.24899929058488912,0.46799222658736045,0.8409090909090909,0.397264313911544,0.4037413496012729,0.09415584415584416,0.74,0.38298119766542316,0.39526519387632564,0.08285714285714285,0.09090909090909091,0.08857142857142856,0.12,7.134285714285714,0.05519480519480519,0.0,0.034412054611675146,0.1319663491490371,7.954545454545454,0.0,0.0,0.15,0.08116883116883117,0,0.18382108779763476,0.26287792051525033,5.081687896452754,0.9650727863886064,0.0,0.967741935483871,0.0,0.1,0.0,0.1,0.0,0.08,0.09090909090909091,0.5,0.25
166,0.9811464881746396,0.47347234398649213,0.9618138356801473,0.47145525154550066,0.24899929058488912,0.46784027915596554,0.8409090909090909,0.3973941840414141,0.40383875219867554,0.09415584415584416,0.74,0.38309548337970895,0.3953509081620398,0.08285714285714285,0.09740259740259741,0.09714285714285714,0.12,7.188571428571429,0.05844155844155844,0.0,0.034412054611675146,0.1319663491490371,7.954545454545454,0.0,0.0,0.15,0.08116883116883117,0,0.18412898450150375,0.2615635309126741,5.077196995666557,0.9820000000000004,0.0,0.9705882352941176,0.0,0.1,0.0,0.1,0.0,0.08,0.09740259740259741,0.5,0.25
167,0.9807443289871712,0.4736485546267032,0.9613944028375879,0.4722755162836495,0.24899929058488912,0.46761958332372194,0.8045602605863192,0.3980108913518776,0.4031840475351955,0.09446254071661238,0.7057142857142857,0.3833811976654232,0.3955651938763255,0.08285714285714285,0.08794788273615635,0.08285714285714285,0.12285714285714286,7.242857142857143,0.05537459283387622,0.002857142857142857,0.03440656638995972,0.1319663491490371,7.954397394136808,0.0,0.0,0.15,0.08143322475570032,0,0.18500805386471053,0.2602557132581107,5.058510198610369,1.0377016343014924,0.0,0.896551724137931,0.0,0.1,0.0,0.1,0.0,0.08,0.08766233766233766,0.5,0.25
168,0.9803277464991691,0.4737576358226661,0.9610290004838262,0.47227853989597834,0.24899929058488912,0.46747605165719763,0.8110749185667753,0.3980108913518776,0.4031840475351955,0.09446254071661238,0.7114285714285714,0.3833811976654232,0.3955651938763255,0.08285714285714285,0.10749185667752444,0.09428571428571429,0.12285714285714286,7.2942857142857145,0.05537459283387622,0.0,0.03440656638995972,0.1319663491490371,7.954397394136808,0.0,0.0,0.15,0.08143322475570032,0,0.18485315716681555,0.25895443469182017,5.0516257089238765,1.0169476016154626,0.0,1.0,0.0,0.1,0.0,0.1,0.0,0.08,0.10749185667752444,0.5,0.25
169,0.9790553551809411,0.4735217647483713,0.959912931527552,0.47183698073543795,0.24899929058488912,0.4673344922826127,0.8045602605863192,0.3980108913518776,0.4031840475351955,0.09446254071661238,0.7057142857142857,0.3833811976654232,0.3955651938763255,0.08285714285714285,0.0749185667752443,0.06857142857142857,0.12285714285714286,7.3028571428571425,0.05537459283387622,0.0,0.03440656638995972,0.1319663491490371,7.954397394136808,0.0,0.0,0.15,0.08143322475570032,0,0.18452746566312433,0.25765966251836103,5.019164623316827,0.9966086495831534,0.0,1.0,0.0,0.1,0.0,0.1,0.0,0.08,0.0749185667752443,0.5,0.25
170,0.9805372020368702,0.4741962605153625,0.9605608239879393,0.4727669681803054,0.24899929058488912,0.4671498949712911,0.8415841584158416,0.4001261124088925,0.40322112979879166,0.09570957095709572,0.7285714285714285,0.3833811976654232,0.3955651938763255,0.08285714285714285,0.10231023102310231,0.11428571428571428,0.13428571428571429,7.362857142857143,0.0429042904290429,0.011428571428571429,0.034457883897122954,0.13196634914903713,7.867986798679868,0.0,0.0,0.15,0.08250825082508251,0,0.18460212117411226,0.2563713642057692,5.033067045136204,0.9766764765914903,0.0,1.0,0.0,0.1,0.0,0.1,0.0,0.08,0.11400651465798045,0.5,0.25
171,0.9789109172514329,0.47332049426298733,0.9591529260165466,0.47165003466715605,0.24899929058488912,0.4670735162780302,0.8679867986798679,0.40058815861351293,0.40356766445225706,0.09900990099009901,0.7514285714285714,0.38378119766542323,0.39586519387632557,0.08571428571428572,0.10561056105610561,0.09714285714285714,0.13428571428571429,7.405714285714286,0.0429042904290429,0.0,0.0344967136211913,0.13196634914903713,7.867986798679868,0.0,0.0,0.15,0.07920792079207921,0,0.18599268271109887,0.26934426140649814,5.0295485613763375,1.0323072275411116,0.0,0.8823529411764706,0.0,0.1,0.0,0.1,0.0,0.08,0.10561056105610561,0.5,0.25
172,0.9796070518029623,0.4734202097135606,0.9597555796425847,0.4715889719998654,0.24899929058488912,0.4670455267182649,0.8217821782178217,0.40058815861351293,0.40356766445225706,0.09900990099009901,0.7114285714285714,0.38378119766542323,0.39586519387632557,0.08571428571428572,0.1188118811881188,0.11142857142857143,0.13428571428571429,7.46,0.039603960396039604,0.0,0.0344967136211913,0.13196634914903713,7.867986798679868,0.0,0.0,0.15,0.07920792079207921,0,0.1858332907261148,0.26799754009946564,5.0403861615773815,1.0116610829902895,0.0,1.0,0.0,0.1,0.0,0.1,0.0,0.08,0.1188118811881188,0.5,0.25
173,0.9795021477573398,0.4730190259359862,0.9596647627116601,0.4712532542638698,0.24899929058488912,0.4669819012782461,0.8151815181518152,0.40072017181483305,0.40366667435324716,0.09900990099009901,0.7057142857142857,0.38389548337970886,0.39595090816203976,0.08571428571428572,0.0891089108910891,0.08285714285714285,0.13428571428571429,7.491428571428571,0.039603960396039604,0.0,0.0344967136211913,0.13196634914903713,7.867986798679868,0.0,0.0,0.15,0.07920792079207921,0,0.18667540998676993,0.27834882368265745,5.022435581202977,1.1264289305091795,0.0,0.896551724137931,0.0,0.1,0.0,0.1,0.0,0.08,0.0891089108910891,0.5,0.25
174,0.9797076494473104,0.473058010861158,0.9595823076996112,0.4708180467863677,0.24899929058488912,0.4669756397480497,0.8145695364238411,0.39967751807554164,0.40446955433033266,0.09933774834437085,0.7028571428571428,0.38389548337970886,0.39595090816203976,0.08571428571428572,0.08940397350993377,0.08285714285714285,0.13714285714285715,7.545714285714285,0.03642384105960265,0.002857142857142857,0.03450343138234176,0.13196634914903713,7.854304635761589,0.0,0.0,0.15,0.07947019867549669,0,0.18645503365112182,0.2769570795642442,5.00484401243606,1.103900351898996,0.0,1.0,0.0,0.1,0.0,0.1,0.0,0.08,0.0891089108910891,0.5,0.25
175,0.9801996045545252,0.47261295177601265,0.9600067946778365,0.4704586876828822,0.24899929058488912,0.4670430423741598,0.7781456953642384,0.39967751807554164,0.40446955433033266,0.09933774834437085,0.6714285714285714,0.38389548337970886,0.39595090816203976,0.08571428571428572,0.07947019867549669,0.08285714285714285,0.13714285714285715,7.594285714285714,0.039735099337748346,0.0,0.034509721995654406,0.13196634914903713,7.854304635761589,0.0,0.0,0.15,0.07947019867549669,0,0.18609361562572335,0.275572294166423,4.987604275044482,1.081822344861016,0.0,1.0,0.0,0.1,0.0,0.1,0.0,0.08,0.07947019867549669,0.5,0.25
176,0.9800633447106571,0.4726283798943521,0.9598892218982704,0.47014976227124694,0.24899929058488912,0.46708572234892815,0.8211920529801324,0.39980996840666744,0.404568892078677,0.09933774834437085,0.7085714285714285,0.38400976909399465,0.3960366224477541,0.08571428571428572,0.09271523178807947,0.08571428571428572,0.13714285714285715,7.642857142857143,0.039735099337748346,0.0,0.034509721995654406,0.13196634914903713,7.854304635761589,0.0,0.0,0.15,0.07947019867549669,0,0.18630330535127318,0.27419443269559085,4.973566475257877,1.0601858979637957,0.0,0.9333333333333333,0.0,0.1,0.0,0.1,0.0,0.08,0.09271523178807947,0.5,0.25
177,0.9787097719830037,0.47219021129199296,0.9587212820018381,0.469745286589859,0.24899929058488912,0.467246571512671,0.8245033112582781,0.40000864390335616,0.4047178987011936,0.09933774834437085,0.7114285714285714,0.3841811976654232,0.3961651938763256,0.08571428571428572,0.08940397350993377,0.09428571428571429,0.13714285714285715,7.668571428571428,0.039735099337748346,0.0,0.034509721995654406,0.13196634914903713,7.854304635761589,0.0,0.0,0.15,0.07947019867549669,0,0.1869983645352311,0.27282346053211287,4.968380860038434,1.0654373516828157,0.0,0.9393939393939394,0.0,0.1,0.0,0.1,0.0,0.08,0.08940397350993377,0.5,0.25
178,0.9779178479699016,0.4722927983426892,0.958037964710533,0.4698666177687679,0.24899929058488912,0.46735459849908134,0.8344370860927153,0.40000864390335616,0.4047178987011936,0.09933774834437085,0.72,0.3841811976654232,0.3961651938763256,0.08571428571428572,0.07947019867549669,0.08,0.13714285714285715,7.714285714285714,0.04304635761589404,0.0,0.034509721995654406,0.13196634914903713,7.854304635761589,0.0,0.0,0.15,0.07947019867549669,0,0.18663437271255495,0.2714593432294523,4.949013242837666,1.0441286046491594,0.0,1.0,0.0,0.1,0.0,0.1,0.0,0.08,0.07947019867549669,0.5,0.25
179,0.9788945193188229,0.47232468737675276,0.9584924928392109,0.4695791856415806,0.24899929058488912,0.46746377368784814,0.8039867109634552,0.4008106700172456,0.4052453778920068,0.09966777408637874,0.6914285714285714,0.384295483379709,0.39625090816203984,0.08571428571428572,0.07641196013289037,0.07142857142857142,0.14,7.7371428571428575,0.04318936877076412,0.002857142857142857,0.03451575398045825,0.13196634914903713,7.833887043189368,0.0,0.0,0.15,0.07973421926910298,0,0.18658634442042074,0.27010204651330505,4.921461549409484,1.023246032556176,0.0,0.96,0.0,0.1,0.0,0.1,0.0,0.08,0.07947019867549669,0.5,0.25
180,0.9788880140835022,0.47207987888164377,0.9584868983368351,0.4694598216840162,0.24899929058488912,0.4675000676383903,0.8372093023255814,0.400943560382694,0.4053450456660932,0.09966777408637874,0.72,0.38440976909399466,0.3963366224477542,0.08571428571428572,0.10299003322259136,0.09714285714285714,0.14,7.777142857142858,0.04318936877076412,0.0,0.03453342642548743,0.13196634914903713,7.833887043189368,0.0,0.0,0.15,0.07973421926910298,0,0.18685169984117578,0.2687515362807385,4.920175175564151,1.0063286098185529,0.0,0.9705882352941176,0.0,0.1,0.0,0.1,0.0,0.08,0.10299003322259136,0.5,0.25
181,0.9811437732298827,0.47162423663383246,0.959965412163439,0.469116473856149,0.24899929058488912,0.4674454789963715,0.8461538461538461,0.4026335223503111,0.4062290274339165,0.10033444816053512,0.7228571428571429,0.3846383405225661,0.39650805101918274,0.08571428571428572,0.07692307692307693,0.07142857142857142,0.1457142857142857,7.8028571428571425,0.043478260869565216,0.005714285714285714,0.034580149559954476,0.1319663491490371,7.79933110367893,0.0,0.0,0.15,0.0802675585284281,0,0.18723129848482709,0.2674077785993348,4.89320024348144,1.0042020376221814,0.0,0.92,0.0,0.1,0.0,0.1,0.0,0.08,0.07641196013289037,0.5,0.25
182,0.9798155758247239,0.47049174087192436,0.9588031179382285,0.46857005212394665,0.24899929058488912,0.46738397599658443,0.8489932885906041,0.4032198312114003,0.40555686423768206,0.10067114093959731,0.7228571428571429,0.3847526262368518,0.396593765304897,0.08571428571428572,0.07718120805369127,0.07428571428571429,0.14857142857142858,7.8428571428571425,0.04697986577181208,0.002857142857142857,0.03458644644644284,0.1319663491490371,7.791946308724833,0.0,0.0,0.15,0.08053691275167785,0,0.1872945705638315,0.2679118502977289,4.869621952897525,1.0249924729220472,0.0,0.9615384615384616,0.0,0.1,0.0,0.1,0.0,0.08,0.0802675585284281,0.5,0.25
183,0.9798002402032853,0.47077873117638963,0.9586743141230242,0.4687225408250424,0.24899929058488912,0.46735893423160213,0.8518518518518519,0.4034939569901294,0.40636016931748004,0.10101010101010101,0.7228571428571429,0.38486691195113754,0.39667947959061134,0.08571428571428572,0.09427609427609428,0.09428571428571429,0.15142857142857144,7.877142857142857,0.04377104377104377,0.002857142857142857,0.03459927982334687,0.1319663491490371,7.771043771043771,0.0,0.0,0.15,0.08080808080808081,0,0.18792809985386943,0.26657229104624025,4.866515228125289,1.0391366217770892,0.0,0.9393939393939394,0.0,0.1,0.0,0.1,0.0,0.08,0.09731543624161074,0.5,0.25
184,0.9789199589534762,0.4705813267772105,0.9579273326053289,0.468945070686328,0.24899929058488912,0.46728426868412337,0.8518518518518519,0.4034939569901294,0.40636016931748004,0.10101010101010101,0.7228571428571429,0.38486691195113754,0.39667947959061134,0.08571428571428572,0.08080808080808081,0.08285714285714285,0.15142857142857144,7.914285714285715,0.04377104377104377,0.0,0.03462830616551358,0.1319663491490371,7.771043771043771,0.0,0.0,0.15,0.08080808080808081,0,0.18781054432336713,0.26523942959100905,4.8520420664199255,1.0183538893415474,0.0,1.0,0.0,0.1,0.0,0.1,0.0,0.08,0.08080808080808081,0.5,0.25
185,0.9794500799778868,0.47082692809619237,0.9583771781603286,0.46907296794577785,0.24899929058488912,0.46713183719192153,0.8619528619528619,0.4035612970574695,0.40641067436798506,0.10101010101010101,0.7314285714285714,0.3849240548082804,0.39672233673346846,0.08571428571428572,0.08080808080808081,0.07428571428571429,0.15142857142857144,7.951428571428571,0.04713804713804714,0.0,0.03462830616551358,0.1319663491490371,7.771043771043771,0.0,0.0,0.15,0.08080808080808081,0,0.1879813892098907,0.263913232443054,4.8292869393772415,1.0006783498802247,0.0,0.9615384615384616,0.0,0.1,0.0,0.1,0.0,0.08,0.08080808080808081,0.5,0.25
186,0.9814564296561981,0.4696513466778107,0.9600797091730673,0.46779038247020105,0.24899929058488912,0.46711114816422067,0.8787878787878788,0.4035612970574695,0.40641067436798506,0.10101010101010101,0.7457142857142857,0.3849240548082804,0.39672233673346846,0.08571428571428572,0.06734006734006734,0.06285714285714286,0.15142857142857144,7.991428571428571,0.04713804713804714,0.0,0.03462830616551358,0.1319663491490371,7.771043771043771,0.0,0.0,0.15,0.08080808080808081,0,0.1875267679781269,0.2625936662808387,4.795558343446839,0.9806647828826202,0.0,1.0,0.0,0.1,0.0,0.1,0.0,0.08,0.06734006734006734,0.5,0.25
187,0.9811362426997884,0.47022100456119054,0.9597703361945455,0.4683077168728312,0.24899929058488912,0.46719222995482385,0.8682432432432432,0.4045656852184308,0.40683957001529875,0.10135135135135136,0.7342857142857143,0.3849240548082804,0.39672233673346846,0.08571428571428572,0.06418918918918919,0.06571428571428571,0.15428571428571428,8.054285714285715,0.04391891891891892,0.002857142857142857,0.03464270572554191,0.13196634914903713,7.743243243243243,0.0,0.0,0.15,0.08108108108108109,0,0.18727285270609342,0.26128069794943454,4.765361462292188,0.9610514872249677,0.0,1.0,0.0,0.1,0.0,0.1,0.0,0.08,0.06734006734006734,0.5,0.25
188,0.9813252347024499,0.4698105134458628,0.9599301694310819,0.46795892348826174,0.24899929058488912,0.46720162457528763,0.8851351351351351,0.4045656852184308,0.40683957001529875,0.10135135135135136,0.7485714285714286,0.3849240548082804,0.39672233673346846,0.08571428571428572,0.07432432432432433,0.06857142857142857,0.15428571428571428,8.09142857142857,0.04391891891891892,0.0,0.034658624024965716,0.13196634914903713,7.743243243243243,0.0,0.0,0.15,0.08108108108108109,0,0.1868782055818487,0.25997429445968734,4.738625661617773,0.9418304574804683,0.0,1.0,0.0,0.1,0.0,0.1,0.0,0.08,0.07432432432432433,0.5,0.25
189,0.9810539403138505,0.4697458053759591,0.9597007318910092,0.4673173943382496,0.24899929058488912,0.4670349972243921,0.847972972972973,0.4047008203535659,0.4069409213666501,0.10135135135135136,0.7171428571428572,0.3850383405225661,0.3968080510191827,0.08571428571428572,0.09121621621621621,0.09428571428571429,0.15428571428571428,8.125714285714286,0.04391891891891892,0.0,0.034658624024965716,0.13196634914903713,7.743243243243243,0.0,0.0,0.15,0.08108108108108109,0,0.1875066180905636,0.27005432386042877,4.738138862671132,0.922993848330859,0.0,0.9696969696969697,0.0,0.1,0.0,0.1,0.0,0.08,0.09121621621621621,0.5,0.25
190,0.9814952128236464,0.46926034120850124,0.960073922356437,0.467203917552093,0.24899929058488912,0.4668767456292625,0.8817567567567568,0.4047683879211335,0.4069915970423258,0.10135135135135136,0.7457142857142857,0.3850954833797089,0.39685090816203983,0.08571428571428572,0.07094594594594594,0.07428571428571429,0.15428571428571428,8.165714285714285,0.04391891891891892,0.0,0.034658624024965716,0.13196634914903713,7.743243243243243,0.0,0.0,0.15,0.08108108108108109,0,0.18745465642868223,0.2687040522411266,4.717661799703423,0.9190472881981778,0.0,0.9615384615384616,0.0,0.1,0.0,0.1,0.0,0.08,0.07094594594594594,0.5,0.25
191,0.9799317520575389,0.46991893992020184,0.9587516812513859,0.46785114797306504,0.24899929058488912,0.46667879620548625,0.8648648648648649,0.4047683879211335,0.4069915970423258,0.10135135135135136,0.7314285714285714,0.3850954833797089,0.39685090816203983,0.08571428571428572,0.0777027027027027,0.07714285714285714,0.15428571428571428,8.205714285714286,0.04391891891891892,0.0,0.034658624024965716,0.13196634914903713,7.743243243243243,0.0,0.0,0.15,0.08108108108108109,0,0.1871168117179674,0.26736053197992093,4.700451420852212,0.9006663424342142,0.0,1.0,0.0,0.1,0.0,0.1,0.0,0.08,0.0777027027027027,0.5,0.25
192,0.9798697178211384,0.4709479672924179,0.9586992180114586,0.46879845557088823,0.24899929058488912,0.46672020166786393,0.8412162162162162,0.4050386581914038,0.4071942997450284,0.10135135135135136,0.7114285714285714,0.38532405480828036,0.39702233673346843,0.08571428571428572,0.08445945945945946,0.07714285714285714,0.15428571428571428,8.257142857142858,0.0472972972972973,0.0,0.034658624024965716,0.13196634914903713,7.743243243243243,0.0,0.0,0.15,0.08108108108108109,0,0.18763694551294893,0.26602372932002133,4.683585249578025,1.0,0.0,0.9259259259259259,0.0,0.1,0.0,0.1,0.0,0.08,0.08445945945945946,0.5,0.25
193,0.9802433467907845,0.4712742666337427,0.9590152013686448,0.46919269731862373,0.24899929058488912,0.4668873228974315,0.847972972972973,0.4050386581914038,0.4071942997450284,0.10135135135135136,0.7171428571428572,0.38532405480828036,0.39702233673346843,0.08571428571428572,0.08108108108108109,0.07142857142857142,0.15428571428571428,8.294285714285714,0.0472972972972973,0.0,0.034658624024965716,0.13196634914903713,7.743243243243243,0.0,0.0,0.15,0.08108108108108109,0,0.18718404649966994,0.26469361067342123,4.661342116015036,0.98,0.0,1.0,0.0,0.1,0.0,0.1,0.0,0.08,0.08108108108108109,0.5,0.25
194,0.9809690109597878,0.4727467069115103,0.9595206935197453,0.47055206501317376,0.24899929058488912,0.4669411490016239,0.847457627118644,0.4046973770237049,0.40824170972044743,0.1016949152542373,0.7142857142857143,0.38538119766542317,0.3970651938763255,0.08571428571428572,0.05084745762711865,0.06,0.15714285714285714,8.32,0.04406779661016949,0.002857142857142857,0.0347751903941577,0.13196634914903713,7.606779661016949,0.0,0.0,0.15,0.08135593220338982,0,0.18766947581584265,0.2633701426200541,4.628115273694735,0.962169584290779,0.0,0.9523809523809523,0.0,0.1,0.0,0.1,0.0,0.08,0.05405405405405406,0.5,0.25
195,0.9807678824898954,0.4723530669141398,0.959362044079235,0.4700331426559722,0.24899929058488912,0.4669174476362706,0.8537414965986394,0.4039973965808958,0.40886877303471336,0.10204081632653061,0.7171428571428572,0.38538119766542317,0.3970651938763255,0.08571428571428572,0.08843537414965986,0.07714285714285714,0.16,8.368571428571428,0.04081632653061224,0.002857142857142857,0.03481840057950661,0.13196634914903713,7.591836734693878,0.0,0.0,0.15,0.08163265306122448,0,0.18733041486533492,0.2620532919069538,4.612695825363697,0.9429261926049635,0.0,1.0,0.0,0.1,0.0,0.1,0.0,0.08,0.08813559322033898,0.5,0.25
196,0.9807267643931697,0.4710613469373182,0.9593275048779852,0.4690339884156432,0.24899929058488912,0.46674489354115273,0.8537414965986394,0.4040654237917801,0.4089197934428766,0.10204081632653061,0.7171428571428572,0.38543834052256604,0.39710805101918273,0.08571428571428572,0.08503401360544217,0.07714285714285714,0.16,8.394285714285715,0.04081632653061224,0.0,0.03481840057950661,0.13196634914903713,7.591836734693878,0.0,0.0,0.15,0.08163265306122448,0,0.18739276421957965,0.26074302544741906,4.59758476599928,0.9414669227757756,0.0,0.9629629629629629,0.0,0.1,0.0,0.1,0.0,0.08,0.08503401360544217,0.5,0.25
197,0.9805251832396787,0.47053377498372,0.9591581767090527,0.4686138838236306,0.24899929058488912,0.46647331819489857,0.8571428571428571,0.4040654237917801,0.4089197934428766,0.10204081632653061,0.72,0.38543834052256604,0.39710805101918273,0.08571428571428572,0.09523809523809523,0.09142857142857143,0.16,8.44,0.04081632653061224,0.0,0.03481840057950661,0.13196634914903713,7.591836734693878,0.0,0.0,0.15,0.08163265306122448,0,0.18733669800662212,0.25943931032018197,4.5970616421078665,0.92263758432026,0.0,1.0,0.0,0.1,0.0,0.1,0.0,0.08,0.09523809523809523,0.5,0.25
198,0.9800073694473278,0.470348198842723,0.9587232131234779,0.4684374618201547,0.24899929058488912,0.4662334268726882,0.8401360544217688,0.4040654237917801,0.4089197934428766,0.10204081632653061,0.7057142857142857,0.38543834052256604,0.39710805101918273,0.08571428571428572,0.07142857142857142,0.06857142857142857,0.16,8.485714285714286,0.04081632653061224,0.0,0.03481840057950661,0.13196634914903713,7.591836734693878,0.0,0.0,0.15,0.08163265306122448,0,0.18699916022730328,0.25814211376858104,4.573691837837137,0.9041848326338549,0.0,1.0,0.0,0.1,0.0,0.1,0.0,0.08,0.07142857142857142,0.5,0.25
199,0.9798122806565186,0.47007004719619666,0.9585593385391982,0.46797405703116646,0.24899929058488912,0.46604195335958853,0.8503401360544217,0.4041334510026645,0.40897081385103984,0.10204081632653061,0.7142857142857143,0.38549548337970896,0.3971509081620398,0.08571428571428572,0.08503401360544217,0.08571428571428572,0.16,8.531428571428572,0.04081632653061224,0.0,0.03481840057950661,0.13196634914903713,7.591836734693878,0.0,0.0,0.15,0.08163265306122448,0,0.18720545370830963,0.25685140319973815,4.56793228679468,0.912676657357766,0.0,0.9666666666666667,0.0,0.1,0.0,0.1,0.0,0.08,0.08503401360544217,0.5,0.25
200,0.9796806909828594,0.47061051692790723,0.9584488032133244,0.46861677445547684,0.24899929058488912,0.4658510566275819,0.8469387755102041,0.4042695054244332,0.40907285466736637,0.10204081632653061,0.7114285714285714,0.38560976909399464,0.3972366224477541,0.08571428571428572,0.06802721088435375,0.07428571428571429,0.16,8.58,0.04421768707482993,0.0,0.03481840057950661,0.13196634914903713,7.591836734693878,0.0,0.0,0.15,0.08163265306122448,0,0.18735456929691094,0.25556714618373944,4.5508593553445005,0.9719391575400697,0.0,0.9615384615384616,0.0,0.1,0.0,0.1,0.0,0.08,0.06802721088435375,0.5,0.25
201,0.9796495742475193,0.4715286279001955,0.9584226651556388,0.4697338908959928,0.24899929058488912,0.4656753220990506,0.8605442176870748,0.40447358705708625,0.4092259158918562,0.10204081632653061,0.7228571428571429,0.38578119766542324,0.39736519387632546,0.08571428571428572,0.09183673469387756,0.08,0.16,8.637142857142857,0.04421768707482993,0.0,0.03481840057950661,0.13196634914903713,7.591836734693878,0.0,0.0,0.15,0.08163265306122448,0,0.18795838211124768,0.2542893104528207,4.53984216823761,0.9820000000000004,0.0,0.9285714285714286,0.0,0.1,0.0,0.1,0.0,0.08,0.09183673469387756,0.5,0.25
202,0.9773011319863635,0.47146780571188046,0.9564499736562682,0.46986264480026885,0.24899929058488912,0.46546202813870485,0.7993197278911565,0.4045416142679706,0.4092769363000194,0.10204081632653061,0.6714285714285714,0.3858383405225661,0.3974080510191827,0.08571428571428572,0.09183673469387756,0.09428571428571429,0.16,8.665714285714285,0.04421768707482993,0.0,0.03481840057950661,0.13196634914903713,7.591836734693878,0.0,0.0,0.15,0.08163265306122448,0,0.18804644805783433,0.25301786390055664,4.543331039158572,0.98,0.0,0.9696969696969697,0.0,0.1,0.0,0.1,0.0,0.08,0.09183673469387756,0.5,0.25
203,0.9751107151437558,0.4719660385846105,0.9546100235084776,0.4703869432399342,0.24899929058488912,0.4652740100844411,0.8401360544217688,0.4046776686897393,0.4093789771163459,0.10204081632653061,0.7057142857142857,0.3859526262368518,0.39749376530489694,0.08571428571428572,0.0782312925170068,0.07142857142857142,0.16,8.72,0.04421768707482993,0.0,0.03481840057950661,0.13196634914903713,7.591836734693878,0.0,0.0,0.15,0.08163265306122448,0,0.18804864438897373,0.25175277458105383,4.523892989803972,0.9613551086954794,0.0,0.96,0.0,0.1,0.0,0.1,0.0,0.08,0.0782312925170068,0.5,0.25
204,0.9763378433951507,0.47240018092979175,0.9554878047013757,0.47062910601419095,0.24899929058488912,0.46516460036196394,0.8430034129692833,0.40561375196107796,0.40997598393994233,0.10238907849829351,0.7057142857142857,0.3859526262368518,0.39749376530489694,0.08571428571428572,0.06825938566552901,0.06571428571428571,0.16285714285714287,8.788571428571428,0.040955631399317405,0.002857142857142857,0.034893693054701864,0.13196634914903713,7.515358361774744,0.0,0.0,0.15,0.08191126279863481,0,0.187678973309886,0.2504940107081486,4.499129415722178,0.9421280065215697,0.0,1.0,0.0,0.1,0.0,0.1,0.0,0.08,0.07142857142857142,0.5,0.25
205,0.9781438330479473,0.47252324418518615,0.9569996760392883,0.4709036261847818,0.24899929058488912,0.46503121048125695,0.8532423208191127,0.40561375196107796,0.40997598393994233,0.10238907849829351,0.7142857142857143,0.3859526262368518,0.39749376530489694,0.08571428571428572,0.06825938566552901,0.06285714285714286,0.16285714285714287,8.851428571428572,0.040955631399317405,0.0,0.03491181155449707,0.13196634914903713,7.515358361774744,0.0,0.0,0.15,0.07849829351535836,0,0.18736829344333658,0.24924154065460782,4.472003970264877,0.9232854463911383,0.0,1.0,0.0,0.1,0.0,0.1,0.0,0.08,0.06825938566552901,0.5,0.25
206,0.9785466540144444,0.4728734292586089,0.9573368947340987,0.47126195901762724,0.24899929058488912,0.4648073681094669,0.8395904436860068,0.40561375196107796,0.40997598393994233,0.10238907849829351,0.7028571428571428,0.3859526262368518,0.39749376530489694,0.08571428571428572,0.04778156996587031,0.04857142857142857,0.16285714285714287,8.851428571428572,0.040955631399317405,0.0,0.03491181155449707,0.13196634914903713,7.515358361774744,0.0,0.0,0.15,0.07849829351535836,0,0.18705662042292281,0.24799533295133477,4.431135319431009,0.9048197374633155,0.0,1.0,0.0,0.1,0.0,0.1,0.0,0.08,0.04778156996587031,0.5,0.25
207,0.9788343203703999,0.47252440660868406,0.9574523443657921,0.471031345189545,0.24899929058488912,0.46468936074249756,0.8458904109589042,0.40558849653240214,0.41075132383264995,0.10273972602739725,0.7057142857142857,0.3859526262368518,0.39749376530489694,0.08571428571428572,0.07876712328767123,0.07142857142857142,0.1657142857142857,8.885714285714286,0.03767123287671233,0.002857142857142857,0.03492887268902299,0.13196634914903713,7.506849315068493,0.0,0.0,0.15,0.07876712328767123,0,0.18672019517795108,0.24675535628657813,4.41394118447096,0.8867233427140492,0.0,1.0,0.0,0.1,0.0,0.1,0.0,0.08,0.07849829351535836,0.5,0.25
208,0.9791124897595962,0.47272966988539156,0.9576844171133501,0.47114143384335017,0.24899929058488912,0.4644728034127122,0.8561643835616438,0.405725482833772,0.4108540635586773,0.10273972602739725,0.7142857142857143,0.38606691195113757,0.39757947959061124,0.08571428571428572,0.06506849315068493,0.06285714285714286,0.1657142857142857,8.928571428571429,0.03767123287671233,0.0,0.03492887268902299,0.13196634914903713,7.506849315068493,0.0,0.0,0.15,0.07876712328767123,0,0.18715065103888018,0.24552157950514522,4.388519503638684,0.877082915586109,0.0,0.9545454545454546,0.0,0.1,0.0,0.1,0.0,0.08,0.06506849315068493,0.5,0.25
209,0.9790072605667836,0.4723480095198822,0.9575966259010609,0.4708244486208208,0.24899929058488912,0.46425840714424843,0.8321917808219178,0.4059994554365117,0.411048592173206,0.10273972602739725,0.6942857142857143,0.3862954833797089,0.3977417720347324,0.08571428571428572,0.07876712328767123,0.07142857142857142,0.1657142857142857,8.951428571428572,0.03767123287671233,0.0,0.03492887268902299,0.13196634914903713,7.506849315068493,0.0,0.0,0.15,0.07876712328767123,0,0.18758589778368576,0.2554586175022101,4.372177684994481,0.8698972180084482,0.0,0.92,0.0,0.1,0.0,0.1,0.0,0.08,0.07876712328767123,0.5,0.25
210,0.9778536862609514,0.4727666301132782,0.9566342153373378,0.4714686500194796,0.24899929058488912,0.46403276020306433,0.839041095890411,0.4061364417378816,0.4111513318992334,0.10273972602739725,0.7,0.38640976909399466,0.3978274863204466,0.08571428571428572,0.07876712328767123,0.07428571428571429,0.1657142857142857,8.997142857142856,0.03767123287671233,0.0,0.03492887268902299,0.13196634914903713,7.506849315068493,0.0,0.0,0.15,0.07876712328767123,0,0.18773168686262448,0.25418132441469904,4.359019845580305,0.8684293773519962,0.0,0.9615384615384616,0.0,0.1,0.0,0.1,0.0,0.08,0.07876712328767123,0.5,0.25
211,0.9782736574517783,0.4729666029032382,0.9569845913022564,0.47181504033710936,0.24899929058488912,0.4636857356430159,0.8732876712328768,0.4062734280392515,0.4112540716252608,0.10273972602739725,0.7285714285714285,0.3865240548082804,0.3979132006061609,0.08571428571428572,0.0684931506849315,0.06571428571428571,0.1657142857142857,9.037142857142857,0.0410958904109589,0.0,0.03492887268902299,0.13196634914903713,7.506849315068493,0.0,0.0,0.15,0.07876712328767123,0,0.18793332198190066,0.26389031267574553,4.337553734382984,0.8539278027476606,0.0,0.9565217391304348,0.0,0.1,0.0,0.1,0.0,0.08,0.0684931506849315,0.5,0.25
212,0.9789575441653819,0.474037775487211,0.9575551482176057,0.47246305500845737,0.24899929058488912,0.46339151906978737,0.8424657534246576,0.4062734280392515,0.4112540716252608,0.10273972602739725,0.7028571428571428,0.3865240548082804,0.3979132006061609,0.08571428571428572,0.06506849315068493,0.06,0.1657142857142857,9.097142857142858,0.0410958904109589,0.0,0.03492887268902299,0.13196634914903713,7.506849315068493,0.0,0.0,0.15,0.07876712328767123,0,0.18750708465770538,0.26257086111236677,4.310802659695325,0.8368492466927073,0.0,1.0,0.0,0.1,0.0,0.1,0.0,0.08,0.06506849315068493,0.5,0.25
213,0.978251950169787,0.4727976999255435,0.956966481226995,0.47129802250752034,0.24899929058488912,0.4633305630200506,0.821917808219178,0.4064104143406213,0.4113568113512882,0.10273972602739725,0.6857142857142857,0.3866383405225661,0.3979989148918752,0.08571428571428572,0.08561643835616438,0.07428571428571429,0.1657142857142857,9.145714285714286,0.04452054794520548,0.0,0.03492887268902299,0.13196634914903713,7.506849315068493,0.0,0.0,0.15,0.07876712328767123,0,0.18787914768121985,0.26125800680680494,4.298872320787133,0.8286315570793216,0.0,0.9615384615384616,0.0,0.1,0.0,0.1,0.0,0.08,0.08561643835616438,0.5,0.25
214,0.9799871450422472,0.4731469728918822,0.9584141295205902,0.4715114797820117,0.24899929058488912,0.4630294572419747,0.815068493150685,0.4064789074913063,0.4114081812143019,0.10273972602739725,0.68,0.386695483379709,0.3980417720347324,0.08571428571428572,0.07876712328767123,0.06857142857142857,0.1657142857142857,9.197142857142858,0.04452054794520548,0.0,0.03492887268902299,0.13196634914903713,7.506849315068493,0.0,0.0,0.15,0.07876712328767123,0,0.18842418336781375,0.28664114107284244,4.281466302942818,0.874225420306721,0.0,0.9166666666666666,0.0,0.1,0.0,0.1,0.0,0.08,0.07876712328767123,0.5,0.25
215,0.9802539887975188,0.472626962561964,0.9586367534535598,0.4710518344892444,0.24899929058488912,0.4628893577158378,0.8356164383561644,0.4064789074913063,0.4114081812143019,0.10273972602739725,0.6971428571428572,0.386695483379709,0.3980417720347324,0.08571428571428572,0.07534246575342465,0.06857142857142857,0.1657142857142857,9.228571428571428,0.05136986301369863,0.0,0.03492887268902299,0.13196634914903713,7.506849315068493,0.0,0.0,0.15,0.07876712328767123,0,0.18822235458668898,0.28520793536747824,4.264408405455391,0.8567409119005867,0.0,1.0,0.0,0.1,0.0,0.1,0.0,0.08,0.07534246575342465,0.5,0.25
216,0.9821171996787537,0.4719752779669568,0.9592369358263555,0.47087439960297095,0.24899929058488912,0.46267580379634365,0.845360824742268,0.40614082700698745,0.411549943611711,0.10309278350515463,0.7028571428571428,0.386695483379709,0.3980417720347324,0.08571428571428572,0.07560137457044673,0.06857142857142857,0.16857142857142857,9.257142857142858,0.048109965635738834,0.002857142857142857,0.03495121662040436,0.1319663491490371,7.484536082474227,0.0,0.0,0.15,0.07903780068728522,0,0.1877949570994698,0.28378189569064083,4.247691665917712,0.8396060936625749,0.0,1.0,0.0,0.1,0.0,0.1,0.0,0.08,0.07876712328767123,0.5,0.25
217,0.9825928629400963,0.4716633785864765,0.959431963332758,0.4702501125536103,0.24899929058488912,0.46245695102148066,0.8685121107266436,0.4058446747155434,0.4116255402268166,0.10380622837370242,0.7171428571428572,0.386695483379709,0.3980417720347324,0.08571428571428572,0.08304498269896193,0.07714285714285714,0.1742857142857143,9.325714285714286,0.04152249134948097,0.005714285714285714,0.03506237522704657,0.1319663491490371,7.377162629757786,0.0,0.0,0.15,0.07958477508650519,0,0.1877107008818296,0.28236298621218764,4.239880689742215,0.8228139717893234,0.0,1.0,0.0,0.1,0.0,0.1,0.0,0.08,0.08934707903780069,0.5,0.25
218,0.9817357639455593,0.4715322415476463,0.9587242444486976,0.4700392279262407,0.24899929058488912,0.46215221981218557,0.8546712802768166,0.40598308302004166,0.41172934645519027,0.10380622837370242,0.7057142857142857,0.38680976909399467,0.3981274863204466,0.08571428571428572,0.10034602076124567,0.08857142857142856,0.1742857142857143,9.334285714285715,0.04152249134948097,0.0,0.035102338004876214,0.1319663491490371,7.377162629757786,0.0,0.0,0.15,0.07958477508650519,0,0.18822886166313474,0.28095117128112673,4.2436545045187986,0.905413780020551,0.0,0.9354838709677419,0.0,0.1,0.0,0.1,0.0,0.08,0.10034602076124567,0.5,0.25
219,0.9795382430899854,0.4712543045182381,0.9569097200850951,0.4696494215129921,0.24899929058488912,0.46178812861105584,0.8408304498269896,0.40605228717229075,0.4117812495693772,0.10380622837370242,0.6942857142857143,0.3868669119511375,0.3981703434633037,0.08571428571428572,0.09342560553633218,0.08285714285714285,0.1742857142857143,9.391428571428571,0.04152249134948097,0.0,0.035102338004876214,0.1319663491490371,7.377162629757786,0.0,0.0,0.15,0.07958477508650519,0,0.18834329590840834,0.2795464154247211,4.241638557285565,0.9084262547828601,0.0,0.9655172413793104,0.0,0.1,0.0,0.1,0.0,0.08,0.09342560553633218,0.5,0.25
220,0.9794034963008361,0.47062472746872913,0.9567984577363403,0.46898033588586835,0.24899929058488912,0.4615993327823061,0.8685121107266436,0.40605228717229075,0.4117812495693772,0.10380622837370242,0.7171428571428572,0.3868669119511375,0.3981703434633037,0.08571428571428572,0.07612456747404844,0.06857142857142857,0.1742857142857143,9.414285714285715,0.04152249134948097,0.0,0.035102338004876214,0.1319663491490371,7.377162629757786,0.0,0.0,0.15,0.07958477508650519,0,0.18788686585743775,0.2781486833475975,4.225377214711283,0.8902577296872028,0.0,1.0,0.0,0.1,0.0,0.1,0.0,0.08,0.07612456747404844,0.5,0.25
221,0.9794892585943172,0.47172028786880105,0.956848488494051,0.469958950877431,0.24899929058488912,0.46146938034749196,0.84375,0.40646166577239135,0.4120301208940385,0.10416666666666667,0.6942857142857143,0.3868669119511375,0.3981703434633037,0.08571428571428572,0.09375,0.08571428571428572,0.17714285714285713,9.457142857142857,0.041666666666666664,0.002857142857142857,0.03511101227412356,0.13196634914903713,7.375,0.0,0.0,0.15,0.0798611111111111,0,0.18763171938529338,0.2767579399308595,4.226583956131343,0.8724525750934589,0.0,1.0,0.0,0.1,0.0,0.1,0.0,0.08,0.09688581314878893,0.5,0.25
222,0.9795460550413021,0.47087701641157587,0.9568830521510654,0.46939362137793456,0.24899929058488912,0.4615233012499896,0.8745644599303136,0.40750554977129044,0.4113261713114507,0.10452961672473868,0.7171428571428572,0.3868669119511375,0.3981703434633037,0.08571428571428572,0.059233449477351915,0.05714285714285714,0.18,9.482857142857142,0.03484320557491289,0.002857142857142857,0.0351185029084532,0.13196634914903713,7.351916376306621,0.0,0.0,0.15,0.08013937282229965,0,0.18723541935979549,0.2753741502312052,4.199195134151573,0.8550035235915896,0.0,1.0,0.0,0.1,0.0,0.1,0.0,0.08,0.0625,0.5,0.25
223,0.9817732852789244,0.4699209448713132,0.9582688518656736,0.468735525291632,0.24899929058488912,0.46168381591082425,0.8566433566433567,0.408246056054293,0.4121957422583585,0.1048951048951049,0.7,0.38698119766542327,0.39825605774901807,0.08571428571428572,0.0944055944055944,0.08285714285714285,0.18285714285714286,9.514285714285714,0.03146853146853147,0.002857142857142857,0.03519386177626545,0.13196634914903713,7.265734265734266,0.0,0.0,0.15,0.08041958041958042,0,0.1874955528526566,0.27399727948004915,4.1980683743256835,0.9057655331200002,0.0,0.9655172413793104,0.0,0.1,0.0,0.1,0.0,0.08,0.09407665505226481,0.5,0.25
224,0.9807933056013369,0.47003085752987595,0.9574885041202488,0.4687950859768815,0.24899929058488912,0.4618385058713873,0.8701754385964913,0.4093691041110011,0.4109800316644014,0.10526315789473684,0.7085714285714285,0.3870383405225661,0.3982989148918752,0.08571428571428572,0.06315789473684211,0.054285714285714284,0.18571428571428572,9.542857142857143,0.028070175438596492,0.002857142857142857,0.035372145960606324,0.13196634914903713,7.087719298245614,0.0,0.0,0.15,0.08070175438596491,0,0.18738607580267902,0.30140023320615533,4.168392721124885,0.8876502224576002,0.0,0.9473684210526315,0.0,0.1,0.0,0.1,0.0,0.08,0.06293706293706294,0.5,0.25
225,0.9800070525615459,0.4709575516480254,0.956848269502133,0.4696495328574141,0.24899929058488912,0.462004341997046,0.8701754385964913,0.40950945498819413,0.41108529482229617,0.10877192982456141,0.7085714285714285,0.3871526262368518,0.3983846291775895,0.08857142857142856,0.05964912280701754,0.05714285714285714,0.18571428571428572,9.585714285714285,0.031578947368421054,0.0,0.035404813182036726,0.13196634914903713,7.087719298245614,0.0,0.0,0.15,0.08070175438596491,0,0.18744786113795137,0.2998932320401246,4.142167723845244,0.8932981427776016,0.0,0.95,0.0,0.1,0.0,0.1,0.0,0.08,0.05964912280701754,0.5,0.25
226,0.9804230452109146,0.4705356441494245,0.957073371619067,0.4696991611722009,0.24899929058488912,0.46229598138648303,0.8661971830985915,0.4088100150046427,0.41165033159145975,0.10915492957746478,0.7028571428571428,0.3871526262368518,0.3983846291775895,0.08857142857142856,0.07042253521126761,0.06571428571428571,0.18857142857142858,9.588571428571429,0.028169014084507043,0.002857142857142857,0.03546631819225925,0.13196634914903713,7.014084507042254,0.0,0.0,0.15,0.08098591549295775,0,0.1872784953502258,0.29839376587992394,4.125038655082625,0.8754321799220495,0.0,1.0,0.0,0.1,0.0,0.1,0.0,0.08,0.07017543859649122,0.5,0.25
227,0.9794984120723558,0.4707569675999905,0.9563230978723508,0.4700838835787246,0.24899929058488912,0.4624719335362051,0.8661971830985915,0.4089508600750652,0.41175596539427667,0.10915492957746478,0.7028571428571428,0.38726691195113755,0.3984703434633038,0.08857142857142856,0.07394366197183098,0.06571428571428571,0.18857142857142858,9.608571428571429,0.028169014084507043,0.0,0.035495688236491255,0.13196634914903713,7.014084507042254,0.0,0.0,0.15,0.08098591549295775,0,0.18742653287347463,0.2969017970505244,4.108252167695259,0.9225273799581979,0.0,0.9565217391304348,0.0,0.1,0.0,0.1,0.0,0.08,0.07394366197183098,0.5,0.25
228,0.9805649426204724,0.47068394271463704,0.957188511231394,0.4703821896812753,0.24899929058488912,0.4626936127998845,0.8943661971830986,0.4090212826102765,0.4118087822956851,0.10915492957746478,0.7257142857142858,0.3873240548082804,0.39851320060616086,0.08857142857142856,0.07746478873239436,0.07714285714285714,0.18857142857142858,9.634285714285713,0.028169014084507043,0.0,0.035495688236491255,0.13196634914903713,7.014084507042254,0.0,0.0,0.15,0.08098591549295775,0,0.18763040733412514,0.29541728806527173,4.10322998148421,0.9040768323590339,0.0,0.9629629629629629,0.0,0.1,0.0,0.1,0.0,0.08,0.07746478873239436,0.5,0.25
229,0.9804351020134797,0.47019808771401955,0.9570831548531485,0.47033642101632195,0.24899929058488912,0.4628498433558474,0.852112676056338,0.4090212826102765,0.4118087822956851,0.10915492957746478,0.6914285714285714,0.3873240548082804,0.39851320060616086,0.08857142857142856,0.08098591549295775,0.07142857142857142,0.18857142857142858,9.662857142857144,0.028169014084507043,0.0,0.035495688236491255,0.13196634914903713,7.014084507042254,0.0,0.0,0.15,0.08098591549295775,0,0.1872629702974545,0.2939402016249454,4.092593953283097,0.8859952957118532,0.0,1.0,0.0,0.1,0.0,0.1,0.0,0.08,0.08098591549295775,0.5,0.25
230,0.9812815369223967,0.4702651568561605,0.9576051100548771,0.4703251172496882,0.24899929058488912,0.46296896718845104,0.8904593639575972,0.41016250709904467,0.4119461600334529,0.10954063604240283,0.72,0.3873240548082804,0.39851320060616086,0.08857142857142856,0.06007067137809187,0.05714285714285714,0.19142857142857142,9.691428571428572,0.028268551236749116,0.002857142857142857,0.03551220661174095,0.1319663491490371,6.996466431095406,0.0,0.0,0.15,0.0812720848056537,0,0.18675494116025299,0.29247050061682067,4.067884931360292,0.8682753897976161,0.0,1.0,0.0,0.1,0.0,0.1,0.0,0.08,0.06338028169014084,0.5,0.25
231,0.9820457392984367,0.4695649614835206,0.9573434858995359,0.469565810782577,0.24899929058488912,0.4631818059714514,0.8900709219858156,0.4104943907018623,0.41175264900944836,0.1099290780141844,0.7171428571428572,0.3873811976654232,0.398556057749018,0.08857142857142856,0.06382978723404255,0.05714285714285714,0.19428571428571428,9.74,0.02127659574468085,0.002857142857142857,0.03553673304041599,0.1319663491490371,6.964539007092198,0.0,0.0,0.15,0.08156028368794327,0,0.18684831074016597,0.29100814811373654,4.043670089875944,0.8605063010797865,0.0,0.95,0.0,0.1,0.0,0.1,0.0,0.08,0.06713780918727916,0.5,0.25
232,0.9822037515146474,0.4694597983822657,0.9574707985994542,0.4694719295189047,0.24899929058488912,0.46315536552195014,0.8652482269503546,0.4104943907018623,0.41175264900944836,0.1099290780141844,0.6971428571428572,0.3873811976654232,0.398556057749018,0.08857142857142856,0.06382978723404255,0.054285714285714284,0.19428571428571428,9.762857142857143,0.028368794326241134,0.0,0.03555743444065676,0.1319663491490371,6.964539007092198,0.0,0.0,0.15,0.08156028368794327,0,0.18654078704003657,0.28955310737316786,4.017082402364139,0.8432961750581909,0.0,1.0,0.0,0.1,0.0,0.1,0.0,0.08,0.06382978723404255,0.5,0.25
233,0.983168770890257,0.47003366339742925,0.9582392432131303,0.469547013572381,0.24899929058488912,0.4631659182827054,0.8790035587188612,0.41141943950750703,0.41212876738274784,0.1103202846975089,0.7057142857142857,0.387495483379709,0.3986417720347323,0.08857142857142856,0.07473309608540925,0.07428571428571429,0.19714285714285715,9.797142857142857,0.02491103202846975,0.002857142857142857,0.03556952476315225,0.1319663491490371,6.93950177935943,0.0,0.0,0.15,0.08185053380782918,0,0.18652194024769359,0.31181661477185557,4.011026468602569,0.8998388189313824,0.0,0.9615384615384616,0.0,0.1,0.0,0.1,0.0,0.08,0.07801418439716312,0.5,0.25
234,0.9839377352125898,0.4696876655657111,0.9586759378012291,0.4696295236794631,0.24899929058488912,0.46321772766229774,0.9071428571428571,0.41275093408654223,0.41159855945621443,0.11071428571428571,0.7257142857142858,0.387495483379709,0.3986417720347323,0.08857142857142856,0.06428571428571428,0.06285714285714286,0.2,9.817142857142857,0.02142857142857143,0.002857142857142857,0.03557428854377022,0.13196634914903713,6.935714285714286,0.0,0.0,0.15,0.07857142857142857,0,0.18624462054288365,0.3102575316979963,3.9936630820876613,0.8818420425527548,0.0,1.0,0.0,0.1,0.0,0.1,0.0,0.08,0.06761565836298933,0.5,0.25
235,0.982005664431716,0.46944861912517266,0.9571302811765301,0.4696969583834032,0.24899929058488912,0.46329106742530446,0.8785714285714286,0.4128937912293994,0.4117057023133573,0.11071428571428571,0.7028571428571428,0.3876097690939946,0.3987274863204466,0.08857142857142856,0.06428571428571428,0.06285714285714286,0.2,9.825714285714286,0.02142857142857143,0.0,0.03559029059578963,0.13196634914903713,6.935714285714286,0.0,0.0,0.15,0.07857142857142857,0,0.1862841124401692,0.3087062440395063,3.9766469633030512,0.8815513729192622,0.0,0.9545454545454546,0.0,0.1,0.0,0.1,0.0,0.08,0.06428571428571428,0.5,0.25
236,0.9836971326120498,0.4689281778567028,0.958325275302482,0.4690809129955144,0.24899929058488912,0.4632900934474039,0.8924731182795699,0.4136375719107064,0.4107212362203686,0.1111111111111111,0.7114285714285714,0.3876097690939946,0.3987274863204466,0.08857142857142856,0.06093189964157706,0.05142857142857143,0.20285714285714285,9.851428571428572,0.017921146953405017,0.002857142857142857,0.03559359702161267,0.13196634914903713,6.910394265232975,0.0,0.0,0.15,0.07885304659498207,0,0.1857806925922541,0.3071627128193088,3.9485425954655615,0.8639203454608769,0.0,1.0,0.0,0.1,0.0,0.1,0.0,0.08,0.060714285714285714,0.5,0.25
237,0.9835054327629627,0.470095071108497,0.9581724631370668,0.4700338220151322,0.24899929058488912,0.4633135234597812,0.9139784946236559,0.4136375719107064,0.4107212362203686,0.1111111111111111,0.7285714285714285,0.3876097690939946,0.3987274863204466,0.08857142857142856,0.07168458781362007,0.06,0.20285714285714285,9.868571428571428,0.017921146953405017,0.0,0.03562624279460922,0.13196634914903713,6.910394265232975,0.0,0.0,0.15,0.07885304659498207,0,0.18527993198643566,0.30562689925521225,3.92957174355625,0.8466419385516594,0.0,1.0,0.0,0.1,0.0,0.1,0.0,0.08,0.07168458781362007,0.5,0.25
238,0.9824392252582314,0.4703562501158613,0.957322543440438,0.4702795820860001,0.24899929058488912,0.4632299843963936,0.8853046594982079,0.4136375719107064,0.4107212362203686,0.1111111111111111,0.7057142857142857,0.3876097690939946,0.3987274863204466,0.08857142857142856,0.04659498207885305,0.037142857142857144,0.20285714285714285,9.891428571428571,0.017921146953405017,0.0,0.03562624279460922,0.13196634914903713,6.910394265232975,0.0,0.0,0.15,0.07885304659498207,0,0.18478124732650347,0.30409876475893616,3.888123165827982,0.8297090997806262,0.0,1.0,0.0,0.1,0.0,0.1,0.0,0.08,0.04659498207885305,0.5,0.25
239,0.9837419746815206,0.4695058029814391,0.95836102083786,0.46935448011331404,0.24899929058488912,0.4631547990555903,0.8709677419354839,0.4136375719107064,0.4107212362203686,0.1111111111111111,0.6942857142857143,0.3876097690939946,0.3987274863204466,0.08857142857142856,0.07885304659498207,0.06571428571428571,0.20285714285714285,9.925714285714285,0.017921146953405017,0.0,0.03562624279460922,0.13196634914903713,6.910394265232975,0.0,0.0,0.15,0.07885304659498207,0,0.18448391964346025,0.30257827093514145,3.8760749882257084,0.8131149177850137,0.0,1.0,0.0,0.1,0.0,0.1,0.0,0.08,0.07885304659498207,0.5,0.25
240,0.9826764811794404,0.4695506475590317,0.9575611660714034,0.4692799283629874,0.24899929058488912,0.4629379570367142,0.8489208633093526,0.41313292542507535,0.411100537679888,0.11151079136690648,0.6742857142857143,0.3876097690939946,0.3987274863204466,0.08857142857142856,0.07553956834532374,0.06571428571428571,0.2057142857142857,9.971428571428572,0.017985611510791366,0.002857142857142857,0.0356251514630167,0.13196634914903713,6.892086330935252,0.0,0.0,0.15,0.07913669064748201,0,0.1840747871881001,0.3010653795804658,3.8642677741754805,0.7968526194293134,0.0,1.0,0.0,0.1,0.0,0.1,0.0,0.08,0.07885304659498207,0.5,0.25
241,0.9824967768822933,0.46953112526528823,0.9574184295153837,0.46931434408444755,0.24899929058488912,0.46279150025332166,0.8848920863309353,0.41313292542507535,0.411100537679888,0.11151079136690648,0.7028571428571428,0.3876097690939946,0.3987274863204466,0.08857142857142856,0.05755395683453238,0.054285714285714284,0.2057142857142857,9.982857142857142,0.017985611510791366,0.0,0.03564775017732523,0.13196634914903713,6.892086330935252,0.0,0.0,0.15,0.07913669064748201,0,0.1836111275378739,0.29956005268256347,3.8412681329776843,0.7809155670407272,0.0,1.0,0.0,0.1,0.0,0.1,0.0,0.08,0.05755395683453238,0.5,0.25
242,0.9821492898932103,0.4687059923658767,0.9571424255640548,0.46851055145690385,0.24899929058488912,0.46275940237066354,0.8741007194244604,0.41313292542507535,0.411100537679888,0.11151079136690648,0.6942857142857143,0.3876097690939946,0.3987274863204466,0.08857142857142856,0.03597122302158273,0.03428571428571429,0.2057142857142857,10.01142857142857,0.02158273381294964,0.0,0.03564775017732523,0.13196634914903713,6.892086330935252,0.0,0.0,0.15,0.07913669064748201,0,0.18323238320413038,0.2980622524191507,3.798728484603845,0.7652972556999126,0.0,1.0,0.0,0.1,0.0,0.1,0.0,0.08,0.03597122302158273,0.5,0.25
243,0.9827577473474817,0.46807454928098163,0.9576257146277335,0.4676973065815787,0.24899929058488912,0.46276591014951496,0.8741007194244604,0.4132768103171617,0.41120845134895273,0.11151079136690648,0.6942857142857143,0.38772405480828037,0.3988132006061608,0.08857142857142856,0.07913669064748201,0.07428571428571429,0.2057142857142857,10.04,0.02158273381294964,0.0,0.03564775017732523,0.13196634914903713,6.892086330935252,0.0,0.0,0.15,0.07913669064748201,0,0.18370956798320934,0.29657194115705493,3.797039629197482,0.7649682797667289,0.0,0.9615384615384616,0.0,0.1,0.0,0.1,0.0,0.08,0.07913669064748201,0.5,0.25
244,0.9826936232573477,0.4685666216453457,0.9576242285696918,0.4677015180437895,0.24899929058488912,0.4627164515604591,0.8808664259927798,0.41360744224623985,0.40976458621671175,0.11191335740072202,0.6971428571428572,0.38772405480828037,0.3988132006061608,0.08857142857142856,0.061371841155234655,0.05714285714285714,0.20857142857142857,10.065714285714286,0.018050541516245487,0.002857142857142857,0.03567959837774656,0.13196634914903713,6.873646209386282,0.0,0.0,0.15,0.07942238267148015,0,0.18324759228615042,0.29508908145126966,3.778241693756389,0.7496689141713943,0.0,1.0,0.0,0.1,0.0,0.1,0.0,0.08,0.06474820143884892,0.5,0.25
245,0.9830323796664677,0.4677971515685616,0.9578923300706237,0.46665778754893594,0.24899929058488912,0.4626763218930786,0.8447653429602888,0.4137518465783698,0.40987288946580924,0.11191335740072202,0.6685714285714286,0.38783834052256605,0.3988989148918751,0.08857142857142856,0.05054151624548736,0.05142857142857143,0.20857142857142857,10.102857142857143,0.018050541516245487,0.0,0.03567959837774656,0.13196634914903713,6.873646209386282,0.0,0.0,0.15,0.07942238267148015,0,0.18315964003900542,0.2936136360440133,3.754105431309833,0.7969646501267719,0.0,0.9444444444444444,0.0,0.1,0.0,0.1,0.0,0.08,0.05054151624548736,0.5,0.25
246,0.9831224220155382,0.4688706678624859,0.9579635921583167,0.4673493699825284,0.24899929058488912,0.46247371745456034,0.8736462093862816,0.4139684530765647,0.41003534433945543,0.11191335740072202,0.6914285714285714,0.38800976909399465,0.3990274863204466,0.08857142857142856,0.036101083032490974,0.03428571428571429,0.20857142857142857,10.125714285714286,0.018050541516245487,0.0,0.03567959837774656,0.13196634914903713,6.873646209386282,0.0,0.0,0.15,0.07942238267148015,0,0.18381469969595324,0.2921455678637932,3.7133090369693504,0.9450728000000008,0.0,0.75,0.0,0.1,0.0,0.1,0.0,0.08,0.036101083032490974,0.5,0.25
247,0.9834560581065038,0.4693057251784014,0.9582276412931666,0.46740402725617053,0.24899929058488912,0.4624920388371537,0.8844765342960289,0.4139684530765647,0.41003534433945543,0.11191335740072202,0.7,0.38800976909399465,0.3990274863204466,0.08857142857142856,0.06498194945848375,0.054285714285714284,0.20857142857142857,10.142857142857142,0.021660649819494584,0.0,0.03567959837774656,0.13196634914903713,6.873646209386282,0.0,0.0,0.15,0.07942238267148015,0,0.18357962762604488,0.2906848400244742,3.6933285705156775,0.9261713440000008,0.0,1.0,0.0,0.1,0.0,0.1,0.0,0.08,0.06498194945848375,0.5,0.25
248,0.9836738106721615,0.46988392128688017,0.9583999768951301,0.467740596477389,0.24899929058488912,0.4625123755642255,0.8953068592057761,0.4139684530765647,0.41003534433945543,0.11191335740072202,0.7085714285714285,0.38800976909399465,0.3990274863204466,0.08857142857142856,0.04693140794223827,0.04285714285714286,0.20857142857142857,10.137142857142857,0.021660649819494584,0.0,0.03567959837774656,0.13196634914903713,6.873646209386282,0.0,0.0,0.15,0.07942238267148015,0,0.18331545873795038,0.28923141582435186,3.662319141962507,0.9076479171200007,0.0,1.0,0.0,0.1,0.0,0.1,0.0,0.08,0.04693140794223827,0.5,0.25
249,0.9831197612846911,0.47069150520242137,0.9579614863799034,0.46830775304780825,0.24899929058488912,0.462634552915442,0.8447653429602888,0.4139684530765647,0.41003534433945543,0.11191335740072202,0.6685714285714286,0.38800976909399465,0.3990274863204466,0.08857142857142856,0.05776173285198556,0.05142857142857143,0.20857142857142857,10.142857142857142,0.021660649819494584,0.0,0.03567959837774656,0.13196634914903713,6.873646209386282,0.0,0.0,0.15,0.07942238267148015,0,0.1830817528193677,0.2877852587452301,3.640501330551828,0.8894949587776007,0.0,1.0,0.0,0.1,0.0,0.1,0.0,0.08,0.05776173285198556,0.5,0.25
250,0.9832993669543829,0.47146984519842405,0.9581036314384881,0.46909752632644575,0.24899929058488912,0.4627842847683358,0.8808664259927798,0.41404065524262973,0.4100894959640042,0.11191335740072202,0.6971428571428572,0.3880669119511375,0.3990703434633037,0.08857142857142856,0.07220216606498195,0.06,0.20857142857142857,10.151428571428571,0.018050541516245487,0.0,0.03567959837774656,0.13196634914903713,6.873646209386282,0.0,0.0,0.15,0.07942238267148015,0,0.18310848762669943,0.3019906257479053,3.627691303940791,0.9048573998742454,0.0,0.9523809523809523,0.0,0.1,0.0,0.1,0.0,0.08,0.07220216606498195,0.5,0.25
251,0.9819757325831528,0.47131223287409235,0.9570560693789719,0.46907241129275395,0.24899929058488912,0.4629107521934276,0.851985559566787,0.41404065524262973,0.4100894959640042,0.11191335740072202,0.6742857142857143,0.3880669119511375,0.3990703434633037,0.08857142857142856,0.039711191335740074,0.03428571428571429,0.20857142857142857,10.168571428571429,0.021660649819494584,0.0,0.03567959837774656,0.13196634914903713,6.873646209386282,0.0,0.0,0.15,0.07942238267148015,0,0.1825923744742802,0.3004806726191658,3.5894231921476902,0.8867602518767606,0.0,1.0,0.0,0.1,0.0,0.1,0.0,0.08,0.039711191335740074,0.5,0.25
252,0.9832057605885148,0.4723333270546472,0.9580295486860723,0.46998051465402974,0.24899929058488912,0.4630867151672178,0.8700361010830325,0.41418505957475965,0.4101977992131017,0.11191335740072202,0.6885714285714286,0.3881811976654233,0.399156057749018,0.08857142857142856,0.05776173285198556,0.05142857142857143,0.20857142857142857,10.182857142857143,0.021660649819494584,0.0,0.03567959837774656,0.13196634914903713,6.873646209386282,0.0,0.0,0.15,0.07942238267148015,0,0.18267784474119453,0.29897826925606996,3.5690632997333074,0.8779928403409956,0.0,0.9444444444444444,0.0,0.1,0.0,0.1,0.0,0.08,0.05776173285198556,0.5,0.25
253,0.9851496327746493,0.4719808889017829,0.9595679846733844,0.46931207213655884,0.24899929058488912,0.4633184385477628,0.8953068592057761,0.41418505957475965,0.4101977992131017,0.11191335740072202,0.7085714285714285,0.3881811976654233,0.399156057749018,0.08857142857142856,0.06498194945848375,0.054285714285714284,0.20857142857142857,10.202857142857143,0.021660649819494584,0.0,0.03567959837774656,0.13196634914903713,6.873646209386282,0.0,0.0,0.15,0.07942238267148015,0,0.18233431622820281,0.2974833779097896,3.551967748024356,0.8604329835341757,0.0,1.0,0.0,0.1,0.0,0.1,0.0,0.08,0.06498194945848375,0.5,0.25
254,0.9850801201830183,0.4728202554603645,0.9590608896615767,0.46923088083587344,0.24899929058488912,0.46342129984767727,0.8731884057971014,0.4148064192852399,0.41033716526101943,0.11231884057971014,0.6885714285714286,0.3881811976654233,0.399156057749018,0.08857142857142856,0.036231884057971016,0.03428571428571429,0.21142857142857144,10.202857142857143,0.018115942028985508,0.002857142857142857,0.03572129119222894,0.13196634914903713,6.855072463768116,0.0,0.0,0.15,0.07971014492753623,0,0.18184979035777613,0.29599596102024067,3.515214107349583,0.8432243238634921,0.0,1.0,0.0,0.1,0.0,0.1,0.0,0.08,0.039711191335740074,0.5,0.25
255,0.9850381589734616,0.47225991259171346,0.9590278002506122,0.46891046293732075,0.24899929058488912,0.46361433740001057,0.8586956521739131,0.41495134682147183,0.41044586091319335,0.11231884057971014,0.6771428571428572,0.38829548337970893,0.39924177203473227,0.08857142857142856,0.06521739130434782,0.054285714285714284,0.21142857142857144,10.225714285714286,0.021739130434782608,0.0,0.03572129119222894,0.13196634914903713,6.855072463768116,0.0,0.0,0.15,0.07971014492753623,0,0.1819109699774158,0.29451598121513944,3.4991955394883045,0.8263598373862223,0.0,0.9473684210526315,0.0,0.1,0.0,0.1,0.0,0.08,0.06521739130434782,0.5,0.25
256,0.9852170276107318,0.47278360918348133,0.959168850947431,0.46911012476789915,0.24899929058488912,0.4638171224368629,0.8804347826086957,0.41495134682147183,0.41044586091319335,0.11231884057971014,0.6942857142857143,0.38829548337970893,0.39924177203473227,0.08857142857142856,0.06884057971014493,0.06571428571428571,0.21142857142857144,10.24,0.021739130434782608,0.0,0.03572129119222894,0.13196634914903713,6.855072463768116,0.0,0.0,0.15,0.07971014492753623,0,0.18171243078835006,0.29304340130906376,3.4949259144128244,0.8098326406384979,0.0,1.0,0.0,0.1,0.0,0.1,0.0,0.08,0.06884057971014493,0.5,0.25
257,0.9823784668155792,0.47255721142097357,0.9569304430061106,0.4695469892414111,0.24899929058488912,0.4641408835358104,0.8840579710144928,0.41495134682147183,0.41044586091319335,0.11231884057971014,0.6971428571428572,0.38829548337970893,0.39924177203473227,0.08857142857142856,0.03985507246376811,0.037142857142857144,0.21142857142857144,10.265714285714285,0.021739130434782608,0.0,0.03572129119222894,0.13196634914903713,6.855072463768116,0.0,0.0,0.15,0.07971014492753623,0,0.18111786863440832,0.2915781843025184,3.4621702532674252,0.7936359878257279,0.0,1.0,0.0,0.1,0.0,0.1,0.0,0.08,0.03985507246376811,0.5,0.25
258,0.9831890740903738,0.4728270285738841,0.9575151863239879,0.4695555643152389,0.24899929058488912,0.46442429356973314,0.8472727272727273,0.4135484393909253,0.40964020712434096,0.10909090909090909,0.6657142857142857,0.38829548337970893,0.39924177203473227,0.08857142857142856,0.03272727272727273,0.02857142857142857,0.21428571428571427,10.26,0.01818181818181818,0.002857142857142857,0.03582019496783983,0.13196634914903713,6.741818181818182,0.0,0.0,0.15,0.08,0,0.18063900070196842,0.2901202933810058,3.421498276773505,0.7777632680692134,0.0,1.0,0.0,0.1,0.0,0.1,0.0,0.08,0.03260869565217391,0.5,0.25
259,0.982116808337983,0.4726234100680912,0.9566726918042521,0.4695380297000434,0.24899929058488912,0.46480558453149484,0.8763636363636363,0.41383934848183435,0.4097492980334319,0.10909090909090909,0.6885714285714286,0.3885240548082804,0.39932748632044657,0.08857142857142856,0.05818181818181818,0.05142857142857143,0.21428571428571427,10.262857142857143,0.01818181818181818,0.0,0.035847935116838245,0.13196634914903713,6.741818181818182,0.0,0.0,0.15,0.08,0,0.18104880712703,0.28866969191410075,3.404496882666607,0.7690223892601038,0.0,0.8888888888888888,0.0,0.1,0.0,0.1,0.0,0.08,0.05818181818181818,0.5,0.25
260,0.9832313080268659,0.4723108209081856,0.9575483701312318,0.469172677660011,0.24899929058488912,0.46504911036947494,0.8618181818181818,0.4139848030272889,0.4098583889425228,0.10909090909090909,0.6771428571428572,0.3886383405225661,0.39941320060616087,0.08857142857142856,0.07272727272727272,0.06285714285714286,0.21428571428571427,10.28,0.02181818181818182,0.0,0.035847935116838245,0.13196634914903713,6.741818181818182,0.0,0.0,0.15,0.08,0,0.1813687173556984,0.28722634345453024,3.3992640878704177,0.7581451332854776,0.0,0.9545454545454546,0.0,0.1,0.0,0.1,0.0,0.08,0.07272727272727272,0.5,0.25
261,0.9839096866186628,0.47207264443226366,0.958081381881929,0.4689730919238492,0.24899929058488912,0.46520184786193625,0.8545454545454545,0.4141302575727434,0.4099674798516137,0.10909090909090909,0.6714285714285714,0.38875262623685175,0.39949891489187517,0.08857142857142856,0.05818181818181818,0.054285714285714284,0.21428571428571427,10.297142857142857,0.025454545454545455,0.0,0.035847935116838245,0.13196634914903713,6.741818181818182,0.0,0.0,0.15,0.08,0,0.18137530376891992,0.2857902117372576,3.3855645203987232,0.7878051203631501,0.0,0.9473684210526315,0.0,0.1,0.0,0.1,0.0,0.08,0.05818181818181818,0.5,0.25
262,0.983104949234547,0.47212114619776685,0.9574490882229812,0.4688238940104072,0.24899929058488912,0.4653524624350275,0.8545454545454545,0.414275712118198,0.41007657076070464,0.10909090909090909,0.6714285714285714,0.38886691195113754,0.39958462917758947,0.08857142857142856,0.06909090909090909,0.05714285714285714,0.21428571428571427,10.317142857142857,0.025454545454545455,0.0,0.035847935116838245,0.13196634914903713,6.741818181818182,0.0,0.0,0.15,0.08,0,0.18149444148232524,0.2999380892744518,3.3749960871336055,0.8294847261987949,0.0,0.95,0.0,0.1,0.0,0.1,0.0,0.08,0.06909090909090909,0.5,0.25
263,0.9835606390623424,0.47192165673069636,0.9578071302305345,0.4684676138056706,0.24899929058488912,0.46552805206257697,0.8690909090909091,0.414275712118198,0.41007657076070464,0.10909090909090909,0.6828571428571428,0.38886691195113754,0.39958462917758947,0.08857142857142856,0.07636363636363637,0.06571428571428571,0.21428571428571427,10.331428571428571,0.025454545454545455,0.0,0.035847935116838245,0.13196634914903713,6.741818181818182,0.0,0.0,0.15,0.08,0,0.18107225498919932,0.29843839882807954,3.373210451105219,0.8128950316748189,0.0,1.0,0.0,0.1,0.0,0.1,0.0,0.08,0.07636363636363637,0.5,0.25
264,0.981395311757518,0.47130908130062843,0.9561058016338869,0.4676560160628523,0.24899929058488912,0.4657996618879899,0.9018181818181819,0.4143484393909253,0.41013111621525006,0.10909090909090909,0.7085714285714285,0.3889240548082804,0.39962748632044653,0.08857142857142856,0.07272727272727272,0.06857142857142857,0.21428571428571427,10.32857142857143,0.025454545454545455,0.0,0.035847935116838245,0.13196634914903713,6.741818181818182,0.0,0.0,0.15,0.08,0,0.18113775157139617,0.2969462068339392,3.3743176706545435,0.9057655331200002,0.0,0.9583333333333334,0.0,0.1,0.0,0.1,0.0,0.08,0.07272727272727272,0.5,0.25
265,0.9797693220522621,0.4710786130292674,0.954828238294043,0.46751151891038,0.24899929058488912,0.4660450317630929,0.8763636363636363,0.41449389393637986,0.410240207124341,0.10909090909090909,0.6885714285714286,0.3890383405225661,0.39971320060616095,0.08857142857142856,0.07272727272727272,0.06,0.21428571428571427,10.362857142857143,0.025454545454545455,0.0,0.035847935116838245,0.13196634914903713,6.741818181818182,0.0,0.0,0.15,0.08,0,0.18136675164317664,0.2954614757997695,3.366831317241453,0.906705740130189,0.0,0.9523809523809523,0.0,0.1,0.0,0.1,0.0,0.08,0.07272727272727272,0.5,0.25
266,0.9791072793474206,0.4708667410081587,0.9543038157176063,0.4672200304886124,0.24899929058488912,0.4664086427728161,0.864963503649635,0.4145959454098289,0.4100665952806046,0.10948905109489052,0.6771428571428572,0.3890383405225661,0.39971320060616095,0.08857142857142856,0.0364963503649635,0.04,0.21714285714285714,10.388571428571428,0.021897810218978103,0.002857142857142857,0.0359255509575858,0.1319663491490371,6.671532846715328,0.0,0.0,0.15,0.08029197080291971,0,0.1808307750278179,0.29398416842077063,3.3394946908966237,0.8885716253275852,0.0,1.0,0.0,0.1,0.0,0.1,0.0,0.08,0.04,0.5,0.25
267,0.9793632168619704,0.4703530326969748,0.9542209242115574,0.466731541575463,0.24899929058488912,0.466698937337363,0.8791208791208791,0.4134419178745365,0.4097395744355671,0.10989010989010989,0.6857142857142857,0.3890383405225661,0.39971320060616095,0.08857142857142856,0.06593406593406594,0.05714285714285714,0.22,10.405714285714286,0.018315018315018316,0.002857142857142857,0.03599784050683013,0.1319663491490371,6.6300366300366305,0.0,0.0,0.15,0.08058608058608059,0,0.18098233615267884,0.2925142475786668,3.3298476542215485,0.8708001928210335,0.0,0.95,0.0,0.1,0.0,0.1,0.0,0.08,0.06934306569343066,0.5,0.25
268,0.9783434418597771,0.4706867058499964,0.9534254997098466,0.4672604387560639,0.24899929058488912,0.46704838844939855,0.8498168498168498,0.4134419178745365,0.4097395744355671,0.10989010989010989,0.6628571428571428,0.3890383405225661,0.39971320060616095,0.08857142857142856,0.06593406593406594,0.05714285714285714,0.22,10.397142857142857,0.018315018315018316,0.0,0.03600134118540018,0.1319663491490371,6.6300366300366305,0.0,0.0,0.15,0.08058608058608059,0,0.18061942518620117,0.29105167634077345,3.3203935582799744,0.8533841889646128,0.0,1.0,0.0,0.1,0.0,0.1,0.0,0.08,0.06593406593406594,0.5,0.25
269,0.9786840122436824,0.47008455900841994,0.9536911446092925,0.4668698707202955,0.24899929058488912,0.4672844851487828,0.8681318681318682,0.4134419178745365,0.4097395744355671,0.10989010989010989,0.6771428571428572,0.3890383405225661,0.39971320060616095,0.08857142857142856,0.054945054945054944,0.05142857142857143,0.22,10.40857142857143,0.018315018315018316,0.0,0.03600134118540018,0.1319663491490371,6.6300366300366305,0.0,0.0,0.15,0.08058608058608059,0,0.18005918520312728,0.28959641795906965,3.3054142585429456,0.8363165051853205,0.0,1.0,0.0,0.1,0.0,0.1,0.0,0.08,0.054945054945054944,0.5,0.25
270,0.9783992619093063,0.47003721488430544,0.9534690393484792,0.4667652905167001,0.24899929058488912,0.46743835275154655,0.8424908424908425,0.4134419178745365,0.4097395744355671,0.10989010989010989,0.6571428571428571,0.3890383405225661,0.39971320060616095,0.08857142857142856,0.05860805860805861,0.04857142857142857,0.22,10.428571428571429,0.018315018315018316,0.0,0.03600134118540018,0.1319663491490371,6.6300366300366305,0.0,0.0,0.15,0.08058608058608059,0,0.17978546498782594,0.2881484358692743,3.2878774019435157,0.8195901750816141,0.0,1.0,0.0,0.1,0.0,0.1,0.0,0.08,0.05860805860805861,0.5,0.25
271,0.9789343004062575,0.46982489621068496,0.953886369376101,0.4663618986145067,0.24899929058488912,0.46767693683356915,0.8608058608058609,0.4134419178745365,0.4097395744355671,0.10989010989010989,0.6714285714285714,0.3890383405225661,0.39971320060616095,0.08857142857142856,0.047619047619047616,0.04,0.22,10.434285714285714,0.018315018315018316,0.0,0.03600134118540018,0.1319663491490371,6.6300366300366305,0.0,0.0,0.15,0.08058608058608059,0,0.17925768052002966,0.28670769368992793,3.262119853904645,0.8031983715799819,0.0,1.0,0.0,0.1,0.0,0.1,0.0,0.08,0.047619047619047616,0.5,0.25
272,0.9793986212422919,0.4701514070117751,0.954248539628208,0.4667095166600244,0.24899929058488912,0.46777796962522616,0.8388278388278388,0.41373495816757677,0.4099593546553473,0.10989010989010989,0.6542857142857142,0.38926691195113755,0.3998846291775895,0.08857142857142856,0.06227106227106227,0.054285714285714284,0.22,10.468571428571428,0.02197802197802198,0.0,0.03600134118540018,0.1319663491490371,6.6300366300366305,0.0,0.0,0.15,0.08058608058608059,0,0.1800369767922045,0.28862280569519855,3.251163171112266,0.8095459463224649,0.0,0.8947368421052632,0.0,0.1,0.0,0.1,0.0,0.08,0.06227106227106227,0.5,0.25
273,0.9803356516678937,0.4698076507156866,0.9549794233601774,0.46661610799539566,0.24899929058488912,0.4678927490904582,0.8644688644688645,0.41373495816757677,0.4099593546553473,0.10989010989010989,0.6742857142857143,0.38926691195113755,0.3998846291775895,0.08857142857142856,0.03663003663003663,0.03142857142857143,0.22,10.485714285714286,0.02564102564102564,0.0,0.03600134118540018,0.1319663491490371,6.6300366300366305,0.0,0.0,0.15,0.08058608058608059,0,0.17950779190824348,0.2871796916667226,3.2175684791185923,0.7933550273960156,0.0,1.0,0.0,0.1,0.0,0.1,0.0,0.08,0.03663003663003663,0.5,0.25
274,0.9798750128214244,0.4686532159351558,0.9546201250599311,0.4657399728472817,0.24899929058488912,0.467878752075247,0.8864468864468864,0.41373495816757677,0.4099593546553473,0.10989010989010989,0.6914285714285714,0.38926691195113755,0.3998846291775895,0.08857142857142856,0.047619047619047616,0.045714285714285714,0.22,10.48,0.02197802197802198,0.0,0.03600134118540018,0.1319663491490371,6.6300366300366305,0.0,0.0,0.15,0.08058608058608059,0,0.17918011294513084,0.28574379320838894,3.198931395250506,0.7774879268480953,0.0,1.0,0.0,0.1,0.0,0.1,0.0,0.08,0.047619047619047616,0.5,0.25
275,0.9804777062361585,0.4685907199373927,0.955090225923424,0.4656796980403967,0.24899929058488912,0.4678370944644552,0.8717948717948718,0.41380821824083686,0.41001429971029235,0.10989010989010989,0.68,0.38932405480828036,0.3999274863204466,0.08857142857142856,0.06593406593406594,0.06285714285714286,0.22,10.477142857142857,0.02564102564102564,0.0,0.03600134118540018,0.1319663491490371,6.6300366300366305,0.0,0.0,0.15,0.08058608058608059,0,0.17936736946979795,0.28431507424234703,3.1978099102026394,0.7701058039983457,0.0,0.9545454545454546,0.0,0.1,0.0,0.1,0.0,0.08,0.06593406593406594,0.5,0.25
276,0.9804596667682106,0.46830184641681516,0.9550761551384247,0.4656765440181195,0.24899929058488912,0.46761663446747204,0.8827838827838828,0.41395473838735697,0.4101241898201825,0.10989010989010989,0.6885714285714286,0.38943834052256615,0.4000132006061609,0.08857142857142856,0.0695970695970696,0.054285714285714284,0.22,10.5,0.02564102564102564,0.0,0.03600134118540018,0.1319663491490371,6.6300366300366305,0.0,0.0,0.15,0.08058608058608059,0,0.17935567619387754,0.28993155459756237,3.188139426284301,0.7927612453952708,0.0,0.9473684210526315,0.0,0.1,0.0,0.1,0.0,0.08,0.0695970695970696,0.5,0.25
277,0.9801901195316887,0.46779483253128484,0.9548659082939376,0.46548116192851513,0.24899929058488912,0.4672976224553677,0.8608058608058609,0.41395473838735697,0.4101241898201825,0.10989010989010989,0.6714285714285714,0.38943834052256615,0.4000132006061609,0.08857142857142856,0.05860805860805861,0.05142857142857143,0.22,10.505714285714285,0.02564102564102564,0.0,0.03600134118540018,0.1319663491490371,6.6300366300366305,0.0,0.0,0.15,0.08058608058608059,0,0.178944040670051,0.28848189682457454,3.175805209187186,0.7769060204873653,0.0,1.0,0.0,0.1,0.0,0.1,0.0,0.08,0.05860805860805861,0.5,0.25
278,0.9792809181280608,0.46875249337232433,0.9541567311991077,0.4658670695648851,0.24899929058488912,0.46711781089352883,0.8791208791208791,0.41395473838735697,0.4101241898201825,0.10989010989010989,0.6857142857142857,0.38943834052256615,0.4000132006061609,0.08857142857142856,0.054945054945054944,0.045714285714285714,0.22,10.525714285714285,0.02564102564102564,0.0,0.03600134118540018,0.1319663491490371,6.6300366300366305,0.0,0.0,0.15,0.08058608058608059,0,0.1785896204132364,0.28703948734045165,3.158003390717728,0.7613679000776181,0.0,1.0,0.0,0.1,0.0,0.1,0.0,0.08,0.054945054945054944,0.5,0.25
279,0.9794436562926647,0.46959158395602607,0.9542836669674988,0.4668141052133889,0.24899929058488912,0.467088470488265,0.8827838827838828,0.41395473838735697,0.4101241898201825,0.10989010989010989,0.6885714285714286,0.38943834052256615,0.4000132006061609,0.08857142857142856,0.05128205128205128,0.045714285714285714,0.22,10.537142857142857,0.02564102564102564,0.0,0.03600134118540018,0.1319663491490371,6.6300366300366305,0.0,0.0,0.15,0.08058608058608059,0,0.17818152945402732,0.28560428990374936,3.140557608617659,0.7461405420760657,0.0,1.0,0.0,0.1,0.0,0.1,0.0,0.08,0.05128205128205128,0.5,0.25
280,0.9790947657409498,0.4693805668615413,0.9540115323371611,0.4666030149386524,0.24899929058488912,0.4672518602558754,0.8791208791208791,0.41395473838735697,0.4101241898201825,0.10989010989010989,0.6857142857142857,0.38943834052256615,0.4000132006061609,0.08857142857142856,0.06593406593406594,0.06285714285714286,0.22,10.548571428571428,0.02564102564102564,0.0,0.03600134118540018,0.1319663491490371,6.6300366300366305,0.0,0.0,0.15,0.08058608058608059,0,0.17783276466390008,0.28417626845423066,3.140603599302449,0.7312177312345444,0.0,1.0,0.0,0.1,0.0,0.1,0.0,0.08,0.06593406593406594,0.5,0.25
281,0.9779572063821569,0.46933878665336504,0.9528487757786641,0.4661901679552451,0.24899929058488912,0.46731414651160597,0.875,0.41306864880869165,0.4104613288349516,0.11029411764705882,0.68,0.38960976909399475,0.4001417720347323,0.08857142857142856,0.07352941176470588,0.06285714285714286,0.22285714285714286,10.56857142857143,0.022058823529411766,0.002857142857142857,0.03600302505530429,0.13196634914903713,6.610294117647059,0.0,0.0,0.15,0.08088235294117647,0,0.17834160867988413,0.28966835805954294,3.1406486701735425,0.8946357999604729,0.0,0.9090909090909091,0.0,0.1,0.0,0.1,0.0,0.08,0.07326007326007326,0.5,0.25
282,0.9791379285467506,0.4695996348131993,0.9537663655751484,0.46628399337839727,0.24899929058488912,0.46732698315909454,0.8529411764705882,0.41306864880869165,0.4104613288349516,0.11029411764705882,0.6628571428571428,0.38960976909399475,0.4001417720347323,0.08857142857142856,0.051470588235294115,0.045714285714285714,0.22285714285714286,10.582857142857144,0.022058823529411766,0.0,0.03602303608683427,0.13196634914903713,6.610294117647059,0.0,0.0,0.15,0.08088235294117647,0,0.17799175849362756,0.2882200162692452,3.1235499824843576,0.8767430839612634,0.0,1.0,0.0,0.1,0.0,0.1,0.0,0.08,0.051470588235294115,0.5,0.25
283,0.9796413663665956,0.4689112559764556,0.9541576086808563,0.46564207687180104,0.24899929058488912,0.4672971589182957,0.9007352941176471,0.4132157076322211,0.4105716229525987,0.11029411764705882,0.7,0.3897240548082803,0.40022748632044663,0.08857142857142856,0.07720588235294118,0.07142857142857142,0.22285714285714286,10.6,0.022058823529411766,0.0,0.03602303608683427,0.13196634914903713,6.610294117647059,0.0,0.0,0.15,0.08088235294117647,0,0.1781293718440166,0.28677891618789897,3.132507554263242,0.9112157480244333,0.0,0.96,0.0,0.1,0.0,0.1,0.0,0.08,0.07720588235294118,0.5,0.25
284,0.978728350160664,0.4681630354232825,0.9534480646579611,0.4645804931930812,0.24899929058488912,0.46723558763560435,0.8786764705882353,0.4132157076322211,0.4105716229525987,0.11029411764705882,0.6828571428571428,0.3897240548082803,0.40022748632044663,0.08857142857142856,0.051470588235294115,0.045714285714285714,0.22285714285714286,10.597142857142858,0.022058823529411766,0.0,0.03602303608683427,0.13196634914903713,6.610294117647059,0.0,0.0,0.15,0.08088235294117647,0,0.1775812964133679,0.2853450216069595,3.1155716888922624,0.8929914330639446,0.0,1.0,0.0,0.1,0.0,0.1,0.0,0.08,0.051470588235294115,0.5,0.25
285,0.9780639708547412,0.46766025315007426,0.9529317470259294,0.4644128645716223,0.24899929058488912,0.4671994142678246,0.8382352941176471,0.41328923704398585,0.4106267700114222,0.11029411764705882,0.6514285714285715,0.38978119766542324,0.40027034346330376,0.08857142857142856,0.058823529411764705,0.05714285714285714,0.22285714285714286,10.62,0.022058823529411766,0.0,0.03602303608683427,0.13196634914903713,6.610294117647059,0.0,0.0,0.15,0.08088235294117647,0,0.17763553278844393,0.2839182964989247,3.1104031122572744,0.9261713440000008,0.0,0.95,0.0,0.1,0.0,0.1,0.0,0.08,0.058823529411764705,0.5,0.25
286,0.9793691840700746,0.4682832222689923,0.9539460841532743,0.46485353375580496,0.24899929058488912,0.46721326529872265,0.8897058823529411,0.41343629586751524,0.4107370641290693,0.11029411764705882,0.6914285714285714,0.3898954833797089,0.40035605774901806,0.08857142857142856,0.07352941176470588,0.06857142857142857,0.22285714285714286,10.668571428571429,0.025735294117647058,0.0,0.03602303608683427,0.13196634914903713,6.610294117647059,0.0,0.0,0.15,0.08088235294117647,0,0.1778315015495017,0.28249870501643004,3.1167664785835574,0.9442705009326793,0.0,0.9583333333333334,0.0,0.1,0.0,0.1,0.0,0.08,0.07352941176470588,0.5,0.25
287,0.9804906317324183,0.4691744951820328,0.9544938775519635,0.4657386807076865,0.24899929058488912,0.46718073656075987,0.8888888888888888,0.41220029261868735,0.41106427031057136,0.1111111111111111,0.6857142857142857,0.3898954833797089,0.40035605774901806,0.08857142857142856,0.040740740740740744,0.04285714285714286,0.22857142857142856,10.665714285714285,0.014814814814814815,0.005714285714285714,0.03614922378139707,0.1319663491490371,6.488888888888889,0.0,0.0,0.15,0.08148148148148149,0,0.17725648689889706,0.28108621149134794,3.097288291869029,0.9253850909140257,0.0,1.0,0.0,0.1,0.0,0.1,0.0,0.08,0.04779411764705882,0.5,0.25
288,0.9828153484064939,0.46971210628954096,0.9562872304148217,0.4659840382925491,0.24899929058488912,0.46712237279097535,0.8962962962962963,0.41234844076683547,0.4111753814216825,0.1111111111111111,0.6914285714285714,0.3900097690939947,0.40044177203473236,0.08857142857142856,0.05925925925925926,0.04857142857142857,0.22857142857142856,10.67142857142857,0.014814814814814815,0.0,0.036196323638275074,0.1319663491490371,6.488888888888889,0.0,0.0,0.15,0.08148148148148149,0,0.1773112115894204,0.2796807804338912,3.0839139546030765,0.9342572477817014,0.0,0.9411764705882353,0.0,0.1,0.0,0.1,0.0,0.08,0.05925925925925926,0.5,0.25
289,0.9819894780650534,0.47052766983109784,0.9556501304371391,0.4664718573423727,0.24899929058488912,0.467163633552496,0.9037037037037037,0.41234844076683547,0.4111753814216825,0.1111111111111111,0.6971428571428572,0.3900097690939947,0.40044177203473236,0.08857142857142856,0.040740740740740744,0.04285714285714286,0.22857142857142856,10.705714285714286,0.018518518518518517,0.0,0.036196323638275074,0.1319663491490371,6.488888888888889,0.0,0.0,0.15,0.08148148148148149,0,0.17690922838861617,0.2782823765317218,3.0650928183681576,0.9155721028260673,0.0,1.0,0.0,0.1,0.0,0.1,0.0,0.08,0.040740740740740744,0.5,0.25
290,0.9819109395028454,0.4698223700781579,0.9555895435462929,0.46586569772296427,0.24899929058488912,0.46721447875447364,0.8444444444444444,0.41234844076683547,0.4111753814216825,0.1111111111111111,0.6514285714285715,0.3900097690939947,0.40044177203473236,0.08857142857142856,0.05555555555555555,0.04857142857142857,0.22857142857142856,10.731428571428571,0.018518518518518517,0.0,0.036196323638275074,0.1319663491490371,6.488888888888889,0.0,0.0,0.15,0.08148148148148149,0,0.17696625652881595,0.27689096464906315,3.052362390572224,0.8972606607695459,0.0,0.9411764705882353,0.0,0.1,0.0,0.1,0.0,0.08,0.05555555555555555,0.5,0.25
291,0.9827866768133571,0.4693085322654541,0.9562651123286878,0.46535254759615474,0.24899929058488912,0.4671744889692711,0.8666666666666667,0.4124965889149836,0.4112864925327936,0.1111111111111111,0.6685714285714286,0.3901240548082804,0.4005274863204466,0.08857142857142856,0.04814814814814815,0.037142857142857144,0.22857142857142856,10.748571428571429,0.018518518518518517,0.0,0.036196323638275074,0.1319663491490371,6.488888888888889,0.0,0.0,0.15,0.08148148148148149,0,0.17670999667474332,0.2755065098258178,3.028457999903636,0.8875680957470468,0.0,0.9230769230769231,0.0,0.1,0.0,0.1,0.0,0.08,0.04814814814814815,0.5,0.25
292,0.9829285746166622,0.4705042568408619,0.95637457634838,0.46617002313424794,0.24899929058488912,0.4670349839650194,0.8666666666666667,0.4124965889149836,0.4112864925327936,0.1111111111111111,0.6685714285714286,0.3901240548082804,0.4005274863204466,0.08857142857142856,0.044444444444444446,0.04,0.22857142857142856,10.754285714285714,0.018518518518518517,0.0,0.036196323638275074,0.1319663491490371,6.488888888888889,0.0,0.0,0.15,0.08148148148148149,0,0.1765366109057802,0.2741289772766887,3.007888839905563,0.8698167338321059,0.0,1.0,0.0,0.1,0.0,0.1,0.0,0.08,0.044444444444444446,0.5,0.25
293,0.9814579000293693,0.4709851375498622,0.9552400559524686,0.4662363713474625,0.24899929058488912,0.46703214107643587,0.8888888888888888,0.41264473706313176,0.4113976036439047,0.1111111111111111,0.6857142857142857,0.39023834052256606,0.4006132006061609,0.08857142857142856,0.05185185185185185,0.045714285714285714,0.22857142857142856,10.785714285714286,0.018518518518518517,0.0,0.036196323638275074,0.1319663491490371,6.488888888888889,0.0,0.0,0.15,0.08148148148148149,0,0.1766516485583942,0.2727583323903053,2.9934453488217376,0.8695682184291256,0.0,0.9375,0.0,0.1,0.0,0.1,0.0,0.08,0.05185185185185185,0.5,0.25
294,0.9808948416332798,0.471079115318662,0.9538317736043463,0.4660431644129324,0.24899929058488912,0.4669730419151113,0.8432835820895522,0.41081443750282187,0.41202842177691856,0.11194029850746269,0.6457142857142857,0.39023834052256606,0.4006132006061609,0.08857142857142856,0.04477611940298507,0.054285714285714284,0.2342857142857143,10.782857142857143,0.011194029850746268,0.005714285714285714,0.0363446953358191,0.13196634914903713,6.3283582089552235,0.0,0.0,0.15,0.08208955223880597,0,0.1764216973871557,0.2713945407283538,2.987862156131017,0.852176854060543,0.0,1.0,0.0,0.1,0.0,0.1,0.0,0.08,0.04814814814814815,0.5,0.25
295,0.9813708845731598,0.47127657002495715,0.9541962864840255,0.4663780550833485,0.24899929058488912,0.466867335848803,0.8544776119402985,0.41088906436849354,0.41208439192617224,0.11194029850746269,0.6542857142857142,0.390295483379709,0.400656057749018,0.08857142857142856,0.048507462686567165,0.04857142857142857,0.2342857142857143,10.8,0.014925373134328358,0.0,0.03636794489495771,0.13196634914903713,6.3283582089552235,0.0,0.0,0.15,0.07835820895522388,0,0.17645287604307705,0.270037568024712,2.9766763415798256,0.8612156316546737,0.0,0.9411764705882353,0.0,0.1,0.0,0.1,0.0,0.08,0.048507462686567165,0.5,0.25
296,0.9816630655669986,0.47157533731007945,0.9544200136450224,0.46633476030562615,0.24899929058488912,0.46667872828430557,0.8917910447761194,0.41088906436849354,0.41208439192617224,0.11194029850746269,0.6828571428571428,0.390295483379709,0.400656057749018,0.08857142857142856,0.033582089552238806,0.02857142857142857,0.2342857142857143,10.82,0.014925373134328358,0.0,0.03636794489495771,0.13196634914903713,6.3283582089552235,0.0,0.0,0.15,0.07835820895522388,0,0.1759128980914331,0.2686873801845885,2.945714243319657,0.8439913190215802,0.0,1.0,0.0,0.1,0.0,0.1,0.0,0.08,0.033582089552238806,0.5,0.25
297,0.9812889663606542,0.4709933431485293,0.95413356053845,0.4654487004376688,0.24899929058488912,0.4665784569746331,0.9067164179104478,0.4110383180998368,0.4121963322246797,0.11194029850746269,0.6942857142857143,0.39040976909399466,0.4007417720347323,0.08857142857142856,0.048507462686567165,0.04285714285714286,0.2342857142857143,10.825714285714286,0.014925373134328358,0.0,0.03636794489495771,0.13196634914903713,6.3283582089552235,0.0,0.0,0.15,0.07835820895522388,0,0.17583233645454735,0.26734394328366556,2.9296571013104065,0.8870832171028561,0.0,0.9333333333333333,0.0,0.1,0.0,0.1,0.0,0.08,0.048507462686567165,0.5,0.25
298,0.9813067328277192,0.47163650824289005,0.9541471645760885,0.4662204557324211,0.24899929058488912,0.4662546461060047,0.8656716417910447,0.4110383180998368,0.4121963322246797,0.11194029850746269,0.6628571428571428,0.39040976909399466,0.4007417720347323,0.08857142857142856,0.05970149253731343,0.05142857142857143,0.2342857142857143,10.831428571428571,0.014925373134328358,0.0,0.03636794489495771,0.13196634914903713,6.3283582089552235,0.0,0.0,0.15,0.07835820895522388,0,0.17555089405441746,0.2660072235672472,2.92249253071277,0.8693415527607989,0.0,1.0,0.0,0.1,0.0,0.1,0.0,0.08,0.05970149253731343,0.5,0.25
299,0.981178387780947,0.4705580443159158,0.9540488889402744,0.4651570542420445,0.24899929058488912,0.46589964355161245,0.8880597014925373,0.41111294496550843,0.4122523023739335,0.11194029850746269,0.68,0.39046691195113753,0.4007846291775895,0.08857142857142856,0.06716417910447761,0.05714285714285714,0.2342857142857143,10.834285714285715,0.018656716417910446,0.0,0.03636794489495771,0.13196634914903713,6.3283582089552235,0.0,0.0,0.15,0.07835820895522388,0,0.17572687874523404,0.264677187449411,2.921185537241372,0.8649962505241829,0.0,0.95,0.0,0.1,0.0,0.1,0.0,0.08,0.06716417910447761,0.5,0.25
300,0.9820020561237534,0.47035191923891934,0.9546795835570518,0.46485114195321053,0.24899929058488912,0.46550464452064616,0.8656716417910447,0.41111294496550843,0.4122523023739335,0.11194029850746269,0.6628571428571428,0.39046691195113753,0.4007846291775895,0.08857142857142856,0.055970149253731345,0.04857142857142857,0.2342857142857143,10.845714285714285,0.014925373134328358,0.0,0.03636794489495771,0.13196634914903713,6.3283582089552235,0.0,0.0,0.15,0.07835820895522388,0,0.1753893943336686,0.2633538015121639,2.9113332550679725,0.8476963255136992,0.0,1.0,0.0,0.1,0.0,0.1,0.0,0.08,0.055970149253731345,0.5,0.25
301,0.9807832801957409,0.4707483914037376,0.9537463494178878,0.46494968309312273,0.24899929058488912,0.4651717638642032,0.8880597014925373,0.41111294496550843,0.4122523023739335,0.11194029850746269,0.68,0.39046691195113753,0.4007846291775895,0.08857142857142856,0.04477611940298507,0.04,0.2342857142857143,10.865714285714287,0.014925373134328358,0.0,0.03636794489495771,0.13196634914903713,6.3283582089552235,0.0,0.0,0.15,0.07835820895522388,0,0.17493945448701811,0.2620370325046031,2.8931065899666137,0.8307423990034252,0.0,1.0,0.0,0.1,0.0,0.1,0.0,0.08,0.04477611940298507,0.5,0.25
302,0.9813268186669558,0.4704492092549937,0.9541625445901325,0.4648670984076096,0.24899929058488912,0.46503269481821213,0.8507462686567164,0.41111294496550843,0.4122523023739335,0.11194029850746269,0.6514285714285715,0.39046691195113753,0.4007846291775895,0.08857142857142856,0.06716417910447761,0.06285714285714286,0.2342857142857143,10.877142857142857,0.014925373134328358,0.0,0.03636794489495771,0.13196634914903713,6.3283582089552235,0.0,0.0,0.15,0.07835820895522388,0,0.1746919015002973,0.26072684734208007,2.898101601024424,0.8141275510233567,0.0,1.0,0.0,0.1,0.0,0.1,0.0,0.08,0.06716417910447761,0.5,0.25
303,0.9807877953563873,0.46994339618221936,0.9536768412506004,0.4646618253741187,0.24899929058488912,0.4649298270496675,0.8801498127340824,0.41146015802833613,0.41299724582348163,0.11235955056179775,0.6714285714285714,0.39046691195113753,0.4007846291775895,0.08857142857142856,0.03745318352059925,0.03428571428571429,0.23714285714285716,10.885714285714286,0.011235955056179775,0.002857142857142857,0.03637514826251079,0.13196634914903713,6.307116104868914,0.0,0.0,0.15,0.07865168539325842,0,0.17410401342136725,0.2594232131053697,2.87442528328965,0.7978450000028895,0.0,1.0,0.0,0.1,0.0,0.1,0.0,0.08,0.041044776119402986,0.5,0.25
304,0.9808513467431483,0.47007938651373316,0.9537253218799294,0.4650855707755708,0.24899929058488912,0.4648888231542111,0.8801498127340824,0.41146015802833613,0.41299724582348163,0.11235955056179775,0.6714285714285714,0.39046691195113753,0.4007846291775895,0.08857142857142856,0.052434456928838954,0.045714285714285714,0.23714285714285716,10.90857142857143,0.011235955056179775,0.0,0.03638958826223696,0.13196634914903713,6.307116104868914,0.0,0.0,0.15,0.07865168539325842,0,0.1737184933542604,0.25812609703984285,2.862651063338143,0.7818881000028317,0.0,1.0,0.0,0.1,0.0,0.1,0.0,0.08,0.052434456928838954,0.5,0.25
305,0.9810001244047027,0.47000787949793243,0.953838817981744,0.465364602623805,0.24899929058488912,0.46478793005901775,0.8913857677902621,0.41160997076241856,0.4131096053740434,0.11235955056179775,0.68,0.3905811976654232,0.4008703434633038,0.08857142857142856,0.04868913857677903,0.045714285714285714,0.23714285714285716,10.905714285714286,0.011235955056179775,0.0,0.03638958826223696,0.13196634914903713,6.307116104868914,0.0,0.0,0.15,0.07865168539325842,0,0.17379076586964984,0.2598837415742143,2.851112327785665,0.766250338002775,0.0,0.9375,0.0,0.1,0.0,0.1,0.0,0.08,0.04868913857677903,0.5,0.25
306,0.982129356725171,0.4699970586695295,0.9547002609233585,0.4649222873058208,0.24899929058488912,0.4648591674492762,0.8801498127340824,0.41160997076241856,0.4131096053740434,0.11235955056179775,0.6714285714285714,0.3905811976654232,0.4008703434633038,0.08857142857142856,0.06367041198501873,0.05142857142857143,0.23714285714285716,10.917142857142856,0.011235955056179775,0.0,0.03638958826223696,0.13196634914903713,6.307116104868914,0.0,0.0,0.15,0.07865168539325842,0,0.17346253416531943,0.25858432286634325,2.8455186526585234,0.7509253312427195,0.0,1.0,0.0,0.1,0.0,0.1,0.0,0.08,0.06367041198501873,0.5,0.25
307,0.9825472593054312,0.4698906403070358,0.9550190608917282,0.4650675253883722,0.24899929058488912,0.4648494065207776,0.8764044943820225,0.4116848771294597,0.4131657851493244,0.11235955056179775,0.6685714285714286,0.39063834052256613,0.40091320060616087,0.08857142857142856,0.052434456928838954,0.04285714285714286,0.23714285714285716,10.928571428571429,0.0149812734082397,0.0,0.03638958826223696,0.13196634914903713,6.307116104868914,0.0,0.0,0.15,0.07865168539325842,0,0.17339479292306426,0.2572914012520115,2.8314654224624953,0.75982626934473,0.0,0.9333333333333333,0.0,0.1,0.0,0.1,0.0,0.08,0.052434456928838954,0.5,0.25
308,0.9805967500929065,0.46841772003456295,0.9535311010067452,0.4639973228316916,0.24899929058488912,0.46481744817608567,0.8614232209737828,0.4116848771294597,0.4131657851493244,0.11235955056179775,0.6571428571428571,0.39063834052256613,0.40091320060616087,0.08857142857142856,0.0449438202247191,0.04,0.23714285714285716,10.96,0.011235955056179775,0.0,0.03638958826223696,0.13196634914903713,6.307116104868914,0.0,0.0,0.15,0.07865168539325842,0,0.17281339038702037,0.2560049442457515,2.814836114013246,0.7446297439578353,0.0,1.0,0.0,0.1,0.0,0.1,0.0,0.08,0.0449438202247191,0.5,0.25
309,0.9826054687832513,0.46770658860831454,0.9550634664076653,0.46374448814563324,0.24899929058488912,0.4646600104081878,0.8951310861423221,0.4116848771294597,0.4131657851493244,0.11235955056179775,0.6828571428571428,0.39063834052256613,0.40091320060616087,0.08857142857142856,0.0599250936329588,0.04857142857142857,0.23714285714285716,10.98857142857143,0.018726591760299626,0.0,0.03638958826223696,0.13196634914903713,6.307116104868914,0.0,0.0,0.15,0.07865168539325842,0,0.17266033484224597,0.2547249195245227,2.807110820304409,0.7297371490786786,0.0,1.0,0.0,0.1,0.0,0.1,0.0,0.08,0.0599250936329588,0.5,0.25
310,0.9823790924121635,0.4682784942861645,0.9548907735760068,0.46417205895150815,0.24899929058488912,0.46448257657112035,0.9063670411985019,0.4116848771294597,0.4131657851493244,0.11235955056179775,0.6914285714285714,0.39063834052256613,0.40091320060616087,0.08857142857142856,0.07116104868913857,0.06285714285714286,0.23714285714285716,11.01142857142857,0.0149812734082397,0.0,0.03638958826223696,0.13196634914903713,6.307116104868914,0.0,0.0,0.15,0.07865168539325842,0,0.1723943338288561,0.25345129492690005,2.813825746755464,0.7151424060971051,0.0,1.0,0.0,0.1,0.0,0.1,0.0,0.08,0.07116104868913857,0.5,0.25
311,0.9831180597549306,0.468209409186822,0.9554545000917749,0.4645666076321571,0.24899929058488912,0.4643980755831949,0.850187265917603,0.41183468986354216,0.4132781446998861,0.11235955056179775,0.6485714285714286,0.3907526262368518,0.40099891489187517,0.08857142857142856,0.056179775280898875,0.04857142857142857,0.23714285714285716,11.017142857142858,0.018726591760299626,0.0,0.03638958826223696,0.13196634914903713,6.307116104868914,0.0,0.0,0.15,0.07865168539325842,0,0.17236050501685468,0.25218403845226556,2.806120660391783,0.7554315142079704,0.0,0.9411764705882353,0.0,0.1,0.0,0.1,0.0,0.08,0.056179775280898875,0.5,0.25
312,0.9828358171030445,0.46850579396130376,0.9549584364605311,0.46481625475743726,0.24899929058488912,0.46436980033548636,0.8909774436090225,0.41228277496879284,0.41445174486181574,0.11278195488721804,0.6771428571428572,0.3908669119511376,0.40108462917758947,0.08857142857142856,0.04887218045112782,0.04285714285714286,0.24,11.031428571428572,0.011278195488721804,0.002857142857142857,0.03640049636164883,0.1319663491490371,6.293233082706767,0.0,0.0,0.15,0.07894736842105263,0,0.17241043100973458,0.25092311826000424,2.7928553900410904,0.7768130438769462,0.0,0.9333333333333333,0.0,0.1,0.0,0.1,0.0,0.08,0.04868913857677903,0.5,0.25
313,0.9813974218453533,0.46893082479034554,0.953865256064686,0.46534506507885504,0.24899929058488912,0.46460717705683485,0.8533834586466166,0.41228277496879284,0.41445174486181574,0.11278195488721804,0.6485714285714286,0.3908669119511376,0.40108462917758947,0.08857142857142856,0.045112781954887216,0.04,0.24,11.04,0.018796992481203006,0.0,0.03640049636164883,0.1319663491490371,6.293233082706767,0.0,0.0,0.15,0.07894736842105263,0,0.17197595099754304,0.24966850266870422,2.776998282240269,0.7612767829994072,0.0,1.0,0.0,0.1,0.0,0.1,0.0,0.08,0.045112781954887216,0.5,0.25
314,0.9819299842999479,0.46901482679173223,0.9542700035301779,0.4652811608933179,0.24899929058488912,0.4648660496322658,0.868421052631579,0.41258352684849203,0.4146773087715902,0.11278195488721804,0.66,0.39109548337970895,0.40125605774901796,0.08857142857142856,0.04887218045112782,0.04,0.24,11.051428571428572,0.018796992481203006,0.0,0.03640049636164883,0.1319663491490371,6.293233082706767,0.0,0.0,0.15,0.07894736842105263,0,0.1724009290996982,0.2690482009256973,2.761458316595463,0.8362438834097105,0.0,0.8571428571428571,0.0,0.1,0.0,0.1,0.0,0.08,0.04887218045112782,0.5,0.25
315,0.9810714236816841,0.46890747147258055,0.9536174974602974,0.46558830331838374,0.24899929058488912,0.46495891770346987,0.8421052631578947,0.41265871481841687,0.4147336997490338,0.11654135338345864,0.64,0.39115262623685176,0.40129891489187525,0.09142857142857143,0.07518796992481203,0.06571428571428571,0.24,11.054285714285715,0.018796992481203006,0.0,0.03640049636164883,0.1319663491490371,6.293233082706767,0.0,0.0,0.15,0.07894736842105263,0,0.1726786501470747,0.26770295992106885,2.7719434359778394,0.8195190057415163,0.0,0.9565217391304348,0.0,0.1,0.0,0.1,0.0,0.08,0.07518796992481203,0.5,0.25
316,0.98133500803137,0.4692629119055573,0.9538178215660585,0.4659238805389884,0.24899929058488912,0.4650621018587786,0.8308270676691729,0.41265871481841687,0.4147336997490338,0.11654135338345864,0.6314285714285715,0.39115262623685176,0.40129891489187525,0.09142857142857143,0.05263157894736842,0.04857142857142857,0.24,11.062857142857142,0.018796992481203006,0.0,0.03640049636164883,0.1319663491490371,6.293233082706767,0.0,0.0,0.15,0.07894736842105263,0,0.17215811403919648,0.2663644451214635,2.765075995829711,0.803128625626686,0.0,1.0,0.0,0.1,0.0,0.1,0.0,0.08,0.05263157894736842,0.5,0.25
317,0.982124838588134,0.4692854305640707,0.9544180927891992,0.4656579472312042,0.24899929058488912,0.46527850437810475,0.8458646616541353,0.41265871481841687,0.4147336997490338,0.11654135338345864,0.6428571428571429,0.39115262623685176,0.40129891489187525,0.09142857142857143,0.06766917293233082,0.06,0.24,11.08,0.022556390977443608,0.0,0.03640049636164883,0.1319663491490371,6.293233082706767,0.0,0.0,0.15,0.07894736842105263,0,0.17189532917614334,0.2650326228958562,2.769774475913117,0.7870660531141522,0.0,1.0,0.0,0.1,0.0,0.1,0.0,0.08,0.06766917293233082,0.5,0.25
318,0.9821469934416007,0.4686287166837795,0.9543285975094828,0.46511053296729366,0.24899929058488912,0.4655029581059377,0.8566037735849057,0.41322439140196643,0.41595681432741893,0.1169811320754717,0.6485714285714286,0.39132405480828036,0.4014274863204466,0.09142857142857143,0.06415094339622641,0.06,0.24285714285714285,11.102857142857143,0.018867924528301886,0.002857142857142857,0.03643589141667497,0.1319663491490371,6.271698113207547,0.0,0.0,0.15,0.07924528301886792,0,0.1723782811016912,0.26370745978137694,2.7743789863948547,0.8682892069993544,0.0,0.9047619047619048,0.0,0.1,0.0,0.1,0.0,0.08,0.06766917293233082,0.5,0.25
319,0.982318111911241,0.46970290196376097,0.9545086783167496,0.46573316850177343,0.24899929058488912,0.465650508744222,0.8636363636363636,0.41290875808022054,0.41578039359806146,0.11742424242424243,0.6514285714285715,0.39132405480828036,0.4014274863204466,0.09142857142857143,0.03787878787878788,0.037142857142857144,0.24571428571428572,11.128571428571428,0.015151515151515152,0.002857142857142857,0.03655077258589668,0.1319663491490371,6.181818181818182,0.0,0.0,0.15,0.07954545454545454,0,0.17180196112475418,0.26238892248247003,2.756034263809815,0.8509234228593673,0.0,1.0,0.0,0.1,0.0,0.1,0.0,0.08,0.03773584905660377,0.5,0.25
320,0.9811757548635397,0.46909904300368743,0.9536470147150551,0.46508843214742424,0.24899929058488912,0.46581038650909434,0.8787878787878788,0.41290875808022054,0.41578039359806146,0.11742424242424243,0.6628571428571428,0.39132405480828036,0.4014274863204466,0.09142857142857143,0.06060606060606061,0.054285714285714284,0.24571428571428572,11.145714285714286,0.011363636363636364,0.0,0.03655077258589668,0.1319663491490371,6.181818181818182,0.0,0.0,0.15,0.07954545454545454,0,0.1714279513191304,0.26107697787005774,2.7551992928193325,0.8339049544021799,0.0,1.0,0.0,0.1,0.0,0.1,0.0,0.08,0.06060606060606061,0.5,0.25
321,0.9812139419041497,0.4696740070805156,0.9536758186542579,0.46592500399645853,0.24899929058488912,0.46594280466143423,0.8371212121212122,0.41290875808022054,0.41578039359806146,0.11742424242424243,0.6314285714285715,0.39132405480828036,0.4014274863204466,0.09142857142857143,0.022727272727272728,0.022857142857142857,0.24571428571428572,11.131428571428572,0.011363636363636364,0.0,0.03655077258589668,0.1319663491490371,6.181818181818182,0.0,0.0,0.15,0.07954545454545454,0,0.1708562401339633,0.25977159298070746,2.7229524498200885,0.8172268553141364,0.0,1.0,0.0,0.1,0.0,0.1,0.0,0.08,0.022727272727272728,0.5,0.25
322,0.9813242998424513,0.46909467226664714,0.9537590600705766,0.46562411104509577,0.24899929058488912,0.46592912223678107,0.8712121212121212,0.41290875808022054,0.41578039359806146,0.11742424242424243,0.6571428571428571,0.39132405480828036,0.4014274863204466,0.09142857142857143,0.06439393939393939,0.054285714285714284,0.24571428571428572,11.162857142857144,0.011363636363636364,0.0,0.03655077258589668,0.1319663491490371,6.181818181818182,0.0,0.0,0.15,0.07954545454545454,0,0.17040138750472208,0.2584727350158039,2.722779115109401,0.8008823182078536,0.0,1.0,0.0,0.1,0.0,0.1,0.0,0.08,0.06439393939393939,0.5,0.25
323,0.9820984044381127,0.469279965759433,0.9543429561084472,0.4654743819636558,0.24899929058488912,0.46586162983834944,0.8674242424242424,0.41290875808022054,0.41578039359806146,0.11742424242424243,0.6542857142857142,0.39132405480828036,0.4014274863204466,0.09142857142857143,0.056818181818181816,0.05142857142857143,0.24571428571428572,11.174285714285714,0.011363636363636364,0.0,0.03655077258589668,0.1319663491490371,6.181818181818182,0.0,0.0,0.15,0.07954545454545454,0,0.17036905191107252,0.2571803713407249,2.7197521042357846,0.7848646718436966,0.0,1.0,0.0,0.1,0.0,0.1,0.0,0.08,0.056818181818181816,0.5,0.25
324,0.9818543395945207,0.4686707154305725,0.9541588614835663,0.4650172101808088,0.24899929058488912,0.4657376033121845,0.8371212121212122,0.41290875808022054,0.41578039359806146,0.11742424242424243,0.6314285714285715,0.39132405480828036,0.4014274863204466,0.09142857142857143,0.05303030303030303,0.045714285714285714,0.24571428571428572,11.182857142857143,0.011363636363636364,0.0,0.03655077258589668,0.1319663491490371,6.181818181818182,0.0,0.0,0.15,0.07954545454545454,0,0.16997306736223144,0.2558944694840213,2.7110713478653543,0.7691673784068226,0.0,1.0,0.0,0.1,0.0,0.1,0.0,0.08,0.05303030303030303,0.5,0.25
325,0.9821152873986675,0.46822662473871174,0.9543556906844086,0.4644622651608465,0.24899929058488912,0.46543141125993526,0.8484848484848485,0.41290875808022054,0.41578039359806146,0.11742424242424243,0.64,0.39132405480828036,0.4014274863204466,0.09142857142857143,0.03787878787878788,0.03142857142857143,0.24571428571428572,11.2,0.011363636363636364,0.0,0.03655077258589668,0.1319663491490371,6.181818181818182,0.0,0.0,0.15,0.07954545454545454,0,0.16938020202542028,0.2546149971366012,2.6882784923366185,0.7537840308386862,0.0,1.0,0.0,0.1,0.0,0.1,0.0,0.08,0.03787878787878788,0.5,0.25
326,0.9825254944477486,0.4683930891421729,0.9546651040014297,0.46452752647475587,0.24899929058488912,0.46521114716288964,0.8560606060606061,0.41298451565597805,0.41583721177987965,0.11742424242424243,0.6457142857142857,0.39138119766542334,0.4014703434633038,0.09142857142857143,0.05303030303030303,0.05142857142857143,0.24571428571428572,11.2,0.011363636363636364,0.0,0.03655077258589668,0.1319663491490371,6.181818181818182,0.0,0.0,0.15,0.07954545454545454,0,0.16958788099745392,0.25334192215091816,2.685941493918458,0.7413296147169322,0.0,0.9444444444444444,0.0,0.1,0.0,0.1,0.0,0.08,0.05303030303030303,0.5,0.25
327,0.9813318413372268,0.46776007696529315,0.9537647485123505,0.4638547993251721,0.24899929058488912,0.46520077248668557,0.8484848484848485,0.41321178838325084,0.41600766632533415,0.11742424242424243,0.64,0.39155262623685183,0.4015989148918751,0.09142857142857143,0.05303030303030303,0.04285714285714286,0.24571428571428572,11.194285714285714,0.011363636363636364,0.0,0.03655077258589668,0.1319663491490371,6.181818181818182,0.0,0.0,0.15,0.07954545454545454,0,0.1699395137353238,0.2675747680773325,2.6750798068972315,0.7754949265471098,0.0,0.8666666666666667,0.0,0.1,0.0,0.1,0.0,0.08,0.05303030303030303,0.5,0.25
328,0.9807202615173405,0.46782869834323965,0.9533034425910647,0.4639067654681006,0.24899929058488912,0.4651268621861876,0.8674242424242424,0.4132875459590084,0.41606448450715233,0.11742424242424243,0.6542857142857142,0.3916097690939947,0.4016417720347323,0.09142857142857143,0.056818181818181816,0.04857142857142857,0.24571428571428572,11.202857142857143,0.015151515151515152,0.0,0.03655077258589668,0.1319663491490371,6.181818181818182,0.0,0.0,0.15,0.07954545454545454,0,0.16988924545236142,0.26623689423694585,2.6701496393307154,0.8178058731710385,0.0,0.9411764705882353,0.0,0.1,0.0,0.1,0.0,0.08,0.056818181818181816,0.5,0.25
329,0.981629971042737,0.4673687579559595,0.953989623490221,0.4635772045189539,0.24899929058488912,0.4651485428124633,0.8787878787878788,0.4132875459590084,0.41606448450715233,0.11742424242424243,0.6628571428571428,0.3916097690939947,0.4016417720347323,0.09142857142857143,0.045454545454545456,0.04,0.24571428571428572,11.217142857142857,0.015151515151515152,0.0,0.03655077258589668,0.1319663491490371,6.181818181818182,0.0,0.0,0.15,0.07954545454545454,0,0.1693539420822425,0.2649057097657611,2.656746646544101,0.8014497557076177,0.0,1.0,0.0,0.1,0.0,0.1,0.0,0.08,0.045454545454545456,0.5,0.25
330,0.9806786753893945,0.46767636226923937,0.9532720747688427,0.46373603702182314,0.24899929058488912,0.4651941786853766,0.8257575757575758,0.4135905762620387,0.4162917572344251,0.11742424242424243,0.6228571428571429,0.3918383405225661,0.4018132006061609,0.09142857142857143,0.04924242424242424,0.04,0.24571428571428572,11.222857142857142,0.015151515151515152,0.0,0.03655077258589668,0.1319663491490371,6.181818181818182,0.0,0.0,0.15,0.07954545454545454,0,0.16964960165754558,0.2635811812169323,2.6436117136132187,0.8560428103355571,0.0,0.8571428571428571,0.0,0.1,0.0,0.1,0.0,0.08,0.04924242424242424,0.5,0.25
331,0.9788764003463987,0.4676722686071666,0.9519126444506972,0.4636445671071637,0.24899929058488912,0.46539239731266896,0.8522727272727273,0.4137420914135539,0.41640539359806145,0.11742424242424243,0.6428571428571429,0.39195262623685184,0.4018989148918752,0.09142857142857143,0.07196969696969698,0.05714285714285714,0.24571428571428572,11.245714285714286,0.015151515151515152,0.0,0.03655077258589668,0.1319663491490371,6.181818181818182,0.0,0.0,0.15,0.07954545454545454,0,0.17002353634609652,0.26226327531084764,2.6478823364838115,0.8593549900901154,0.0,0.95,0.0,0.1,0.0,0.1,0.0,0.08,0.07196969696969698,0.5,0.25
332,0.9794261296261643,0.46636694707752235,0.9523272973931489,0.4624565665464495,0.24899929058488912,0.4655166054494171,0.8446969696969697,0.4137420914135539,0.41640539359806145,0.11742424242424243,0.6371428571428571,0.39195262623685184,0.4018989148918752,0.09142857142857143,0.041666666666666664,0.037142857142857144,0.24571428571428572,11.257142857142858,0.022727272727272728,0.0,0.03655077258589668,0.1319663491490371,6.181818181818182,0.0,0.0,0.15,0.07954545454545454,0,0.16973919321660855,0.26095195893429346,2.6320675468969923,0.8421678902883131,0.0,1.0,0.0,0.1,0.0,0.1,0.0,0.08,0.041666666666666664,0.5,0.25
333,0.9808413771805327,0.4675344684454008,0.9533947984055869,0.4629076847244671,0.24899929058488912,0.46551062639289686,0.8484848484848485,0.4137420914135539,0.41640539359806145,0.11742424242424243,0.64,0.39195262623685184,0.4018989148918752,0.09142857142857143,0.06060606060606061,0.04857142857142857,0.24571428571428572,11.294285714285714,0.022727272727272728,0.0,0.03655077258589668,0.1319663491490371,6.181818181818182,0.0,0.0,0.15,0.07954545454545454,0,0.16951721510409692,0.259647199139622,2.627997624530481,0.8253245324825468,0.0,1.0,0.0,0.1,0.0,0.1,0.0,0.08,0.06060606060606061,0.5,0.25
334,0.9808763033105327,0.4670332065243071,0.9534211426865012,0.4627080573112751,0.24899929058488912,0.4655317378170337,0.8560606060606061,0.4137420914135539,0.41640539359806145,0.11742424242424243,0.6457142857142857,0.39195262623685184,0.4018989148918752,0.09142857142857143,0.041666666666666664,0.037142857142857144,0.24571428571428572,11.271428571428572,0.01893939393939394,0.0,0.03655077258589668,0.1319663491490371,6.181818181818182,0.0,0.0,0.15,0.07954545454545454,0,0.16898334402857643,0.2583489631439239,2.6125805291827287,0.8088180418328959,0.0,1.0,0.0,0.1,0.0,0.1,0.0,0.08,0.041666666666666664,0.5,0.25
335,0.9797820479031554,0.46633593560945236,0.9525957614649366,0.4625714599457183,0.24899929058488912,0.4657061596526115,0.8371212121212122,0.41404512171658414,0.4166326663253342,0.11742424242424243,0.6314285714285715,0.39218119766542325,0.4020703434633037,0.09142857142857143,0.06060606060606061,0.04857142857142857,0.24571428571428572,11.268571428571429,0.015151515151515152,0.0,0.03655077258589668,0.1319663491490371,6.181818181818182,0.0,0.0,0.15,0.07954545454545454,0,0.169337998737005,0.2570572183282043,2.6089003471705023,0.8839472550729653,0.0,0.8823529411764706,0.0,0.1,0.0,0.1,0.0,0.08,0.06060606060606061,0.5,0.25
336,0.9779403555805222,0.46575508576565594,0.9512065992558644,0.4620942153427023,0.24899929058488912,0.46585731363366434,0.8901515151515151,0.41419663686809927,0.41674630268897056,0.11742424242424243,0.6714285714285714,0.39229548337970893,0.402156057749018,0.09142857142857143,0.06439393939393939,0.054285714285714284,0.24571428571428572,11.282857142857143,0.015151515151515152,0.0,0.03655077258589668,0.1319663491490371,6.181818181818182,0.0,0.0,0.15,0.07954545454545454,0,0.1694610273111771,0.25577193223656325,2.611008054512807,0.8750408648213118,0.0,0.9473684210526315,0.0,0.1,0.0,0.1,0.0,0.08,0.06439393939393939,0.5,0.25
337,0.9778347230592291,0.46669377068125173,0.9511269221540893,0.4633991777076502,0.24899929058488912,0.4660909327655926,0.8901515151515151,0.41419663686809927,0.41674630268897056,0.11742424242424243,0.6714285714285714,0.39229548337970893,0.402156057749018,0.09142857142857143,0.03409090909090909,0.03428571428571429,0.24571428571428572,11.28,0.01893939393939394,0.0,0.03655077258589668,0.1319663491490371,6.181818181818182,0.0,0.0,0.15,0.07954545454545454,0,0.16909815431390693,0.25449307257538045,2.5930736077082646,0.8575400475248856,0.0,1.0,0.0,0.1,0.0,0.1,0.0,0.08,0.03409090909090909,0.5,0.25
338,0.9773028558334498,0.46786136996992195,0.9507257423037873,0.4641509881685069,0.24899929058488912,0.4664501152554963,0.875,0.41465118232264475,0.4170872117798796,0.11742424242424243,0.66,0.3926383405225661,0.4024132006061609,0.09142857142857143,0.06818181818181818,0.05714285714285714,0.24571428571428572,11.274285714285714,0.01893939393939394,0.0,0.03655077258589668,0.1319663491490371,6.181818181818182,0.0,0.0,0.15,0.07954545454545454,0,0.17082252781021237,0.2846493408614664,2.5983549926969562,0.8789364215936071,0.0,0.75,0.0,0.1,0.0,0.1,0.0,0.08,0.06818181818181818,0.5,0.25
339,0.9785020533215666,0.46895111293176484,0.9506732315022092,0.46499779970996874,0.24899929058488912,0.46678674851988955,0.8897338403041825,0.41487312142684735,0.41820883726491825,0.11787072243346007,0.6685714285714286,0.39275262623685175,0.40249891489187517,0.09142857142857143,0.04182509505703422,0.04,0.24857142857142858,11.285714285714286,0.019011406844106463,0.002857142857142857,0.03674319937732783,0.13196634914903713,5.984790874524715,0.0,0.0,0.15,0.07984790874524715,0,0.1708237087247506,0.2832260941571591,2.5863878928430175,0.9223681599999999,0.0,0.9285714285714286,0.0,0.1,0.0,0.1,0.0,0.08,0.045454545454545456,0.5,0.25
340,0.9796638023212391,0.4699679543226243,0.9515462028933918,0.465845096211755,0.24899929058488912,0.46729813673869225,0.8973384030418251,0.41487312142684735,0.41820883726491825,0.11787072243346007,0.6742857142857143,0.39275262623685175,0.40249891489187517,0.09142857142857143,0.049429657794676805,0.037142857142857144,0.24857142857142858,11.288571428571428,0.019011406844106463,0.0,0.03676573242418445,0.13196634914903713,5.984790874524715,0.0,0.0,0.15,0.07984790874524715,0,0.17039673518112686,0.2818099636863733,2.571802992129014,0.9039207967999998,0.0,1.0,0.0,0.1,0.0,0.1,0.0,0.08,0.049429657794676805,0.5,0.25
341,0.9807015732000134,0.46937815855256626,0.9523260135822993,0.46521534227343087,0.24899929058488912,0.46778243038646783,0.8973384030418251,0.41487312142684735,0.41820883726491825,0.11787072243346007,0.6742857142857143,0.39275262623685175,0.40249891489187517,0.09142857142857143,0.045627376425855515,0.03428571428571429,0.24857142857142858,11.274285714285714,0.015209125475285171,0.0,0.03676573242418445,0.13196634914903713,5.984790874524715,0.0,0.0,0.15,0.07984790874524715,0,0.16991504007307837,0.2804009138679414,2.5546526465721477,0.8858423808639998,0.0,1.0,0.0,0.1,0.0,0.1,0.0,0.08,0.045627376425855515,0.5,0.25
342,0.9802222920918677,0.470276139495601,0.9519658680638926,0.46595552664668366,0.24899929058488912,0.4682655049594727,0.9239543726235742,0.41502521268160014,0.41820883726491825,0.11787072243346007,0.6942857142857143,0.39286691195113754,0.40249891489187517,0.09142857142857143,0.03802281368821293,0.03142857142857143,0.24857142857142858,11.285714285714286,0.011406844106463879,0.0,0.03676573242418445,0.13196634914903713,5.984790874524715,0.0,0.0,0.15,0.07984790874524715,0,0.16989261129771296,0.2789989092986017,2.5349881650692767,0.8735497959220491,0.0,0.9090909090909091,0.0,0.1,0.0,0.1,0.0,0.08,0.03802281368821293,0.5,0.25
343,0.9801460761032759,0.47098719744714074,0.951908597192465,0.46637441926190765,0.24899929058488912,0.4687614848433026,0.8365019011406845,0.4151773039363531,0.41832290570598285,0.11787072243346007,0.6285714285714286,0.3929811976654232,0.40258462917758947,0.09142857142857143,0.045627376425855515,0.04,0.24857142857142858,11.277142857142858,0.011406844106463879,0.0,0.03676573242418445,0.13196634914903713,5.984790874524715,0.0,0.0,0.15,0.07984790874524715,0,0.169728576812653,0.2776039147521087,2.5242884017678913,0.9041311400006334,0.0,0.9285714285714286,0.0,0.1,0.0,0.1,0.0,0.08,0.045627376425855515,0.5,0.25
344,0.9806206691419691,0.47059703282457327,0.9521713606118093,0.4656647177776902,0.24899929058488912,0.4693956952355712,0.8473282442748091,0.41571869457901267,0.41769810485262665,0.1183206106870229,0.6342857142857142,0.3931526262368518,0.40267034346330377,0.09142857142857143,0.04580152671755725,0.045714285714285714,0.25142857142857145,11.257142857142858,0.011450381679389313,0.002857142857142857,0.03678500010664067,0.1319663491490371,5.969465648854962,0.0,0.0,0.15,0.08015267175572519,0,0.17036195172869675,0.27621589517834816,2.519516919446819,0.8991133698071908,0.0,0.875,0.0,0.1,0.0,0.1,0.0,0.08,0.049429657794676805,0.5,0.25
345,0.9839466519499008,0.4718062219788899,0.9546610963137466,0.4665282061986972,0.24899929058488912,0.46996179186766807,0.8778625954198473,0.4158713663347378,0.41781260866942055,0.1183206106870229,0.6571428571428571,0.3932669119511375,0.40275605774901807,0.09142857142857143,0.04198473282442748,0.03428571428571429,0.25142857142857145,11.26,0.007633587786259542,0.0,0.03678500010664067,0.1319663491490371,5.969465648854962,0.0,0.0,0.15,0.08015267175572519,0,0.17025228554148186,0.2748348157024564,2.503412295343597,0.9841168458307634,0.0,0.9166666666666666,0.0,0.1,0.0,0.1,0.0,0.08,0.04198473282442748,0.5,0.25
346,0.9829900974957927,0.47203605109396596,0.9539450469795284,0.4667510691824155,0.24899929058488912,0.4705529673800141,0.8931297709923665,0.4160240380904631,0.41792711248621445,0.1183206106870229,0.6685714285714286,0.3933811976654233,0.40284177203473237,0.09142857142857143,0.05725190839694656,0.045714285714285714,0.25142857142857145,11.265714285714285,0.007633587786259542,0.0,0.03678500010664067,0.1319663491490371,5.969465648854962,0.0,0.0,0.15,0.08015267175572519,0,0.17068418120316722,0.2734606416239441,2.4990583351510107,1.0021524565375752,0.0,0.875,0.0,0.1,0.0,0.1,0.0,0.08,0.05725190839694656,0.5,0.25
347,0.9814251240314164,0.47274545622136066,0.9527735525576239,0.46697526192991257,0.24899929058488912,0.47117465572873907,0.8854961832061069,0.4160240380904631,0.41792711248621445,0.1183206106870229,0.6628571428571428,0.3933811976654233,0.40284177203473237,0.09142857142857143,0.061068702290076333,0.054285714285714284,0.25142857142857145,11.268571428571429,0.007633587786259542,0.0,0.03678500010664067,0.1319663491490371,5.969465648854962,0.0,0.0,0.15,0.08015267175572519,0,0.17059694433386316,0.2720933384158244,2.5033628827337044,0.9821094074068237,0.0,1.0,0.0,0.1,0.0,0.1,0.0,0.08,0.061068702290076333,0.5,0.25
348,0.9832248692869751,0.47279143319242767,0.9541207904346422,0.4668327812493854,0.24899929058488912,0.47168858351148013,0.8854961832061069,0.41617670984618826,0.41804161630300835,0.1183206106870229,0.6628571428571428,0.39349548337970897,0.4029274863204466,0.09142857142857143,0.04961832061068702,0.04,0.25142857142857145,11.282857142857143,0.007633587786259542,0.0,0.03678500010664067,0.1319663491490371,5.969465648854962,0.0,0.0,0.15,0.08015267175572519,0,0.17040110246933668,0.27073287172374527,2.49329562507903,0.9754383301845891,0.0,0.9285714285714286,0.0,0.1,0.0,0.1,0.0,0.08,0.04961832061068702,0.5,0.25
349,0.9826529788975659,0.47257670369413896,0.953692689628856,0.46678075168403277,0.24899929058488912,0.472276813063465,0.8816793893129771,0.41625304572405086,0.41809886821140524,0.1183206106870229,0.66,0.3935526262368519,0.40297034346330374,0.09142857142857143,0.04580152671755725,0.04,0.25142857142857145,11.288571428571428,0.011450381679389313,0.0,0.03678500010664067,0.1319663491490371,5.969465648854962,0.0,0.0,0.15,0.08015267175572519,0,0.17032009695699002,0.26937920736512655,2.48342971257745,0.9666676047273844,0.0,0.9285714285714286,0.0,0.1,0.0,0.1,0.0,0.08,0.04580152671755725,0.5,0.25
350,0.9812203491380417,0.47241137550273393,0.9526202639231548,0.46661442478224036,0.24899929058488912,0.47273815467594443,0.916030534351145,0.41625304572405086,0.41809886821140524,0.1183206106870229,0.6857142857142857,0.3935526262368519,0.40297034346330374,0.09142857142857143,0.05725190839694656,0.045714285714285714,0.25142857142857145,11.294285714285714,0.011450381679389313,0.0,0.03678500010664067,0.1319663491490371,5.969465648854962,0.0,0.0,0.15,0.08015267175572519,0,0.17000865427588355,0.26803231132830097,2.479475404040187,0.9473342526328368,0.0,1.0,0.0,0.1,0.0,0.1,0.0,0.08,0.05725190839694656,0.5,0.25
351,0.982836277985443,0.4729169310289177,0.9538299020889238,0.46696044749427384,0.24899929058488912,0.47302048017652654,0.8969465648854962,0.41625304572405086,0.41809886821140524,0.1183206106870229,0.6714285714285714,0.3935526262368519,0.40297034346330374,0.09142857142857143,0.04961832061068702,0.04285714285714286,0.25142857142857145,11.3,0.011450381679389313,0.0,0.03678500010664067,0.1319663491490371,5.969465648854962,0.0,0.0,0.15,0.08015267175572519,0,0.16961432885807556,0.26669214977165945,2.4727430388165255,0.92838756758018,0.0,1.0,0.0,0.1,0.0,0.1,0.0,0.08,0.04961832061068702,0.5,0.25
352,0.9845566460593689,0.47169968226984504,0.9551177204756911,0.4662508827604964,0.24899929058488912,0.4732901864494434,0.8587786259541985,0.41625304572405086,0.41809886821140524,0.1183206106870229,0.6428571428571429,0.3935526262368519,0.40297034346330374,0.09142857142857143,0.03816793893129771,0.02857142857142857,0.25142857142857145,11.288571428571428,0.011450381679389313,0.0,0.03678500010664067,0.1319663491490371,5.969465648854962,0.0,0.0,0.15,0.08015267175572519,0,0.1690515429280709,0.2653586890228012,2.4518596066116234,0.9098198162285764,0.0,1.0,0.0,0.1,0.0,0.1,0.0,0.08,0.03816793893129771,0.5,0.25
353,0.9838863077727001,0.4725568844931467,0.9546159243868133,0.4669134340467002,0.24899929058488912,0.47367837119842526,0.9007633587786259,0.41640571747977606,0.41821337202819914,0.1183206106870229,0.6742857142857143,0.39366691195113757,0.40305605774901804,0.09142857142857143,0.05725190839694656,0.04285714285714286,0.25142857142857145,11.305714285714286,0.011450381679389313,0.0,0.03678500010664067,0.1319663491490371,5.969465648854962,0.0,0.0,0.15,0.08015267175572519,0,0.16914475353585662,0.2640318955776872,2.445679557336534,0.9217860128228221,0.0,0.9333333333333333,0.0,0.1,0.0,0.1,0.0,0.08,0.05725190839694656,0.5,0.25
354,0.9843573647080496,0.47158542324141445,0.9549685441498464,0.46634804269547364,0.24899929058488912,0.4740199140093135,0.8931297709923665,0.41640571747977606,0.41821337202819914,0.1183206106870229,0.6685714285714286,0.39366691195113757,0.40305605774901804,0.09142857142857143,0.04198473282442748,0.037142857142857144,0.25142857142857145,11.314285714285715,0.011450381679389313,0.0,0.03678500010664067,0.1319663491490371,5.969465648854962,0.0,0.0,0.15,0.08015267175572519,0,0.16861245976817735,0.26271173609979875,2.4339088233326605,0.9033502925663657,0.0,1.0,0.0,0.1,0.0,0.1,0.0,0.08,0.04198473282442748,0.5,0.25
355,0.9836939495426075,0.47249484193778335,0.9544719305117155,0.46749660943601573,0.24899929058488912,0.47451471851503274,0.9007633587786259,0.4165583892355012,0.41832787584499304,0.1183206106870229,0.6742857142857143,0.39378119766542324,0.40314177203473234,0.09142857142857143,0.04198473282442748,0.037142857142857144,0.25142857142857145,11.314285714285715,0.011450381679389313,0.0,0.03678500010664067,0.1319663491490371,5.969465648854962,0.0,0.0,0.15,0.08015267175572519,0,0.16865354389433646,0.26887316233512576,2.4223735040088643,0.8864034700327944,0.0,0.9230769230769231,0.0,0.1,0.0,0.1,0.0,0.08,0.04198473282442748,0.5,0.25
356,0.9847394797361454,0.4727323015152974,0.9552799551462073,0.4676619921309903,0.24899929058488912,0.4749068915662952,0.9195402298850575,0.4176655673458587,0.41928297034598816,0.11877394636015326,0.6857142857142857,0.3938954833797089,0.4032274863204466,0.09142857142857143,0.038314176245210725,0.03142857142857143,0.2542857142857143,11.314285714285715,0.007662835249042145,0.002857142857142857,0.036780738447831585,0.1319663491490371,5.961685823754789,0.0,0.0,0.15,0.08045977011494253,0,0.16869286468925754,0.26752879652345013,2.405354605357258,0.8803809863908162,0.0,0.9090909090909091,0.0,0.1,0.0,0.1,0.0,0.08,0.04198473282442748,0.5,0.25
357,0.9844103200671042,0.472531989222279,0.9550344960787223,0.4676401373369659,0.24899929058488912,0.4751741336864436,0.8735632183908046,0.4178188240508395,0.41928297034598816,0.11877394636015326,0.6514285714285715,0.3940097690939947,0.4032274863204466,0.09142857142857143,0.06513409961685823,0.05142857142857143,0.2542857142857143,11.334285714285715,0.011494252873563218,0.0,0.036795862968704525,0.1319663491490371,5.961685823754789,0.0,0.0,0.15,0.08045977011494253,0,0.16876226036223982,0.2661911525408329,2.4086760846786843,0.8627733666629999,0.0,0.9444444444444444,0.0,0.1,0.0,0.1,0.0,0.08,0.06513409961685823,0.5,0.25
358,0.9834461998356395,0.47161052738871195,0.9543155378489729,0.4668995634814556,0.24899929058488912,0.47550733246402727,0.8850574712643678,0.4178188240508395,0.41928297034598816,0.11877394636015326,0.66,0.3940097690939947,0.4032274863204466,0.09142857142857143,0.0421455938697318,0.03428571428571429,0.2542857142857143,11.34,0.011494252873563218,0.0,0.036795862968704525,0.1319663491490371,5.961685823754789,0.0,0.0,0.15,0.08045977011494253,0,0.16828774900696428,0.2648601967781288,2.394788277270825,0.8455178993297399,0.0,1.0,0.0,0.1,0.0,0.1,0.0,0.08,0.0421455938697318,0.5,0.25
359,0.9837077416148303,0.4730007874685634,0.9545105732900269,0.4673617786775116,0.24899929058488912,0.47587050327764724,0.9272030651340997,0.4179720807558204,0.41939791287472383,0.11877394636015326,0.6914285714285714,0.3941240548082804,0.4033132006061609,0.09142857142857143,0.04597701149425287,0.04,0.2542857142857143,11.342857142857143,0.011494252873563218,0.0,0.036795862968704525,0.1319663491490371,5.961685823754789,0.0,0.0,0.15,0.08045977011494253,0,0.16824559669050088,0.2635358957942381,2.3868925117254087,0.8913773427776011,0.0,0.9285714285714286,0.0,0.1,0.0,0.1,0.0,0.08,0.04597701149425287,0.5,0.25
360,0.9823938574748222,0.4733544184425797,0.9533844574339566,0.46790636648993555,0.24899929058488912,0.4762074109688916,0.9307692307692308,0.41791440692238707,0.41957653303115644,0.11923076923076924,0.6914285714285714,0.3941811976654232,0.403356057749018,0.09142857142857143,0.04230769230769231,0.037142857142857144,0.2571428571428571,11.365714285714287,0.007692307692307693,0.002857142857142857,0.03684899889063383,0.13196634914903713,5.923076923076923,0.0,0.0,0.15,0.08076923076923077,0,0.16823038365358398,0.2622182163152669,2.3762975186337574,0.9281313440000012,0.0,0.9230769230769231,0.0,0.1,0.0,0.1,0.0,0.08,0.04597701149425287,0.5,0.25
361,0.9837131594550523,0.47351606495275184,0.9540197510933744,0.4678884369731194,0.24899929058488912,0.47642258159368917,0.8918918918918919,0.418235071651595,0.42022179025681927,0.11969111969111969,0.66,0.3941811976654232,0.403356057749018,0.09142857142857143,0.03474903474903475,0.025714285714285714,0.26,11.365714285714287,0.003861003861003861,0.002857142857142857,0.03696424522867547,0.13196634914903713,5.822393822393822,0.0,0.0,0.15,0.08108108108108109,0,0.1677595188781732,0.2609071252336906,2.3544858539753677,0.9095687171200011,0.0,1.0,0.0,0.1,0.0,0.1,0.0,0.08,0.03461538461538462,0.5,0.25
362,0.9825579636161412,0.4742589062000177,0.9531649061725802,0.46827871269582927,0.24899929058488912,0.476671455416293,0.9034749034749034,0.418235071651595,0.42022179025681927,0.11969111969111969,0.6685714285714286,0.3941811976654232,0.403356057749018,0.09142857142857143,0.04633204633204633,0.03428571428571429,0.26,11.374285714285714,0.003861003861003861,0.0,0.03696856346467824,0.13196634914903713,5.822393822393822,0.0,0.0,0.15,0.08108108108108109,0,0.1674598897305853,0.25960258960752214,2.3416818511815745,0.8913773427776011,0.0,1.0,0.0,0.1,0.0,0.1,0.0,0.08,0.04633204633204633,0.5,0.25
363,0.9837276422937975,0.47326394105177383,0.9540304683940459,0.46783341483710844,0.24899929058488912,0.47685616539852055,0.8918918918918919,0.418235071651595,0.42022179025681927,0.11969111969111969,0.66,0.3941811976654232,0.403356057749018,0.09142857142857143,0.03088803088803089,0.022857142857142857,0.26,11.38,0.003861003861003861,0.0,0.03696856346467824,0.13196634914903713,5.822393822393822,0.0,0.0,0.15,0.08108108108108109,0,0.16696247230016387,0.25830457665948453,2.317705357015086,0.8735497959220491,0.0,1.0,0.0,0.1,0.0,0.1,0.0,0.08,0.03088803088803089,0.5,0.25
364,0.9817747655681283,0.47363217634988036,0.9525853396170506,0.468546109846044,0.24899929058488912,0.47686733883636795,0.9111969111969112,0.4183895118060351,0.4203376203726494,0.11969111969111969,0.6742857142857143,0.394295483379709,0.4034417720347323,0.09142857142857143,0.05019305019305019,0.04,0.26,11.377142857142857,0.003861003861003861,0.0,0.03696856346467824,0.13196634914903713,5.822393822393822,0.0,0.0,0.15,0.08108108108108109,0,0.16695508993866306,0.2570130537761871,2.3113512498747846,0.9055064159295462,0.0,0.9285714285714286,0.0,0.1,0.0,0.1,0.0,0.08,0.05019305019305019,0.5,0.25
365,0.982352585092106,0.4726408248367709,0.9530129260647942,0.4678099547730827,0.24899929058488912,0.4769109841918209,0.8957528957528957,0.4183895118060351,0.4203376203726494,0.11969111969111969,0.6628571428571428,0.394295483379709,0.4034417720347323,0.09142857142857143,0.023166023166023165,0.02,0.26,11.368571428571428,0.003861003861003861,0.0,0.03696856346467824,0.13196634914903713,5.822393822393822,0.0,0.0,0.15,0.08108108108108109,0,0.16634831520325544,0.25572798850730616,2.2851242248772885,0.8873962876109552,0.0,1.0,0.0,0.1,0.0,0.1,0.0,0.08,0.023166023166023165,0.5,0.25
366,0.9817198798408591,0.4724661037864493,0.9525447241788717,0.46737534117113194,0.24899929058488912,0.4769175287445475,0.9227799227799228,0.4183895118060351,0.4203376203726494,0.11969111969111969,0.6828571428571428,0.394295483379709,0.4034417720347323,0.09142857142857143,0.05019305019305019,0.04285714285714286,0.26,11.362857142857143,0.003861003861003861,0.0,0.03696856346467824,0.13196634914903713,5.822393822393822,0.0,0.0,0.15,0.08108108108108109,0,0.16616903066316757,0.25444934856476964,2.2822788832368857,0.8696483618587362,0.0,1.0,0.0,0.1,0.0,0.1,0.0,0.08,0.05019305019305019,0.5,0.25
367,0.981842869808519,0.4729692919810649,0.9526357367549397,0.4673542356197759,0.24899929058488912,0.47696449605756663,0.8957528957528957,0.4185439519604752,0.4204534504884795,0.11969111969111969,0.6628571428571428,0.3944097690939946,0.40352748632044655,0.09142857142857143,0.05019305019305019,0.04,0.26,11.385714285714286,0.003861003861003861,0.0,0.03696856346467824,0.13196634914903713,5.822393822393822,0.0,0.0,0.15,0.08108108108108109,0,0.16613633620629814,0.25317710182194575,2.276633305572148,0.8659306220062601,0.0,0.9285714285714286,0.0,0.1,0.0,0.1,0.0,0.08,0.05019305019305019,0.5,0.25
368,0.9812545878099698,0.47241072734990613,0.9522004080760134,0.4669382829512007,0.24899929058488912,0.4770207687914559,0.8764478764478765,0.41869839211491544,0.4205692806043096,0.11969111969111969,0.6485714285714286,0.39452405480828034,0.40361320060616085,0.09142857142857143,0.04247104247104247,0.03428571428571429,0.26,11.4,0.003861003861003861,0.0,0.03696856346467824,0.13196634914903713,5.822393822393822,0.0,0.0,0.15,0.08108108108108109,0,0.16607665452526665,0.251911216312836,2.265386353746419,0.8486120095661349,0.0,0.9166666666666666,0.0,0.1,0.0,0.1,0.0,0.08,0.04247104247104247,0.5,0.25
369,0.9824473499589269,0.4726105839732565,0.9530830520662418,0.46714603947732064,0.24899929058488912,0.4770236238972114,0.9227799227799228,0.41869839211491544,0.4205692806043096,0.11969111969111969,0.6828571428571428,0.39452405480828034,0.40361320060616085,0.09142857142857143,0.04247104247104247,0.03142857142857143,0.26,11.40857142857143,0.003861003861003861,0.0,0.03696856346467824,0.13196634914903713,5.822393822393822,0.0,0.0,0.15,0.08108108108108109,0,0.16598008545365725,0.25065166023127183,2.2515071981000623,0.8316397693748123,0.0,1.0,0.0,0.1,0.0,0.1,0.0,0.08,0.04247104247104247,0.5,0.25
370,0.9833287961828779,0.47283135218328537,0.9537353222719653,0.46726665251686744,0.24899929058488912,0.47703099844918906,0.9034749034749034,0.4188528322693556,0.42068511072013975,0.11969111969111969,0.6685714285714286,0.39463834052256613,0.40369891489187515,0.09142857142857143,0.05791505791505792,0.04857142857142857,0.26,11.42,0.003861003861003861,0.0,0.03696856346467824,0.13196634914903713,5.822393822393822,0.0,0.0,0.15,0.08108108108108109,0,0.16617534496935316,0.24939840193011545,2.2550484827094897,0.8258398292027651,0.0,0.9411764705882353,0.0,0.1,0.0,0.1,0.0,0.08,0.05791505791505792,0.5,0.25
371,0.9823974883388524,0.4724954797391947,0.9530461544673866,0.4668593678025471,0.24899929058488912,0.4769466719085269,0.8687258687258688,0.4189300523465757,0.4207430257780548,0.11969111969111969,0.6428571428571429,0.39469548337970894,0.4037417720347323,0.09142857142857143,0.04247104247104247,0.04,0.26,11.44,0.003861003861003861,0.0,0.03696856346467824,0.13196634914903713,5.822393822393822,0.0,0.0,0.15,0.08108108108108109,0,0.16620075467307782,0.24815140992046486,2.2499475130552997,0.8902201684950254,0.0,0.9285714285714286,0.0,0.1,0.0,0.1,0.0,0.08,0.04247104247104247,0.5,0.25
372,0.9835674566081526,0.47255974753772945,0.9539119309866687,0.46705765762588886,0.24899929058488912,0.4767493680439101,0.8918918918918919,0.4189300523465757,0.4207430257780548,0.11969111969111969,0.66,0.39469548337970894,0.4037417720347323,0.09142857142857143,0.03088803088803089,0.025714285714285714,0.26,11.46,0.007722007722007722,0.0,0.03696856346467824,0.13196634914903713,5.822393822393822,0.0,0.0,0.15,0.08108108108108109,0,0.16562632304256958,0.24691065287086253,2.230662848508479,0.8724157651251249,0.0,1.0,0.0,0.1,0.0,0.1,0.0,0.08,0.03088803088803089,0.5,0.25
373,0.9828192342034556,0.4723295040182199,0.953358246407193,0.46661938547847814,0.24899929058488912,0.4765449666321367,0.9111969111969112,0.4189300523465757,0.4207430257780548,0.11969111969111969,0.6742857142857143,0.39469548337970894,0.4037417720347323,0.09142857142857143,0.05019305019305019,0.037142857142857144,0.26,11.474285714285715,0.007722007722007722,0.0,0.03696856346467824,0.13196634914903713,5.822393822393822,0.0,0.0,0.15,0.08108108108108109,0,0.1653110499987853,0.24567609960650824,2.223192448681167,0.8549674498226224,0.0,1.0,0.0,0.1,0.0,0.1,0.0,0.08,0.05019305019305019,0.5,0.25
374,0.9818193479850061,0.4729143790403024,0.9526183306055402,0.46687931076688544,0.24899929058488912,0.47643158682380077,0.8725868725868726,0.4189300523465757,0.4207430257780548,0.11969111969111969,0.6457142857142857,0.39469548337970894,0.4037417720347323,0.09142857142857143,0.03474903474903475,0.025714285714285714,0.26,11.482857142857142,0.007722007722007722,0.0,0.03696856346467824,0.13196634914903713,5.822393822393822,0.0,0.0,0.15,0.08108108108108109,0,0.1647127804630771,0.2444477191084757,2.2044428854218294,0.8378681008261699,0.0,1.0,0.0,0.1,0.0,0.1,0.0,0.08,0.03474903474903475,0.5,0.25
375,0.9797332675258655,0.47228473157453993,0.9510746310657763,0.4657024122888575,0.24899929058488912,0.4762926784257209,0.8725868725868726,0.4190072724237957,0.42080094083596986,0.11969111969111969,0.6457142857142857,0.39475262623685176,0.4037846291775895,0.09142857142857143,0.04633204633204633,0.037142857142857144,0.26,11.471428571428572,0.011583011583011582,0.0,0.03696856346467824,0.13196634914903713,5.822393822393822,0.0,0.0,0.15,0.08108108108108109,0,0.16466007370361885,0.24322548051293333,2.19749688485625,0.8509601491708905,0.0,0.9230769230769231,0.0,0.1,0.0,0.1,0.0,0.08,0.04633204633204633,0.5,0.25
376,0.9801606289591077,0.4720535706030846,0.9513908785263756,0.4652060891059841,0.24899929058488912,0.47607683244584204,0.8764478764478765,0.4190072724237957,0.42080094083596986,0.11969111969111969,0.6485714285714286,0.39475262623685176,0.4037846291775895,0.09142857142857143,0.03088803088803089,0.02857142857142857,0.26,11.485714285714286,0.011583011583011582,0.0,0.03696856346467824,0.13196634914903713,5.822393822393822,0.0,0.0,0.15,0.08108108108108109,0,0.16420635260297578,0.24200935311036864,2.1821183757305533,0.8339409461874726,0.0,1.0,0.0,0.1,0.0,0.1,0.0,0.08,0.03088803088803089,0.5,0.25
377,0.9803570369318045,0.47200913414569434,0.9515362204261711,0.4653793891564792,0.24899929058488912,0.47590531702975986,0.8416988416988417,0.4191617125782359,0.42091677095179997,0.11969111969111969,0.6228571428571429,0.3948669119511375,0.40387034346330375,0.09142857142857143,0.04633204633204633,0.045714285714285714,0.26,11.494285714285715,0.011583011583011582,0.0,0.03696856346467824,0.13196634914903713,5.822393822393822,0.0,0.0,0.15,0.08108108108108109,0,0.1644939320904423,0.2407993063448168,2.184190293930228,0.8238819629090531,0.0,0.9375,0.0,0.1,0.0,0.1,0.0,0.08,0.04633204633204633,0.5,0.25
378,0.9805279609429512,0.4734976258689126,0.9516627041944198,0.46601138937902153,0.24899929058488912,0.4757407352592022,0.8378378378378378,0.4191617125782359,0.42091677095179997,0.11969111969111969,0.62,0.3948669119511375,0.40387034346330375,0.09142857142857143,0.05405405405405406,0.05142857142857143,0.26,11.48,0.007722007722007722,0.0,0.03696856346467824,0.13196634914903713,5.822393822393822,0.0,0.0,0.15,0.08108108108108109,0,0.16418432314070439,0.2395953098130927,2.1919350594801945,0.807404323650872,0.0,1.0,0.0,0.1,0.0,0.1,0.0,0.08,0.05405405405405406,0.5,0.25
379,0.9811157884240121,0.473181517589166,0.9520976965304048,0.4659343695026735,0.24899929058488912,0.4757921133205268,0.8803088803088803,0.4191617125782359,0.42091677095179997,0.11969111969111969,0.6514285714285715,0.3948669119511375,0.40387034346330375,0.09142857142857143,0.05405405405405406,0.04285714285714286,0.26,11.497142857142856,0.011583011583011582,0.0,0.03696856346467824,0.13196634914903713,5.822393822393822,0.0,0.0,0.15,0.08108108108108109,0,0.16364897295357228,0.23839733326402726,2.1909535011477335,0.7912562371778546,0.0,1.0,0.0,0.1,0.0,0.1,0.0,0.08,0.05405405405405406,0.5,0.25
380,0.9809163748543265,0.473087133896859,0.9519501304888374,0.4660852183141705,0.24899929058488912,0.47598464985141253,0.8803088803088803,0.4191617125782359,0.42091677095179997,0.11969111969111969,0.6514285714285715,0.3948669119511375,0.40387034346330375,0.09142857142857143,0.05019305019305019,0.037142857142857144,0.26,11.508571428571429,0.011583011583011582,0.0,0.03696856346467824,0.13196634914903713,5.822393822393822,0.0,0.0,0.15,0.08108108108108109,0,0.1634546172320538,0.23720534659770712,2.1842772882676362,0.7754311124342975,0.0,1.0,0.0,0.1,0.0,0.1,0.0,0.08,0.05019305019305019,0.5,0.25
381,0.9814758035125013,0.4733669519588693,0.9523641076958869,0.46635144493880765,0.24899929058488912,0.47613633826246193,0.8725868725868726,0.4191617125782359,0.42091677095179997,0.11969111969111969,0.6457142857142857,0.3948669119511375,0.40387034346330375,0.09142857142857143,0.04633204633204633,0.03428571428571429,0.26,11.514285714285714,0.011583011583011582,0.0,0.03696856346467824,0.13196634914903713,5.822393822393822,0.0,0.0,0.15,0.08108108108108109,0,0.16292277271732214,0.23601931986471858,2.1748774567879976,0.7599224901856116,0.0,1.0,0.0,0.1,0.0,0.1,0.0,0.08,0.04633204633204633,0.5,0.25
382,0.9813102210012657,0.4742869936757656,0.952195204683139,0.46704411695634396,0.24899929058488912,0.47626133838523227,0.8953488372093024,0.41766719067146624,0.42149131572928983,0.12015503875968993,0.66,0.3948669119511375,0.40387034346330375,0.09142857142857143,0.031007751937984496,0.025714285714285714,0.26285714285714284,11.522857142857143,0.007751937984496124,0.002857142857142857,0.03697123251767294,0.1319663491490371,5.8062015503875966,0.0,0.0,0.15,0.08139534883720931,0,0.16242116242159263,0.23483922326539497,2.157094193366523,0.7447240403818993,0.0,1.0,0.0,0.1,0.0,0.1,0.0,0.08,0.03474903474903475,0.5,0.25
383,0.9830045078818938,0.47360254874654845,0.9534441361551449,0.46632876784111466,0.24899929058488912,0.4763870738743119,0.8953488372093024,0.41766719067146624,0.42149131572928983,0.12015503875968993,0.66,0.3948669119511375,0.40387034346330375,0.09142857142857143,0.03488372093023256,0.02857142857142857,0.26285714285714284,11.528571428571428,0.007751937984496124,0.0,0.036987916830027195,0.1319663491490371,5.8062015503875966,0.0,0.0,0.15,0.08139534883720931,0,0.16197962875234181,0.233665027149068,2.1425237380706217,0.7298295595742614,0.0,1.0,0.0,0.1,0.0,0.1,0.0,0.08,0.03488372093023256,0.5,0.25
384,0.9822228753816139,0.47306532506747767,0.952867961340653,0.465768356803,0.24899929058488912,0.4765844757282999,0.9224806201550387,0.41766719067146624,0.42149131572928983,0.12015503875968993,0.68,0.3948669119511375,0.40387034346330375,0.09142857142857143,0.03875968992248062,0.02857142857142857,0.26285714285714284,11.531428571428572,0.011627906976744186,0.0,0.036987916830027195,0.1319663491490371,5.8062015503875966,0.0,0.0,0.15,0.08139534883720931,0,0.16151144774786583,0.23249670201332265,2.1282446918806377,0.7152329683827762,0.0,1.0,0.0,0.1,0.0,0.1,0.0,0.08,0.03875968992248062,0.5,0.25
385,0.9809603693538126,0.472895818711828,0.9519373140401594,0.4653301214860166,0.24899929058488912,0.4768143398356068,0.9031007751937985,0.41766719067146624,0.42149131572928983,0.12015503875968993,0.6657142857142857,0.3948669119511375,0.40387034346330375,0.09142857142857143,0.03875968992248062,0.03142857142857143,0.26285714285714284,11.56,0.011627906976744186,0.0,0.036987916830027195,0.1319663491490371,5.8062015503875966,0.0,0.0,0.15,0.08139534883720931,0,0.161326501063108,0.23133421850325606,2.117108369471596,0.7009283090151206,0.0,1.0,0.0,0.1,0.0,0.1,0.0,0.08,0.03875968992248062,0.5,0.25
386,0.9827514648405052,0.47189872980907493,0.9527001609287477,0.4646753951989191,0.24899929058488912,0.47696434511437574,0.8988326848249028,0.41802482977819777,0.4229231999919042,0.12062256809338522,0.66,0.3948669119511375,0.40387034346330375,0.09142857142857143,0.038910505836575876,0.02857142857142857,0.26571428571428574,11.571428571428571,0.007782101167315175,0.002857142857142857,0.03701090441106324,0.1319663491490371,5.77431906614786,0.0,0.0,0.15,0.08171206225680934,0,0.1608621542720782,0.23017754741073979,2.1033376306535927,0.6869097428348182,0.0,1.0,0.0,0.1,0.0,0.1,0.0,0.08,0.03875968992248062,0.5,0.25
387,0.9816544728508053,0.47261137558423144,0.9518946553820251,0.46510776907531504,0.24899929058488912,0.47707657311761986,0.9027237354085603,0.41802482977819777,0.4229231999919042,0.12062256809338522,0.6628571428571428,0.3948669119511375,0.40387034346330375,0.09142857142857143,0.054474708171206226,0.045714285714285714,0.26571428571428574,11.59142857142857,0.007782101167315175,0.0,0.03702619581016641,0.1319663491490371,5.77431906614786,0.0,0.0,0.15,0.08171206225680934,0,0.1608250062972534,0.22902665967368607,2.1069851637548065,0.6731715479781218,0.0,1.0,0.0,0.1,0.0,0.1,0.0,0.08,0.054474708171206226,0.5,0.25
388,0.9821468779533238,0.4734324326252139,0.9522562214144458,0.4655883239291219,0.24899929058488912,0.4771107423602948,0.8949416342412452,0.41802482977819777,0.4229231999919042,0.12062256809338522,0.6571428571428571,0.3948669119511375,0.40387034346330375,0.09142857142857143,0.038910505836575876,0.02857142857142857,0.26571428571428574,11.597142857142858,0.007782101167315175,0.0,0.03702619581016641,0.1319663491490371,5.77431906614786,0.0,0.0,0.15,0.08171206225680934,0,0.16024945269433857,0.22788152637531764,2.093416889051139,0.6597081170185594,0.0,1.0,0.0,0.1,0.0,0.1,0.0,0.08,0.038910505836575876,0.5,0.25
389,0.9803330294503537,0.47380876660068155,0.9509243383708362,0.46585850347576396,0.24899929058488912,0.4772319636396147,0.8949416342412452,0.41802482977819777,0.4229231999919042,0.12062256809338522,0.6571428571428571,0.3948669119511375,0.40387034346330375,0.09142857142857143,0.05058365758754864,0.037142857142857144,0.26571428571428574,11.62,0.007782101167315175,0.0,0.03702619581016641,0.1319663491490371,5.77431906614786,0.0,0.0,0.15,0.08171206225680934,0,0.159761777573724,0.22674211874344108,2.088691408412973,0.6465139546781882,0.0,1.0,0.0,0.1,0.0,0.1,0.0,0.08,0.05058365758754864,0.5,0.25
390,0.9804431365653475,0.47331594611044114,0.9510051884524175,0.4655086556643997,0.24899929058488912,0.4772386815578127,0.867704280155642,0.41802482977819777,0.4229231999919042,0.12062256809338522,0.6371428571428571,0.3948669119511375,0.40387034346330375,0.09142857142857143,0.04669260700389105,0.03428571428571429,0.26571428571428574,11.622857142857143,0.007782101167315175,0.0,0.03702619581016641,0.1319663491490371,5.77431906614786,0.0,0.0,0.15,0.08171206225680934,0,0.15955927998980124,0.22560840814972385,2.081203294530428,0.6335836755846245,0.0,1.0,0.0,0.1,0.0,0.1,0.0,0.08,0.04669260700389105,0.5,0.25
391,0.9812047198241546,0.4729838660922178,0.9515644081595989,0.4651305080565521,0.24899929058488912,0.4771288699128989,0.8988326848249028,0.41802482977819777,0.4229231999919042,0.12062256809338522,0.66,0.3948669119511375,0.40387034346330375,0.09142857142857143,0.04669260700389105,0.037142857142857144,0.26571428571428574,11.657142857142857,0.007782101167315175,0.0,0.03702619581016641,0.1319663491490371,5.77431906614786,0.0,0.0,0.15,0.08171206225680934,0,0.15924548929699509,0.22448036610897526,2.0767220857826767,0.620912002072932,0.0,1.0,0.0,0.1,0.0,0.1,0.0,0.08,0.04669260700389105,0.5,0.25
392,0.9819014897839601,0.4739603270808897,0.9520760363872273,0.465933151114491,0.24899929058488912,0.4770545599058445,0.8988326848249028,0.41818047180154405,0.42303993150941394,0.12062256809338522,0.66,0.3949811976654233,0.4039560577490181,0.09142857142857143,0.054474708171206226,0.04,0.26571428571428574,11.665714285714285,0.011673151750972763,0.0,0.03702619581016641,0.1319663491490371,5.77431906614786,0.0,0.0,0.15,0.08171206225680934,0,0.15919126470408154,0.22335796427843038,2.075187644067023,0.6424792076982327,0.0,0.9285714285714286,0.0,0.1,0.0,0.1,0.0,0.08,0.054474708171206226,0.5,0.25
393,0.9818731173932288,0.4738374984896839,0.9520552029460334,0.46500643808371395,0.24899929058488912,0.47716250639112406,0.8287937743190662,0.41841393483656353,0.4232150287856785,0.12062256809338522,0.6085714285714285,0.3951526262368519,0.4040846291775894,0.09142857142857143,0.06614785992217899,0.05714285714285714,0.26571428571428574,11.674285714285714,0.011673151750972763,0.0,0.03702619581016641,0.1319663491490371,5.77431906614786,0.0,0.0,0.15,0.08171206225680934,0,0.1599353169341504,0.23660417258919395,2.09082674832854,0.6421757680981682,0.0,0.9,0.0,0.1,0.0,0.1,0.0,0.08,0.06614785992217899,0.5,0.25
394,0.9817495609776703,0.473997648790629,0.9519644772351803,0.4652202457368813,0.24899929058488912,0.477310468243648,0.867704280155642,0.41841393483656353,0.4232150287856785,0.12062256809338522,0.6371428571428571,0.3951526262368519,0.4040846291775894,0.09142857142857143,0.03501945525291829,0.02857142857142857,0.26571428571428574,11.677142857142858,0.011673151750972763,0.0,0.03702619581016641,0.1319663491490371,5.77431906614786,0.0,0.0,0.15,0.08171206225680934,0,0.1594210689209082,0.23542115172624797,2.0775816419333974,0.6293322527362047,0.0,1.0,0.0,0.1,0.0,0.1,0.0,0.08,0.03501945525291829,0.5,0.25
395,0.9818520924080854,0.47405273302064205,0.9520397645997993,0.46549138828859093,0.24899929058488912,0.47732343281002826,0.9066147859922179,0.41856957685990986,0.42333176030318825,0.12062256809338522,0.6657142857142857,0.39526691195113756,0.40417034346330377,0.09142857142857143,0.05058365758754864,0.037142857142857144,0.26571428571428574,11.662857142857144,0.007782101167315175,0.0,0.03702619581016641,0.1319663491490371,5.77431906614786,0.0,0.0,0.15,0.08171206225680934,0,0.15939496357630364,0.31429292263614805,2.0731728662375866,0.6258603529785765,0.0,0.9230769230769231,0.0,0.1,0.0,0.1,0.0,0.08,0.05058365758754864,0.5,0.25
396,0.9829029151268844,0.4738923354039439,0.9528113687104603,0.46549857785079246,0.24899929058488912,0.4772728285625439,0.914396887159533,0.41856957685990986,0.42333176030318825,0.12062256809338522,0.6714285714285714,0.39526691195113756,0.40417034346330377,0.09142857142857143,0.04669260700389105,0.037142857142857144,0.26571428571428574,11.645714285714286,0.011673151750972763,0.0,0.03702619581016641,0.1319663491490371,5.77431906614786,0.0,0.0,0.15,0.08171206225680934,0,0.15905399018699357,0.31272145802296736,2.068852266055692,0.6133431459190049,0.0,1.0,0.0,0.1,0.0,0.1,0.0,0.08,0.04669260700389105,0.5,0.25
397,0.9825962743635569,0.4739086989814574,0.9525862067785312,0.46584757788956227,0.24899929058488912,0.4771417901416276,0.8910505836575876,0.41856957685990986,0.42333176030318825,0.12062256809338522,0.6542857142857142,0.39526691195113756,0.40417034346330377,0.09142857142857143,0.038910505836575876,0.03428571428571429,0.26571428571428574,11.665714285714285,0.011673151750972763,0.0,0.03702619581016641,0.1319663491490371,5.77431906614786,0.0,0.0,0.15,0.08171206225680934,0,0.15922758735750506,0.3111578507328525,2.0617609350202923,0.6010762830006248,0.0,0.9166666666666666,0.0,0.1,0.0,0.1,0.0,0.08,0.038910505836575876,0.5,0.25
398,0.9817393193884923,0.47463331344898946,0.9519569569825551,0.4665882864380389,0.24899929058488912,0.4771699779174305,0.8910505836575876,0.41856957685990986,0.42333176030318825,0.12062256809338522,0.6542857142857142,0.39526691195113756,0.40417034346330377,0.09142857142857143,0.03501945525291829,0.03428571428571429,0.26571428571428574,11.677142857142858,0.011673151750972763,0.0,0.03702619581016641,0.1319663491490371,5.77431906614786,0.0,0.0,0.15,0.08171206225680934,0,0.15923073584928896,0.30960206147918823,2.054811430605601,0.5890547573406123,0.0,1.0,0.0,0.1,0.0,0.1,0.0,0.08,0.03501945525291829,0.5,0.25
399,0.982939229564991,0.47512138137929305,0.9528686719696332,0.4671822160866397,0.24899929058488912,0.47720689064099225,0.88671875,0.4181855157203727,0.4248687342107807,0.12109375,0.6485714285714286,0.3953240548082804,0.4042132006061609,0.09142857142857143,0.05078125,0.04,0.26857142857142857,11.694285714285714,0.0078125,0.002857142857142857,0.037047299309143605,0.1319663491490371,5.75,0.0,0.0,0.15,0.08203125,0,0.1596055821700425,0.3080540511717923,2.053715201993489,0.5843539030418612,0.0,0.9285714285714286,0.0,0.1,0.0,0.1,0.0,0.08,0.05058365758754864,0.5,0.25
400,0.9829833364970588,0.47485624505325097,0.9529009330399455,0.4671912090881861,0.24899929058488912,0.47737194789867643,0.90234375,0.4181855157203727,0.4248687342107807,0.12109375,0.66,0.3953240548082804,0.4042132006061609,0.09142857142857143,0.046875,0.037142857142857144,0.26857142857142857,11.708571428571428,0.0078125,0.0,0.03704732309578654,0.1319663491490371,5.75,0.0,0.0,0.15,0.078125,0,0.15940498925204943,0.30651378091593334,2.0497837550964757,0.572666824981024,0.0,1.0,0.0,0.1,0.0,0.1,0.0,0.08,0.046875,0.5,0.25
401,0.982826738856359,0.4744078349560078,0.9527863930513195,0.4671026533449039,0.24899929058488912,0.4774666433628738,0.90234375,0.4181855157203727,0.4248687342107807,0.12109375,0.66,0.3953240548082804,0.4042132006061609,0.09142857142857143,0.04296875,0.03428571428571429,0.26857142857142857,11.7,0.0078125,0.0,0.03704732309578654,0.1319663491490371,5.75,0.0,0.0,0.15,0.078125,0,0.15943582216293203,0.30498121201135364,2.043073794280261,0.5612134884814035,0.0,1.0,0.0,0.1,0.0,0.1,0.0,0.08,0.04296875,0.5,0.25
402,0.9822245994530021,0.47532013330173706,0.9523459710877211,0.46772199384468105,0.24899929058488912,0.47755390548338883,0.90234375,0.4182636407203727,0.4249273279607807,0.12109375,0.66,0.39538119766542323,0.40425605774901807,0.09142857142857143,0.046875,0.037142857142857144,0.26857142857142857,11.697142857142858,0.0078125,0.0,0.03704732309578654,0.1319663491490371,5.75,0.0,0.0,0.15,0.078125,0,0.15980950090926022,0.30345630595129686,2.0393551755375126,0.5824580119417772,0.0,0.9230769230769231,0.0,0.1,0.0,0.1,0.0,0.08,0.046875,0.5,0.25
403,0.982382586142631,0.47532171618666075,0.9524615270664211,0.46755104571998995,0.24899929058488912,0.4776797872243373,0.91015625,0.4182636407203727,0.4249273279607807,0.12109375,0.6657142857142857,0.39538119766542323,0.40425605774901807,0.09142857142857143,0.0546875,0.045714285714285714,0.26857142857142857,11.697142857142858,0.0078125,0.0,0.03704732309578654,0.1319663491490371,5.75,0.0,0.0,0.15,0.078125,0,0.1604087426868568,0.30193902442154036,2.044282357741048,0.5708088517029416,0.0,1.0,0.0,0.1,0.0,0.1,0.0,0.08,0.0546875,0.5,0.25
404,0.9825643166059292,0.4762624921419004,0.9525944499195764,0.46874728344633476,0.24899929058488912,0.47775465788817584,0.87890625,0.4182636407203727,0.4249273279607807,0.12109375,0.6428571428571429,0.39538119766542323,0.40425605774901807,0.09142857142857143,0.05078125,0.04285714285714286,0.26857142857142857,11.694285714285714,0.0078125,0.0,0.03704732309578654,0.1319663491490371,5.75,0.0,0.0,0.15,0.078125,0,0.16040598540199394,0.30042932929943267,2.04625385344337,0.5593926746688828,0.0,1.0,0.0,0.1,0.0,0.1,0.0,0.08,0.05078125,0.5,0.25
405,0.98247973517843,0.4761100427622994,0.9525325846468913,0.4690014693458261,0.24899929058488912,0.4779470854020112,0.875,0.41841989072037267,0.4250445154607807,0.12109375,0.64,0.395495483379709,0.40434177203473237,0.09142857142857143,0.05859375,0.04285714285714286,0.26857142857142857,11.714285714285714,0.01171875,0.0,0.03704732309578654,0.1319663491490371,5.75,0.0,0.0,0.15,0.078125,0,0.1602325269035554,0.2989271826529355,2.048185919231645,0.5496191136512094,0.0,0.9333333333333333,0.0,0.1,0.0,0.1,0.0,0.08,0.05859375,0.5,0.25
406,0.9828180647550971,0.4760600022926528,0.9522270991614011,0.468529983681937,0.24899929058488912,0.4781094325509796,0.8509803921568627,0.41933660359275776,0.42539338415176803,0.12156862745098039,0.62,0.39560976909399465,0.40442748632044667,0.09142857142857143,0.043137254901960784,0.04,0.2714285714285714,11.7,0.00392156862745098,0.002857142857142857,0.037086270586158404,0.13196634914903713,5.709803921568628,0.0,0.0,0.15,0.0784313725490196,0,0.16031565212618046,0.2974325467396708,2.0472222008470125,0.5811118381777418,0.0,0.9285714285714286,0.0,0.1,0.0,0.1,0.0,0.08,0.046875,0.5,0.25
407,0.9814995438579173,0.4766444086799902,0.9512664625077416,0.46876551500680536,0.24899929058488912,0.4781576444822276,0.9215686274509803,0.41933660359275776,0.42539338415176803,0.12156862745098039,0.6714285714285714,0.39560976909399465,0.40442748632044667,0.09142857142857143,0.043137254901960784,0.03428571428571429,0.2714285714285714,11.722857142857142,0.00392156862745098,0.0,0.03709366855304327,0.13196634914903713,5.709803921568628,0.0,0.0,0.15,0.0784313725490196,0,0.1602929213468144,0.2959453840059724,2.040563471115786,0.569489601414187,0.0,1.0,0.0,0.1,0.0,0.1,0.0,0.08,0.043137254901960784,0.5,0.25
408,0.9811017964838985,0.47712769934072824,0.9509766751352421,0.4691756165077748,0.24899929058488912,0.47813488028272594,0.9450980392156862,0.41933660359275776,0.42539338415176803,0.12156862745098039,0.6885714285714286,0.39560976909399465,0.40442748632044667,0.09142857142857143,0.0392156862745098,0.02857142857142857,0.2714285714285714,11.725714285714286,0.00392156862745098,0.0,0.03709366855304327,0.13196634914903713,5.709803921568628,0.0,0.0,0.15,0.0784313725490196,0,0.15986103600795534,0.2944656570859425,2.0283236302648993,0.5580998093859033,0.0,1.0,0.0,0.1,0.0,0.1,0.0,0.08,0.0392156862745098,0.5,0.25
409,0.980920535655781,0.4774434993057337,0.9508446136747565,0.46975375389910173,0.24899929058488912,0.47821243300672495,0.8784313725490196,0.41933660359275776,0.42539338415176803,0.12156862745098039,0.64,0.39560976909399465,0.40442748632044667,0.09142857142857143,0.047058823529411764,0.03428571428571429,0.2714285714285714,11.728571428571428,0.00392156862745098,0.0,0.03709366855304327,0.13196634914903713,5.709803921568628,0.0,0.0,0.15,0.0784313725490196,0,0.15948944582791552,0.2929933288005129,2.0220428719453154,0.5469378131981852,0.0,1.0,0.0,0.1,0.0,0.1,0.0,0.08,0.047058823529411764,0.5,0.25
410,0.9817803797499322,0.4767676164023393,0.951471071514781,0.46945356827688645,0.24899929058488912,0.4783754805597813,0.9098039215686274,0.41933660359275776,0.42539338415176803,0.12156862745098039,0.6628571428571428,0.39560976909399465,0.40442748632044667,0.09142857142857143,0.047058823529411764,0.04,0.2714285714285714,11.734285714285715,0.00392156862745098,0.0,0.03709366855304327,0.13196634914903713,5.709803921568628,0.0,0.0,0.15,0.0784313725490196,0,0.15917515640245444,0.2915283621565103,2.021602014506409,0.5359990569342216,0.0,1.0,0.0,0.1,0.0,0.1,0.0,0.08,0.047058823529411764,0.5,0.25
411,0.9815619577033798,0.4773940736356704,0.951311935452293,0.4698993196612662,0.24899929058488912,0.478531791208633,0.8901960784313725,0.41933660359275776,0.42539338415176803,0.12156862745098039,0.6485714285714286,0.39560976909399465,0.40442748632044667,0.09142857142857143,0.054901960784313725,0.04285714285714286,0.2714285714285714,11.748571428571429,0.00392156862745098,0.0,0.03709366855304327,0.13196634914903713,5.709803921568628,0.0,0.0,0.15,0.0784313725490196,0,0.15892056990258505,0.29007072034572773,2.0240271170734236,0.5252790757955371,0.0,1.0,0.0,0.1,0.0,0.1,0.0,0.08,0.054901960784313725,0.5,0.25
412,0.9813912789295851,0.47697524918278417,0.9511875837742424,0.4695380059612486,0.24899929058488912,0.47858934707347245,0.8588235294117647,0.41933660359275776,0.42539338415176803,0.12156862745098039,0.6257142857142857,0.39560976909399465,0.40442748632044667,0.09142857142857143,0.043137254901960784,0.037142857142857144,0.2714285714285714,11.734285714285715,0.00392156862745098,0.0,0.03709366855304327,0.13196634914903713,5.709803921568628,0.0,0.0,0.15,0.0784313725490196,0,0.15877646230176104,0.2886203667439991,2.0206894318748123,0.5147734942796264,0.0,1.0,0.0,0.1,0.0,0.1,0.0,0.08,0.043137254901960784,0.5,0.25
413,0.9811127505450697,0.4776816483996805,0.9509846559512383,0.4697897138062021,0.24899929058488912,0.47854246980826526,0.8666666666666667,0.41941503496530685,0.42545220768117975,0.12156862745098039,0.6314285714285715,0.3956669119511375,0.40447034346330374,0.09142857142857143,0.043137254901960784,0.037142857142857144,0.2714285714285714,11.737142857142857,0.00392156862745098,0.0,0.03709366855304327,0.13196634914903713,5.709803921568628,0.0,0.0,0.15,0.0784313725490196,0,0.15878200856168082,0.30062580347146417,2.017418500380173,0.582144712072607,0.0,0.9230769230769231,0.0,0.1,0.0,0.1,0.0,0.08,0.043137254901960784,0.5,0.25
414,0.9823005010022335,0.47752719776057756,0.9518500169986003,0.4694496764818537,0.24899929058488912,0.47857106477011285,0.8980392156862745,0.41941503496530685,0.42545220768117975,0.12156862745098039,0.6542857142857142,0.3956669119511375,0.40447034346330374,0.09142857142857143,0.050980392156862744,0.04,0.2714285714285714,11.742857142857142,0.00392156862745098,0.0,0.03709366855304327,0.13196634914903713,5.709803921568628,0.0,0.0,0.15,0.0784313725490196,0,0.1585862449438724,0.2991226744541068,2.0170701303725695,0.5705018178311548,0.0,1.0,0.0,0.1,0.0,0.1,0.0,0.08,0.050980392156862744,0.5,0.25
415,0.9838719220918569,0.4775208436086462,0.9529949095067546,0.46991528838774227,0.24899929058488912,0.4785256854415395,0.8823529411764706,0.41941503496530685,0.42545220768117975,0.12156862745098039,0.6428571428571429,0.3956669119511375,0.40447034346330374,0.09142857142857143,0.0392156862745098,0.02857142857142857,0.2714285714285714,11.751428571428571,0.00392156862745098,0.0,0.03709366855304327,0.13196634914903713,5.709803921568628,0.0,0.0,0.15,0.0784313725490196,0,0.15799317086201017,0.2976270610818363,2.005300156336547,0.5590917814745318,0.0,1.0,0.0,0.1,0.0,0.1,0.0,0.08,0.0392156862745098,0.5,0.25
416,0.9828481770326968,0.47714936338636615,0.9522490381065094,0.4696383775867614,0.24899929058488912,0.47856950334702697,0.9019607843137255,0.41941503496530685,0.42545220768117975,0.12156862745098039,0.6571428571428571,0.3956669119511375,0.40447034346330374,0.09142857142857143,0.047058823529411764,0.037142857142857144,0.2714285714285714,11.748571428571429,0.00392156862745098,0.0,0.03709366855304327,0.13196634914903713,5.709803921568628,0.0,0.0,0.15,0.0784313725490196,0,0.15760249072198587,0.29613892577642714,2.002337010352673,0.547909945845041,0.0,1.0,0.0,0.1,0.0,0.1,0.0,0.08,0.047058823529411764,0.5,0.25
417,0.9842407560315716,0.4769657502718779,0.9532636313771182,0.4696199075440349,0.24899929058488912,0.47851187484328456,0.8901960784313725,0.41941503496530685,0.42545220768117975,0.12156862745098039,0.6485714285714286,0.3956669119511375,0.40447034346330374,0.09142857142857143,0.054901960784313725,0.04,0.2714285714285714,11.731428571428571,0.00392156862745098,0.0,0.03709366855304327,0.13196634914903713,5.709803921568628,0.0,0.0,0.15,0.0784313725490196,0,0.15712819326837593,0.294658231147545,2.0022902701456196,0.5369517469281403,0.0,1.0,0.0,0.1,0.0,0.1,0.0,0.08,0.054901960784313725,0.5,0.25
418,0.9837915742743801,0.47692087188135834,0.9529363703825929,0.4694686069058,0.24899929058488912,0.47832357003840387,0.8941176470588236,0.41941503496530685,0.42545220768117975,0.12156862745098039,0.6514285714285715,0.3956669119511375,0.40447034346330374,0.09142857142857143,0.050980392156862744,0.037142857142857144,0.2714285714285714,11.748571428571429,0.00392156862745098,0.0,0.03709366855304327,0.13196634914903713,5.709803921568628,0.0,0.0,0.15,0.0784313725490196,0,0.15682613156990904,0.2931849399918073,1.9993873218855642,0.5262127119895774,0.0,1.0,0.0,0.1,0.0,0.1,0.0,0.08,0.050980392156862744,0.5,0.25
419,0.9848605383523737,0.47752544644931083,0.9537151870679885,0.4697797820932044,0.24899929058488912,0.47810733746959844,0.9058823529411765,0.41965032908295385,0.4256286782694151,0.12156862745098039,0.66,0.3958383405225661,0.4045989148918752,0.09142857142857143,0.058823529411764705,0.04857142857142857,0.2714285714285714,11.76,0.00784313725490196,0.0,0.03709366855304327,0.13196634914903713,5.709803921568628,0.0,0.0,0.15,0.0784313725490196,0,0.15729743660850593,0.29171901529184824,2.0079710040192817,0.6020265224311742,0.0,0.8823529411764706,0.0,0.1,0.0,0.1,0.0,0.08,0.058823529411764705,0.5,0.25
420,0.9843204156881641,0.4777810972916786,0.9533216691269214,0.46994445890253034,0.24899929058488912,0.4779900601051843,0.9294117647058824,0.41980719182805193,0.4257463253282386,0.12156862745098039,0.6771428571428572,0.3959526262368518,0.4046846291775895,0.09142857142857143,0.06274509803921569,0.045714285714285714,0.2714285714285714,11.762857142857143,0.00784313725490196,0.0,0.03709366855304327,0.13196634914903713,5.709803921568628,0.0,0.0,0.15,0.0784313725490196,0,0.15756327560503233,0.29026042021538895,2.0135258696531815,0.6583437641736972,0.0,0.9375,0.0,0.1,0.0,0.1,0.0,0.08,0.06274509803921569,0.5,0.25
421,0.9849421535601972,0.4781266367889638,0.9537746495765455,0.4703012805456077,0.24899929058488912,0.4778461221693437,0.9019607843137255,0.41980719182805193,0.4257463253282386,0.12156862745098039,0.6571428571428571,0.3959526262368518,0.4046846291775895,0.09142857142857143,0.06666666666666667,0.04857142857142857,0.2714285714285714,11.768571428571429,0.00784313725490196,0.0,0.03709366855304327,0.13196634914903713,5.709803921568628,0.0,0.0,0.15,0.0784313725490196,0,0.1572878949234536,0.28880911811431204,2.0218267808315464,0.6451768888902233,0.0,1.0,0.0,0.1,0.0,0.1,0.0,0.08,0.06666666666666667,0.5,0.25
422,0.984829648899988,0.4780437422731124,0.9536926818955359,0.4702913257191496,0.24899929058488912,0.47765052727161184,0.8980392156862745,0.4198856232006009,0.4258051488576503,0.12156862745098039,0.6542857142857142,0.39600976909399466,0.40472748632044664,0.09142857142857143,0.050980392156862744,0.04,0.2714285714285714,11.782857142857143,0.00784313725490196,0.0,0.03709366855304327,0.13196634914903713,5.709803921568628,0.0,0.0,0.15,0.0784313725490196,0,0.15758094642607887,0.28736507252374044,2.0213902452149157,0.6703057340917477,0.0,0.9285714285714286,0.0,0.1,0.0,0.1,0.0,0.08,0.050980392156862744,0.5,0.25
423,0.9840563605391947,0.47861147829425776,0.953129286089815,0.47059977338889375,0.24899929058488912,0.47743546395548003,0.8941176470588236,0.41996405457314995,0.42586397238706214,0.12549019607843137,0.6514285714285715,0.3960669119511376,0.4047703434633038,0.09428571428571429,0.054901960784313725,0.04285714285714286,0.2714285714285714,11.8,0.00784313725490196,0.0,0.03709366855304327,0.13196634914903713,5.709803921568628,0.0,0.0,0.15,0.0784313725490196,0,0.15762104169394847,0.28592824716112175,2.02381958316776,0.6568996194099127,0.0,0.9333333333333333,0.0,0.1,0.0,0.1,0.0,0.08,0.054901960784313725,0.5,0.25
424,0.9834603886097915,0.47885447557150085,0.9526950779698212,0.4706715534975105,0.24899929058488912,0.4771465497846537,0.8823529411764706,0.41996405457314995,0.42586397238706214,0.12549019607843137,0.6428571428571429,0.3960669119511376,0.4047703434633038,0.09428571428571429,0.03529411764705882,0.025714285714285714,0.2714285714285714,11.814285714285715,0.00784313725490196,0.0,0.03709366855304327,0.13196634914903713,5.709803921568628,0.0,0.0,0.15,0.0784313725490196,0,0.15714679362833586,0.2844986059253162,2.0090574772186907,0.6437616270217145,0.0,1.0,0.0,0.1,0.0,0.1,0.0,0.08,0.03529411764705882,0.5,0.25
425,0.9824551293431536,0.47855207112587267,0.9519626747898423,0.4705127150547894,0.24899929058488912,0.47697374701752704,0.8823529411764706,0.41996405457314995,0.42586397238706214,0.12549019607843137,0.6428571428571429,0.3960669119511376,0.4047703434633038,0.09428571428571429,0.050980392156862744,0.037142857142857144,0.2714285714285714,11.814285714285715,0.00784313725490196,0.0,0.03709366855304327,0.13196634914903713,5.709803921568628,0.0,0.0,0.15,0.0784313725490196,0,0.15675991965662275,0.28307611289568957,2.0060191848171742,0.6308863944812801,0.0,1.0,0.0,0.1,0.0,0.1,0.0,0.08,0.050980392156862744,0.5,0.25
426,0.9820722263019577,0.47905176452070874,0.9516837025741137,0.47130338743079475,0.24899929058488912,0.47666418235374225,0.8705882352941177,0.41996405457314995,0.42586397238706214,0.12549019607843137,0.6342857142857142,0.3960669119511376,0.4047703434633038,0.09428571428571429,0.047058823529411764,0.04285714285714286,0.2714285714285714,11.817142857142857,0.00392156862745098,0.0,0.03709366855304327,0.13196634914903713,5.709803921568628,0.0,0.0,0.15,0.0784313725490196,0,0.15668613928701813,0.2816607323312111,2.0087559439779734,0.6182686665916545,0.0,1.0,0.0,0.1,0.0,0.1,0.0,0.08,0.047058823529411764,0.5,0.25
427,0.9828165770734586,0.4809567523527262,0.9522260152790645,0.4730603733599241,0.24899929058488912,0.4764033760083325,0.8862745098039215,0.420042485945699,0.42592279591647386,0.12549019607843137,0.6457142857142857,0.3961240548082804,0.4048132006061609,0.09428571428571429,0.050980392156862744,0.037142857142857144,0.2714285714285714,11.837142857142856,0.00784313725490196,0.0,0.03709366855304327,0.13196634914903713,5.709803921568628,0.0,0.0,0.15,0.0784313725490196,0,0.15673028144772588,0.2802524286695551,2.0057236822412707,0.6304909093613251,0.0,0.9230769230769231,0.0,0.1,0.0,0.1,0.0,0.08,0.050980392156862744,0.5,0.25
428,0.9827888214508851,0.4813369828297172,0.9522057933254753,0.4728146490011084,0.24899929058488912,0.4764981304769989,0.8745098039215686,0.42012091731824797,0.4259816194458857,0.12549019607843137,0.6371428571428571,0.39618119766542326,0.4048560577490181,0.09428571428571429,0.043137254901960784,0.04285714285714286,0.2714285714285714,11.842857142857143,0.00784313725490196,0.0,0.03709366855304327,0.13196634914903713,5.709803921568628,0.0,0.0,0.15,0.0784313725490196,0,0.1568312028976301,0.28897020167936527,2.0084663514535883,0.6423172422625915,0.0,0.9333333333333333,0.0,0.1,0.0,0.1,0.0,0.08,0.043137254901960784,0.5,0.25
429,0.9838286167495044,0.48104633480236886,0.9529633584716123,0.47270616524490144,0.24899929058488912,0.47665025627447993,0.9098039215686274,0.42012091731824797,0.4259816194458857,0.12549019607843137,0.6628571428571428,0.39618119766542326,0.4048560577490181,0.09428571428571429,0.0392156862745098,0.02857142857142857,0.2714285714285714,11.857142857142858,0.011764705882352941,0.0,0.03709366855304327,0.13196634914903713,5.709803921568628,0.0,0.0,0.15,0.0784313725490196,0,0.15636076188314196,0.2875253506709684,1.9968684529959448,0.6294708974173395,0.0,1.0,0.0,0.1,0.0,0.1,0.0,0.08,0.0392156862745098,0.5,0.25
430,0.9852524461567721,0.47998904250580626,0.9540007198969073,0.4717629934397267,0.24899929058488912,0.4768329606252145,0.8588235294117647,0.42012091731824797,0.4259816194458857,0.12549019607843137,0.6257142857142857,0.39618119766542326,0.4048560577490181,0.09428571428571429,0.050980392156862744,0.04,0.2714285714285714,11.877142857142857,0.011764705882352941,0.0,0.03709366855304327,0.13196634914903713,5.709803921568628,0.0,0.0,0.15,0.0784313725490196,0,0.1560629623558691,0.28608772391761356,1.9969310839360261,0.6168814794689927,0.0,1.0,0.0,0.1,0.0,0.1,0.0,0.08,0.050980392156862744,0.5,0.25
431,0.9846838578631765,0.4808080595903268,0.9535864627115732,0.47264159562981667,0.24899929058488912,0.47687150447940846,0.8117647058823529,0.420356211435895,0.4261580900341209,0.12549019607843137,0.5914285714285714,0.39635262623685186,0.40498462917758943,0.09428571428571429,0.054901960784313725,0.04285714285714286,0.2714285714285714,11.897142857142857,0.011764705882352941,0.0,0.03709366855304327,0.13196634914903713,5.709803921568628,0.0,0.0,0.15,0.0784313725490196,0,0.15653822609767903,0.28543155699522826,1.9998496051144483,0.6257402853631244,0.0,0.8666666666666667,0.0,0.1,0.0,0.1,0.0,0.08,0.054901960784313725,0.5,0.25
432,0.9825055584303307,0.48061069215102975,0.9519994159819284,0.47271212523571127,0.24899929058488912,0.47687451032362577,0.8509803921568627,0.420356211435895,0.4261580900341209,0.12549019607843137,0.62,0.39635262623685186,0.40498462917758943,0.09428571428571429,0.07450980392156863,0.06,0.2714285714285714,11.937142857142858,0.011764705882352941,0.0,0.03709366855304327,0.13196634914903713,5.709803921568628,0.0,0.0,0.15,0.0784313725490196,0,0.15626853782076208,0.2840043992102521,2.0198526130121595,0.6132254796558619,0.0,1.0,0.0,0.1,0.0,0.1,0.0,0.08,0.07450980392156863,0.5,0.25
433,0.9814572310747367,0.4809284921704362,0.9512356346228528,0.47287366646031725,0.24899929058488912,0.4768453667067338,0.9019607843137255,0.420356211435895,0.4261580900341209,0.12549019607843137,0.6571428571428571,0.39635262623685186,0.40498462917758943,0.09428571428571429,0.047058823529411764,0.03428571428571429,0.2714285714285714,11.974285714285715,0.011764705882352941,0.0,0.03709366855304327,0.13196634914903713,5.709803921568628,0.0,0.0,0.15,0.0784313725490196,0,0.15574419513165827,0.2825843772142008,2.0137412750376305,0.6009609700627446,0.0,1.0,0.0,0.1,0.0,0.1,0.0,0.08,0.047058823529411764,0.5,0.25
434,0.9813904475840136,0.4807739554214672,0.9511869780796118,0.4728540351704189,0.24899929058488912,0.47683575010064916,0.8901960784313725,0.42051307418099304,0.4262757370929445,0.12549019607843137,0.6485714285714286,0.39646691195113754,0.4050703434633038,0.09428571428571429,0.058823529411764705,0.04285714285714286,0.2714285714285714,11.991428571428571,0.011764705882352941,0.0,0.03709366855304327,0.13196634914903713,5.709803921568628,0.0,0.0,0.15,0.0784313725490196,0,0.15587720267396418,0.28117145532812987,2.0163235923940204,0.6914572453499586,0.0,0.9333333333333333,0.0,0.1,0.0,0.1,0.0,0.08,0.058823529411764705,0.5,0.25
435,0.9828200993303051,0.48085281264963703,0.9522285814947667,0.47275842608149554,0.24899929058488912,0.47690910569771483,0.8823529411764706,0.4206699369260911,0.426393384151768,0.12549019607843137,0.6428571428571429,0.39658119766542327,0.405156057749018,0.09428571428571429,0.058823529411764705,0.04857142857142857,0.2714285714285714,12.008571428571429,0.01568627450980392,0.0,0.03709366855304327,0.13196634914903713,5.709803921568628,0.0,0.0,0.15,0.0784313725490196,0,0.1559823895177372,0.28892479122253467,2.024568549117569,0.7239821351259262,0.0,0.9411764705882353,0.0,0.1,0.0,0.1,0.0,0.08,0.058823529411764705,0.5,0.25
436,0.9825272068311959,0.4794640798022887,0.952015188388273,0.4719956681383467,0.24899929058488912,0.4769731956254433,0.8705882352941177,0.4206699369260911,0.426393384151768,0.12549019607843137,0.6342857142857142,0.39658119766542327,0.405156057749018,0.09428571428571429,0.043137254901960784,0.03428571428571429,0.2714285714285714,12.042857142857143,0.01568627450980392,0.0,0.03709366855304327,0.13196634914903713,5.709803921568628,0.0,0.0,0.15,0.0784313725490196,0,0.1556839458925746,0.287480167266422,2.0183628924209316,0.7095024924234078,0.0,1.0,0.0,0.1,0.0,0.1,0.0,0.08,0.043137254901960784,0.5,0.25
437,0.9819557180350635,0.47940560473624455,0.9515988179796623,0.4721847648750611,0.24899929058488912,0.47695105544315586,0.8745098039215686,0.42098366241628715,0.42662867826941503,0.12941176470588237,0.6371428571428571,0.3968097690939947,0.4053274863204466,0.09714285714285714,0.08235294117647059,0.06285714285714286,0.2714285714285714,12.062857142857142,0.0196078431372549,0.0,0.03709366855304327,0.13196634914903713,5.709803921568628,0.0,0.0,0.15,0.0784313725490196,0,0.15692758856892566,0.2860427664300899,2.040852777429656,0.7116033743860778,0.0,0.8636363636363636,0.0,0.1,0.0,0.1,0.0,0.08,0.08235294117647059,0.5,0.25
438,0.9834533323914003,0.47936572630285756,0.9526899370107076,0.472427509500391,0.24899929058488912,0.4769365115429963,0.8509803921568627,0.4211405251613852,0.4267463253282386,0.12941176470588237,0.62,0.39692405480828047,0.40541320060616093,0.09714285714285714,0.043137254901960784,0.045714285714285714,0.2714285714285714,12.077142857142857,0.0196078431372549,0.0,0.03709366855304327,0.13196634914903713,5.709803921568628,0.0,0.0,0.15,0.0784313725490196,0,0.15708423990822387,0.28461255259793944,2.0457500075953483,0.7181253542024858,0.0,0.9375,0.0,0.1,0.0,0.1,0.0,0.08,0.043137254901960784,0.5,0.25
439,0.9843163628045489,0.4795443098940086,0.9533187163117162,0.4723375107598308,0.24899929058488912,0.4768867225541793,0.8509803921568627,0.4211405251613852,0.4267463253282386,0.12941176470588237,0.62,0.39692405480828047,0.40541320060616093,0.09714285714285714,0.06274509803921569,0.054285714285714284,0.2714285714285714,12.097142857142858,0.0196078431372549,0.0,0.03709366855304327,0.13196634914903713,5.709803921568628,0.0,0.0,0.15,0.0784313725490196,0,0.1567551051372542,0.28318948983494974,2.0591207217291556,0.7037628471184361,0.0,1.0,0.0,0.1,0.0,0.1,0.0,0.08,0.06274509803921569,0.5,0.25
440,0.9846798681484881,0.4790338821065953,0.9535835559194431,0.47239334358836443,0.24899929058488912,0.47694114955434463,0.8784313725490196,0.4211405251613852,0.4267463253282386,0.12941176470588237,0.64,0.39692405480828047,0.40541320060616093,0.09714285714285714,0.043137254901960784,0.03142857142857143,0.2714285714285714,12.122857142857143,0.023529411764705882,0.0,0.03709366855304327,0.13196634914903713,5.709803921568628,0.0,0.0,0.15,0.0784313725490196,0,0.15617132961156793,0.281773542385775,2.049366878723144,0.6896875901760673,0.0,1.0,0.0,0.1,0.0,0.1,0.0,0.08,0.043137254901960784,0.5,0.25
441,0.9840512821570373,0.4787961176029231,0.9531255861256719,0.472415511099754,0.24899929058488912,0.4770547137328929,0.8117647058823529,0.4211405251613852,0.4267463253282386,0.12941176470588237,0.5914285714285714,0.39692405480828047,0.40541320060616093,0.09714285714285714,0.054901960784313725,0.04,0.2714285714285714,12.145714285714286,0.027450980392156862,0.0,0.03709366855304327,0.13196634914903713,5.709803921568628,0.0,0.0,0.15,0.0784313725490196,0,0.15576076153136725,0.2803646746738461,2.048379541148681,0.6758938383725459,0.0,1.0,0.0,0.1,0.0,0.1,0.0,0.08,0.054901960784313725,0.5,0.25
442,0.9818777716849831,0.4790362235329869,0.9515420284960324,0.47246792074670746,0.24899929058488912,0.4770727602911594,0.8549019607843137,0.4211405251613852,0.4267463253282386,0.12941176470588237,0.6228571428571429,0.39692405480828047,0.40541320060616093,0.09714285714285714,0.058823529411764705,0.045714285714285714,0.2714285714285714,12.168571428571429,0.0196078431372549,0.0,0.03709366855304327,0.13196634914903713,5.709803921568628,0.0,0.0,0.15,0.0784313725490196,0,0.15566453842728187,0.2789628513004769,2.053126236039993,0.662375961605095,0.0,1.0,0.0,0.1,0.0,0.1,0.0,0.08,0.058823529411764705,0.5,0.25
443,0.9814024567108808,0.4793694735535219,0.9511957275863293,0.47231277346950234,0.24899929058488912,0.4770301516840826,0.8745098039215686,0.4211405251613852,0.4267463253282386,0.12941176470588237,0.6371428571428571,0.39692405480828047,0.40541320060616093,0.09714285714285714,0.047058823529411764,0.03428571428571429,0.2714285714285714,12.185714285714285,0.027450980392156862,0.0,0.03709366855304327,0.13196634914903713,5.709803921568628,0.0,0.0,0.15,0.0784313725490196,0,0.15514321573514545,0.2775680370439745,2.0463494256049075,0.649128442372993,0.0,1.0,0.0,0.1,0.0,0.1,0.0,0.08,0.047058823529411764,0.5,0.25
444,0.9815859364310587,0.4781958963415774,0.9513294056681729,0.4717325565106314,0.24899929058488912,0.47692268508350294,0.8431372549019608,0.4211405251613852,0.4267463253282386,0.12941176470588237,0.6142857142857143,0.39692405480828047,0.40541320060616093,0.09714285714285714,0.06274509803921569,0.04857142857142857,0.2714285714285714,12.2,0.027450980392156862,0.0,0.03709366855304327,0.13196634914903713,5.709803921568628,0.0,0.0,0.15,0.0784313725490196,0,0.15528050251004114,0.2761801968587546,2.053993865664238,0.6420845996864901,0.0,0.9411764705882353,0.0,0.1,0.0,0.1,0.0,0.08,0.06274509803921569,0.5,0.25
445,0.982510980550202,0.4783322657624054,0.9520033663835492,0.4721127778663056,0.24899929058488912,0.47679992234693247,0.8352941176470589,0.4211405251613852,0.4267463253282386,0.12941176470588237,0.6085714285714285,0.39692405480828047,0.40541320060616093,0.09714285714285714,0.03529411764705882,0.03142857142857143,0.2714285714285714,12.191428571428572,0.027450980392156862,0.0,0.03709366855304327,0.13196634914903713,5.709803921568628,0.0,0.0,0.15,0.0784313725490196,0,0.15515556839082947,0.27479929587446084,2.0443425597795244,0.6292429076927603,0.0,1.0,0.0,0.1,0.0,0.1,0.0,0.08,0.03529411764705882,0.5,0.25
446,0.9820632891357886,0.47871480495101293,0.9516771912101906,0.47249349067966134,0.24899929058488912,0.4767254162185678,0.8901960784313725,0.4211405251613852,0.4267463253282386,0.12941176470588237,0.6485714285714286,0.39692405480828047,0.40541320060616093,0.09714285714285714,0.03137254901960784,0.022857142857142857,0.2714285714285714,12.18,0.023529411764705882,0.0,0.03709366855304327,0.13196634914903713,5.709803921568628,0.0,0.0,0.15,0.0784313725490196,0,0.15472150768816106,0.2734252993950886,2.0263128514410766,0.616658049538905,0.0,1.0,0.0,0.1,0.0,0.1,0.0,0.08,0.03137254901960784,0.5,0.25
447,0.9813601804158588,0.47921183889232144,0.9511649262856703,0.4729405909369117,0.24899929058488912,0.47659945896122385,0.8627450980392157,0.42129738790648324,0.42686397238706214,0.12941176470588237,0.6285714285714286,0.39703834052256615,0.4054989148918751,0.09714285714285714,0.06666666666666667,0.06,0.2714285714285714,12.185714285714285,0.023529411764705882,0.0,0.03709366855304327,0.13196634914903713,5.709803921568628,0.0,0.0,0.15,0.0784313725490196,0,0.1549179015782917,0.27205817289811307,2.0457865944122555,0.6043248885481269,0.0,0.9523809523809523,0.0,0.1,0.0,0.1,0.0,0.08,0.06666666666666667,0.5,0.25
448,0.9810188822657897,0.4786521603511734,0.9505528285835502,0.4725901554470478,0.24899929058488912,0.4765838129949888,0.8582677165354331,0.42009362536230405,0.4269830439471974,0.12992125984251968,0.6228571428571429,0.3971526262368518,0.40558462917758953,0.09714285714285714,0.07480314960629922,0.06285714285714286,0.2742857142857143,12.197142857142858,0.01968503937007874,0.002857142857142857,0.03710658556640224,0.13196634914903713,5.68503937007874,0.0,0.0,0.15,0.07874015748031496,0,0.15568374706325736,0.27069788203362255,2.0677280053811526,0.6059214696338989,0.0,0.9090909090909091,0.0,0.1,0.0,0.1,0.0,0.08,0.07450980392156863,0.5,0.25
449,0.9793731738650971,0.47806487739205844,0.9493585144870476,0.4724395439882634,0.24899929058488912,0.47657735637156795,0.8582677165354331,0.42025110567726465,0.4271011541834179,0.12992125984251968,0.6228571428571429,0.3972669119511375,0.4056703434633037,0.09714285714285714,0.07086614173228346,0.06,0.2742857142857143,12.208571428571428,0.01968503937007874,0.0,0.03712393086994697,0.13196634914903713,5.68503937007874,0.0,0.0,0.15,0.07874015748031496,0,0.1557621854707982,0.26934439262345444,2.0863734452735296,0.593803040241221,0.0,0.9523809523809523,0.0,0.1,0.0,0.1,0.0,0.08,0.07086614173228346,0.5,0.25
