t,mean_x,mean_y,mean_x_all,mean_y_all,mean_L,y0,mean_epc,mean_r,mean_b,fund_prevalence,mean_epc_all,mean_r_all,mean_b_all,fund_prevalence_all,punish_rate,mean_punished,exit_rate,mean_exit_intent,exit_attempt_rate,exit_success_rate,p_opp_mean,stay_value,mean_degree_active,threat,A,budget,enforcer_frac,n_cadre_fallback,cap_mean,cap_p90,service_mean,service_p90,monopoly_on,enforcer_punish_share_step,alpha_punish_revalue,delta_outside_degrade,mu_membership_reward,pi_reward,lam_punish
0,0.34286512188196766,0.5016855391492695,0.34286512188196766,0.5016855391492695,0.26040296497001675,0.5,0.0,0.3236653427463646,0.33374013127775004,0.008571428571428572,0.0,0.3236653427463646,0.33374013127775004,0.008571428571428572,0.0,0.0,0.0,0.0,0.0,0.0,0.5,0.0,11.794285714285714,0.0,0.0,0.0,0.0,0,0.0,0.0,0.0,0.0,0.0,0.0,0.0,0.6,0.4,0.5,0.25
1,0.35092051799879265,0.5024117718350033,0.35092051799879265,0.5024117718350033,0.26040296497001675,0.501208215688591,0.6085714285714285,0.3246939141749361,0.3345115598491786,0.008571428571428572,0.6085714285714285,0.3246939141749361,0.3345115598491786,0.008571428571428572,0.025714285714285714,0.025714285714285714,0.0,0.008571428571428572,0.0,0.0,0.011696027175365156,0.11836634914903713,11.794285714285714,0.0,0.0,0.15,0.08,28,0.0038571428571428576,0.0,0.025714285714285714,0.0,0.0,1.0,0.0,0.6,0.4,0.5,0.25
2,0.358915428801527,0.5025450085684083,0.358915428801527,0.5025450085684083,0.26040296497001675,0.5024617200829252,0.8885714285714286,0.32509391417493605,0.3348115598491786,0.011428571428571429,0.8885714285714286,0.32509391417493605,0.3348115598491786,0.011428571428571429,0.011428571428571429,0.011428571428571429,0.0,0.005714285714285714,0.0,0.0,0.011696027175365156,0.11836634914903713,11.794285714285714,0.0,0.0,0.15,0.08,24,0.005552142857142857,0.0,0.03662857142857143,0.0,0.0,0.75,0.0,0.6,0.4,0.5,0.25
3,0.3690363192371627,0.5027835180804097,0.3690363192371627,0.5027835180804097,0.26040296497001675,0.5014486607654295,0.8828571428571429,0.3256256364500242,0.33536870270632146,0.011428571428571429,0.8828571428571429,0.3256256364500242,0.33536870270632146,0.011428571428571429,0.02,0.02,0.0,0.002857142857142857,0.0,0.0,0.011696027175365156,0.11836634914903713,11.794285714285714,0.0,0.0,0.15,0.08,23,0.008524382142857143,0.0,0.055896,0.0,0.0,0.8571428571428571,0.0,0.6,0.4,0.5,0.25
4,0.3790159763558624,0.5022252991966785,0.3790159763558624,0.5022252991966785,0.26040296497001675,0.5005895787514366,0.9028571428571428,0.326482779307167,0.33601155984917863,0.011428571428571429,0.9028571428571428,0.326482779307167,0.33601155984917863,0.011428571428571429,0.022857142857142857,0.022857142857142857,0.0,0.005714285714285714,0.0,0.0,0.011696027175365156,0.11836634914903713,11.794285714285714,0.0,0.0,0.15,0.08,22,0.011910331660714285,0.0,0.07763522285714286,0.0,0.0,0.75,0.0,0.6,0.4,0.5,0.25
5,0.3884706445706937,0.5017765707225061,0.3884706445706937,0.5017765707225061,0.26040296497001675,0.5001423251590544,0.9257142857142857,0.32705420787859557,0.33644013127775,0.011428571428571429,0.9257142857142857,0.32705420787859557,0.33644013127775,0.011428571428571429,0.017142857142857144,0.017142857142857144,0.0,0.002857142857142857,0.0,0.0,0.011696027175365156,0.11836634914903713,11.794285714285714,0.0,0.0,0.15,0.08,22,0.014422208573839284,0.0,0.09322537554285715,0.0,0.0,1.0,0.0,0.6,0.4,0.5,0.25
6,0.39921949410415597,0.5017147800424411,0.39921949410415597,0.5017147800424411,0.26040296497001675,0.49978259599498687,0.8771428571428571,0.32811711609863337,0.3374193567983591,0.011428571428571429,0.8771428571428571,0.32811711609863337,0.3374193567983591,0.011428571428571429,0.03428571428571429,0.03428571428571429,0.0,0.011428571428571429,0.0,0.0,0.011696027175365156,0.11836634914903713,11.794285714285714,0.0,0.0,0.15,0.08,21,0.01949295467382723,0.0,0.12564658231771428,0.0,0.0,0.9166666666666666,0.0,0.6,0.4,0.5,0.25
7,0.40788012821185265,0.5011281044812658,0.40788012821185265,0.5011281044812658,0.26040296497001675,0.49972236951253884,0.9171428571428571,0.3291456875272048,0.33819078536978764,0.014285714285714285,0.9171428571428571,0.3291456875272048,0.33819078536978764,0.014285714285714285,0.02857142857142857,0.02857142857142857,0.0,0.02857142857142857,0.0,0.0,0.011696027175365156,0.11836634914903713,11.794285714285714,0.0,0.0,0.15,0.08,19,0.02368120418617238,0.0,0.15170507924278856,0.0,0.0,0.9,0.0,0.6,0.4,0.5,0.25
8,0.4170243517625517,0.500678247259572,0.4170243517625517,0.500678247259572,0.26040296497001675,0.4992137056568069,0.8971428571428571,0.3311456875272048,0.3396907853697877,0.022857142857142857,0.8971428571428571,0.3311456875272048,0.3396907853697877,0.022857142857142857,0.06285714285714286,0.06285714285714286,0.0,0.02,0.0,0.0,0.011696027175365156,0.11836634914903713,11.794285714285714,0.0,0.0,0.15,0.08,18,0.03299136959381294,0.0,0.21152812051507566,0.0,0.0,1.0,0.0,0.6,0.4,0.5,0.25
9,0.4254684347555612,0.5003084107482418,0.4254684347555612,0.5003084107482418,0.26040296497001675,0.4997430209919832,0.8914285714285715,0.3321299106232796,0.3407350168225769,0.022857142857142857,0.8914285714285715,0.3321299106232796,0.3407350168225769,0.022857142857142857,0.04857142857142857,0.05142857142857143,0.0,0.005714285714285714,0.0,0.0,0.011696027175365156,0.11836634914903713,11.794285714285714,0.0,0.0,0.15,0.08,14,0.0403609042156551,0.0,0.25872612953334556,0.0,0.0,0.8888888888888888,0.0,0.6,0.4,0.5,0.25
10,0.4348678199162977,0.4990358827384747,0.4348678199162977,0.4990358827384747,0.26040296497001675,0.5003970343839284,0.8657142857142858,0.3330441963375653,0.34150644539400543,0.022857142857142857,0.8657142857142858,0.3330441963375653,0.34150644539400543,0.022857142857142857,0.04,0.04285714285714286,0.0,0.0,0.0,0.0,0.011696027175365156,0.11836634914903713,11.794285714285714,0.0,0.0,0.15,0.08,14,0.04471370985688017,0.0,0.2964087497998215,0.0,0.0,0.9333333333333333,0.0,0.6,0.4,0.5,0.25
11,0.4439442823637379,0.4997605751751902,0.4439442823637379,0.4997605751751902,0.26040296497001675,0.500997038674864,0.9257142857142857,0.3346441963375653,0.3427921596797197,0.025714285714285714,0.9257142857142857,0.3346441963375653,0.3427921596797197,0.025714285714285714,0.05142857142857143,0.054285714285714284,0.0,0.0,0.0,0.0,0.011696027175365156,0.11836634914903713,11.794285714285714,0.0,0.0,0.15,0.08,14,0.05140442702188147,0.0,0.3447662890895393,0.0,0.0,0.9473684210526315,0.0,0.6,0.4,0.5,0.25
12,0.45449089858813996,0.5016944881427292,0.45449089858813996,0.5016944881427292,0.26040296497001675,0.5010379257170934,0.9142857142857143,0.33575026034036254,0.34373501682257684,0.025714285714285714,0.9142857142857143,0.33575026034036254,0.34373501682257684,0.025714285714285714,0.04285714285714286,0.045714285714285714,0.0,0.008571428571428572,0.0,0.0,0.011696027175365156,0.11836634914903713,11.794285714285714,0.0,0.0,0.15,0.08,10,0.05601957455093482,0.0,0.3835852490220343,0.0,0.0,0.9375,0.0,0.6,0.4,0.5,0.25
13,0.46518412335113324,0.5016782970582685,0.46518412335113324,0.5016782970582685,0.26040296497001675,0.5011054122743958,0.9142857142857143,0.3360931174832197,0.3446084775721853,0.025714285714285714,0.9142857142857143,0.3360931174832197,0.3446084775721853,0.025714285714285714,0.037142857142857144,0.045714285714285714,0.0,0.017142857142857144,0.0,0.0,0.011696027175365156,0.11836634914903713,11.794285714285714,0.0,0.0,0.15,0.08,8,0.058453619535323,0.0,0.42162782975587937,0.0,0.0,0.9375,0.0,0.6,0.4,0.5,0.25
14,0.47465333960258427,0.5009142455561905,0.47465333960258427,0.5009142455561905,0.26040296497001675,0.5008223491525667,0.9057142857142857,0.33769396595504003,0.34615133471504245,0.02857142857142857,0.9057142857142857,0.33769396595504003,0.34615133471504245,0.02857142857142857,0.06857142857142857,0.07142857142857142,0.0,0.017142857142857144,0.0,0.0,0.011696027175365156,0.11836634914903713,11.794285714285714,0.0,0.0,0.15,0.08,6,0.06638992286621782,0.0,0.4846238445893331,0.0,0.0,0.96,0.0,0.6,0.4,0.5,0.25
15,0.48296777528760176,0.5015355125065152,0.48296777528760176,0.5015355125065152,0.26040296497001675,0.501440423475682,0.9114285714285715,0.33883682309789714,0.3474797198558048,0.03428571428571429,0.9114285714285715,0.33883682309789714,0.3474797198558048,0.03428571428571429,0.04857142857142857,0.054285714285714284,0.0,0.011428571428571429,0.0,0.0,0.011696027175365156,0.11836634914903713,11.794285714285714,0.0,0.0,0.15,0.08,5,0.07264662669386486,0.0,0.5292170819832608,0.0,0.0,1.0,0.0,0.6,0.4,0.5,0.25
16,0.4946398171120981,0.5016165864844191,0.4946398171120981,0.5016165864844191,0.26040296497001675,0.5021634676828644,0.9142857142857143,0.3395225373836115,0.3483368627129476,0.03428571428571429,0.9142857142857143,0.3395225373836115,0.3483368627129476,0.03428571428571429,0.04,0.04285714285714286,0.0,0.008571428571428572,0.0,0.0,0.011696027175365156,0.11836634914903713,11.794285714285714,0.0,0.0,0.15,0.08,4,0.07613339568641858,0.0,0.5614898832007384,0.0,0.0,1.0,0.0,0.6,0.4,0.5,0.25
17,0.5033455770888599,0.501908938202414,0.5033455770888599,0.501908938202414,0.26040296497001675,0.5033338247422974,0.9085714285714286,0.3407235395806471,0.3497511484272333,0.03428571428571429,0.9085714285714286,0.3407235395806471,0.3497511484272333,0.03428571428571429,0.06285714285714286,0.07142857142857142,0.0,0.02857142857142857,0.0,0.0,0.011696027175365156,0.11836634914903713,11.794285714285714,0.0,0.0,0.15,0.08,4,0.08107110934780792,0.01398345179123425,0.621688656965295,0.07536419414750731,0.0,0.96,0.0,0.6,0.4,0.5,0.25
18,0.5120843044894383,0.5006714395494637,0.5120843044894383,0.5006714395494637,0.26040296497001675,0.5045628800914881,0.9371428571428572,0.34198068243778995,0.3511225769986619,0.03428571428571429,0.9371428571428572,0.34198068243778995,0.3511225769986619,0.03428571428571429,0.054285714285714284,0.06,0.0,0.037142857142857144,0.0,0.0,0.011696027175365156,0.11836634914903713,11.794285714285714,0.0,0.0,0.15,0.08,4,0.08640861094392603,0.1392052625817053,0.6692548838259891,0.7400763865283538,0.0,0.9523809523809523,0.0,0.6,0.4,0.5,0.25
19,0.5214063777245102,0.5016752712188355,0.5214063777245102,0.5016752712188355,0.26040296497001675,0.5054908442246115,0.9228571428571428,0.34283782529493284,0.3518029296004968,0.03428571428571429,0.9228571428571428,0.34283782529493284,0.3518029296004968,0.03428571428571429,0.045714285714285714,0.045714285714285714,0.0,0.054285714285714284,0.0,0.0,0.011696027175365156,0.11836634914903713,11.794285714285714,0.0,0.0,0.15,0.08,4,0.08939643647078203,0.13850923626879677,0.7015840718637552,0.7252748587977867,0.0,1.0,0.0,0.6,0.4,0.5,0.25
20,0.5305717976852248,0.5016421812618833,0.5305717976852248,0.5016421812618833,0.26040296497001675,0.5063748910813327,0.9085714285714286,0.34410968402178005,0.353345786743354,0.03428571428571429,0.9085714285714286,0.34410968402178005,0.353345786743354,0.03428571428571429,0.07428571428571429,0.08285714285714285,0.0,0.07142857142857142,0.0,0.0,0.011696027175365156,0.11836634914903713,11.794285714285714,0.0,0.0,0.15,0.08,4,0.09387332808522322,0.1378166900874528,0.7704095332836227,0.710769361621831,0.0,1.0,0.0,0.6,0.4,0.5,0.25
21,0.5399887116517359,0.5027596627731972,0.5399887116517359,0.5027596627731972,0.26040296497001675,0.5071330001773837,0.9314285714285714,0.3450811125932086,0.35415464763865356,0.03428571428571429,0.9314285714285714,0.3450811125932086,0.35415464763865356,0.03428571428571429,0.04857142857142857,0.054285714285714284,0.0,0.07142857142857142,0.0,0.0,0.011696027175365156,0.11836634914903713,11.794285714285714,0.0,0.0,0.15,0.08,4,0.09648928607658985,0.13788625776011418,0.8092870569036646,0.7122464998271222,0.0,0.9473684210526315,0.0,0.6,0.4,0.5,0.25
22,0.5500487020198772,0.5030075453410983,0.5500487020198772,0.5030075453410983,0.26040296497001675,0.5078586539026454,0.9228571428571428,0.34667657202725694,0.35565464763865356,0.037142857142857144,0.9228571428571428,0.34667657202725694,0.35565464763865356,0.037142857142857144,0.08571428571428572,0.09142857142857143,0.0,0.07714285714285714,0.0,0.0,0.011696027175365156,0.11836634914903713,11.794285714285714,0.0,0.0,0.15,0.08,4,0.10269226821763548,0.14131439763064235,0.8845298871941626,0.7863181864362998,0.0,0.9375,0.0,0.6,0.4,0.5,0.25
23,0.5618394780189728,0.5033774908023341,0.5618394780189728,0.5033774908023341,0.26040296497001675,0.5081588969877786,0.8571428571428571,0.34799085774154265,0.3570110971159915,0.04285714285714286,0.8571428571428571,0.34799085774154265,0.3570110971159915,0.04285714285714286,0.07142857142857142,0.08571428571428572,0.0,0.08285714285714285,0.0,0.0,0.011696027175365156,0.11836634914903713,11.794285714285714,0.0,0.0,0.15,0.08,3,0.10803566401940445,0.14124342103715634,0.9525535751645652,0.7847167237347998,0.0,0.9666666666666667,0.0,0.6,0.4,0.5,0.25
24,0.5719874098643495,0.5034311494043547,0.5719874098643495,0.5034311494043547,0.26040296497001675,0.5086391506148497,0.9085714285714286,0.3490194291701141,0.3580396685445629,0.045714285714285714,0.9085714285714286,0.3490194291701141,0.3580396685445629,0.045714285714285714,0.08285714285714285,0.08857142857142856,0.0,0.12,0.0,0.0,0.011696027175365156,0.11836634914903713,11.794285714285714,0.0,0.0,0.15,0.08,3,0.112637344270736,0.14131439763064235,1.0220739322327024,0.7863181864362998,0.0,0.9354838709677419,0.0,0.6,0.4,0.5,0.25
25,0.5817984196254454,0.5036836163325195,0.5817984196254454,0.5036836163325195,0.26040296497001675,0.5090581944927861,0.9,0.35013933558142585,0.358767198857329,0.04857142857142857,0.9,0.35013933558142585,0.358767198857329,0.04857142857142857,0.07714285714285714,0.08,0.0,0.13142857142857142,0.0,0.0,0.011696027175365156,0.11836634914903713,11.794285714285714,0.0,0.0,0.15,0.08,3,0.1158906620845434,0.14131439763064235,1.0816324535880484,0.7863181864362998,0.0,0.9642857142857143,0.0,0.6,0.4,0.5,0.25
26,0.591892373752077,0.5036308348184666,0.591892373752077,0.5036308348184666,0.26040296497001675,0.5090474914763313,0.9085714285714286,0.35138032563773497,0.3598321082046084,0.05142857142857143,0.9085714285714286,0.35138032563773497,0.3598321082046084,0.05142857142857143,0.07428571428571429,0.07714285714285714,0.0,0.16285714285714287,0.0,0.0,0.011696027175365156,0.11836634914903713,11.794285714285714,0.0,0.0,0.15,0.08,2,0.1199394944884064,0.14060782564248914,1.1371426616591445,0.7705918227075738,0.0,1.0,0.0,0.6,0.4,0.5,0.25
27,0.6012000095259069,0.5026325784656892,0.6012000095259069,0.5026325784656892,0.26040296497001675,0.5087109337606693,0.9028571428571428,0.35258032563773495,0.36081782249032274,0.054285714285714284,0.9028571428571428,0.35258032563773495,0.36081782249032274,0.054285714285714284,0.08,0.09142857142857143,0.0,0.16857142857142857,0.0,0.0,0.011696027175365156,0.11836634914903713,11.794285714285714,0.0,0.0,0.15,0.08,2,0.12391335942163424,0.13990478651427668,1.2058283798545328,0.7551799862534223,0.0,1.0,0.0,0.6,0.4,0.5,0.25
28,0.6085557520360994,0.5019170288174368,0.6085557520360994,0.5019170288174368,0.26040296497001675,0.5083430769609936,0.8942857142857142,0.3534946113520207,0.3615892510617514,0.05714285714285714,0.8942857142857142,0.3534946113520207,0.3615892510617514,0.05714285714285714,0.05714285714285714,0.06857142857142857,0.0,0.2057142857142857,0.002857142857142857,0.0,0.011696027175365156,0.11836634914903713,11.794285714285714,0.0,0.0,0.15,0.08,2,0.12746493548166893,0.1428826773150215,1.250283240828871,0.8221780795234651,0.0,0.9166666666666666,0.0,0.6,0.4,0.5,0.25
29,0.6153825499723603,0.502070649860733,0.6153825499723603,0.502070649860733,0.26040296497001675,0.508378382324753,0.9257142857142857,0.3548088970663064,0.36296067963317996,0.06,0.9257142857142857,0.3548088970663064,0.36296067963317996,0.06,0.1,0.10857142857142857,0.0,0.26,0.002857142857142857,0.0,0.011696027175365156,0.11836634914903713,11.794285714285714,0.0,0.0,0.15,0.08,1,0.1317686143721177,0.1421682639284464,1.333849004583722,0.8057345179329959,0.0,1.0,0.0,0.6,0.4,0.5,0.25
30,0.6243110855874364,0.501562752795718,0.6243110855874364,0.501562752795718,0.26040296497001675,0.5085258426018627,0.9,0.35554430097671197,0.3638606796331799,0.06,0.9,0.35554430097671197,0.3638606796331799,0.06,0.06285714285714286,0.08285714285714285,0.0,0.2914285714285714,0.002857142857142857,0.0,0.011696027175365156,0.11836634914903713,11.794285714285714,0.0,0.0,0.15,0.08,1,0.13332110223053578,0.14345548873190211,1.3900291673491902,0.8354492881753136,0.0,0.9655172413793104,0.0,0.6,0.4,0.5,0.25
31,0.6329864370822407,0.5016198612803721,0.6329864370822407,0.5016198612803721,0.26040296497001675,0.508446741510623,0.86,0.35583001526242625,0.3648463939188942,0.06,0.86,0.35583001526242625,0.3648463939188942,0.06,0.07142857142857142,0.08571428571428572,0.0,0.32571428571428573,0.005714285714285714,0.0,0.011696027175365156,0.11836634914903713,11.794285714285714,0.0,0.0,0.15,0.08,1,0.13433992529081165,0.1427382112882426,1.4479428697164924,0.8187403024118074,0.0,1.0,0.0,0.6,0.4,0.5,0.25
32,0.6409883358484948,0.5014334269346388,0.6409883358484948,0.5014334269346388,0.26040296497001675,0.5084613957032851,0.9285714285714286,0.3569756149173704,0.36607432514391924,0.06285714285714286,0.9285714285714286,0.3569756149173704,0.36607432514391924,0.06285714285714286,0.08,0.10285714285714286,0.0,0.38285714285714284,0.005714285714285714,0.0,0.011696027175365156,0.11836634914903713,11.794285714285714,0.0,0.0,0.15,0.08,0,0.13909833355188814,0.14266651956986576,1.5218411551793056,0.8170728068875467,0.0,0.9722222222222222,0.0,0.6,0.4,0.5,0.25
33,0.6510348755053077,0.5014785057567023,0.6510348755053077,0.5014785057567023,0.26040296497001675,0.5086560696226445,0.8657142857142858,0.357930534294303,0.366866062040522,0.06285714285714286,0.8657142857142858,0.357930534294303,0.366866062040522,0.06285714285714286,0.08857142857142856,0.10857142857142857,0.0,0.4257142857142857,0.008571428571428572,0.0,0.011696027175365156,0.11836634914903713,11.794285714285714,0.0,0.0,0.15,0.08,0,0.14251673067722515,0.14202452023180137,1.5999757606471479,0.8023654963635712,0.0,0.9473684210526315,0.0,0.6,0.4,0.5,0.25
34,0.6589700593434958,0.5010760045421637,0.6589700593434958,0.5010760045421637,0.26040296497001675,0.5088574713371059,0.8714285714285714,0.3584350390760732,0.36746606204052196,0.06285714285714286,0.8714285714285714,0.3584350390760732,0.36746606204052196,0.06285714285714286,0.08857142857142856,0.1,0.0,0.4685714285714286,0.011428571428571429,0.0,0.011696027175365156,0.11836634914903713,11.794285714285714,0.0,0.0,0.15,0.08,0,0.14337341483557595,0.14131439763064235,1.6679762454342049,0.7863181864362998,0.0,1.0,0.0,0.6,0.4,0.5,0.25
35,0.6668674764712716,0.501148299712228,0.6668674764712716,0.501148299712228,0.26040296497001675,0.5088924873830021,0.8628571428571429,0.3584921819332161,0.3684946334690934,0.06285714285714286,0.8628571428571429,0.3584921819332161,0.3684946334690934,0.06285714285714286,0.07428571428571429,0.09714285714285714,0.0,0.5114285714285715,0.011428571428571429,0.0,0.011696027175365156,0.11836634914903713,11.794285714285714,0.0,0.0,0.15,0.08,0,0.1436554077578266,0.14131439763064235,1.7317595776683778,0.7863181864362998,0.0,0.9705882352941176,0.0,0.6,0.4,0.5,0.25
36,0.6783334898847281,0.5012663290117947,0.6778400552116758,0.5013143052221158,0.26040296497001675,0.5088499591789112,0.8538681948424068,0.36000673805702604,0.3702719171828232,0.0659025787965616,0.8514285714285714,0.35946361050464465,0.36975340387916894,0.06571428571428571,0.10285714285714286,0.12857142857142856,0.002857142857142857,0.5657142857142857,0.008595988538681949,0.002857142857142857,0.011708027555671555,0.11836634914903713,11.593123209169054,0.0,0.0,0.15,0.08022922636103152,0,0.14623350819646921,0.14152947458707232,1.8256958146864388,0.7913213536194998,0.0,0.9777777777777777,0.0,0.6,0.4,0.5,0.25
37,0.6868816595389787,0.5012132649280752,0.6863638015240571,0.5012924963218771,0.26040296497001675,0.5085873034508749,0.8452722063037249,0.36098095009140996,0.371088536093998,0.0659025787965616,0.8428571428571429,0.36043503907607327,0.3705676895934547,0.06571428571428571,0.10571428571428572,0.12,0.002857142857142857,0.6228571428571429,0.011461318051575931,0.0,0.01173906778736409,0.11836634914903713,11.593123209169054,0.0,0.0,0.15,0.08022922636103152,0,0.14705328987127433,0.14082182721413697,1.9091818983927098,0.7754949265471098,0.0,1.0,0.0,0.6,0.4,0.5,0.25
38,0.6961324772969621,0.5006170239289285,0.6955881883741605,0.5007060737266522,0.26040296497001675,0.5083990601859696,0.8882521489971347,0.3610834192984692,0.3717762151770926,0.0659025787965616,0.8857142857142857,0.36053721551396944,0.37125340387916905,0.06571428571428571,0.07428571428571429,0.08,0.002857142857142857,0.6828571428571428,0.011461318051575931,0.0,0.01173906778736409,0.11836634914903713,11.593123209169054,0.0,0.0,0.15,0.08022922636103152,0,0.14683173842191793,0.14011771807806625,1.9509982604248557,0.7599850280161676,0.0,1.0,0.0,0.6,0.4,0.5,0.25
39,0.7048857870946597,0.5006615950160919,0.7043164887152931,0.5007235898955775,0.26040296497001675,0.5082067242535545,0.8710601719197708,0.36171379179130586,0.37275047715932846,0.06876790830945559,0.8685714285714285,0.36116578694254087,0.3722248822557414,0.06857142857142857,0.08285714285714285,0.09428571428571429,0.002857142857142857,0.7342857142857143,0.02005730659025788,0.0,0.01173906778736409,0.11836634914903713,11.593123209169054,0.0,0.0,0.15,0.08022922636103152,0,0.14855286901195122,0.13941712948767593,2.006264009502073,0.7447853274558442,0.0,1.0,0.0,0.6,0.4,0.5,0.25
40,0.7112680822843548,0.5013688840771612,0.7106805487758749,0.5014142131244494,0.26040296497001675,0.5078299188729805,0.8452722063037249,0.3624197278458338,0.373438156242423,0.06876790830945559,0.8428571428571429,0.36186970603691304,0.37291059654145564,0.06857142857142857,0.12,0.13714285714285715,0.002857142857142857,0.8314285714285714,0.025787965616045846,0.0,0.01173906778736409,0.11836634914903713,11.593123209169054,0.0,0.0,0.15,0.08022922636103152,0,0.1497675503895494,0.13872004384023753,2.1032815864548886,0.7298896209067274,0.0,1.0,0.0,0.6,0.4,0.5,0.25
41,0.7166464668698478,0.501352643687266,0.715863401952189,0.5016697054372857,0.26040296497001675,0.507452866067865,0.8563218390804598,0.36309367101119305,0.37450471937569313,0.06896551724137931,0.8514285714285714,0.3623268488940559,0.37352628400717985,0.06857142857142857,0.10857142857142857,0.12285714285714286,0.005714285714285714,0.9,0.02586206896551724,0.002857142857142857,0.011780332935650582,0.11836634914903711,11.293103448275861,0.0,0.0,0.15,0.08045977011494253,0,0.1504182847804588,0.14067880223597518,2.1840730975829334,0.7721932854090737,0.0,0.9767441860465116,0.0,0.6,0.4,0.5,0.25
42,0.725393329724281,0.5024571372434612,0.7245602827331684,0.5027500374520734,0.26040296497001675,0.5070432698312396,0.8477011494252874,0.3635534411261356,0.3752003016183036,0.06896551724137931,0.8428571428571429,0.36278399175119874,0.37421789149411827,0.06857142857142857,0.11714285714285715,0.13714285714285715,0.005714285714285714,0.9971428571428571,0.028735632183908046,0.0,0.011799412315507896,0.11836634914903711,11.293103448275861,0.0,0.0,0.15,0.08045977011494253,0,0.1524939083565565,0.14352790278041283,2.277534492774132,0.8371855392418075,0.0,0.9375,0.0,0.6,0.4,0.5,0.25
43,0.7335034228227162,0.5025717873098596,0.7326240324424697,0.5028497705675509,0.26040296497001675,0.5069022696342194,0.853448275862069,0.3640435731902442,0.37572696679691975,0.06896551724137931,0.8485714285714285,0.36327132306065535,0.37474154715742813,0.06857142857142857,0.13142857142857142,0.14857142857142858,0.005714285714285714,1.0914285714285714,0.028735632183908046,0.0,0.011799412315507896,0.11836634914903711,11.293103448275861,0.0,0.0,0.15,0.08045977011494253,0,0.15333044024334513,0.14281026326651078,2.3805552314900775,0.8204418284569713,0.0,1.0,0.0,0.6,0.4,0.5,0.25
44,0.7405156153642788,0.5031511123442379,0.7395961553123662,0.503433974025166,0.26040296497001675,0.5066935601077259,0.8275862068965517,0.3642734582477155,0.3758993805900232,0.06896551724137931,0.8228571428571428,0.36349989448922676,0.3749129757288567,0.06857142857142857,0.1,0.11428571428571428,0.005714285714285714,1.1571428571428573,0.034482758620689655,0.0,0.011799412315507896,0.11836634914903711,11.293103448275861,0.0,0.0,0.15,0.08045977011494253,0,0.15316321732784272,0.14209621195017821,2.4472298411459907,0.8040329918878318,0.0,1.0,0.0,0.6,0.4,0.5,0.25
45,0.7482087354803135,0.5032292936632241,0.7472453147420236,0.5035431406844093,0.26040296497001675,0.5063472408316831,0.8160919540229885,0.3645033433051867,0.3760717943831267,0.06896551724137931,0.8114285714285714,0.36372846591779817,0.3750844043002853,0.06857142857142857,0.11142857142857143,0.12285714285714286,0.005714285714285714,1.24,0.04310344827586207,0.0,0.011799412315507896,0.11836634914903711,11.293103448275861,0.0,0.0,0.15,0.08045977011494253,0,0.15336854409834635,0.1413857308904273,2.5211423871802134,0.7879523320500753,0.0,1.0,0.0,0.6,0.4,0.5,0.25
46,0.7539018608534618,0.5025870962874346,0.7529059079701822,0.5029533510700136,0.26040296497001675,0.5060260140891917,0.8362068965517241,0.3651929984776005,0.3768173968683159,0.06896551724137931,0.8314285714285714,0.3644141802035125,0.3758257461998448,0.06857142857142857,0.11714285714285715,0.13714285714285715,0.005714285714285714,1.3314285714285714,0.04885057471264368,0.0,0.011799412315507896,0.11836634914903711,11.293103448275861,0.0,0.0,0.15,0.08045977011494253,0,0.15594298923499747,0.1430285989097074,2.607862396579466,0.825757605878794,0.0,0.9583333333333334,0.0,0.6,0.4,0.5,0.25
47,0.7610013454196032,0.5024074573566256,0.7599648240530887,0.5028218184688337,0.26040296497001675,0.5057458212003665,0.8074712643678161,0.3652274904178289,0.3770437281225704,0.06896551724137931,0.8028571428571428,0.36444847504693956,0.3760507841326465,0.06857142857142857,0.09714285714285714,0.12285714285714286,0.005714285714285714,1.417142857142857,0.05459770114942529,0.0,0.011799412315507896,0.11836634914903711,11.293103448275861,0.0,0.0,0.15,0.08045977011494253,0,0.15579113214596535,0.14231345591515884,2.6785622915050196,0.8092424537612181,0.0,1.0,0.0,0.6,0.4,0.5,0.25
48,0.7670642300919398,0.5025170398119977,0.7659521193401,0.5030292309273836,0.26040296497001675,0.5055129435238658,0.7838616714697406,0.3660864056819385,0.3783175088883799,0.07204610951008646,0.7771428571428571,0.36475387297344597,0.3765222127040751,0.07142857142857142,0.13714285714285715,0.1657142857142857,0.008571428571428572,1.5,0.04899135446685879,0.002857142857142857,0.011810033846890973,0.11836634914903714,11.244956772334294,0.0,0.0,0.15,0.08069164265129683,0,0.15841117719952122,0.14490087495962437,2.790705331389205,0.8698972180084482,0.0,0.9827586206896551,0.0,0.6,0.4,0.5,0.25
49,0.7725086161748692,0.5024717767335687,0.771349839256604,0.5030150727780861,0.26040296497001675,0.5053475050768357,0.7896253602305475,0.3660864056819385,0.37853364721691013,0.07204610951008646,0.7828571428571428,0.36475387297344597,0.37673649841836077,0.07142857142857142,0.12,0.13428571428571429,0.008571428571428572,1.5914285714285714,0.05763688760806916,0.0,0.011814707950014774,0.11836634914903714,11.244956772334294,0.0,0.0,0.15,0.08069164265129683,0,0.15860062958532373,0.14417637058482624,2.869176939047135,0.8524992736482793,0.0,1.0,0.0,0.6,0.4,0.5,0.25
50,0.7794733621867129,0.5012912177088823,0.7782548874454892,0.5018494070521543,0.26040296497001675,0.5051492669841479,0.7579250720461095,0.366432227007587,0.3789226962082646,0.07204610951008646,0.7514285714285714,0.36509673011630317,0.37712221270407503,0.07142857142857142,0.11428571428571428,0.13142857142857142,0.008571428571428572,1.6942857142857144,0.05763688760806916,0.0,0.011814707950014774,0.11836634914903714,11.244956772334294,0.0,0.0,0.15,0.08069164265129683,0,0.1597783407231114,0.14410395653631553,2.9432219716947645,0.8507630225817854,0.0,0.9782608695652174,0.0,0.6,0.4,0.5,0.25
51,0.7849547334997458,0.5014638749278685,0.7836892755758389,0.5020277789087573,0.26040296497001675,0.5048582864064678,0.7780979827089337,0.3666627745580192,0.3791388345367948,0.07204610951008646,0.7714285714285715,0.3653253015448746,0.3773364984183608,0.07142857142857142,0.12,0.14857142857142858,0.008571428571428572,1.8171428571428572,0.06628242074927954,0.0,0.011814707950014774,0.11836634914903714,11.244956772334294,0.0,0.0,0.15,0.08069164265129683,0,0.16055030616235297,0.14338343675363394,3.0329289608322973,0.8337477621301497,0.0,1.0,0.0,0.6,0.4,0.5,0.25
52,0.7907918010904652,0.5012713167808588,0.789544168523588,0.5019280604868872,0.26040296497001675,0.5046704447641377,0.7913043478260869,0.3675460883178659,0.380882271404203,0.07246376811594203,0.78,0.36561101583058886,0.37776506984693226,0.07142857142857142,0.10857142857142857,0.12571428571428572,0.014285714285714285,1.9085714285714286,0.07246376811594203,0.005714285714285714,0.011823860104783066,0.11836634914903711,11.205797101449276,0.0,0.0,0.15,0.08115942028985507,0,0.16163255534582696,0.14266651956986576,3.097984667329937,0.8170728068875467,0.0,0.9772727272727273,0.0,0.6,0.4,0.5,0.25
53,0.7963431491059674,0.5011423907588715,0.7950162115674405,0.5018546174418246,0.26040296497001675,0.5045337695395006,0.7652173913043478,0.3676040593323587,0.38105618444768125,0.07246376811594203,0.7542857142857143,0.3656681586877318,0.37793649841836074,0.07142857142857142,0.11142857142857143,0.1457142857142857,0.014285714285714285,2.0428571428571427,0.07246376811594203,0.0,0.01182960241787259,0.11836634914903711,11.205797101449276,0.0,0.0,0.15,0.08115942028985507,0,0.16199496399766922,0.1422406779769571,3.1817392596976237,0.8074707689994897,0.0,0.9803921568627451,0.0,0.6,0.4,0.5,0.25
54,0.8042412213917048,0.5012444443500181,0.8028014542490957,0.5019550045138997,0.26040296497001675,0.5044372031236543,0.7884057971014493,0.36772000136134414,0.3813170540128987,0.07246376811594203,0.7771428571428571,0.36578244440201746,0.37819364127550364,0.07142857142857142,0.12857142857142856,0.15142857142857144,0.014285714285714285,2.125714285714286,0.0782608695652174,0.0,0.01182960241787259,0.11836634914903711,11.205797101449276,0.0,0.0,0.15,0.08115942028985507,0,0.16238413274910946,0.14424914852302798,3.269533045932243,0.8542709584100077,0.0,0.9811320754716981,0.0,0.6,0.4,0.5,0.25
55,0.808583918624588,0.5018106898663711,0.8074587750341184,0.5027767911658909,0.26040296497001675,0.5042601617205713,0.7296511627906976,0.36921912873789847,0.38238409658022243,0.07267441860465117,0.7171428571428572,0.3662967301163032,0.37879364127550363,0.07142857142857142,0.12571428571428572,0.15714285714285714,0.017142857142857144,2.237142857142857,0.0755813953488372,0.002857142857142857,0.011864835025835447,0.11836634914903714,11.005813953488373,0.0,0.0,0.15,0.08139534883720931,0,0.16411911026812373,0.14352790278041283,3.361285242156455,0.8371855392418075,0.0,1.0,0.0,0.6,0.4,0.5,0.25
56,0.8128574146458354,0.5020022577980416,0.8116590111235729,0.5030800469009777,0.26040296497001675,0.5042002323085866,0.7354651162790697,0.36921912873789847,0.3825149105337109,0.07267441860465117,0.7228571428571429,0.3662967301163032,0.37892221270407506,0.07142857142857142,0.10857142857142857,0.11714285714285715,0.017142857142857144,2.3314285714285714,0.07848837209302326,0.0,0.011870200418490249,0.11836634914903714,11.005813953488373,0.0,0.0,0.15,0.08139534883720931,0,0.16384108614535456,0.14281026326651078,3.4112023944561827,0.8204418284569713,0.0,1.0,0.0,0.6,0.4,0.5,0.25
57,0.8183279308817137,0.5023160077662315,0.8170357470811216,0.503388948365398,0.26040296497001675,0.5041250395139426,0.75,0.3695679659472008,0.3828637477430131,0.0755813953488372,0.7371428571428571,0.36663958725916035,0.3792650698469322,0.07428571428571429,0.13142857142857142,0.16,0.017142857142857144,2.4714285714285715,0.08430232558139535,0.0,0.011870200418490249,0.11836634914903714,11.005813953488373,0.0,0.0,0.15,0.08139534883720931,0,0.16393473857177063,0.14209621195017821,3.5029783465670596,0.8040329918878318,0.0,1.0,0.0,0.6,0.4,0.5,0.25
58,0.8247772459307602,0.5017744064571982,0.8233745024436132,0.5029873399767374,0.26040296497001675,0.5039531348713016,0.7151162790697675,0.3695679659472008,0.38298696524707715,0.0755813953488372,0.7028571428571428,0.36663958725916035,0.37938617505092653,0.07428571428571429,0.11714285714285715,0.14285714285714285,0.017142857142857144,2.585714285714286,0.09011627906976744,0.0,0.011870200418490249,0.11836634914903714,11.005813953488373,0.0,0.0,0.15,0.08139534883720931,0,0.1637719220217689,0.1413857308904273,3.5757759224928605,0.7879523320500753,0.0,1.0,0.0,0.6,0.4,0.5,0.25
59,0.8308698275300673,0.5021959506499412,0.8293626397869324,0.5035065252313404,0.26040296497001675,0.5037326273305265,0.7703488372093024,0.3698586636216194,0.3832049885028911,0.0755813953488372,0.7571428571428571,0.3669253015448746,0.37960046076521226,0.07428571428571429,0.12285714285714286,0.1457142857142857,0.017142857142857144,2.7057142857142855,0.0872093023255814,0.0,0.011870200418490249,0.11836634914903714,11.005813953488373,0.0,0.0,0.15,0.08139534883720931,0,0.16406691955451724,0.14209621195017821,3.649974689757289,0.8040329918878318,0.0,0.9803921568627451,0.0,0.6,0.4,0.5,0.25
60,0.8353927446033149,0.5015459471269219,0.8338080211389242,0.5027302130286284,0.26040296497001675,0.5037036400936705,0.7267441860465116,0.370149361296038,0.38342301175870497,0.07848837209302326,0.7142857142857143,0.3672110158305889,0.3798147464794979,0.07714285714285714,0.1457142857142857,0.17142857142857143,0.017142857142857144,2.842857142857143,0.09302325581395349,0.0,0.011870200418490249,0.11836634914903714,11.005813953488373,0.0,0.0,0.15,0.08139534883720931,0,0.1652747278138875,0.14281026326651078,3.7484037673907147,0.8204418284569713,0.0,0.9833333333333333,0.0,0.6,0.4,0.5,0.25
61,0.8404422100145664,0.5008486438993504,0.8382993100181113,0.5022859290232227,0.26040296497001675,0.5036107853374661,0.7551020408163265,0.37071228311575044,0.38329249798823206,0.07871720116618076,0.74,0.3679033430521431,0.3805004607652122,0.07714285714285714,0.13142857142857142,0.15142857142857144,0.02,2.94,0.09620991253644315,0.002857142857142857,0.011891305925464276,0.11836634914903713,10.752186588921283,0.0,0.0,0.15,0.08163265306122448,0,0.1677616427426752,0.14209621195017821,3.8248642634714716,0.8040329918878318,0.0,1.0,0.0,0.6,0.4,0.5,0.25
62,0.8436281174243423,0.50214226689773,0.8414214992796916,0.503528198218786,0.26040296497001675,0.5036408775885253,0.7288629737609329,0.37071228311575044,0.3834674251019347,0.07871720116618076,0.7142857142857143,0.3679033430521431,0.3806718893366408,0.07714285714285714,0.13428571428571429,0.15142857142857144,0.02,3.0542857142857143,0.09912536443148688,0.0,0.011918096724510703,0.11836634914903713,10.752186588921283,0.0,0.0,0.15,0.07871720116618076,0,0.16763669167181897,0.1413857308904273,3.899795549630614,0.7879523320500753,0.0,1.0,0.0,0.6,0.4,0.5,0.25
63,0.8477459567217924,0.5018690974344053,0.845049025084291,0.5032541195715717,0.26040296497001675,0.5037403667396312,0.7573099415204678,0.37199185328890605,0.3830532106118738,0.07894736842105263,0.74,0.3683033430521431,0.38110046076521226,0.07714285714285714,0.12571428571428572,0.1657142857142857,0.022857142857142857,3.1685714285714286,0.09649122807017543,0.002857142857142857,0.011917581494052388,0.11836634914903711,10.748538011695906,0.0,0.0,0.15,0.07894736842105263,0,0.16818165536294205,0.14202452023180137,3.9875139243522875,0.8023654963635712,0.0,0.9827586206896551,0.0,0.6,0.4,0.5,0.25
64,0.8530909918421326,0.5010948861056627,0.8499769400428735,0.5026573238296023,0.26040296497001675,0.5038833076042621,0.7478005865102639,0.3725742258822458,0.38436464102428586,0.07917888563049853,0.7285714285714285,0.36876048590928595,0.3817004607652122,0.07714285714285714,0.11428571428571428,0.14857142857142858,0.025714285714285714,3.2885714285714287,0.0967741935483871,0.002857142857142857,0.011926291402141834,0.11836634914903714,10.703812316715542,0.0,0.0,0.15,0.07917888563049853,0,0.16888331851469876,0.14131439763064235,4.056335074436671,0.7863181864362998,0.0,1.0,0.0,0.6,0.4,0.5,0.25
65,0.8599802161747396,0.5011675638663272,0.8554044284758219,0.5023190838287925,0.26040296497001675,0.5040485285671633,0.7492625368731564,0.3733254519529109,0.38440498786897725,0.07964601769911504,0.7257142857142858,0.3691033430521431,0.3818189851921399,0.07714285714285714,0.12857142857142856,0.15714285714285714,0.03142857142857143,3.4257142857142857,0.09734513274336283,0.005714285714285714,0.011939057604963424,0.11836634914903711,10.654867256637168,0.0,0.0,0.15,0.07964601769911504,0,0.16878104549355383,0.14060782564248914,4.132351230090793,0.7705918227075738,0.0,1.0,0.0,0.6,0.4,0.5,0.25
66,0.8638151094397666,0.5012548592822084,0.8591187965239476,0.5023287623226146,0.26040296497001675,0.5040830236223935,0.7227138643067846,0.3733254519529109,0.3844934834441985,0.07964601769911504,0.7,0.3691033430521431,0.3819046994778541,0.07714285714285714,0.12,0.15428571428571428,0.03142857142857143,3.537142857142857,0.09734513274336283,0.0,0.01195044390321308,0.11836634914903711,10.654867256637168,0.0,0.0,0.15,0.07964601769911504,0,0.1687077124089432,0.13990478651427668,4.203989919774692,0.7551799862534223,0.0,1.0,0.0,0.6,0.4,0.5,0.25
67,0.8679602296287182,0.5004542321668358,0.8631336415069607,0.5013524157503894,0.26040296497001675,0.5041142266884755,0.7315634218289085,0.3734434460532059,0.3847147223822516,0.07964601769911504,0.7085714285714285,0.36921762876642883,0.38211898519213977,0.07714285714285714,0.12571428571428572,0.15142857142857144,0.03142857142857143,3.662857142857143,0.10324483775811209,0.0,0.01195044390321308,0.11836634914903711,10.654867256637168,0.0,0.0,0.15,0.07964601769911504,0,0.16897803098975564,0.13990478651427668,4.2713386928077695,0.7551799862534223,0.0,0.9811320754716981,0.0,0.6,0.4,0.5,0.25
68,0.8718790539216078,0.4999383587288979,0.8669293027506454,0.500970447505335,0.26040296497001675,0.5041694285553473,0.7227138643067846,0.37377841706682374,0.384945112555352,0.07964601769911504,0.7,0.36954207211961865,0.38234213453122856,0.07714285714285714,0.1457142857142857,0.16857142857142857,0.03142857142857143,3.782857142857143,0.10029498525073746,0.0,0.01195044390321308,0.11836634914903711,10.654867256637168,0.0,0.0,0.15,0.07964601769911504,0,0.16987499869194972,0.1392052625817053,4.3544833475230424,0.7400763865283538,0.0,1.0,0.0,0.6,0.4,0.5,0.25
69,0.8763388147684474,0.5002258919415,0.8712488996851558,0.5012464790749313,0.26040296497001675,0.5043120351182677,0.7109144542772862,0.37383741411697125,0.38498936034296266,0.07964601769911504,0.6885714285714286,0.3695992149767615,0.3823849916740857,0.07714285714285714,0.11714285714285715,0.12857142857142856,0.03142857142857143,3.8857142857142857,0.10914454277286136,0.0,0.01195044390321308,0.11836634914903711,10.654867256637168,0.0,0.0,0.15,0.07964601769911504,0,0.1700254808413471,0.1395601544658377,4.395965109144011,0.7480869685938805,0.0,0.9777777777777777,0.0,0.6,0.4,0.5,0.25
70,0.8795995393843529,0.5001666278714504,0.8744071443845614,0.5011927319480078,0.26040296497001675,0.5042762841592134,0.7345132743362832,0.3741913964178562,0.3852548470686264,0.07964601769911504,0.7114285714285714,0.36994207211961866,0.38264213453122853,0.07714285714285714,0.12,0.14857142857142858,0.03142857142857143,4.022857142857143,0.10619469026548672,0.0,0.01195044390321308,0.11836634914903711,10.654867256637168,0.0,0.0,0.15,0.07964601769911504,0,0.17150458075705086,0.14791010812500002,4.456617235532559,0.90399982366375,0.0,0.9423076923076923,0.0,0.6,0.4,0.5,0.25
71,0.8843011154323506,0.5009854339675527,0.8777725767908388,0.502077561250437,0.26040296497001675,0.5044498791075774,0.6904761904761905,0.3750157047335899,0.3866799683581974,0.08035714285714286,0.6628571428571428,0.37028492926247575,0.38289927738837143,0.07714285714285714,0.15428571428571428,0.20285714285714285,0.04,4.1257142857142854,0.10714285714285714,0.008571428571428572,0.012011136507019474,0.11836634914903713,10.19047619047619,0.0,0.0,0.15,0.08035714285714286,0,0.17258777499612277,0.14925,4.57034203367905,0.9261713440000008,0.0,0.971830985915493,0.0,0.6,0.4,0.5,0.25
72,0.8882457693727228,0.5008811330298351,0.881872144908288,0.502098490406908,0.26040296497001675,0.5045776849275799,0.7283582089552239,0.3738248596469957,0.387329208579334,0.08059701492537313,0.6971428571428572,0.37028492926247575,0.38289927738837143,0.07714285714285714,0.12571428571428572,0.16285714285714287,0.04285714285714286,4.22,0.1044776119402985,0.002857142857142857,0.012053809425929879,0.11836634914903711,10.17313432835821,0.0,0.0,0.15,0.08059701492537313,0,0.17235340754971354,0.14850375,4.641792335862612,0.9076479171200007,0.0,1.0,0.0,0.6,0.4,0.5,0.25
73,0.8922538378089714,0.5012551882682761,0.8857084389829832,0.5023579213162066,0.26040296497001675,0.5047651137417295,0.7223880597014926,0.37412336710968225,0.387553089176349,0.08358208955223881,0.6914285714285714,0.3705706435481901,0.3831135631026572,0.08,0.12571428571428572,0.1457142857142857,0.04285714285714286,4.331428571428572,0.10746268656716418,0.0,0.012056964895835295,0.11836634914903711,10.17313432835821,0.0,0.0,0.15,0.08059701492537313,0,0.1721483547976793,0.14776123124999999,4.694670774859646,0.8894949587776007,0.0,1.0,0.0,0.6,0.4,0.5,0.25
74,0.8939340691700236,0.5012614865457455,0.8873166604285617,0.5021481724270109,0.26040296497001675,0.5048856581441454,0.7044776119402985,0.37442970545492127,0.38786652201216987,0.08358208955223881,0.6742857142857143,0.3708638531072046,0.3834135631026572,0.08,0.1457142857142857,0.19142857142857142,0.04285714285714286,4.422857142857143,0.10746268656716418,0.0,0.012056964895835295,0.11836634914903711,10.17313432835821,0.0,0.0,0.15,0.08059701492537313,0,0.17262932802369088,0.14702242509375,4.792205930791024,0.9057655331200002,0.0,0.9850746268656716,0.0,0.6,0.4,0.5,0.25
75,0.8954788668321659,0.5002259878225465,0.8878763855151388,0.5012278979361808,0.26040296497001675,0.5049640668418925,0.7417417417417418,0.3758166899941761,0.38898318530127385,0.08408408408408409,0.7057142857142857,0.37103528167863314,0.38379927738837144,0.08,0.1657142857142857,0.19142857142857142,0.04857142857142857,4.545714285714285,0.1021021021021021,0.005714285714285714,0.012084073461413956,0.11836634914903713,9.927927927927929,0.0,0.0,0.15,0.08108108108108109,0,0.17345089852285817,0.14702242509375,4.887790383603774,0.9039207967999998,0.0,0.9701492537313433,0.0,0.6,0.4,0.5,0.25
76,0.8973919794178407,0.5002893585540247,0.8896965754895094,0.501363446345397,0.26040296497001675,0.5050577475588958,0.7147147147147147,0.37587675005423615,0.389208410526499,0.08408408408408409,0.68,0.37109242453577607,0.38401356310265716,0.08,0.11428571428571428,0.14857142857142858,0.04857142857142857,4.671428571428572,0.10810810810810811,0.0,0.012114907403413713,0.11836634914903713,9.927927927927929,0.0,0.0,0.15,0.08108108108108109,0,0.17366907260167241,0.14650895667145317,4.938606004503128,0.8876502224576002,0.0,0.9807692307692307,0.0,0.6,0.4,0.5,0.25
77,0.9011257424227891,0.5006756775986826,0.8932489842913606,0.5018773768302822,0.26040296497001675,0.5050935625353168,0.7327327327327328,0.37611699029447637,0.3893885907066792,0.08408408408408409,0.6971428571428572,0.3713209959643474,0.38418499167408565,0.08,0.13142857142857142,0.16,0.04857142857142857,4.825714285714286,0.10810810810810811,0.0,0.012114907403413713,0.11836634914903713,9.927927927927929,0.0,0.0,0.15,0.08108108108108109,0,0.1744285843815212,0.14850375,4.999833884413065,0.8891965286783486,0.0,0.9642857142857143,0.0,0.6,0.4,0.5,0.25
78,0.9024215507156798,0.5019715298803704,0.8944514088745429,0.5024850105659165,0.26040296497001675,0.5050833885716153,0.7198795180722891,0.3769539388192762,0.3905274459115825,0.08433734939759036,0.6828571428571428,0.371492424535776,0.3844849916740856,0.08,0.14,0.16857142857142857,0.05142857142857143,4.954285714285715,0.10542168674698796,0.002857142857142857,0.012114041289982348,0.11836634914903713,9.921686746987952,0.0,0.0,0.15,0.08132530120481928,0,0.175212727888185,0.148578375,5.068408635296233,0.9242505440000003,0.0,0.9661016949152542,0.0,0.6,0.4,0.5,0.25
79,0.9053747815733797,0.5020173622087754,0.8972527592881324,0.5026957973556413,0.26040296497001675,0.505074471305583,0.7349397590361446,0.3769539388192762,0.39066298808025723,0.08433734939759036,0.6971428571428572,0.371492424535776,0.3846135631026571,0.08,0.11428571428571428,0.13714285714285715,0.05142857142857143,5.094285714285714,0.10843373493975904,0.0,0.012117142942554117,0.11836634914903713,9.921686746987952,0.0,0.0,0.15,0.08132530120481928,0,0.17505009353445838,0.147835483125,5.104183319733164,0.9057655331200002,0.0,1.0,0.0,0.6,0.4,0.5,0.25
80,0.9079663947386497,0.5013155846944151,0.899711089490617,0.5020273709940891,0.26040296497001675,0.5050865233036155,0.7108433734939759,0.3769539388192762,0.39077229402575603,0.08433734939759036,0.6742857142857143,0.371492424535776,0.38471724759953035,0.08,0.13428571428571429,0.16857142857142857,0.05142857142857143,5.211428571428572,0.1144578313253012,0.0,0.012117142942554117,0.11836634914903713,9.921686746987952,0.0,0.0,0.15,0.08132530120481928,0,0.17497412878107182,0.147096305709375,5.17067108190993,0.8876502224576002,0.0,1.0,0.0,0.6,0.4,0.5,0.25
81,0.9113198461288542,0.5002250386060971,0.9028920776664682,0.5011158292228443,0.26040296497001675,0.5051862607213167,0.6897590361445783,0.377074420746987,0.39086265547153926,0.08433734939759036,0.6542857142857142,0.3716067102500617,0.38480296188524465,0.08,0.1457142857142857,0.18,0.05142857142857143,5.362857142857143,0.11746987951807229,0.0,0.012117142942554117,0.11836634914903713,9.921686746987952,0.0,0.0,0.15,0.08132530120481928,0,0.17538397385145216,0.14702242509375,5.247257660271731,0.8858423808639998,0.0,0.9841269841269841,0.0,0.6,0.4,0.5,0.25
82,0.9148260839953297,0.5004999254134945,0.9062179947283822,0.5014084355821486,0.26040296497001675,0.5051890803445166,0.7108433734939759,0.377074420746987,0.39086265547153926,0.08433734939759036,0.6742857142857143,0.3716067102500617,0.38480296188524465,0.08,0.11428571428571428,0.15142857142857144,0.05142857142857143,5.465714285714285,0.12048192771084337,0.0,0.012117142942554117,0.11836634914903713,9.921686746987952,0.0,0.0,0.15,0.08132530120481928,0,0.17522076898219488,0.14628731296828124,5.293741078494868,0.8681255332467198,0.0,1.0,0.0,0.6,0.4,0.5,0.25
83,0.9168774030504374,0.5003473848106306,0.9081638173749415,0.5012174913462198,0.26040296497001675,0.5052309276819089,0.7409638554216867,0.377074420746987,0.39086265547153926,0.08433734939759036,0.7028571428571428,0.3716067102500617,0.38480296188524465,0.08,0.13142857142857142,0.15714285714285714,0.05142857142857143,5.582857142857143,0.12048192771084337,0.0,0.012117142942554117,0.11836634914903713,9.921686746987952,0.0,0.0,0.15,0.08132530120481928,0,0.17505852228014107,0.14555587640343984,5.345009114067827,0.8507630225817854,0.0,1.0,0.0,0.6,0.4,0.5,0.25
84,0.918672459482922,0.500054206464212,0.9098665566194697,0.5009687889129493,0.26040296497001675,0.505243911119127,0.7108433734939759,0.3771346617108424,0.3909078361944308,0.08433734939759036,0.6742857142857143,0.37166385310720457,0.3848458190281018,0.08,0.12857142857142856,0.16,0.05142857142857143,5.7,0.12349397590361445,0.0,0.012117142942554117,0.11836634914903713,9.921686746987952,0.0,0.0,0.15,0.08132530120481928,0,0.17535380181159752,0.14490087495962437,5.398108931786471,0.8354492881753136,0.0,0.9821428571428571,0.0,0.6,0.4,0.5,0.25
85,0.9184912779980301,0.5009370474398948,0.9098868189862578,0.5015703706519554,0.26040296497001675,0.5052867059912087,0.7311178247734139,0.3770479703370524,0.39155747086439696,0.08459214501510574,0.6914285714285714,0.37166385310720457,0.3848458190281018,0.08,0.14285714285714285,0.18,0.054285714285714284,5.848571428571429,0.1268882175226586,0.002857142857142857,0.012138867492912804,0.11836634914903711,9.861027190332326,0.0,0.0,0.15,0.08157099697885196,0,0.17536132137039667,0.14417637058482624,5.4701467531507415,0.8187403024118074,0.0,1.0,0.0,0.6,0.4,0.5,0.25
86,0.9227028886717293,0.5003426994911011,0.9138697993662418,0.5010050054375388,0.26040296497001675,0.5053896239251738,0.7069486404833837,0.3770479703370524,0.39155747086439696,0.08459214501510574,0.6685714285714286,0.37166385310720457,0.3848458190281018,0.08,0.14285714285714285,0.18571428571428572,0.054285714285714284,5.934285714285714,0.1268882175226586,0.0,0.012138867492912804,0.11836634914903711,9.861027190332326,0.0,0.0,0.15,0.07854984894259819,0,0.1752270861921161,0.14345548873190211,5.546458103802013,0.8023654963635712,0.0,1.0,0.0,0.6,0.4,0.5,0.25
87,0.9246279296683341,0.5006783355134748,0.9156903381373166,0.5012592602140915,0.26040296497001675,0.5054593101599766,0.7039274924471299,0.3770479703370524,0.39155747086439696,0.08459214501510574,0.6657142857142857,0.37166385310720457,0.3848458190281018,0.08,0.12857142857142856,0.14857142857142858,0.054285714285714284,6.062857142857143,0.1268882175226586,0.0,0.012138867492912804,0.11836634914903711,9.861027190332326,0.0,0.0,0.15,0.07854984894259819,0,0.17500709647186982,0.1427382112882426,5.584100370297401,0.7863181864362998,0.0,1.0,0.0,0.6,0.4,0.5,0.25
88,0.9271471018429528,0.5006668113819344,0.9156327180773478,0.5010493771168708,0.26040296497001675,0.5054896310803071,0.729483282674772,0.37756317118579075,0.39199691043662416,0.0851063829787234,0.6857142857142857,0.37177813882149036,0.38493153331381613,0.08,0.12571428571428572,0.16857142857142857,0.06,6.1971428571428575,0.12158054711246201,0.005714285714285714,0.012160878562586182,0.11836634914903713,9.732522796352583,0.0,0.0,0.15,0.0790273556231003,0,0.17538848956093905,0.1428826773150215,5.640989791462881,0.7863181864362998,0.0,0.9830508474576272,0.0,0.6,0.4,0.5,0.25
89,0.9273704560951198,0.5000691771195317,0.9158426710743847,0.5003825300512931,0.26040296497001675,0.5053882785013908,0.6930091185410334,0.37756317118579075,0.39199691043662416,0.0851063829787234,0.6514285714285715,0.37177813882149036,0.38493153331381613,0.08,0.12571428571428572,0.15428571428571428,0.06,6.317142857142857,0.12462006079027356,0.0,0.012177748572594911,0.11836634914903713,9.732522796352583,0.0,0.0,0.15,0.0790273556231003,0,0.17522497711313434,0.1421682639284464,5.682455709919338,0.7705918227075738,0.0,1.0,0.0,0.6,0.4,0.5,0.25
90,0.9296949999307729,0.4997458697053914,0.9171522730810614,0.5003192629159776,0.26040296497001675,0.5051523854135727,0.6788990825688074,0.3778121131638097,0.39076622964093227,0.0856269113149847,0.6342857142857142,0.37200671025006177,0.3851029618852446,0.08,0.13428571428571429,0.17142857142857143,0.06571428571428571,6.468571428571429,0.12232415902140673,0.005714285714285714,0.012201347789764463,0.11836634914903711,9.669724770642201,0.0,0.0,0.15,0.07951070336391437,0,0.17640528079899723,0.15,5.740235167149522,0.7896198275743359,0.0,0.95,0.0,0.6,0.4,0.5,0.25
91,0.9309469685390906,0.5003180684341062,0.9183219694665468,0.5010203122968838,0.26040296497001675,0.5049639566711541,0.7003058103975535,0.3778732752433203,0.3908121012005653,0.0856269113149847,0.6542857142857142,0.3720638531072046,0.3851458190281018,0.08,0.15428571428571428,0.18857142857142858,0.06571428571428571,6.582857142857143,0.12232415902140673,0.0,0.012202754066392398,0.11836634914903711,9.669724770642201,0.0,0.0,0.15,0.07951070336391437,0,0.17677982582357368,0.149325,5.81400189237796,0.8333655261987957,0.0,0.9848484848484849,0.0,0.6,0.4,0.5,0.25
92,0.9310422735544336,0.4996198980852989,0.9182892335632667,0.5006840817882411,0.26040296497001675,0.5048815095511018,0.7423312883435583,0.37812249382586993,0.3913599089080823,0.08588957055214724,0.6914285714285714,0.3722352816786331,0.3852743904566732,0.08,0.15142857142857144,0.18571428571428572,0.06857142857142857,6.711428571428572,0.12576687116564417,0.002857142857142857,0.012207084385327704,0.11836634914903713,9.656441717791411,0.0,0.0,0.15,0.07975460122699386,0,0.17746721240874153,0.15,5.8834361402446875,0.9603999999999999,0.0,0.9692307692307692,0.0,0.6,0.4,0.5,0.25
93,0.9321427661449864,0.5001189546550143,0.9193142638047529,0.5012328868780273,0.26040296497001675,0.5047580704459208,0.7208588957055214,0.3781838435191215,0.3914059211780209,0.08588957055214724,0.6714285714285714,0.37229242453577593,0.3853172475995304,0.08,0.11714285714285715,0.14,0.06857142857142857,6.8428571428571425,0.12269938650306748,0.0,0.012207084385327704,0.11836634914903713,9.656441717791411,0.0,0.0,0.15,0.07975460122699386,0,0.1776083049181264,0.149325,5.905767417439793,0.9431128000000003,0.0,0.9795918367346939,0.0,0.6,0.4,0.5,0.25
94,0.932738426971642,0.5007492141513507,0.9194986216992831,0.5018310209322,0.26040296497001675,0.5047322392151969,0.7138461538461538,0.3786533399917713,0.39215529833166557,0.08615384615384615,0.6628571428571428,0.37229242453577593,0.3853172475995304,0.08,0.12571428571428572,0.15714285714285714,0.07142857142857142,6.977142857142857,0.12615384615384614,0.002857142857142857,0.012217495193673085,0.11836634914903711,9.618461538461538,0.0,0.0,0.15,0.08,0,0.17754769267925005,0.148578375,5.944794926233855,0.9242505440000003,0.0,1.0,0.0,0.6,0.4,0.5,0.25
95,0.9324483669291689,0.5011156931042066,0.9192292802312723,0.5023729518199219,0.26040296497001675,0.5046486633770874,0.6953846153846154,0.3787148784533098,0.39220145217781943,0.08615384615384615,0.6457142857142857,0.3723495673929188,0.38536010474238747,0.08,0.11142857142857143,0.15142857142857144,0.07142857142857142,7.094285714285714,0.12923076923076923,0.0,0.012221392907466232,0.11836634914903711,9.618461538461538,0.0,0.0,0.15,0.08,0,0.17774523993013952,0.14865337500000003,5.977327599137747,0.9242505440000003,0.0,0.9811320754716981,0.0,0.6,0.4,0.5,0.25
96,0.9350302600638406,0.5019931859287934,0.9207518809832181,0.5027668284665624,0.26040296497001675,0.5046133049951054,0.7191358024691358,0.37854316002500793,0.3926175889807272,0.08641975308641975,0.6657142857142857,0.37246385310720453,0.38544581902810177,0.08,0.12571428571428572,0.15142857142857144,0.07428571428571429,7.22,0.12654320987654322,0.002857142857142857,0.01224214771936071,0.11836634914903711,9.376543209876543,0.0,0.0,0.15,0.08024691358024691,0,0.17805551444477452,0.149325,6.009209618583565,0.9223681599999999,0.0,0.9811320754716981,0.0,0.6,0.4,0.5,0.25
97,0.9344163854858321,0.5021756194136499,0.9194681558099147,0.5031089956472836,0.26040296497001675,0.5045507079913034,0.6873065015479877,0.3785946669850804,0.3931861758792525,0.08668730650154799,0.6342857142857142,0.37252099596434746,0.38548867617095894,0.08,0.12285714285714286,0.16,0.07714285714285714,7.337142857142857,0.12693498452012383,0.002857142857142857,0.012294381306312947,0.11836634914903713,9.219814241486068,0.0,0.0,0.15,0.0804953560371517,0,0.17830738044397923,0.149325,6.049025426211894,0.9057655331200002,0.0,0.9821428571428571,0.0,0.6,0.4,0.5,0.25
98,0.9344189566416823,0.5023539643506614,0.9196202385899083,0.5027560412876546,0.26040296497001675,0.5045411910132818,0.75,0.38054529843831353,0.39519316513205294,0.0875,0.6857142857142857,0.372692424535776,0.38561724759953037,0.08,0.12285714285714286,0.15142857142857144,0.08571428571428572,7.442857142857143,0.11875,0.008571428571428572,0.012365099241894977,0.11836634914903713,9.08125,0.0,0.0,0.15,0.08125,0,0.1790717021131879,0.15,6.079473489116226,0.9431128000000003,0.0,0.9622641509433962,0.0,0.6,0.4,0.5,0.25
99,0.936389327171154,0.5026110009881457,0.9214217202168536,0.5029620290245285,0.26040296497001675,0.5045081641109862,0.740625,0.38067029843831357,0.39528691513205294,0.0875,0.6771428571428572,0.3728067102500617,0.38570296188524467,0.08,0.13428571428571429,0.15714285714285714,0.08571428571428572,7.562857142857143,0.11875,0.0,0.012371593355756615,0.11836634914903713,9.08125,0.0,0.0,0.15,0.08125,0,0.17937577217405054,0.149325,6.11502687647676,0.9431128000000003,0.0,0.9818181818181818,0.0,0.6,0.4,0.5,0.25
100,0.9375383774795104,0.5016436509059182,0.9224722804987797,0.5021577838489777,0.26040296497001675,0.5045601772076074,0.721875,0.3809202984383136,0.39547441513205295,0.0875,0.66,0.37303528167863315,0.3858743904566732,0.08,0.13142857142857142,0.1657142857142857,0.08571428571428572,7.688571428571429,0.121875,0.0,0.012371593355756615,0.11836634914903713,9.08125,0.0,0.0,0.15,0.08125,0,0.18042160759889458,0.15609283000368918,6.15844062466151,0.9603999999999999,0.0,0.9482758620689655,0.0,0.6,0.4,0.5,0.25
101,0.9383489529385087,0.5009108845840732,0.9232133780612926,0.5016089346868131,0.26040296497001675,0.504449412787727,0.690625,0.38098279843831356,0.3955212901320529,0.0875,0.6314285714285715,0.373092424535776,0.3859172475995304,0.08,0.14,0.16857142857142857,0.08571428571428572,7.828571428571428,0.125,0.0,0.009660788075061605,0.12892034831902927,9.08125,0.1,0.18126924692201818,0.21,0.08125,0,0.18077521741447153,0.1559873658536707,6.203843240739708,0.9412202528166422,0.0,0.9830508474576272,0.0,0.6,0.4,0.52,0.27
102,0.9395031984162202,0.5016305207813201,0.9242686882123431,0.5022276179198963,0.26040296497001675,0.5043675543524041,0.65625,0.38098279843831356,0.3955212901320529,0.0875,0.6,0.373092424535776,0.3859172475995304,0.08,0.11714285714285715,0.1457142857142857,0.08571428571428572,7.951428571428571,0.13125,0.0,0.009712762495573657,0.12860372834392944,9.08125,0.097,0.17634209573142312,0.2082,0.08125,0,0.18047119847025628,0.15520742902440238,6.2254806616391996,0.9223958477603094,0.0,1.0,0.0,0.6,0.4,0.5194,0.2694
103,0.9395845977678642,0.5012433376443044,0.924343110476703,0.5015999442820833,0.26040296497001675,0.5043619856013152,0.696875,0.38098279843831356,0.3955212901320529,0.0875,0.6371428571428571,0.373092424535776,0.3859172475995304,0.08,0.13142857142857142,0.16285714285714287,0.08571428571428572,8.088571428571429,0.134375,0.0,0.009764547910230537,0.12829660696808268,9.08125,0.09409000000000001,0.1715344299918684,0.206454,0.08125,0,0.1805384174743336,0.15443139187928034,6.263828191263558,0.903947930805103,0.0,1.0,0.0,0.6,0.4,0.518818,0.268818
104,0.9410958114012262,0.5005585109234467,0.9257247915129198,0.5009107012677962,0.26040296497001675,0.504183398959602,0.696875,0.3810452984383136,0.39556816513205295,0.0875,0.6371428571428571,0.3731495673929188,0.3859601047423875,0.08,0.13142857142857142,0.14857142857142858,0.08571428571428572,8.177142857142858,0.140625,0.0,0.009816097468773249,0.12799869923351134,9.08125,0.09126730000000001,0.16684418376162757,0.20476038,0.08125,0,0.18066415395839047,0.15365923491988395,6.287123056009715,0.8876502224576002,0.0,0.9807692307692307,0.0,0.6,0.4,0.51825346,0.26825346
105,0.9408071609082799,0.5012226124781961,0.9254986876036982,0.5013261687908138,0.26040296497001675,0.5041971426188904,0.7115987460815048,0.3815752596165126,0.3964455080460732,0.0877742946708464,0.6485714285714286,0.3731495673929188,0.3859601047423875,0.08,0.11428571428571428,0.15428571428571428,0.08857142857142856,8.282857142857143,0.13793103448275862,0.002857142857142857,0.009866926525839292,0.12770972873097713,9.065830721003135,0.088529281,0.16226927610018926,0.2031175686,0.08150470219435736,0,0.18053140461717,0.15289093874528453,6.315666309175236,0.8698972180084482,0.0,1.0,0.0,0.6,0.4,0.5177058562,0.2677058562
106,0.9408843102470308,0.5013717610079951,0.9255690037153027,0.5014957112980645,0.26040296497001675,0.5042401014492393,0.6551724137931034,0.3815752596165126,0.3964455080460732,0.0877742946708464,0.5971428571428572,0.3731495673929188,0.3859601047423875,0.08,0.11714285714285715,0.15428571428571428,0.08857142857142856,8.414285714285715,0.14106583072100312,0.0,0.009919637524939838,0.12742942734351886,9.065830721003135,0.08587340257,0.15780761504170115,0.201524041542,0.08150470219435736,0,0.18037103330836984,0.1521264840515581,6.343638697277446,0.8524992736482793,0.0,1.0,0.0,0.6,0.4,0.517174680514,0.267174680514
107,0.9404464759653165,0.5006309838318254,0.9250796603615232,0.500728087148851,0.26040296497001675,0.5041462930661101,0.6572327044025157,0.381977945068597,0.39632373904277707,0.0880503144654088,0.5971428571428572,0.3731495673929188,0.3859601047423875,0.08,0.11714285714285715,0.1457142857142857,0.09142857142857143,8.502857142857144,0.13522012578616352,0.002857142857142857,0.00997601349941928,0.12715753499768442,8.91194968553459,0.08329720049289999,0.15345710132083934,0.19997832029573998,0.08176100628930817,0,0.18009732099897083,0.1513658516313003,6.362480209046181,0.8354492881753136,0.0,1.0,0.0,0.6,0.4,0.51665944009858,0.26665944009858
108,0.9417559229642577,0.5003929844613564,0.9262693864919899,0.5003846119090567,0.26040296497001675,0.5039282939275118,0.7012578616352201,0.382103731232119,0.39641807866541856,0.0880503144654088,0.6371428571428571,0.3732638531072046,0.3860458190281018,0.08,0.09142857142857143,0.12,0.09142857142857143,8.58,0.1320754716981132,0.0,0.010040693128000532,0.12689379942222503,8.91194968553459,0.08079828447811299,0.14921563186018072,0.1984789706868678,0.07861635220125786,0,0.18053940582254743,0.15526373505386332,6.355230604865256,0.8354492881753136,0.0,0.9523809523809523,0.0,0.6,0.4,0.5161596568956226,0.2661596568956226
109,0.9444889667825382,0.5006126489880935,0.9284403182130346,0.5010505213977319,0.26040296497001675,0.5036152403840445,0.6845425867507886,0.3822406718903314,0.3973106692894146,0.08832807570977919,0.62,0.3732638531072046,0.3860458190281018,0.08,0.12,0.14857142857142858,0.09428571428571429,8.697142857142858,0.12933753943217666,0.002857142857142857,0.01009615626084125,0.12663797591402942,8.883280757097792,0.0783743359437696,0.14508110302819666,0.19702460156626175,0.07886435331230283,0,0.1805480030613097,0.154487416378594,6.376697421339381,0.8187403024118074,0.0,1.0,0.0,0.6,0.4,0.5156748671887539,0.26567486718875394
110,0.9436890197313154,0.5006983367721659,0.9278766832559804,0.5011427318796391,0.26040296497001675,0.5033675925539524,0.5759493670886076,0.3824846360825566,0.39773419073184596,0.08860759493670886,0.52,0.3733781388214903,0.3861315333138161,0.08,0.11142857142857143,0.14285714285714285,0.09714285714285714,8.797142857142857,0.12341772151898735,0.002857142857142857,0.010153633681821561,0.12638982711107966,8.816455696202532,0.0760231058654565,0.1410514136769826,0.1956138635192739,0.07911392405063292,0,0.1812718401817174,0.155061604296701,6.392020615769735,0.8187403024118074,0.0,0.96,0.0,0.6,0.4,0.5152046211730913,0.2652046211730913
111,0.9435833800389745,0.5005405327613774,0.9277813057051811,0.5007907375258426,0.26040296497001675,0.5032268334529099,0.6645569620253164,0.3824846360825566,0.39773419073184596,0.08860759493670886,0.6,0.3733781388214903,0.3861315333138161,0.08,0.10857142857142857,0.13428571428571429,0.09714285714285714,8.894285714285715,0.12974683544303797,0.0,0.010208766596404092,0.12614912277221837,8.816455696202532,0.0737424126894928,0.13712446796878974,0.19424544761369567,0.07911392405063292,0,0.18105033883795169,0.1542862962752175,6.398465917740055,0.8023654963635712,0.0,1.0,0.0,0.6,0.4,0.5147484825378985,0.26474848253789857
112,0.9446243689108195,0.5004990213701989,0.9287211699437613,0.5009063860021721,0.26040296497001675,0.5030070030631882,0.6740506329113924,0.3825479272217971,0.39778165908627633,0.08860759493670886,0.6085714285714285,0.3734352816786331,0.3861743904566733,0.08,0.12571428571428572,0.1457142857142857,0.09714285714285714,8.965714285714286,0.13291139240506328,0.0,0.010257868899024306,0.12591563956352295,8.816455696202532,0.07153014030880801,0.13329817800035182,0.1929180841852848,0.07911392405063292,0,0.18148609071161909,0.1986939260704207,6.41621088509954,0.8124306893453914,0.0,0.9803921568627451,0.0,0.6,0.4,0.5143060280617616,0.2643060280617616
113,0.945695898224092,0.5006711730791377,0.9296797540429046,0.5010159161786477,0.26040296497001675,0.502975357975291,0.726984126984127,0.38289604415481343,0.3975391939167665,0.08888888888888889,0.6542857142857142,0.3734352816786331,0.3861743904566733,0.08,0.1,0.12,0.1,9.062857142857142,0.13015873015873017,0.002857142857142857,0.010335866582985003,0.12568916085108836,8.558730158730159,0.06938423609954376,0.1295704662338868,0.19163054165972626,0.07936507936507936,0,0.1810929459723467,0.1977004564400686,6.407886667397549,0.7961820755584836,0.0,1.0,0.0,0.6,0.4,0.5138768472199088,0.26387684721990873
114,0.9442175295051219,0.5003882786414466,0.9283492221958318,0.5008766941477752,0.26040296497001675,0.5028590990973661,0.7174603174603175,0.38289604415481343,0.3975391939167665,0.08888888888888889,0.6457142857142857,0.3734352816786331,0.3861743904566733,0.08,0.10571428571428572,0.12857142857142856,0.1,9.168571428571429,0.13015873015873017,0.0,0.01038749314943942,0.12546947650002677,8.558730158730159,0.06730270901655745,0.1259392677435177,0.19038162540993447,0.07936507936507936,0,0.18101448267105638,0.19671195415786824,6.408300362621028,0.7802584340473139,0.0,1.0,0.0,0.6,0.4,0.5134605418033115,0.26346054180331147
115,0.9452917368506814,0.5001987644420982,0.9293160088068351,0.5006401255702233,0.26040296497001675,0.5027065774945417,0.7396825396825397,0.3830230282817976,0.3976344320120046,0.08888888888888889,0.6657142857142857,0.3735495673929188,0.38626010474238753,0.08,0.12571428571428572,0.16,0.1,9.26,0.1365079365079365,0.0,0.01043544355372192,0.1252563826794971,8.558730158730159,0.06528362774606072,0.12240253228570042,0.1891701766476364,0.07936507936507936,0,0.18130869597198682,0.1957283943870789,6.440134355368607,0.8641922156752543,0.0,0.9821428571428571,0.0,0.6,0.4,0.5130567255492121,0.26305672554921217
116,0.9452271362309663,0.5000538900408823,0.9292578682490917,0.5004940436825399,0.26040296497001675,0.5025159041557914,0.6952380952380952,0.3830230282817976,0.3976344320120046,0.08888888888888889,0.6257142857142857,0.3735495673929188,0.38626010474238753,0.08,0.12571428571428572,0.14,0.1,9.351428571428572,0.1365079365079365,0.0,0.010482756760558432,0.1250496816735833,8.558730158730159,0.0633251189136789,0.11895822620206453,0.18799507134820734,0.07936507936507936,0,0.18105886677784117,0.19474975241514347,6.451331668261233,0.8469083713617492,0.0,1.0,0.0,0.6,0.4,0.5126650237827358,0.26266502378273576
117,0.9456119894905499,0.499516870338597,0.9295609436949052,0.50048178293721,0.26040296497001675,0.5023723116090043,0.6910828025477707,0.38349192352660094,0.39734062470707554,0.08917197452229299,0.62,0.37377813882149025,0.38643153331381613,0.08,0.12285714285714286,0.15142857142857144,0.10285714285714286,9.442857142857143,0.13694267515923567,0.002857142857142857,0.010551937766572997,0.12484918169784698,8.363057324840764,0.06142536534626853,0.1156043341628803,0.1868552192077611,0.07961783439490445,0,0.18258157244395196,0.19981511289726056,6.473733606324581,0.8681255332467198,0.0,0.9245283018867925,0.0,0.6,0.4,0.5122850730692537,0.2622850730692537
118,0.9475635600782968,0.5000345957189974,0.9313117813079125,0.500610491380956,0.26040296497001675,0.5022940180891391,0.7229299363057324,0.3835556177941169,0.3973883954077125,0.08917197452229299,0.6485714285714286,0.3738352816786331,0.38647439045667326,0.08,0.13142857142857142,0.1657142857142857,0.10285714285714286,9.545714285714286,0.13694267515923567,0.0,0.010602812820654851,0.12465469672138263,8.363057324840764,0.05958260438588047,0.11233886075915511,0.18574956263152828,0.07961783439490445,0,0.18289637958173222,0.19881603733277425,6.509973219912374,0.8598059203236089,0.0,0.9827586206896551,0.0,0.6,0.4,0.5119165208771761,0.2619165208771761
119,0.947074609101689,0.5007874793555745,0.9308731224317556,0.501151733297661,0.26040296497001675,0.5022029932307814,0.7006369426751592,0.3836193120616328,0.3974361661083494,0.08917197452229299,0.6285714285714286,0.3738924245357759,0.38651724759953043,0.08,0.12,0.14857142857142858,0.10285714285714286,9.617142857142857,0.13694267515923567,0.0,0.010648555963478763,0.12446604629421222,8.363057324840764,0.05779512625430405,0.10915983195114243,0.1846770757525824,0.07961783439490445,0,0.18306732625525213,0.1978219571461104,6.5283451840855555,0.8426098019171367,0.0,0.9807692307692307,0.0,0.6,0.4,0.5115590252508608,0.26155902525086083
120,0.9493866329330758,0.5012359952552612,0.9310029557908676,0.5011305217509172,0.26040296497001675,0.5021155622874001,0.7252396166134185,0.3836288260225477,0.3970280965361522,0.08945686900958466,0.6485714285714286,0.3738924245357759,0.38651724759953043,0.08,0.12,0.14857142857142858,0.10571428571428572,9.728571428571428,0.13099041533546327,0.002857142857142857,0.010705393212519865,0.12428305537985705,8.217252396166135,0.05606127246667493,0.1060652963808163,0.18363676348000496,0.07987220447284345,0,0.182808846766833,0.19683284736037984,6.5463497089752725,0.825757605878794,0.0,1.0,0.0,0.6,0.4,0.511212254493335,0.26121225449333496
121,0.951544751224294,0.5019844920849125,0.9326629423720302,0.5019464096062326,0.26040296497001675,0.5020919158009796,0.7019230769230769,0.38360020313818016,0.39690995623368586,0.08974358974358974,0.6257142857142857,0.3738924245357759,0.38651724759953043,0.08,0.12,0.14857142857142858,0.10857142857142857,9.834285714285715,0.1346153846153846,0.002857142857142857,0.010762829739755763,0.12410555419293241,8.217948717948717,0.05437943429267468,0.10305332655562971,0.1826276605756048,0.08012820512820513,0,0.1826369461044274,0.19584868312357795,6.563994143367196,0.8092424537612181,0.0,1.0,0.0,0.6,0.4,0.5108758868585349,0.2608758868585349
122,0.9524295121376658,0.5019743898899475,0.9326736955581656,0.5021169950971064,0.26040296497001675,0.5020356512559179,0.6945337620578779,0.3834135286763893,0.39759121406541387,0.09003215434083602,0.6171428571428571,0.3740067102500617,0.38660296188524473,0.08,0.10857142857142857,0.12571428571428572,0.11142857142857143,9.914285714285715,0.12540192926045016,0.002857142857142857,0.010817925241693144,0.12393337804161553,8.180064308681672,0.05274805126389444,0.10012201991063052,0.18164883075833665,0.08038585209003216,0,0.18326547851319097,0.19486943970796006,6.558428546214137,0.9301313440000016,0.0,0.9545454545454546,0.0,0.6,0.4,0.5105496102527789,0.2605496102527789
123,0.9535104074812019,0.5018257976260557,0.9336341482777077,0.502223982696261,0.26040296497001675,0.5022641770687696,0.6752411575562701,0.3834135286763893,0.39759121406541387,0.09003215434083602,0.6,0.3740067102500617,0.38660296188524473,0.08,0.12571428571428572,0.15714285714285714,0.11142857142857143,10.025714285714285,0.12861736334405144,0.0,0.010863930351006142,0.12376636717483819,8.180064308681672,0.051165609725977605,0.09726949975576782,0.18069936583558655,0.08038585209003216,0,0.1832054368349107,0.19389509250942025,6.584402832432713,0.9115287171200016,0.0,1.0,0.0,0.6,0.4,0.5102331219451955,0.26023312194519554
124,0.9526348004220854,0.5025104557622668,0.9328983152761269,0.5029778691765029,0.26040296497001675,0.5025546058538024,0.7129032258064516,0.384198918617501,0.39848427150462695,0.09032258064516129,0.6314285714285715,0.3741209959643474,0.386688676170959,0.08,0.10285714285714286,0.11428571428571428,0.11428571428571428,10.105714285714285,0.12258064516129032,0.002857142857142857,0.010919272664327581,0.12360436663406416,8.07741935483871,0.04963064143419828,0.09449391611497016,0.17977838486051895,0.08064516129032258,0,0.18317512393645047,0.19292561704687314,6.567000490069772,0.9603999999999999,0.0,0.975,0.0,0.6,0.4,0.5099261282868397,0.25992612828683964
125,0.9529333366913798,0.5025157356487141,0.9331627331146446,0.5030288304212054,0.26040296497001675,0.5029788440970202,0.6935483870967742,0.384198918617501,0.39848427150462695,0.09032258064516129,0.6142857142857143,0.3741209959643474,0.386688676170959,0.08,0.12285714285714286,0.1457142857142857,0.11428571428571428,10.211428571428572,0.12580645161290321,0.0,0.010972342382509152,0.12344722610951336,8.07741935483871,0.048141722191172326,0.09179344646333287,0.1788850333147034,0.08064516129032258,0,0.18320053474533965,0.19196098896163877,6.581374765982662,0.9411919999999999,0.0,1.0,0.0,0.6,0.4,0.5096283444382345,0.25962834443823446
126,0.9541655954651821,0.5024390838776494,0.9333569076182723,0.5026361471316861,0.26040296497001675,0.5032720839757368,0.7119741100323624,0.38423220115202444,0.39923149747501663,0.09061488673139159,0.6285714285714286,0.3741209959643474,0.386688676170959,0.08,0.10571428571428572,0.13428571428571429,0.11714285714285715,10.32,0.12297734627831715,0.002857142857142857,0.011029173704839705,0.12329479980069905,7.792880258899676,0.04669747052543716,0.08916629636850315,0.1780184823152623,0.08090614886731391,0,0.18291281778589866,0.19100118401683056,6.584032984948722,0.9223681599999999,0.0,1.0,0.0,0.6,0.4,0.5093394941050874,0.25933949410508744
127,0.9565113924433453,0.502750063315611,0.9330285720465252,0.5030575801363381,0.26040296497001675,0.5034725599004709,0.672077922077922,0.38479994923946,0.39916719358034025,0.09090909090909091,0.5914285714285714,0.3741209959643474,0.386688676170959,0.08,0.12,0.13428571428571429,0.12,10.394285714285715,0.1266233766233766,0.002857142857142857,0.01110167892786939,0.12314694628114922,7.7727272727272725,0.04529654640967404,0.08661070004210591,0.1771779278458044,0.08116883116883117,0,0.18271196798268344,0.1900461780967464,6.586638039535462,0.9039207967999998,0.0,1.0,0.0,0.6,0.4,0.5090593092819348,0.2590593092819348
128,0.9586102163294687,0.5025521166690061,0.9349792533166386,0.5028728599219909,0.26040296497001675,0.5036625041676775,0.6677524429967426,0.3844428964116045,0.40012553151898883,0.09120521172638436,0.5857142857142857,0.3741781388214903,0.3867315333138161,0.08,0.13142857142857142,0.15142857142857144,0.12285714285714286,10.5,0.1237785016286645,0.002857142857142857,0.011153357060574685,0.12300352836718584,7.687296416938111,0.04393765001738382,0.08412492080681178,0.17636259001043028,0.08143322475570032,0,0.18294097957134145,0.1890959472062627,6.606333850173325,0.8894949587776007,0.0,0.9811320754716981,0.0,0.6,0.4,0.5087875300034768,0.25878753000347676
129,0.9594496729203948,0.5026115245258673,0.9351656201379798,0.5026087159909348,0.26040296497001675,0.5037980309777973,0.7311475409836066,0.3839064325134722,0.40191613678128757,0.09180327868852459,0.6371428571428571,0.3741781388214903,0.3867315333138161,0.08,0.13142857142857142,0.14857142857142858,0.12857142857142856,10.611428571428572,0.1180327868852459,0.005714285714285714,0.011207917562379186,0.12286441299064135,7.659016393442623,0.042619520516862304,0.08170725148440683,0.17557171231011737,0.08196721311475409,0,0.18279642109848473,0.18815046747023137,6.622778601741286,0.8717050596020486,0.0,1.0,0.0,0.6,0.4,0.5085239041033724,0.25852390410337245
130,0.9588164759635812,0.5034688961674944,0.9346138342184707,0.503578404549456,0.26040296497001675,0.5039009063179871,0.7508196721311475,0.3839064325134722,0.40191613678128757,0.09180327868852459,0.6542857142857142,0.3741781388214903,0.3867315333138161,0.08,0.11142857142857143,0.13714285714285715,0.12857142857142856,10.725714285714286,0.12786885245901639,0.0,0.011253877059508102,0.12272947107539324,7.659016393442623,0.04134093490135644,0.07935601470998999,0.17480456094081387,0.07868852459016394,0,0.1825678675644209,0.1872097151328802,6.6274658868493175,0.8542709584100077,0.0,1.0,0.0,0.6,0.4,0.5082681869802713,0.25826818698027126
131,0.9588024078671048,0.503372804177283,0.9346015748772555,0.5034194146299955,0.26040296497001675,0.5039968995042637,0.7311475409836066,0.3839064325134722,0.40191613678128757,0.09180327868852459,0.6371428571428571,0.3741781388214903,0.3867315333138161,0.08,0.10571428571428572,0.13428571428571429,0.12857142857142856,10.82,0.12786885245901639,0.0,0.011292326809426906,0.12259857741760256,7.659016393442623,0.04010070685431574,0.07706956317719249,0.17406042411258943,0.07868852459016394,0,0.18234017179802736,0.1862736665572158,6.629202283398045,0.8371855392418075,0.0,1.0,0.0,0.6,0.4,0.5080201413708632,0.25802014137086315
132,0.9595806849187235,0.50419494156794,0.9352797877365235,0.504455618635943,0.26040296497001675,0.503981649540762,0.6918032786885245,0.383972006283964,0.40196531710915634,0.09180327868852459,0.6028571428571429,0.3742352816786331,0.3867743904566732,0.08,0.11714285714285715,0.13714285714285715,0.12857142857142856,10.92,0.12786885245901639,0.0,0.011329996537206979,0.12247161056954561,7.659016393442623,0.03889768564868627,0.07484627981908543,0.17333861138921175,0.07868852459016394,0,0.18251375665332295,0.1853422982244297,6.63376109487294,0.8539217890769181,0.0,0.9791666666666666,0.0,0.6,0.4,0.5077795371297372,0.2577795371297373
133,0.9609051465656705,0.5046994032107702,0.9365063318295516,0.5042500725325687,0.26040296497001675,0.504145143661807,0.7269736842105263,0.38444745033406447,0.40282745726915425,0.09210526315789473,0.6314285714285715,0.374292424535776,0.3868172475995303,0.08,0.10857142857142857,0.13714285714285715,0.13142857142857142,11.028571428571428,0.12171052631578948,0.002857142857142857,0.011371245802733831,0.12234845272693036,7.631578947368421,0.037730755079225686,0.07268457792922522,0.17263845304753542,0.07894736842105263,0,0.18268647358434204,0.18441558673330757,6.638228730118339,0.8686253860841997,0.0,0.9791666666666666,0.0,0.6,0.4,0.5075461510158451,0.25754615101584516
134,0.962448071377724,0.5035816735919547,0.935865001081343,0.5040601287354028,0.26040296497001675,0.5044317587515276,0.7152317880794702,0.38430079778953835,0.40384531466036855,0.09271523178807947,0.6171428571428571,0.3744638531072046,0.38694581902810177,0.08,0.10857142857142857,0.13428571428571429,0.13714285714285715,11.114285714285714,0.11589403973509933,0.005714285714285714,0.011471229258763774,0.1222289896195936,7.291390728476821,0.036598832426848915,0.0705829012270679,0.17195929945610935,0.07947019867549669,0,0.18331518478784892,0.18349350879964102,6.639749869801687,0.9606956635274848,0.0,0.9574468085106383,0.0,0.6,0.4,0.5073197664853698,0.2573197664853698
135,0.9637921544341554,0.5034324911382564,0.9364919916144157,0.503754883596799,0.26040296497001675,0.5047070832385888,0.6877076411960132,0.3849828315668708,0.40482212721729255,0.09302325581395349,0.5914285714285714,0.3744638531072046,0.38694581902810177,0.08,0.10857142857142857,0.12,0.14,11.208571428571428,0.11627906976744186,0.002857142857142857,0.011517025116925324,0.1221131104054769,7.282392026578073,0.03550086745404345,0.06853972387177543,0.17130052047242605,0.07973421926910298,0,0.18294132314962394,0.18257604125564283,6.626954872405653,0.9414817502569351,0.0,1.0,0.0,0.6,0.4,0.5071001734908087,0.2571001734908087
136,0.9622238238186186,0.5033364030089025,0.9351432272850543,0.5036161386127432,0.26040296497001675,0.5051109873392212,0.7441860465116279,0.3850492767495951,0.40487196110433576,0.09302325581395349,0.64,0.37452099596434746,0.386988676170959,0.08,0.1,0.11714285714285715,0.14,11.291428571428572,0.10963455149501661,0.0,0.011555322290421381,0.12200070756778367,7.282392026578073,0.034435841430422144,0.06655355042823763,0.17066150485825327,0.07973421926910298,0,0.18325319224459014,0.1816631610493646,6.611558632100397,0.9268061412661681,0.0,0.975609756097561,0.0,0.6,0.4,0.5068871682860844,0.25688716828608443
137,0.9635345034803293,0.503923535776783,0.9362704117941254,0.5044205841287053,0.26040296497001675,0.5054070881209896,0.707641196013289,0.3850492767495951,0.40487196110433576,0.09302325581395349,0.6085714285714285,0.37452099596434746,0.386988676170959,0.08,0.11428571428571428,0.14285714285714285,0.14,11.382857142857143,0.11295681063122924,0.0,0.011589877036216265,0.12189167681522127,7.282392026578073,0.03340276618750948,0.06462291578893375,0.17004165971250568,0.07973421926910298,0,0.18313592699765288,0.18075484524411778,6.6221846023155315,0.9082700184408448,0.0,1.0,0.0,0.6,0.4,0.5066805532375019,0.2566805532375019
138,0.9634622253864404,0.5037133389126212,0.9361982487951566,0.5044353401966759,0.26040296497001675,0.5057785869593988,0.7,0.38529772833291775,0.4052365936647802,0.09333333333333334,0.6,0.3746352816786331,0.38707439045667325,0.08,0.12857142857142856,0.14857142857142858,0.14285714285714285,11.485714285714286,0.11,0.002857142857142857,0.011639033742404952,0.12178591698523576,7.22,0.032400683201884196,0.06274638505506869,0.16944040992113052,0.08,0,0.18330581879123603,0.20495933224689747,6.638312338840649,0.9057655331200002,0.0,0.9807692307692307,0.0,0.6,0.4,0.5064801366403768,0.25648013664037683
139,0.9636571542445292,0.5033201027850911,0.9363653306735183,0.5037758644128218,0.26040296497001675,0.5060572927815251,0.7533333333333333,0.38536439499958447,0.4052865936647802,0.09333333333333334,0.6457142857142857,0.37469242453577595,0.38711724759953037,0.08,0.10857142857142857,0.12,0.14285714285714285,11.571428571428571,0.11666666666666667,0.0,0.011675135602090665,0.12168332995014983,7.22,0.03142866270582767,0.06092255338024011,0.1688571976234966,0.08,0,0.18344586184013698,0.203934535585663,6.6255460920638365,0.9039207967999998,0.0,0.9761904761904762,0.0,0.6,0.4,0.5062857325411655,0.25628573254116555
140,0.9626693282017508,0.5029133977871606,0.9355186226368511,0.5033488625737015,0.26040296497001675,0.5062061536121029,0.71,0.38536439499958447,0.4052865936647802,0.09333333333333334,0.6085714285714285,0.37469242453577595,0.38711724759953037,0.08,0.08571428571428572,0.09714285714285714,0.14285714285714285,11.68,0.11666666666666667,0.0,0.011707573387223892,0.1215838205261164,7.22,0.03048580282465284,0.059150045779710836,0.1682914816947917,0.08,0,0.1831282039595077,0.20291486290773467,6.590178027365417,0.8858423808639998,0.0,1.0,0.0,0.6,0.4,0.5060971605649306,0.2560971605649306
141,0.960932286524806,0.5029361152588508,0.9340297297708985,0.5032440440547171,0.26040296497001675,0.5061364116962631,0.7233333333333334,0.38536439499958447,0.4052865936647802,0.09333333333333334,0.62,0.37469242453577595,0.38711724759953037,0.08,0.10857142857142857,0.13142857142857142,0.14285714285714285,11.771428571428572,0.11666666666666667,0.0,0.011739272138879153,0.12148729638480404,7.22,0.029571228739913254,0.057427516908195475,0.16774273724394795,0.08,0,0.18306827865399591,0.201900288593196,6.5898030382466795,0.8681255332467198,0.0,1.0,0.0,0.6,0.4,0.5059142457479826,0.25591424574798266
142,0.96331021178257,0.5029992100725976,0.9360679514204107,0.5033791424391751,0.26040296497001675,0.5060259553269486,0.7433333333333333,0.38536439499958447,0.4052865936647802,0.09333333333333334,0.6371428571428571,0.37469242453577595,0.38711724759953037,0.08,0.1,0.12857142857142856,0.14285714285714285,11.874285714285714,0.12333333333333334,0.0,0.011770241438420665,0.121393667967731,7.22,0.028684091877715857,0.055753650808906485,0.16721045512662952,0.08,0,0.18280979440358308,0.20089078715023004,6.5865784060531745,0.8507630225817854,0.0,1.0,0.0,0.6,0.4,0.5057368183755432,0.2557368183755432
143,0.9630002639013101,0.5025677411907966,0.9358022818079018,0.5032990789912434,0.26040296497001675,0.5058696923398547,0.72,0.38536439499958447,0.4052865936647802,0.09333333333333334,0.6171428571428571,0.37469242453577595,0.38711724759953037,0.08,0.10285714285714286,0.11714285714285715,0.14285714285714285,11.96,0.12333333333333334,0.0,0.011800491218346882,0.1213028484031702,7.22,0.02782356912138438,0.05412716063644807,0.16669414147283063,0.08,0,0.18255245971727946,0.19988633321447888,6.571989695074968,0.8337477621301497,0.0,1.0,0.0,0.6,0.4,0.5055647138242769,0.25556471382427687
144,0.9621721108145463,0.5026221949230613,0.9351018331742752,0.5030241235923049,0.26040296497001675,0.505788866046951,0.7651006711409396,0.3860866419363321,0.4071416316394264,0.09395973154362416,0.6514285714285715,0.37469242453577595,0.38711724759953037,0.08,0.09142857142857143,0.1,0.14857142857142858,12.048571428571428,0.12080536912751678,0.005714285714285714,0.01183040983154836,0.12121475342554622,7.201342281879195,0.02698886204774285,0.05254678835599624,0.1661933172286457,0.08053691275167785,0,0.1821822688472645,0.1988869015484065,6.540549901173468,0.8170728068875467,0.0,1.0,0.0,0.6,0.4,0.5053977724095485,0.2553977724095486
145,0.9628596719102345,0.5032049328476877,0.9356872423357468,0.5034697333631651,0.26040296497001675,0.5056818070460526,0.7281879194630873,0.3860866419363321,0.4071416316394264,0.09395973154362416,0.62,0.37469242453577595,0.38711724759953037,0.08,0.09714285714285714,0.10857142857142857,0.14857142857142858,12.12,0.12080536912751678,0.0,0.011861918588638994,0.12112930129725095,7.201342281879195,0.026179196186310563,0.05101130442106161,0.16570751771178632,0.08053691275167785,0,0.1820413589315996,0.19789246704066443,6.518310331721428,0.8007313507497957,0.0,1.0,0.0,0.6,0.4,0.5052358392372621,0.2552358392372621
146,0.9639439213302187,0.5033659012504041,0.9366104032704763,0.5037987872792083,0.26040296497001675,0.505769538105124,0.7080536912751678,0.3860866419363321,0.4071416316394264,0.09395973154362416,0.6028571428571429,0.37469242453577595,0.38711724759953037,0.08,0.09142857142857143,0.11142857142857143,0.14857142857142858,12.217142857142857,0.1174496644295302,0.0,0.011890092908531668,0.12104641273280456,7.201342281879195,0.025393820300721244,0.04951950743199218,0.16523629218043273,0.08053691275167785,0,0.18187300999408446,0.19690300470546113,6.499372696515571,0.7847167237347998,0.0,1.0,0.0,0.6,0.4,0.5050787640601443,0.25507876406014424
147,0.9639016632315281,0.5031882234659152,0.9365744235178769,0.5034823160301016,0.26040296497001675,0.5060094824282596,0.7583892617449665,0.3860866419363321,0.4071416316394264,0.09395973154362416,0.6457142857142857,0.37469242453577595,0.38711724759953037,0.08,0.07142857142857142,0.08571428571428572,0.14857142857142858,12.28,0.1174496644295302,0.0,0.011917589682506958,0.12096601082529147,7.201342281879195,0.024632005691699606,0.048070223777244014,0.16477920341501975,0.08053691275167785,0,0.1815060735155426,0.19591848968193382,6.455099528299544,0.7690223892601038,0.0,1.0,0.0,0.6,0.4,0.50492640113834,0.2549264011383399
148,0.963263027191585,0.5031379154250163,0.935527943177086,0.5028377797069405,0.26040296497001675,0.5061867822902741,0.7710437710437711,0.3865707424651868,0.40780774220809773,0.09427609427609428,0.6542857142857142,0.3748067102500616,0.3872029618852447,0.08,0.10285714285714286,0.11142857142857143,0.15142857142857144,12.388571428571428,0.11447811447811448,0.002857142857142857,0.01194972173285934,0.12088802097500388,7.171717171717172,0.023893045520948616,0.04666230725932252,0.16433582731256915,0.08080808080808081,0,0.18165497171939346,0.20619781840230697,6.437426109162125,0.75475810703722,0.0,0.9743589743589743,0.0,0.6,0.4,0.5047786091041897,0.2547786091041897
149,0.9620453974785254,0.5035703046580288,0.934494697392004,0.5032281121027156,0.26040296497001675,0.5064198194306655,0.7508417508417509,0.38670542259986695,0.40790875230910784,0.09427609427609428,0.6371428571428571,0.3749209959643474,0.38728867617095897,0.08,0.10285714285714286,0.12571428571428572,0.15142857142857144,12.471428571428572,0.11447811447811448,0.0,0.011982031462177342,0.12081237082022488,7.171717171717172,0.023176254155320156,0.045294638707175316,0.1639057524931921,0.08080808080808081,0,0.18200170114293934,0.20516682931029545,6.434391872693168,0.7514590115665197,0.0,0.9772727272727273,0.0,0.6,0.4,0.5046352508310641,0.25463525083106403
150,0.9623213152103081,0.5038115383910897,0.9347288332958312,0.5034621721843517,0.26040296497001675,0.5066891520477526,0.7542087542087542,0.386772762667207,0.4079592573596129,0.09427609427609428,0.64,0.3749781388214902,0.38733153331381603,0.08,0.08571428571428572,0.10571428571428572,0.15142857142857144,12.54,0.11447811447811448,0.0,0.012007625494958218,0.12073899017008924,7.171717171717172,0.022480966530660552,0.04396612557670909,0.16348857991839633,0.08080808080808081,0,0.18214812192293892,0.20414099516374398,6.411418320953591,0.7583508824023922,0.0,0.972972972972973,0.0,0.6,0.4,0.5044961933061322,0.2544961933061321
151,0.9611947144822476,0.5030366623337458,0.932923330138816,0.5032040790638754,0.26040296497001675,0.5068872406810936,0.7762711864406779,0.3869666607574128,0.40810494673692915,0.09491525423728814,0.6542857142857142,0.3750352816786332,0.3873743904566733,0.08,0.11714285714285715,0.14,0.15714285714285714,12.637142857142857,0.10847457627118644,0.005714285714285714,0.012053171881620056,0.12066781093945766,7.098305084745762,0.021806537534740735,0.042675701540988875,0.16308392252084444,0.08135593220338982,0,0.18249309702760996,0.20312029018792527,6.423189954534519,0.7860000433715949,0.0,0.9795918367346939,0.0,0.6,0.4,0.5043613075069482,0.25436130750694813
152,0.9611686088750604,0.5036107871000748,0.9330122736731152,0.503709777043387,0.26040296497001675,0.5070517430411005,0.7925170068027211,0.3876369024186802,0.4088831360858185,0.09523809523809523,0.6657142857142857,0.375092424535776,0.38741724759953045,0.08,0.1,0.12285714285714286,0.16,12.705714285714286,0.1054421768707483,0.002857142857142857,0.012088460766179605,0.12059876708574506,7.074829931972789,0.021152341408698514,0.04142232607157981,0.1626914048452191,0.08163265306122448,0,0.18266606011390046,0.20210468873698564,6.417583298300971,0.7873064009747159,0.0,0.9767441860465116,0.0,0.6,0.4,0.5042304682817397,0.25423046828173973
153,0.9617074115492642,0.5036385554054639,0.9334648679194467,0.5037871508928797,0.26040296497001675,0.5071810519472789,0.7551020408163265,0.3876369024186802,0.4088831360858185,0.09523809523809523,0.6342857142857142,0.375092424535776,0.38741724759953045,0.08,0.10571428571428572,0.13428571428571429,0.16,12.782857142857143,0.1054421768707483,0.0,0.012115239322864398,0.12053179454764382,7.074829931972789,0.02051777116643756,0.040204984012392475,0.16231066269986252,0.08163265306122448,0,0.18289501624190238,0.2010941652933007,6.423517346620665,0.7715602729552216,0.0,0.9787234042553191,0.0,0.6,0.4,0.5041035542332876,0.2541035542332875
154,0.9609106885461669,0.5035561933160145,0.9323933374943973,0.5037211141883354,0.26040296497001675,0.5073710056563244,0.7610921501706485,0.38840786058952315,0.408375195441898,0.09556313993174062,0.6371428571428571,0.375092424535776,0.38741724759953045,0.08,0.1,0.12857142857142856,0.16285714285714287,12.88,0.10238907849829351,0.002857142857142857,0.012137602459313654,0.12046683118568559,7.078498293515358,0.019902238031444433,0.03902268514729912,0.16194134281886666,0.08191126279863481,0,0.18269425616069287,0.20008869446683422,6.42361842825968,0.7561290674961172,0.0,1.0,0.0,0.6,0.4,0.5039804476062889,0.2539804476062889
155,0.9617253448677384,0.5038197380085853,0.9330753212150273,0.5039305965952983,0.26040296497001675,0.5075575382811418,0.7815699658703071,0.3886808981321852,0.4085799735988946,0.09556313993174062,0.6542857142857142,0.3753209959643475,0.387588676170959,0.08,0.08,0.09428571428571429,0.16285714285714287,12.937142857142858,0.10238907849829351,0.0,0.01216201663187355,0.12040381672458618,7.078498293515358,0.0193051708905011,0.03787446376270165,0.16158310253430067,0.07849829351535836,0,0.18312349916560372,0.20929993912460912,6.389431773980201,0.8865787523081579,0.0,0.9393939393939394,0.0,0.6,0.4,0.5038610341781002,0.25386103417810024
156,0.9622005245773978,0.5029374562321894,0.9334731145148277,0.5031726256832075,0.26040296497001675,0.5077098057083695,0.7508532423208191,0.38881741690351623,0.4086823626773929,0.09556313993174062,0.6285714285714286,0.37543528167863316,0.3876743904566732,0.08,0.09428571428571429,0.12,0.16285714285714287,13.01142857142857,0.10238907849829351,0.0,0.0121841450710927,0.12034269269731969,7.078498293515358,0.018726015763786068,0.03675937820614861,0.16123560945827164,0.07849829351535836,0,0.18389231095549,0.23490494313857244,6.381643138500595,0.8763920141459208,0.0,0.9523809523809523,0.0,0.6,0.4,0.5037452031527572,0.2537452031527572
157,0.9652111342108392,0.5033004679284148,0.9353915807819979,0.5033450383539924,0.26040296497001675,0.5077272522143248,0.7636986301369864,0.3895457792588994,0.40958786997778307,0.0958904109589041,0.6371428571428571,0.3755495673929189,0.3877601047423876,0.08,0.09142857142857143,0.12285714285714286,0.1657142857142857,13.088571428571429,0.09931506849315068,0.002857142857142857,0.012207264265392752,0.12028340239087124,7.061643835616438,0.018164235290872487,0.035676510442018805,0.16089854117452349,0.07876712328767123,0,0.18448684940071253,0.25005482683219726,6.376867418587728,0.8876502224576002,0.0,0.9534883720930233,0.0,0.6,0.4,0.5036328470581745,0.2536328470581745
158,0.9650094834711938,0.5036052166878121,0.9352233464506367,0.5036058881059031,0.26040296497001675,0.5077423862200625,0.7636986301369864,0.38981975186163903,0.40979334942983786,0.0958904109589041,0.6371428571428571,0.3757781388214903,0.38793153331381613,0.08,0.09142857142857143,0.12,0.1657142857142857,13.168571428571429,0.09931506849315068,0.0,0.01223425861335991,0.1202258907936162,7.061643835616438,0.017619308232146313,0.03462496560521677,0.16057158493928778,0.07876712328767123,0,0.18584984372513752,0.25466180190241217,6.369330070215972,1.0473553873173278,0.0,0.9047619047619048,0.0,0.6,0.4,0.5035238616464293,0.25352386164642926
159,0.9641547442403523,0.5044891220292104,0.9345102497209063,0.5040220990985367,0.26040296497001675,0.5077490499969386,0.791095890410959,0.389888245012324,0.40984471929285154,0.0958904109589041,0.66,0.3758352816786331,0.38797439045667326,0.08,0.09714285714285714,0.12,0.1657142857142857,13.262857142857143,0.09931506849315068,0.0,0.012254748693108778,0.12017010454427883,7.061643835616438,0.01709072898518192,0.03360387155375133,0.16025443739110914,0.07876712328767123,0,0.18606288022079756,0.25739934985082064,6.361943468811654,1.0697419575320495,0.0,0.9761904761904762,0.0,0.6,0.4,0.5034181457970364,0.25341814579703636
160,0.9657391051779113,0.5038524373638329,0.9359299476883043,0.5039016496469214,0.26040296497001675,0.5078592263452042,0.7594501718213058,0.38986874584181586,0.4107303954271402,0.09621993127147767,0.6314285714285715,0.3760638531072046,0.38814581902810186,0.08,0.10285714285714286,0.13142857142857142,0.16857142857142857,13.331428571428571,0.09621993127147767,0.002857142857142857,0.012269196979544974,0.12011599188242157,7.065292096219931,0.016578007115626462,0.03261237842100484,0.15994680426937588,0.07903780068728522,0,0.18661813724826498,0.2603512672199629,6.36613317086399,1.0527907207090579,0.0,0.9565217391304348,0.0,0.6,0.4,0.5033156014231253,0.2533156014231253
161,0.9660266021038534,0.5045701814401052,0.9361689808467304,0.5043546300521277,0.26040296497001675,0.5076898846374813,0.7972508591065293,0.38986874584181586,0.4107303954271402,0.09621993127147767,0.6628571428571428,0.3760638531072046,0.38814581902810186,0.08,0.07714285714285714,0.08571428571428572,0.16857142857142857,13.402857142857142,0.09621993127147767,0.0,0.012292178031841319,0.12006350260042,7.065292096219931,0.01608066690215767,0.03164965816843801,0.15964840014129458,0.07903780068728522,0,0.18611361799059506,0.2590495108838631,6.324524793160997,1.0317349062948766,0.0,1.0,0.0,0.6,0.4,0.5032161333804316,0.25321613338043153
162,0.9649108635852494,0.5049676564377114,0.9352413239641196,0.5050810736358129,0.26040296497001675,0.5076736791900046,0.8144329896907216,0.38986874584181586,0.4107303954271402,0.09621993127147767,0.6771428571428572,0.3760638531072046,0.38814581902810186,0.08,0.09428571428571429,0.11142857142857143,0.16857142857142857,13.48,0.09621993127147767,0.0,0.012311092545651579,0.12001258799687854,7.065292096219931,0.015598246895092939,0.03071490413941258,0.15935894813705576,0.07903780068728522,0,0.18600920059708856,0.25775426332944373,6.309462868726348,1.011100208168979,0.0,1.0,0.0,0.6,0.4,0.5031196493790185,0.2531196493790186
163,0.9667989179691401,0.5061255081307146,0.9368111063232973,0.5063953853675008,0.26040296497001675,0.5077688599567246,0.7800687285223368,0.38986874584181586,0.4107303954271402,0.09621993127147767,0.6485714285714286,0.3760638531072046,0.38814581902810186,0.08,0.08857142857142856,0.10571428571428572,0.16857142857142857,13.557142857142857,0.09621993127147767,0.0,0.012329507276957015,0.11996320083144331,7.065292096219931,0.01513029948824015,0.029807330614762373,0.15907817969294408,0.07903780068728522,0,0.18619272673696027,0.25646549201279656,6.288987897066107,0.9908782040055996,0.0,0.972972972972973,0.0,0.6,0.4,0.503026059897648,0.25302605989764804
164,0.9664722972200495,0.505095807571113,0.936539544500482,0.5058289741839156,0.26040296497001675,0.5079017266889642,0.7800687285223368,0.38986874584181586,0.4107303954271402,0.09621993127147767,0.6485714285714286,0.3760638531072046,0.38814581902810186,0.08,0.09714285714285714,0.12285714285714286,0.16857142857142857,13.645714285714286,0.09621993127147767,0.0,0.012347433396164993,0.11991529528097114,7.065292096219931,0.014676390503592944,0.02892617237068884,0.15880583430215575,0.07903780068728522,0,0.18600348024256114,0.25518316455273254,6.2860652819819265,0.9710606399254875,0.0,1.0,0.0,0.6,0.4,0.5029352781007186,0.2529352781007186
165,0.9669812196826809,0.504749409097928,0.9369626771765553,0.5056804031151991,0.26040296497001675,0.5080965491429296,0.7457044673539519,0.38986874584181586,0.4107303954271402,0.09621993127147767,0.62,0.3760638531072046,0.38814581902810186,0.08,0.08,0.09714285714285714,0.16857142857142857,13.691428571428572,0.09621993127147767,0.0,0.012364881949416874,0.1198688268970131,7.065292096219931,0.014236098788485156,0.02807068423950665,0.15854165927309108,0.07903780068728522,0,0.18567317712706263,0.2539072487299689,6.257486833485145,0.9516394271269778,0.0,1.0,0.0,0.6,0.4,0.5028472197576971,0.25284721975769703
166,0.9663794882083316,0.504903958189049,0.9364623804364536,0.5056642716281138,0.26040296497001675,0.5082501313019918,0.7835051546391752,0.38986874584181586,0.4107303954271402,0.09621993127147767,0.6514285714285715,0.3760638531072046,0.38814581902810186,0.08,0.1,0.13142857142857142,0.16857142857142857,13.76,0.09621993127147767,0.0,0.012381863851149316,0.11982375256457382,7.065292096219931,0.013809015824830602,0.027240140673720603,0.15828540949489836,0.07903780068728522,0,0.18548709695571305,0.25263771248631905,6.263765668244015,0.9326066385844382,0.0,1.0,0.0,0.6,0.4,0.5027618031649661,0.2527618031649661
167,0.966568553574198,0.5055165681849338,0.9366195747835024,0.5063804631194689,0.26040296497001675,0.5084209887237868,0.7869415807560137,0.38993747436415266,0.4107819418188928,0.09621993127147767,0.6542857142857142,0.37612099596434745,0.3881886761709589,0.08,0.07714285714285714,0.09714285714285714,0.16857142857142857,13.845714285714285,0.09965635738831616,0.0,0.012398389877428456,0.11978003046210772,7.065292096219931,0.013394745350085684,0.02643383531387067,0.1580368472100514,0.07903780068728522,0,0.18547394718522017,0.2513745239238874,6.235633212021993,0.9756602935278507,0.0,0.9705882352941176,0.0,0.6,0.4,0.5026789490700171,0.25267894907001714
168,0.9656933323643278,0.505037783737271,0.9358918908632964,0.5058550195140414,0.26040296497001675,0.5087044664310594,0.7353951890034365,0.38993747436415266,0.4107819418188928,0.09621993127147767,0.6114285714285714,0.37612099596434745,0.3881886761709589,0.08,0.06857142857142857,0.08571428571428572,0.16857142857142857,13.911428571428571,0.09965635738831616,0.0,0.012414470660010678,0.11973762002271562,7.065292096219931,0.012992902989583112,0.02565108056053944,0.15779574179374986,0.07903780068728522,0,0.1851457210207227,0.250117651304268,6.196634833495838,0.9561470876572936,0.0,1.0,0.0,0.6,0.4,0.5025985805979166,0.2525985805979166
169,0.966851326665849,0.5057807094725417,0.9367762313429908,0.5062088239986019,0.26040296497001675,0.5089668030369912,0.7206896551724138,0.3886876653594028,0.4110990133720612,0.09655172413793103,0.5971428571428572,0.37617813882149026,0.3882315333138161,0.08,0.09428571428571429,0.10285714285714286,0.17142857142857143,13.985714285714286,0.09655172413793103,0.002857142857142857,0.012434245232816084,0.11969648189650527,7.0344827586206895,0.012603115899895618,0.024891207150881223,0.15756186953993737,0.07931034482758621,0,0.18544699384419044,0.24886706304774667,6.175559279683063,0.9630736868745261,0.0,0.9722222222222222,0.0,0.6,0.4,0.5025206231799791,0.25252062317997914
170,0.9668256272851306,0.5056347169428992,0.936686268602291,0.5060145202856009,0.26040296497001675,0.5092841973716709,0.754325259515571,0.3877034377505402,0.4115928901780162,0.09688581314878893,0.6228571428571429,0.37617813882149026,0.3882315333138161,0.08,0.09142857142857143,0.10857142857142857,0.1742857142857143,14.08,0.09342560553633218,0.002857142857142857,0.012455044336710078,0.11965657791408123,7.017301038062284,0.01222502242289875,0.024153563739992,0.15733501345373924,0.07958477508650519,0,0.1852049017321124,0.24762272773250793,6.160619522660831,0.9438122131370356,0.0,1.0,0.0,0.6,0.4,0.5024450044845797,0.25244500448457974
171,0.9661953404502663,0.5056738860555792,0.9361658317586458,0.5061211074734544,0.26040296497001675,0.5097107179656027,0.7716262975778547,0.3877034377505402,0.4115928901780162,0.09688581314878893,0.6371428571428571,0.37617813882149026,0.3882315333138161,0.08,0.07428571428571429,0.09142857142857143,0.1742857142857143,14.148571428571428,0.09342560553633218,0.0,0.012476114638430742,0.11961787105112986,7.017301038062284,0.011858271750211787,0.02343751648740955,0.15711496305012707,0.07958477508650519,0,0.18485002008059473,0.24638461409384538,6.128835703636185,0.9249359688742949,0.0,1.0,0.0,0.6,0.4,0.5023716543500424,0.2523716543500424
172,0.9646862902475509,0.5061725363308184,0.9349197874484039,0.506888091877867,0.26040296497001675,0.5102198139640438,0.7474048442906575,0.3878418460550385,0.4116966964063899,0.10034602076124567,0.6171428571428571,0.37629242453577605,0.3883172475995304,0.08285714285714285,0.08571428571428572,0.10571428571428572,0.1742857142857143,14.222857142857142,0.09342560553633218,0.0,0.012490561869422047,0.11958032539406707,7.017301038062284,0.011502523597705433,0.02274244864899877,0.15690151415862325,0.07958477508650519,0,0.18546762783733453,0.24839320392749573,6.111973275277747,0.9925369907403137,0.0,0.9459459459459459,0.0,0.6,0.4,0.5023005047195411,0.2523005047195411
173,0.9637222837205635,0.50647859727357,0.9341237934875484,0.5070725360067948,0.26040296497001675,0.5106056280688103,0.7612456747404844,0.3878418460550385,0.4116966964063899,0.10034602076124567,0.6285714285714286,0.37629242453577605,0.3883172475995304,0.08285714285714285,0.07714285714285714,0.08857142857142856,0.1742857142857143,14.305714285714286,0.09342560553633218,0.0,0.01250461345225407,0.1195439061067162,7.017301038062284,0.011157447889774269,0.02206776017444878,0.15669446873386456,0.07958477508650519,0,0.18511114684100505,0.24715123790785826,6.078305238343622,0.9726862509255074,0.0,1.0,0.0,0.6,0.4,0.5022314895779548,0.2522314895779548
174,0.9638344198538624,0.5064601575799718,0.9337551159285085,0.5065944886521144,0.26040296497001675,0.5110054145437902,0.7534722222222222,0.38779694414743465,0.4118776422966442,0.10069444444444445,0.62,0.37634956739291886,0.3883601047423875,0.08285714285714285,0.09428571428571429,0.12285714285714286,0.17714285714285713,14.382857142857143,0.09027777777777778,0.002857142857142857,0.01252879763872436,0.11950857939798583,6.965277777777778,0.01082272445308104,0.021412867310581674,0.15649363467184862,0.0798611111111111,0,0.18538444896394285,0.24591548171831895,6.0795962764338904,0.9588884636916876,0.0,0.9767441860465116,0.0,0.6,0.4,0.5021645448906162,0.2521645448906162
175,0.9637796540689568,0.5065554827530407,0.9337100515112148,0.5065055253865927,0.26040296497001675,0.5113222667206724,0.7916666666666666,0.38779694414743465,0.4118776422966442,0.10069444444444445,0.6514285714285715,0.37634956739291886,0.3883601047423875,0.08285714285714285,0.08857142857142856,0.10285714285714286,0.17714285714285713,14.465714285714286,0.09375,0.0,0.012546724932272107,0.11947431249051735,6.965277777777778,0.010498042719488608,0.020777202210646273,0.15629882563169317,0.0798611111111111,0,0.18554252743340885,0.24468590430972736,6.060861493762356,0.9397106944178538,0.0,0.9722222222222222,0.0,0.6,0.4,0.5020996085438977,0.25209960854389774
176,0.9634613313173792,0.5069209325479631,0.9334481173613453,0.5067666378244928,0.26040296497001675,0.5115886318911131,0.78125,0.38793583303632356,0.4119818089633109,0.10069444444444445,0.6428571428571429,0.37646385310720454,0.3884458190281018,0.08285714285714285,0.10285714285714286,0.11428571428571428,0.17714285714285713,14.54,0.09375,0.0,0.012559685846680959,0.11944107359027296,6.965277777777778,0.01018310143790395,0.02016021254974565,0.15610986086274237,0.0798611111111111,0,0.1856715290819561,0.24346247478817873,6.053929978172824,0.9261713440000008,0.0,0.975,0.0,0.6,0.4,0.5020366202875808,0.2520366202875808
177,0.9636851092669052,0.5067098879576168,0.9336322546455263,0.506876569814967,0.26040296497001675,0.511788512428985,0.7777777777777778,0.38814416636965693,0.41213805896331085,0.10069444444444445,0.64,0.3766352816786332,0.3885743904566732,0.08285714285714285,0.09142857142857143,0.10857142857142857,0.17714285714285713,14.642857142857142,0.09375,0.0,0.012572287835248278,0.11940883185703591,6.965277777777778,0.00987760839476683,0.01956136114652751,0.1559265650368601,0.0798611111111111,0,0.1862000285794035,0.2522995291925461,6.041422807180795,0.9820000000000004,0.0,0.9473684210526315,0.0,0.6,0.4,0.5019755216789533,0.2519755216789534
178,0.9653542556279048,0.5076352843632135,0.9350294296663154,0.5081962169220618,0.26040296497001675,0.5121315026895645,0.7909407665505227,0.3883581817287244,0.4117748285903666,0.10104529616724739,0.6485714285714286,0.3766352816786332,0.3885743904566732,0.08285714285714285,0.09142857142857143,0.10857142857142857,0.18,14.717142857142857,0.09059233449477352,0.002857142857142857,0.01259530100108906,0.11937755737579589,6.926829268292683,0.009581280142923825,0.018980125591242847,0.1557487680857543,0.08013937282229965,0,0.18592545772222074,0.2510380315465834,6.029165779608607,0.9623600000000003,0.0,1.0,0.0,0.6,0.4,0.5019162560285848,0.25191625602858475
179,0.9656176177158846,0.5081398664762325,0.9352453865784589,0.5084386391585223,0.26040296497001675,0.5124455493996142,0.7560975609756098,0.3883581817287244,0.4117748285903666,0.10104529616724739,0.62,0.3766352816786332,0.3885743904566732,0.08285714285714285,0.07714285714285714,0.1,0.18,14.777142857142858,0.09059233449477352,0.0,0.012609831195327012,0.1193472211289932,6.926829268292683,0.00929384173863611,0.018415997880260826,0.15557630504318165,0.08013937282229965,0,0.18596697329075246,0.24978284138885049,6.008582464016436,0.9431128000000003,0.0,0.9714285714285714,0.0,0.6,0.4,0.5018587683477272,0.25185876834772725
180,0.9640106936509955,0.5084119718392095,0.9339277088452497,0.508667132659181,0.26040296497001675,0.5127411294048295,0.7630662020905923,0.3883581817287244,0.4117748285903666,0.10104529616724739,0.6257142857142857,0.3766352816786332,0.3885743904566732,0.08285714285714285,0.08285714285714285,0.10857142857142857,0.18,14.848571428571429,0.08710801393728224,0.0,0.012621438919881668,0.11931779496959448,6.926829268292683,0.009015026486477026,0.017868484057111056,0.15540901589188622,0.08013937282229965,0,0.18591986765654867,0.24853392718190623,5.996982243307536,0.9242505440000003,0.0,1.0,0.0,0.6,0.4,0.5018030052972954,0.2518030052972954
181,0.9642313613665177,0.5085171075425097,0.9341086563719782,0.5088810798231551,0.26040296497001675,0.5128794500071472,0.7630662020905923,0.388497554551024,0.4118793582070914,0.10104529616724739,0.6257142857142857,0.3767495673929188,0.38866010474238755,0.08285714285714285,0.09428571428571429,0.11142857142857143,0.18,14.937142857142858,0.08710801393728224,0.0,0.012632722051045379,0.11928925159497775,6.926829268292683,0.008744575691882715,0.017337103860104452,0.15524674541512962,0.08013937282229965,0,0.18601869688969447,0.2512933624710719,5.988471169869957,0.9258629133791515,0.0,0.9743589743589743,0.0,0.6,0.4,0.5017489151383765,0.25174891513837655
182,0.9641462900457077,0.5087741932896961,0.9340388978889138,0.5090094556900396,0.26040296497001675,0.5130455904720086,0.7804878048780488,0.3886369273733236,0.4119838878238161,0.10104529616724739,0.64,0.37686385310720455,0.3887458190281018,0.08285714285714285,0.09714285714285714,0.11714285714285715,0.18,15.005714285714285,0.08710801393728224,0.0,0.012643688964134177,0.11926156452159954,6.926829268292683,0.008482238421126234,0.016821390376573375,0.15508934305267574,0.08013937282229965,0,0.18623032054453173,0.25003689565871656,5.985844603615413,0.9443524419241113,0.0,0.975609756097561,0.0,0.6,0.4,0.5016964476842253,0.2516964476842252
183,0.9632565893267722,0.5091257311236735,0.9333093432993865,0.5094439752114468,0.26040296497001675,0.5133606787182693,0.7456445993031359,0.3886369273733236,0.4119838878238161,0.10104529616724739,0.6114285714285714,0.37686385310720455,0.3887458190281018,0.08285714285714285,0.08571428571428572,0.10571428571428572,0.18,15.074285714285715,0.08710801393728224,0.0,0.012654347860732612,0.11923470806042269,6.926829268292683,0.008227771268492447,0.016320889703752672,0.15493666276109547,0.08013937282229965,0,0.18592745465609478,0.24878671118042298,5.971841997257391,0.925465393085629,0.0,1.0,0.0,0.6,0.4,0.5016455542536985,0.2516455542536985
184,0.9634847228510939,0.5092351061339226,0.9311807162597127,0.5092770280981751,0.26040296497001675,0.5136968875929606,0.7368421052631579,0.3892006557659537,0.4114122113606209,0.10175438596491228,0.6,0.3769781388214903,0.38883153331381615,0.08285714285714285,0.08857142857142856,0.10857142857142857,0.18571428571428572,15.148571428571428,0.08070175438596491,0.005714285714285714,0.012705542664041175,0.11920865729308108,6.6456140350877195,0.007980938130437673,0.015835160616315624,0.1547885628782626,0.08070175438596491,0,0.18611138952567144,0.24754277762452084,5.960976585883671,0.9639583671668699,0.0,0.9736842105263158,0.0,0.6,0.4,0.5015961876260875,0.25159618762608754
185,0.9658824341191057,0.5087382439251249,0.9331331382922365,0.5090976730653222,0.26040296497001675,0.5139364483083182,0.7789473684210526,0.38927083120455025,0.41146484293956825,0.10175438596491228,0.6342857142857142,0.37703528167863315,0.38887439045667327,0.08285714285714285,0.09142857142857143,0.10571428571428572,0.18571428571428572,15.222857142857142,0.08070175438596491,0.0,0.012751530453782965,0.1191833880487598,6.6456140350877195,0.007741509986524542,0.01536377424056179,0.15464490599191472,0.08070175438596491,0,0.18615211829232878,0.264645393809867,5.947471339880284,0.9812872005361355,0.0,0.972972972972973,0.0,0.6,0.4,0.5015483019973049,0.25154830199730494
186,0.9651249830781138,0.5083938734840245,0.9325163567302857,0.5089903726915647,0.26040296497001675,0.5139771463377469,0.7614035087719299,0.38927083120455025,0.41146484293956825,0.10175438596491228,0.62,0.37703528167863315,0.38887439045667327,0.08285714285714285,0.07714285714285714,0.09714285714285714,0.18571428571428572,15.291428571428572,0.08421052631578947,0.0,0.01276145419111304,0.11915887688176807,6.6456140350877195,0.007509264686928806,0.014906313735245869,0.15450555881215727,0.08070175438596491,0,0.18587778698658144,0.2633221668408177,5.925664770225534,0.9616614565254128,0.0,1.0,0.0,0.6,0.4,0.5015018529373858,0.25150185293738575
187,0.9658737251913986,0.5103155736919776,0.9331260467368175,0.5107605207564089,0.26040296497001675,0.5139221899250634,0.7649122807017544,0.3894813575203397,0.41162273767641033,0.10175438596491228,0.6228571428571429,0.37720671025006175,0.38900296188524475,0.08285714285714285,0.08,0.10857142857142857,0.18571428571428572,15.362857142857143,0.08421052631578947,0.0,0.012771096953802456,0.11913510104978617,6.6456140350877195,0.007283986746320942,0.014462373979026721,0.15437039204779257,0.08070175438596491,0,0.18651868661950566,0.2670216721846001,5.915722903392452,1.0012580230601953,0.0,0.9473684210526315,0.0,0.6,0.4,0.5014567973492642,0.2514567973492642
188,0.9658265311111625,0.5105449746425316,0.9325660890743055,0.5109511000038036,0.26040296497001675,0.5141547098920957,0.7816901408450704,0.39035349518681683,0.4118413711938696,0.10211267605633803,0.6342857142857142,0.37720671025006175,0.38900296188524475,0.08285714285714285,0.08285714285714285,0.11142857142857143,0.18857142857142858,15.43142857142857,0.08098591549295775,0.002857142857142857,0.01278531938859143,0.11911203849276372,6.626760563380282,0.007065467143931314,0.014031561264504666,0.15423928028635878,0.08098591549295775,0,0.18621437890069384,0.2656865638236771,5.908837016753176,0.9812328625989915,0.0,1.0,0.0,0.6,0.4,0.5014130934287863,0.25141309342878626
189,0.9665280649032626,0.5114524788376672,0.9331353336370382,0.5115649425313417,0.26040296497001675,0.5142617780670325,0.8063380281690141,0.39035349518681683,0.4118413711938696,0.10211267605633803,0.6542857142857142,0.37720671025006175,0.38900296188524475,0.08285714285714285,0.06857142857142857,0.08571428571428572,0.18857142857142858,15.514285714285714,0.08098591549295775,0.0,0.012796092572058061,0.11908966781245191,6.626760563380282,0.006853503129613374,0.013613492998807541,0.15411210187776803,0.08098591549295775,0,0.18585444986333324,0.26435813100455874,5.876374562132398,0.9616082053470116,0.0,1.0,0.0,0.6,0.4,0.5013707006259227,0.25137070062592265
190,0.964594783440055,0.5111342783882122,0.9315666138211783,0.5110862003704293,0.26040296497001675,0.5142521871704177,0.8204225352112676,0.39035349518681683,0.4118413711938696,0.10211267605633803,0.6657142857142857,0.37720671025006175,0.38900296188524475,0.08285714285714285,0.09142857142857143,0.11142857142857143,0.18857142857142858,15.58,0.08098591549295775,0.0,0.012804946671668547,0.11906796825254948,6.626760563380282,0.006647898035724973,0.013207797410680344,0.153988738821435,0.08098591549295775,0,0.18563889189973082,0.26303634034953594,5.8702756423183216,0.9423760412400713,0.0,1.0,0.0,0.6,0.4,0.501329579607145,0.25132957960714497
191,0.9630911519632047,0.5112138488113419,0.9303465242799627,0.5112738727027855,0.26040296497001675,0.5141847727058574,0.7676056338028169,0.3904943402572394,0.41194700499668646,0.10211267605633803,0.6228571428571429,0.3773209959643474,0.38908867617095894,0.08285714285714285,0.08857142857142856,0.10571428571428572,0.18857142857142858,15.64,0.08098591549295775,0.0,0.0128135483418175,0.11904691967944414,6.626760563380282,0.006448461094653224,0.012814113264022264,0.15386907665679192,0.08098591549295775,0,0.1856534117259465,0.2617211586477883,5.85858441518624,1.0037111442930895,0.0,0.972972972972973,0.0,0.6,0.4,0.5012896922189306,0.25128969221893066
192,0.9644253725671956,0.5101621083377907,0.9314291489986297,0.5101607249461422,0.26040296497001675,0.5139791441536367,0.7640845070422535,0.39077603039808445,0.4121582726023203,0.10211267605633803,0.62,0.3775495673929189,0.38926010474238754,0.08285714285714285,0.10285714285714286,0.12285714285714286,0.18857142857142858,15.72,0.08098591549295775,0.0,0.012821904389687536,0.11902650256353188,6.626760563380282,0.006255007261813627,0.012432089577813055,0.15375300435708816,0.08098591549295775,0,0.18712457323874532,0.2711789655911335,5.864269869739658,1.0816936002639628,0.0,0.9069767441860465,0.0,0.6,0.4,0.5012510014523627,0.25125100145236273
193,0.9639687032424947,0.5111197806500783,0.9310585944608721,0.5107412806171615,0.26040296497001675,0.5138379929563783,0.7816901408450704,0.39077603039808445,0.4121582726023203,0.10211267605633803,0.6342857142857142,0.3775495673929189,0.38926010474238754,0.08285714285714285,0.07142857142857142,0.09428571428571429,0.18857142857142858,15.8,0.08098591549295775,0.0,0.012830021462279113,0.11900669796109709,6.626760563380282,0.006067357043959218,0.01206138535236212,0.15364041422637553,0.08098591549295775,0,0.18675995108683732,0.26982307076317785,5.841270186630579,1.0600597282586834,0.0,1.0,0.0,0.6,0.4,0.5012134714087918,0.25121347140879186
194,0.9619760575994832,0.5114861269960947,0.9294417048534,0.5111312936607372,0.26040296497001675,0.5137086498928404,0.7077464788732394,0.390916875468507,0.4122639064051372,0.10211267605633803,0.5742857142857143,0.3776638531072046,0.3893458190281018,0.08285714285714285,0.08571428571428572,0.10571428571428572,0.18857142857142858,15.862857142857143,0.08450704225352113,0.0,0.012837906048719415,0.11898748749673525,6.626760563380282,0.005885336332640441,0.011701669301808493,0.15353120179958427,0.08098591549295775,0,0.18691115204568884,0.268473955409362,5.830159068612252,1.0500904688559678,0.0,0.972972972972973,0.0,0.6,0.4,0.5011770672665281,0.2511770672665281
195,0.9624958998706771,0.5119874847535031,0.929863519724883,0.5117697824209735,0.26040296497001675,0.5135974207407437,0.795774647887324,0.390916875468507,0.4122639064051372,0.10211267605633803,0.6457142857142857,0.3776638531072046,0.3893458190281018,0.08285714285714285,0.09142857142857143,0.10857142857142857,0.18857142857142858,15.945714285714285,0.0880281690140845,0.0,0.012845564482640395,0.11896885334630428,6.626760563380282,0.0057087762426612275,0.011352619592798652,0.15342526574559673,0.08098591549295775,0,0.18657631057117466,0.26713158563231515,5.822127315811436,1.0290886594788484,0.0,1.0,0.0,0.6,0.4,0.5011417552485322,0.2511417552485323
196,0.9627073519788254,0.5112126696379963,0.9293120906397416,0.5114388369439734,0.26040296497001675,0.5135658714108413,0.7375886524822695,0.39010391044012116,0.4118584945476481,0.10283687943262411,0.5942857142857143,0.37772099596434744,0.38938867617095896,0.08285714285714285,0.08857142857142856,0.10571428571428572,0.19428571428571428,16.034285714285716,0.08156028368794327,0.005714285714285714,0.012902438780574723,0.11895077822038627,6.453900709219858,0.005537512955381391,0.011013923589260899,0.15332250777322884,0.08156028368794327,0,0.18664314330403312,0.2657959277041536,5.811399055209494,1.0085068862892714,0.0,0.972972972972973,0.0,0.6,0.4,0.5011075025910763,0.2511075025910763
197,0.9638217579386043,0.5110343534424678,0.9301156494095403,0.5111858447973566,0.26040296497001675,0.5134372838527976,0.7651245551601423,0.39073867572709936,0.41213467962417805,0.10320284697508897,0.6142857142857143,0.37772099596434744,0.38938867617095896,0.08285714285714285,0.08285714285714285,0.11142857142857143,0.19714285714285715,16.102857142857143,0.07829181494661921,0.002857142857142857,0.012917567354180865,0.11893324534824579,6.4412811387900355,0.005371387566719949,0.010685277603193044,0.15322283254003197,0.08185053380782918,0,0.18650807756967364,0.2644669480656328,5.806599645533875,0.988336748563486,0.0,1.0,0.0,0.6,0.4,0.501074277513344,0.251074277513344
198,0.96419806726088,0.5101349385200669,0.9304177720368533,0.5103881155802985,0.26040296497001675,0.5132901008318397,0.8042704626334519,0.3908810244815478,0.4122414411900143,0.10320284697508897,0.6457142857142857,0.3778352816786332,0.3894743904566732,0.08285714285714285,0.08285714285714285,0.11142857142857143,0.19714285714285715,16.17142857142857,0.07829181494661921,0.0,0.012926951733952587,0.11891623846226955,6.4412811387900355,0.0052102459397183505,0.010366386651379123,0.153126147563831,0.07829181494661921,0,0.18660396575325386,0.26314461332530464,5.801896224051768,1.0358452799559237,0.0,0.9743589743589743,0.0,0.6,0.4,0.5010420491879437,0.25104204918794365
199,0.9623229249257388,0.5094831807815118,0.9289123006192113,0.5098808539516433,0.26040296497001675,0.5131732687416343,0.7473309608540926,0.39123689636766884,0.4125083451046051,0.10320284697508897,0.6,0.37812099596434745,0.389688676170959,0.08285714285714285,0.06285714285714286,0.07714285714285714,0.19714285714285715,16.24,0.08540925266903915,0.0,0.012933839685983314,0.11889974178287256,6.4412811387900355,0.0050539385615268,0.01005696421794422,0.15303236313691607,0.07829181494661921,0,0.18744208878163043,0.2618288902586781,5.76300115671359,1.022005815178593,0.0,0.8888888888888888,0.0,0.6,0.4,0.5010107877123053,0.25101078771230534
200,0.9644659263346728,0.5098046344647763,0.9306328246075268,0.5096528198859968,0.26040296497001675,0.5131251535088588,0.7829181494661922,0.3913792451221172,0.4126151066704414,0.10320284697508897,0.6285714285714286,0.3782352816786332,0.3897743904566732,0.08285714285714285,0.08857142857142856,0.10857142857142857,0.19714285714285715,16.305714285714284,0.08540925266903915,0.0,0.012940528761106497,0.1188837400038575,6.4412811387900355,0.004902320404680996,0.009756732022657477,0.1529413922428086,0.07829181494661921,0,0.18761844976629366,0.2605197458073847,5.756312562150747,1.001565698875021,0.0,0.9736842105263158,0.0,0.6,0.4,0.5009804640809362,0.2509804640809362
201,0.9638757809865521,0.5098027095913393,0.9301590221994641,0.509722714572989,0.26040296497001675,0.513131840181132,0.7651245551601423,0.3913792451221172,0.4126151066704414,0.10320284697508897,0.6142857142857143,0.3782352816786332,0.3897743904566732,0.08285714285714285,0.08285714285714285,0.1,0.19714285714285715,16.37142857142857,0.08540925266903915,0.0,0.012947024473137288,0.11886821827821291,6.4412811387900355,0.004755250792540566,0.00946541979488924,0.15285315047552434,0.07829181494661921,0,0.18725121537460507,0.2592171470783478,5.7411863109077315,0.9815343848975205,0.0,1.0,0.0,0.6,0.4,0.5009510501585082,0.2509510501585081
202,0.9644744128438365,0.509685432718181,0.930610226957096,0.5096300685458554,0.26040296497001675,0.5131174148093212,0.75,0.39178606819612327,0.41211589899447754,0.10357142857142858,0.6,0.378292424535776,0.38981724759953035,0.08285714285714285,0.07714285714285714,0.09714285714285714,0.2,16.434285714285714,0.08214285714285714,0.002857142857142857,0.012972017504276508,0.11885316220433764,6.385714285714286,0.004612593268764349,0.00918276505312765,0.1527675559612586,0.07857142857142857,0,0.1872859592977321,0.257921061342956,5.723505441832434,0.9719028340458012,0.0,0.9705882352941176,0.0,0.6,0.4,0.5009225186537529,0.25092251865375287
203,0.9642567109493555,0.5091392619968588,0.9304360654415113,0.5091381499844442,0.26040296497001675,0.5129709321737652,0.7714285714285715,0.39178606819612327,0.41211589899447754,0.10357142857142858,0.6171428571428571,0.378292424535776,0.38981724759953035,0.08285714285714285,0.06285714285714286,0.08571428571428572,0.2,16.494285714285713,0.08214285714285714,0.0,0.012981755241483825,0.1188385578126786,6.385714285714286,0.004474215470701419,0.008908512889958198,0.15268452928242085,0.07857142857142857,0,0.18697724450124342,0.25663145603624127,5.6947496187100715,0.9524647773648852,0.0,1.0,0.0,0.6,0.4,0.5008948430941402,0.2508948430941403
204,0.9673613512107972,0.5097637017476971,0.9329197776506648,0.5096696945214928,0.26040296497001675,0.5129588418138396,0.7714285714285715,0.39178606819612327,0.41211589899447754,0.10357142857142858,0.6171428571428571,0.378292424535776,0.38981724759953035,0.08285714285714285,0.08571428571428572,0.10285714285714286,0.2,16.55142857142857,0.08214285714285714,0.0,0.01298772593814178,0.11882439155276937,6.385714285714286,0.004339989006580377,0.008642415762409206,0.15260399340394823,0.07857142857142857,0,0.18667021613588003,0.25534829875606,5.683711769193012,0.9334154818175875,0.0,1.0,0.0,0.6,0.4,0.5008679978013161,0.2508679978013161
205,0.9675627566159564,0.5099184393249537,0.9331735798130321,0.5094396013732554,0.26040296497001675,0.5130207523639939,0.7670250896057348,0.39114899145252435,0.4118044408261373,0.1039426523297491,0.6114285714285714,0.378292424535776,0.38981724759953035,0.08285714285714285,0.08,0.1,0.20285714285714285,16.62,0.07885304659498207,0.002857142857142857,0.012993563473910686,0.11881065028065742,6.365591397849462,0.004209789336382965,0.008384233287564102,0.1525258736018298,0.07885304659498207,0,0.18639329434091492,0.2540715572622797,5.670037533809152,0.9147471721812357,0.0,1.0,0.0,0.6,0.4,0.5008419578672766,0.2508419578672766
206,0.966839119848978,0.5092739169257088,0.9325967379330694,0.5090256027269683,0.26040296497001675,0.5129312799731398,0.7491039426523297,0.39114899145252435,0.4118044408261373,0.1039426523297491,0.5971428571428572,0.378292424535776,0.38981724759953035,0.08285714285714285,0.08571428571428572,0.10285714285714286,0.20285714285714285,16.69142857142857,0.07885304659498207,0.0,0.013005635785237191,0.11879732124670879,6.365591397849462,0.004083495656291476,0.008133732043342223,0.15245009739377488,0.07885304659498207,0,0.18600404215492464,0.2528011994759683,5.659493925990112,0.8964522287376109,0.0,1.0,0.0,0.6,0.4,0.5008166991312583,0.2508166991312583
207,0.9679284116211716,0.509126839717581,0.9334650590886177,0.5087506204437526,0.26040296497001675,0.5128109679382892,0.7455197132616488,0.39114899145252435,0.4118044408261373,0.1039426523297491,0.5942857142857143,0.378292424535776,0.38981724759953035,0.08285714285714285,0.07428571428571429,0.09428571428571429,0.20285714285714285,16.754285714285714,0.08243727598566308,0.0,0.01301110677987312,0.11878439208377864,6.365591397849462,0.003960990786602732,0.007890685374348227,0.15237659447196164,0.07885304659498207,0,0.18586822506782108,0.2515371934785885,5.640589761756024,0.8785231841628587,0.0,1.0,0.0,0.6,0.4,0.5007921981573206,0.25079219815732057
208,0.9698499636952975,0.5086986641817043,0.9333394330224727,0.5085669210034556,0.26040296497001675,0.5128056109444001,0.8057553956834532,0.39111756820211085,0.4121619538472304,0.10431654676258993,0.64,0.378292424535776,0.38981724759953035,0.08285714285714285,0.07714285714285714,0.09714285714285714,0.2057142857142857,16.82857142857143,0.08273381294964029,0.002857142857142857,0.013023184026203057,0.11877185079573639,6.330935251798561,0.00384216106300465,0.007654873202690871,0.1523052966378028,0.07913669064748201,0,0.185680883942482,0.25027950751119554,5.624920823663761,0.8609527204796015,0.0,1.0,0.0,0.6,0.4,0.5007684322126009,0.2507684322126009
209,0.9713829088413242,0.5070499997882639,0.9342000860527526,0.5068973324561455,0.26040296497001675,0.5127750336301918,0.776173285198556,0.3913190733263984,0.41315890534576544,0.10469314079422383,0.6142857142857143,0.378292424535776,0.38981724759953035,0.08285714285714285,0.08,0.1,0.20857142857142857,16.897142857142857,0.07942238267148015,0.002857142857142857,0.013042626806569054,0.11875968574633541,6.317689530685921,0.0037268962311145103,0.007426081843671994,0.1522361377386687,0.07942238267148015,0,0.18535219380848386,0.24902810997363956,5.612422407190485,0.8437336660700095,0.0,1.0,0.0,0.6,0.4,0.5007453792462229,0.2507453792462229
210,0.9701083306797607,0.5063917141436508,0.9331913484791721,0.5066118235094261,0.26040296497001675,0.5127124882555165,0.7581227436823105,0.39139127549246344,0.4132130569703142,0.10469314079422383,0.6,0.37834956739291886,0.3898601047423875,0.08285714285714285,0.06857142857142857,0.09428571428571429,0.20857142857142857,16.96,0.07942238267148015,0.0,0.013047650534368682,0.11874788564841644,6.317689530685921,0.003615089344181075,0.007204103826245034,0.15216905360650865,0.07942238267148015,0,0.18539643283944143,0.24778296942377137,5.5944596733323895,0.8309930002586332,0.0,0.9696969696969697,0.0,0.6,0.4,0.5007230178688362,0.2507230178688362
211,0.9688345806949175,0.5065612411624528,0.9321832663483105,0.5062671272701929,0.26040296497001675,0.5126028128392052,0.7833935018050542,0.3914634776585284,0.41326720859486293,0.10469314079422383,0.62,0.3784067102500617,0.3899029618852447,0.08285714285714285,0.06571428571428571,0.08285714285714285,0.20857142857142857,17.017142857142858,0.08303249097472924,0.0,0.013052527579239078,0.11873643955343509,6.317689530685921,0.0035066366638556424,0.006988737718145566,0.15210398199831338,0.07942238267148015,0,0.1853833078181014,0.2734694936859423,5.5654276227228845,0.8339273753267865,0.0,0.9655172413793104,0.0,0.6,0.4,0.5007013273327712,0.2507013273327711
212,0.9684886018193385,0.5072104087025575,0.9319094487810669,0.5064909446022013,0.26040296497001675,0.5125364103570883,0.776173285198556,0.3916078819906584,0.4133755118439604,0.10469314079422383,0.6142857142857143,0.3785209959643474,0.389988676170959,0.08285714285714285,0.07714285714285714,0.09142857142857143,0.20857142857142857,17.071428571428573,0.07942238267148015,0.0,0.013057262105850608,0.11872533684130317,6.317689530685921,0.003401437563939973,0.006779787955592975,0.152040862538364,0.07942238267148015,0,0.1855693927075823,0.2735488436366793,5.545547641696999,0.8212383067133934,0.0,0.96875,0.0,0.6,0.4,0.500680287512788,0.250680287512788
213,0.969334139859087,0.5078988769219919,0.9325786317439533,0.5068622115518666,0.26040296497001675,0.5125988614689823,0.7725631768953068,0.3916078819906584,0.4133755118439604,0.10469314079422383,0.6114285714285714,0.3785209959643474,0.389988676170959,0.08285714285714285,0.08,0.1,0.20857142857142857,17.12,0.07942238267148015,0.0,0.013061858167670817,0.11871456721053518,6.317689530685921,0.0032993944370217736,0.006577064677468769,0.15197963666221306,0.07942238267148015,0,0.18529797502975867,0.2721810994184959,5.534636688863058,0.8048135405791256,0.0,1.0,0.0,0.6,0.4,0.5006598788874044,0.2506598788874044
214,0.9694710935665195,0.5086616203068142,0.9326870208209785,0.5069911799423066,0.26040296497001675,0.5126562985896698,0.7545126353790613,0.39168008415672334,0.4134296634685091,0.10469314079422383,0.5971428571428572,0.3785781388214902,0.3900315333138161,0.08285714285714285,0.08285714285714285,0.10857142857142857,0.20857142857142857,17.177142857142858,0.08303249097472924,0.0,0.013066319709505975,0.11870412066869024,6.317689530685921,0.0032004126039111205,0.006380383563869163,0.15192024756234668,0.07942238267148015,0,0.185884773722467,0.27082019392140344,5.532515383657225,0.8132353518538076,0.0,0.9473684210526315,0.0,0.6,0.4,0.5006400825207822,0.25064008252078224
215,0.9693211530847329,0.50834061488318,0.9325683536396788,0.5064924593959967,0.26040296497001675,0.512824740309144,0.740072202166065,0.3917522863227883,0.41348381509305787,0.10469314079422383,0.5857142857142857,0.37863528167863314,0.3900743904566732,0.08285714285714285,0.08285714285714285,0.1,0.20857142857142857,17.228571428571428,0.08303249097472924,0.0,0.013070650570011886,0.11869398752310063,6.317689530685921,0.0031044002257937867,0.006189565678940356,0.15186264013547626,0.07942238267148015,0,0.185955064139569,0.2694660929517964,5.52186507598408,0.8345204805578902,0.0,0.9714285714285714,0.0,0.6,0.4,0.5006208800451588,0.25062088004515876
216,0.9692994987572753,0.5068953293046549,0.9325512157862339,0.5056051950089349,0.26040296497001675,0.5129131239983814,0.7472924187725631,0.3917522863227883,0.41348381509305787,0.10469314079422383,0.5914285714285714,0.37863528167863314,0.3900743904566732,0.08285714285714285,0.06857142857142857,0.09714285714285714,0.20857142857142857,17.297142857142855,0.07942238267148015,0.0,0.013074854484172211,0.11868415837187873,6.317689530685921,0.003011268219019973,0.006004437317897682,0.151806760931412,0.07942238267148015,0,0.185653431676014,0.2681187624870374,5.508570631607256,0.8178300709467323,0.0,1.0,0.0,0.6,0.4,0.500602253643804,0.250602253643804
217,0.9683565109374624,0.5063572708178047,0.9318049082831249,0.5055117603184818,0.26040296497001675,0.5128781234578131,0.703971119133574,0.3917522863227883,0.41348381509305787,0.10469314079422383,0.5571428571428572,0.37863528167863314,0.3900743904566732,0.08285714285714285,0.08285714285714285,0.09714285714285714,0.20857142857142857,17.34857142857143,0.08303249097472924,0.0,0.01307893508574295,0.11867462409519351,6.317689530685921,0.0029209301724493738,0.005824829858134151,0.15175255810346963,0.07942238267148015,0,0.18523930737477676,0.26677816867460225,5.495542076117968,0.8014734695277976,0.0,1.0,0.0,0.6,0.4,0.5005841860344898,0.2505841860344899
218,0.9674446245678264,0.5063202325824392,0.9310832153562987,0.5056778748600059,0.26040296497001675,0.5129498043464916,0.7545126353790613,0.3917522863227883,0.41348381509305787,0.10469314079422383,0.5971428571428572,0.37863528167863314,0.3900743904566732,0.08285714285714285,0.07428571428571429,0.08571428571428572,0.20857142857142857,17.408571428571427,0.08303249097472924,0.0,0.013082895909661765,0.11866537584680877,6.317689530685921,0.0028333022672758926,0.0056505796143262454,0.15169998136036553,0.07942238267148015,0,0.18496939726647432,0.26544427783122926,5.471345520309894,0.7854440001372417,0.0,1.0,0.0,0.6,0.4,0.5005666604534552,0.25056666045345516
219,0.968023794358899,0.5053213635465479,0.9305789131463452,0.5049074083118668,0.26040296497001675,0.5129110001251367,0.7536231884057971,0.3920772564041963,0.4133916840881005,0.10507246376811594,0.5942857142857143,0.37863528167863314,0.3900743904566732,0.08285714285714285,0.08,0.10285714285714286,0.21142857142857144,17.462857142857143,0.08333333333333333,0.002857142857142857,0.013094402685292616,0.11865640504587563,6.297101449275362,0.0027483031992576157,0.005481527697443478,0.15164898191955456,0.07971014492753623,0,0.1846726931372848,0.2641170564420731,5.464775752760839,0.7697351201344969,0.0,1.0,0.0,0.6,0.4,0.5005496606398515,0.2505496606398515
220,0.9690596043141467,0.5048547198160058,0.9313957232824832,0.5045894618663262,0.26040296497001675,0.5127582685277248,0.7681159420289855,0.3922221839404282,0.41350037974027437,0.10507246376811594,0.6057142857142858,0.3787495673929189,0.3901601047423875,0.08285714285714285,0.06571428571428571,0.08,0.21142857142857144,17.52,0.08333333333333333,0.0,0.013098138902558358,0.11864770336897049,6.297101449275362,0.0026658541032798873,0.005317519877569565,0.15159951246196793,0.07971014492753623,0,0.1846633296715984,0.27981919213716144,5.435480237705622,0.7968838769055641,0.0,0.9642857142857143,0.0,0.6,0.4,0.500533170820656,0.25053317082065596
221,0.967708974422895,0.5052908326051395,0.9302133558970666,0.5054931434477051,0.26040296497001675,0.5125860600874821,0.7527272727272727,0.39314625244827217,0.4142936221396237,0.10545454545454545,0.5914285714285714,0.3787495673929189,0.3901601047423875,0.08285714285714285,0.06571428571428571,0.08,0.21428571428571427,17.557142857142857,0.08,0.002857142857142857,0.009967790528854844,0.1292017025389626,6.290909090909091,0.1026658541032799,0.1856228639758878,0.21159951246196793,0.08,0,0.1843392987375261,0.2784200961764757,5.40677063295151,0.7809461993674528,0.0,1.0,0.0,0.6,0.4,0.520533170820656,0.270533170820656
222,0.9678077402927693,0.5056449021952603,0.930290957651968,0.5060380981538287,0.26040296497001675,0.5122772516256189,0.7672727272727272,0.39314625244827217,0.4142936221396237,0.10545454545454545,0.6028571428571429,0.3787495673929189,0.3901601047423875,0.08285714285714285,0.08,0.09428571428571429,0.21428571428571427,17.617142857142856,0.08,0.0,0.01003281417911735,0.12887664193726486,6.290909090909091,0.0995858784801815,0.18059085797776442,0.2097515270881089,0.08,0,0.18407388867240992,0.2770279956955933,5.392920934578194,0.7653272753801038,0.0,1.0,0.0,0.6,0.4,0.5199171756960363,0.2699171756960363
223,0.9687412842535218,0.505826261681838,0.9310244564782735,0.505827138235934,0.26040296497001675,0.5121406384831517,0.8,0.39314625244827217,0.4142936221396237,0.10545454545454545,0.6285714285714286,0.3787495673929189,0.3901601047423875,0.08285714285714285,0.06571428571428571,0.08,0.21428571428571427,17.665714285714287,0.08,0.0,0.010094906397903596,0.128561333153618,6.290909090909091,0.09659830212577605,0.1756801065889334,0.20795898127546564,0.08,0,0.1837528056576193,0.2756428557171153,5.365062515886629,0.7500207298725017,0.0,1.0,0.0,0.6,0.4,0.5193196604251552,0.2693196604251552
224,0.9687713400639549,0.5068217359939918,0.9310480717578996,0.5065203010697613,0.26040296497001675,0.5120052938875335,0.84,0.39314625244827217,0.4142936221396237,0.10545454545454545,0.66,0.3787495673929189,0.3901601047423875,0.08285714285714285,0.05714285714285714,0.07142857142857142,0.21428571428571427,17.71142857142857,0.08,0.0,0.010156723086757295,0.12825548363348058,6.290909090909091,0.09370035306200276,0.17088856021819543,0.20622021183720166,0.08,0,0.18337647020075976,0.27426464143852974,5.329189836997469,0.7350203152750516,0.0,1.0,0.0,0.6,0.4,0.5187400706124006,0.2687400706124006
225,0.9689171252248792,0.5071396880806825,0.9303332305153419,0.5069918026117367,0.26040296497001675,0.5119322068797596,0.791970802919708,0.3931520377600343,0.4147738376113785,0.10583941605839416,0.62,0.37886385310720455,0.39024581902810185,0.08285714285714285,0.08571428571428572,0.1,0.21714285714285714,17.78,0.07664233576642336,0.002857142857142857,0.010219637813723625,0.12795880959894726,6.2773722627737225,0.09088934247014267,0.16621415063728118,0.2045336054820856,0.08029197080291971,0,0.18391601713547023,0.2728933182313371,5.322606040257519,0.8358605332029417,0.0,0.9428571428571428,0.0,0.6,0.4,0.5181778684940286,0.2681778684940285
226,0.9691668953847691,0.5070975697996475,0.9303388365809072,0.5070199949153518,0.26040296497001675,0.511709737566904,0.7692307692307693,0.3929434975810127,0.41459086565433706,0.10622710622710622,0.6,0.37892099596434736,0.39028867617095897,0.08285714285714285,0.06571428571428571,0.08,0.22,17.83142857142857,0.07692307692307693,0.002857142857142857,0.010291845269590259,0.12767103578545003,6.205128205128205,0.0881626621960384,0.16165479517538206,0.20289759731762302,0.08058608058608059,0,0.1839384384783643,0.2715288516401804,5.296153919452369,0.9820000000000004,0.0,0.9642857142857143,0.0,0.6,0.4,0.5176325324392077,0.2676325324392077
227,0.9704398219712469,0.5083248097275265,0.93133171931836,0.5081035521518571,0.26040296497001675,0.5114583544078456,0.7948717948717948,0.3929434975810127,0.41459086565433706,0.10622710622710622,0.62,0.37892099596434736,0.39028867617095897,0.08285714285714285,0.06571428571428571,0.08,0.22,17.84857142857143,0.07326007326007326,0.0,0.010358005081041781,0.12739189518635755,6.205128205128205,0.08551778233015725,0.1572084006583333,0.20131066939809433,0.08058608058608059,0,0.18358931842882964,0.27017120738197953,5.270230841063321,0.9623600000000003,0.0,1.0,0.0,0.6,0.4,0.5171035564660315,0.26710355646603146
228,0.9704440669418466,0.5081868675068238,0.931335030395428,0.5087053051749802,0.26040296497001675,0.5111501186728461,0.8131868131868132,0.3929434975810127,0.41459086565433706,0.10622710622710622,0.6342857142857142,0.37892099596434736,0.39028867617095897,0.08285714285714285,0.06,0.08285714285714285,0.22,17.9,0.07326007326007326,0.0,0.010418613326970187,0.12712112880523793,6.205128205128205,0.08295224886025253,0.15287286710145354,0.1997713493161515,0.08058608058608059,0,0.18327023183311406,0.26882035134506965,5.247683367099198,0.9431128000000003,0.0,1.0,0.0,0.6,0.4,0.5165904497720505,0.2665904497720505
229,0.969556270925699,0.5076719670970398,0.9306425495028325,0.5079444764717647,0.26040296497001675,0.5108375565238938,0.7728937728937729,0.3929434975810127,0.41459086565433706,0.10622710622710622,0.6028571428571429,0.37892099596434736,0.39028867617095897,0.08285714285714285,0.07142857142857142,0.08857142857142856,0.22,17.96,0.0695970695970696,0.0,0.010478700149410124,0.12685848541555195,6.205128205128205,0.08046368139444494,0.1486460911651306,0.19827820883666697,0.08058608058608059,0,0.1830095985275199,0.2674762495883443,5.231301128328643,0.9242505440000003,0.0,1.0,0.0,0.6,0.4,0.516092736278889,0.26609273627888896
230,0.9690053342567108,0.5078720577674168,0.930212818901022,0.5079426107363532,0.26040296497001675,0.5104743967929515,0.7765567765567766,0.3929434975810127,0.41459086565433706,0.10622710622710622,0.6057142857142858,0.37892099596434736,0.39028867617095897,0.08285714285714285,0.045714285714285714,0.06285714285714286,0.22,18.005714285714287,0.0695970695970696,0.0,0.010538225870170163,0.1266037213275565,6.205128205128205,0.07804977095261159,0.14452596938226991,0.19682986257156695,0.08058608058608059,0,0.18252255124916805,0.2661388683404026,5.189532248619212,0.9057655331200002,0.0,1.0,0.0,0.6,0.4,0.5156099541905224,0.2656099541905223
231,0.9708763219609703,0.5080973074525675,0.9311956781952202,0.5082481731011843,0.26040296497001675,0.5102152378581503,0.7977941176470589,0.39222375667575965,0.41438422182842394,0.10661764705882353,0.62,0.37897813882149034,0.39033153331381615,0.08285714285714285,0.06,0.08571428571428572,0.22285714285714286,18.048571428571428,0.0661764705882353,0.002857142857142857,0.010599129798820684,0.12635660016220093,6.169117647058823,0.07570827782403323,0.1405104011667173,0.19542496669441994,0.08088235294117647,0,0.1827799392072079,0.2648081739987006,5.171455889361114,0.904109102048958,0.0,0.9666666666666667,0.0,0.6,0.4,0.5151416555648066,0.2651416555648066
232,0.9705528905751095,0.5078856742339329,0.9309443258039227,0.5077335954019574,0.26040296497001675,0.510089059393435,0.7867647058823529,0.3923708154992891,0.414494515946071,0.10661764705882353,0.6114285714285714,0.3790924245357761,0.3904172475995304,0.08285714285714285,0.07428571428571429,0.09714285714285714,0.22285714285714286,18.102857142857143,0.0661764705882353,0.0,0.010663399358337173,0.126116892631806,6.169117647058823,0.07343702948931223,0.1365972916117163,0.19406221769358734,0.08088235294117647,0,0.1837513252254576,0.2634841331287071,5.165169628716748,0.8927162882026125,0.0,0.9117647058823529,0.0,0.6,0.4,0.5146874058978624,0.26468740589786244
233,0.969586526635121,0.5084848963426891,0.93019332297056,0.5080422008209494,0.26040296497001675,0.5098172339066049,0.7573529411764706,0.3923708154992891,0.414494515946071,0.10661764705882353,0.5885714285714285,0.3790924245357761,0.3904172475995304,0.08285714285714285,0.06857142857142857,0.09142857142857143,0.22285714285714286,18.14857142857143,0.0661764705882353,0.0,0.010721182654375357,0.12588437632732294,6.169117647058823,0.07123391860463286,0.13278455408737522,0.1927403511627797,0.08088235294117647,0,0.18337528288504457,0.26216671246306356,5.153294807570985,0.8748619624385602,0.0,1.0,0.0,0.6,0.4,0.5142467837209266,0.2642467837209266
234,0.9693741820903199,0.5078746085818588,0.9300283009243144,0.5077187173705694,0.26040296497001675,0.5097017821827934,0.8235294117647058,0.3924443449110538,0.41454966300489454,0.10661764705882353,0.64,0.3791495673929189,0.39046010474238757,0.08285714285714285,0.08857142857142856,0.09714285714285714,0.22285714285714286,18.21142857142857,0.0661764705882353,0.0,0.010778271247054187,0.12565883551197435,6.169117647058823,0.06909690104649388,0.12907011264601032,0.19145814062789632,0.08088235294117647,0,0.18345783575633368,0.26085587890074824,5.147371768562421,0.8733713535642996,0.0,0.9705882352941176,0.0,0.6,0.4,0.5138193802092987,0.2638193802092988
235,0.9714236739152611,0.5079597998376983,0.9316210488568403,0.5077376955507527,0.26040296497001675,0.5094852255507659,0.8088235294117647,0.3927384625581126,0.4147702512401887,0.10661764705882353,0.6285714285714286,0.3793781388214903,0.39063153331381606,0.08285714285714285,0.06857142857142857,0.08571428571428572,0.22285714285714286,18.248571428571427,0.0661764705882353,0.0,0.010834638788877513,0.1254400609210862,6.169117647058823,0.06702399401509906,0.12545190424408792,0.19021439640905943,0.08088235294117647,0,0.18394026086326626,0.25955159950624446,5.130138618905459,0.9242505440000003,0.0,0.9333333333333333,0.0,0.6,0.4,0.5134047988030198,0.2634047988030198
236,0.9712882784590531,0.508205927062757,0.9315158272451588,0.5082871407154955,0.26040296497001675,0.509213643905685,0.7757352941176471,0.3927384625581126,0.4147702512401887,0.10661764705882353,0.6028571428571429,0.3793781388214903,0.39063153331381606,0.08285714285714285,0.06857142857142857,0.09142857142857143,0.22285714285714286,18.28857142857143,0.0661764705882353,0.0,0.010890261383363924,0.12522784956792476,6.169117647058823,0.06501327419464609,0.12192788078932892,0.18900796451678764,0.08088235294117647,0,0.18356313098752136,0.2582538415087132,5.118964417955921,0.9057655331200002,0.0,1.0,0.0,0.6,0.4,0.5130026548389293,0.2630026548389292
237,0.9723645398448092,0.5074565905609122,0.9323522360935179,0.507501594991545,0.26040296497001675,0.5088872369321203,0.7794117647058824,0.3928119919698773,0.4148253982990122,0.10661764705882353,0.6057142857142858,0.3794352816786331,0.39067439045667324,0.08285714285714285,0.07428571428571429,0.10285714285714286,0.22285714285714286,18.334285714285713,0.0661764705882353,0.0,0.010945117498540607,0.1250220045553581,6.169117647058823,0.0630628759688067,0.11849601102135776,0.18783772558128403,0.08088235294117647,0,0.1837870324718695,0.2569625723011697,5.119442272453946,0.9039207967999998,0.0,0.9722222222222222,0.0,0.6,0.4,0.5126125751937614,0.26261257519376136
238,0.9718596328001547,0.5078502447659192,0.9319598511902434,0.5081945918164286,0.26040296497001675,0.508515070652573,0.7647058823529411,0.3928119919698773,0.4148253982990122,0.10661764705882353,0.5942857142857143,0.3794352816786331,0.39067439045667324,0.08285714285714285,0.06285714285714286,0.08571428571428572,0.22285714285714286,18.39142857142857,0.0625,0.0,0.010999187877937541,0.1248223348931685,6.169117647058823,0.0611709896897425,0.11515428223408042,0.1867025938138455,0.08088235294117647,0,0.1833538115952244,0.2556777594396638,5.102767712719152,0.8858423808639998,0.0,1.0,0.0,0.6,0.4,0.5122341979379486,0.2622341979379485
239,0.9722469923518221,0.5068040200430867,0.9322608848989677,0.5077586930023611,0.26040296497001675,0.5081829194504579,0.7573529411764706,0.3928119919698773,0.4148253982990122,0.10661764705882353,0.5885714285714285,0.3794352816786331,0.39067439045667324,0.08285714285714285,0.08,0.1,0.22285714285714286,18.457142857142856,0.0661764705882353,0.0,0.011052455449787606,0.12462865532084455,6.169117647058823,0.05933585999905022,0.11190070184776524,0.18560151599943012,0.08088235294117647,0,0.18306518539439115,0.2543993706424655,5.10071235846477,0.8681255332467198,0.0,1.0,0.0,0.6,0.4,0.51186717199981,0.26186717199981
240,0.9722452458211505,0.5076200178335748,0.9322595275951314,0.5085701197891378,0.26040296497001675,0.5078529459289963,0.8051470588235294,0.3928119919698773,0.4148253982990122,0.10661764705882353,0.6257142857142857,0.3794352816786331,0.39067439045667324,0.08285714285714285,0.07142857142857142,0.09428571428571429,0.22285714285714286,18.517142857142858,0.06985294117647059,0.0,0.011104905235071441,0.12444078613569033,6.169117647058823,0.05755578419907871,0.10873329883857896,0.1845334705194472,0.08088235294117647,0,0.1826925737531335,0.25312737378925315,5.092983825581188,0.8507630225817854,0.0,1.0,0.0,0.6,0.4,0.5115111568398157,0.26151115683981574
241,0.9711739588456488,0.5091976317092028,0.9314269845741701,0.5099297645722619,0.26040296497001675,0.5074835039301848,0.8198529411764706,0.3929590507934067,0.4149356924166593,0.10661764705882353,0.6371428571428571,0.37954956739291884,0.39076010474238754,0.08285714285714285,0.07142857142857142,0.08857142857142856,0.22285714285714286,18.562857142857144,0.0661764705882353,0.0,0.011156524254982467,0.12425855302609069,6.169117647058823,0.05582911067310635,0.1056501250330999,0.1834974664038638,0.08088235294117647,0,0.18269325374151066,0.25186173692030694,5.079695577640993,0.8375221767209193,0.0,0.967741935483871,0.0,0.6,0.4,0.5111658221346213,0.26116582213462125
242,0.9697630805660149,0.5089282530383702,0.9303305305968547,0.5097220652305017,0.26040296497001675,0.5073517946450795,0.7720588235294118,0.39303258020517146,0.4149908394754828,0.10661764705882353,0.6,0.37960671025006165,0.3908029618852447,0.08285714285714285,0.06857142857142857,0.08285714285714285,0.22285714285714286,18.605714285714285,0.06985294117647059,0.0,0.011207301438327273,0.12408178690977913,6.169117647058823,0.05415423735291316,0.1026492562750918,0.1824925424117479,0.08088235294117647,0,0.1826937874728031,0.2506024282357054,5.0609588089453155,0.8554684162140452,0.0,0.9655172413793104,0.0,0.6,0.4,0.5108308474705826,0.2608308474705826
243,0.9702101003391514,0.5083660067218511,0.9306779288205494,0.5093007695651922,0.26040296497001675,0.5071893750712871,0.8088235294117647,0.39325316844046554,0.41515628065195337,0.10661764705882353,0.6285714285714286,0.37977813882149025,0.3909315333138161,0.08285714285714285,0.07428571428571429,0.1,0.22285714285714286,18.654285714285713,0.06985294117647059,0.0,0.011257227529320105,0.12391032377695688,6.169117647058823,0.05252961023232576,0.0997287934715827,0.18151776613939546,0.08088235294117647,0,0.18337860781758195,0.24934941609452685,5.0597396327664095,0.8516959687643104,0.0,0.9428571428571428,0.0,0.6,0.4,0.5105059220464652,0.26050592204646517
244,0.970423479907809,0.5073114886705983,0.9308437552281918,0.5081875606130123,0.26040296497001675,0.5070753151321308,0.8014705882352942,0.39332669785223023,0.4152114277107769,0.10661764705882353,0.6228571428571429,0.3798352816786331,0.3909743904566732,0.08285714285714285,0.08,0.1,0.22285714285714286,18.69142857142857,0.06985294117647059,0.0,0.011306294996177076,0.12374400453811928,6.169117647058823,0.05095372192535599,0.09688686352504317,0.1805722331552136,0.08088235294117647,0,0.18337600049277974,0.2481026690140542,5.058544840111081,0.8489097795806492,0.0,0.9714285714285714,0.0,0.6,0.4,0.5101907443850712,0.26019074438507117
245,0.9696033807760756,0.50717830236541,0.9302064210458163,0.5076998558478596,0.26040296497001675,0.5069598244577999,0.7830882352941176,0.39340022726399493,0.41526657476960044,0.10661764705882353,0.6085714285714285,0.379892424535776,0.3910172475995304,0.08285714285714285,0.06285714285714286,0.08,0.22285714285714286,18.734285714285715,0.06985294117647059,0.0,0.01135449794086633,0.12358267487644682,6.169117647058823,0.04942511026759531,0.09412162015821623,0.17965506616055718,0.08088235294117647,0,0.18385826477603015,0.24686215566898395,5.037373943308859,0.8875918388006081,0.0,0.9285714285714286,0.0,0.6,0.4,0.509885022053519,0.25988502205351904
246,0.9717621138379237,0.5058741395178732,0.9318840650253095,0.5069902629610239,0.26040296497001675,0.5068436730375961,0.8125,0.39340022726399493,0.41526657476960044,0.10661764705882353,0.6314285714285715,0.379892424535776,0.3910172475995304,0.08285714285714285,0.06857142857142857,0.08571428571428572,0.22285714285714286,18.765714285714285,0.06985294117647059,0.0,0.011401832010324282,0.12342618510462454,6.169117647058823,0.047942356959567445,0.09143124463789898,0.17876541417574046,0.08088235294117647,0,0.18359511702357859,0.24562784489063902,5.0223407501569675,0.8698400020245959,0.0,1.0,0.0,0.6,0.4,0.5095884713919134,0.2595884713919135
247,0.970624715918683,0.5069535635993623,0.9310001443566426,0.5074418211789997,0.26040296497001675,0.5067470414652584,0.7830882352941176,0.39340022726399493,0.41526657476960044,0.10661764705882353,0.6085714285714285,0.379892424535776,0.3910172475995304,0.08285714285714285,0.06857142857142857,0.08857142857142856,0.22285714285714286,18.8,0.0661764705882353,0.0,0.011448294309405707,0.1232743900259569,6.169117647058823,0.04650408625078042,0.08881394640373375,0.17790245175046823,0.08088235294117647,0,0.18324814143846063,0.2443997056661858,5.010465363725257,0.852443201984104,0.0,1.0,0.0,0.6,0.4,0.5093008172501561,0.2593008172501561
248,0.970086733133886,0.5053506147985061,0.9305820548781717,0.506305439374248,0.26040296497001675,0.506749468093507,0.8235294117647058,0.3934737566757596,0.4153217218284239,0.10661764705882353,0.64,0.3799495673929189,0.3910601047423875,0.08285714285714285,0.06285714285714286,0.09714285714285714,0.22285714285714286,18.84285714285714,0.06985294117647059,0.0,0.011493883315796061,0.12312714879964928,6.169117647058823,0.04510896366325701,0.08626796360781619,0.1770653781979542,0.08088235294117647,0,0.1833600435884112,0.2477880920073147,5.007398913593609,0.8582709025828518,0.0,0.9705882352941176,0.0,0.6,0.4,0.5090217927326514,0.2590217927326514
249,0.9714888177853593,0.5056871300525495,0.931671674950174,0.5063838364669246,0.26040296497001675,0.5067764316878367,0.8088235294117647,0.3934737566757596,0.4153217218284239,0.10661764705882353,0.6285714285714286,0.3799495673929189,0.3910601047423875,0.08285714285714285,0.07142857142857142,0.09142857142857143,0.22285714285714286,18.885714285714286,0.06985294117647059,0.0,0.011538598797078593,0.12298432481013097,6.169117647058823,0.043755694753359296,0.08379156357069062,0.17625341685201557,0.08088235294117647,0,0.1829858147990406,0.24654915154727813,4.998679506750308,0.8411054845311947,0.0,1.0,0.0,0.6,0.4,0.5087511389506718,0.25875113895067187
250,0.9707641218537201,0.5044315222761816,0.9310198924004015,0.5058626145566357,0.26040296497001675,0.5068422535193325,0.7749077490774908,0.39394502816546273,0.4144431664495717,0.1070110701107011,0.6,0.3799495673929189,0.3910601047423875,0.08285714285714285,0.07714285714285714,0.09428571428571429,0.2257142857142857,18.94,0.06642066420664207,0.002857142857142857,0.011582753254603399,0.12284578554029808,6.154981549815498,0.042443023910758514,0.08138304315905875,0.1754658143464551,0.08118081180811808,0,0.18267045715361682,0.24531640578954172,4.992991630901016,0.8242833748405709,0.0,1.0,0.0,0.6,0.4,0.5084886047821517,0.2584886047821517
251,0.9692702666767993,0.5036380167402323,0.9298632216776997,0.5053009658437905,0.26040296497001675,0.506747636812966,0.7822878228782287,0.39394502816546273,0.4144431664495717,0.1070110701107011,0.6057142857142858,0.3799495673929189,0.3910601047423875,0.08285714285714285,0.04857142857142857,0.06857142857142857,0.2257142857142857,18.997142857142858,0.07380073800738007,0.0,0.011631298963445539,0.12271140244856028,6.154981549815498,0.04116973319343576,0.07904072909029669,0.17470183991606145,0.08118081180811808,0,0.1822425334392773,0.24408982376059402,4.961703226854424,0.8077977073437594,0.0,1.0,0.0,0.6,0.4,0.5082339466386872,0.25823394663868715
252,0.9688203156216987,0.5033255742665426,0.9295148310036078,0.5047954039178303,0.26040296497001675,0.5066856517565737,0.8191881918819188,0.39409262964147745,0.41455386755658274,0.1070110701107011,0.6342857142857142,0.3800638531072046,0.39114581902810186,0.08285714285714285,0.06285714285714286,0.07428571428571429,0.2257142857142857,19.04,0.07380073800738007,0.0,0.01167346102795458,0.12258105084957463,6.154981549815498,0.03993464119763269,0.07676297816864242,0.17396078471857962,0.08118081180811808,0,0.1823306064863666,0.26439331934531335,4.93675487660305,0.8023654963635712,0.0,0.9615384615384616,0.0,0.6,0.4,0.5079869282395265,0.2579869282395265
253,0.9700931396725572,0.5034979505398387,0.9305003604829869,0.5049105333553825,0.26040296497001675,0.5066681342205925,0.8339483394833949,0.39409262964147745,0.41455386755658274,0.1070110701107011,0.6457142857142857,0.3800638531072046,0.39114581902810186,0.08285714285714285,0.06285714285714286,0.08285714285714285,0.2257142857142857,19.071428571428573,0.07380073800738007,0.0,0.011714758650130174,0.12245460979855843,6.154981549815498,0.038736601961703705,0.07454817745769149,0.17324196117702223,0.08118081180811808,0,0.1819898105967919,0.2630713527485868,4.920876921928132,0.7863181864362998,0.0,1.0,0.0,0.6,0.4,0.5077473203923407,0.2577473203923407
254,0.9741515378941363,0.504267757544002,0.9315236254698639,0.5047937215332503,0.26040296497001675,0.5065773159415914,0.8029739776951673,0.3949018539644545,0.413205351587741,0.10780669144981413,0.6171428571428571,0.38017813882149026,0.39123153331381605,0.08285714285714285,0.06857142857142857,0.08571428571428572,0.23142857142857143,19.117142857142856,0.06319702602230483,0.005714285714285714,0.011787586751107686,0.12233196197907283,6.0,0.03757450390285259,0.07239474439361815,0.17254470234171154,0.08178438661710037,0,0.18256471940095084,0.26627063952004304,4.908173669203855,0.8019789095979548,0.0,0.9333333333333333,0.0,0.6,0.4,0.5075149007805705,0.25751490078057054
255,0.9735870037558999,0.5054508412432542,0.9310897406607626,0.5057387194452031,0.26040296497001675,0.5066697863894487,0.8364312267657993,0.39497620340683365,0.41326111366952534,0.10780669144981413,0.6428571428571429,0.3802352816786332,0.3912743904566733,0.08285714285714285,0.06285714285714286,0.08,0.23142857142857143,19.165714285714287,0.06691449814126393,0.0,0.011837776737213219,0.12221299359417179,6.0,0.03644726878576701,0.07030112684332634,0.1718683612714602,0.08178438661710037,0,0.18259446723251752,0.2649392863224428,4.8900101958197775,0.7973216554770597,0.0,0.9642857142857143,0.0,0.6,0.4,0.5072894537571534,0.2572894537571534
256,0.9734469285624278,0.5049542776381928,0.9309820828692081,0.5052564170912568,0.26040296497001675,0.5068533629395685,0.7843866171003717,0.3950505528492128,0.41331687575130976,0.10780669144981413,0.6028571428571429,0.380292424535776,0.39131724759953046,0.08285714285714285,0.04857142857142857,0.06571428571428571,0.23142857142857143,19.2,0.05947955390334572,0.0,0.011876901852864247,0.12209759426081777,6.0,0.035353850722194,0.06826580311152597,0.1712123104333164,0.08178438661710037,0,0.18253849489635493,0.2636145898908306,4.857924277617668,0.7863181864362998,0.0,0.9565217391304348,0.0,0.6,0.4,0.5070707701444388,0.2570707701444388
257,0.9741670616252287,0.5062762845333582,0.9309173073524625,0.505891057669927,0.26040296497001675,0.5070300650801427,0.7873134328358209,0.3961942151821798,0.41449458104873,0.10820895522388059,0.6028571428571429,0.3804067102500617,0.39140296188524465,0.08285714285714285,0.05714285714285714,0.07428571428571429,0.2342857142857143,19.228571428571428,0.05970149253731343,0.002857142857142857,0.011928765576678206,0.12198565690746428,5.917910447761194,0.034293235200528176,0.06628728190052913,0.1705759411203169,0.08208955223880597,0,0.1825963745647303,0.26229651694137646,4.835051506351029,0.7851762404159247,0.0,0.9615384615384616,0.0,0.6,0.4,0.5068586470401056,0.25685864704010564
258,0.9747169757590578,0.5061725531237505,0.9311415543741259,0.5062961118419714,0.26040296497001675,0.5071239733990647,0.8426966292134831,0.3960799711258798,0.41489309078944425,0.11235955056179775,0.6428571428571429,0.3805781388214902,0.3915315333138161,0.08571428571428572,0.06857142857142857,0.08,0.23714285714285716,19.297142857142855,0.056179775280898875,0.002857142857142857,0.011975496676966745,0.1218770776747115,5.910112359550562,0.033264438144512326,0.06436410222636424,0.16995866288670738,0.07865168539325842,0,0.18308282126333522,0.2778281392221511,4.8183504762240075,0.9281313440000012,0.0,0.9285714285714286,0.0,0.6,0.4,0.5066528876289025,0.2566528876289025
259,0.9755885923785156,0.5066094039585508,0.9318064733381124,0.5069454951372664,0.26040296497001675,0.5072308651707834,0.8352059925093633,0.39615487749292094,0.4149492705647252,0.11235955056179775,0.6371428571428571,0.38063528167863314,0.39157439045667325,0.08571428571428572,0.05714285714285714,0.07142857142857142,0.23714285714285716,19.32,0.056179775280898875,0.0,0.012016322572214723,0.12177175581894126,5.910112359550562,0.03226650500017696,0.06249483329462158,0.16935990300010617,0.07865168539325842,0,0.18308140715701854,0.27643899852604037,4.793412038128099,0.9741884493441947,0.0,0.96,0.0,0.6,0.4,0.5064533010000354,0.2564533010000354
260,0.9762846246159302,0.507768480467635,0.9323374465020831,0.5083865715916669,0.26040296497001675,0.5073455833278138,0.7790262172284644,0.39615487749292094,0.4149492705647252,0.11235955056179775,0.5942857142857143,0.38063528167863314,0.39157439045667325,0.08571428571428572,0.05714285714285714,0.06857142857142857,0.23714285714285716,19.35142857142857,0.056179775280898875,0.0,0.012052318307380312,0.12166959361884414,5.910112359550562,0.031298509850171644,0.06067807433925587,0.16877910591010298,0.07865168539325842,0,0.18265142869266202,0.27505680353341017,4.766115225936965,0.9547046803573108,0.0,1.0,0.0,0.6,0.4,0.5062597019700343,0.25625970197003434
261,0.9755970254702596,0.5089177477576436,0.9318129065823856,0.509170951101126,0.26040296497001675,0.5073933128429986,0.8389513108614233,0.39615487749292094,0.4149492705647252,0.11235955056179775,0.64,0.38063528167863314,0.39157439045667325,0.08571428571428572,0.04285714285714286,0.054285714285714284,0.23714285714285716,19.38,0.056179775280898875,0.0,0.012087496819609482,0.12157049628474995,5.910112359550562,0.030359554554666494,0.058912454427401895,0.16821573273279988,0.07865168539325842,0,0.18213802869205584,0.2736815195157431,4.72507863570394,0.9356105867501645,0.0,1.0,0.0,0.6,0.4,0.5060719109109333,0.2560719109109333
262,0.9745317832409989,0.5089591767397024,0.9310002789389211,0.5089514584750352,0.26040296497001675,0.5076725185512033,0.797752808988764,0.3963046902270034,0.415061630115287,0.11235955056179775,0.6085714285714285,0.3807495673929188,0.3916601047423875,0.08571428571428572,0.06,0.06857142857142857,0.23714285714285716,19.402857142857144,0.052434456928838954,0.0,0.012121868501519927,0.12147437187067854,5.910112359550562,0.0294487679180265,0.05719663223308802,0.1676692607508159,0.07865168539325842,0,0.1820841956914527,0.2723131119181644,4.6991484915612896,1.0033696578951592,0.0,0.9583333333333334,0.0,0.6,0.4,0.5058897535836053,0.25588975358360533
263,0.9729710347610299,0.5091628932570098,0.9298096508127736,0.5089019532389195,0.26040296497001675,0.5079079222622499,0.7640449438202247,0.3963046902270034,0.415061630115287,0.11235955056179775,0.5828571428571429,0.3807495673929188,0.3916601047423875,0.08571428571428572,0.06571428571428571,0.07428571428571429,0.23714285714285716,19.431428571428572,0.056179775280898875,0.0,0.012155444150069486,0.1213811311890293,5.910112359550562,0.028565304880485705,0.05552929578256993,0.1671391829282914,0.07865168539325842,0,0.18180092113799545,0.2709515463585736,4.679451236015779,0.9833022647372559,0.0,1.0,0.0,0.6,0.4,0.5057130609760971,0.25571306097609714
264,0.9721207733522336,0.5089733986793274,0.9291610228237771,0.5085920325508503,0.26040296497001675,0.5080720347349194,0.8352059925093633,0.3963046902270034,0.415061630115287,0.11235955056179775,0.6371428571428571,0.3807495673929188,0.3916601047423875,0.08571428571428572,0.04857142857142857,0.06,0.23714285714285716,19.462857142857143,0.052434456928838954,0.0,0.012188234922039416,0.12129068772782954,5.910112359550562,0.027708345734071133,0.05390916217385344,0.16662500744044267,0.07865168539325842,0,0.18174863153230547,0.2695967886267807,4.645862211295462,0.9636362194425108,0.0,0.9523809523809523,0.0,0.6,0.4,0.5055416691468142,0.2555416691468142
265,0.9734580614574035,0.5097280163056697,0.9301811826068641,0.5091018629776612,0.26040296497001675,0.5082929288280541,0.7790262172284644,0.3964545029610858,0.41517398966584873,0.11235955056179775,0.5942857142857143,0.3808638531072045,0.3917458190281018,0.08571428571428572,0.06857142857142857,0.07714285714285714,0.23714285714285716,19.482857142857142,0.052434456928838954,0.0,0.012220252291950427,0.12120295757046579,5.910112359550562,0.026877095362049,0.052334977272824657,0.1661262572172294,0.07865168539325842,0,0.1822393169460725,0.2741417978406033,4.630087824212411,0.9878618578996121,0.0,0.9259259259259259,0.0,0.6,0.4,0.5053754190724098,0.2553754190724098
266,0.9739376883886871,0.5093878368320683,0.9305470694373006,0.5087563143287656,0.26040296497001675,0.508532050146965,0.797752808988764,0.3964545029610858,0.41517398966584873,0.11235955056179775,0.6085714285714285,0.3808638531072045,0.3917458190281018,0.08571428571428572,0.06571428571428571,0.08,0.23714285714285716,19.517142857142858,0.052434456928838954,0.0,0.01225150801233882,0.12111785931782287,5.910112359550562,0.026070782501187526,0.05080551538826483,0.1656424695007125,0.07865168539325842,0,0.18184212036134215,0.2727710888514003,4.617486067728162,0.9681046207416198,0.0,1.0,0.0,0.6,0.4,0.5052141565002375,0.2552141565002375
267,0.9736370876439127,0.5087228227883315,0.9303177540120012,0.5081327791903152,0.26040296497001675,0.5086940859286899,0.797752808988764,0.39652940932812697,0.41523016944112967,0.11235955056179775,0.6085714285714285,0.3809209959643474,0.3917886761709589,0.08571428571428572,0.05142857142857143,0.06,0.23714285714285716,19.52857142857143,0.052434456928838954,0.0,0.012282014076317307,0.12103531401275935,5.910112359550562,0.025288659026151898,0.04931957892788941,0.16517319541569114,0.07865168539325842,0,0.181761338330964,0.27140723340714323,4.585136346373599,0.9604934280523729,0.0,0.9523809523809523,0.0,0.6,0.4,0.5050577318052304,0.2550577318052304
268,0.9738069807510072,0.5084709552028789,0.9304473581822705,0.507742032505394,0.26040296497001675,0.5089154205635997,0.797752808988764,0.3967541284292505,0.4153987087669724,0.11235955056179775,0.6085714285714285,0.38109242453577596,0.3919172475995304,0.08571428571428572,0.06571428571428571,0.07142857142857142,0.23714285714285716,19.562857142857144,0.052434456928838954,0.0,0.012311782682342955,0.12095524506684764,5.910112359550562,0.024529999255367342,0.04787599803742004,0.1647179995532204,0.07865168539325842,0,0.18216653163930918,0.27005019724010754,4.564862190874698,0.9820000000000004,0.0,0.92,0.0,0.6,0.4,0.5049059998510734,0.2549059998510735
269,0.9752667280646695,0.508641931226456,0.9309048735101223,0.5075808725405538,0.26040296497001675,0.5090411238260174,0.8120300751879699,0.39721331741331756,0.41436042065951995,0.11278195488721804,0.6171428571428571,0.38109242453577596,0.3919172475995304,0.08571428571428572,0.06,0.06857142857142857,0.24,19.588571428571427,0.04887218045112782,0.002857142857142857,0.012361566805150156,0.12087757818931334,5.7443609022556394,0.023794099277706322,0.04647363022457851,0.1642764595666238,0.07894736842105263,0,0.18171227112396976,0.268699946253907,4.542136375628632,0.9623600000000003,0.0,1.0,0.0,0.6,0.4,0.5047588198555413,0.2547588198555413
270,0.9758372802280235,0.5086176005183128,0.9313384931542714,0.5078920545660528,0.26040296497001675,0.509032096091092,0.8308270676691729,0.39751406929301686,0.4145859845692944,0.11278195488721804,0.6314285714285715,0.3813209959643474,0.39208867617095894,0.08571428571428572,0.06285714285714286,0.06571428571428571,0.24,19.617142857142856,0.045112781954887216,0.0,0.012407838411625528,0.12080224131810506,5.7443609022556394,0.023080276299375133,0.045111359969765674,0.16384816577962508,0.07894736842105263,0,0.18257414119334991,0.28219282668367496,4.517007933830346,0.9702282718811421,0.0,0.8695652173913043,0.0,0.6,0.4,0.5046160552598751,0.254616055259875
271,0.9764465302411759,0.5086327279751748,0.9318015231642672,0.5075977586876195,0.26040296497001675,0.5089883998273358,0.8195488721804511,0.39781482117271605,0.41481154847906876,0.11278195488721804,0.6228571428571429,0.38154956739291884,0.39226010474238754,0.08571428571428572,0.05714285714285714,0.06571428571428571,0.24,19.64857142857143,0.045112781954887216,0.0,0.01243569287458711,0.12072916455303305,5.7443609022556394,0.02238786801039388,0.04378809832508257,0.16343272080623633,0.07894736842105263,0,0.18303170048738318,0.2832167096051998,4.4923820608680245,1.0079992609856132,0.0,0.9130434782608695,0.0,0.6,0.4,0.5044775736020788,0.2544775736020788
272,0.974836642379183,0.5094103366306157,0.9305780083891526,0.5084813256975761,0.26040296497001675,0.5087909684622465,0.8458646616541353,0.39781482117271605,0.41481154847906876,0.11278195488721804,0.6428571428571429,0.38154956739291884,0.39226010474238754,0.08571428571428572,0.045714285714285714,0.04857142857142857,0.24,19.67142857142857,0.045112781954887216,0.0,0.012462854379577493,0.12065828009091312,5.7443609022556394,0.021716231970082062,0.04250278250323991,0.16302973918204924,0.07894736842105263,0,0.18254454269923198,0.28180062605717376,4.451105848222093,0.9878392757659009,0.0,1.0,0.0,0.6,0.4,0.5043432463940164,0.2543432463940164
273,0.9744306526912029,0.5094344844565989,0.9302694562262878,0.5084765800555662,0.26040296497001675,0.5086292110630297,0.8157894736842105,0.39781482117271605,0.41481154847906876,0.11278195488721804,0.62,0.38154956739291884,0.39226010474238754,0.08571428571428572,0.06,0.07142857142857142,0.24,19.694285714285716,0.045112781954887216,0.0,0.012489335810625325,0.12058952216265686,5.7443609022556394,0.0210647450109796,0.04125437545780075,0.16263884700658776,0.07894736842105263,0,0.18220239212859293,0.2803916229268879,4.433512302686222,0.9680824902505828,0.0,1.0,0.0,0.6,0.4,0.5042129490021959,0.25421294900219593
274,0.9745037022019835,0.5087302111849497,0.930324973854481,0.5081301186096836,0.26040296497001675,0.5084676860130418,0.7894736842105263,0.3979651971125657,0.414924330433956,0.11278195488721804,0.6,0.3816638531072045,0.39234581902810184,0.08571428571428572,0.06,0.06857142857142857,0.24,19.725714285714286,0.045112781954887216,0.0,0.012515150087207182,0.12052282697224828,5.7443609022556394,0.02043280266065021,0.040041865456103776,0.16225968159639012,0.07894736842105263,0,0.18220552302509285,0.2789896648122535,4.413413485203926,0.9698441241472477,0.0,0.9583333333333334,0.0,0.6,0.4,0.5040865605321301,0.25408656053213
275,0.9739685355620876,0.5095990725220072,0.9299182472081602,0.5084657800446226,0.26040296497001675,0.5082761968189676,0.7744360902255639,0.3979651971125657,0.414924330433956,0.11278195488721804,0.5885714285714285,0.3816638531072045,0.39234581902810184,0.08571428571428572,0.06571428571428571,0.07428571428571429,0.24,19.76,0.045112781954887216,0.0,0.01254031014209018,0.12045813263755195,5.7443609022556394,0.019819818580830706,0.038864265646124774,0.16189189114849842,0.07894736842105263,0,0.18186450253498523,0.27759471648819223,4.399430929785562,0.9504472416643027,0.0,1.0,0.0,0.6,0.4,0.5039639637161661,0.25396396371616614
276,0.9753717106685986,0.5105474285167461,0.9309846602891085,0.5088269836904808,0.26040296497001675,0.5080379857532482,0.8195488721804511,0.3979651971125657,0.414924330433956,0.11278195488721804,0.6228571428571429,0.3816638531072045,0.39234581902810184,0.08571428571428572,0.06285714285714286,0.07142857142857142,0.24,19.797142857142855,0.045112781954887216,0.0,0.012564828900762564,0.12039537913289647,5.7443609022556394,0.019225224023405783,0.037720613618443255,0.16153513441404346,0.07894736842105263,0,0.1813266085937389,0.27620674290575126,4.3828708826184215,0.9314382968310166,0.0,1.0,0.0,0.6,0.4,0.5038450448046812,0.2538450448046812
277,0.9739204365162416,0.5098770971084113,0.9298816919333172,0.5087113916844038,0.26040296497001675,0.5078553257050241,0.7969924812030075,0.3979651971125657,0.414924330433956,0.11278195488721804,0.6057142857142858,0.3816638531072045,0.39234581902810184,0.08571428571428572,0.06571428571428571,0.07428571428571429,0.24,19.84285714285714,0.045112781954887216,0.0,0.012588719262376837,0.12033450823338067,5.7443609022556394,0.01864846730270361,0.036609970964401994,0.16118908038162216,0.07894736842105263,0,0.18096211912219878,0.2748257091912225,4.369499179251767,0.9128095308943963,0.0,1.0,0.0,0.6,0.4,0.5037296934605408,0.2537296934605407
278,0.9722224295936435,0.5087151855893429,0.9285912066721426,0.5083332441628513,0.26040296497001675,0.5076495671748479,0.8007518796992481,0.39811557305241535,0.4150371123888432,0.11278195488721804,0.6085714285714285,0.3817781388214902,0.39243153331381614,0.08571428571428572,0.06285714285714286,0.07428571428571429,0.24,19.86857142857143,0.045112781954887216,0.0,0.01261199408213175,0.12027546346085041,5.7443609022556394,0.0180890132836225,0.03553142283146549,0.1608534079701735,0.07894736842105263,0,0.1809428799551592,0.29397594061225346,4.356394909952447,0.8945533402765083,0.0,0.9615384615384616,0.0,0.6,0.4,0.5036178026567245,0.2536178026567245
279,0.9741294875236665,0.5084011289715326,0.9300405706989598,0.5081265607996052,0.26040296497001675,0.5074297630289784,0.8045112781954887,0.39834113696218976,0.41520628532117404,0.11278195488721804,0.6114285714285714,0.3819495673929188,0.3925601047423876,0.08571428571428572,0.06,0.06285714285714286,0.24,19.917142857142856,0.045112781954887216,0.0,0.012634666155021292,0.120218190031496,5.7443609022556394,0.017546342885113825,0.03448407747671345,0.16052780573106828,0.07894736842105263,0,0.1813515969803834,0.30510331179542405,4.33212415461054,0.9598389116916813,0.0,0.9090909090909091,0.0,0.6,0.4,0.5035092685770227,0.2535092685770228
280,0.9750419357191209,0.5078319285729388,0.9307340313275054,0.5078902013804948,0.26040296497001675,0.5073700788213965,0.7894736842105263,0.39834113696218976,0.41520628532117404,0.11278195488721804,0.6,0.3819495673929188,0.3925601047423876,0.08571428571428572,0.04285714285714286,0.06,0.24,19.962857142857143,0.045112781954887216,0.0,0.012656748200880932,0.12016263480502222,5.7443609022556394,0.01701995259856041,0.03346706581933134,0.16021197155913625,0.07894736842105263,0,0.18092983970976717,0.3035777952364469,4.305481671518329,0.9406421334578478,0.0,1.0,0.0,0.6,0.4,0.5034039905197121,0.2534039905197121
281,0.9747458444985825,0.5081300222452281,0.9305090019998963,0.5077370256151226,0.26040296497001675,0.5073209233587543,0.8195488721804511,0.39841632493211465,0.4152626762986177,0.11278195488721804,0.6228571428571429,0.38200671025006167,0.3926029618852447,0.08571428571428572,0.05714285714285714,0.06857142857142857,0.24,19.98857142857143,0.045112781954887216,0.0,0.01267825285066343,0.1201087462353427,5.7443609022556394,0.0165093540206036,0.03247954099289663,0.15990561241236215,0.07894736842105263,0,0.1809390476540755,0.3020599062602647,4.287943466659391,0.9270654148524314,0.0,0.9583333333333334,0.0,0.6,0.4,0.5033018708041207,0.2533018708041207
282,0.9747020815497955,0.5082705663272273,0.9300717974381704,0.5083937759031943,0.26040296497001675,0.5072131024436525,0.8075471698113208,0.39899856597049527,0.41381268374641356,0.11320754716981132,0.6114285714285714,0.38200671025006167,0.3926029618852447,0.08571428571428572,0.045714285714285714,0.05714285714285714,0.24285714285714285,20.005714285714287,0.04150943396226415,0.002857142857142857,0.012727599188198187,0.12005647432275347,5.645283018867924,0.01601407339998549,0.03152067789819646,0.15960844403999128,0.07924528301886792,0,0.18057606955509084,0.30054960672896336,4.2593274544690605,0.9085241065553828,0.0,1.0,0.0,0.6,0.4,0.5032028146799971,0.2532028146799971
283,0.9746705959588926,0.508090805387801,0.9300479583479151,0.5084144625565671,0.26040296497001675,0.5072487710756746,0.8113207547169812,0.39899856597049527,0.41381268374641356,0.11320754716981132,0.6142857142857143,0.38200671025006167,0.3926029618852447,0.08571428571428572,0.06,0.06285714285714286,0.24285714285714285,20.03142857142857,0.04150943396226415,0.0,0.012756147899447191,0.12000577056754205,5.645283018867924,0.015533651197985924,0.030589672757253217,0.15932019071879155,0.07924528301886792,0,0.1801014749216011,0.29904685869531855,4.2369980482368215,0.8903536244242751,0.0,1.0,0.0,0.6,0.4,0.5031067302395972,0.2531067302395972
284,0.9765167109945578,0.5076108394158256,0.9314457311606332,0.5083502419028689,0.26040296497001675,0.5073625856249526,0.8301886792452831,0.39899856597049527,0.41381268374641356,0.11320754716981132,0.6285714285714286,0.38200671025006167,0.3926029618852447,0.08571428571428572,0.037142857142857144,0.045714285714285714,0.24285714285714285,20.05142857142857,0.045283018867924525,0.0,0.012776129004543958,0.11995658792498688,5.645283018867924,0.015067641662046346,0.02968574266917945,0.1590405849972278,0.07924528301886792,0,0.17951511040413595,0.29755162440184196,4.197972372986371,0.8725465519357896,0.0,1.0,0.0,0.6,0.4,0.5030135283324093,0.25301352833240925
285,0.9754020284894004,0.5073188055790242,0.930601757263871,0.508103365202821,0.26040296497001675,0.5075422348477334,0.8188679245283019,0.39914950936672167,0.41392589129358337,0.11320754716981132,0.62,0.38212099596434734,0.392688676170959,0.08571428571428572,0.04285714285714286,0.04857142857142857,0.24285714285714285,20.08,0.045283018867924525,0.0,0.012795578455922602,0.11990888076170839,5.645283018867924,0.014615612412184955,0.028808125168431453,0.15876936744731096,0.07924528301886792,0,0.17944567770925812,0.2960638662798327,4.1625843540980725,0.8613305798924882,0.0,0.9411764705882353,0.0,0.6,0.4,0.502923122482437,0.252923122482437
286,0.9755858458820924,0.5071103131504568,0.9307409332897664,0.5082624016434507,0.26040296497001675,0.5076752310100423,0.769811320754717,0.39930045276294807,0.4140390988407532,0.1169811320754717,0.5828571428571429,0.38223528167863313,0.3927743904566733,0.08857142857142856,0.045714285714285714,0.05714285714285714,0.24285714285714285,20.12857142857143,0.045283018867924525,0.0,0.012814508361740196,0.11986260481332824,5.645283018867924,0.014177144039819406,0.027956077785981637,0.15850628642389164,0.07924528301886792,0,0.17948959930287256,0.2945835469484336,4.136475524158969,0.8441039682946383,0.0,0.95,0.0,0.6,0.4,0.5028354288079638,0.2528354288079639
287,0.9757438681464419,0.5073128430705194,0.9308605787184882,0.5084175106820615,0.26040296497001675,0.5078483586740098,0.8,0.39930045276294807,0.4140390988407532,0.1169811320754717,0.6057142857142858,0.38223528167863313,0.3927743904566733,0.08857142857142856,0.045714285714285714,0.045714285714285714,0.24285714285714285,20.15714285714286,0.045283018867924525,0.0,0.012832930679754759,0.11981771714339955,5.645283018867924,0.013751829718624823,0.027128877613884494,0.1582510978311749,0.07924528301886792,0,0.1789347227349296,0.2931106292136914,4.099460299390074,0.8272218889287456,0.0,1.0,0.0,0.6,0.4,0.502750365943725,0.25275036594372496
288,0.974617589998794,0.506684790376918,0.9300078252638406,0.5077835052992252,0.26040296497001675,0.5080597344469394,0.8377358490566038,0.39930045276294807,0.4140390988407532,0.1169811320754717,0.6342857142857142,0.38223528167863313,0.3927743904566733,0.08857142857142856,0.06285714285714286,0.06571428571428571,0.24285714285714285,20.197142857142858,0.04905660377358491,0.0,0.012850857210477245,0.11977417610356864,5.645283018867924,0.013339274827066079,0.026325820873665307,0.15800356489623965,0.07924528301886792,0,0.17863805624627282,0.2916450760676229,4.083185379116558,0.8106774511501706,0.0,1.0,0.0,0.6,0.4,0.5026678549654132,0.2526678549654132
289,0.9756646795542357,0.5063300082715098,0.9308006216415319,0.5077207720090103,0.26040296497001675,0.5082151829063121,0.8339622641509434,0.3996023395554009,0.4142655139350928,0.1169811320754717,0.6314285714285715,0.38246385310720454,0.39294581902810183,0.08857142857142856,0.06285714285714286,0.06857142857142857,0.24285714285714285,20.234285714285715,0.04905660377358491,0.0,0.012868299591096175,0.11973194129493271,5.645283018867924,0.012939096582254096,0.025546222488924686,0.15776345794935245,0.07924528301886792,0,0.1789447231078986,0.29018685068728484,4.070093100105656,0.8533539949894609,0.0,0.9166666666666666,0.0,0.6,0.4,0.5025878193164508,0.2525878193164508
290,0.975689863858848,0.5083067735088451,0.9308196897578815,0.5096906566074296,0.26040296497001675,0.50829543647438,0.8566037735849057,0.3996023395554009,0.4142655139350928,0.1169811320754717,0.6485714285714286,0.38246385310720454,0.39294581902810183,0.08857142857142856,0.045714285714285714,0.05142857142857143,0.24285714285714285,20.28,0.04905660377358491,0.0,0.012885269290127082,0.11969097353055583,5.645283018867924,0.012550923684786473,0.02478941566250792,0.15753055421087186,0.07924528301886792,0,0.1785064287780734,0.2887359164338484,4.040119809532114,0.8362869150896717,0.0,1.0,0.0,0.6,0.4,0.5025101847369573,0.2525101847369573
291,0.975493359365166,0.5078230639120399,0.9306709077840937,0.5094705582954223,0.26040296497001675,0.5084003354977421,0.8452830188679246,0.39967781125351415,0.4143221177086777,0.1169811320754717,0.64,0.3825209959643474,0.39298867617095895,0.08857142857142856,0.04285714285714286,0.04285714285714286,0.24285714285714285,20.297142857142855,0.04905660377358491,0.0,0.012901777602740984,0.11965123479911031,5.645283018867924,0.012174395974242878,0.024054751458558843,0.15730463758454571,0.07924528301886792,0,0.1784133259198973,0.28729223685167915,4.002174556198614,0.8463450933881717,0.0,0.9333333333333333,0.0,0.6,0.4,0.5024348791948485,0.2524348791948486
292,0.9743734296065885,0.5082118015607359,0.9298229609668848,0.5100439347139473,0.26040296497001675,0.5084465263557917,0.8415094339622642,0.39967781125351415,0.4143221177086777,0.1169811320754717,0.6371428571428571,0.3825209959643474,0.39298867617095895,0.08857142857142856,0.05142857142857143,0.05714285714285714,0.24285714285714285,20.34285714285714,0.04905660377358491,0.0,0.012917835646728323,0.11961268822960804,5.645283018867924,0.011809164095015591,0.02334159838973804,0.15708549845700934,0.07924528301886792,0,0.17806311714744066,0.2858557756674207,3.9792739222174993,0.8294181915204083,0.0,1.0,0.0,0.6,0.4,0.5023618328190032,0.2523618328190031
293,0.9743498736831255,0.5086850737901811,0.9298051257676914,0.510512677616898,0.26040296497001675,0.5086288232057646,0.8150943396226416,0.39982875464974055,0.41443532525584753,0.1169811320754717,0.6171428571428571,0.3826352816786331,0.3930743904566733,0.08857142857142856,0.054285714285714284,0.054285714285714284,0.24285714285714285,20.385714285714286,0.04905660377358491,0.0,0.01293345435905679,0.11957529805719094,5.645283018867924,0.011454889172165124,0.022649342009860907,0.15687293350329906,0.07924528301886792,0,0.1779439444188463,0.287349516940095,3.9539741580588634,0.8579235363236084,0.0,0.9473684210526315,0.0,0.6,0.4,0.502290977834433,0.25229097783443305
294,0.9749497262740505,0.5085922522877182,0.930259299872249,0.5104243046024338,0.26040296497001675,0.5089921259028853,0.8,0.39997969804596695,0.41454853280301734,0.1169811320754717,0.6057142857142858,0.3827495673929189,0.39316010474238755,0.08857142857142856,0.06,0.06,0.24285714285714285,20.411428571428573,0.04905660377358491,0.0,0.012948644492983495,0.11953902958994633,5.645283018867924,0.011111242497000169,0.021977384512174902,0.1566667454982001,0.07924528301886792,0,0.17833951041103782,0.2916144540931773,3.934894674897686,0.905906245564437,0.0,0.9047619047619048,0.0,0.6,0.4,0.5022222484994,0.25222224849940006
295,0.9745775700261151,0.508717252270299,0.9299775244273835,0.5108043609217661,0.26040296497001675,0.5091404545563516,0.8150943396226416,0.4000551697440802,0.41460513657660225,0.1169811320754717,0.6171428571428571,0.3828067102500617,0.39320296188524473,0.08857142857142856,0.07714285714285714,0.08,0.24285714285714285,20.451428571428572,0.04905660377358491,0.0,0.012963416615683876,0.11950384917671907,5.645283018867924,0.010777905222090163,0.021325144333474655,0.1564667431332541,0.07924528301886792,0,0.17844681428755407,0.29583349705312934,3.936196781399732,0.9070066168799326,0.0,0.9642857142857143,0.0,0.6,0.4,0.502155581044418,0.25215558104441804
296,0.9742855848321234,0.5087747165146111,0.9297564499233613,0.5106869082451654,0.26040296497001675,0.5093713422807958,0.8452830188679246,0.4000551697440802,0.41460513657660225,0.1169811320754717,0.64,0.3828067102500617,0.39320296188524473,0.08857142857142856,0.05142857142857143,0.05142857142857143,0.24285714285714285,20.497142857142858,0.04905660377358491,0.0,0.012977781106361663,0.11946972417588862,5.645283018867924,0.010454568065427458,0.020692055764222284,0.15627274083925646,0.07924528301886792,0,0.177868865930402,0.2943543295678637,3.908901417200309,0.8888664845423339,0.0,1.0,0.0,0.6,0.4,0.5020909136130854,0.2520909136130855
297,0.9762369316369672,0.5085485146855013,0.9312338982184573,0.5105299322466574,0.26040296497001675,0.5095951737923952,0.7735849056603774,0.4000551697440802,0.41460513657660225,0.1169811320754717,0.5857142857142857,0.3828067102500617,0.39320296188524473,0.08857142857142856,0.06,0.06285714285714286,0.24285714285714285,20.534285714285716,0.052830188679245285,0.0,0.012991748154805976,0.11943662292508303,5.645283018867924,0.010140931023464634,0.02007756856482179,0.15608455861407877,0.07924528301886792,0,0.17746466445789286,0.2928825579200244,3.893580531713445,0.8710891548514872,0.0,1.0,0.0,0.6,0.4,0.5020281862046929,0.2520281862046929
298,0.9785868192704958,0.5101143975485478,0.9309636541479427,0.5113334623469513,0.26040296497001675,0.5096960410216325,0.8143939393939394,0.40107357591600545,0.4148397067653586,0.11742424242424243,0.6142857142857143,0.3828067102500617,0.39320296188524473,0.08857142857142856,0.05142857142857143,0.054285714285714284,0.24571428571428572,20.577142857142857,0.04924242424242424,0.002857142857142857,0.013011495025262956,0.11940451471180169,5.613636363636363,0.009836703092760694,0.019481147588170877,0.1559020218556564,0.07954545454545454,0,0.1769199125641748,0.29141814513042424,3.8699946353648906,0.8536673717544574,0.0,1.0,0.0,0.6,0.4,0.5019673406185522,0.25196734061855214
299,0.9794153326175296,0.510586466189338,0.9315885899297052,0.511378371976532,0.26040296497001675,0.5098209176098636,0.821969696969697,0.40107357591600545,0.4148397067653586,0.11742424242424243,0.62,0.3828067102500617,0.39320296188524473,0.08857142857142856,0.054285714285714284,0.06571428571428571,0.24571428571428572,20.605714285714285,0.04924242424242424,0.0,0.013031718711035246,0.11937336974491872,5.613636363636363,0.009541601999977873,0.018902272408594767,0.15572496119998672,0.07954545454545454,0,0.17654888442992536,0.28996105440477216,3.858309028371879,0.8365940243193682,0.0,1.0,0.0,0.6,0.4,0.5019083203999956,0.25190832039999556
300,0.9791946005180361,0.5096611245851009,0.931422094860373,0.5104836948487383,0.26040296497001675,0.5098996588683192,0.8371212121212122,0.401149333491763,0.41489652494717677,0.11742424242424243,0.6314285714285715,0.38286385310720455,0.3932458190281019,0.08857142857142856,0.054285714285714284,0.05714285714285714,0.24571428571428572,20.634285714285713,0.04924242424242424,0.0,0.01304458091801899,0.11934315912704233,5.613636363636363,0.009255353939978537,0.01834043695724641,0.15555321236398711,0.07954545454545454,0,0.17652299715063285,0.28851124913274834,3.8382857049472983,0.8352839834362074,0.0,0.95,0.0,0.6,0.4,0.5018510707879957,0.25185107078799573
301,0.9791262097830237,0.5102984941397706,0.9313705087059636,0.5114852826972985,0.26040296497001675,0.5099076407573517,0.8181818181818182,0.4013008486432782,0.41501016131081314,0.11742424242424243,0.6171428571428571,0.38297813882149023,0.3933315333138161,0.08857142857142856,0.05714285714285714,0.06,0.24571428571428572,20.665714285714287,0.04924242424242424,0.0,0.013057083727776725,0.11931385482770218,5.613636363636363,0.00897769332177918,0.017795149164042123,0.1553866159930675,0.07954545454545454,0,0.17646866787916546,0.2902598809579893,3.8215199908483517,0.8393905861611738,0.0,0.9523809523809523,0.0,0.6,0.4,0.5017955386643559,0.25179553866435583
302,0.9803371437382816,0.5110520262125142,0.9320471729182502,0.5116886724388111,0.26040296497001675,0.5100169465488774,0.8473282442748091,0.4019950174992813,0.41542725549133547,0.1183206106870229,0.6342857142857142,0.38303528167863304,0.3933743904566733,0.08857142857142856,0.06,0.06571428571428571,0.25142857142857145,20.7,0.03816793893129771,0.005714285714285714,0.013070537464341357,0.1192854296573422,5.572519083969466,0.008708362522125803,0.017265930606182978,0.15522501751327547,0.08015267175572519,0,0.17635775311119817,0.2888085815531994,3.810803876745671,0.8940346865388611,0.0,0.9565217391304348,0.0,0.6,0.4,0.5017416725044251,0.25174167250442514
303,0.9809434721665007,0.511451505005318,0.9325010530559459,0.5119221108631182,0.26040296497001675,0.5101328613549014,0.8320610687022901,0.4019950174992813,0.41542725549133547,0.1183206106870229,0.6228571428571429,0.38303528167863304,0.3933743904566733,0.08857142857142856,0.06857142857142857,0.07142857142857142,0.25142857142857145,20.731428571428573,0.03816793893129771,0.0,0.01309480302849934,0.11925785724209305,5.572519083969466,0.008447111646462028,0.016752316163297643,0.1550682669878772,0.08015267175572519,0,0.17596082291707074,0.2873645386454334,3.806016370639328,0.8761539928080838,0.0,1.0,0.0,0.6,0.4,0.5016894223292924,0.2516894223292924
304,0.9794134279531238,0.5114452408775533,0.9313557056733609,0.5116429658008766,0.26040296497001675,0.5103130165376829,0.8473282442748091,0.4019950174992813,0.41542725549133547,0.1183206106870229,0.6342857142857142,0.38303528167863304,0.3933743904566733,0.08857142857142856,0.04857142857142857,0.054285714285714284,0.25142857142857145,20.768571428571427,0.04198473282442748,0.0,0.013106309070014517,0.11923111199930132,5.572519083969466,0.008193698297068168,0.01625385367923049,0.1549162189782409,0.08015267175572519,0,0.1754801645131997,0.28592771595220623,3.784181757512256,0.8586309129519221,0.0,1.0,0.0,0.6,0.4,0.5016387396594136,0.25163873965941363
305,0.9791249658754594,0.5117299655366111,0.9311397712037947,0.5117631239574865,0.26040296497001675,0.510603668044854,0.8625954198473282,0.40230036101073163,0.41565626312492326,0.1183206106870229,0.6457142857142857,0.3832638531072046,0.3935458190281019,0.08857142857142856,0.06,0.06285714285714286,0.25142857142857145,20.80857142857143,0.04198473282442748,0.0,0.01311749083542405,0.11920516911379343,5.572519083969466,0.007947887348156123,0.01577010363048381,0.15476873240889366,0.08015267175572519,0,0.17597333583349084,0.2926097777330438,3.771355265219154,0.9676562734673715,0.0,0.9090909090909091,0.0,0.6,0.4,0.5015895774696312,0.25158957746963123
306,0.9805045990179256,0.512460416023488,0.9314635180071396,0.5118764688447441,0.26040296497001675,0.510834358809028,0.8538461538461538,0.4031446173081977,0.4168682673497958,0.11923076923076924,0.6342857142857142,0.38332099596434743,0.393588676170959,0.08857142857142856,0.06571428571428571,0.07142857142857142,0.2571428571428571,20.845714285714287,0.038461538461538464,0.005714285714285714,0.01316019705786563,0.11918000451485075,5.484615384615385,0.0077094507277114385,0.015300638801311273,0.15462567043662687,0.08076923076923077,0,0.17632189772575194,0.2911467288443786,3.767356731343342,0.9831996469136967,0.0,0.92,0.0,0.6,0.4,0.5015418901455423,0.2515418901455423
307,0.9813853451903848,0.5140703543435323,0.9321177865923946,0.5129782217707495,0.26040296497001675,0.5111421247478106,0.8615384615384616,0.4032984634620439,0.41698365196518045,0.11923076923076924,0.64,0.38343528167863317,0.3936743904566733,0.08857142857142856,0.05714285714285714,0.05714285714285714,0.2571428571428571,20.865714285714287,0.038461538461538464,0.0,0.013173900512714323,0.11915559485387629,5.484615384615385,0.007478167205880095,0.0148450439654505,0.15448690032352805,0.08076923076923077,0,0.17632528895140892,0.30481319296241743,3.7491524538593324,1.0042591194823622,0.0,0.95,0.0,0.6,0.4,0.501495633441176,0.25149563344117604
308,0.9819526481593808,0.5137845966979728,0.9325392116550776,0.512490091004016,0.26040296497001675,0.5114718744351101,0.8576923076923076,0.4032984634620439,0.41698365196518045,0.11923076923076924,0.6371428571428571,0.38343528167863317,0.3936743904566733,0.08857142857142856,0.05142857142857143,0.054285714285714284,0.2571428571428571,20.914285714285715,0.038461538461538464,0.0,0.013184219258270383,0.11913191748273116,5.484615384615385,0.007253822189703692,0.014402915574471264,0.15435229331382222,0.08076923076923077,0,0.17587194822093755,0.30328912699760535,3.7284551190678603,0.9841739370927152,0.0,1.0,0.0,0.6,0.4,0.5014507644379408,0.25145076443794073
309,0.9802558683195649,0.513585565679498,0.9312787466312145,0.5121513530747447,0.26040296497001675,0.5117868267787116,0.8384615384615385,0.4033753865389669,0.41704134427287265,0.11923076923076924,0.6228571428571429,0.383492424535776,0.39371724759953036,0.08857142857142856,0.06,0.06285714285714286,0.2571428571428571,20.96857142857143,0.038461538461538464,0.0,0.013194244983529804,0.11910895043272031,5.484615384615385,0.007036207524012581,0.01397386145270807,0.15422172451440755,0.08076923076923077,0,0.17622101705126145,0.3017726813626173,3.7167431595436455,0.9644904583508608,0.0,0.9090909090909091,0.0,0.6,0.4,0.5014072415048025,0.25140724150480254
310,0.9809072616518164,0.5141666147247084,0.93138937224765,0.5127064295913294,0.26040296497001675,0.5121188110599507,0.8223938223938224,0.40460836226642666,0.4170568181771959,0.11969111969111969,0.6085714285714285,0.38360671025006177,0.39380296188524466,0.08857142857142856,0.06571428571428571,0.07142857142857142,0.26,21.0,0.03474903474903475,0.002857142857142857,0.013210254077229954,0.11908667239420988,5.45945945945946,0.006825121298292203,0.013557500498734498,0.15409507277897533,0.08108108108108109,0,0.17619676910886228,0.33087945376750316,3.7138368677813443,1.0561019177475082,0.0,0.96,0.0,0.6,0.4,0.5013650242596585,0.25136502425965845
311,0.98137170767684,0.5134489594922927,0.9317330623061671,0.5116626340943351,0.26040296497001675,0.5124615562244009,0.8262548262548263,0.40460836226642666,0.4170568181771959,0.11969111969111969,0.6114285714285714,0.38360671025006177,0.39380296188524466,0.08857142857142856,0.03142857142857143,0.03428571428571429,0.26,21.02857142857143,0.03474903474903475,0.0,0.013222830623872861,0.11906506269685466,5.45945945945946,0.006620367659343437,0.013153462393335258,0.15397222059560606,0.08108108108108109,0,0.17551578526331799,0.3292250564986657,3.6738458447114315,1.034979879392558,0.0,1.0,0.0,0.6,0.4,0.5013240735318687,0.2513240735318687
312,0.9811246195550483,0.5137262455030265,0.9315502170960414,0.5114321695168564,0.26040296497001675,0.5127779120925547,0.8108108108108109,0.40460836226642666,0.4170568181771959,0.11969111969111969,0.6,0.38360671025006177,0.39380296188524466,0.08857142857142856,0.02857142857142857,0.02857142857142857,0.26,21.05142857142857,0.03474903474903475,0.0,0.013232037465429853,0.11904410129042015,5.45945945945946,0.006421756629563133,0.012761387313916961,0.15385305397773788,0.08108108108108109,0,0.1748664920512871,0.3275789312161723,3.628940356388631,1.014280281804707,0.0,1.0,0.0,0.6,0.4,0.5012843513259126,0.25128435132591265
313,0.9804477909448788,0.5136325064198681,0.931049363924516,0.5113478737807056,0.26040296497001675,0.5129716972259475,0.7837837837837838,0.40476280242086676,0.417172648293026,0.11969111969111969,0.58,0.38372099596434744,0.39388867617095896,0.08857142857142856,0.04857142857142857,0.04857142857142857,0.26,21.08,0.03088803088803089,0.0,0.013240981140733318,0.1190237687261786,5.45945945945946,0.006229103930676239,0.012380925655299913,0.15373746235840574,0.08108108108108109,0,0.1748767324481735,0.35541359169951614,3.604932977832287,0.9939946761686128,0.0,0.9411764705882353,0.0,0.6,0.4,0.5012458207861352,0.2512458207861352
314,0.9808764770286854,0.5139413922743343,0.9313665916265329,0.5116923949994259,0.26040296497001675,0.5130650075604839,0.8532818532818532,0.40476280242086676,0.417172648293026,0.11969111969111969,0.6314285714285715,0.38372099596434744,0.39388867617095896,0.08857142857142856,0.045714285714285714,0.05142857142857143,0.26,21.111428571428572,0.03088803088803089,0.0,0.01324966878719092,0.1190040461388644,5.45945945945946,0.006042230812755952,0.012011737756823071,0.15362533848765356,0.08108108108108109,0,0.17448578733595052,0.3536365237410185,3.584262889704213,0.9741147826452405,0.0,1.0,0.0,0.6,0.4,0.5012084461625512,0.25120844616255117
315,0.9802100165840262,0.5132853841917481,0.930873410897485,0.5112011125491662,0.26040296497001675,0.5131423192145992,0.7915057915057915,0.40507168272974714,0.4174043085246863,0.11969111969111969,0.5857142857142857,0.38394956739291886,0.3940601047423875,0.08857142857142856,0.04,0.04,0.26,21.14,0.03474903474903475,0.0,0.01325810737172853,0.11898491522916957,5.45945945945946,0.005860963888373273,0.011653493635690682,0.15351657833302396,0.08108108108108109,0,0.1747559298278422,0.35186834112231347,3.5525776319101285,1.0001912419011865,0.0,0.8571428571428571,0.0,0.6,0.4,0.5011721927776747,0.25117219277767466
316,0.9798064783827577,0.5141025752330011,0.9305747926285464,0.5118852754988744,0.26040296497001675,0.5134209450623434,0.806949806949807,0.40507168272974714,0.4174043085246863,0.11969111969111969,0.5971428571428572,0.38394956739291886,0.3940601047423875,0.08857142857142856,0.04285714285714286,0.05142857142857143,0.26,21.174285714285713,0.03474903474903475,0.0,0.013266303693423881,0.11896635824676557,5.45945945945946,0.005685134971722075,0.011305872726485089,0.15341108098303324,0.08108108108108109,0,0.17436601444657795,0.35010899941670187,3.5329546507004976,0.9801874170631628,0.0,1.0,0.0,0.6,0.4,0.5011370269943444,0.2511370269943444
317,0.9801279042888041,0.5133971954780004,0.9308126477990207,0.5111416072639036,0.26040296497001675,0.5136789769637498,0.8223938223938224,0.40507168272974714,0.4174043085246863,0.11969111969111969,0.6085714285714285,0.38394956739291886,0.3940601047423875,0.08857142857142856,0.03142857142857143,0.04,0.26,21.194285714285716,0.03861003861003861,0.0,0.01327426438619927,0.11894835797383375,5.45945945945946,0.005514580922570412,0.010968563626765016,0.15330874855354223,0.08108108108108109,0,0.17383632794577364,0.3483584544196184,3.502295557686487,0.9605836687218995,0.0,1.0,0.0,0.6,0.4,0.5011029161845141,0.2511029161845141
318,0.9807959885623363,0.5140905639525721,0.9308237353242212,0.5113209303004701,0.26040296497001675,0.5139725477432334,0.8023255813953488,0.4054792295051603,0.41854831427830513,0.12015503875968993,0.5914285714285714,0.3840715996119255,0.3942315333138161,0.08857142857142856,0.06571428571428571,0.06857142857142857,0.26285714285714284,21.222857142857144,0.03488372093023256,0.002857142857142857,0.013300433181191158,0.11893089770908986,5.410852713178294,0.0053491434948933,0.010641263848666926,0.15320948609693597,0.08139534883720931,0,0.17470928916318765,0.3466166621475203,3.5008210751041853,0.9800707788175685,0.0,0.875,0.0,0.6,0.4,0.5010698286989786,0.25106982869897865
319,0.9810567146987319,0.5131851488727377,0.9310159277333359,0.5108592908493726,0.26040296497001675,0.5141603584279482,0.8178294573643411,0.4054792295051603,0.41854831427830513,0.12015503875968993,0.6028571428571429,0.3840715996119255,0.3942315333138161,0.08857142857142856,0.05142857142857143,0.054285714285714284,0.26285714285714284,21.254285714285714,0.03488372093023256,0.0,0.01330981709878646,0.11891396125228827,5.410852713178294,0.005188669190046501,0.010323679576421774,0.1531132015140279,0.08139534883720931,0,0.17423545700308601,0.34488357883678267,3.4850903678878162,0.9604693632412171,0.0,1.0,0.0,0.6,0.4,0.5010377338380093,0.2510377338380093
320,0.9826948499340217,0.5122371930530176,0.9322234674210638,0.510021179377128,0.26040296497001675,0.5143402641934797,0.8178294573643411,0.4054792295051603,0.41854831427830513,0.12015503875968993,0.6028571428571429,0.3840715996119255,0.3942315333138161,0.08857142857142856,0.03428571428571429,0.037142857142857144,0.26285714285714284,21.291428571428572,0.03875968992248062,0.0,0.013317132811438141,0.11889753288919074,5.410852713178294,0.005033009114345106,0.010015525429698746,0.15301980546860705,0.08139534883720931,0,0.17362142257521343,0.3431591609425988,3.452531417672917,0.9412599759763927,0.0,1.0,0.0,0.6,0.4,0.501006601822869,0.25100660182286905
321,0.9830373347074642,0.5127177134126156,0.9323544456997749,0.5109795618167475,0.26040296497001675,0.5143937553343725,0.7976653696498055,0.4059101354122006,0.41841775738860804,0.12062256809338522,0.5857142857142857,0.3841858853262113,0.3943172475995303,0.08857142857142856,0.04857142857142857,0.04857142857142857,0.26571428571428574,21.302857142857142,0.03501945525291829,0.002857142857142857,0.010065588932991759,0.12945153205918283,5.392996108949417,0.10503300911434511,0.18946926559954713,0.21301980546860705,0.08171206225680934,0,0.17389588689090876,0.34144336513788576,3.4320522178908877,1.0066590353359117,0.0,0.8823529411764706,0.0,0.6,0.4,0.5210066018228691,0.271006601822869
322,0.982332613424394,0.5109172038883915,0.9318369789290634,0.509531334522738,0.26040296497001675,0.5144954608195417,0.8093385214007782,0.4059101354122006,0.41841775738860804,0.12062256809338522,0.5942857142857143,0.3841858853262113,0.3943172475995303,0.08857142857142856,0.045714285714285714,0.05142857142857143,0.26571428571428574,21.302857142857142,0.038910505836575876,0.0,0.010132128934564957,0.12911897657187846,5.392996108949417,0.10188201884091476,0.1843451877176906,0.21112921130454884,0.08171206225680934,0,0.1739106967385971,0.33973614831219634,3.4148397449616406,0.9865258546291935,0.0,0.9444444444444444,0.0,0.6,0.4,0.520376403768183,0.27037640376818295
323,0.980651147419315,0.510656878448083,0.9306023024624765,0.5098335449447149,0.26040296497001675,0.5146419162646646,0.8171206225680934,0.4059101354122006,0.41841775738860804,0.12062256809338522,0.6,0.3841858853262113,0.3943172475995303,0.08857142857142856,0.045714285714285714,0.04857142857142857,0.26571428571428574,21.34857142857143,0.03501945525291829,0.0,0.010198465408640662,0.12879639774919324,5.392996108949417,0.09882555827568731,0.17934388346528107,0.2092953349654124,0.08171206225680934,0,0.17332685754061838,0.33803746757063535,3.395114378633837,0.9667953375366096,0.0,1.0,0.0,0.6,0.4,0.5197651116551375,0.26976511165513745
324,0.9799494678196959,0.5105451902795717,0.9300870691564705,0.5098525225724557,0.26040296497001675,0.5147582061695191,0.8132295719844358,0.4059101354122006,0.41841775738860804,0.12062256809338522,0.5971428571428572,0.3841858853262113,0.3943172475995303,0.08857142857142856,0.045714285714285714,0.045714285714285714,0.26571428571428574,21.36,0.042801556420233464,0.0,0.010264536000932745,0.12848349629118852,5.392996108949417,0.0958607915274167,0.17446332010095666,0.20751647491645,0.08171206225680934,0,0.17288751253505816,0.3363472802327822,3.372926376775446,0.9474594307858774,0.0,1.0,0.0,0.6,0.4,0.5191721583054834,0.26917215830548336
325,0.9816383403316735,0.5112398603269501,0.9313271841152656,0.5110660500942532,0.26040296497001675,0.5149659041883736,0.8015564202334631,0.40598795642387375,0.41847612314736293,0.12062256809338522,0.5885714285714285,0.3842430281833541,0.39436010474238753,0.08857142857142856,0.04285714285714286,0.04285714285714286,0.26571428571428574,21.377142857142857,0.038910505836575876,0.0,0.010330281489562845,0.12817998187692398,5.392996108949417,0.0929849677815942,0.16970144293480105,0.2057909806689565,0.08171206225680934,0,0.1727086464009543,0.33466554383161823,3.3483249920970786,0.985410083531427,0.0,0.9333333333333333,0.0,0.6,0.4,0.5185969935563188,0.26859699355631883
326,0.9803971639664733,0.5122943326490512,0.9304158060413898,0.5119787050494885,0.26040296497001675,0.51526058986369,0.8171206225680934,0.40598795642387375,0.41847612314736293,0.12062256809338522,0.6,0.3842430281833541,0.39436010474238753,0.08857142857142856,0.04857142857142857,0.04857142857142857,0.26571428571428574,21.402857142857144,0.04669260700389105,0.0,0.010395645802605293,0.1278855728950874,5.392996108949417,0.09019541874814636,0.16505617971978281,0.2041172512488878,0.08171206225680934,0,0.17224438959752097,0.33299221611246016,3.329929920826566,0.9657018818607985,0.0,1.0,0.0,0.6,0.4,0.5180390837496293,0.26803908374962926
327,0.9795156498994261,0.5123118889198764,0.9297685228550153,0.5118674292364787,0.26040296497001675,0.5155040915187086,0.7859922178988327,0.4061435984472201,0.4185928546648726,0.12062256809338522,0.5771428571428572,0.3843573138976399,0.3944458190281018,0.08857142857142856,0.04857142857142857,0.054285714285714284,0.26571428571428574,21.405714285714286,0.038910505836575876,0.0,0.010460576018729196,0.12759999618270587,5.392996108949417,0.08748955618570196,0.16052544478119457,0.20249373371142118,0.08171206225680934,0,0.17255445336381905,0.33132725503189786,3.3176170366957494,0.9631561028663668,0.0,0.8947368421052632,0.0,0.6,0.4,0.5174979112371404,0.2674979112371404
328,0.9775532503560161,0.5123360978691349,0.9283275609045687,0.5125265302962577,0.26040296497001675,0.5157910311563858,0.7976653696498055,0.4061435984472201,0.4185928546648726,0.12062256809338522,0.5857142857142857,0.3843573138976399,0.3944458190281018,0.08857142857142856,0.054285714285714284,0.05714285714285714,0.26571428571428574,21.42,0.038910505836575876,0.0,0.010525022352568142,0.12732298677169582,5.392996108949417,0.0848648695001309,0.15610714289299887,0.20091892170007852,0.08171206225680934,0,0.17311543798728316,0.32967061875673837,3.3084075531046913,0.9438929808090394,0.0,1.0,0.0,0.6,0.4,0.5169729739000262,0.26697297390002617
329,0.9784683921908136,0.5131390517961391,0.9289995364804053,0.5132443533855837,0.26040296497001675,0.5160344298447037,0.8326848249027238,0.4061435984472201,0.4185928546648726,0.12062256809338522,0.6114285714285714,0.3843573138976399,0.3944458190281018,0.08857142857142856,0.05142857142857143,0.05714285714285714,0.26571428571428574,21.434285714285714,0.042801556420233464,0.0,0.010588938126388853,0.1270542876430161,5.392996108949417,0.08231892341512698,0.15179917291011336,0.19939135404907618,0.08171206225680934,0,0.17330065049437748,0.32802226566295467,3.299382259185455,0.9250151211928586,0.0,1.0,0.0,0.6,0.4,0.5164637846830253,0.2664637846830254
330,0.9783571503320623,0.5121024389218396,0.9289178531726938,0.5126867759215498,0.26040296497001675,0.5163498542494483,0.8171206225680934,0.4062992404705664,0.41870958618238235,0.12062256809338522,0.6,0.38447159961192556,0.3945315333138162,0.08857142857142856,0.05714285714285714,0.05714285714285714,0.26571428571428574,21.46857142857143,0.04669260700389105,0.0,0.010652279729562363,0.12679364948819669,5.392996108949417,0.07984935571267317,0.14759943116573326,0.19790961342760388,0.08171206225680934,0,0.17366186438119133,0.3263821543346399,3.290537471144603,0.9478261576478023,0.0,0.9,0.0,0.6,0.4,0.5159698711425347,0.2659698711425346
331,0.9772360816827053,0.5113498840846614,0.9280946684787373,0.5119384516295903,0.26040296497001675,0.5165261438330572,0.8132295719844358,0.40637706148223957,0.41876795194113725,0.12062256809338522,0.5971428571428572,0.38452874246906843,0.39457439045667325,0.08857142857142856,0.037142857142857144,0.045714285714285714,0.26571428571428574,21.482857142857142,0.04669260700389105,0.0,0.010715006567267355,0.12654083047802187,5.392996108949417,0.07745387504129297,0.14350581464281253,0.19647232502477577,0.08171206225680934,0,0.1734791264878568,0.32475024356296667,3.2704410074359958,0.9886446144536045,0.0,0.9375,0.0,0.6,0.4,0.5154907750082586,0.2654907750082586
332,0.9768660316159171,0.5108875383911228,0.9278229460011244,0.5117042177516368,0.26040296497001675,0.516554309166791,0.8365758754863813,0.40637706148223957,0.41876795194113725,0.12062256809338522,0.6142857142857143,0.38452874246906843,0.39457439045667325,0.08857142857142856,0.05714285714285714,0.05714285714285714,0.26571428571428574,21.5,0.04669260700389105,0.0,0.010777080999776959,0.12629559603815235,5.392996108949417,0.07513025879005418,0.13951622392880558,0.1950781552740325,0.08171206225680934,0,0.17320973513756038,0.32312649234515184,3.262175044430133,0.9688717221645324,0.0,1.0,0.0,0.6,0.4,0.5150260517580109,0.26502605175801086
333,0.9781011374382061,0.5108183917132463,0.9287298665620622,0.5116359612982271,0.26040296497001675,0.5165668020404786,0.8054474708171206,0.40637706148223957,0.41876795194113725,0.12062256809338522,0.5914285714285714,0.38452874246906843,0.39457439045667325,0.08857142857142856,0.054285714285714284,0.06,0.26571428571428574,21.52857142857143,0.05058365758754864,0.0,0.01083846827359895,0.12605771863147888,5.392996108949417,0.07287635102635255,0.13562856596270934,0.1937258106158115,0.08171206225680934,0,0.1727149721761583,0.3215108598834261,3.2569315435415307,0.9494942877212418,0.0,1.0,0.0,0.6,0.4,0.5145752702052705,0.2645752702052705
334,0.9787048885112533,0.5111594849450235,0.9291731923499854,0.5118412819718802,0.26040296497001675,0.5164723002845908,0.7937743190661478,0.40637706148223957,0.41876795194113725,0.12062256809338522,0.5828571428571429,0.38452874246906843,0.39457439045667325,0.08857142857142856,0.037142857142857144,0.04285714285714286,0.26571428571428574,21.534285714285716,0.05058365758754864,0.0,0.010899136445656703,0.12582697754700561,5.392996108949417,0.07069006049556198,0.1318407565833598,0.19241403629733717,0.08171206225680934,0,0.17216554017242036,0.319903305584009,3.2346500555278426,0.9305044019668169,0.0,1.0,0.0,0.6,0.4,0.5141380120991124,0.2641380120991124
335,0.978390261347843,0.5113183645273045,0.9289421661185671,0.5117937230231654,0.26040296497001675,0.5162733495380624,0.8015564202334631,0.4064548824939127,0.41882631769989204,0.12062256809338522,0.5885714285714285,0.38458588532621124,0.3946172475995304,0.08857142857142856,0.04857142857142857,0.04857142857142857,0.26571428571428574,21.557142857142857,0.04669260700389105,0.0,0.010959056301615158,0.12560315869506658,5.392996108949417,0.06856935868069512,0.12815072288781204,0.19114161520841708,0.08171206225680934,0,0.17207585532870115,0.33408255627070715,3.2185284829887144,0.9242310009180427,0.0,0.9411764705882353,0.0,0.6,0.4,0.513713871736139,0.263713871736139
336,0.9788969497913415,0.5099415636340093,0.9294348090625569,0.5114377872211457,0.26040296497001675,0.5161006386354848,0.803921568627451,0.40560412017862774,0.41952948096166964,0.12156862745098039,0.5857142857142857,0.38470017104049703,0.3947029618852447,0.08857142857142856,0.037142857142857144,0.04,0.2714285714285714,21.565714285714286,0.03529411764705882,0.005714285714285714,0.011024464464708566,0.12538605440868578,5.309803921568627,0.06651227792027427,0.12455640540849067,0.18990736675216455,0.08235294117647059,0,0.1721556338557361,0.3324121434893536,3.1941579133289397,0.9247872282083833,0.0,0.9285714285714286,0.0,0.6,0.4,0.5133024555840549,0.26330245558405485
337,0.9802567253155732,0.5121912627464422,0.9304255026587829,0.5130989382774952,0.26040296497001675,0.5159107962009724,0.8235294117647058,0.40560412017862774,0.41952948096166964,0.12156862745098039,0.6,0.38470017104049703,0.3947029618852447,0.08857142857142856,0.04857142857142857,0.05142857142857143,0.2714285714285714,21.611428571428572,0.0392156862745098,0.0,0.011095886470164146,0.1251754632508963,5.309803921568627,0.06451690958266604,0.12105576011762875,0.1887101457495996,0.0784313725490196,0,0.17166599854360026,0.3307500827719068,3.1817033264909327,0.9062914836442156,0.0,1.0,0.0,0.6,0.4,0.5129033819165332,0.26290338191653323
338,0.9808189153723791,0.5129415817027556,0.9308350982715985,0.5133850332901567,0.26040296497001675,0.5157707184969222,0.8470588235294118,0.40560412017862774,0.41952948096166964,0.12156862745098039,0.6171428571428571,0.38470017104049703,0.3947029618852447,0.08857142857142856,0.05142857142857143,0.05142857142857143,0.2714285714285714,21.62857142857143,0.0392156862745098,0.0,0.011153730496430344,0.1249711898278405,5.309803921568627,0.06258140229518605,0.11764676026733134,0.1875488413771116,0.0784313725490196,0,0.17120709783659654,0.3290963323580473,3.1694978313896853,0.8881656539713314,0.0,1.0,0.0,0.6,0.4,0.5125162804590372,0.2625162804590372
339,0.9817879484107112,0.5143330300499788,0.9315411080566689,0.5143218789756488,0.26040296497001675,0.5158282262131559,0.807843137254902,0.4057609829237258,0.41964712802049314,0.12156862745098039,0.5885714285714285,0.3848144567547827,0.394788676170959,0.08857142857142856,0.05714285714285714,0.06,0.2714285714285714,21.645714285714284,0.0392156862745098,0.0,0.01121072929135361,0.12477304460747639,5.309803921568627,0.06070396022633047,0.11432739807339232,0.18642237613579826,0.0784313725490196,0,0.17126378375814572,0.32745085069625707,3.1661078747618916,0.8961640023543218,0.0,0.9523809523809523,0.0,0.6,0.4,0.5121407920452661,0.2621407920452661
340,0.9808898188904135,0.5145686611809791,0.9308867565490236,0.5145584523641756,0.26040296497001675,0.515923125481452,0.803921568627451,0.40583941429627485,0.41970595154990487,0.12156862745098039,0.5857142857142857,0.38487159961192563,0.39483153331381615,0.08857142857142856,0.04857142857142857,0.04857142857142857,0.2714285714285714,21.66857142857143,0.03529411764705882,0.0,0.01126686588132559,0.12458084374372322,5.309803921568627,0.05888284141954055,0.11109568625078814,0.18532970485172434,0.0784313725490196,0,0.1712068941250693,0.3333760544096091,3.1513571458380825,0.8782407223072354,0.0,0.9411764705882353,0.0,0.6,0.4,0.5117765682839082,0.2617765682839081
341,0.9794554496039348,0.5142877473958641,0.9298417160688749,0.5139580578974644,0.26040296497001675,0.5159913629925216,0.792156862745098,0.40583941429627485,0.41970595154990487,0.12156862745098039,0.5771428571428572,0.38487159961192563,0.39483153331381615,0.08857142857142856,0.06,0.06,0.2714285714285714,21.68857142857143,0.03137254901960784,0.0,0.011322125470964488,0.12439440890588262,5.309803921568627,0.05711635617695433,0.10794965940854029,0.1842698137061726,0.0784313725490196,0,0.17080757394015822,0.33170917413756107,3.1483300029213206,0.8606759078610907,0.0,1.0,0.0,0.6,0.4,0.5114232712353909,0.2614232712353909
342,0.978478010518964,0.5136424469142892,0.9291408865908904,0.5137420260942858,0.26040296497001675,0.5158716931166903,0.7992125984251969,0.40593006639383117,0.4191887262458441,0.1220472440944882,0.58,0.385100171040497,0.3950029618852447,0.08857142857142856,0.03428571428571429,0.03428571428571429,0.2742857142857143,21.702857142857145,0.031496062992125984,0.002857142857142857,0.011382046665645474,0.12421356711317723,5.283464566929134,0.0554028654916457,0.10488737531141057,0.18324171929498742,0.07874015748031496,0,0.17103925035617168,0.35243813731310153,3.119649117148608,0.8755119416790481,0.0,0.8333333333333334,0.0,0.6,0.4,0.5110805730983291,0.26108057309832916
343,0.9778864550882674,0.5134345174638175,0.928711586364042,0.5130606655725917,0.26040296497001675,0.5156721831813218,0.8228346456692913,0.40593006639383117,0.4191887262458441,0.1220472440944882,0.5971428571428572,0.385100171040497,0.3950029618852447,0.08857142857142856,0.054285714285714284,0.054285714285714284,0.2742857142857143,21.717142857142857,0.031496062992125984,0.0,0.011436578944325697,0.12403815057425305,5.283464566929134,0.05374077952689633,0.10190691601565216,0.18224446771613778,0.07874015748031496,0,0.17069705695796225,0.350675946626536,3.1115418490913505,0.8580017028454672,0.0,1.0,0.0,0.6,0.4,0.5107481559053793,0.26074815590537925
344,0.9776872892898506,0.5133666513583982,0.9285670488989052,0.5133709152711431,0.26040296497001675,0.5152329789598142,0.8503937007874016,0.40593006639383117,0.4191887262458441,0.1220472440944882,0.6171428571428571,0.385100171040497,0.3950029618852447,0.08857142857142856,0.037142857142857144,0.04285714285714286,0.2742857142857143,21.722857142857144,0.031496062992125984,0.0,0.011489228067825761,0.12386799653149659,5.283464566929134,0.05212855614108944,0.0990063888857986,0.18127713368465365,0.07874015748031496,0,0.17021457238745819,0.34892256689340334,3.0921681549666657,0.8408416687885578,0.0,1.0,0.0,0.6,0.4,0.5104257112282179,0.2604257112282179
345,0.9772610100354147,0.5138537066329417,0.9282576919542574,0.513184652929836,0.26040296497001675,0.5148762447470225,0.8110236220472441,0.4060088065513115,0.4192477813639544,0.1220472440944882,0.5885714285714285,0.38515731389763985,0.3950458190281018,0.08857142857142856,0.03142857142857143,0.03428571428571429,0.2742857142857143,21.725714285714286,0.031496062992125984,0.0,0.011540959045749796,0.12370294711002279,5.283464566929134,0.05056469945685675,0.09618392749922455,0.18033881967411405,0.07874015748031496,0,0.17013393095052087,0.3471779540589363,3.064610506153047,0.8372353743978865,0.0,0.9166666666666666,0.0,0.6,0.4,0.5101129398913713,0.26011293989137135
346,0.9758084617838879,0.5142158518196718,0.9272035569374352,0.5136041176352827,0.26040296497001675,0.5147312795630321,0.8149606299212598,0.40608754670879177,0.41930683648206457,0.1220472440944882,0.5914285714285714,0.3852144567547828,0.395088676170959,0.08857142857142856,0.05714285714285714,0.06,0.2742857142857143,21.751428571428573,0.03543307086614173,0.0,0.01159176650413756,0.12354284917119318,5.283464566929134,0.04904775847315105,0.09343769244496569,0.1794286550838906,0.07874015748031496,0,0.1702535477243397,0.3454420642886416,3.063318296029986,0.852938819724896,0.0,0.9523809523809523,0.0,0.6,0.4,0.5098095516946302,0.2598095516946302
347,0.9767102122153638,0.5139675746443225,0.9278579701077061,0.5132900408365472,0.26040296497001675,0.5145458029096652,0.84251968503937,0.40608754670879177,0.41930683648206457,0.1220472440944882,0.6114285714285714,0.3852144567547828,0.395088676170959,0.08857142857142856,0.037142857142857144,0.037142857142857144,0.2742857142857143,21.765714285714285,0.031496062992125984,0.0,0.011641646666971343,0.12338755417052853,5.283464566929134,0.047576325718956515,0.09076587202303954,0.1785457954313739,0.07874015748031496,0,0.169659279985718,0.3437148539671984,3.0391947872522436,0.8358800433303981,0.0,1.0,0.0,0.6,0.4,0.5095152651437913,0.2595152651437913
348,0.9775865761055411,0.5136510603635508,0.9271427894572972,0.5135772453512849,0.26040296497001675,0.5143261933823998,0.841897233201581,0.4060018473763312,0.41942637590716486,0.1225296442687747,0.6085714285714285,0.38532874246906845,0.3951743904566733,0.08857142857142856,0.06285714285714286,0.06571428571428571,0.27714285714285714,21.782857142857143,0.03162055335968379,0.002857142857142857,0.011706956443895076,0.1232369180198838,5.201581027667984,0.04614903594738782,0.08816668285025797,0.17768942156843268,0.07905138339920949,0,0.17012441287150368,0.3471859056188018,3.0441251772214843,0.8985249628451674,0.0,0.9130434782608695,0.0,0.6,0.4,0.5092298071894775,0.2592298071894776
349,0.97780263642383,0.5136612050793399,0.9272989702016603,0.5134403621495782,0.26040296497001675,0.5141808699263485,0.8616600790513834,0.4060018473763312,0.41942637590716486,0.1225296442687747,0.6228571428571429,0.38532874246906845,0.3951743904566733,0.08857142857142856,0.05142857142857143,0.054285714285714284,0.27714285714285714,21.81142857142857,0.03162055335968379,0.0,0.011761492529257803,0.12309080095375836,5.201581027667984,0.044764564868966183,0.08563837037828248,0.1768587389213797,0.07905138339920949,0,0.17001622009286046,0.34544997609070777,3.037528387962769,0.8805544635882641,0.0,0.9473684210526315,0.0,0.6,0.4,0.5089529129737932,0.25895291297379325
350,0.9763984082113019,0.5132343510876586,0.9262839138080329,0.5136106182292104,0.26040296497001675,0.5140748357401549,0.8300395256916996,0.40615995014312967,0.4195449529822637,0.1225296442687747,0.6,0.38544302818335413,0.3952601047423876,0.08857142857142856,0.04285714285714286,0.04285714285714286,0.27714285714285714,21.82,0.03162055335968379,0.0,0.01180883609757339,0.12294906739961675,5.201581027667984,0.043421627922897194,0.08317920932942868,0.17605297675373832,0.07905138339920949,0,0.16990871042096758,0.34372272621025424,3.0196349630606565,0.9064060328088799,0.0,0.9333333333333333,0.0,0.6,0.4,0.5086843255845794,0.25868432558457943
351,0.9783291877166034,0.5150694225241167,0.9276795915647221,0.5150489193476109,0.26040296497001675,0.5139758724907681,0.849802371541502,0.40615995014312967,0.4195449529822637,0.1225296442687747,0.6142857142857143,0.38544302818335413,0.3952601047423876,0.08857142857142856,0.03428571428571429,0.04,0.27714285714285714,21.83142857142857,0.02766798418972332,0.0,0.011855245946887647,0.12281158585209936,5.201581027667984,0.04211897908521028,0.08078750405548829,0.17527138745112616,0.07905138339920949,0,0.16951460256530917,0.34200411257920293,2.999242263799443,0.8882779121527022,0.0,1.0,0.0,0.6,0.4,0.508423795817042,0.25842379581704206
352,0.9772219476111694,0.5151262238192738,0.9268792151456513,0.5152266681326038,0.26040296497001675,0.5139351244841965,0.8656126482213439,0.40615995014312967,0.4195449529822637,0.1225296442687747,0.6257142857142857,0.38544302818335413,0.3952601047423876,0.08857142857142856,0.025714285714285714,0.025714285714285714,0.27714285714285714,21.84857142857143,0.02766798418972332,0.0,0.011900725007723333,0.12267822875100752,5.201581027667984,0.040855409712653966,0.07846158882460419,0.17451324582759237,0.07905138339920949,0,0.16889531526676835,0.34029409201630695,2.9649717042377404,0.8705123539096482,0.0,1.0,0.0,0.6,0.4,0.5081710819425308,0.2581710819425308
353,0.9791734508592225,0.5153582244426427,0.9282898732078154,0.5155102112957821,0.26040296497001675,0.5137778839229933,0.8616600790513834,0.40615995014312967,0.4195449529822637,0.1225296442687747,0.6228571428571429,0.38544302818335413,0.3952601047423876,0.08857142857142856,0.05142857142857143,0.054285714285714284,0.27714285714285714,21.88,0.02766798418972332,0.0,0.011945277297588814,0.1225488723629484,5.201581027667984,0.03962974742127435,0.07619982804100356,0.17377784845276462,0.07905138339920949,0,0.16861942435125585,0.33859262155622544,2.959957984438699,0.8531021068314552,0.0,1.0,0.0,0.6,0.4,0.5079259494842548,0.25792594948425485
354,0.9790724381601312,0.5142560838220558,0.9282168554567582,0.5148368009356837,0.26040296497001675,0.5136347374101823,0.849802371541502,0.4062390015265289,0.41960424151981307,0.1225296442687747,0.6142857142857143,0.38550017104049694,0.39530296188524466,0.08857142857142856,0.05142857142857143,0.05714285714285714,0.27714285714285714,21.917142857142856,0.03162055335968379,0.0,0.011988907844119146,0.12242339666653104,5.201581027667984,0.038440854998636115,0.07400061640217215,0.17306451299918166,0.07905138339920949,0,0.16851904151521385,0.351616349515684,2.9579016818927824,0.8595879470856185,0.0,0.95,0.0,0.6,0.4,0.5076881709997272,0.25768817099972724
355,0.9791402588967274,0.5140731212849841,0.9282658801606405,0.5147569946223456,0.26040296497001675,0.513432384440228,0.8221343873517787,0.4062390015265289,0.41960424151981307,0.1225296442687747,0.5942857142857143,0.38550017104049694,0.39530296188524466,0.08857142857142856,0.045714285714285714,0.04857142857142857,0.27714285714285714,21.928571428571427,0.02766798418972332,0.0,0.012031622611139598,0.12230168524100622,5.201581027667984,0.03728762934867703,0.07186237899783066,0.1723725776092062,0.07905138339920949,0,0.1680751641612092,0.3498582677681056,2.947315076826355,0.8423961881439062,0.0,1.0,0.0,0.6,0.4,0.5074575258697354,0.2574575258697354
356,0.9782563852495232,0.5129280926349163,0.9276269657813756,0.5140560857553754,0.26040296497001675,0.5133656943023217,0.8735177865612648,0.4062390015265289,0.41960424151981307,0.1225296442687747,0.6314285714285715,0.38550017104049694,0.39530296188524466,0.08857142857142856,0.04,0.045714285714285714,0.27714285714285714,21.957142857142856,0.03162055335968379,0.0,0.012073428427677663,0.12218362515824711,5.201581027667984,0.036169000468216715,0.06978357135486657,0.17170140028093003,0.07905138339920949,0,0.16760550334040317,0.348108976429265,2.9340830610041135,0.825548264381028,0.0,1.0,0.0,0.6,0.4,0.5072338000936434,0.25723380009364333
357,0.9796652739046672,0.5133139903501769,0.9286453910092369,0.5147575760034381,0.26040296497001675,0.513319373370134,0.8774703557312253,0.4065552070601257,0.4198413956700107,0.1225296442687747,0.6342857142857142,0.3857287424690684,0.39547439045667326,0.08857142857142856,0.045714285714285714,0.04857142857142857,0.27714285714285714,21.98857142857143,0.03162055335968379,0.0,0.012114332919931902,0.12206910687797087,5.201581027667984,0.035083930454170215,0.06776267943216419,0.17105035827250212,0.07905138339920949,0,0.16796690510941542,0.3463684315471187,2.92397282835546,0.8357277625826806,0.0,0.8823529411764706,0.0,0.6,0.4,0.507016786090834,0.25701678609083406
358,0.9792551040644091,0.5132766083450523,0.9283488968104218,0.5145932828878986,0.26040296497001675,0.5134226372029065,0.857707509881423,0.4065552070601257,0.4198413956700107,0.1225296442687747,0.62,0.3857287424690684,0.39547439045667326,0.08857142857142856,0.05142857142857143,0.05714285714285714,0.27714285714285714,22.014285714285716,0.03162055335968379,0.0,0.01215434444619035,0.12195802414610289,5.201581027667984,0.034031412540545106,0.06579821956907816,0.17041884752432707,0.07905138339920949,0,0.16758349986958263,0.34463658938938313,2.9226362289312076,0.8190132073310269,0.0,1.0,0.0,0.6,0.4,0.506806282508109,0.256806282508109
359,0.9791865992622757,0.5125720373654785,0.9282993776248796,0.5140669560174579,0.26040296497001675,0.5134278018422674,0.8063241106719368,0.4065552070601257,0.4198413956700107,0.1225296442687747,0.5828571428571429,0.3857287424690684,0.39547439045667326,0.08857142857142856,0.02857142857142857,0.03428571428571429,0.27714285714285714,22.03142857142857,0.02766798418972332,0.0,0.012193472034677542,0.12185027389619088,5.201581027667984,0.03301047016432875,0.06388873839110187,0.16980628209859724,0.07905138339920949,0,0.1675161566523776,0.34291340644243623,2.8984692186382977,0.8211473237993234,0.0,0.9166666666666666,0.0,0.6,0.4,0.5066020940328657,0.25660209403286577
360,0.9795527707616398,0.5131831383963502,0.9285640673087057,0.514744015052901,0.26040296497001675,0.5135162400165464,0.83399209486166,0.4065552070601257,0.4198413956700107,0.1225296442687747,0.6028571428571429,0.3857287424690684,0.39547439045667326,0.08857142857142856,0.04,0.04285714285714286,0.27714285714285714,22.057142857142857,0.03162055335968379,0.0,0.012231725324297246,0.12174575615377628,5.201581027667984,0.03202015605939889,0.062032812676094284,0.16921209363563933,0.07905138339920949,0,0.1670495758691157,0.34119883941022405,2.8833569771226752,0.8047243773233369,0.0,1.0,0.0,0.6,0.4,0.5064040312118798,0.25640403121187977
361,0.9800451114713743,0.512159032553105,0.9289199593074565,0.5147890991850854,0.26040296497001675,0.5137046747438498,0.8379446640316206,0.40663425844352497,0.4199006842075601,0.1225296442687747,0.6057142857142858,0.3857858853262113,0.39551724759953044,0.08857142857142856,0.03428571428571429,0.037142857142857144,0.27714285714285714,22.077142857142857,0.03162055335968379,0.0,0.012269114508227711,0.12164437394363412,5.201581027667984,0.03105955137761692,0.060229049184251204,0.16863573082657016,0.07905138339920949,0,0.16695661441834156,0.3613381730548677,2.862832694723078,0.8047653682594417,0.0,0.9230769230769231,0.0,0.6,0.4,0.5062119102755234,0.25621191027552337
362,0.9800025509960325,0.5120197809664455,0.9288891941638524,0.5145090034210107,0.26040296497001675,0.5138567227379689,0.8458498023715415,0.40663425844352497,0.4199006842075601,0.1225296442687747,0.6114285714285714,0.3857858853262113,0.39551724759953044,0.08857142857142856,0.045714285714285714,0.045714285714285714,0.27714285714285714,22.111428571428572,0.03162055335968379,0.0,0.012305650280317252,0.12154603319979618,5.201581027667984,0.030127764836288415,0.05847608445482888,0.16807665890177304,0.07905138339920949,0,0.1665211177748213,0.3595314821895934,2.851290326542903,0.7886700608942528,0.0,1.0,0.0,0.6,0.4,0.5060255529672577,0.2560255529672577
363,0.9790053745297882,0.5133143103333976,0.9281683780325388,0.5157718914627828,0.26040296497001675,0.5139264485356742,0.857707509881423,0.4067923612103233,0.42001926128265893,0.1225296442687747,0.62,0.3859001710404969,0.39560296188524474,0.08857142857142856,0.04,0.04,0.27714285714285714,22.14,0.03162055335968379,0.0,0.012341343784220651,0.12145064267827341,5.201581027667984,0.02922393189119976,0.05677258457246703,0.16753435913471984,0.07905138339920949,0,0.16640237004309,0.3732341657374966,2.8342645200120447,0.8183695445880023,0.0,0.9285714285714286,0.0,0.6,0.4,0.5058447863782399,0.25584478637823993
364,0.9808566526269973,0.513753235515519,0.9295065876285213,0.5162104723134545,0.26040296497001675,0.5140980972199735,0.8023715415019763,0.4067923612103233,0.42001926128265893,0.1225296442687747,0.58,0.3859001710404969,0.39560296188524474,0.08857142857142856,0.04285714285714286,0.045714285714285714,0.27714285714285714,22.154285714285713,0.03162055335968379,0.0,0.012376206565210402,0.12135811387239628,5.201581027667984,0.028347213934463766,0.05511724490579173,0.16700832836067825,0.07905138339920949,0,0.1659127867643031,0.3713679949088092,2.8232935153260894,0.8020021536962422,0.0,1.0,0.0,0.6,0.4,0.5056694427868927,0.25566944278689274
365,0.9807634523750749,0.5130768321235597,0.929439217160703,0.5155381764712162,0.26040296497001675,0.5143832943306692,0.849802371541502,0.4067923612103233,0.42001926128265893,0.1225296442687747,0.6142857142857143,0.3859001710404969,0.39560296188524474,0.08857142857142856,0.04285714285714286,0.045714285714285714,0.27714285714285714,22.185714285714287,0.03162055335968379,0.0,0.012410250524591663,0.12126836093069551,5.201581027667984,0.027496797516429854,0.053508789820830516,0.1664980785098579,0.07905138339920949,0,0.16548222568405305,0.3695111549342651,2.812541930733853,0.7859621106223174,0.0,1.0,0.0,0.6,0.4,0.505499359503286,0.25549935950328595
366,0.9784209671876459,0.512712967468594,0.9277459350109332,0.5146940377215484,0.26040296497001675,0.5145962463187678,0.8181818181818182,0.40687141259372256,0.4200785498202083,0.1225296442687747,0.5914285714285714,0.3859573138976399,0.39564581902810186,0.08857142857142856,0.045714285714285714,0.05142857142857143,0.27714285714285714,22.21142857142857,0.03162055335968379,0.0,0.01244348787664568,0.12118130057724577,5.201581027667984,0.026671893590936958,0.05194597237162091,0.16600313615456216,0.07905138339920949,0,0.1655665437878827,0.36766359915959373,2.807719663547748,0.8612509140856439,0.0,0.9444444444444444,0.0,0.6,0.4,0.5053343787181874,0.25533437871818737
367,0.9769871036928505,0.5130527883094157,0.9267094565418379,0.514927211731219,0.26040296497001675,0.5147275189450499,0.8221343873517787,0.40687141259372256,0.4200785498202083,0.1225296442687747,0.5942857142857143,0.3859573138976399,0.39564581902810186,0.08857142857142856,0.025714285714285714,0.02857142857142857,0.27714285714285714,22.24,0.03557312252964427,0.0,0.012475931108022927,0.12109685203439956,5.201581027667984,0.025871736783208848,0.050427573970253325,0.1655230420699253,0.07905138339920949,0,0.16499528321180043,0.36582528116379576,2.7801366988482212,0.844025895803931,0.0,1.0,0.0,0.6,0.4,0.5051743473566418,0.2551743473566418
368,0.9767721706990005,0.512758594017109,0.9265540906919978,0.515194332953975,0.26040296497001675,0.5148999851993047,0.8023715415019763,0.40702951536052095,0.42019712689530714,0.1225296442687747,0.58,0.38607159961192555,0.3957315333138161,0.08857142857142856,0.037142857142857144,0.04,0.27714285714285714,22.262857142857143,0.03557312252964427,0.0,0.012507592939504916,0.12101493694783864,5.201581027667984,0.025095584679712582,0.048952404038457686,0.16505735080782755,0.07905138339920949,0,0.16491259251002716,0.36399615475797675,2.764533964871257,0.8496551996104578,0.0,0.9285714285714286,0.0,0.6,0.4,0.5050191169359425,0.25501911693594254
369,0.9772163820818276,0.5125074043189807,0.926875192063013,0.5146233182010196,0.26040296497001675,0.5149792608086596,0.8616600790513834,0.4071876181273194,0.42031570397040596,0.1225296442687747,0.6228571428571429,0.3861858853262113,0.3958172475995304,0.08857142857142856,0.04,0.04,0.27714285714285714,22.271428571428572,0.03557312252964427,0.0,0.012538486290051706,0.12093547931387462,5.201581027667984,0.024342717139321204,0.04751929964270851,0.1646056302835927,0.07905138339920949,0,0.16494374740104845,0.3621761739841869,2.7492432855738316,0.8326620956182487,0.0,0.9285714285714286,0.0,0.6,0.4,0.5048685434278642,0.25486854342786425
370,0.9770148516063518,0.5122686490788754,0.9267295143193118,0.514911730581419,0.26040296497001675,0.5150401551116639,0.8458498023715415,0.4071876181273194,0.42031570397040596,0.1225296442687747,0.6114285714285714,0.3861858853262113,0.3958172475995304,0.08857142857142856,0.03428571428571429,0.037142857142857144,0.27714285714285714,22.302857142857142,0.03557312252964427,0.0,0.012568624243051014,0.12085840540892946,5.201581027667984,0.023612435625141568,0.04612712511470596,0.16416746137508492,0.07905138339920949,0,0.16446088866047176,0.3603652931142659,2.731401277005212,0.8160088537058836,0.0,1.0,0.0,0.6,0.4,0.5047224871250283,0.2547224871250283
371,0.9775786667693113,0.514066669317906,0.9271370721371084,0.5155740964917078,0.26040296497001675,0.5151434201036547,0.8379446640316206,0.4071876181273194,0.42031570397040596,0.1225296442687747,0.6057142857142858,0.3861858853262113,0.3958172475995304,0.08857142857142856,0.04,0.04285714285714286,0.27714285714285714,22.322857142857142,0.03557312252964427,0.0,0.012598020014684236,0.12078364372113273,5.201581027667984,0.02290406255638732,0.04477477165897081,0.16374243753383239,0.07905138339920949,0,0.163980444213598,0.3585634666486946,2.7196303943222504,0.799688676631766,0.0,1.0,0.0,0.6,0.4,0.5045808125112775,0.25458081251127745
372,0.9778904886203457,0.5153911838977395,0.9273624747894273,0.5164150107254769,0.26040296497001675,0.5153056908406458,0.8458498023715415,0.4071876181273194,0.42031570397040596,0.1225296442687747,0.6114285714285714,0.3861858853262113,0.3958172475995304,0.08857142857142856,0.05714285714285714,0.05714285714285714,0.27714285714285714,22.374285714285715,0.03557312252964427,0.0,0.012626686924324625,0.12071112488396983,5.201581027667984,0.0222169406796957,0.043461156949179625,0.16333016440781742,0.07905138339920949,0,0.16361654342110143,0.3567706493154511,2.7223806435786626,0.7836949030991307,0.0,1.0,0.0,0.6,0.4,0.5044433881359391,0.25444338813593914
373,0.9791584503688185,0.5154914416929924,0.9282790299961807,0.5163080632349334,0.26040296497001675,0.5155214525141639,0.8379446640316206,0.4072666695107186,0.42037499250795535,0.1225296442687747,0.6057142857142858,0.38624302818335404,0.3958601047423876,0.08857142857142856,0.05714285714285714,0.05714285714285714,0.27714285714285714,22.4,0.03557312252964427,0.0,0.012654638366883113,0.12064078161192186,5.201581027667984,0.021550432459304828,0.042185224714760716,0.1629302594755829,0.07905138339920949,0,0.16351260356113875,0.3600847084934544,2.7250758878499464,0.8725049529598894,0.0,0.95,0.0,0.6,0.4,0.5043100864918609,0.254310086491861
374,0.9781447252760841,0.5156361722151789,0.9275462515720041,0.5159638175747971,0.26040296497001675,0.5157588481755474,0.8260869565217391,0.407424772277517,0.42049356958305417,0.1225296442687747,0.5971428571428572,0.38635731389763983,0.3959458190281019,0.08857142857142856,0.04857142857142857,0.054285714285714284,0.27714285714285714,22.431428571428572,0.03557312252964427,0.0,0.012681887787018096,0.12057254863803533,5.201581027667984,0.020903919485525682,0.040945944319172756,0.1625423516913154,0.07905138339920949,0,0.16369135184727884,0.3582842849509872,2.7248600843786615,0.9034489360567675,0.0,0.9473684210526315,0.0,0.6,0.4,0.5041807838971052,0.25418078389710513
375,0.9801714647967935,0.5148532946463965,0.9289109692364368,0.5155456625587214,0.26040296497001675,0.5159513762061456,0.8571428571428571,0.406633157810098,0.42015481039047836,0.12301587301587301,0.6171428571428571,0.38635731389763983,0.3959458190281019,0.08857142857142856,0.04285714285714286,0.04285714285714286,0.28,22.465714285714284,0.031746031746031744,0.002857142857142857,0.012709292612632858,0.12050636265336537,5.198412698412699,0.02027680190095991,0.03974231033118736,0.16216608114057593,0.07936507936507936,0,0.16321532365947106,0.3564928635262323,2.713220025548231,0.8853799573356321,0.0,1.0,0.0,0.6,0.4,0.5040553603801919,0.254055360380192
376,0.9808060659816059,0.51583841042879,0.9293678820895015,0.5162076886237131,0.26040296497001675,0.5162740480013004,0.8611111111111112,0.4067125228894631,0.42021433420000215,0.12301587301587301,0.62,0.3864144567547827,0.395988676170959,0.08857142857142856,0.05142857142857143,0.05714285714285714,0.28,22.494285714285713,0.031746031746031744,0.0,0.012737020424893717,0.12044216224823553,5.198412698412699,0.019668497843931113,0.03857334209041252,0.16180109870635867,0.07936507936507936,0,0.163141961326888,0.3547103992086011,2.7160984821801235,0.953132119991003,0.0,0.95,0.0,0.6,0.4,0.5039336995687862,0.2539336995687862
377,0.9793271052302907,0.5166315962936767,0.9283030303485547,0.5171959123298026,0.26040296497001675,0.516637719270169,0.8452380952380952,0.4067125228894631,0.42021433420000215,0.12301587301587301,0.6085714285714285,0.3864144567547827,0.395988676170959,0.08857142857142856,0.04285714285714286,0.045714285714285714,0.28,22.537142857142857,0.031746031746031744,0.0,0.012762256530255131,0.12037988785525956,5.198412698412699,0.01907844290861318,0.03743808326820253,0.1614470657451679,0.07936507936507936,0,0.16272539580596784,0.3529368472125581,2.707490798250807,0.9340694775911829,0.0,1.0,0.0,0.6,0.4,0.5038156885817227,0.25381568858172265
378,0.9785349592633384,0.5178572578316383,0.9277326852523493,0.517444676945215,0.26040296497001675,0.5170075816106585,0.8571428571428571,0.4067125228894631,0.42021433420000215,0.12301587301587301,0.6171428571428571,0.3864144567547827,0.395988676170959,0.08857142857142856,0.04,0.04,0.28,22.562857142857144,0.031746031746031744,0.0,0.012786844113508337,0.1203194816940729,5.198412698412699,0.018506089621354783,0.03633560142501968,0.16110365377281285,0.07936507936507936,0,0.16225362882336655,0.3511721629764953,2.693340982285791,0.9153880880393592,0.0,1.0,0.0,0.6,0.4,0.5037012179242709,0.25370121792427097
379,0.9798703854237536,0.5186687485166425,0.9286941920878482,0.518354226803992,0.26040296497001675,0.5173163341863174,0.8412698412698413,0.4067125228894631,0.42021433420000215,0.12301587301587301,0.6057142857142858,0.3864144567547827,0.395988676170959,0.08857142857142856,0.02857142857142857,0.03142857142857143,0.28,22.60857142857143,0.031746031746031744,0.0,0.01281079654817275,0.12026088771772182,5.198412698412699,0.01795090693271414,0.03526498756523999,0.1607705441596285,0.07936507936507936,0,0.16169921782210686,0.3494163021616128,2.670902734068646,0.897080326278572,0.0,1.0,0.0,0.6,0.4,0.5035901813865429,0.2535901813865428
380,0.9786285491889857,0.5195725251892044,0.9278000699988151,0.5192077757458702,0.26040296497001675,0.517669752030971,0.8174603174603174,0.4068712530481932,0.4203333818190498,0.12301587301587301,0.5885714285714285,0.38652874246906843,0.3960743904566733,0.08857142857142856,0.054285714285714284,0.06285714285714286,0.28,22.64,0.031746031746031744,0.0,0.012834127137290423,0.12020405156066129,5.198412698412699,0.017412379724732717,0.03422535569031393,0.16044742783483962,0.07936507936507936,0,0.1623172974437106,0.34766922065080474,2.680341822244416,0.9354671313893345,0.0,0.9090909090909091,0.0,0.6,0.4,0.5034824759449466,0.25348247594494655
381,0.9782523937205062,0.5197951501490564,0.92752923806151,0.5189769793313835,0.26040296497001675,0.5179917607495557,0.7777777777777778,0.4068712530481932,0.4203333818190498,0.12301587301587301,0.56,0.38652874246906843,0.3960743904566733,0.08857142857142856,0.03428571428571429,0.03428571428571429,0.28,22.677142857142858,0.031746031746031744,0.0,0.012856849098452167,0.12014892048831258,5.198412698412699,0.016890008332990734,0.033215842351134284,0.16013400499979444,0.07936507936507936,0,0.16170571095649205,0.3459308745475507,2.6610207000852424,0.9167577887615478,0.0,1.0,0.0,0.6,0.4,0.5033780016665982,0.25337800166659813
382,0.9782362244716822,0.5206204751996331,0.9275175962023565,0.5192644763534253,0.26040296497001675,0.5183672272483341,0.8293650793650794,0.4069506181275583,0.4203929056285736,0.12301587301587301,0.5971428571428572,0.38658588532621124,0.3961172475995304,0.08857142857142856,0.04857142857142857,0.04857142857142857,0.28,22.714285714285715,0.031746031746031744,0.0,0.012878975550074284,0.1200954433481343,5.198412698412699,0.01638330808300101,0.032235606200388345,0.1598299848498006,0.07936507936507936,0,0.16166818240170963,0.34420122017481297,2.656371714654966,0.9318025389777311,0.0,0.9411764705882353,0.0,0.6,0.4,0.5032766616166002,0.25327666161660023
383,0.977452944513983,0.5206326620317209,0.9269536346328131,0.5191596446342297,0.26040296497001675,0.5187552714119888,0.8333333333333334,0.4069506181275583,0.4203929056285736,0.12301587301587301,0.6,0.38658588532621124,0.3961172475995304,0.08857142857142856,0.04,0.04,0.28,22.745714285714286,0.031746031746031744,0.0,0.012900519498858487,0.1200435705221614,5.198412698412699,0.01589180884051098,0.03128382754561865,0.15953508530430657,0.07936507936507936,0,0.16123027291470107,0.34248021407393886,2.6432442803618663,0.9131664881981765,0.0,1.0,0.0,0.6,0.4,0.5031783617681022,0.2531783617681022
384,0.9766073785604915,0.5204645718240583,0.9263448271462992,0.5187411840298416,0.26040296497001675,0.5192637866561515,0.8015873015873016,0.4069506181275583,0.4203929056285736,0.12301587301587301,0.5771428571428572,0.38658588532621124,0.3961172475995304,0.08857142857142856,0.03142857142857143,0.03142857142857143,0.28,22.762857142857143,0.03571428571428571,0.0,0.012921493828369919,0.11999325388096761,5.198412698412699,0.01541505457529565,0.030359707903652278,0.15924903274517738,0.07936507936507936,0,0.1606525501215561,0.3407678130035692,2.6218079661832006,0.8949031584342129,0.0,1.0,0.0,0.6,0.4,0.5030830109150591,0.25308301091505914
385,0.9753864641123229,0.5195459991700392,0.9254657687436179,0.5179137881062306,0.26040296497001675,0.5197764836293399,0.7579365079365079,0.40702998320692335,0.4204524294380974,0.12301587301587301,0.5457142857142857,0.3866430281833541,0.3961601047423875,0.08857142857142856,0.03428571428571429,0.03428571428571429,0.28,22.782857142857143,0.03571428571428571,0.0,0.012941911288670692,0.11994444673900977,5.198412698412699,0.01495260293803678,0.029462469557007154,0.15897156176282207,0.07936507936507936,0,0.16078845581775128,0.3390639739385513,2.6036575211452506,0.9039207967999998,0.0,0.9166666666666666,0.0,0.6,0.4,0.5029905205876074,0.25299052058760735
386,0.9768724889756483,0.518535942912643,0.925376126183631,0.5174254935000748,0.26040296497001675,0.5201691593633057,0.8047808764940239,0.40774339055643827,0.421744182666135,0.12350597609561753,0.5771428571428572,0.3866430281833541,0.3961601047423875,0.08857142857142856,0.054285714285714284,0.054285714285714284,0.28285714285714286,22.825714285714287,0.03187250996015936,0.002857142857142857,0.012965236234424962,0.11989710381131057,5.179282868525896,0.014504024849895677,0.02859135511283384,0.1587024149099374,0.0796812749003984,0,0.16044079996723395,0.3373686540688586,2.6058700850080596,0.8858423808639998,0.0,1.0,0.0,0.6,0.4,0.5029008049699791,0.25290080496997913
387,0.9766353973142062,0.519296825197509,0.9252060975921396,0.5181155521276593,0.26040296497001675,0.5206091808247956,0.8286852589641435,0.407902753106239,0.4218637045784856,0.12350597609561753,0.5942857142857143,0.3867573138976398,0.3962458190281018,0.08857142857142856,0.04285714285714286,0.045714285714285714,0.28285714285714286,22.84285714285714,0.03187250996015936,0.0,0.012985869282538818,0.11985118117144236,5.179282868525896,0.014068904104398806,0.02774562706489825,0.15844134246263927,0.0796812749003984,0,0.16049276369991503,0.3356818107985143,2.5994669690221843,0.8685662649326238,0.0,0.9375,0.0,0.6,0.4,0.5028137808208798,0.25281378082087974
388,0.9768719003419271,0.5192736900065233,0.9253757040491621,0.5183455373196367,0.26040296497001675,0.5210683968325932,0.8406374501992032,0.407902753106239,0.4219234655346609,0.12350597609561753,0.6028571428571429,0.3867573138976398,0.396288676170959,0.08857142857142856,0.03428571428571429,0.037142857142857144,0.28285714285714286,22.88,0.03187250996015936,0.0,0.013004706234065525,0.11980663621077016,5.179282868525896,0.013646836981266841,0.02692456735907056,0.1581881021887601,0.0796812749003984,0,0.16034729988141547,0.3340034017445217,2.5846204867845977,0.8597573098708059,0.0,0.9230769230769231,0.0,0.6,0.4,0.5027293673962534,0.25272936739625335
389,0.976633782258499,0.5186777538601431,0.9252049393664752,0.5175174189034656,0.26040296497001675,0.5215175636155638,0.8207171314741036,0.40806211565603984,0.4220429874470115,0.12350597609561753,0.5885714285714285,0.3868715996119256,0.3963743904566733,0.08857142857142856,0.04857142857142857,0.05142857142857143,0.28285714285714286,22.897142857142857,0.035856573705179286,0.0,0.013023035389847318,0.11976342759891818,5.179282868525896,0.013237431871828836,0.026127476962740204,0.1579424591230973,0.0796812749003984,0,0.1603451348105798,0.3323333847357991,2.584356648477477,0.8861645030016371,0.0,0.9444444444444444,0.0,0.6,0.4,0.5026474863743657,0.2526474863743658
390,0.9770044643852303,0.5191345465834047,0.9254707714059311,0.5177072107741966,0.26040296497001675,0.5219447631813408,0.8247011952191236,0.40806211565603984,0.4220429874470115,0.12350597609561753,0.5914285714285714,0.3868715996119256,0.3963743904566733,0.08857142857142856,0.04857142857142857,0.04857142857142857,0.28285714285714286,22.917142857142856,0.035856573705179286,0.0,0.01304086872034967,0.1197215152454218,5.179282868525896,0.01284030891567397,0.025353675438536172,0.15770418534940436,0.0796812749003984,0,0.15988541199009831,0.33067171781212007,2.581240944079356,0.8684412129416044,0.0,1.0,0.0,0.6,0.4,0.5025680617831348,0.2525680617831348
391,0.9769688168144268,0.5186247660710425,0.9254452070051548,0.51761731480922,0.26040296497001675,0.5224881466906282,0.8247011952191236,0.40806211565603984,0.4220429874470115,0.12350597609561753,0.5914285714285714,0.3868715996119256,0.3963743904566733,0.08857142857142856,0.03428571428571429,0.03428571428571429,0.28285714285714286,22.931428571428572,0.035856573705179286,0.0,0.013058218019087253,0.11968086026253025,5.179282868525896,0.012455099648203752,0.02460250052269808,0.15747305978892223,0.0796812749003984,0,0.1592574135015764,0.3290183592230595,2.563901839483483,0.8510723886827722,0.0,1.0,0.0,0.6,0.4,0.5024910199296407,0.25249101992964074
392,0.9774511640579441,0.5192732475015575,0.9257911188855058,0.5178487777081394,0.26040296497001675,0.5229216774178559,0.8127490039840638,0.40822147820584065,0.4221625093593621,0.12350597609561753,0.5828571428571429,0.38698588532621125,0.3964601047423875,0.08857142857142856,0.04857142857142857,0.04857142857142857,0.28285714285714286,22.911428571428573,0.035856573705179286,0.0,0.013075094898088889,0.11964142492912541,5.179282868525896,0.01208144665875764,0.023873307708403013,0.1572488679952546,0.0796812749003984,0,0.159801284237747,0.32737326742694417,2.561195231265242,0.8576933085984897,0.0,0.8823529411764706,0.0,0.6,0.4,0.5024162893317515,0.25241628933175153
393,0.9776922080287818,0.5193110298163376,0.9258314072269576,0.5178797436763407,0.26040296497001675,0.5233055186694138,0.832,0.40939013655266965,0.42313245557993834,0.124,0.5942857142857143,0.3872144567547827,0.39663153331381606,0.08857142857142856,0.04857142857142857,0.05142857142857143,0.2857142857142857,22.94857142857143,0.032,0.002857142857142857,0.013096512715568082,0.11960317265572276,5.168,0.01171900325899491,0.02316546983432588,0.15703140195539694,0.08,0,0.160343424955844,0.33181426099068445,2.561399898068509,0.8731265195038334,0.0,0.8888888888888888,0.0,0.6,0.4,0.502343800651799,0.25234380065179896
394,0.9764880376194758,0.5195356179724483,0.9249712855060245,0.518261374492651,0.26040296497001675,0.5235320698870011,0.832,0.40939013655266965,0.42313245557993834,0.124,0.5942857142857143,0.3872144567547827,0.39663153331381606,0.08857142857142856,0.03428571428571429,0.037142857142857144,0.2857142857142857,22.957142857142856,0.032,0.0,0.013112491997874358,0.11956606795052223,5.168,0.011367433161225063,0.022478376678675915,0.15682045989673504,0.08,0,0.15979870783106476,0.33015518968573104,2.5473147572499957,0.8556639891137567,0.0,1.0,0.0,0.6,0.4,0.502273486632245,0.252273486632245
395,0.9761595209298398,0.518505825874691,0.9247366307277132,0.5176881306658072,0.26040296497001675,0.523691134804781,0.824,0.40963013655266967,0.4233124555799383,0.124,0.5885714285714285,0.3873858853262113,0.3967601047423875,0.08857142857142856,0.045714285714285714,0.045714285714285714,0.2857142857142857,23.0,0.032,0.0,0.013128032201258504,0.1195300763864777,5.168,0.01102641016638831,0.02181143455892587,0.15661584609983298,0.08,0,0.16014228572048084,0.3285044137373024,2.542082747819281,0.9361652823069146,0.0,0.875,0.0,0.6,0.4,0.5022052820332776,0.2522052820332777
396,0.9754408320037629,0.5184988954578973,0.924223281494801,0.5173227776845946,0.26040296497001675,0.5237826163088377,0.828,0.40963013655266967,0.4233124555799383,0.124,0.5914285714285714,0.3873858853262113,0.3967601047423875,0.08857142857142856,0.045714285714285714,0.04857142857142857,0.2857142857142857,23.02285714285714,0.04,0.0,0.013143144188305804,0.11949516456935447,5.168,0.01069561786139666,0.02116406593742237,0.15641737071683798,0.08,0,0.15968386072044988,0.32686189166861584,2.539812521434324,0.9174419766607763,0.0,1.0,0.0,0.6,0.4,0.5021391235722793,0.25213912357227936
397,0.9779159196219603,0.5165817656230176,0.925991201222085,0.5159893062590972,0.26040296497001675,0.5239524453701115,0.844,0.40963013655266967,0.4233124555799383,0.124,0.6028571428571429,0.3873858853262113,0.3967601047423875,0.08857142857142856,0.04,0.04,0.2857142857142857,23.037142857142857,0.04,0.0,0.01315783862600077,0.11946130010674497,5.168,0.01037474932555476,0.020535709033042693,0.15622484959533284,0.08,0,0.15928387711329406,0.3252275822102728,2.529016271005638,0.8990931371275607,0.0,1.0,0.0,0.6,0.4,0.5020749498651109,0.252074949865111
398,0.9785525349340415,0.5162672465515349,0.9264459264450001,0.5156284998061873,0.26040296497001675,0.5239645801621832,0.848,0.40963013655266967,0.4233124555799383,0.124,0.6057142857142858,0.3873858853262113,0.3967601047423875,0.08857142857142856,0.03428571428571429,0.037142857142857144,0.2857142857142857,23.05142857142857,0.04,0.0,0.013172125984434149,0.11942845157801373,5.168,0.010063506845788116,0.01992581743903754,0.15603810410747287,0.08,0,0.15882931772415618,0.32360144429922144,2.5155788027283816,0.8811112743850095,0.0,1.0,0.0,0.6,0.4,0.5020127013691577,0.2520127013691576
399,0.9776576248641179,0.516632927035501,0.9258067049664833,0.5158406511810099,0.26040296497001675,0.5238661339995474,0.84,0.40963013655266967,0.4233124555799383,0.124,0.6,0.3873858853262113,0.3967601047423875,0.08857142857142856,0.025714285714285714,0.02857142857142857,0.2857142857142857,23.062857142857144,0.032,0.0,0.013186016535925625,0.11939658850514442,5.168,0.009761601640414473,0.01933385974717905,0.15585696098424867,0.08,0,0.15865042831030451,0.32198343707772537,2.493838655245243,0.8634890488973093,0.0,1.0,0.0,0.6,0.4,0.5019523203280829,0.2519523203280829
400,0.9769621875958828,0.5167116288365333,0.925309964060601,0.5161786223382457,0.26040296497001675,0.5238947695123771,0.82,0.40979013655266966,0.4234324555799383,0.128,0.5857142857142857,0.3875001710404969,0.3968458190281018,0.09142857142857143,0.05142857142857143,0.05714285714285714,0.2857142857142857,23.077142857142857,0.036,0.0,0.013199520354531405,0.11936568132446121,5.168,0.009468753591202039,0.01875931917831508,0.15568125215472123,0.08,0,0.1588271775973244,0.32152869628682634,2.501104739283195,0.8462192679193631,0.0,0.95,0.0,0.6,0.4,0.5018937507182404,0.2518937507182404
401,0.976609577414053,0.516112544630115,0.9250580996450084,0.5155970355975275,0.26040296497001675,0.5242070118305752,0.824,0.40979013655266966,0.4234324555799383,0.128,0.5885714285714285,0.3875001710404969,0.3968458190281018,0.09142857142857143,0.04285714285714286,0.04857142857142857,0.2857142857142857,23.085714285714285,0.032,0.0,0.013212647315907617,0.11933570135919846,5.168,0.009184690983465978,0.01820169321940779,0.1555108145900796,0.08,0,0.15840389956648063,0.3199210528053922,2.4996540730689603,0.8292948825609758,0.0,1.0,0.0,0.6,0.4,0.5018369381966932,0.25183693819669317
402,0.9784032701084613,0.5161261829279244,0.9263393087124427,0.5153205980279845,0.26040296497001675,0.5243333439942411,0.808,0.40979013655266966,0.4234324555799383,0.128,0.5771428571428572,0.3875001710404969,0.3968458190281018,0.09142857142857143,0.04857142857142857,0.04857142857142857,0.2857142857142857,23.111428571428572,0.032,0.0,0.013225407097501961,0.11930662079289366,5.168,0.008909150253961998,0.01766049326712238,0.1553454901523772,0.08,0,0.15795445149721965,0.31832144754136527,2.498232420179009,0.8127089849097563,0.0,1.0,0.0,0.6,0.4,0.5017818300507924,0.2517818300507924
403,0.9785204229275485,0.5161132557980388,0.926422989297505,0.5156126626253229,0.26040296497001675,0.5243690056969188,0.84,0.40979013655266966,0.4234324555799383,0.128,0.6,0.3875001710404969,0.3968458190281018,0.09142857142857143,0.02857142857142857,0.02857142857142857,0.2857142857142857,23.13142857142857,0.036,0.0,0.013237809179047695,0.11927841264357796,5.168,0.008641875746343139,0.017135244278011386,0.15518512544780588,0.08,0,0.15733610781116214,0.3167298403036584,2.4768392003468573,0.7964548052115611,0.0,1.0,0.0,0.6,0.4,0.5017283751492686,0.2517283751492686
404,0.9772895327362524,0.5158348197740725,0.925543782018008,0.5156422200070901,0.26040296497001675,0.5243834359224187,0.864,0.40979013655266966,0.4234324555799383,0.128,0.6171428571428571,0.3875001710404969,0.3968458190281018,0.09142857142857143,0.04,0.045714285714285714,0.2857142857142857,23.142857142857142,0.036,0.0,0.013249862843335417,0.11925105073874166,5.168,0.008382619473952845,0.01662548442532863,0.1550295716843717,0.08,0,0.15700542870067774,0.3151461911021401,2.4730167020542058,0.7805257091073299,0.0,1.0,0.0,0.6,0.4,0.5016765238947906,0.25167652389479056
405,0.9756445894646372,0.5169284378936142,0.924325685114222,0.5161822097859105,0.26040296497001675,0.5243458122793875,0.8433734939759037,0.4108042810240721,0.42491077211329775,0.1285140562248996,0.6,0.3875001710404969,0.3968458190281018,0.09142857142857143,0.037142857142857144,0.037142857142857144,0.2885714285714286,23.18285714285714,0.0321285140562249,0.002857142857142857,0.013265417789564643,0.11922450969105054,5.156626506024097,0.008131140889734259,0.016130764762490424,0.15487868453384054,0.08032128514056225,0,0.15653425941431723,0.3135704601466294,2.460699225155979,0.7649151949251833,0.0,1.0,0.0,0.6,0.4,0.5016262281779469,0.25162622817794683
406,0.976989717301691,0.5167004325462804,0.9252826474897262,0.5162370559881061,0.26040296497001675,0.5243717280678571,0.8755020080321285,0.4108042810240721,0.42491077211329775,0.1285140562248996,0.6228571428571429,0.3875001710404969,0.3968458190281018,0.09142857142857143,0.04285714285714286,0.045714285714285714,0.2885714285714286,23.197142857142858,0.0321285140562249,0.0,0.013278689982817298,0.11919876487479017,5.156626506024097,0.007887206663042231,0.015650648893192565,0.15473232399782533,0.08032128514056225,0,0.1562634594923527,0.31200260784589623,2.457199526367145,0.7496168910266796,0.0,1.0,0.0,0.6,0.4,0.5015774413326084,0.25157744133260845
407,0.9761676760157066,0.5168703314193821,0.9246978238319831,0.51632806722931,0.26040296497001675,0.5245196953845348,0.8594377510040161,0.4110452448794938,0.42509149500486404,0.13253012048192772,0.6114285714285714,0.3876715996119255,0.3969743904566732,0.09428571428571429,0.045714285714285714,0.04857142857142857,0.2885714285714286,23.208571428571428,0.0321285140562249,0.0,0.013289762392728662,0.1191737924030176,5.156626506024097,0.007650590463150964,0.01518471264817578,0.15459035427789058,0.08032128514056225,0,0.15659642790917663,0.31044259480666675,2.4566269644112304,0.7400763865283538,0.0,0.8823529411764706,0.0,0.6,0.4,0.5015301180926302,0.2515301180926302
408,0.9756284746387558,0.5158756385001373,0.9243142205666665,0.515312139883781,0.26040296497001675,0.5248989943465414,0.8955823293172691,0.4110452448794938,0.42509149500486404,0.13253012048192772,0.6371428571428571,0.3876715996119255,0.3969743904566732,0.09428571428571429,0.02857142857142857,0.02857142857142857,0.2885714285714286,23.228571428571428,0.0321285140562249,0.0,0.013300521276547073,0.11914956910539815,5.156626506024097,0.0074210727492564355,0.014732543768625317,0.15445264364955386,0.08032128514056225,0,0.1560703029124879,0.3088903818326334,2.436065853694435,0.7252748587977867,0.0,1.0,0.0,0.6,0.4,0.5014842145498513,0.25148421454985126
409,0.9762691875350062,0.5159113685655929,0.9247700420271417,0.5156823029639079,0.26040296497001675,0.5252255963671206,0.8795180722891566,0.4110452448794938,0.42509149500486404,0.13253012048192772,0.6257142857142857,0.3876715996119255,0.3969743904566732,0.09428571428571429,0.04285714285714286,0.04285714285714286,0.2885714285714286,23.237142857142857,0.0321285140562249,0.0,0.013310974960173236,0.11912607250670734,5.156626506024097,0.007198440566778742,0.014293741596179688,0.15431906434006723,0.08032128514056225,0,0.15582926198758554,0.30734592992347026,2.430201679477689,0.710769361621831,0.0,1.0,0.0,0.6,0.4,0.5014396881133557,0.25143968811335576
410,0.9759451474387506,0.5162307083426463,0.9245395106443769,0.5154489414444019,0.26040296497001675,0.5255006111350105,0.8594377510040161,0.41120588744977493,0.4252119769325749,0.13253012048192772,0.6114285714285714,0.3877858853262113,0.39706010474238757,0.09428571428571429,0.04857142857142857,0.04857142857142857,0.2885714285714286,23.248571428571427,0.0321285140562249,0.0,0.013321131581630856,0.11910328080597724,5.156626506024097,0.0069824873497753796,0.013867916769512711,0.1541894924098652,0.08032128514056225,0,0.15582125853479048,0.3301884084112365,2.4301690744595636,0.7111161629637215,0.0,0.9411764705882353,0.0,0.6,0.4,0.5013964974699551,0.25139649746995507
411,0.9760867531848466,0.5170233555419342,0.9246402530180282,0.5158194278781766,0.26040296497001675,0.5257144750327586,0.8594377510040161,0.41120588744977493,0.4252119769325749,0.13253012048192772,0.6114285714285714,0.3877858853262113,0.39706010474238757,0.09428571428571429,0.04857142857142857,0.04857142857142857,0.2885714285714286,23.262857142857143,0.0321285140562249,0.0,0.013330999093211284,0.11908117285626905,5.156626506024097,0.006773012729282118,0.013454690927448443,0.15406380763756927,0.08032128514056225,0,0.15532786652783082,0.3285374663691803,2.430137121541801,0.696893839704447,0.0,1.0,0.0,0.6,0.4,0.5013546025458564,0.2513546025458564
412,0.9767764786437968,0.5167703922885231,0.9247780569861691,0.5161761418058566,0.26040296497001675,0.5259543311887568,0.8266129032258065,0.4122576584939276,0.4260176439237856,0.13306451612903225,0.5857142857142857,0.3877858853262113,0.39706010474238757,0.09428571428571429,0.04,0.04,0.2914285714285714,23.291428571428572,0.028225806451612902,0.002857142857142857,0.013342453302893829,0.11905972814505207,5.129032258064516,0.006569822347403655,0.013053696418557914,0.1539418934084422,0.08064516129032258,0,0.15483651362376308,0.3268947790373344,2.4215343791109647,0.6829559629103581,0.0,1.0,0.0,0.6,0.4,0.5013139644694807,0.25131396446948073
413,0.9767311780202648,0.5168509561741648,0.9247459582586378,0.5166918878468557,0.26040296497001675,0.5262121727744413,0.8467741935483871,0.4122576584939276,0.4260176439237856,0.13306451612903225,0.6,0.3877858853262113,0.39706010474238757,0.09428571428571429,0.04,0.04285714285714286,0.2914285714285714,23.305714285714284,0.028225806451612902,0.0,0.013359168922001674,0.11903892677517162,5.129032258064516,0.006372727676981545,0.01266457601718185,0.15382363660618892,0.08064516129032258,0,0.15471380650308822,0.3252603051421477,2.415960834385888,0.6692968436521509,0.0,1.0,0.0,0.6,0.4,0.5012745455353963,0.2512745455353963
414,0.9773908613380501,0.5168543582209445,0.9252133910095257,0.5165440198471174,0.26040296497001675,0.5266167208465486,0.8629032258064516,0.41233830365521795,0.42607812779475335,0.13306451612903225,0.6114285714285714,0.3878430281833541,0.3971029618852447,0.09428571428571429,0.04285714285714286,0.045714285714285714,0.2914285714285714,23.32857142857143,0.028225806451612902,0.0,0.013368228712431773,0.11901874944638763,5.129032258064516,0.006181545846672099,0.012286982645817623,0.15370892750800325,0.08064516129032258,0,0.15468295175628705,0.32363400361643696,2.413355903412456,0.6709635476179489,0.0,0.9375,0.0,0.6,0.4,0.5012363091693344,0.2512363091693344
415,0.9779205868100651,0.5161029008717901,0.9255887393439821,0.5161897451878852,0.26040296497001675,0.5271472889734732,0.8467741935483871,0.41249959397779856,0.42619909553668883,0.13306451612903225,0.6,0.3879573138976398,0.39718867617095893,0.09428571428571429,0.04857142857142857,0.04857142857142857,0.2914285714285714,23.365714285714287,0.024193548387096774,0.0,0.01337702899505205,0.11899917743746703,5.129032258064516,0.005996099471271936,0.011920579103801288,0.15359765968276315,0.08064516129032258,0,0.1548223977082199,0.3220158335983548,2.413660213915635,0.6597952508051573,0.0,0.9411764705882353,0.0,0.6,0.4,0.5011992198942544,0.25119921989425437
416,0.9777038781088061,0.5157026755975834,0.9254351857499471,0.516313796759161,0.26040296497001675,0.5276577332914965,0.8306451612903226,0.41249959397779856,0.42619909553668883,0.13306451612903225,0.5885714285714285,0.3879573138976398,0.39718867617095893,0.09428571428571429,0.025714285714285714,0.025714285714285714,0.2914285714285714,23.385714285714286,0.028225806451612902,0.0,0.013385576840704216,0.11898019258881413,5.129032258064516,0.005816216487133778,0.011565037802213185,0.15348972989228027,0.08064516129032258,0,0.15424814286253596,0.32040575443036295,2.3911012953516084,0.6465993457890542,0.0,1.0,0.0,0.6,0.4,0.5011632432974268,0.25116324329742673
417,0.9762396474990928,0.5155756982647255,0.9243976737750647,0.5164366280069667,0.26040296497001675,0.5282058203441071,0.8266129032258065,0.41249959397779856,0.42619909553668883,0.13306451612903225,0.5857142857142857,0.3879573138976398,0.39718867617095893,0.09428571428571429,0.03142857142857143,0.03428571428571429,0.2914285714285714,23.397142857142857,0.024193548387096774,0.0,0.01339387914930727,0.11896177728562085,5.129032258064516,0.005641729992519764,0.011220040504929751,0.15338503799551184,0.08064516129032258,0,0.1538474742910804,0.3188037256582112,2.3775649837302906,0.6336673588732731,0.0,1.0,0.0,0.6,0.4,0.501128345998504,0.251128345998504
418,0.9762155448351627,0.51620777907435,0.9243805953160511,0.5169729511402452,0.26040296497001675,0.528681909703043,0.8185483870967742,0.4125802391390889,0.4262595794076566,0.13306451612903225,0.58,0.38801445675478274,0.39723153331381617,0.09428571428571429,0.05142857142857143,0.05142857142857143,0.2914285714285714,23.434285714285714,0.024193548387096774,0.0,0.013401942652638539,0.11894391444152336,5.129032258064516,0.005472478092744171,0.010885278075740024,0.1532834868556465,0.08064516129032258,0,0.15390580977676782,0.3318154110000898,2.3814422554842563,0.6283472821521205,0.0,0.9444444444444444,0.0,0.6,0.4,0.5010944956185488,0.25109449561854885
419,0.9786983265486705,0.5164878823789882,0.9261398235016223,0.5170328433830179,0.26040296497001675,0.5291870512093987,0.8467741935483871,0.4125802391390889,0.4262595794076566,0.13306451612903225,0.6,0.38801445675478274,0.39723153331381617,0.09428571428571429,0.04,0.04857142857142857,0.2914285714285714,23.44857142857143,0.024193548387096774,0.0,0.013409773917162313,0.11892658748274876,5.129032258064516,0.0053083037499618456,0.01056045023144403,0.1531849822499771,0.08064516129032258,0,0.15364899858145545,0.3301563339450894,2.382384838946,0.6157803365090782,0.0,1.0,0.0,0.6,0.4,0.5010616607499924,0.25106166074999237
420,0.9780845555066202,0.5164498257582741,0.9257049228775411,0.5173977066854579,0.26040296497001675,0.5295229802955707,0.7943548387096774,0.4125802391390889,0.4262595794076566,0.13306451612903225,0.5628571428571428,0.38801445675478274,0.39723153331381617,0.09428571428571429,0.04,0.04,0.2914285714285714,23.474285714285713,0.028225806451612902,0.0,0.013417379346897561,0.11890978033273746,5.129032258064516,0.00514905463746299,0.01024526530084413,0.15308943278247777,0.08064516129032258,0,0.1531661821599767,0.328505552275364,2.3747371421670795,0.6034647297788965,0.0,1.0,0.0,0.6,0.4,0.5010298109274925,0.2510298109274926
421,0.9770762757512179,0.5157756987404638,0.9249904846508561,0.5165715181268206,0.26040296497001675,0.5298094130440459,0.8709677419354839,0.41274152946166953,0.42638054714959206,0.13306451612903225,0.6171428571428571,0.3881287424690684,0.39731724759953035,0.09428571428571429,0.04285714285714286,0.045714285714285714,0.2914285714285714,23.51142857142857,0.024193548387096774,0.0,0.013424765186316813,0.11889347739722639,5.129032258064516,0.0049945829983391,0.009939439989540277,0.15299674979900346,0.08064516129032258,0,0.15362835124917687,0.35232179553178755,2.372956685038024,0.6782021030716111,0.0,0.875,0.0,0.6,0.4,0.5009989165996678,0.25099891659966783
422,0.976863927106207,0.5156882255302657,0.9248400204681054,0.5164391188990974,0.26040296497001675,0.5299931249887433,0.8346774193548387,0.4129834649455405,0.42656199876249523,0.13306451612903225,0.5914285714285714,0.388300171040497,0.39744581902810183,0.09428571428571429,0.04285714285714286,0.045714285714285714,0.2914285714285714,23.53142857142857,0.024193548387096774,0.0,0.013431937523268964,0.11887766354978074,5.129032258064516,0.004844745508388927,0.00964269915043725,0.15290684730503334,0.08064516129032258,0,0.1540594959215024,0.3505601865541286,2.371211837051549,0.7395517498015786,0.0,0.875,0.0,0.6,0.4,0.5009689491016778,0.2509689491016778
423,0.9754168126466702,0.5152781586039838,0.9238146365082051,0.5158245009703789,0.26040296497001675,0.5301371911693641,0.8629032258064516,0.4129834649455405,0.42656199876249523,0.13306451612903225,0.6114285714285714,0.388300171040497,0.39744581902810183,0.09428571428571429,0.037142857142857144,0.04285714285714286,0.2914285714285714,23.545714285714286,0.028225806451612902,0.0,0.013438902291919163,0.11886232411775842,5.129032258064516,0.0046994031431372586,0.009354775559869521,0.15281964188588235,0.08064516129032258,0,0.1537169134418949,0.348807385621358,2.3666447431676607,0.7247607148055469,0.0,1.0,0.0,0.6,0.4,0.5009398806286275,0.25093988062862743
424,0.9763897120436167,0.5156704381556597,0.9245040052237556,0.5160133870388327,0.26040296497001675,0.5303053937168682,0.8346774193548387,0.4129834649455405,0.42656199876249523,0.13306451612903225,0.5914285714285714,0.388300171040497,0.39744581902810183,0.09428571428571429,0.03142857142857143,0.03142857142857143,0.2914285714285714,23.585714285714285,0.028225806451612902,0.0,0.013445665275699572,0.11884744486869675,5.129032258064516,0.0045584210488431405,0.00907540969924825,0.15273505262930587,0.08064516129032258,0,0.15311975744611397,0.3470633486932512,2.350740419732879,0.710265500509436,0.0,1.0,0.0,0.6,0.4,0.5009116842097686,0.2509116842097686
425,0.9746312610999546,0.5161960247110484,0.9232580171265322,0.5161556388468783,0.26040296497001675,0.5304827305878251,0.842741935483871,0.4131447552681211,0.4267434503753985,0.13306451612903225,0.5971428571428572,0.38841445675478276,0.3975743904566733,0.09428571428571429,0.045714285714285714,0.054285714285714284,0.2914285714285714,23.605714285714285,0.028225806451612902,0.0,0.013452232110265253,0.118833011997107,5.129032258064516,0.004421668417377846,0.008804349542133605,0.1526530010504267,0.08064516129032258,0,0.1537523050838834,0.34532803194978495,2.3580113256239357,0.7682430300038449,0.0,0.8947368421052632,0.0,0.6,0.4,0.5008843336834756,0.25088433368347557
426,0.9754306278224107,0.5154630124048339,0.9238244255470155,0.5158597240410796,0.26040296497001675,0.5305628455821033,0.8185483870967742,0.41322540042941147,0.42680393424636626,0.13306451612903225,0.58,0.38847159961192557,0.3976172475995304,0.09428571428571429,0.04,0.04,0.2914285714285714,23.63142857142857,0.028225806451612902,0.0,0.013458608286449876,0.11881901211166485,5.129032258064516,0.004289018364856511,0.008541350346634835,0.1525734110189139,0.08064516129032258,0,0.15372540355489256,0.343601391790036,2.350851099111457,0.7868377596487842,0.0,0.9285714285714286,0.0,0.6,0.4,0.5008578036729713,0.2508578036729713
427,0.9760123822522218,0.5162639578701502,0.9242366401144245,0.5166217346340313,0.26040296497001675,0.5307284884013772,0.8024193548387096,0.4133866907519921,0.42692490198830174,0.13306451612903225,0.5685714285714286,0.38858588532621124,0.3977029618852447,0.09428571428571429,0.045714285714285714,0.05142857142857143,0.2914285714285714,23.65714285714286,0.028225806451612902,0.0,0.01346479915321634,0.11880543222278606,5.129032258064516,0.0041603478139108155,0.008286174453038697,0.15249620868834649,0.08064516129032258,0,0.1537277765371181,0.3418833848310858,2.3552626485577988,0.790646168624146,0.0,0.9444444444444444,0.0,0.6,0.4,0.5008320695627821,0.25083206956278215
428,0.9764431987611146,0.5172449369388799,0.9245412234578678,0.5169964479755461,0.26040296497001675,0.5310842019268918,0.8218623481781376,0.41320692907718765,0.42827742340042707,0.13360323886639677,0.58,0.38858588532621124,0.3977029618852447,0.09428571428571429,0.054285714285714284,0.054285714285714284,0.29428571428571426,23.68285714285714,0.024291497975708502,0.002857142857142857,0.013483015334008051,0.11879225973057357,5.076923076923077,0.004035537379493491,0.008038591086568347,0.1524213224276961,0.08097165991902834,0,0.15347171336514678,0.3401739679069304,2.3624431098723577,0.7748332452516632,0.0,1.0,0.0,0.6,0.4,0.5008071074758987,0.2508071074758987
429,0.9763461514139398,0.5177897462111181,0.9244727357585758,0.517400744502154,0.26040296497001675,0.5315004605409643,0.8259109311740891,0.4132879007371067,0.42833815214536636,0.13360323886639677,0.5828571428571429,0.38864302818335417,0.39774581902810185,0.09428571428571429,0.04285714285714286,0.04285714285714286,0.29428571428571426,23.702857142857145,0.02834008097165992,0.0,0.013496420928805522,0.1187794824131275,5.076923076923077,0.003914471258108686,0.007798376165171983,0.1523486827548652,0.08097165991902834,0,0.15344678408403536,0.3402967882695015,2.3580513905320535,0.7593365803466299,0.0,0.9333333333333333,0.0,0.6,0.4,0.5007828942516217,0.25078289425162176
430,0.9762982929486639,0.5173020495156616,0.9244389613559383,0.5168209923931597,0.26040296497001675,0.5318931942489405,0.8299595141700404,0.4132879007371067,0.42833815214536636,0.13360323886639677,0.5857142857142857,0.38864302818335417,0.39774581902810185,0.09428571428571429,0.037142857142857144,0.04285714285714286,0.29428571428571426,23.72,0.02834008097165992,0.0,0.013502104067200198,0.11876708841520477,5.076923076923077,0.0037970371203654256,0.007565312112242317,0.15227822227221924,0.08097165991902834,0,0.15299326516361517,0.338595304328154,2.353747505578555,0.7441498487396973,0.0,1.0,0.0,0.6,0.4,0.5007594074240731,0.2507594074240731
431,0.9755312319801756,0.5171440196429736,0.9238976354724623,0.51675627780339,0.26040296497001675,0.5321805419306238,0.7975708502024291,0.4132879007371067,0.42833815214536636,0.13360323886639677,0.5628571428571428,0.38864302818335417,0.39774581902810185,0.09428571428571429,0.037142857142857144,0.037142857142857144,0.29428571428571426,23.754285714285714,0.032388663967611336,0.0,0.013507621418478314,0.11875506623721974,5.076923076923077,0.0036831260067544625,0.007339187674166858,0.15220987560405266,0.08097165991902834,0,0.1526843002663685,0.33690232780651325,2.3438154126098407,0.7292668517649032,0.0,1.0,0.0,0.6,0.4,0.5007366252013509,0.25073662520135087
432,0.97576792606229,0.5186085706634889,0.9240646738675543,0.5176410559307888,0.26040296497001675,0.5324033899965342,0.8097165991902834,0.4132879007371067,0.42833815214536636,0.13360323886639677,0.5714285714285714,0.38864302818335417,0.39774581902810185,0.09428571428571429,0.02857142857142857,0.03428571428571429,0.29428571428571426,23.78,0.032388663967611336,0.0,0.013512977680795941,0.11874340472457429,5.076923076923077,0.0035726322265518286,0.007119797742611067,0.1521435793359311,0.08097165991902834,0,0.15214945019360812,0.33521781616748064,2.331224818643358,0.7146815147296052,0.0,1.0,0.0,0.6,0.4,0.5007145264453103,0.2507145264453104
433,0.9766774721753,0.5180185978190959,0.9247065535530214,0.5171506465956837,0.26040296497001675,0.5325304154186487,0.8097165991902834,0.4132879007371067,0.42833815214536636,0.13360323886639677,0.5714285714285714,0.38864302818335417,0.39774581902810185,0.09428571428571429,0.04857142857142857,0.05142857142857143,0.29428571428571426,23.802857142857142,0.02834008097165992,0.0,0.013518177427406295,0.11873209305730818,5.076923076923077,0.0034654532597552736,0.006906943181432812,0.15207927195585316,0.08097165991902834,0,0.15181613436764008,0.3335417270866432,2.3360288936990625,0.700387884435013,0.0,1.0,0.0,0.6,0.4,0.500693090651951,0.25069309065195106
434,0.9784437781693286,0.5176971105420393,0.925151848499136,0.5169155911960703,0.26040296497001675,0.5328175075150888,0.8455284552845529,0.4141906229442654,0.42818844924690785,0.13414634146341464,0.5942857142857143,0.388700171040497,0.397788676170959,0.09428571428571429,0.04285714285714286,0.045714285714285714,0.29714285714285715,23.814285714285713,0.024390243902439025,0.002857142857142857,0.013523319842056292,0.11872112074006004,5.065040650406504,0.0033614896619626154,0.006700430658132306,0.15201689379717756,0.08130081300813008,0,0.15188462797794472,0.3756824762504818,2.335022601539367,0.7005563373528062,0.0,0.9375,0.0,0.6,0.4,0.5006722979323925,0.25067229793239254
435,0.9783424749549616,0.5185296345851125,0.9250806468113238,0.5177049719045019,0.26040296497001675,0.5330255440744358,0.8008130081300813,0.4141906229442654,0.42818844924690785,0.13414634146341464,0.5628571428571428,0.388700171040497,0.397788676170959,0.09428571428571429,0.045714285714285714,0.045714285714285714,0.29714285714285715,23.837142857142858,0.028455284552845527,0.0,0.013532644576355488,0.11871047759232937,5.065040650406504,0.003260644972103737,0.006500072479738717,0.15195638698326225,0.08130081300813008,0,0.15141077626662644,0.3738040638692294,2.334036435222865,0.68654521060575,0.0,1.0,0.0,0.6,0.4,0.5006521289944208,0.25065212899442074
436,0.9780292268516692,0.517654002004607,0.9248604781444384,0.5173085904591322,0.26040296497001675,0.5333184640958638,0.8577235772357723,0.4141906229442654,0.42818844924690785,0.13414634146341464,0.6028571428571429,0.388700171040497,0.397788676170959,0.09428571428571429,0.02857142857142857,0.02857142857142857,0.29714285714285715,23.857142857142858,0.032520325203252036,0.0,0.013537404267707803,0.1187001537390306,5.065040650406504,0.0031628256229406246,0.006305686433034863,0.15189769537376438,0.08130081300813008,0,0.15079657952815045,0.3719350435498832,2.315927135089837,0.672814306393635,0.0,1.0,0.0,0.6,0.4,0.5006325651245881,0.25063256512458815
437,0.9783608288346375,0.5179214324172228,0.925093546966753,0.5174225253446225,0.26040296497001675,0.5335601984338961,0.8089430894308943,0.4141906229442654,0.42818844924690785,0.13414634146341464,0.5685714285714286,0.388700171040497,0.397788676170959,0.09428571428571429,0.03428571428571429,0.03428571428571429,0.29714285714285715,23.865714285714287,0.028455284552845527,0.0,0.01354202444712456,0.11869013960133074,5.065040650406504,0.0030679408542524057,0.0061170956290268474,0.15184076451255143,0.08130081300813008,0,0.1503558837733668,0.3700753683321338,2.3038943066737536,0.6593580202657623,0.0,1.0,0.0,0.6,0.4,0.5006135881708504,0.2506135881708505
438,0.9797112124134615,0.5185743785926412,0.9260426737107267,0.5178693395525019,0.26040296497001675,0.5336523866183701,0.8252032520325203,0.4141906229442654,0.42818844924690785,0.13414634146341464,0.58,0.388700171040497,0.397788676170959,0.09428571428571429,0.037142857142857144,0.04,0.29714285714285715,23.885714285714286,0.028455284552845527,0.0,0.013546509107765572,0.118680425887762,5.065040650406504,0.0029759026286248335,0.005934128351560153,0.1517855415771749,0.08130081300813008,0,0.15011597005094643,0.3682249914904731,2.297816420540279,0.6461708598604471,0.0,1.0,0.0,0.6,0.4,0.5005951805257249,0.250595180525725
439,0.979667726475532,0.5196440086331253,0.9260121093086393,0.5185162783707828,0.26040296497001675,0.5337062080194566,0.8252032520325203,0.4141906229442654,0.42818844924690785,0.13414634146341464,0.58,0.388700171040497,0.397788676170959,0.09428571428571429,0.04857142857142857,0.05714285714285714,0.29714285714285715,23.911428571428573,0.032520325203252036,0.0,0.013550862134217136,0.11867100358560022,5.065040650406504,0.0028866255497660884,0.005756617909990158,0.15173197532985966,0.08130081300813008,0,0.1500168790386485,0.36638386653302074,2.3090029492723305,0.6332474426632382,0.0,1.0,0.0,0.6,0.4,0.5005773251099532,0.25057732510995323
440,0.9806271304659288,0.5196457078852459,0.9266864332561752,0.5180455563732101,0.26040296497001675,0.5338099886555563,0.8211382113821138,0.41427192375727356,0.428249424856664,0.13414634146341464,0.5771428571428572,0.38875731389763984,0.3978315333138161,0.09428571428571429,0.045714285714285714,0.05142857142857143,0.29714285714285715,23.934285714285714,0.036585365853658534,0.0,0.013555087305098055,0.11866186395250329,5.065040650406504,0.002800026783273106,0.0055844024958126015,0.15168001606996387,0.08130081300813008,0,0.14995250892916953,0.36455194720035566,2.314251461715455,0.6829599689270243,0.0,0.9444444444444444,0.0,0.6,0.4,0.5005600053566546,0.2505600053566546
441,0.9811359581251964,0.5201462997087251,0.9270440664109746,0.5182649408273289,0.26040296497001675,0.533852131600979,0.8170731707317073,0.4143532245702816,0.42831040046642005,0.13414634146341464,0.5742857142857143,0.3888144567547827,0.3978743904566733,0.09428571428571429,0.05142857142857143,0.054285714285714284,0.29714285714285715,23.957142857142856,0.036585365853658534,0.0,0.013559188295624908,0.1186529985083993,5.065040650406504,0.0027160259797749126,0.00541732504316228,0.15162961558786495,0.08130081300813008,0,0.15005776061677362,0.36272918746435384,2.32225214676686,0.684195480615991,0.0,0.9473684210526315,0.0,0.6,0.4,0.500543205195955,0.25054320519595497
442,0.980722413021027,0.5194739985991891,0.9267534032806156,0.5175274465769468,0.26040296497001675,0.5338110973640117,0.8373983739837398,0.4144111906229388,0.42843235168593224,0.13414634146341464,0.5885714285714285,0.38885519860893597,0.3979601047423876,0.09428571428571429,0.045714285714285714,0.054285714285714284,0.29714285714285715,23.985714285714284,0.04065040650406504,0.0,0.013563168680135709,0.11864439902761846,5.065040650406504,0.002634545200381665,0.005255233093089617,0.151580727120229,0.08130081300813008,0,0.1501923303851183,0.36978175279654374,2.330092818117237,0.6705115710036712,0.0,0.9473684210526315,0.0,0.6,0.4,0.5005269090400764,0.25052690904007635
443,0.9806176715268342,0.519739584872066,0.9266797849732686,0.5174070986133689,0.26040296497001675,0.5336657210850208,0.7520325203252033,0.414573792248955,0.42855430290544444,0.13414634146341464,0.5285714285714286,0.3889694843232217,0.39804581902810177,0.09428571428571429,0.04857142857142857,0.04857142857142857,0.29714285714285715,23.99142857142857,0.036585365853658534,0.0,0.013567031934571112,0.11863605753126101,5.065040650406504,0.002555508844370215,0.005097978661524283,0.15153330530662212,0.08130081300813008,0,0.15021194301533558,0.367932844032561,2.332062390326321,0.671861143876133,0.0,0.9411764705882353,0.0,0.6,0.4,0.500511101768874,0.25051110176887403
444,0.9808943907822811,0.5195905476352436,0.9268742790785258,0.5174184875739655,0.26040296497001675,0.5336996178637583,0.7601626016260162,0.414573792248955,0.4286762541249567,0.13414634146341464,0.5342857142857143,0.3889694843232217,0.3981315333138161,0.09428571428571429,0.05142857142857143,0.054285714285714284,0.29714285714285715,23.997142857142858,0.036585365853658534,0.0,0.013570781438912684,0.11862796627979427,5.065040650406504,0.0024788435790391084,0.004945418110839261,0.15148730614742345,0.08130081300813008,0,0.15023202615740172,0.3660931798123982,2.339706856805509,0.6584239209986104,0.0,0.9473684210526315,0.0,0.6,0.4,0.5004957687158078,0.2504957687158078
445,0.9815009015118059,0.5202519077764787,0.9273005694769917,0.5177205675362028,0.26040296497001675,0.5335638519458304,0.8577235772357723,0.414573792248955,0.4286762541249567,0.13414634146341464,0.6028571428571429,0.3889694843232217,0.3981315333138161,0.09428571428571429,0.045714285714285714,0.04857142857142857,0.29714285714285715,24.034285714285716,0.036585365853658534,0.0,0.013574420479577612,0.11862011776587163,5.065040650406504,0.002404478271667935,0.004797412024927561,0.15144268696300076,0.08130081300813008,0,0.1499084388837576,0.3642627139133362,2.341484148240827,0.6452554425786381,0.0,1.0,0.0,0.6,0.4,0.5004808956543336,0.25048089565433357
446,0.9801532312006169,0.5203754603798053,0.9263533497725559,0.5181339059113649,0.26040296497001675,0.533449581015407,0.8455284552845529,0.41473639387497135,0.4287982053444689,0.13414634146341464,0.5942857142857143,0.38908377003750744,0.39821724759953037,0.09428571428571429,0.04285714285714286,0.04285714285714286,0.29714285714285715,24.054285714285715,0.032520325203252036,0.0,0.01357795225176949,0.11861250470736652,5.065040650406504,0.002332343923517897,0.004653825087704844,0.15139940635411073,0.08130081300813008,0,0.14984446811791022,0.36244140034376954,2.3375116081331537,0.6578807559296392,0.0,0.9333333333333333,0.0,0.6,0.4,0.5004664687847036,0.2504664687847036
447,0.9788085521670229,0.5200540910856527,0.9254082325089441,0.517786172372903,0.26040296497001675,0.5333192948690149,0.8414634146341463,0.41481769468797947,0.428859180954225,0.13414634146341464,0.5914285714285714,0.38914091289465036,0.39826010474238754,0.09428571428571429,0.04,0.045714285714285714,0.29714285714285715,24.062857142857144,0.036585365853658534,0.0,0.013581379861785016,0.11860512004061663,5.065040650406504,0.0022623736058123597,0.00451452596495705,0.1513574241634874,0.08130081300813008,0,0.14986596077732064,0.3636900695539235,2.3364756616847764,0.6584674814126311,0.0,0.9375,0.0,0.6,0.4,0.5004524747211625,0.2504524747211625
448,0.9816843509042293,0.5200133055713513,0.926151195004396,0.5176896914770015,0.26040296497001675,0.533254275981477,0.8530612244897959,0.4137183364598466,0.4293117304566516,0.1346938775510204,0.5971428571428572,0.38914091289465036,0.39826010474238754,0.09428571428571429,0.037142857142857144,0.04,0.3,24.08,0.0326530612244898,0.002857142857142857,0.013584346727374387,0.11859795691386929,5.061224489795919,0.002194502397637989,0.0043793871894469705,0.15131670143858278,0.08163265306122448,0,0.14951549096986266,0.3618716192061539,2.329746148451081,0.6452981317843784,0.0,1.0,0.0,0.6,0.4,0.5004389004795275,0.2504389004795276
449,0.9823030843273615,0.5210386027405319,0.9265843084005883,0.5181947015555174,0.26040296497001675,0.5330418076121883,0.8163265306122449,0.4137183364598466,0.4293117304566516,0.1346938775510204,0.5714285714285714,0.38914091289465036,0.39826010474238754,0.09428571428571429,0.04,0.04,0.3,24.10857142857143,0.036734693877551024,0.0,0.013592231358722683,0.11859100868092434,5.061224489795919,0.002128667325708849,0.004248285049200606,0.1512772003954253,0.08163265306122448,0,0.14908162851501333,0.3600622611101231,2.323151225482059,0.6323921691486908,0.0,1.0,0.0,0.6,0.4,0.5004257334651417,0.25042573346514174
