t,mean_x,mean_y,mean_x_all,mean_y_all,mean_L,y0,mean_epc,mean_r,mean_b,fund_prevalence,mean_epc_all,mean_r_all,mean_b_all,fund_prevalence_all,punish_rate,mean_punished,exit_rate,mean_exit_intent,exit_attempt_rate,exit_success_rate,p_opp_mean,stay_value,mean_degree_active,threat,A,budget,enforcer_frac,n_cadre_fallback,cap_mean,cap_p90,service_mean,service_p90,monopoly_on,enforcer_punish_share_step,alpha_punish_revalue,delta_outside_degrade,mu_membership_reward,current_delta,eta_delta_drift,punish_floor,punish_intensity_step,pi_reward,lam_punish
0,0.34762732679760017,0.5013237543060031,0.34762732679760017,0.5013237543060031,0.24908806407921,0.5,0.0,0.3367942435537577,0.34785709531154907,0.002857142857142857,0.0,0.3367942435537577,0.34785709531154907,0.002857142857142857,0.0,0.0,0.0,0.0,0.0,0.0,0.5,0.0,11.794285714285714,0.0,0.0,0.0,0.0,0,0.0,0.0,0.0,0.0,0.0,0.0,0.0,0.1,0.0,0.1,0.0,0.08,0.0,0.25,0.25
1,0.35533816399325846,0.5014625030266401,0.35533816399325846,0.5014625030266401,0.24908806407921,0.5055079605521039,0.6771428571428572,0.3373085292680434,0.3482428095972634,0.002857142857142857,0.6771428571428572,0.3373085292680434,0.3482428095972634,0.002857142857142857,0.025714285714285714,0.025714285714285714,0.0,0.02857142857142857,0.0,0.0,0.03113318665339734,0.08436634914903715,11.794285714285714,0.0,0.0,0.15,0.08,28,0.0038571428571428576,0.0,0.025714285714285714,0.0,0.0,0.7777777777777778,0.0,0.1,0.0,0.1,0.0,0.08,0.025714285714285714,0.25,0.25
2,0.36289992326892884,0.5011766674529533,0.36289992326892884,0.5011766674529533,0.24908806407921,0.511498374005812,0.8828571428571429,0.3386228149823291,0.34922852388297765,0.005714285714285714,0.8828571428571429,0.3386228149823291,0.34922852388297765,0.005714285714285714,0.03142857142857143,0.037142857142857144,0.0,0.03142857142857143,0.0,0.0,0.03113318665339734,0.08436634914903715,11.794285714285714,0.0,0.0,0.15,0.08,26,0.009409285714285714,0.0,0.062342857142857144,0.0,0.0,1.0,0.0,0.1,0.0,0.1,0.0,0.08,0.03142857142857143,0.25,0.25
3,0.37442090816528345,0.5008012313400756,0.37442090816528345,0.5008012313400756,0.24908806407921,0.5089253885726549,0.9028571428571428,0.3396757254153071,0.35021423816869196,0.008571428571428572,0.9028571428571428,0.3396757254153071,0.35021423816869196,0.008571428571428572,0.037142857142857144,0.037142857142857144,0.0,0.05142857142857143,0.0,0.0,0.03113318665339734,0.08436634914903715,11.794285714285714,0.0,0.0,0.15,0.08,24,0.014933667857142854,0.0,0.09823885714285713,0.0,0.0,1.0,0.0,0.1,0.0,0.1,0.0,0.08,0.037142857142857144,0.25,0.25
4,0.38399403049528524,0.5009123062382245,0.38399403049528524,0.5009123062382245,0.24908806407921,0.5035833194162115,0.9028571428571428,0.34173286827245,0.3517570953115491,0.011428571428571429,0.9028571428571428,0.34173286827245,0.3517570953115491,0.011428571428571429,0.06285714285714286,0.06285714285714286,0.0,0.054285714285714284,0.0,0.0,0.03113318665339734,0.08436634914903715,11.794285714285714,0.0,0.0,0.15,0.08,20,0.02428757094642857,0.0,0.15913122285714285,0.0,0.0,0.9545454545454546,0.0,0.1,0.0,0.1,0.0,0.08,0.06285714285714286,0.25,0.25
5,0.3956860950362066,0.5013517931288484,0.3956860950362066,0.5013517931288484,0.24908806407921,0.4992553159647553,0.8771428571428571,0.34321858255816423,0.35308566674012054,0.014285714285714285,0.8771428571428571,0.34321858255816423,0.35308566674012054,0.014285714285714285,0.054285714285714284,0.05714285714285714,0.0,0.06285714285714286,0.0,0.0,0.03113318665339734,0.08436634914903715,11.794285714285714,0.0,0.0,0.15,0.08,18,0.032737561663125,0.0,0.21309145554285716,0.0,0.0,0.95,0.0,0.1,0.0,0.1,0.0,0.08,0.054285714285714284,0.25,0.25
6,0.4030712679040144,0.5006058934487906,0.4030712679040144,0.5006058934487906,0.24908806407921,0.4953929829392622,0.8942857142857142,0.3444757254153071,0.35402852388297773,0.017142857142857144,0.8942857142857142,0.3444757254153071,0.35402852388297773,0.017142857142857144,0.04857142857142857,0.05142857142857143,0.0,0.07142857142857142,0.0,0.0,0.03113318665339734,0.08436634914903715,11.794285714285714,0.0,0.0,0.15,0.08,14,0.04028815956909508,0.0,0.2602581978605714,0.0,0.0,0.8333333333333334,0.0,0.1,0.0,0.1,0.0,0.08,0.04857142857142857,0.25,0.25
7,0.41415618917448827,0.500178379977525,0.41415618917448827,0.500178379977525,0.24908806407921,0.492852867521697,0.9142857142857143,0.34545878057346013,0.3551428095972634,0.017142857142857144,0.9142857142857143,0.34545878057346013,0.3551428095972634,0.017142857142857144,0.05714285714285714,0.06,0.0,0.07714285714285714,0.0,0.0,0.03113318665339734,0.08436634914903715,11.794285714285714,0.0,0.0,0.15,0.08,12,0.04848069564725986,0.0,0.31505303390336,0.0,0.0,0.8571428571428571,0.0,0.1,0.0,0.1,0.0,0.08,0.05714285714285714,0.25,0.25
8,0.42474782980236586,0.49942280806148875,0.42474782980236586,0.49942280806148875,0.24908806407921,0.4904896997677882,0.9171428571428571,0.34637306628774583,0.35621423816869197,0.02,0.9171428571428571,0.34637306628774583,0.35621423816869197,0.02,0.05142857142857143,0.05142857142857143,0.0,0.08571428571428572,0.0,0.0,0.03113318665339734,0.08436634914903715,11.794285714285714,0.0,0.0,0.15,0.08,9,0.05407246168336144,0.014482809702145556,0.3601805446538642,0.08681255332469172,0.0,0.8888888888888888,0.0,0.1,0.0,0.1,0.0,0.08,0.05142857142857143,0.25,0.25
9,0.43201592551530454,0.4994438098441613,0.43201592551530454,0.4994438098441613,0.24908806407921,0.4890740064813297,0.9114285714285715,0.34791592343060296,0.35758566674012054,0.022857142857142857,0.9114285714285715,0.34791592343060296,0.35758566674012054,0.022857142857142857,0.06571428571428571,0.06857142857142857,0.0,0.12857142857142856,0.0,0.0,0.03113318665339734,0.08436634914903715,11.794285714285714,0.0,0.0,0.15,0.08,7,0.062201438453534805,0.147096305709375,0.42154836233221543,0.9242505440000003,0.0,0.9166666666666666,0.0,0.1,0.0,0.1,0.0,0.08,0.06571428571428571,0.25,0.25
10,0.4406890221571655,0.4993692437397347,0.4406890221571655,0.4993692437397347,0.24908806407921,0.488373917655504,0.9142857142857143,0.34982779346107723,0.359401347494917,0.022857142857142857,0.9142857142857143,0.34982779346107723,0.359401347494917,0.022857142857142857,0.08,0.08857142857142856,0.0,0.14,0.0,0.0,0.03113318665339734,0.08436634914903715,11.794285714285714,0.0,0.0,0.15,0.08,4,0.07269028840412428,0.147096305709375,0.5016888236569997,0.9242505440000003,0.0,0.9354838709677419,0.0,0.1,0.0,0.1,0.0,0.08,0.08,0.25,0.25
11,0.450826015082584,0.49979613034018144,0.450826015082584,0.49979613034018144,0.24908806407921,0.4878276587925845,0.9057142857142857,0.35164567813013237,0.36150134749491697,0.022857142857142857,0.9057142857142857,0.35164567813013237,0.36150134749491697,0.022857142857142857,0.08,0.08571428571428572,0.0,0.16,0.0,0.0,0.03113318665339734,0.08436634914903715,11.794285714285714,0.0,0.0,0.15,0.08,3,0.08045824605146155,0.14636082418082813,0.5773693328981454,0.9057655331200002,0.0,1.0,0.0,0.1,0.0,0.1,0.0,0.08,0.08,0.25,0.25
12,0.4595815068407033,0.500378445846466,0.4595815068407033,0.500378445846466,0.24908806407921,0.487364551025935,0.9142857142857143,0.35391760310487347,0.36360128137272574,0.03142857142857143,0.9142857142857143,0.35391760310487347,0.36360128137272574,0.03142857142857143,0.09142857142857143,0.1,0.0,0.19428571428571428,0.0,0.0,0.03113318665339734,0.08436634914903715,11.794285714285714,0.0,0.0,0.15,0.08,3,0.09128452624977568,0.14628731296828124,0.6658219462401825,0.9039207967999998,0.0,1.0,0.0,0.1,0.0,0.1,0.0,0.08,0.09142857142857143,0.25,0.25
13,0.47050950464106944,0.4996599249435274,0.47050950464106944,0.4996599249435274,0.24908806407921,0.4882329226267078,0.9085714285714286,0.35523823507397645,0.3650584242298686,0.04,0.9085714285714286,0.35523823507397645,0.3650584242298686,0.04,0.07142857142857142,0.08,0.0,0.2914285714285714,0.0,0.0,0.03113318665339734,0.08436634914903715,11.794285714285714,0.0,0.0,0.15,0.08,0,0.09893952012905913,0.14562902005992398,0.7325055073153788,0.8876502224576002,0.0,0.9285714285714286,0.0,0.1,0.0,0.1,0.0,0.08,0.07142857142857142,0.25,0.25
14,0.4771395054569286,0.49925095735179215,0.4771395054569286,0.49925095735179215,0.24908806407921,0.48904641175213265,0.9142857142857143,0.3564407834200737,0.3664137188005681,0.04,0.9142857142857143,0.3564407834200737,0.3664137188005681,0.04,0.08857142857142856,0.09142857142857143,0.0,0.3485714285714286,0.0,0.0,0.03113318665339734,0.08436634914903715,11.794285714285714,0.0,0.0,0.15,0.08,0,0.10383070234699175,0.14562902005992398,0.8092839685976426,0.8876502224576002,0.0,0.96875,0.0,0.1,0.0,0.1,0.0,0.08,0.08857142857142856,0.25,0.25
15,0.48729486923206633,0.5000188400416831,0.48729486923206633,0.5000188400416831,0.24908806407921,0.4899714148362892,0.8828571428571429,0.35872649770578796,0.3681280045148539,0.04285714285714286,0.8828571428571429,0.35872649770578796,0.3681280045148539,0.04285714285714286,0.1,0.10285714285714286,0.0,0.44857142857142857,0.0,0.0,0.03113318665339734,0.08436634914903715,11.794285714285714,0.0,0.0,0.15,0.08,0,0.11446380172403829,0.14562902005992398,0.8959554320828326,0.8876502224576002,0.0,0.9444444444444444,0.0,0.1,0.0,0.1,0.0,0.08,0.1,0.25,0.25
16,0.4962499262036226,0.4990755964502042,0.4962499262036226,0.4990755964502042,0.24908806407921,0.4908365775905187,0.8942857142857142,0.3599752619061174,0.36978166097740706,0.045714285714285714,0.8942857142857142,0.3599752619061174,0.36978166097740706,0.045714285714285714,0.10571428571428572,0.11428571428571428,0.0,0.52,0.002857142857142857,0.0,0.03113318665339734,0.08436634914903715,11.794285714285714,0.0,0.0,0.15,0.08,0,0.12020708164206559,0.1457764118880959,0.9923220377268902,0.8913773427776011,0.0,0.95,0.0,0.1,0.0,0.1,0.0,0.08,0.10571428571428572,0.25,0.25
17,0.5041337704662837,0.499327297185921,0.5041337704662837,0.499327297185921,0.24908806407921,0.49149919570681844,0.8942857142857142,0.36156230834840825,0.37160845270821596,0.045714285714285714,0.8942857142857142,0.36156230834840825,0.37160845270821596,0.045714285714285714,0.10571428571428572,0.11142857142857143,0.0,0.62,0.002857142857142857,0.0,0.03113318665339734,0.08436634914903715,11.794285714285714,0.0,0.0,0.15,0.08,0,0.1247927300342151,0.14702242509375,1.0839041684009239,0.9223681599999999,0.0,0.9743589743589743,0.0,0.1,0.0,0.1,0.0,0.08,0.10571428571428572,0.25,0.25
18,0.5140328688007628,0.49795916317268196,0.5140328688007628,0.49795916317268196,0.24908806407921,0.4919678985575368,0.8685714285714285,0.36238157737428567,0.3732259345817497,0.04857142857142857,0.8685714285714285,0.36238157737428567,0.3732259345817497,0.04857142857142857,0.10571428571428572,0.12571428571428572,0.0,0.7285714285714285,0.002857142857142857,0.0,0.03113318665339734,0.08436634914903715,11.794285714285714,0.0,0.0,0.15,0.08,0,0.1271714036528751,0.14628731296828124,1.1879403707471914,0.9039207967999998,0.0,1.0,0.0,0.1,0.0,0.1,0.0,0.08,0.10571428571428572,0.25,0.25
19,0.5225764504201428,0.4982526480841094,0.5225764504201428,0.4982526480841094,0.24908806407921,0.4921630040912008,0.8885714285714286,0.3639244345171428,0.3749484611168057,0.04857142857142857,0.8885714285714286,0.3639244345171428,0.3749484611168057,0.04857142857142857,0.12285714285714286,0.13428571428571429,0.0,0.9,0.002857142857142857,0.0,0.03113318665339734,0.08436634914903715,11.794285714285714,0.0,0.0,0.15,0.08,0,0.13456411806318214,0.14555587640343984,1.2984672776179615,0.8858423808639998,0.0,0.9787234042553191,0.0,0.1,0.0,0.1,0.0,0.08,0.12285714285714286,0.25,0.25
20,0.5306888446298733,0.4994286098528102,0.5306888446298733,0.4994286098528102,0.24908806407921,0.4922064243952117,0.8714285714285714,0.3653254485553362,0.3765430160929849,0.05142857142857143,0.8714285714285714,0.3653254485553362,0.3765430160929849,0.05142857142857143,0.11714285714285715,0.13714285714285715,0.0,1.0114285714285713,0.008571428571428572,0.0,0.03113318665339734,0.08436634914903715,11.794285714285714,0.0,0.0,0.15,0.08,0,0.1387254910172324,0.14497401861610854,1.4096407892084595,0.8717050596020486,0.0,0.9791666666666666,0.0,0.1,0.0,0.1,0.0,0.08,0.11714285714285715,0.25,0.25
21,0.5371795276925635,0.49931361337211194,0.5371795276925635,0.49931361337211194,0.24908806407921,0.49253097383388306,0.8228571428571428,0.36703973426962194,0.3783858732358421,0.05714285714285714,0.8228571428571428,0.36703973426962194,0.3783858732358421,0.05714285714285714,0.13142857142857142,0.1457142857142857,0.0,1.2142857142857142,0.011428571428571429,0.0,0.03113318665339734,0.08436634914903715,11.794285714285714,0.0,0.0,0.15,0.08,0,0.14319289555891507,0.14424914852302798,1.527162259138576,0.8542709584100077,0.0,1.0,0.0,0.1,0.0,0.1,0.0,0.08,0.13142857142857142,0.25,0.25
22,0.5474057517394276,0.4987845064513413,0.5474057517394276,0.4987845064513413,0.24908806407921,0.492579703420666,0.84,0.3680947854086283,0.37981266766350186,0.06285714285714286,0.84,0.3680947854086283,0.37981266766350186,0.06285714285714286,0.12571428571428572,0.14,0.0,1.3628571428571428,0.014285714285714285,0.0,0.03113318665339734,0.08436634914903715,11.794285714285714,0.0,0.0,0.15,0.08,0,0.14788013287142793,0.14490087495962437,1.6366190139558043,0.8698972180084482,0.0,0.9387755102040817,0.0,0.1,0.0,0.1,0.0,0.08,0.12571428571428572,0.25,0.25
23,0.5562251594994093,0.4985266620008086,0.5562251594994093,0.4985266620008086,0.24908806407921,0.49288827513688527,0.8342857142857143,0.36873296123634225,0.3806432388204777,0.06285714285714286,0.8342857142857143,0.36873296123634225,0.3806432388204777,0.06285714285714286,0.09714285714285714,0.1,0.0,1.5857142857142856,0.02,0.0,0.03113318665339734,0.08436634914903715,11.794285714285714,0.0,0.0,0.15,0.08,0,0.14881767398982537,0.14417637058482624,1.703886633676688,0.8524992736482793,0.0,1.0,0.0,0.1,0.0,0.1,0.0,0.08,0.09714285714285714,0.25,0.25
24,0.5620668781044347,0.4982689886187724,0.5620676410962369,0.49864097791994744,0.24908806407921,0.4931261856566971,0.7851002865329513,0.3702156335335732,0.38230925308564434,0.0659025787965616,0.7828571428571428,0.3698301564264623,0.3816121565338649,0.06571428571428571,0.12893982808022922,0.13714285714285715,0.002857142857142857,1.7742857142857142,0.017191977077363897,0.002857142857142857,0.031160269232501214,0.08436634914903715,11.71919770773639,0.0,0.0,0.15,0.08022922636103152,0,0.15204373204487623,0.14410395653631553,1.8069517581460117,0.8507630225817854,0.0,0.9791666666666666,0.0,0.1,0.0,0.1,0.0,0.08,0.12857142857142856,0.25,0.25
25,0.5693911873310257,0.49769600340373527,0.5693710237250378,0.49802129508130083,0.24908806407921,0.4932532768214524,0.7793696275071633,0.37093682086386787,0.3830828920541257,0.0659025787965616,0.7771428571428571,0.3705492832215275,0.38238358510529347,0.06571428571428571,0.10888252148997135,0.12,0.002857142857142857,1.9914285714285713,0.02005730659025788,0.0,0.031201595935890704,0.08436634914903715,11.71919770773639,0.0,0.0,0.15,0.08022922636103152,0,0.15508337052750898,0.14345548873190211,1.8908127229830913,0.8354492881753136,0.0,0.9761904761904762,0.0,0.1,0.0,0.1,0.0,0.08,0.10888252148997135,0.25,0.25
26,0.5775548487019536,0.4971008231692956,0.577104753372992,0.49740256353370205,0.24908806407921,0.4934146535767478,0.7118155619596542,0.3722266275124403,0.38497922195067164,0.069164265129683,0.7057142857142857,0.37169214036438464,0.3836264422481507,0.06857142857142857,0.11815561959654179,0.12857142857142856,0.008571428571428572,2.2714285714285714,0.025936599423631124,0.005714285714285714,0.03127031913198462,0.08436634914903715,11.631123919308358,0.0,0.0,0.15,0.08069164265129683,0,0.15915492587866464,0.1427382112882426,1.9815678970948583,0.8187403024118074,0.0,1.0,0.0,0.1,0.0,0.1,0.0,0.08,0.12034383954154727,0.25,0.25
27,0.5854234951568791,0.4974876016712298,0.5849059542868753,0.49773308112630227,0.24908806407921,0.4931877944111177,0.7406340057636888,0.37314881771416936,0.38602889638944987,0.07204610951008646,0.7342857142857143,0.3726064260786704,0.3846671194774535,0.07142857142857142,0.08645533141210375,0.09142857142857143,0.008571428571428572,2.4771428571428573,0.040345821325648415,0.0,0.031274813150024845,0.08436634914903715,11.631123919308358,0.0,0.0,0.15,0.08069164265129683,0,0.16098976892519448,0.14202452023180137,2.0333651105815327,0.8023654963635712,0.0,1.0,0.0,0.1,0.0,0.1,0.0,0.08,0.08645533141210375,0.25,0.25
28,0.5915808457421039,0.4970746795749781,0.5910105275813696,0.49736418925810133,0.24908806407921,0.4931423881644761,0.7031700288184438,0.3738970773485749,0.38728249869492526,0.07204610951008646,0.6971428571428572,0.3733482720590666,0.3859099766203107,0.07142857142857142,0.12103746397694524,0.12285714285714286,0.008571428571428572,2.7485714285714287,0.05187319884726225,0.0,0.031274813150024845,0.08436634914903715,11.631123919308358,0.0,0.0,0.15,0.08069164265129683,0,0.1616408207948542,0.1421682639284464,2.1155549512270446,0.8057345179329959,0.0,0.9767441860465116,0.0,0.1,0.0,0.1,0.0,0.08,0.12103746397694524,0.25,0.25
29,0.5998509421917394,0.49744052239852543,0.599712339404824,0.4981696178725803,0.24908806407921,0.4929561508125413,0.6242774566473989,0.3740322254917268,0.38643586475712,0.07225433526011561,0.6171428571428571,0.37363398634478096,0.386185377760918,0.07142857142857142,0.07225433526011561,0.07428571428571429,0.011428571428571429,2.96,0.07514450867052024,0.002857142857142857,0.031268821943289817,0.08436634914903715,11.630057803468208,0.0,0.0,0.15,0.08092485549132948,0,0.16111818811945136,0.14145742260880415,2.1475295664882177,0.7896198275743359,0.0,1.0,0.0,0.1,0.0,0.1,0.0,0.08,0.07204610951008646,0.25,0.25
30,0.6061699010026361,0.4984882640163029,0.60527652934487,0.49931581297091643,0.24908806407921,0.4929730113502621,0.5710144927536231,0.37498418165264125,0.3882711430675425,0.07536231884057971,0.5628571428571428,0.37476054790302094,0.3870681118927499,0.07428571428571429,0.11014492753623188,0.11714285714285715,0.014285714285714285,3.142857142857143,0.09565217391304348,0.002857142857142857,0.031360343732277036,0.08436634914903716,11.431884057971015,0.0,0.0,0.15,0.08115942028985507,0,0.16374931679037016,0.14281026326651078,2.2217218323013106,0.8204418284569713,0.0,0.975609756097561,0.0,0.1,0.0,0.1,0.0,0.08,0.10982658959537572,0.25,0.25
31,0.6132175948893761,0.4992850286972329,0.6122395016709393,0.5001536420958598,0.24908806407921,0.49304949481112964,0.6017441860465116,0.37478904331210794,0.38876125180878635,0.07848837209302326,0.5914285714285714,0.37487483361730656,0.3871538261784643,0.07714285714285714,0.07848837209302326,0.08571428571428572,0.017142857142857144,3.36,0.10465116279069768,0.002857142857142857,0.03147788554235985,0.08436634914903716,11.244186046511627,0.0,0.0,0.15,0.08139534883720931,0,0.1649019987778469,0.14352790278041283,2.26300168136957,0.8371855392418075,0.0,0.9666666666666667,0.0,0.1,0.0,0.1,0.0,0.08,0.0782608695652174,0.25,0.25
32,0.6197298562975484,0.4980811356024047,0.6186401243121143,0.4989814811214418,0.24908806407921,0.49324429832667105,0.5726744186046512,0.3748471828469917,0.3892617337009104,0.07848837209302326,0.5628571428571428,0.3749319764744494,0.3876457283810091,0.07714285714285714,0.11627906976744186,0.12571428571428572,0.017142857142857144,3.611428571428571,0.11337209302325581,0.0,0.03157472060433893,0.08436634914903716,11.244186046511627,0.0,0.0,0.15,0.08139534883720931,0,0.16566151821339975,0.14519566231928044,2.343455933456464,0.87735297992205,0.0,0.9545454545454546,0.0,0.1,0.0,0.1,0.0,0.08,0.11627906976744186,0.25,0.25
33,0.6261335392830132,0.4989120251568258,0.6249340298749712,0.49976727023449957,0.24908806407921,0.4932598374511127,0.5668604651162791,0.37519602005629404,0.38959527869245647,0.07848837209302326,0.5571428571428572,0.37527483361730657,0.3879735554584144,0.07714285714285714,0.09011627906976744,0.1,0.017142857142857144,3.8514285714285714,0.12209302325581395,0.0,0.03157472060433893,0.08436634914903716,11.244186046511627,0.0,0.0,0.15,0.08139534883720931,0,0.1652327827651899,0.14446968400768406,2.3965868147873355,0.8598059203236089,0.0,1.0,0.0,0.1,0.0,0.1,0.0,0.08,0.09011627906976744,0.25,0.25
34,0.633369702178127,0.498981990396319,0.6318505750801328,0.4998574200290159,0.24908806407921,0.49337071111232983,0.5947521865889213,0.3739818199274159,0.38955103020133086,0.07580174927113703,0.5828571428571429,0.3757319764744495,0.3885306983155572,0.07714285714285714,0.10204081632653061,0.10285714285714286,0.02,4.171428571428572,0.13702623906705538,0.002857142857142857,0.031588750328015426,0.08436634914903715,11.19533527696793,0.0,0.0,0.15,0.07871720116618076,0,0.16616707409236514,0.14374733558764563,2.451512221348731,0.8426098019171367,0.0,1.0,0.0,0.1,0.0,0.1,0.0,0.08,0.10174418604651163,0.25,0.25
35,0.6397265574183298,0.49806979139177815,0.6382098308640978,0.49914816296121584,0.24908806407921,0.4933627758992765,0.5366568914956011,0.37456969353838665,0.3897108762535497,0.07624633431085044,0.5228571428571429,0.37604713658398703,0.38883069831555717,0.07714285714285714,0.0967741935483871,0.1,0.025714285714285714,4.388571428571429,0.14076246334310852,0.005714285714285714,0.031663353920158836,0.08436634914903715,11.102639296187684,0.0,0.0,0.15,0.07917888563049853,0,0.16659309586476048,0.14776123124999999,2.502481976921757,0.9411919999999999,0.0,0.9428571428571428,0.0,0.1,0.0,0.1,0.0,0.08,0.09620991253644315,0.25,0.25
36,0.6457233086876751,0.49822446989695407,0.6435818116098517,0.49977547099481684,0.24908806407921,0.493252623052874,0.5634218289085545,0.37500164255768376,0.3891767804306851,0.07669616519174041,0.5457142857142857,0.3763328508697013,0.38931179247353265,0.07714285714285714,0.11504424778761062,0.11714285714285715,0.03142857142857143,4.585714285714285,0.1504424778761062,0.005714285714285714,0.03179757565342344,0.08436634914903716,10.949852507374631,0.0,0.0,0.15,0.07964601769911504,0,0.166524644639918,0.14702242509375,2.5695751945261787,0.9223681599999999,0.0,1.0,0.0,0.1,0.0,0.1,0.0,0.08,0.11436950146627566,0.25,0.25
37,0.6529660961413628,0.4977861664570296,0.6496647622725058,0.4996370520082811,0.24908806407921,0.4932883308654228,0.5548961424332344,0.3753179276116025,0.3886761120669047,0.0771513353115727,0.5342857142857143,0.37610427944112984,0.3893546496163898,0.07714285714285714,0.0771513353115727,0.07714285714285714,0.037142857142857144,4.742857142857143,0.14836795252225518,0.005714285714285714,0.03182261803637256,0.08436634914903716,10.931750741839762,0.0,0.0,0.15,0.08011869436201781,0,0.16680630713100408,0.14850375,2.5953265477785123,0.9603999999999999,0.0,0.9259259259259259,0.0,0.1,0.0,0.1,0.0,0.08,0.07669616519174041,0.25,0.25
38,0.6562257139159131,0.49759385197128836,0.6525899505616161,0.4993400560303423,0.24908806407921,0.4934881442020752,0.5476190476190477,0.37672872486551495,0.38878606538195803,0.08035714285714286,0.5257142857142857,0.37668473578535316,0.3897201621777931,0.08,0.10119047619047619,0.10857142857142857,0.04,4.937142857142857,0.15773809523809523,0.002857142857142857,0.03187876795482057,0.08436634914903715,10.857142857142858,0.0,0.0,0.15,0.08035714285714286,0,0.1677715613096348,0.14776123124999999,2.6519914453943705,0.9411919999999999,0.0,1.0,0.0,0.1,0.0,0.1,0.0,0.08,0.10385756676557864,0.25,0.25
39,0.6627943643576524,0.49749725360713964,0.6580268800361035,0.4990917704377661,0.24908806407921,0.49398519810315483,0.5347432024169184,0.3754772283999313,0.3878357727207853,0.07854984894259819,0.5057142857142857,0.3764561643567817,0.3895487336063645,0.08,0.08459214501510574,0.09714285714285714,0.054285714285714284,5.091428571428572,0.14803625377643503,0.014285714285714285,0.03221604691581735,0.08436634914903715,10.453172205438067,0.0,0.0,0.15,0.07854984894259819,0,0.16810413207451522,0.14850375,2.69609447362934,0.9603999999999999,0.0,0.9411764705882353,0.0,0.1,0.0,0.1,0.0,0.08,0.08928571428571429,0.25,0.25
40,0.6682988609519221,0.4971235807798685,0.6632325611009702,0.4986177637260562,0.24908806407921,0.49425016744736533,0.5981873111782477,0.3753563824784812,0.38774513827969775,0.07854984894259819,0.5657142857142857,0.376341878642496,0.38946301932065014,0.08,0.10876132930513595,0.10857142857142857,0.054285714285714284,5.2457142857142856,0.16012084592145015,0.0,0.032255126385521936,0.08436634914903715,10.453172205438067,0.0,0.0,0.15,0.07854984894259819,0,0.16817689998199978,0.14791010812500002,2.7507440127281817,0.9450728000000008,0.0,0.9736842105263158,0.0,0.1,0.0,0.1,0.0,0.08,0.10876132930513595,0.25,0.25
41,0.6792319190254075,0.4974610988212384,0.6723506184227328,0.4989883387985807,0.24908806407921,0.49452538552699943,0.5426829268292683,0.374777024628184,0.3884608386464737,0.07926829268292683,0.5085714285714286,0.37611330721392455,0.38929159074922154,0.08,0.07926829268292683,0.08857142857142856,0.06285714285714286,5.437142857142857,0.16158536585365854,0.008571428571428572,0.032544787734801156,0.08436634914903715,10.042682926829269,0.0,0.0,0.15,0.07926829268292683,0,0.1684788726249469,0.148578375,2.7843005610450464,0.9623600000000003,0.0,0.9354838709677419,0.0,0.1,0.0,0.1,0.0,0.08,0.08459214501510574,0.25,0.25
42,0.6846995077038535,0.49855387105385224,0.676922368553165,0.5002169631534462,0.24908806407921,0.49484922777430274,0.5137614678899083,0.3728650277616036,0.386590688305943,0.0764525993883792,0.48,0.37611330721392455,0.38929159074922154,0.08,0.0856269113149847,0.08571428571428572,0.06571428571428571,5.602857142857143,0.1620795107033639,0.002857142857142857,0.03260165004483504,0.08436634914903715,10.01834862385321,0.0,0.0,0.15,0.0764525993883792,0,0.1679790496903936,0.147835483125,2.814328835538432,0.9431128000000003,0.0,1.0,0.0,0.1,0.0,0.1,0.0,0.08,0.08536585365853659,0.25,0.25
43,0.6910039398031145,0.49810488055856533,0.6813891335159843,0.5003423810970685,0.24908806407921,0.4951555716009425,0.5263157894736842,0.3710755924745856,0.3852873847477605,0.07430340557275542,0.4857142857142857,0.37605616435678174,0.3892487336063644,0.08,0.08668730650154799,0.08857142857142856,0.07714285714285714,5.728571428571429,0.15479876160990713,0.011428571428571429,0.03292323865403198,0.08436634914903715,9.362229102167182,0.0,0.0,0.15,0.07739938080495357,0,0.16831044015622734,0.147835483125,2.8466136873990915,0.9431128000000003,0.0,0.967741935483871,0.0,0.1,0.0,0.1,0.0,0.08,0.09174311926605505,0.25,0.25
44,0.6961529293709099,0.49833218725060113,0.6851321566758313,0.5006657999332623,0.24908806407921,0.4955409423588374,0.5062111801242236,0.3713703890026132,0.38620876743927957,0.07453416149068323,0.4657142857142857,0.3761704500710675,0.3893667854353615,0.08,0.09316770186335403,0.10857142857142857,0.08,5.8742857142857146,0.16770186335403728,0.002857142857142857,0.03305162186719703,0.08436634914903715,9.347826086956522,0.0,0.0,0.15,0.08074534161490683,0,0.17129688866973192,0.15,2.898252842222538,1.0,0.0,0.9210526315789473,0.0,0.1,0.0,0.1,0.0,0.08,0.09597523219814241,0.25,0.25
45,0.7026137177097399,0.4987752232394758,0.6905692073612745,0.5012196419886462,0.24908806407921,0.49592957836683843,0.5669781931464174,0.3719007500737149,0.3865358121891762,0.07476635514018691,0.52,0.3758847357853532,0.38915249972107574,0.08,0.10903426791277258,0.10857142857142857,0.08285714285714285,5.982857142857143,0.16199376947040497,0.002857142857142857,0.03309612005445746,0.08436634914903715,9.327102803738319,0.0,0.0,0.15,0.08099688473520249,0,0.17302702793787006,0.15,2.9488592139495156,1.0,0.0,0.9210526315789473,0.0,0.1,0.0,0.1,0.0,0.08,0.11180124223602485,0.25,0.25
46,0.7078269138791415,0.497832774821865,0.6943957189828504,0.5005022399570652,0.24908806407921,0.496223196112574,0.5454545454545454,0.37328091987423595,0.3863814979674965,0.07523510971786834,0.49714285714285716,0.37611330721392466,0.38932392829250434,0.08,0.10658307210031348,0.11428571428571428,0.08857142857142856,6.114285714285714,0.16614420062695925,0.005714285714285714,0.03320619375206862,0.08436634914903716,9.191222570532915,0.0,0.0,0.15,0.08150470219435736,0,0.1739470836310444,0.14925,3.0041677439562395,0.98,0.0,0.975,0.0,0.1,0.0,0.1,0.0,0.08,0.10903426791277258,0.25,0.25
47,0.7113392340451389,0.49838421653763604,0.6977156263138986,0.5007432309347339,0.24908806407921,0.49650060625738035,0.5628930817610063,0.374403133914254,0.38654091219611914,0.07547169811320754,0.5114285714285715,0.3762562922344854,0.3894953568639329,0.08,0.09433962264150944,0.1,0.09142857142857143,6.308571428571429,0.16037735849056603,0.002857142857142857,0.03326289037378311,0.08436634914903715,9.163522012578616,0.0,0.0,0.15,0.08176100628930817,0,0.17347706249860345,0.14850375,3.0440843890771143,0.9603999999999999,0.0,1.0,0.0,0.1,0.0,0.1,0.0,0.08,0.09717868338557993,0.25,0.25
48,0.7147941954078059,0.49946614774596104,0.7005927774360441,0.5012692161659351,0.24908806407921,0.4965780282581653,0.5936507936507937,0.37451645175478016,0.38868293650876606,0.0761904761904762,0.5342857142857143,0.37648486366305683,0.38988107114964715,0.08,0.08888888888888889,0.1,0.1,6.457142857142857,0.15873015873015872,0.008571428571428572,0.033485397185787955,0.08436634914903715,8.926984126984127,0.0,0.0,0.15,0.07936507936507936,0,0.17408876215487745,0.14776123124999999,3.083202701295573,0.9411919999999999,0.0,1.0,0.0,0.1,0.0,0.1,0.0,0.08,0.09433962264150944,0.25,0.25
49,0.721312013138145,0.5008671313066614,0.7057836312299082,0.5024121787073067,0.24908806407921,0.4967785530138089,0.5222929936305732,0.3733327938611987,0.38924473319027303,0.07643312101910828,0.4685714285714286,0.3765420065201997,0.39005249972107575,0.08,0.10828025477707007,0.11142857142857143,0.10285714285714286,6.557142857142857,0.1592356687898089,0.002857142857142857,0.03368526785584287,0.08436634914903715,8.643312101910828,0.0,0.0,0.15,0.07961783439490445,0,0.17488181276981601,0.147096305709375,3.1329672186982322,0.9242505440000003,0.0,0.9743589743589743,0.0,0.1,0.0,0.1,0.0,0.08,0.10793650793650794,0.25,0.25
50,0.7285364582113337,0.5011009847378826,0.7122649905241404,0.5025413794805361,0.24908806407921,0.4970102525226893,0.5127388535031847,0.3734601823962306,0.3893786932733668,0.07643312101910828,0.46,0.3766562922344854,0.39017268105276554,0.08,0.11146496815286625,0.12,0.10285714285714286,6.668571428571428,0.1624203821656051,0.0,0.03373289803830712,0.08436634914903715,8.643312101910828,0.0,0.0,0.15,0.07961783439490445,0,0.1761215465631098,0.14732018258437507,3.1903078743242674,0.9301313440000016,0.0,0.9761904761904762,0.0,0.1,0.0,0.1,0.0,0.08,0.11146496815286625,0.25,0.25
51,0.7344318294990274,0.500188019927885,0.7176643408722773,0.5019642562781704,0.24908806407921,0.4974420028360887,0.5337620578778135,0.37186418169413415,0.3872964616499069,0.07717041800643087,0.4742857142857143,0.37688486366305685,0.39034410962419414,0.08285714285714285,0.0932475884244373,0.10857142857142857,0.11142857142857143,6.8028571428571425,0.15434083601286175,0.008571428571428572,0.03372522166074409,0.08436634914903714,8.59807073954984,0.0,0.0,0.15,0.07717041800643087,0,0.17566922454457998,0.1465835816714532,3.2350731454092108,0.9115287171200016,0.0,1.0,0.0,0.1,0.0,0.1,0.0,0.08,0.09872611464968153,0.25,0.25
52,0.7415516276358938,0.5006939882564093,0.7239907900738929,0.5026110530076667,0.24908806407921,0.4977075868050557,0.5112540192926045,0.37225003378416627,0.38758585071743096,0.07717041800643087,0.4542857142857143,0.377227720805914,0.390601252481337,0.08285714285714285,0.1157556270096463,0.11714285714285715,0.11142857142857143,6.954285714285715,0.1607717041800643,0.0,0.03378713838854941,0.08436634914903714,8.59807073954984,0.0,0.0,0.15,0.08038585209003216,0,0.1759802897868496,0.1458506637630959,3.287514539643884,0.8932981427776016,0.0,1.0,0.0,0.1,0.0,0.1,0.0,0.08,0.1157556270096463,0.25,0.25
53,0.7459583226961018,0.5005292394818872,0.7280902406976197,0.5031083280345019,0.24908806407921,0.4980093835413811,0.5145631067961165,0.372837071722701,0.3874974253635919,0.07766990291262135,0.4542857142857143,0.3769991493773425,0.39042982390990844,0.08285714285714285,0.10032362459546926,0.10285714285714286,0.11714285714285715,7.045714285714285,0.15857605177993528,0.005714285714285714,0.033901334118154894,0.08436634914903715,8.368932038834952,0.0,0.0,0.15,0.08090614886731391,0,0.17635724548077247,0.15,3.3246213917081486,0.9621403286858439,0.0,0.9444444444444444,0.0,0.1,0.0,0.1,0.0,0.08,0.10289389067524116,0.25,0.25
54,0.7523194808468631,0.5006513479802431,0.7332572938186995,0.5030934112174961,0.24908806407921,0.4984168077492476,0.5097402597402597,0.3737028056710553,0.38617801944744756,0.07792207792207792,0.44857142857142857,0.3768848636630568,0.39034410962419414,0.08285714285714285,0.1038961038961039,0.09714285714285714,0.12,7.14,0.1590909090909091,0.002857142857142857,0.03403137362911734,0.08436634914903715,8.357142857142858,0.0,0.0,0.15,0.08116883116883117,0,0.17644447348561854,0.149325,3.3552718210168426,0.98,0.0,0.9705882352941176,0.0,0.1,0.0,0.1,0.0,0.08,0.10355987055016182,0.25,0.25
55,0.7581489745367223,0.5013127506622124,0.7384044897917308,0.5037550619476877,0.24908806407921,0.49866312943239766,0.50814332247557,0.3731181230675159,0.38758848812530416,0.0781758957654723,0.44571428571428573,0.377227720805914,0.390601252481337,0.08285714285714285,0.1270358306188925,0.14,0.12285714285714286,7.26,0.16286644951140064,0.002857142857142857,0.03404897003066177,0.08436634914903715,8.325732899022801,0.0,0.0,0.15,0.08143322475570032,0,0.1774471089753333,0.149325,3.4281663845965062,0.961798783346761,0.0,0.9795918367346939,0.0,0.1,0.0,0.1,0.0,0.08,0.12987012987012986,0.25,0.25
56,0.7634413117488563,0.5010075284107033,0.7422898442096585,0.5039787370417225,0.24908806407921,0.49891098198025974,0.5180327868852459,0.373640099014569,0.38740671704194873,0.07868852459016394,0.4514285714285714,0.37749136648706827,0.390724334916534,0.08285714285714285,0.10163934426229508,0.10285714285714286,0.12857142857142856,7.362857142857143,0.16393442622950818,0.005714285714285714,0.034079452770650394,0.08436634914903716,8.308196721311475,0.0,0.0,0.15,0.08196721311475409,0,0.17737169557917526,0.148578375,3.462460199761719,0.9425628076798259,0.0,1.0,0.0,0.1,0.0,0.1,0.0,0.08,0.10749185667752444,0.25,0.25
57,0.7695034767593198,0.5008187679309747,0.7479780250864474,0.5041117434110927,0.24908806407921,0.4991173451305834,0.5181518151815182,0.37479655018661234,0.38707884037574863,0.07920792079207921,0.44857142857142857,0.37749136648706827,0.390724334916534,0.08285714285714285,0.10561056105610561,0.10285714285714286,0.13428571428571429,7.56,0.16501650165016502,0.005714285714285714,0.034114107041782006,0.08436634914903715,8.283828382838283,0.0,0.0,0.15,0.07920792079207921,0,0.17688469424413655,0.147835483125,3.496068138623627,0.9237115515262293,0.0,1.0,0.0,0.1,0.0,0.1,0.0,0.08,0.10491803278688525,0.25,0.25
58,0.7769309026382478,0.5006758809460556,0.7525754661239468,0.5042255597235177,0.24908806407921,0.4994343970242186,0.5533333333333333,0.3740890772939254,0.389168465363418,0.08,0.4742857142857143,0.3773770807727826,0.3906386206308197,0.08285714285714285,0.11333333333333333,0.10571428571428572,0.14285714285714285,7.722857142857142,0.17,0.008571428571428572,0.034162487314881494,0.08436634914903716,8.16,0.0,0.0,0.15,0.08,0,0.17688569934434442,0.14798510812500004,3.5318610615654404,0.9176142463813409,0.0,0.972972972972973,0.0,0.1,0.0,0.1,0.0,0.08,0.11221122112211221,0.25,0.25
59,0.7822628406126769,0.500229850071986,0.7564528599204586,0.5039409699008359,0.24908806407921,0.49981400026622513,0.5852842809364549,0.3731136497769747,0.38926119325331404,0.0802675585284281,0.5,0.3772627950584969,0.39055290634510553,0.08285714285714285,0.10702341137123746,0.10571428571428572,0.1457142857142857,7.848571428571429,0.16722408026755853,0.002857142857142857,0.03432455647579506,0.08436634914903715,8.073578595317725,0.0,0.0,0.15,0.0802675585284281,0,0.17680127084762273,0.149325,3.566938126048417,0.9057655331200002,0.0,0.972972972972973,0.0,0.1,0.0,0.1,0.0,0.08,0.11,0.25,0.25
60,0.7864301381027362,0.5003694592365902,0.760161953740279,0.5032288452765707,0.24908806407921,0.5001467004533177,0.5838926174496645,0.3738596101269497,0.3900503912892262,0.08053691275167785,0.49714285714285716,0.3775485093442111,0.3907671920593912,0.08285714285714285,0.11073825503355705,0.11714285714285715,0.14857142857142858,7.98,0.1644295302013423,0.002857142857142857,0.03433582126330051,0.08436634914903715,8.060402684563758,0.0,0.0,0.15,0.08053691275167785,0,0.1770970955301337,0.148578375,3.612742220670306,0.8876502224576002,0.0,1.0,0.0,0.1,0.0,0.1,0.0,0.08,0.11371237458193979,0.25,0.25
61,0.7913164196344059,0.5009451951158288,0.7638326495779927,0.5039697119210477,0.24908806407921,0.5003627330744412,0.5622895622895623,0.37446495863523804,0.3897105941183949,0.08080808080808081,0.47714285714285715,0.3777199379156397,0.3908957634879627,0.08285714285714285,0.08754208754208755,0.09714285714285714,0.15142857142857144,8.114285714285714,0.16498316498316498,0.002857142857142857,0.03436547908755781,0.08436634914903715,8.04040404040404,0.0,0.0,0.15,0.08080808080808081,0,0.17661146719534015,0.147835483125,3.6376302333997566,0.8698972180084482,0.0,1.0,0.0,0.1,0.0,0.1,0.0,0.08,0.09060402684563758,0.25,0.25
62,0.7945965378582368,0.5008373003953396,0.7671280601875444,0.5032586293664502,0.24908806407921,0.5007594127608606,0.5802047781569966,0.3757819017398129,0.39096869036103626,0.08191126279863481,0.4857142857142857,0.377605652201354,0.3908100492022484,0.08285714285714285,0.07849829351535836,0.07142857142857142,0.16285714285714287,8.217142857142857,0.14675767918088736,0.011428571428571429,0.034500134560917876,0.08436634914903715,7.856655290102389,0.0,0.0,0.15,0.08191126279863481,0,0.17641412414507776,0.14798510812500004,3.6363062001603326,0.8704530607122385,0.0,0.96,0.0,0.1,0.0,0.1,0.0,0.08,0.07744107744107744,0.25,0.25
63,0.799217832892634,0.5011866823263075,0.7711331680303594,0.5031275536849837,0.24908806407921,0.5010479285996894,0.5876288659793815,0.3767420862700268,0.39241584557785564,0.08247422680412371,0.48857142857142855,0.37749136648706827,0.3907243349165341,0.08285714285714285,0.07560137457044673,0.06571428571428571,0.16857142857142857,8.374285714285714,0.14776632302405499,0.005714285714285714,0.03458548392677684,0.08436634914903715,7.821305841924398,0.0,0.0,0.15,0.07903780068728522,0,0.1763313399529238,0.149325,3.629294361871412,0.8766075922494777,0.0,0.9565217391304348,0.0,0.1,0.0,0.1,0.0,0.08,0.07508532423208192,0.25,0.25
64,0.8052579865884336,0.5005041801619722,0.7755866343746375,0.5027186771304047,0.24908806407921,0.5014242947834257,0.5363321799307958,0.3763479535879346,0.3933327566108415,0.08304498269896193,0.44285714285714284,0.37726279505849686,0.39055290634510553,0.08285714285714285,0.08650519031141868,0.08857142857142856,0.1742857142857143,8.56857142857143,0.14878892733564014,0.005714285714285714,0.03484054885847428,0.08436634914903715,7.474048442906574,0.0,0.0,0.15,0.07958477508650519,0,0.17681982896387347,0.15,3.6452799032054126,0.9006885202187525,0.0,0.9354838709677419,0.0,0.1,0.0,0.1,0.0,0.08,0.08934707903780069,0.25,0.25
65,0.8072285485638214,0.5004979692279162,0.7772137555486006,0.502754324344598,0.24908806407921,0.5015669591190101,0.4913494809688581,0.3763479535879346,0.3933327566108415,0.08304498269896193,0.4057142857142857,0.37726279505849686,0.39055290634510553,0.08285714285714285,0.07958477508650519,0.08,0.1742857142857143,8.642857142857142,0.1522491349480969,0.0,0.03489447435162769,0.08436634914903715,7.474048442906574,0.0,0.0,0.15,0.07958477508650519,0,0.17627844410476837,0.14925,3.6523743051413042,0.8826747498143774,0.0,1.0,0.0,0.1,0.0,0.1,0.0,0.08,0.07958477508650519,0.25,0.25
66,0.8105894986473099,0.5013060868994987,0.7799889400461097,0.503647038407445,0.24908806407921,0.5015993412505926,0.5743944636678201,0.3763479535879346,0.3933327566108415,0.08304498269896193,0.4742857142857143,0.37726279505849686,0.39055290634510553,0.08285714285714285,0.0726643598615917,0.06571428571428571,0.1742857142857143,8.734285714285715,0.15570934256055363,0.0,0.03489447435162769,0.08436634914903715,7.474048442906574,0.0,0.0,0.15,0.07958477508650519,0,0.1756541947413874,0.14850375,3.6450411047527633,0.8650212548180899,0.0,1.0,0.0,0.1,0.0,0.1,0.0,0.08,0.0726643598615917,0.25,0.25
67,0.8146011547707562,0.5017887437518846,0.7833014218166124,0.5038648867913186,0.24908806407921,0.5016289591480725,0.5813148788927336,0.37620954528343636,0.39322895038246775,0.08304498269896193,0.48,0.3771485093442111,0.39046719205939123,0.08285714285714285,0.05190311418685121,0.05142857142857143,0.1742857142857143,8.825714285714286,0.14878892733564014,0.0,0.03489447435162769,0.08436634914903715,7.474048442906574,0.0,0.0,0.15,0.07958477508650519,0,0.17543292376768044,0.14798510812500004,3.623568854086279,0.856078800003608,0.0,0.9444444444444444,0.0,0.1,0.0,0.1,0.0,0.08,0.05190311418685121,0.25,0.25
68,0.8177081248751481,0.5020471125169402,0.7853288153675392,0.503605449885881,0.24908806407921,0.5017551858668515,0.5798611111111112,0.376716962607383,0.3936768726036753,0.08333333333333333,0.47714285714285715,0.3771485093442111,0.39046719205939123,0.08285714285714285,0.08680555555555555,0.07428571428571429,0.17714285714285713,8.934285714285714,0.1527777777777778,0.002857142857142857,0.0349016339995243,0.08436634914903715,7.458333333333333,0.0,0.0,0.15,0.0798611111111111,0,0.17536629915113214,0.14724518258437505,3.6253831912902688,0.8389572240035359,0.0,1.0,0.0,0.1,0.0,0.1,0.0,0.08,0.08650519031141868,0.25,0.25
69,0.8208710312005205,0.5017240383276168,0.7879385664550647,0.5026332808516687,0.24908806407921,0.501903830980219,0.5629370629370629,0.37566472937851547,0.3941923939854762,0.08391608391608392,0.46,0.37691993791563966,0.39029576348796263,0.08285714285714285,0.04895104895104895,0.05714285714285714,0.18285714285714286,9.008571428571429,0.14335664335664336,0.005714285714285714,0.034922773693731424,0.08436634914903715,7.440559440559441,0.0,0.0,0.15,0.08041958041958042,0,0.1756317540839479,0.15,3.6100183846073195,0.8876502224576002,0.0,0.9,0.0,0.1,0.0,0.1,0.0,0.08,0.05555555555555555,0.25,0.25
70,0.8243433002922199,0.5011919537210856,0.7907759063414249,0.5019886448179914,0.24908806407921,0.5019809021755215,0.5629370629370629,0.3758045895183756,0.39429728909037126,0.08391608391608392,0.46,0.3770342236299254,0.39038147777367693,0.08285714285714285,0.08741258741258741,0.08,0.18285714285714286,9.06857142857143,0.13986013986013987,0.0,0.034929292908315424,0.08436634914903715,7.440559440559441,0.0,0.0,0.15,0.08041958041958042,0,0.17620522629434213,0.15,3.6178180169151735,0.8913773427776011,0.0,0.9285714285714286,0.0,0.1,0.0,0.1,0.0,0.08,0.08741258741258741,0.25,0.25
71,0.8291869060602137,0.5006700059234795,0.7947338241975567,0.5017618845063846,0.24908806407921,0.5019398765976119,0.5664335664335665,0.3759982959348734,0.3944669045395004,0.08391608391608392,0.46285714285714286,0.37719250944454935,0.3905200778263938,0.08285714285714285,0.05944055944055944,0.04857142857142857,0.18285714285714286,9.197142857142858,0.14685314685314685,0.0,0.034929292908315424,0.08436634914903715,7.440559440559441,0.0,0.0,0.15,0.08041958041958042,0,0.17555262873429894,0.14925,3.5940330851482987,0.8735497959220491,0.0,1.0,0.0,0.1,0.0,0.1,0.0,0.08,0.05944055944055944,0.25,0.25
72,0.8314169615305289,0.5006981756616345,0.7965560980961572,0.5023425735042059,0.24908806407921,0.5018859287837392,0.5769230769230769,0.3759982959348734,0.3944669045395004,0.08391608391608392,0.4714285714285714,0.37719250944454935,0.3905200778263938,0.08285714285714285,0.08741258741258741,0.08285714285714285,0.18285714285714286,9.262857142857143,0.14685314685314685,0.0,0.034929292908315424,0.08436634914903715,7.440559440559441,0.0,0.0,0.15,0.08041958041958042,0,0.17518772558705603,0.14850375,3.6050095663024755,0.856078800003608,0.0,1.0,0.0,0.1,0.0,0.1,0.0,0.08,0.08741258741258741,0.25,0.25
73,0.8347658393570228,0.5022086648131279,0.7983177333350583,0.503701175154447,0.24908806407921,0.5018213458470172,0.5929824561403508,0.375667163534894,0.3954124288482488,0.08421052631578947,0.4828571428571429,0.37707822373026356,0.39043436354067956,0.08285714285714285,0.09824561403508772,0.09142857142857143,0.18571428571428572,9.377142857142857,0.14385964912280702,0.002857142857142857,0.034923756690628076,0.08436634914903714,7.431578947368421,0.0,0.0,0.15,0.08070175438596491,0,0.17511164410197788,0.14798510812500004,3.624337946404997,0.8894949587776007,0.0,0.96875,0.0,0.1,0.0,0.1,0.0,0.08,0.10139860139860139,0.25,0.25
74,0.8369840549907712,0.5018283279040825,0.8001239946368252,0.5036363721368561,0.24908806407921,0.501788171741627,0.5508771929824562,0.375667163534894,0.3954124288482488,0.08421052631578947,0.44857142857142857,0.37707822373026356,0.39043436354067956,0.08285714285714285,0.08421052631578947,0.08285714285714285,0.18571428571428572,9.471428571428572,0.15087719298245614,0.0,0.03493263572817518,0.08436634914903714,7.431578947368421,0.0,0.0,0.15,0.08070175438596491,0,0.17455037159575373,0.14724518258437505,3.63470833033404,0.8717050596020486,0.0,1.0,0.0,0.1,0.0,0.1,0.0,0.08,0.08421052631578947,0.25,0.25
75,0.8445889124873851,0.5015110368422051,0.8034970320679365,0.503460494056274,0.24908806407921,0.5017838626240755,0.5300353356890459,0.3752654279685114,0.3959067860282602,0.08480565371024736,0.42857142857142855,0.376963938015978,0.39034864925496526,0.08285714285714285,0.07420494699646643,0.07428571428571429,0.19142857142857142,9.56,0.1413427561837456,0.005714285714285714,0.034923480812960955,0.08436634914903715,7.420494699646643,0.0,0.0,0.15,0.0812720848056537,0,0.17442033402348925,0.15603056642961785,3.636299878013073,0.8858423808639998,0.0,0.9615384615384616,0.0,0.1,0.0,0.1,0.0,0.08,0.08070175438596491,0.25,0.25
76,0.8484641016439094,0.5016750057291065,0.8046542646809254,0.5037200703237463,0.24908806407921,0.5016924724055327,0.5800711743772242,0.37379190354787234,0.39334503782587704,0.08185053380782918,0.4657142857142857,0.376963938015978,0.39034864925496526,0.08285714285714285,0.09252669039145907,0.09428571428571429,0.19714285714285715,9.628571428571428,0.13523131672597866,0.005714285714285714,0.03503530028262782,0.08436634914903715,7.330960854092527,0.0,0.0,0.15,0.07829181494661921,0,0.17515757340543503,0.15525041359746977,3.6578595947385253,0.8681255332467198,0.0,1.0,0.0,0.1,0.0,0.1,0.0,0.08,0.09540636042402827,0.25,0.25
77,0.8518587892213231,0.5016604495878908,0.80637379824697,0.5031560924532557,0.24908806407921,0.5017745165053797,0.6209386281588448,0.3721162404199461,0.39047785784802175,0.07942238267148015,0.49142857142857144,0.3767353665874064,0.39017722068353666,0.08285714285714285,0.06859205776173286,0.06285714285714286,0.20857142857142857,9.688571428571429,0.1263537906137184,0.011428571428571429,0.03504303165963548,0.08436634914903715,7.256317689530686,0.0,0.0,0.15,0.07581227436823104,0,0.17536749982412217,0.2217866189249855,3.647559545700898,0.8681255332467198,0.0,0.9090909090909091,0.0,0.1,0.0,0.1,0.0,0.08,0.06761565836298933,0.25,0.25
78,0.8558451393004102,0.5013832636801283,0.8095287095952761,0.5032274633417125,0.24908806407921,0.5021213303931391,0.6570397111913358,0.3719718360878161,0.39036955459892425,0.07942238267148015,0.52,0.3766210808731208,0.39009150639782236,0.08285714285714285,0.07942238267148015,0.08857142857142856,0.20857142857142857,9.762857142857143,0.1263537906137184,0.0,0.035142985302852404,0.08436634914903715,7.256317689530686,0.0,0.0,0.15,0.07942238267148015,0,0.1765119452673534,0.22325683266443336,3.663179783358309,0.856078800003608,0.0,0.967741935483871,0.0,0.1,0.0,0.1,0.0,0.08,0.07942238267148015,0.25,0.25
79,0.860977701968399,0.5007480660878676,0.812265889582349,0.5031761860208743,0.24908806407921,0.5025266313876057,0.64,0.37234890719559915,0.3879468955863276,0.08,0.5028571428571429,0.3768496523016922,0.39026293496925096,0.08285714285714285,0.10545454545454545,0.10857142857142857,0.21428571428571427,9.865714285714287,0.12727272727272726,0.005714285714285714,0.0351375216082969,0.08436634914903715,7.243636363636363,0.0,0.0,0.15,0.08,0,0.17780024339815947,0.2221405485011112,3.6984876162625713,0.8932981427776016,0.0,0.9736842105263158,0.0,0.1,0.0,0.1,0.0,0.08,0.10469314079422383,0.25,0.25
80,0.8671029919994472,0.5030250646236063,0.8142470458261258,0.5042640504781823,0.24908806407921,0.5028827569538816,0.6139705882352942,0.37079829114810786,0.38813009507408225,0.08088235294117647,0.47714285714285715,0.37662108087312074,0.39009150639782236,0.08285714285714285,0.10661764705882353,0.11142857142857143,0.22285714285714286,9.957142857142857,0.11029411764705882,0.008571428571428572,0.03518964486855378,0.08436634914903715,7.198529411764706,0.0,0.0,0.15,0.08088235294117647,0,0.17819681360974013,0.22455579619912364,3.735946435365891,0.9820000000000004,0.0,0.9487179487179487,0.0,0.1,0.0,0.1,0.0,0.08,0.11272727272727273,0.25,0.25
81,0.870634718702741,0.5031145985667576,0.8151775180330836,0.5041378919301709,0.24908806407921,0.5033973478002084,0.6,0.36890057510051216,0.3870753483755823,0.07777777777777778,0.46285714285714286,0.37652129223331926,0.39022007782639384,0.08285714285714285,0.0962962962962963,0.10285714285714286,0.22857142857142856,10.057142857142857,0.1037037037037037,0.005714285714285714,0.03525767220022778,0.08436634914903715,7.148148148148148,0.0,0.0,0.15,0.07777777777777778,0,0.17936297239883428,0.23042048199145082,3.7640846495157168,1.024041701385889,0.0,0.9722222222222222,0.0,0.1,0.0,0.1,0.0,0.08,0.09926470588235294,0.25,0.25
82,0.8755596581425711,0.5036353619899667,0.8182032147036226,0.5047277556946095,0.24908806407921,0.504076991588186,0.6579925650557621,0.37009157033563733,0.38820390831734364,0.07806691449814127,0.5057142857142857,0.37652129223331926,0.39022007782639384,0.08285714285714285,0.08550185873605948,0.09428571428571429,0.23142857142857143,10.134285714285713,0.10037174721189591,0.002857142857142857,0.035316347692352826,0.08436634914903715,7.092936802973978,0.0,0.0,0.15,0.08178438661710037,0,0.17889444325112583,0.22926837958149357,3.7830886708111158,1.0035608673581708,0.0,1.0,0.0,0.1,0.0,0.1,0.0,0.08,0.08518518518518518,0.25,0.25
83,0.8787770186048721,0.5039565701330674,0.8208263781828289,0.5047335516169572,0.24908806407921,0.5046782487468877,0.5970149253731343,0.3709601627273504,0.38737857767355194,0.08208955223880597,0.45714285714285713,0.37640700651903347,0.39034864925496526,0.08571428571428572,0.11194029850746269,0.10571428571428572,0.2342857142857143,10.211428571428572,0.10074626865671642,0.002857142857142857,0.03543170059219559,0.08436634914903715,7.007462686567164,0.0,0.0,0.15,0.08208955223880597,0,0.17994363958622528,0.27134874932073255,3.8131411831091797,1.3692257366631433,0.0,0.972972972972973,0.0,0.1,0.0,0.1,0.0,0.08,0.11152416356877323,0.25,0.25
84,0.8823444324168578,0.5047014664901379,0.8229359892139422,0.5051348876277629,0.24908806407921,0.5052456795427558,0.5924528301886792,0.3723274085811283,0.3860647288366242,0.0830188679245283,0.44857142857142857,0.37640700651903347,0.39056293496925104,0.08571428571428572,0.09811320754716982,0.10571428571428572,0.24285714285714285,10.311428571428571,0.08679245283018867,0.008571428571428572,0.035697481273810026,0.08436634914903716,6.724528301886792,0.0,0.0,0.15,0.07924528301886792,0,0.1795007785311513,0.2699920055741289,3.842592645161281,1.3418412219298803,0.0,1.0,0.0,0.1,0.0,0.1,0.0,0.08,0.1044776119402985,0.25,0.25
85,0.8859409332905747,0.5049879780608474,0.8246751388816792,0.5051935378363556,0.24908806407921,0.5058329194615843,0.6174242424242424,0.3722099850026536,0.3858297097241491,0.08333333333333333,0.4657142857142857,0.37629272080474785,0.39047722068353663,0.08571428571428572,0.07954545454545454,0.07428571428571429,0.24571428571428572,10.362857142857143,0.08712121212121213,0.002857142857142857,0.035833868579731566,0.08436634914903716,6.666666666666667,0.0,0.0,0.15,0.07954545454545454,0,0.1794315603527812,0.2686420455462582,3.8400265065437704,1.3150043974912826,0.0,0.9615384615384616,0.0,0.1,0.0,0.1,0.0,0.08,0.0830188679245283,0.25,0.25
86,0.8919643188944086,0.5044124408281128,0.8278023751852196,0.5052574419731317,0.24908806407921,0.5065229810494001,0.6259541984732825,0.3698992356081908,0.3837521410220004,0.08015267175572519,0.4685714285714286,0.37617843509046206,0.39039150639782244,0.08571428571428572,0.08396946564885496,0.08285714285714285,0.25142857142857145,10.46,0.08396946564885496,0.005714285714285714,0.03590633062528977,0.08436634914903715,6.580152671755725,0.0,0.0,0.15,0.07633587786259542,0,0.17941968826530302,0.26729883531852694,3.846083119270037,1.288704309541457,0.0,0.9655172413793104,0.0,0.1,0.0,0.1,0.0,0.08,0.09090909090909091,0.25,0.25
87,0.8960749063884629,0.5059798935718298,0.8304770829223529,0.5059272617568341,0.24908806407921,0.5070968343655812,0.6513409961685823,0.3702677849927701,0.3840226786569962,0.08045977011494253,0.4857142857142857,0.37594986366189054,0.39022007782639384,0.08571428571428572,0.07279693486590039,0.06571428571428571,0.2542857142857143,10.522857142857143,0.07662835249042145,0.002857142857142857,0.03599379000018508,0.08436634914903715,6.521072796934866,0.0,0.0,0.15,0.08045977011494253,0,0.17966530410969078,0.26676843271267225,3.8348757425989217,1.3108377042154993,0.0,0.9130434782608695,0.0,0.1,0.0,0.1,0.0,0.08,0.07251908396946564,0.25,0.25
88,0.8968933245644548,0.5058239465655977,0.831087389047878,0.5052181869171697,0.24908806407921,0.5075179372570305,0.6091954022988506,0.3702677849927701,0.3843100349788352,0.08045977011494253,0.4542857142857143,0.37594986366189054,0.39043436354067956,0.08571428571428572,0.08812260536398467,0.08571428571428572,0.2542857142857143,10.602857142857143,0.07662835249042145,0.0,0.03602096554489858,0.08436634914903715,6.521072796934866,0.0,0.0,0.15,0.08045977011494253,0,0.1793369804427138,0.2654345905491089,3.8438925134612294,1.2846209501311894,0.0,1.0,0.0,0.1,0.0,0.1,0.0,0.08,0.08812260536398467,0.25,0.25
89,0.9021776439827884,0.5059911093198993,0.8335355513307653,0.5047604971534606,0.24908806407921,0.5079175520830544,0.6153846153846154,0.3675380457042807,0.3819419966518307,0.07692307692307693,0.45714285714285713,0.3757212922333191,0.39043436354067956,0.08571428571428572,0.09615384615384616,0.08857142857142856,0.2571428571428571,10.68,0.07692307692307693,0.002857142857142857,0.03607443589369997,0.08436634914903716,6.476923076923077,0.0,0.0,0.15,0.07692307692307693,0,0.1796972955405002,0.26410741759636336,3.855586091763433,1.2589285311285654,0.0,0.9354838709677419,0.0,0.1,0.0,0.1,0.0,0.08,0.09578544061302682,0.25,0.25
90,0.9064504156898147,0.5060620978290677,0.8356719963380183,0.5050925376607113,0.24908806407921,0.5083554146848113,0.6138996138996139,0.36768861210041837,0.38135263302567735,0.07722007722007722,0.4542857142857143,0.3755498636618906,0.39052007782639375,0.08571428571428572,0.08108108108108109,0.07714285714285714,0.26,10.771428571428572,0.07722007722007722,0.002857142857142857,0.03609333759195624,0.08436634914903716,6.471042471042471,0.0,0.0,0.15,0.08108108108108109,0,0.17999866620565486,0.2627868805083815,3.8556172270710216,1.233749960505994,0.0,0.9259259259259259,0.0,0.1,0.0,0.1,0.0,0.08,0.08461538461538462,0.25,0.25
91,0.9118176815699506,0.5063517749975889,0.8387802429823709,0.5050785624669629,0.24908806407921,0.5088770858665571,0.7015503875968992,0.3673315268447883,0.38047307418209503,0.07751937984496124,0.5171428571428571,0.37543557794760496,0.39043436354067956,0.08571428571428572,0.06589147286821706,0.05714285714285714,0.26285714285714284,10.868571428571428,0.08139534883720931,0.002857142857142857,0.0362593070657525,0.08436634914903715,6.317829457364341,0.0,0.0,0.15,0.08139534883720931,0,0.1798126728746266,0.26193967472398694,3.8356477396724586,1.2605550794964007,0.0,0.95,0.0,0.1,0.0,0.1,0.0,0.08,0.0694980694980695,0.25,0.25
92,0.9149008691830474,0.5053630670436289,0.8407229922382398,0.5045076382573017,0.24908806407921,0.5093870302429383,0.6575875486381323,0.3687589745545787,0.3819923098227808,0.07782101167315175,0.4828571428571429,0.3758927208047477,0.3910343635406795,0.08571428571428572,0.07003891050583658,0.07714285714285714,0.26571428571428574,10.93142857142857,0.07782101167315175,0.002857142857142857,0.03638238305884067,0.08436634914903715,6.124513618677042,0.0,0.0,0.15,0.08171206225680934,0,0.18148418165311062,0.26062997635036694,3.8360776420218663,1.2353439779064725,0.0,1.0,0.0,0.1,0.0,0.1,0.0,0.08,0.07364341085271318,0.25,0.25
93,0.9163683248861091,0.5066629252772364,0.8418005239973452,0.5055848422982391,0.24908806407921,0.5097016755773007,0.6809338521400778,0.36922590062461763,0.3823425043753099,0.08171206225680934,0.5,0.37623557794760487,0.39129150639782234,0.08857142857142856,0.08171206225680934,0.07142857142857142,0.26571428571428574,10.985714285714286,0.08560311284046693,0.0,0.03645686656267115,0.08436634914903715,6.124513618677042,0.0,0.0,0.15,0.08171206225680934,0,0.1822336178877022,0.25932682646861516,3.83078466061,1.210637098348343,0.0,1.0,0.0,0.1,0.0,0.1,0.0,0.08,0.08171206225680934,0.25,0.25
94,0.9174810671062279,0.5063474111907755,0.8426175947132609,0.5048116375312363,0.24908806407921,0.509823724205633,0.6575875486381323,0.36907025860127124,0.3824008701340649,0.08171206225680934,0.4828571428571429,0.3761212922333192,0.3913343635406795,0.08857142857142856,0.08949416342412451,0.07428571428571429,0.26571428571428574,11.051428571428572,0.08560311284046693,0.0,0.03645686656267115,0.08436634914903715,6.124513618677042,0.0,0.0,0.15,0.08171206225680934,0,0.18255087836969225,0.2580301923362721,3.8284546816835143,1.1864243563813763,0.0,0.9615384615384616,0.0,0.1,0.0,0.1,0.0,0.08,0.08949416342412451,0.25,0.25
95,0.9191520034258208,0.5057601863353647,0.8438445393822189,0.5043863415463641,0.24908806407921,0.5096564020719428,0.6536964980544747,0.36907025860127124,0.3827510646865941,0.08171206225680934,0.48,0.3761212922333192,0.3915915063978224,0.08857142857142856,0.08560311284046693,0.07142857142857142,0.26571428571428574,11.134285714285713,0.0933852140077821,0.0,0.03645686656267115,0.08436634914903715,6.124513618677042,0.0,0.0,0.15,0.08171206225680934,0,0.1826061670943923,0.2567400413745907,3.8233141594784157,1.1626958692537486,0.0,1.0,0.0,0.1,0.0,0.1,0.0,0.08,0.08560311284046693,0.25,0.25
96,0.9202995389820408,0.5062726911474177,0.8446871583477863,0.5050829645513343,0.24908806407921,0.5094436157489513,0.6459143968871596,0.36945936365963694,0.38305082842457444,0.08171206225680934,0.4742857142857143,0.37640700651903347,0.3918116186282823,0.08857142857142856,0.08949416342412451,0.07714285714285714,0.26571428571428574,11.217142857142857,0.09727626459143969,0.0,0.03645686656267115,0.08436634914903715,6.124513618677042,0.0,0.0,0.15,0.08171206225680934,0,0.1833785648303489,0.2554563411677178,3.823990733431704,1.1394419518686736,0.0,1.0,0.0,0.1,0.0,0.1,0.0,0.08,0.08949416342412451,0.25,0.25
97,0.9235671638495923,0.5073255448266333,0.8471988720965737,0.5055467244190791,0.24908806407921,0.5092438750666082,0.59375,0.3687954667191652,0.38283043736195244,0.08203125,0.4342857142857143,0.3766059591188324,0.39202590434256795,0.08857142857142856,0.09375,0.07714285714285714,0.26857142857142857,11.262857142857143,0.09375,0.002857142857142857,0.03646747108773176,0.08436634914903716,6.109375,0.0,0.0,0.15,0.08203125,0,0.18342072364025386,0.25417905946187924,3.824653775905928,1.1166531128313002,0.0,1.0,0.0,0.1,0.0,0.1,0.0,0.08,0.0933852140077821,0.25,0.25
98,0.9253154524679987,0.5062741044562262,0.8484204325690491,0.5051269812861258,0.24908806407921,0.5087544323811755,0.6745098039215687,0.36891895736393715,0.3816867098903098,0.08235294117647059,0.49142857142857144,0.3764916734045467,0.39194019005685365,0.08857142857142856,0.08235294117647059,0.07428571428571429,0.2714285714285714,11.368571428571428,0.09019607843137255,0.002857142857142857,0.036474121540866156,0.08436634914903715,6.086274509803921,0.0,0.0,0.15,0.0784313725490196,0,0.18330333430776688,0.25290816416456985,3.822446414673523,1.094320050574674,0.0,0.9615384615384616,0.0,0.1,0.0,0.1,0.0,0.08,0.08203125,0.25,0.25
99,0.9290432367039906,0.506639024561042,0.8499158468127436,0.5052724474742688,0.24908806407921,0.5082199486313581,0.6417322834645669,0.3701459717049861,0.38308425526113327,0.08267716535433071,0.4657142857142857,0.3764916734045467,0.39211161862828225,0.08857142857142856,0.09055118110236221,0.08857142857142856,0.2742857142857143,11.44,0.0984251968503937,0.002857142857142857,0.03650052811470964,0.08436634914903716,6.070866141732283,0.0,0.0,0.15,0.07874015748031496,0,0.18323259081977197,0.25164362334374696,3.834568914951481,1.0724336495631805,0.0,1.0,0.0,0.1,0.0,0.1,0.0,0.08,0.09411764705882353,0.25,0.25
100,0.9291476643350922,0.5062787838559217,0.8499916314364573,0.5052862327788248,0.24908806407921,0.5075234157397396,0.6220472440944882,0.3701459717049861,0.3833795308516845,0.08267716535433071,0.4514285714285714,0.3764916734045467,0.39232590434256803,0.08857142857142856,0.09448818897637795,0.08,0.2742857142857143,11.59142857142857,0.0984251968503937,0.0,0.03650052811470964,0.08436634914903716,6.070866141732283,0.0,0.0,0.15,0.07874015748031496,0,0.18302394212015444,0.2503854052270282,3.8378775366524516,1.050984976571917,0.0,1.0,0.0,0.1,0.0,0.1,0.0,0.08,0.09448818897637795,0.25,0.25
101,0.9289797783773373,0.5069488471062311,0.8498697941985436,0.5054720045204539,0.24908806407921,0.5068556865493629,0.5905511811023622,0.3701459717049861,0.3835342086069369,0.08267716535433071,0.42857142857142855,0.3764916734045467,0.3924381561992368,0.08857142857142856,0.07874015748031496,0.06285714285714286,0.2742857142857143,11.62,0.0984251968503937,0.0,0.02565941825283451,0.09492034831902924,6.070866141732283,0.1,0.18126924692201818,0.21,0.07874015748031496,0,0.18250853669526798,0.24913347820089307,3.8239771287765456,1.0299652770404786,0.0,1.0,0.0,0.1,0.0,0.1,0.0,0.08,0.07874015748031496,0.27,0.27
102,0.92729309862502,0.5073734437826051,0.848645746606862,0.506322144996397,0.24908806407921,0.5062507687343195,0.594488188976378,0.3699884913900255,0.3834160983707164,0.08267716535433071,0.43142857142857144,0.376377387690261,0.3923524419135226,0.08857142857142856,0.08267716535433071,0.07428571428571429,0.2742857142857143,11.682857142857143,0.0984251968503937,0.0,0.02587903781741977,0.09460372834392947,6.070866141732283,0.097,0.17634209573142312,0.2082,0.07874015748031496,0,0.18250956615464878,0.2478878108098886,3.8217833004867283,1.009365971499669,0.0,0.9615384615384616,0.0,0.1,0.0,0.1,0.0,0.08,0.08267716535433071,0.2694,0.2694
103,0.9288428506384565,0.5076992911783965,0.8497704237823273,0.5061276527367464,0.24908806407921,0.5057771648472474,0.6456692913385826,0.3699884913900255,0.3834160983707164,0.08267716535433071,0.4685714285714286,0.376377387690261,0.3923524419135226,0.08857142857142856,0.07480314960629922,0.06,0.2742857142857143,11.745714285714286,0.10236220472440945,0.0,0.02609721893817931,0.0942966069680827,6.070866141732283,0.09409000000000001,0.1715344299918684,0.206454,0.07874015748031496,0,0.18188273260958981,0.24664837175583915,3.805347634476994,0.9891786520696756,0.0,1.0,0.0,0.1,0.0,0.1,0.0,0.08,0.07480314960629922,0.268818,0.268818
104,0.9301753795844558,0.5082326288577917,0.8507024195968588,0.5061734664937022,0.24908806407921,0.5054246757964104,0.6561264822134387,0.3701677909765572,0.38311135656577905,0.08300395256916997,0.4742857142857143,0.376377387690261,0.3923524419135226,0.08857142857142856,0.09486166007905138,0.07714285714285714,0.27714285714285714,11.82857142857143,0.09486166007905138,0.002857142857142857,0.02632498293894663,0.09399869923351134,6.047430830039525,0.09126730000000001,0.16684418376162757,0.20476038,0.07905138339920949,0,0.1815714660858276,0.24541512989705996,3.8063835389303113,0.969395079028282,0.0,1.0,0.0,0.1,0.0,0.1,0.0,0.08,0.0984251968503937,0.26825346,0.26825346
105,0.9328368514942861,0.5075935068155696,0.8506420069157209,0.506725213641649,0.24908806407921,0.5051478601256304,0.608,0.37239425065668486,0.38320884078084216,0.084,0.4342857142857143,0.376377387690261,0.3923524419135226,0.08857142857142856,0.068,0.06,0.2857142857142857,11.897142857142857,0.088,0.008571428571428572,0.026693410313477987,0.09370972873097712,5.624,0.088529281,0.16226927610018926,0.2031175686,0.08,0,0.1810630380411127,0.24418805424757467,3.7902558681517045,0.9500071774477165,0.0,1.0,0.0,0.1,0.0,0.1,0.0,0.08,0.07905138339920949,0.2677058562,0.2677058562
106,0.9339700551414836,0.507527535905178,0.8515852293992601,0.507324963884825,0.24908806407921,0.5048842478605908,0.6144578313253012,0.37317498080458256,0.38286630443292996,0.08433734939759036,0.43714285714285717,0.3762631019759753,0.39226672762780823,0.08857142857142856,0.08032128514056225,0.06285714285714286,0.2885714285714286,11.954285714285714,0.08835341365461848,0.002857142857142857,0.026989157582267425,0.09342942734351892,5.598393574297189,0.08587340257,0.15780761504170115,0.201524041542,0.08032128514056225,0,0.18104229713305003,0.24296711397633677,3.777307893645813,0.9470864950673309,0.0,0.9545454545454546,0.0,0.1,0.0,0.1,0.0,0.08,0.084,0.267174680514,0.267174680514
107,0.9359651970266792,0.5064873018555184,0.853004630340442,0.5069156305932954,0.24908806407921,0.5045694141479473,0.606425702811245,0.3730143382343014,0.38274582250521916,0.08433734939759036,0.43142857142857144,0.37614881626168956,0.39218101334209404,0.08857142857142856,0.07228915662650602,0.05142857142857143,0.2885714285714286,12.025714285714285,0.0963855421686747,0.0,0.02722034029227789,0.09315753499768445,5.598393574297189,0.08329720049289999,0.15345710132083934,0.19997832029573998,0.08032128514056225,0,0.18085122850452762,0.2417522784064551,3.7531903072014687,0.9389138979450785,0.0,0.9444444444444444,0.0,0.1,0.0,0.1,0.0,0.08,0.07228915662650602,0.26665944009858,0.26665944009858
108,0.9352643362450561,0.5064690676243306,0.8525060179558016,0.5066922574436119,0.24908806407921,0.5041930449291832,0.6224899598393574,0.37285369566402027,0.3826253405775083,0.08433734939759036,0.44285714285714284,0.3760345305474038,0.39209529905637963,0.08857142857142856,0.08032128514056225,0.06,0.2885714285714286,12.09142857142857,0.09236947791164658,0.0,0.02743443030313516,0.09289379942222502,5.598393574297189,0.08079828447811299,0.14921563186018072,0.1984789706868678,0.08032128514056225,0,0.180774403787005,0.2405435170144228,3.738126501057439,0.9488637064435188,0.0,0.9523809523809523,0.0,0.1,0.0,0.1,0.0,0.08,0.08032128514056225,0.2661596568956226,0.2661596568956226
109,0.9377386230974039,0.5065183315514559,0.8536417733491315,0.5072804884452919,0.24908806407921,0.5037872728071654,0.6451612903225806,0.3728447377783454,0.3810561388248443,0.0846774193548387,0.45714285714285713,0.3760345305474038,0.39209529905637963,0.08857142857142856,0.07258064516129033,0.06,0.2914285714285714,12.205714285714286,0.09274193548387097,0.002857142857142857,0.027728561889005802,0.09263797591402943,5.435483870967742,0.0783743359437696,0.14508110302819666,0.19702460156626175,0.08064516129032258,0,0.1802131031966414,0.2393407994293507,3.7233639710362905,0.9298864323146484,0.0,1.0,0.0,0.1,0.0,0.1,0.0,0.08,0.07630522088353414,0.26567486718875394,0.26567486718875394
110,0.9391061105941403,0.5057938216607363,0.8546107359182474,0.5068697548825761,0.24908806407921,0.5033706995718625,0.6330645161290323,0.3728447377783454,0.3810561388248443,0.0846774193548387,0.44857142857142857,0.3760345305474038,0.39209529905637963,0.08857142857142856,0.08064516129032258,0.06285714285714286,0.2914285714285714,12.28,0.10080645161290322,0.0,0.02796094332293166,0.09238982711107964,5.435483870967742,0.0760231058654565,0.1410514136769826,0.1956138635192739,0.08064516129032258,0,0.17968289553780104,0.23814409543220394,3.711753834472707,0.9112887036683555,0.0,1.0,0.0,0.1,0.0,0.1,0.0,0.08,0.08064516129032258,0.2652046211730913,0.2652046211730913
111,0.9392632388725195,0.5065422642419691,0.8547220725269276,0.5066264348834751,0.24908806407921,0.5027881145053006,0.6129032258064516,0.3728447377783454,0.3810561388248443,0.0846774193548387,0.4342857142857143,0.3760345305474038,0.39209529905637963,0.08857142857142856,0.07661290322580645,0.06571428571428571,0.2914285714285714,12.345714285714285,0.10080645161290322,0.0,0.028169499493997913,0.09214912277221837,5.435483870967742,0.0737424126894928,0.13712446796878974,0.19424544761369567,0.08064516129032258,0,0.1790986239172549,0.2369533749550429,3.7032330434975385,0.8930629295949883,0.0,1.0,0.0,0.1,0.0,0.1,0.0,0.08,0.07661290322580645,0.26474848253789857,0.26474848253789857
112,0.9391124809927198,0.5058288397267012,0.8546152498006693,0.5063595322923858,0.24908806407921,0.5021538712166226,0.5806451612903226,0.3725221571331842,0.3808142033409733,0.0846774193548387,0.4114285714285714,0.37580595911883247,0.3919238704849511,0.08857142857142856,0.0846774193548387,0.06571428571428571,0.2914285714285714,12.382857142857143,0.10483870967741936,0.0,0.028375326753348598,0.09191563956352293,5.435483870967742,0.07153014030880801,0.13329817800035182,0.1929180841852848,0.08064516129032258,0,0.1793458450833829,0.2357686080802677,3.6948826683418736,0.9057655331200002,0.0,0.9130434782608695,0.0,0.1,0.0,0.1,0.0,0.08,0.0846774193548387,0.2643060280617616,0.2643060280617616
113,0.9399661462431507,0.5065891625832892,0.8546820968963561,0.5063675609158773,0.24908806407921,0.5014161069322767,0.556910569105691,0.3726540058502653,0.38250182977382097,0.08536585365853659,0.3914285714285714,0.3756916734045467,0.39183815619923684,0.08857142857142856,0.08130081300813008,0.06285714285714286,0.29714285714285715,12.44,0.1016260162601626,0.005714285714285714,0.028652292118958356,0.09168916085108833,5.284552845528455,0.06938423609954376,0.1295704662338868,0.19163054165972626,0.08130081300813008,0,0.1791918301436803,0.23458976503986637,3.683842157832179,0.9115287171200016,0.0,0.9545454545454546,0.0,0.1,0.0,0.1,0.0,0.08,0.0846774193548387,0.26387684721990873,0.26387684721990873
114,0.940636494557817,0.5055986955022782,0.8551532559975213,0.5056891168068001,0.24908806407921,0.5005503621641155,0.5609756097560976,0.3726540058502653,0.38250182977382097,0.08536585365853659,0.3942857142857143,0.3756916734045467,0.39183815619923684,0.08857142857142856,0.08943089430894309,0.07142857142857142,0.29714285714285715,12.502857142857144,0.10569105691056911,0.0,0.028889059745165934,0.0914694765000268,5.284552845528455,0.06730270901655745,0.1259392677435177,0.19038162540993447,0.08130081300813008,0,0.1792914828868165,0.23341681621466703,3.6815938861041064,0.8932981427776016,0.0,1.0,0.0,0.1,0.0,0.1,0.0,0.08,0.08943089430894309,0.26346054180331147,0.26346054180331147
115,0.9397028654716508,0.5051645985478911,0.8544970481255307,0.5054742347220523,0.24908806407921,0.4995040611314804,0.6544715447154471,0.3724914042242491,0.38237987855430877,0.08536585365853659,0.46,0.375577387690261,0.3917524419135225,0.08857142857142856,0.08130081300813008,0.07142857142857142,0.29714285714285715,12.571428571428571,0.10975609756097561,0.0,0.02908800086469867,0.09125638267949712,5.284552845528455,0.06528362774606072,0.12240253228570042,0.1891701766476364,0.08130081300813008,0,0.1795376872328699,0.2322497321335937,3.6793905798105957,0.9411919999999999,0.0,0.96,0.0,0.1,0.0,0.1,0.0,0.08,0.08130081300813008,0.26305672554921217,0.26305672554921217
116,0.940149472966797,0.5050484875780096,0.8544972795545986,0.5050542092579188,0.24908806407921,0.4984665471316978,0.6326530612244898,0.3733387423466812,0.38333196061173386,0.08571428571428572,0.44285714285714284,0.3754631019759753,0.3916667276278083,0.08857142857142856,0.08163265306122448,0.06285714285714286,0.3,12.631428571428572,0.10204081632653061,0.002857142857142857,0.029306399034859296,0.09104968167358332,5.257142857142857,0.0633251189136789,0.11895822620206453,0.18799507134820734,0.08163265306122448,0,0.17941128451099125,0.2310884834729257,3.668659911071527,0.9242505440000003,0.0,0.9545454545454546,0.0,0.1,0.0,0.1,0.0,0.08,0.08130081300813008,0.26266502378273576,0.26266502378273576
117,0.9431633647112063,0.5050236006918725,0.8549879526996587,0.505393939819518,0.24908806407921,0.4975498601773132,0.639344262295082,0.3721377731105551,0.3843375339791551,0.0860655737704918,0.44571428571428573,0.37534881626168953,0.3915810133420939,0.08857142857142856,0.0778688524590164,0.06,0.3028571428571429,12.697142857142858,0.09836065573770492,0.002857142857142857,0.029550261942795093,0.09084918169784692,4.983606557377049,0.06142536534626853,0.1156043341628803,0.1868552192077611,0.08196721311475409,0,0.17925694237415057,0.2299330410555611,3.655286712850096,0.9261713440000008,0.0,0.9523809523809523,0.0,0.1,0.0,0.1,0.0,0.08,0.07755102040816327,0.2622850730692537,0.2622850730692537
118,0.944176207798659,0.5045221423426492,0.8556940490234826,0.5049117672157023,0.24908806407921,0.49680378482984133,0.6557377049180327,0.3721377731105551,0.3843375339791551,0.0860655737704918,0.45714285714285713,0.37534881626168953,0.3915810133420939,0.08857142857142856,0.0860655737704918,0.07142857142857142,0.3028571428571429,12.731428571428571,0.09836065573770492,0.0,0.02987369467194794,0.09065469672138263,4.983606557377049,0.05958260438588047,0.11233886075915511,0.18574956263152828,0.08196721311475409,0,0.1787603719479941,0.22878337585028327,3.653609550021665,0.9076479171200007,0.0,1.0,0.0,0.1,0.0,0.1,0.0,0.08,0.0860655737704918,0.2619165208771761,0.2619165208771761
119,0.9455913644262413,0.5054819698219718,0.8556223177343245,0.5053261482869035,0.24908806407921,0.496098758189818,0.6390041493775933,0.3735909281474835,0.3854392961398689,0.08713692946058091,0.44,0.37534881626168953,0.3915810133420939,0.08857142857142856,0.07883817427385892,0.06285714285714286,0.31142857142857144,12.745714285714286,0.0912863070539419,0.008571428571428572,0.03008677364026992,0.09046604629421226,4.937759336099585,0.05779512625430405,0.10915983195114243,0.1846770757525824,0.08298755186721991,0,0.1782657157989684,0.22763945897103186,3.6433945018783755,0.8894949587776007,0.0,1.0,0.0,0.1,0.0,0.1,0.0,0.08,0.08196721311475409,0.26155902525086083,0.26155902525086083
120,0.9456087162189726,0.504362689674923,0.855634265683034,0.5048467783298459,0.24908806407921,0.49553078617353274,0.6514522821576764,0.3732589779400146,0.3851903334842672,0.08713692946058091,0.44857142857142857,0.3751202448331182,0.3914095847706655,0.08857142857142856,0.08298755186721991,0.06857142857142857,0.31142857142857144,12.814285714285715,0.0912863070539419,0.0,0.030302258776094087,0.09028305537985702,4.937759336099585,0.05606127246667493,0.1060652963808163,0.18363676348000496,0.07883817427385892,0,0.17897424436283071,0.2265012616761767,3.6390980404122364,0.9195611586332975,0.0,0.9166666666666666,0.0,0.1,0.0,0.1,0.0,0.08,0.08298755186721991,0.26121225449333496,0.26121225449333496
121,0.9461276834058604,0.5047129366281372,0.8558563202273789,0.504445069913248,0.24908806407921,0.4948542130899947,0.6652719665271967,0.37361092092125425,0.38494390287070446,0.08786610878661087,0.4542857142857143,0.3748916734045467,0.3912381561992369,0.08857142857142856,0.07531380753138076,0.06571428571428571,0.3171428571428571,12.877142857142857,0.08368200836820083,0.005714285714285714,0.03050121092610766,0.09010555419293241,4.870292887029288,0.05437943429267468,0.10305332655562971,0.1826276605756048,0.0794979079497908,0,0.17953744569602662,0.22956504760772362,3.632030365318277,0.9281313440000012,0.0,0.9130434782608695,0.0,0.1,0.0,0.1,0.0,0.08,0.08298755186721991,0.2608758868585349,0.2608758868585349
122,0.9482222963158106,0.5042920507055739,0.856598697456747,0.5039364713354522,0.24908806407921,0.49421145089700824,0.6428571428571429,0.37372710964345723,0.3855051088620751,0.08823529411764706,0.43714285714285717,0.3748916734045467,0.3912381561992369,0.08857142857142856,0.07142857142857142,0.06571428571428571,0.32,12.971428571428572,0.08403361344537816,0.002857142857142857,0.030785056896277217,0.08993337804161561,4.815126050420168,0.05274805126389444,0.10012201991063052,0.18164883075833665,0.07983193277310924,0,0.17906818703897504,0.22841722236968498,3.6251040437261968,0.9095687171200011,0.0,1.0,0.0,0.1,0.0,0.1,0.0,0.08,0.07531380753138076,0.2605496102527789,0.2605496102527789
123,0.951328550263537,0.5036513010978569,0.8573277947775659,0.5035868954176859,0.24908806407921,0.49342843948414417,0.6877637130801688,0.3748814670732867,0.3858663109653476,0.08860759493670886,0.4657142857142857,0.374777387690261,0.39115244191352255,0.08857142857142856,0.0759493670886076,0.06857142857142857,0.32285714285714284,13.01142857142857,0.08016877637130802,0.002857142857142857,0.030964014754196825,0.08976636717483821,4.801687763713081,0.051165609725977605,0.09726949975576782,0.18069936583558655,0.08016877637130802,0,0.17897284610378017,0.22727513625783655,3.6211733914231017,0.9411919999999999,0.0,0.9583333333333334,0.0,0.1,0.0,0.1,0.0,0.08,0.07983193277310924,0.26023312194519554,0.26023312194519554
124,0.9515038427440656,0.5036216102040274,0.8572080985016014,0.5039301686536948,0.24908806407921,0.4927168860415371,0.6186440677966102,0.3753604035244822,0.38657540516601147,0.08898305084745763,0.41714285714285715,0.3745488162616896,0.39098101334209395,0.08857142857142856,0.07203389830508475,0.06285714285714286,0.32571428571428573,13.117142857142857,0.08050847457627118,0.002857142857142857,0.031160137375975363,0.08960436663406421,4.771186440677966,0.04963064143419828,0.09449391611497016,0.17977838486051895,0.08050847457627118,0,0.17933498187326125,0.24442018116967426,3.611607066451783,1.006173029127818,0.0,0.9090909090909091,0.0,0.1,0.0,0.1,0.0,0.08,0.0759493670886076,0.25992612828683964,0.25992612828683964
125,0.9521343090507972,0.50433905479548,0.857633212925569,0.5038055525600789,0.24908806407921,0.4920791208949059,0.6483050847457628,0.3753604035244822,0.38657540516601147,0.08898305084745763,0.43714285714285717,0.3745488162616896,0.39098101334209395,0.08857142857142856,0.05508474576271186,0.05142857142857143,0.32571428571428573,13.137142857142857,0.08050847457627118,0.0,0.03135660685623961,0.08944722610951338,4.771186440677966,0.048141722191172326,0.09179344646333287,0.1788850333147034,0.08050847457627118,0,0.17878102124960923,0.2431980802638259,3.590803496551318,0.9860495685452616,0.0,1.0,0.0,0.1,0.0,0.1,0.0,0.08,0.05508474576271186,0.25962834443823446,0.25962834443823446
126,0.952313971995619,0.504283049857588,0.8569473029282163,0.5028281011183361,0.24908806407921,0.49171936585978204,0.7008547008547008,0.3744398496561273,0.3865622631656958,0.08974358974358974,0.4685714285714286,0.3745488162616896,0.39098101334209395,0.08857142857142856,0.0641025641025641,0.06,0.3314285714285714,13.165714285714285,0.07264957264957266,0.005714285714285714,0.031556089813726415,0.08929479980069907,4.726495726495727,0.04669747052543716,0.08916629636850315,0.1780184823152623,0.0811965811965812,0,0.17828683042907548,0.24198208986250677,3.5789874266202917,0.9663285771743564,0.0,1.0,0.0,0.1,0.0,0.1,0.0,0.08,0.07203389830508475,0.25933949410508744,0.25933949410508744
127,0.9515909753096348,0.5040659554807322,0.8564639280010155,0.5028046669554549,0.24908806407921,0.4913007143544774,0.6752136752136753,0.37426890948518715,0.38643405803749065,0.08974358974358974,0.4514285714285714,0.37443453054740383,0.39089529905637976,0.08857142857142856,0.042735042735042736,0.03142857142857143,0.3314285714285714,13.202857142857143,0.07264957264957266,0.0,0.03174965226226438,0.0891469462811492,4.726495726495727,0.04529654640967404,0.08661070004210591,0.1771779278458044,0.0811965811965812,0,0.17802382484835866,0.2582787412780895,3.5388362495164576,1.1720346925359657,0.0,0.9090909090909091,0.0,0.1,0.0,0.1,0.0,0.08,0.042735042735042736,0.2590593092819348,0.2590593092819348
128,0.9500249548722168,0.5049675984031357,0.8554169314799989,0.5031103593914702,0.24908806407921,0.49106654304981334,0.6410256410256411,0.37426890948518715,0.38643405803749065,0.08974358974358974,0.42857142857142855,0.37443453054740383,0.39089529905637976,0.08857142857142856,0.0641025641025641,0.04857142857142857,0.3314285714285714,13.24,0.07264957264957266,0.0,0.03191219253680034,0.08900352836718588,4.726495726495727,0.04393765001738382,0.08412492080681178,0.17636259001043028,0.0811965811965812,0,0.17756156286697403,0.256987347571699,3.516630953097557,1.1485939986852465,0.0,1.0,0.0,0.1,0.0,0.1,0.0,0.08,0.0641025641025641,0.25878753000347676,0.25878753000347676
129,0.9512345326370016,0.5050636241336199,0.8562256206141693,0.5036310798892236,0.24908806407921,0.4908015081563586,0.6752136752136753,0.37409796931424705,0.38630585290928554,0.08974358974358974,0.4514285714285714,0.37432024483311815,0.3908095847706654,0.08857142857142856,0.05128205128205128,0.037142857142857144,0.3314285714285714,13.274285714285714,0.07692307692307693,0.0,0.03207138164870454,0.08886441299064138,4.726495726495727,0.042619520516862304,0.08170725148440683,0.17557171231011737,0.0811965811965812,0,0.17735932648121056,0.2557024108338405,3.483441191178463,1.1256221187115414,0.0,0.9230769230769231,0.0,0.1,0.0,0.1,0.0,0.08,0.05128205128205128,0.25852390410337245,0.25852390410337245
130,0.9501492058236896,0.5046532345570834,0.8555000021161264,0.5031489251928118,0.24908806407921,0.4904094105921021,0.6410256410256411,0.3737560889723666,0.3860494426528753,0.08974358974358974,0.42857142857142855,0.3740916734045467,0.3906381561992368,0.08857142857142856,0.05982905982905983,0.04857142857142857,0.3314285714285714,13.302857142857142,0.07692307692307693,0.0,0.032227239787498495,0.08872947107539327,4.726495726495727,0.04134093490135644,0.07935601470998999,0.17480456094081387,0.0811965811965812,0,0.1776436727059474,0.2544238987796713,3.462343795926322,1.1031096763373105,0.0,0.8823529411764706,0.0,0.1,0.0,0.1,0.0,0.08,0.05982905982905983,0.25826818698027126,0.25826818698027126
131,0.9513735256581146,0.5038635868587296,0.8563185473768564,0.5023999399703846,0.24908806407921,0.48981394988371685,0.6452991452991453,0.3734142086304863,0.385793032396465,0.08974358974358974,0.43142857142857144,0.3738631019759753,0.39046672762780826,0.08857142857142856,0.042735042735042736,0.03428571428571429,0.3314285714285714,13.362857142857143,0.07692307692307693,0.0,0.032379790448610085,0.08859857741760259,4.726495726495727,0.04010070685431574,0.07706956317719249,0.17406042411258943,0.0811965811965812,0,0.1778407407709891,0.2531517792857729,3.4273826342935094,1.1064408611872818,0.0,0.8333333333333334,0.0,0.1,0.0,0.1,0.0,0.08,0.042735042735042736,0.25802014137086315,0.25802014137086315
132,0.951004671080615,0.5026936414166626,0.8560719417450423,0.5013171532216157,0.24908806407921,0.4892176654201973,0.6581196581196581,0.3734142086304863,0.385793032396465,0.08974358974358974,0.44,0.3738631019759753,0.39046672762780826,0.08857142857142856,0.038461538461538464,0.02857142857142857,0.3314285714285714,13.448571428571428,0.07692307692307693,0.0,0.0325290601736636,0.08847161056954564,4.726495726495727,0.03889768564868627,0.07484627981908543,0.17333861138921175,0.0811965811965812,0,0.17717982278141983,0.25188602038934405,3.387406410179068,1.084312043963536,0.0,1.0,0.0,0.1,0.0,0.1,0.0,0.08,0.038461538461538464,0.2577795371297373,0.2577795371297373
133,0.9498680546698094,0.5028640010480602,0.8546377807086656,0.5015159864109386,0.24908806407921,0.48855644255758135,0.6437768240343348,0.37420004407166535,0.38702991887014043,0.09012875536480687,0.42857142857142855,0.3738631019759753,0.39046672762780826,0.08857142857142856,0.034334763948497854,0.022857142857142857,0.3342857142857143,13.442857142857143,0.07296137339055794,0.002857142857142857,0.03268140169224339,0.08834845272693038,4.71244635193133,0.037730755079225686,0.07268457792922522,0.17263845304753542,0.0815450643776824,0,0.17652192438179848,0.2506265902873973,3.3425154248326296,1.0626258030842652,0.0,1.0,0.0,0.1,0.0,0.1,0.0,0.08,0.03418803418803419,0.25754615101584516,0.25754615101584516
134,0.9530638841217544,0.5014382894771907,0.8567652900295317,0.5004284450355202,0.24908806407921,0.48805359172843804,0.6394849785407726,0.3740283702519229,0.38690116350533355,0.09012875536480687,0.4257142857142857,0.3737488162616896,0.390381013342094,0.08857142857142856,0.04291845493562232,0.03428571428571429,0.3342857142857143,13.522857142857143,0.06866952789699571,0.0,0.03283377695074537,0.08822898961959358,4.71244635193133,0.036598832426848915,0.0705829012270679,0.17195929945610935,0.0815450643776824,0,0.17643760759919302,0.2493734573359603,3.3099508306216907,1.04137328702258,0.0,0.9166666666666666,0.0,0.1,0.0,0.1,0.0,0.08,0.04291845493562232,0.2573197664853698,0.2573197664853698
135,0.9548930148566342,0.501274361979524,0.8579829684901805,0.5000695760300223,0.24908806407921,0.48768556327218265,0.6995708154506438,0.3740283702519229,0.38690116350533355,0.09012875536480687,0.4657142857142857,0.3737488162616896,0.390381013342094,0.08857142857142856,0.04291845493562232,0.037142857142857144,0.3342857142857143,13.58,0.06866952789699571,0.0,0.03297351153177207,0.08811311040547687,4.71244635193133,0.03550086745404345,0.06853972387177543,0.17130052047242605,0.0815450643776824,0,0.1758688509861971,0.2481265900492805,3.2808946711521147,1.0205458212821286,0.0,1.0,0.0,0.1,0.0,0.1,0.0,0.08,0.04291845493562232,0.2571001734908087,0.2571001734908087
136,0.9572304337606437,0.5006045374746696,0.8595390216462782,0.4995819247802548,0.24908806407921,0.4874706157275076,0.6394849785407726,0.3738566964321804,0.3867724081405267,0.09012875536480687,0.4257142857142857,0.3736345305474039,0.3902952990563797,0.08857142857142856,0.04721030042918455,0.04,0.3342857142857143,13.617142857142857,0.06866952789699571,0.0,0.03311009398536316,0.0880007075677837,4.71244635193133,0.034435841430422144,0.06655355042823763,0.17066150485825327,0.0815450643776824,0,0.1759255924143188,0.2468859570990341,3.255276777729072,1.0002154287001357,0.0,0.9285714285714286,0.0,0.1,0.0,0.1,0.0,0.08,0.04721030042918455,0.25688716828608443,0.25688716828608443
137,0.9576077173675775,0.49994886712621917,0.859520331739532,0.49912672191488955,0.24908806407921,0.4872695420397662,0.6379310344827587,0.374730575120174,0.3868868891138541,0.09051724137931035,0.4228571428571429,0.3736345305474039,0.3902952990563797,0.08857142857142856,0.03879310344827586,0.02857142857142857,0.33714285714285713,13.614285714285714,0.06465517241379311,0.002857142857142857,0.033272724363027854,0.08789167681522128,4.681034482758621,0.03340276618750948,0.06462291578893375,0.17004165971250568,0.08189655172413793,0,0.17533125016653292,0.24565152731353893,3.218742670745919,0.9802111201261331,0.0,1.0,0.0,0.1,0.0,0.1,0.0,0.08,0.03862660944206009,0.2566805532375019,0.2566805532375019
138,0.9582253863547048,0.5005523304218893,0.8599297580395705,0.499072008631591,0.24908806407921,0.487190927938216,0.6293103448275862,0.374730575120174,0.3868868891138541,0.09051724137931035,0.41714285714285715,0.3736345305474039,0.3902952990563797,0.08857142857142856,0.03879310344827586,0.03428571428571429,0.33714285714285713,13.67142857142857,0.06465517241379311,0.0,0.03340333376265093,0.08778591698523577,4.681034482758621,0.032400683201884196,0.06274638505506869,0.16944040992113052,0.08189655172413793,0,0.17471145105855743,0.24442326967697123,3.1886535316167155,0.9606068977236103,0.0,1.0,0.0,0.1,0.0,0.1,0.0,0.08,0.03879310344827586,0.25648013664037683,0.25648013664037683
139,0.9587290339139266,0.5007708069178873,0.8602636044216833,0.49927344999270196,0.24908806407921,0.4870920418915251,0.6594827586206896,0.374730575120174,0.3868868891138541,0.09051724137931035,0.43714285714285717,0.3736345305474039,0.3902952990563797,0.08857142857142856,0.04741379310344827,0.037142857142857144,0.33714285714285713,13.705714285714286,0.0603448275862069,0.0,0.03353090566586198,0.0876833299501498,4.681034482758621,0.03142866270582767,0.06092255338024011,0.1688571976234966,0.08189655172413793,0,0.1741800373746932,0.24320115332858638,3.162023318127238,0.9413947597691381,0.0,1.0,0.0,0.1,0.0,0.1,0.0,0.08,0.04741379310344827,0.25628573254116555,0.25628573254116555
140,0.95841361879219,0.5001098364646503,0.8600545292552751,0.4982702158788755,0.24908806407921,0.4869096159043076,0.6336206896551724,0.37455816132707054,0.38675757876902656,0.09051724137931035,0.42,0.37352024483311813,0.3902095847706655,0.08857142857142856,0.03879310344827586,0.03428571428571429,0.33714285714285713,13.722857142857142,0.0603448275862069,0.0,0.03365548312998905,0.08758382052611643,4.681034482758621,0.03048580282465284,0.059150045779710836,0.1682914816947917,0.08189655172413793,0,0.1739659943306769,0.24198514756194345,3.133068566050407,0.9295058943190938,0.0,0.9166666666666666,0.0,0.1,0.0,0.1,0.0,0.08,0.03879310344827586,0.2560971605649306,0.2560971605649306
141,0.9602750579601431,0.49911063386587085,0.8608965227926865,0.4978772677129427,0.24908806407921,0.4867036021482194,0.658008658008658,0.374601416879963,0.3868271805207512,0.09090909090909091,0.4342857142857143,0.37352024483311813,0.3902095847706655,0.08857142857142856,0.04329004329004329,0.04,0.34,13.728571428571428,0.05627705627705628,0.002857142857142857,0.03378509804553073,0.08748729638480404,4.658008658008658,0.029571228739913254,0.057427516908195475,0.16774273724394795,0.08225108225108226,0,0.17343859293045205,0.24077522182413372,3.1104071947293987,0.9109157764327119,0.0,1.0,0.0,0.1,0.0,0.1,0.0,0.08,0.04741379310344827,0.25591424574798266,0.25591424574798266
142,0.9604289907103201,0.49894347343975587,0.8609981184078032,0.49804991030700324,0.24908806407921,0.48640093229092957,0.7186147186147186,0.374601416879963,0.3868271805207512,0.09090909090909091,0.4742857142857143,0.37352024483311813,0.3902095847706655,0.08857142857142856,0.04329004329004329,0.037142857142857144,0.34,13.728571428571428,0.05627705627705628,0.0,0.03391507667665007,0.08739366796773106,4.658008658008658,0.028684091877715857,0.055753650808906485,0.16721045512662952,0.07792207792207792,0,0.17279997139437123,0.23957134571501304,3.0853419079776683,0.8926974609040577,0.0,1.0,0.0,0.1,0.0,0.1,0.0,0.08,0.04329004329004329,0.2557368183755432,0.2557368183755432
143,0.9625045838616564,0.4984330454497854,0.8623680098876851,0.49731414693138365,0.24908806407921,0.48600527367394253,0.7445887445887446,0.374601416879963,0.3868271805207512,0.09090909090909091,0.49142857142857144,0.37352024483311813,0.3902095847706655,0.08857142857142856,0.03463203463203463,0.02857142857142857,0.34,13.745714285714286,0.05627705627705628,0.0,0.034031060949604806,0.08730284840317025,4.658008658008658,0.02782356912138438,0.05412716063644807,0.16669414147283063,0.07792207792207792,0,0.17216440010882794,0.23837348898643795,3.0522064983895434,0.8748435116859765,0.0,1.0,0.0,0.1,0.0,0.1,0.0,0.08,0.03463203463203463,0.25556471382427687,0.25556471382427687
144,0.9616277659212167,0.4974418933896947,0.8617893100469949,0.49712768829405196,0.24908806407921,0.48562058648913664,0.6926406926406926,0.3744282567068028,0.3867329819584842,0.09090909090909091,0.45714285714285713,0.37340595911883245,0.39014741371956924,0.08857142857142856,0.04329004329004329,0.037142857142857144,0.34,13.742857142857142,0.05627705627705628,0.0,0.0341442304729944,0.0872147534255462,4.658008658008658,0.02698886204774285,0.05254678835599624,0.1661933172286457,0.07792207792207792,0,0.17198900667971237,0.23718162154150577,3.0283052255646097,0.9023305256194943,0.0,0.9230769230769231,0.0,0.1,0.0,0.1,0.0,0.08,0.04329004329004329,0.2553977724095486,0.2553977724095486
145,0.9616092895590108,0.49723094783741123,0.8617771156479388,0.4969357882979659,0.24908806407921,0.4853132549693943,0.7316017316017316,0.3744282567068028,0.3867329819584842,0.09090909090909091,0.4828571428571429,0.37340595911883245,0.39014741371956924,0.08857142857142856,0.047619047619047616,0.04,0.34,13.777142857142858,0.05194805194805195,0.0,0.03425463293850615,0.08712930129725097,4.658008658008658,0.026179196186310563,0.05101130442106161,0.16570751771178632,0.07792207792207792,0,0.17152679016427802,0.23599571343379822,3.0077391210533175,0.8842839151071045,0.0,1.0,0.0,0.1,0.0,0.1,0.0,0.08,0.047619047619047616,0.2552358392372621,0.2552358392372621
146,0.962875405403446,0.4961774679867991,0.8626127521052662,0.49657391236520293,0.24908806407921,0.48493089380344734,0.7056277056277056,0.37425509653364264,0.38660311182861407,0.09090909090909091,0.4657142857142857,0.3732916734045468,0.39006169943385494,0.08857142857142856,0.04329004329004329,0.04,0.34,13.782857142857143,0.05194805194805195,0.0,0.03436231655929506,0.08704641273280456,4.658008658008658,0.025393820300721244,0.04951950743199218,0.16523629218043273,0.07792207792207792,0,0.17141144264202804,0.23481573486662924,2.987584338632251,0.8924799110465677,0.0,0.9285714285714286,0.0,0.1,0.0,0.1,0.0,0.08,0.04329004329004329,0.25507876406014424,0.25507876406014424
147,0.96360452447649,0.4956322360654021,0.8630939706934755,0.4964604500664456,0.24908806407921,0.48464636503472525,0.7445887445887446,0.37425509653364264,0.38660311182861407,0.09090909090909091,0.49142857142857144,0.3732916734045468,0.39006169943385494,0.08857142857142856,0.03463203463203463,0.025714285714285714,0.34,13.82,0.05194805194805195,0.0,0.034467329957894983,0.08696601082529151,4.658008658008658,0.024632005691699606,0.048070223777244014,0.16477920341501975,0.07792207792207792,0,0.17078281400024647,0.23364165619229607,2.9535469375738916,0.8746303128256363,0.0,1.0,0.0,0.1,0.0,0.1,0.0,0.08,0.03463203463203463,0.2549264011383399,0.2549264011383399
148,0.9626435444802477,0.49544814655750546,0.8624597238959554,0.4960528291378533,0.24908806407921,0.4844011068338877,0.696969696969697,0.3740819363604824,0.3864732416987439,0.08658008658008658,0.46,0.373177387690261,0.38997598514814075,0.08571428571428572,0.05194805194805195,0.04285714285714286,0.34,13.811428571428571,0.05194805194805195,0.0,0.034569722061575534,0.08688802097500387,4.658008658008658,0.023893045520948616,0.04666230725932252,0.16433582731256915,0.07792207792207792,0,0.17119261558160187,0.2324734479113346,2.9373331416795567,0.9152956922096371,0.0,0.9333333333333333,0.0,0.1,0.0,0.1,0.0,0.08,0.05194805194805195,0.2547786091041897,0.2547786091041897
149,0.9621888113815997,0.4955114109881271,0.8621596000508479,0.49617674336862966,0.24908806407921,0.4840923747595403,0.7272727272727273,0.3740819363604824,0.3864732416987439,0.08658008658008658,0.48,0.373177387690261,0.38997598514814075,0.08571428571428572,0.05194805194805195,0.04857142857142857,0.34,13.871428571428572,0.05194805194805195,0.0,0.03466954200481572,0.08681237082022487,4.658008658008658,0.023176254155320156,0.045294638707175316,0.1639057524931921,0.07792207792207792,0,0.17062222393226528,0.2313110806717779,2.927157907417394,0.8969897783654444,0.0,1.0,0.0,0.1,0.0,0.1,0.0,0.08,0.05194805194805195,0.25463525083106403,0.25463525083106403
150,0.961759061204695,0.49613683763190775,0.8615479890614129,0.4966532700893139,0.24908806407921,0.48399906340616405,0.7260869565217392,0.37379701587769726,0.3860900021387749,0.08695652173913043,0.47714285714285715,0.373177387690261,0.38997598514814075,0.08571428571428572,0.043478260869565216,0.03428571428571429,0.34285714285714286,13.93142857142857,0.05217391304347826,0.002857142857142857,0.03477997889199467,0.08673899017008924,4.626086956521739,0.022480966530660552,0.04396612557670909,0.16348857991839633,0.0782608695652174,0,0.17002582781260392,0.23015452526841904,2.90290046355476,0.8790499827981355,0.0,1.0,0.0,0.1,0.0,0.1,0.0,0.08,0.047619047619047616,0.2544961933061321,0.2544961933061321
151,0.9628695551015233,0.495538940311609,0.861564606278717,0.49587908563955474,0.24908806407921,0.4837909465113567,0.7292576419213974,0.3743738256983639,0.38585677417727876,0.08733624454148471,0.47714285714285715,0.3730631019759752,0.3898902708624264,0.08571428571428572,0.056768558951965066,0.05142857142857143,0.3457142857142857,13.965714285714286,0.048034934497816595,0.002857142857142857,0.03496412621417099,0.08666781093945768,4.585152838427947,0.021806537534740735,0.042675701540988875,0.16308392252084444,0.07860262008733625,0,0.17003198510211234,0.22900375264207695,2.896271025712237,0.8717050596020486,0.0,0.9444444444444444,0.0,0.1,0.0,0.1,0.0,0.08,0.06086956521739131,0.25436130750694813,0.25436130750694813
152,0.9633969411338249,0.49447951170398197,0.8619096674255656,0.4955652409245674,0.24908806407921,0.4839447940824564,0.7336244541484717,0.3741991532092809,0.3857257698104665,0.08733624454148471,0.48,0.37294881626168963,0.38980455657671215,0.08571428571428572,0.05240174672489083,0.04857142857142857,0.3457142857142857,14.017142857142858,0.05240174672489083,0.0,0.035058698369649,0.08659876708574507,4.585152838427947,0.021152341408698514,0.04142232607157981,0.1626914048452191,0.07860262008733625,0,0.16986753946231606,0.23002934946634346,2.88691703376942,0.8894949587776007,0.0,0.9411764705882353,0.0,0.1,0.0,0.1,0.0,0.08,0.05240174672489083,0.25423046828173973,0.25423046828173973
153,0.9635624032536612,0.49335119293228896,0.8620179269268299,0.4948391486159994,0.24908806407921,0.48409001108811744,0.74235807860262,0.3741991532092809,0.3857257698104665,0.08733624454148471,0.4857142857142857,0.37294881626168963,0.38980455657671215,0.08571428571428572,0.039301310043668124,0.03428571428571429,0.3457142857142857,14.062857142857142,0.043668122270742356,0.0,0.03514916968948078,0.08653179454764384,4.585152838427947,0.02051777116643756,0.040204984012392475,0.16231066269986252,0.07860262008733625,0,0.1692752017650045,0.22887920271901174,2.8634644073797464,0.8717050596020486,0.0,1.0,0.0,0.1,0.0,0.1,0.0,0.08,0.039301310043668124,0.2541035542332875,0.2541035542332875
154,0.9627237405953262,0.4926715063388445,0.8614692019303765,0.4945001687385479,0.24908806407921,0.4841514712704355,0.759825327510917,0.37402448072019795,0.3855947654436543,0.08733624454148471,0.49714285714285716,0.37283453054740384,0.3897188422909978,0.08571428571428572,0.043668122270742356,0.037142857142857144,0.3457142857142857,14.157142857142857,0.048034934497816595,0.0,0.035237302487720466,0.08646683118568561,4.585152838427947,0.019902238031444433,0.03902268514729912,0.16194134281886666,0.07860262008733625,0,0.16911425432760804,0.22773480670541668,2.843337976375008,0.8860111480398234,0.0,0.9230769230769231,0.0,0.1,0.0,0.1,0.0,0.08,0.043668122270742356,0.2539804476062889,0.2539804476062889
155,0.9634390743275022,0.49259037761987856,0.8619372345722859,0.4943208599918569,0.24908806407921,0.48438453825543104,0.7336244541484717,0.373849808231115,0.38546376107684205,0.08733624454148471,0.48,0.3727202448331182,0.3896331280052836,0.08571428571428572,0.034934497816593885,0.03142857142857143,0.3457142857142857,14.237142857142857,0.048034934497816595,0.0,0.03532314574520929,0.08640381672458616,4.585152838427947,0.0193051708905011,0.03787446376270165,0.16158310253430067,0.07860262008733625,0,0.1689539687702557,0.24469960334401908,2.8178997882760792,0.873419141149752,0.0,0.9090909090909091,0.0,0.1,0.0,0.1,0.0,0.08,0.034934497816593885,0.25386103417810024,0.25386103417810024
156,0.9632058483549281,0.493100405010055,0.8617846381502302,0.4950425680103035,0.24908806407921,0.4846306333960156,0.7292576419213974,0.373849808231115,0.38546376107684205,0.08733624454148471,0.47714285714285715,0.3727202448331182,0.3896331280052836,0.08571428571428572,0.043668122270742356,0.04,0.3457142857142857,14.265714285714285,0.048034934497816595,0.0,0.0354067481357441,0.08634269269731973,4.585152838427947,0.018726015763786068,0.03675937820614861,0.16123560945827164,0.07860262008733625,0,0.16842305606926156,0.24347610532729896,2.8015417925105575,0.8559507583267569,0.0,1.0,0.0,0.1,0.0,0.1,0.0,0.08,0.043668122270742356,0.2537452031527572,0.2537452031527572
157,0.9647483017228657,0.49416378002612055,0.8627938433538238,0.49574336143870595,0.24908806407921,0.484928256644286,0.62882096069869,0.373849808231115,0.38546376107684205,0.08733624454148471,0.4114285714285714,0.3727202448331182,0.3896331280052836,0.08571428571428572,0.05240174672489083,0.04,0.3457142857142857,14.354285714285714,0.048034934497816595,0.0,0.03548815797431274,0.08628340239087119,4.585152838427947,0.018164235290872487,0.035676510442018805,0.16089854117452349,0.07860262008733625,0,0.1678662272174867,0.2422587248006625,2.785510956660346,0.8388317431602218,0.0,1.0,0.0,0.1,0.0,0.1,0.0,0.08,0.05240174672489083,0.2536328470581745,0.2536328470581745
158,0.9631166481947935,0.49410057824589804,0.8617262757597421,0.4956278885480919,0.24908806407921,0.4850168695063152,0.6331877729257642,0.373849808231115,0.38546376107684205,0.08733624454148471,0.4142857142857143,0.3727202448331182,0.3896331280052836,0.08571428571428572,0.048034934497816595,0.037142857142857144,0.3457142857142857,14.34,0.048034934497816595,0.0,0.03556742316981971,0.08622589079361621,4.585152838427947,0.017619308232146313,0.03462496560521677,0.16057158493928778,0.07860262008733625,0,0.16734061108139925,0.24104743117665917,2.7669435946699967,0.8220551082970173,0.0,1.0,0.0,0.1,0.0,0.1,0.0,0.08,0.048034934497816595,0.25352386164642926,0.25352386164642926
159,0.9653231358768852,0.4940504046099642,0.8631699491288825,0.49592861724083387,0.24908806407921,0.48523497293455625,0.6550218340611353,0.373849808231115,0.38546376107684205,0.08733624454148471,0.42857142857142855,0.3727202448331182,0.3896331280052836,0.08571428571428572,0.039301310043668124,0.03428571428571429,0.3457142857142857,14.371428571428572,0.048034934497816595,0.0,0.035644591182050905,0.08617010454427883,4.585152838427947,0.01709072898518192,0.03360387155375133,0.16025443739110914,0.07860262008733625,0,0.1667607651688494,0.23984219402077586,2.745890437062311,0.8056140061310769,0.0,1.0,0.0,0.1,0.0,0.1,0.0,0.08,0.039301310043668124,0.25341814579703636,0.25341814579703636
160,0.9665992758975748,0.49304349133488107,0.8640049093138479,0.4950632940932768,0.24908806407921,0.4853657099217807,0.6768558951965066,0.373849808231115,0.38546376107684205,0.08733624454148471,0.44285714285714284,0.3727202448331182,0.3896331280052836,0.08571428571428572,0.039301310043668124,0.04,0.3457142857142857,14.385714285714286,0.048034934497816595,0.0,0.035719708982635774,0.08611599188242157,4.585152838427947,0.016578007115626462,0.03261237842100484,0.15994680426937588,0.07860262008733625,0,0.16626938991443374,0.23864298305067197,2.730972628321065,0.7895017260084554,0.0,1.0,0.0,0.1,0.0,0.1,0.0,0.08,0.039301310043668124,0.2533156014231253,0.2533156014231253
161,0.9664047853069317,0.4929317003422858,0.863877656898827,0.494587659073107,0.24908806407921,0.48533613256532226,0.6855895196506551,0.37367513574203204,0.38533275671002987,0.08733624454148471,0.44857142857142857,0.37260595911883243,0.3895474137195692,0.08571428571428572,0.048034934497816595,0.04857142857142857,0.3457142857142857,14.422857142857143,0.043668122270742356,0.0,0.03579282301977473,0.08606350260042002,4.585152838427947,0.01608066690215767,0.03164965816843801,0.15964840014129458,0.07860262008733625,0,0.16615218582200444,0.23744976813541863,2.724924604326072,0.8041637524214698,0.0,0.9411764705882353,0.0,0.1,0.0,0.1,0.0,0.08,0.048034934497816595,0.25321613338043153,0.25321613338043153
162,0.9657379195119329,0.49322580036912306,0.8634413361358133,0.49481331552908725,0.24908806407921,0.4852008322958747,0.7510917030567685,0.37350046325294906,0.38520175234321763,0.08733624454148471,0.49142857142857144,0.37249167340454675,0.389461699433855,0.08571428571428572,0.048034934497816595,0.04,0.3457142857142857,14.462857142857143,0.043668122270742356,0.0,0.0358639791865096,0.08601258799687857,4.585152838427947,0.015598246895092939,0.03071490413941258,0.15935894813705576,0.07860262008733625,0,0.1659784248928944,0.23996447192474232,2.7104261122395505,0.8010477980719196,0.0,0.9285714285714286,0.0,0.1,0.0,0.1,0.0,0.08,0.048034934497816595,0.2531196493790186,0.2531196493790186
163,0.9641904667391366,0.4930798908789815,0.8624288598930409,0.4944038017191274,0.24908806407921,0.4850253819345334,0.6899563318777293,0.37350046325294906,0.38520175234321763,0.08733624454148471,0.4514285714285714,0.37249167340454675,0.389461699433855,0.08571428571428572,0.039301310043668124,0.037142857142857144,0.3457142857142857,14.5,0.043668122270742356,0.0,0.03593322279232359,0.0859632008314433,4.585152838427947,0.01513029948824015,0.029807330614762373,0.15907817969294408,0.07860262008733625,0,0.16543396133985847,0.2387646495651186,2.6933604471376165,0.7850268421104812,0.0,1.0,0.0,0.1,0.0,0.1,0.0,0.08,0.039301310043668124,0.25302605989764804,0.25302605989764804
164,0.9687128962522944,0.4916762905595394,0.8631071542196209,0.4935579518221501,0.24908806407921,0.48488428746151446,0.7533039647577092,0.37414152964051123,0.3852913710087374,0.0881057268722467,0.48857142857142855,0.37249167340454675,0.389461699433855,0.08571428571428572,0.03524229074889868,0.037142857142857144,0.3514285714285714,14.528571428571428,0.03524229074889868,0.005714285714285714,0.036102934871166094,0.08591529528097117,4.5198237885462555,0.014676390503592944,0.02892617237068884,0.15880583430215575,0.07929515418502203,0,0.1648637915331592,0.237570826317293,2.6766360953377215,0.7693263052682716,0.0,1.0,0.0,0.1,0.0,0.1,0.0,0.08,0.043668122270742356,0.2529352781007186,0.2529352781007186
165,0.9701095071388648,0.4921957333743146,0.8640129561374822,0.4943328202451344,0.24908806407921,0.48473752398240466,0.7224669603524229,0.37414152964051123,0.3852913710087374,0.0881057268722467,0.4685714285714286,0.37249167340454675,0.389461699433855,0.08571428571428572,0.03524229074889868,0.03142857142857143,0.3514285714285714,14.588571428571429,0.03524229074889868,0.0,0.03616878626750662,0.08586882689701311,4.5198237885462555,0.014236098788485156,0.02807068423950665,0.15854165927309108,0.07929515418502203,0,0.164381332571922,0.23638297218570653,2.654531944859538,0.7539397791629062,0.0,1.0,0.0,0.1,0.0,0.1,0.0,0.08,0.03524229074889868,0.25284721975769703,0.25284721975769703
166,0.9685354552189316,0.4927973086009685,0.8629920710351258,0.494846760889978,0.24908806407921,0.48482891248152593,0.7224669603524229,0.37414152964051123,0.3852913710087374,0.0881057268722467,0.4685714285714286,0.37249167340454675,0.389461699433855,0.08571428571428572,0.03524229074889868,0.037142857142857144,0.3514285714285714,14.66,0.039647577092511016,0.0,0.03623284886840297,0.08582375256457382,4.5198237885462555,0.013809015824830602,0.027240140673720603,0.15828540949489836,0.07929515418502203,0,0.1638449973376338,0.23520105732477797,2.638584163105205,0.738860983579648,0.0,1.0,0.0,0.1,0.0,0.1,0.0,0.08,0.03524229074889868,0.2527618031649661,0.2527618031649661
167,0.9703588461247957,0.49287512802135436,0.8630245850920508,0.4950441170192431,0.24908806407921,0.4848403182693781,0.6814159292035398,0.37280146516753515,0.3850084486585497,0.08849557522123894,0.44,0.37249167340454675,0.389461699433855,0.08571428571428572,0.030973451327433628,0.02857142857142857,0.35428571428571426,14.657142857142857,0.030973451327433628,0.002857142857142857,0.036357515571547774,0.0857800304621077,4.433628318584071,0.013394745350085684,0.02643383531387067,0.1580368472100514,0.07964601769911504,0,0.16322577235094565,0.2340250520381541,2.6143839084145295,0.7240837639080551,0.0,1.0,0.0,0.1,0.0,0.1,0.0,0.08,0.03524229074889868,0.25267894907001714,0.25267894907001714
168,0.9716087846744106,0.4927478702463456,0.8629383388733777,0.494883799616023,0.24908806407921,0.48473058107272926,0.6933333333333334,0.37217600557322233,0.3852241538310857,0.08888888888888889,0.44571428571428573,0.37249167340454675,0.389461699433855,0.08571428571428572,0.02666666666666667,0.02857142857142857,0.35714285714285715,14.677142857142858,0.02666666666666667,0.002857142857142857,0.036554983324014814,0.0857376200227156,4.373333333333333,0.012992902989583112,0.02565108056053944,0.15779574179374986,0.08,0,0.16263807206061948,0.23285492677796332,2.590667658817667,0.7096020886298939,0.0,1.0,0.0,0.1,0.0,0.1,0.0,0.08,0.030973451327433628,0.2525985805979166,0.2525985805979166
169,0.9702496836894655,0.49220208650402864,0.8620646310973415,0.49437753550162955,0.24908806407921,0.4846312968745457,0.7066666666666667,0.37217600557322233,0.3852241538310857,0.08888888888888889,0.4542857142857143,0.37249167340454675,0.389461699433855,0.08571428571428572,0.035555555555555556,0.03142857142857143,0.35714285714285715,14.67142857142857,0.02666666666666667,0.0,0.036625878047675954,0.08569648189650528,4.373333333333333,0.012603115899895618,0.024891207150881223,0.15756186953993737,0.08,0,0.16208159670031635,0.2316906521440735,2.5702828770698853,0.695410046857296,0.0,1.0,0.0,0.1,0.0,0.1,0.0,0.08,0.035555555555555556,0.25252062317997914,0.25252062317997914
170,0.9702640268149568,0.4903057353353171,0.8620738516780144,0.49266131285943005,0.24908806407921,0.4845591962071082,0.68,0.37217600557322233,0.3852241538310857,0.08888888888888889,0.43714285714285717,0.37249167340454675,0.389461699433855,0.08571428571428572,0.04,0.037142857142857144,0.35714285714285715,14.67142857142857,0.02666666666666667,0.0,0.0366837622758638,0.08565657791408124,4.373333333333333,0.01222502242289875,0.024153563739992,0.15733501345373924,0.08,0,0.1615564751453862,0.23053219888335313,2.5560200766713446,0.6815018459201502,0.0,1.0,0.0,0.1,0.0,0.1,0.0,0.08,0.04,0.25244500448457974,0.25244500448457974
171,0.9702558011665953,0.48966738747219773,0.8620685637612107,0.4923055389674224,0.24908806407921,0.48438776516300824,0.6488888888888888,0.3719982277954445,0.3850908204977524,0.08888888888888889,0.41714285714285715,0.37237738769026096,0.38937598514814065,0.08571428571428572,0.035555555555555556,0.02857142857142857,0.35714285714285715,14.691428571428572,0.02666666666666667,0.0,0.03674004992809856,0.0856178710511299,4.373333333333333,0.011858271750211787,0.02343751648740955,0.15711496305012707,0.08,0,0.16134869276965927,0.22937953788893636,2.533471103709346,0.6741538864175259,0.0,0.9,0.0,0.1,0.0,0.1,0.0,0.08,0.035555555555555556,0.2523716543500424,0.2523716543500424
172,0.9708969755554042,0.4902331935887399,0.8624807472968736,0.49250209268464384,0.24908806407921,0.48419017600322145,0.6888888888888889,0.3719982277954445,0.3850908204977524,0.08888888888888889,0.44285714285714284,0.37237738769026096,0.38937598514814065,0.08571428571428572,0.04,0.037142857142857144,0.35714285714285715,14.765714285714285,0.02666666666666667,0.0,0.03679478084854791,0.08558032539406708,4.373333333333333,0.011502523597705433,0.02274244864899877,0.15690151415862325,0.08,0,0.16082737787723958,0.2282326401994917,2.5199445387780166,0.6606708086891754,0.0,1.0,0.0,0.1,0.0,0.1,0.0,0.08,0.04,0.2523005047195411,0.2523005047195411
173,0.9745098975018321,0.48937545219612527,0.8631131778957586,0.4917813513259532,0.24908806407921,0.484096320025157,0.7098214285714286,0.3725949430517562,0.3856304380447875,0.08928571428571429,0.4542857142857143,0.37237738769026096,0.38937598514814065,0.08571428571428572,0.022321428571428572,0.022857142857142857,0.36,14.794285714285714,0.022321428571428572,0.002857142857142857,0.03682856554486423,0.08554390610671624,4.375,0.011157447889774269,0.02206776017444878,0.15669446873386456,0.08035714285714286,0,0.1601660981307105,0.22709147699849422,2.492402790859599,0.6474573925153919,0.0,1.0,0.0,0.1,0.0,0.1,0.0,0.08,0.022222222222222223,0.2522314895779548,0.2522314895779548
174,0.974025422723927,0.4899621880132501,0.8628031140378992,0.49271931765413024,0.24908806407921,0.484050669656442,0.7232142857142857,0.37241637162318486,0.38553048764286285,0.08928571428571429,0.46285714285714286,0.3722631019759753,0.38931201689090883,0.08571428571428572,0.022321428571428572,0.022857142857142857,0.36,14.825714285714286,0.022321428571428572,0.0,0.03689571064429626,0.08550857939798585,4.375,0.01082272445308104,0.021412867310581674,0.15649363467184862,0.08035714285714286,0,0.15999355335434265,0.22595601961350176,2.4654118778995495,0.6777494135055975,0.0,0.875,0.0,0.1,0.0,0.1,0.0,0.08,0.022321428571428572,0.2521645448906162,0.2521645448906162
175,0.9762593886287264,0.4894402996996994,0.8638790480462564,0.4928066800816963,0.24908806407921,0.48408055386758625,0.7354260089686099,0.3719869762370192,0.38648834674176485,0.08968609865470852,0.4685714285714286,0.3722631019759753,0.38931201689090883,0.08571428571428572,0.017937219730941704,0.02,0.3628571428571429,14.86,0.02242152466367713,0.002857142857142857,0.037016078560178106,0.08547431249051735,4.313901345291479,0.010498042719488608,0.020777202210646273,0.15629882563169317,0.08071748878923767,0,0.15936472844471383,0.22482623951543426,2.4361036403415586,0.6641944252354856,0.0,1.0,0.0,0.1,0.0,0.1,0.0,0.08,0.022321428571428572,0.25209960854389774,0.25209960854389774
176,0.9762987027143791,0.48868898732691424,0.8639040967351151,0.4926116745784203,0.24908806407921,0.4841374695197863,0.7354260089686099,0.37180760403970975,0.3863538175937828,0.08968609865470852,0.4685714285714286,0.3721488162616896,0.3892263026051946,0.08571428571428572,0.026905829596412557,0.022857142857142857,0.3628571428571429,14.865714285714287,0.02242152466367713,0.0,0.037071388132128756,0.08544107359027295,4.313901345291479,0.01018310143790395,0.02016021254974565,0.15610986086274237,0.08071748878923767,0,0.15919619051677597,0.22370210831785708,2.4102387103918703,0.7403365143865426,0.0,0.875,0.0,0.1,0.0,0.1,0.0,0.08,0.026905829596412557,0.2520366202875808,0.2520366202875808
177,0.9780099041286164,0.4893441479557627,0.8649943764933294,0.49281757562477263,0.24908806407921,0.4841343597850352,0.7040358744394619,0.37180760403970975,0.3863538175937828,0.08968609865470852,0.44857142857142857,0.3721488162616896,0.3892263026051946,0.08571428571428572,0.017937219730941704,0.022857142857142857,0.3628571428571429,14.962857142857143,0.026905829596412557,0.0,0.03711905748009592,0.08540883185703588,4.313901345291479,0.00987760839476683,0.01956136114652751,0.1559265650368601,0.08071748878923767,0,0.1586567817070492,0.2225835977762678,2.3848910790411755,0.7255297840988117,0.0,1.0,0.0,0.1,0.0,0.1,0.0,0.08,0.017937219730941704,0.2519755216789534,0.2519755216789534
178,0.977026430662024,0.48815210509862345,0.8643677633989003,0.4918870797581685,0.24908806407921,0.48416593289481774,0.6547085201793722,0.37180760403970975,0.3863538175937828,0.08968609865470852,0.41714285714285715,0.3721488162616896,0.3892263026051946,0.08571428571428572,0.03139013452914798,0.025714285714285714,0.3628571428571429,14.985714285714286,0.026905829596412557,0.0,0.03716538928527188,0.08537755737579593,4.313901345291479,0.009581280142923825,0.018980125591242847,0.1557487680857543,0.08071748878923767,0,0.1580633549413711,0.22147067978738647,2.362907543174638,0.7110191884168355,0.0,1.0,0.0,0.1,0.0,0.1,0.0,0.08,0.03139013452914798,0.25191625602858475,0.25191625602858475
179,0.9772759656877782,0.4888205381806158,0.8645267528581667,0.49197474770123606,0.24908806407921,0.4840907656346136,0.6143497757847534,0.37180760403970975,0.3863538175937828,0.08968609865470852,0.3914285714285714,0.3721488162616896,0.3892263026051946,0.08571428571428572,0.03139013452914798,0.025714285714285714,0.3628571428571429,15.01142857142857,0.03139013452914798,0.0,0.03721041832005998,0.08534722112899316,4.313901345291479,0.00929384173863611,0.018415997880260826,0.15557630504318165,0.08071748878923767,0,0.1574728953095214,0.22036332638844955,2.3413636780254308,0.6967988046484987,0.0,1.0,0.0,0.1,0.0,0.1,0.0,0.08,0.03139013452914798,0.25185876834772725,0.25185876834772725
180,0.9785239456153798,0.4880451545706431,0.8647120695445651,0.49186677380891247,0.24908806407921,0.4838706013265185,0.6171171171171171,0.3723516166940162,0.3876338485607651,0.09009009009009009,0.3914285714285714,0.3721488162616896,0.3892263026051946,0.08571428571428572,0.018018018018018018,0.02,0.3657142857142857,15.071428571428571,0.02252252252252252,0.002857142857142857,0.037358528886107537,0.08531779496959446,4.225225225225225,0.009015026486477026,0.017868484057111056,0.15540901589188622,0.08108108108108109,0,0.15688538797583093,0.2192615097565073,2.314536404464922,0.6828628285555288,0.0,1.0,0.0,0.1,0.0,0.1,0.0,0.08,0.02242152466367713,0.2518030052972954,0.2518030052972954
181,0.9774755579753177,0.4879055238668728,0.86404709224144,0.4918482513818367,0.24908806407921,0.48351778727917655,0.6621621621621622,0.3723516166940162,0.3876338485607651,0.09009009009009009,0.42,0.3721488162616896,0.3892263026051946,0.08571428571428572,0.02702702702702703,0.025714285714285714,0.3657142857142857,15.14,0.018018018018018018,0.0,0.03742259805129922,0.08528925159497776,4.225225225225225,0.008744575691882715,0.017337103860104452,0.15524674541512962,0.08108108108108109,0,0.15632938960738033,0.21816520220772476,2.293959962089909,0.6692055719844182,0.0,1.0,0.0,0.1,0.0,0.1,0.0,0.08,0.02702702702702703,0.25174891513837655,0.25174891513837655
182,0.9755572974757372,0.48732934684362855,0.8628303670102774,0.49083741402113684,0.24908806407921,0.4830316685447131,0.6576576576576577,0.3723516166940162,0.3876338485607651,0.09009009009009009,0.41714285714285715,0.3721488162616896,0.3892263026051946,0.08571428571428572,0.02702702702702703,0.02,0.3657142857142857,15.111428571428572,0.03153153153153153,0.0,0.03746414446248418,0.08526156452159954,4.225225225225225,0.008482238421126234,0.016821390376573375,0.15508934305267574,0.08108108108108109,0,0.1556905998022006,0.21707437619668613,2.2680807628481117,0.6558214605447298,0.0,1.0,0.0,0.1,0.0,0.1,0.0,0.08,0.02702702702702703,0.2516964476842252,0.2516964476842252
183,0.97739637298409,0.48752663857862677,0.8639968663327184,0.49080740182050475,0.24908806407921,0.48247336107555866,0.6036036036036037,0.37217143651383605,0.38749871342563,0.09009009009009009,0.38285714285714284,0.37203453054740393,0.3891405883194803,0.08571428571428572,0.018018018018018018,0.02,0.3657142857142857,15.054285714285715,0.02252252252252252,0.0,0.03750451340848087,0.08523470806042267,4.225225225225225,0.008227771268492447,0.016320889703752672,0.15493666276109547,0.08108108108108109,0,0.15556900394604672,0.22503328855192148,2.2427191475911488,0.6654958964713531,0.0,0.8571428571428571,0.0,0.1,0.0,0.1,0.0,0.08,0.018018018018018018,0.2516455542536985,0.2516455542536985
184,0.9778734088890976,0.4876774107808681,0.8642994433924663,0.4911816092725754,0.24908806407921,0.48191096857594395,0.5585585585585585,0.3719912563336558,0.3873635782904949,0.09009009009009009,0.35428571428571426,0.37192024483311814,0.389054874033766,0.08571428571428572,0.03153153153153153,0.022857142857142857,0.3657142857142857,15.071428571428571,0.02702702702702703,0.0,0.03754373621259769,0.08520865729308112,4.225225225225225,0.007980938130437673,0.015835160616315624,0.1547885628782626,0.08108108108108109,0,0.15539101606917363,0.22390812210916186,2.220721907496469,0.7351675274131078,0.0,0.875,0.0,0.1,0.0,0.1,0.0,0.08,0.03153153153153153,0.25159618762608754,0.25159618762608754
185,0.9760130221779425,0.48703012919886357,0.8631194266785334,0.4906690976685537,0.24908806407921,0.4815996465629981,0.6171171171171171,0.3719912563336558,0.3873635782904949,0.09009009009009009,0.3914285714285714,0.37192024483311814,0.389054874033766,0.08571428571428572,0.013513513513513514,0.017142857142857144,0.3657142857142857,15.114285714285714,0.03153153153153153,0.0,0.037581843488513886,0.08518338804875979,4.225225225225225,0.007741509986524542,0.01536377424056179,0.15464490599191472,0.08108108108108109,0,0.15484234670311348,0.22278858149861605,2.1934503264893968,0.7204641768648455,0.0,1.0,0.0,0.1,0.0,0.1,0.0,0.08,0.013513513513513514,0.25154830199730494,0.25154830199730494
186,0.9746163143081537,0.48775286646768745,0.862233514829696,0.49110883092987306,0.24908806407921,0.481196934023041,0.6261261261261262,0.3719912563336558,0.3873635782904949,0.09009009009009009,0.39714285714285713,0.37192024483311814,0.389054874033766,0.08571428571428572,0.02252252252252252,0.02,0.3657142857142857,15.1,0.03153153153153153,0.0,0.03761886514852705,0.08515887688176817,4.225225225225225,0.007509264686928806,0.014906313735245869,0.15450555881215727,0.08108108108108109,0,0.15423942068388363,0.22167463859112296,2.169581319959609,0.7060548933275487,0.0,1.0,0.0,0.1,0.0,0.1,0.0,0.08,0.02252252252252252,0.25150185293738575,0.25150185293738575
187,0.9734341486705221,0.48761112371846965,0.8614836840538269,0.4905941428004928,0.24908806407921,0.4809598081727572,0.6891891891891891,0.3719912563336558,0.3873635782904949,0.09009009009009009,0.43714285714285717,0.37192024483311814,0.389054874033766,0.08571428571428572,0.02702702702702703,0.025714285714285714,0.3657142857142857,15.097142857142858,0.036036036036036036,0.0,0.03765483041227543,0.08513510104978621,4.225225225225225,0.007283986746320942,0.014462373979026721,0.15437039204779257,0.08108108108108109,0,0.15372508072332133,0.22056626539816734,2.151903979274702,0.6919337954609976,0.0,1.0,0.0,0.1,0.0,0.1,0.0,0.08,0.02702702702702703,0.2514567973492642,0.2514567973492642
188,0.9723558531299272,0.4878534574613525,0.8607997365966497,0.49066396099690046,0.24908806407921,0.4808936786723086,0.7117117117117117,0.3719912563336558,0.3873635782904949,0.09009009009009009,0.4514285714285714,0.37192024483311814,0.389054874033766,0.08571428571428572,0.013513513513513514,0.017142857142857144,0.3657142857142857,15.1,0.036036036036036036,0.0,0.037689767815882416,0.08511203849276369,4.225225225225225,0.007065467143931314,0.014031561264504666,0.15423928028635878,0.08108108108108109,0,0.15312788389113333,0.2194634340711765,2.126008756832065,0.6780951195517777,0.0,1.0,0.0,0.1,0.0,0.1,0.0,0.08,0.013513513513513514,0.25141309342878626,0.25141309342878626
189,0.9729204077647415,0.48774532360455247,0.8611578255364462,0.4905842082088322,0.24908806407921,0.48078075085433525,0.6981981981981982,0.3719912563336558,0.3873635782904949,0.09009009009009009,0.44285714285714284,0.37192024483311814,0.389054874033766,0.08571428571428572,0.02252252252252252,0.022857142857142857,0.3657142857142857,15.111428571428572,0.036036036036036036,0.0,0.0377237052214738,0.08508966781245196,4.225225225225225,0.006853503129613374,0.013613492998807541,0.15411210187776803,0.08108108108108109,0,0.15256210161453476,0.21836611690082064,2.1063457245525665,0.6645332171607422,0.0,1.0,0.0,0.1,0.0,0.1,0.0,0.08,0.02252252252252252,0.25137070062592265,0.25137070062592265
190,0.974726021903586,0.4882108459266235,0.8621629616273129,0.49083962389806224,0.24908806407921,0.4807478731400703,0.7058823529411765,0.3728085511977875,0.3879677379840412,0.09049773755656108,0.44571428571428573,0.371577387690261,0.3887977311766232,0.08571428571428572,0.02262443438914027,0.025714285714285714,0.36857142857142855,15.131428571428572,0.03167420814479638,0.002857142857142857,0.03793259195529635,0.08506796825254946,4.0633484162895925,0.006647898035724973,0.013207797410680344,0.153988738821435,0.08144796380090498,0,0.15328486253503354,0.23012432759586385,2.0899330957758013,0.7267821426807369,0.0,0.6666666666666666,0.0,0.1,0.0,0.1,0.0,0.08,0.02702702702702703,0.25132957960714497,0.25132957960714497
191,0.9735820131855801,0.48769034667911293,0.8614406018368003,0.4900546913994536,0.24908806407921,0.48073701014349307,0.7194570135746606,0.3728085511977875,0.3879677379840412,0.09049773755656108,0.4542857142857143,0.371577387690261,0.3887977311766232,0.08571428571428572,0.004524886877828055,0.005714285714285714,0.36857142857142855,15.134285714285713,0.027149321266968326,0.0,0.03800316953438961,0.08504691967944408,4.0633484162895925,0.006448461094653224,0.012814113264022264,0.15386907665679192,0.08144796380090498,0,0.15257558107950123,0.22897370595788455,2.053848719574571,0.7122464998271222,0.0,1.0,0.0,0.1,0.0,0.1,0.0,0.08,0.004524886877828055,0.25128969221893066,0.25128969221893066
192,0.9751458589673382,0.48699576361961955,0.8622519244986815,0.48974591587102917,0.24908806407921,0.4808949704927937,0.7,0.37282219469690436,0.3877262404332706,0.09090909090909091,0.44,0.3714631019759753,0.38875697715414154,0.08571428571428572,0.00909090909090909,0.011428571428571429,0.37142857142857144,15.134285714285713,0.02727272727272727,0.002857142857142857,0.03801130431467151,0.08502650256353189,4.072727272727272,0.006255007261813627,0.012432089577813055,0.15375300435708816,0.08181818181818182,0,0.152355417459818,0.23265043168643335,2.0242003166116502,0.7293158731985264,0.0,0.75,0.0,0.1,0.0,0.1,0.0,0.08,0.00904977375565611,0.25125100145236273,0.25125100145236273
193,0.9757016064653816,0.4870039591509202,0.8626012514974517,0.48914585947888944,0.24908806407921,0.4807796188992843,0.7227272727272728,0.372458558333268,0.38745351316054333,0.09090909090909091,0.4542857142857143,0.37123453054740385,0.38858554858271294,0.08571428571428572,0.031818181818181815,0.022857142857142857,0.37142857142857144,15.194285714285714,0.02727272727272727,0.0,0.03804176044412505,0.08500669796109706,4.072727272727272,0.006067357043959218,0.01206138535236212,0.15364041422637553,0.08181818181818182,0,0.15264992894037607,0.23148717952800119,2.0065734531365607,0.8367186164861146,0.0,0.75,0.0,0.1,0.0,0.1,0.0,0.08,0.031818181818181815,0.25121347140879186,0.25121347140879186
194,0.9787015266479256,0.48784752392056724,0.8635463279341372,0.4892014745977623,0.24908806407921,0.4807946979743691,0.6621004566210046,0.3725757419703005,0.3881905326454606,0.091324200913242,0.4142857142857143,0.37123453054740385,0.38858554858271294,0.08571428571428572,0.0045662100456621,0.008571428571428572,0.3742857142857143,15.251428571428571,0.0228310502283105,0.002857142857142857,0.03825490987243569,0.08498748749673525,3.853881278538813,0.005885336332640441,0.011701669301808493,0.15353120179958427,0.0821917808219178,0,0.15197239358138848,0.23032974363036118,1.9750134126452579,0.8199842441563924,0.0,1.0,0.0,0.1,0.0,0.1,0.0,0.08,0.00909090909090909,0.2511770672665281,0.2511770672665281
195,0.9773602856450431,0.48781107074373464,0.8627070942780478,0.4893756079772272,0.24908806407921,0.48076621939449204,0.7579908675799086,0.3725757419703005,0.3881905326454606,0.091324200913242,0.4742857142857143,0.37123453054740385,0.38858554858271294,0.08571428571428572,0.0045662100456621,0.002857142857142857,0.3742857142857143,15.265714285714285,0.0228310502283105,0.0,0.038347196991362346,0.08496885334630429,3.853881278538813,0.0057087762426612275,0.011352619592798652,0.15342526574559673,0.0821917808219178,0,0.15124110304205293,0.22917809491220936,1.938370287249495,0.8035845592732644,0.0,1.0,0.0,0.1,0.0,0.1,0.0,0.08,0.0045662100456621,0.2511417552485323,0.2511417552485323
196,0.9774275007080123,0.4873180029680983,0.8624219421026955,0.48857011573558234,0.24908806407921,0.48074457390173536,0.6880733944954128,0.3728068670030709,0.3893152441871377,0.09174311926605505,0.42857142857142855,0.37123453054740385,0.38858554858271294,0.08571428571428572,0.0045871559633027525,0.002857142857142857,0.37714285714285717,15.248571428571429,0.01834862385321101,0.002857142857142857,0.03845342044738492,0.08495077822038631,3.7981651376146788,0.005537512955381391,0.011013923589260899,0.15332250777322884,0.08256880733944955,0,0.15051346895541412,0.22803220443764832,1.9024600243616483,0.7875128680877992,0.0,1.0,0.0,0.1,0.0,0.1,0.0,0.08,0.0045662100456621,0.2511075025910763,0.2511075025910763
197,0.9755531440405747,0.4879887683762474,0.86125448566412,0.48883313385196225,0.24908806407921,0.4807010479317747,0.6467889908256881,0.3726233807645389,0.38917762950823864,0.09174311926605505,0.40285714285714286,0.3711202448331181,0.3884998342969987,0.08571428571428572,0.009174311926605505,0.005714285714285714,0.37714285714285717,15.257142857142858,0.01834862385321101,0.0,0.038480887967438565,0.08493324534824587,3.7981651376146788,0.005371387566719949,0.010685277603193044,0.15322283254003197,0.0779816513761468,0,0.1502180444677799,0.22689204341546007,1.8701251095887013,0.8004288010762445,0.0,0.5,0.0,0.1,0.0,0.1,0.0,0.08,0.009174311926605505,0.251074277513344,0.251074277513344
198,0.9749228079484362,0.4878968631368129,0.8608618763267307,0.488850759919337,0.24908806407921,0.48071873011660465,0.7201834862385321,0.37243989452600673,0.38904001482933953,0.09174311926605505,0.44857142857142857,0.37100595911883244,0.3884141200112844,0.08571428571428572,0.0045871559633027525,0.002857142857142857,0.37714285714285717,15.262857142857143,0.022935779816513763,0.0,0.03850755996557937,0.08491623846226956,3.7981651376146788,0.0052102459397183505,0.010366386651379123,0.153126147563831,0.0779816513761468,0,0.14989552567401246,0.2257575831983828,1.8355797502540696,0.820859360999621,0.0,0.0,0.0,0.1,0.0,0.1,0.0,0.08,0.0045871559633027525,0.25104204918794365,0.25104204918794365
199,0.976130322886071,0.4869240619093699,0.8615072884072056,0.48826000353917914,0.24908806407921,0.4807778526953159,0.7557603686635944,0.3726904120195947,0.38776122944251984,0.09216589861751152,0.4685714285714286,0.37100595911883244,0.3884141200112844,0.08571428571428572,0.004608294930875576,0.002857142857142857,0.38,15.22,0.013824884792626729,0.002857142857142857,0.038506515994569585,0.0848997417828726,3.806451612903226,0.0050539385615268,0.01005696421794422,0.15303236313691607,0.07834101382488479,0,0.14920304804564238,0.22462879528239088,1.8017252981061314,0.8044421737796286,0.0,1.0,0.0,0.1,0.0,0.1,0.0,0.08,0.0045871559633027525,0.25101078771230534,0.25101078771230534
200,0.9774937243388684,0.485572983435423,0.8623525973079399,0.48784128408271793,0.24908806407921,0.480837932045439,0.6820276497695853,0.37232174842512467,0.3874847317466673,0.09216589861751152,0.4228571428571429,0.3707773876902611,0.3882426914398558,0.08571428571428572,0.013824884792626729,0.008571428571428572,0.38,15.234285714285715,0.018433179723502304,0.0,0.03853742251149301,0.08488374000385754,3.806451612903226,0.004902320404680996,0.009756732022657477,0.1529413922428086,0.07834101382488479,0,0.14934274709112844,0.2235056513059789,1.7742622207154373,0.8170728068875467,0.0,0.3333333333333333,0.0,0.1,0.0,0.1,0.0,0.08,0.013824884792626729,0.2509804640809362,0.2509804640809362
201,0.978983293719302,0.4848520375488782,0.8632761303238088,0.4875505201655899,0.24908806407921,0.48096513974111194,0.695852534562212,0.37232174842512467,0.3874847317466673,0.09216589861751152,0.43142857142857144,0.3707773876902611,0.3882426914398558,0.08571428571428572,0.018433179723502304,0.011428571428571429,0.38,15.254285714285714,0.009216589861751152,0.0,0.03856181933129745,0.08486821827821292,3.806451612903226,0.004755250792540566,0.00946541979488924,0.15285315047552434,0.07834101382488479,0,0.14884921596381315,0.222388123049449,1.7502055477296998,0.8007313507497957,0.0,1.0,0.0,0.1,0.0,0.1,0.0,0.08,0.018433179723502304,0.2509510501585081,0.2509510501585081
202,0.9773608885438112,0.48589283430003666,0.8622702391150044,0.48862537112079363,0.24908806407921,0.4810564897888921,0.6820276497695853,0.37232174842512467,0.3874847317466673,0.09216589861751152,0.4228571428571429,0.3707773876902611,0.3882426914398558,0.08571428571428572,0.018433179723502304,0.011428571428571429,0.38,15.285714285714286,0.013824884792626729,0.0,0.038585506634657554,0.08485316220433761,3.806451612903226,0.004612593268764349,0.00918276505312765,0.1527675559612586,0.07834101382488479,0,0.14816211274113694,0.22127618243420175,1.7266300082036772,0.7847167237347998,0.0,1.0,0.0,0.1,0.0,0.1,0.0,0.08,0.018433179723502304,0.25092251865375287,0.25092251865375287
203,0.9764514061513098,0.48667594587047963,0.8615648582854185,0.4895138007847959,0.24908806407921,0.4813113175018249,0.6851851851851852,0.3726014763589686,0.38911277521999416,0.09259259259259259,0.4228571428571429,0.3707773876902611,0.3882426914398558,0.08571428571428572,0.009259259259259259,0.005714285714285714,0.38285714285714284,15.288571428571428,0.009259259259259259,0.002857142857142857,0.03862009096900752,0.08483855781267866,3.7962962962962963,0.004474215470701419,0.008908512889958198,0.15268452928242085,0.0787037037037037,0,0.14744987360600267,0.22016980152203075,1.6978116937538892,0.7690223892601038,0.0,1.0,0.0,0.1,0.0,0.1,0.0,0.08,0.009216589861751152,0.2508948430941403,0.2508948430941403
204,0.9769315420781455,0.48668574017629457,0.8618611707431227,0.489297398424894,0.24908806407921,0.481534768826558,0.6944444444444444,0.3726014763589686,0.38911277521999416,0.09259259259259259,0.42857142857142855,0.3707773876902611,0.3882426914398558,0.08571428571428572,0.018518518518518517,0.011428571428571429,0.38285714285714284,15.274285714285714,0.009259259259259259,0.0,0.038642429174244076,0.08482439155276937,3.7962962962962963,0.004339989006580377,0.008642415762409206,0.15260399340394823,0.0787037037037037,0,0.1467981956665441,0.2190689525144206,1.675284031307383,0.7536419414749017,0.0,1.0,0.0,0.1,0.0,0.1,0.0,0.08,0.018518518518518517,0.2508679978013161,0.2508679978013161
205,0.9769051932648672,0.4848089795132158,0.8618449097612141,0.4879571546604508,0.24908806407921,0.4817820151299451,0.6898148148148148,0.3726014763589686,0.38911277521999416,0.09259259259259259,0.4257142857142857,0.3707773876902611,0.3882426914398558,0.08571428571428572,0.018518518518518517,0.011428571428571429,0.38285714285714284,15.34,0.009259259259259259,0.0,0.03866411592161714,0.08481065028065739,3.7962962962962963,0.004209789336382965,0.008384233287564102,0.1525258736018298,0.0787037037037037,0,0.14612134754535422,0.21797360775184849,1.653206922109807,0.7385691026454037,0.0,1.0,0.0,0.1,0.0,0.1,0.0,0.08,0.018518518518518517,0.2508419578672766,0.2508419578672766
206,0.9776842843082265,0.4847369673245452,0.862325720233687,0.4877080811032902,0.24908806407921,0.4819182098416993,0.7222222222222222,0.3726014763589686,0.38911277521999416,0.09259259259259259,0.44571428571428573,0.3707773876902611,0.3882426914398558,0.08571428571428572,0.018518518518518517,0.011428571428571429,0.38285714285714284,15.317142857142857,0.009259259259259259,0.0,0.038685169660217435,0.0847973212467088,3.7962962962962963,0.004083495656291476,0.008133732043342223,0.15245009739377488,0.0787037037037037,0,0.14544788366477032,0.21688373971308925,1.631571355096182,0.7237977205924956,0.0,1.0,0.0,0.1,0.0,0.1,0.0,0.08,0.018518518518518517,0.2508166991312583,0.2508166991312583
207,0.9772762702635149,0.48464759950794195,0.8620739172803795,0.48757296287901947,0.24908806407921,0.4820402088202711,0.7129629629629629,0.3726014763589686,0.38911277521999416,0.09259259259259259,0.44,0.3707773876902611,0.3882426914398558,0.08571428571428572,0.018518518518518517,0.011428571428571429,0.38285714285714284,15.337142857142856,0.013888888888888888,0.0,0.038705608349497565,0.08478439208377866,3.7962962962962963,0.003960990786602732,0.007890685374348227,0.15237659447196164,0.0787037037037037,0,0.14477778710358932,0.2157993210145238,1.6103684994228298,0.7093217661806457,0.0,1.0,0.0,0.1,0.0,0.1,0.0,0.08,0.018518518518518517,0.25079219815732057,0.25079219815732057
208,0.9775065920416508,0.4837116396041072,0.8622160587206005,0.48675804744546686,0.24908806407921,0.48200498174947315,0.7175925925925926,0.3724162911737835,0.38897388633110525,0.09259259259259259,0.44285714285714284,0.3706631019759753,0.3881569771541415,0.08571428571428572,0.023148148148148147,0.014285714285714285,0.38285714285714284,15.345714285714285,0.013888888888888888,0.0,0.03872544947026372,0.08477185079573643,3.7962962962962963,0.00384216106300465,0.007654873202690871,0.1523052966378028,0.0787037037037037,0,0.14453961245378566,0.21472032440945119,1.5924468437200878,0.6968206343519264,0.0,0.8,0.0,0.1,0.0,0.1,0.0,0.08,0.023148148148148147,0.2507684322126009,0.2507684322126009
209,0.9751095495543114,0.4854348392281818,0.8607367410712708,0.48765591757004756,0.24908806407921,0.48209051532829095,0.6990740740740741,0.3722311059885983,0.38883499744221633,0.09259259259259259,0.43142857142857144,0.3705488162616896,0.38807126286842725,0.08571428571428572,0.018518518518518517,0.011428571428571429,0.38285714285714284,15.38,0.018518518518518517,0.0,0.038744710035549294,0.08475968574633543,3.7962962962962963,0.0037268962311145103,0.007426081843671994,0.1522361377386687,0.0787037037037037,0,0.14427405724865958,0.21364672278740393,1.5720264782742575,0.6985656279173867,0.0,0.75,0.0,0.1,0.0,0.1,0.0,0.08,0.018518518518518517,0.2507453792462229,0.2507453792462229
210,0.9750828202431615,0.4841246789192766,0.8607202452678184,0.48710885148390104,0.24908806407921,0.48254377882650085,0.7037037037037037,0.37204592080341314,0.3886961085533275,0.09259259259259259,0.4342857142857143,0.3704345305474039,0.38798554858271295,0.08571428571428572,0.023148148148148147,0.014285714285714285,0.38285714285714284,15.394285714285715,0.013888888888888888,0.0,0.03876340660136249,0.0847478856484165,3.7962962962962963,0.003615089344181075,0.007204103826245034,0.15216905360650865,0.0787037037037037,0,0.14406682981955915,0.21257848917346692,1.554871662994486,0.6935526400370102,0.0,0.8,0.0,0.1,0.0,0.1,0.0,0.08,0.023148148148148147,0.2507230178688362,0.2507230178688362
211,0.973692861086146,0.4841713713534992,0.859862441902346,0.4872859255188949,0.24908806407921,0.4828984256282748,0.6805555555555556,0.3718607356182279,0.38855721966443857,0.09259259259259259,0.42,0.37032024483311815,0.38789983429699865,0.08571428571428572,0.009259259259259259,0.005714285714285714,0.38285714285714284,15.437142857142858,0.018518518518518517,0.0,0.03878155527730021,0.0847364395534351,3.7962962962962963,0.0035066366638556424,0.006988737718145566,0.15210398199831338,0.0787037037037037,0,0.14380363852760422,0.2115155967275996,1.529488515448882,0.6951353308570327,0.0,0.5,0.0,0.1,0.0,0.1,0.0,0.08,0.009259259259259259,0.2507013273327711,0.2507013273327711
212,0.9762652468589919,0.4857097970088575,0.8615177849882767,0.48829088135581433,0.24908806407921,0.48307373668464937,0.6558139534883721,0.3718588620591531,0.3889944551590027,0.09302325581395349,0.40285714285714286,0.37009167340454674,0.38772840572557005,0.08571428571428572,0.023255813953488372,0.017142857142857144,0.38571428571428573,15.48,0.013953488372093023,0.002857142857142857,0.0387885352132677,0.08472533684130318,3.7953488372093025,0.003401437563939973,0.006779787955592975,0.152040862538364,0.07906976744186046,0,0.14402733462068049,0.21045801874396158,1.5160416022827614,0.7259085604867943,0.0,0.6666666666666666,0.0,0.1,0.0,0.1,0.0,0.08,0.027777777777777776,0.250680287512788,0.250680287512788
213,0.9762098740204649,0.48526273837348677,0.8614837702446101,0.48774400619381036,0.24908806407921,0.4832290566093725,0.7255813953488373,0.3718588620591531,0.3889944551590027,0.09302325581395349,0.44571428571428573,0.37009167340454674,0.38772840572557005,0.08571428571428572,0.0,0.0,0.38571428571428573,15.48857142857143,0.013953488372093023,0.0,0.03881198691748955,0.08471456721053516,3.7953488372093025,0.0032993944370217736,0.006577064677468769,0.15197963666221306,0.07906976744186046,0,0.1433071979475771,0.2094057286502418,1.4857207702371062,0.7113903892770584,0.0,0.0,0.0,0.1,0.0,0.1,0.0,0.08,0.0,0.2506598788874044,0.2506598788874044
214,0.9758087370845723,0.48563248606307796,0.861237357555419,0.4881938010897357,0.24908806407921,0.4834391670282748,0.6744186046511628,0.3716728155475252,0.38885492027528185,0.09302325581395349,0.4142857142857143,0.36997738769026095,0.3876426914398558,0.08571428571428572,0.023255813953488372,0.014285714285714285,0.38571428571428573,15.491428571428571,0.013953488372093023,0.0,0.038828581851323304,0.08470412066869022,3.7953488372093025,0.0032004126039111205,0.006380383563869163,0.15192024756234668,0.07906976744186046,0,0.14313323338641062,0.20961613897128245,1.4702920691180783,0.7137537837100723,0.0,0.8,0.0,0.1,0.0,0.1,0.0,0.08,0.023255813953488372,0.25064008252078224,0.25064008252078224
215,0.9763858473410474,0.48623838014100573,0.8616593371491363,0.48788741758112547,0.24908806407921,0.48357066851614106,0.7149532710280374,0.37182685197743065,0.38777880479422905,0.09345794392523364,0.43714285714285717,0.3698631019759754,0.3875569771541415,0.08571428571428572,0.014018691588785047,0.008571428571428572,0.38857142857142857,15.494285714285715,0.014018691588785047,0.002857142857142857,0.03883868368274242,0.08469398752310067,3.794392523364486,0.0031044002257937867,0.006189565678940356,0.15186264013547626,0.0794392523364486,0,0.14290328150519285,0.20856805827642602,1.4494576563071455,0.7385691026454037,0.0,0.6666666666666666,0.0,0.1,0.0,0.1,0.0,0.08,0.013953488372093023,0.25062088004515876,0.25062088004515876
216,0.9779537374873961,0.48513432116983346,0.8626179899814752,0.4870092045830238,0.24908806407921,0.4835116218516387,0.6728971962616822,0.37182685197743065,0.38777880479422905,0.09345794392523364,0.4114285714285714,0.3698631019759754,0.3875569771541415,0.08571428571428572,0.014018691588785047,0.008571428571428572,0.38857142857142857,15.554285714285715,0.014018691588785047,0.0,0.038854314237272064,0.08468415837187872,3.794392523364486,0.003011268219019973,0.006004437317897682,0.151806760931412,0.0794392523364486,0,0.14224590795480974,0.2075252179850439,1.4290399317524312,0.7237977205924956,0.0,1.0,0.0,0.1,0.0,0.1,0.0,0.08,0.014018691588785047,0.250602253643804,0.250602253643804
217,0.9783859422905069,0.4857535046120715,0.8620174770322043,0.48805704816743595,0.24908806407921,0.483290212083075,0.6901408450704225,0.3723369879087987,0.3884512195267506,0.09389671361502347,0.42,0.3697488162616896,0.3874712628684272,0.08571428571428572,0.018779342723004695,0.014285714285714285,0.3914285714285714,15.522857142857143,0.014084507042253521,0.002857142857142857,0.03890070648649603,0.08467462409519347,3.7746478873239435,0.0029209301724493738,0.005824829858134151,0.15175255810346963,0.07981220657276995,0,0.14202039270074998,0.2123136430693929,1.4147448474030966,0.7093217661806457,0.0,0.8,0.0,0.1,0.0,0.1,0.0,0.08,0.02336448598130841,0.2505841860344899,0.2505841860344899
218,0.9792790981901169,0.485560061146832,0.8625610261939668,0.4883286470766916,0.24908806407921,0.48330477410006306,0.6572769953051644,0.37214919448156863,0.38831037445632804,0.09389671361502347,0.4,0.3696345305474039,0.3873855485827129,0.08571428571428572,0.023474178403755867,0.014285714285714285,0.3914285714285714,15.562857142857142,0.018779342723004695,0.0,0.038915448219030306,0.0846653758468088,3.7746478873239435,0.0028333022672758926,0.0056505796143262454,0.15169998136036553,0.07981220657276995,0,0.14179600502296053,0.23841540078915965,1.4007356647407492,0.6952970894877486,0.0,0.8,0.0,0.1,0.0,0.1,0.0,0.08,0.023474178403755867,0.25056666045345516,0.25056666045345516
219,0.9792778118688192,0.4855844177030841,0.862560243375577,0.4883862296434073,0.24908806407921,0.48340347420554475,0.6338028169014085,0.37214919448156863,0.38831037445632804,0.09389671361502347,0.38571428571428573,0.3696345305474039,0.3873855485827129,0.08571428571428572,0.004694835680751174,0.002857142857142857,0.3914285714285714,15.551428571428572,0.018779342723004695,0.0,0.038929755720939145,0.08465640504587564,3.7746478873239435,0.0027483031992576157,0.005481527697443478,0.15164898191955456,0.07981220657276995,0,0.14111559642641716,0.23722332378521385,1.3755780943030769,0.6813911476979937,0.0,1.0,0.0,0.1,0.0,0.1,0.0,0.08,0.004694835680751174,0.2505496606398515,0.2505496606398515
220,0.9785980737872674,0.4849815720050369,0.8621465742002326,0.4878088447960525,0.24908806407921,0.4835097280780647,0.6948356807511737,0.37214919448156863,0.38831037445632804,0.09389671361502347,0.4228571428571429,0.3696345305474039,0.3873855485827129,0.08571428571428572,0.009389671361502348,0.005714285714285714,0.3914285714285714,15.531428571428572,0.018779342723004695,0.0,0.03894364154781499,0.08464770336897051,3.7746478873239435,0.0026658541032798873,0.005317519877569565,0.15159951246196793,0.07981220657276995,0,0.14046701844428505,0.2360372071662878,1.353780818131301,0.6677633247440338,0.0,1.0,0.0,0.1,0.0,0.1,0.0,0.08,0.009389671361502348,0.25053317082065596,0.25053317082065596
221,0.979549756762997,0.4859008673779747,0.8627257412683194,0.48871444051801566,0.24908806407921,0.48354039592871617,0.7230046948356808,0.3719614010543386,0.38831037445632804,0.09389671361502347,0.44,0.3695202448331181,0.3873855485827129,0.08571428571428572,0.018779342723004695,0.011428571428571429,0.3914285714285714,15.51142857142857,0.018779342723004695,0.0,0.02680168149936346,0.09520170253896262,3.7746478873239435,0.1026658541032799,0.1856228639758878,0.21159951246196793,0.07981220657276995,0,0.1402788262092065,0.23485702113045637,1.3381337731972465,0.654408058249153,0.0,0.75,0.0,0.1,0.0,0.1,0.0,0.08,0.018779342723004695,0.270533170820656,0.270533170820656
222,0.9809809853620057,0.4848625921925672,0.8635967461014304,0.4876532625122973,0.24908806407921,0.4837771295777801,0.7276995305164319,0.3717736076271086,0.38816952938590554,0.09389671361502347,0.44285714285714284,0.36940595911883245,0.3872998342969986,0.08571428571428572,0.023474178403755867,0.014285714285714285,0.3914285714285714,15.5,0.018779342723004695,0.0,0.0270567521356767,0.09487664193726486,3.7746478873239435,0.0995858784801815,0.18059085797776442,0.2097515270881089,0.07981220657276995,0,0.14006314636387474,0.23368273602480408,1.325656812019016,0.6537606297089236,0.0,0.8,0.0,0.1,0.0,0.1,0.0,0.08,0.023474178403755867,0.2699171756960363,0.2699171756960363
223,0.9808245033074504,0.4847707715034218,0.863501515593944,0.48785145578128475,0.24908806407921,0.4838021790790145,0.7183098591549296,0.3717736076271086,0.38816952938590554,0.09389671361502347,0.43714285714285717,0.36940595911883245,0.3872998342969986,0.08571428571428572,0.018779342723004695,0.011428571428571429,0.3914285714285714,15.494285714285715,0.018779342723004695,0.0,0.027310177828072248,0.09456133315361799,3.7746478873239435,0.09659830212577605,0.1756801065889334,0.20795898127546564,0.07981220657276995,0,0.1394199734891982,0.23251432234468006,1.310572247207207,0.640685417114745,0.0,1.0,0.0,0.1,0.0,0.1,0.0,0.08,0.018779342723004695,0.2693196604251552,0.2693196604251552
224,0.979994257042274,0.48453065775252263,0.8629962514382795,0.487967614219728,0.24908806407921,0.4837794031845395,0.7136150234741784,0.3715858141998785,0.388028684315483,0.09389671361502347,0.4342857142857143,0.36929167340454666,0.38721412001128436,0.08571428571428572,0.023474178403755867,0.014285714285714285,0.3914285714285714,15.485714285714286,0.018779342723004695,0.0,0.02756175587284525,0.09425548363348056,3.7746478873239435,0.09370035306200276,0.17088856021819543,0.20622021183720166,0.07981220657276995,0,0.1392085879074665,0.23135175073295666,1.298646516548777,0.7252748587977867,0.0,0.8,0.0,0.1,0.0,0.1,0.0,0.08,0.023474178403755867,0.2687400706124006,0.2687400706124006
225,0.9797776165351004,0.4845508502382608,0.8625839337315444,0.4882520848474276,0.24908806407921,0.4838815254419485,0.7594339622641509,0.37240918416533236,0.38771946403292407,0.09433962264150944,0.46,0.36929167340454666,0.38721412001128436,0.08571428571428572,0.014150943396226415,0.008571428571428572,0.3942857142857143,15.485714285714286,0.014150943396226415,0.002857142857142857,0.027834914645661565,0.09395880959894726,3.7547169811320753,0.09088934247014267,0.16621415063728118,0.2045336054820856,0.08018867924528301,0,0.1385411163965006,0.23019499197929189,1.2812450147892303,0.710769361621831,0.0,1.0,0.0,0.1,0.0,0.1,0.0,0.08,0.014084507042253521,0.2681778684940285,0.2681778684940285
226,0.979670196096331,0.48483350193073255,0.8625188676372042,0.48811339813930116,0.24908806407921,0.4840791820699547,0.75,0.37240918416533236,0.38771946403292407,0.09433962264150944,0.4542857142857143,0.36929167340454666,0.38721412001128436,0.08571428571428572,0.0,0.0,0.3942857142857143,15.497142857142856,0.018867924528301886,0.0,0.02808274597569742,0.09367103578544997,3.7547169811320753,0.0881626621960384,0.16165479517538206,0.20289759731762302,0.08018867924528301,0,0.1378484108145181,0.22904401701939542,1.2556201144934456,0.6965539743893944,0.0,0.0,0.0,0.1,0.0,0.1,0.0,0.08,0.0,0.2676325324392077,0.2676325324392077
227,0.9776851374982846,0.4851023776439015,0.8613164892863873,0.48803824802220747,0.24908806407921,0.48419733303880413,0.7547169811320755,0.3720318256747664,0.3874364451649995,0.09433962264150944,0.45714285714285713,0.3690631019759753,0.38704269143985576,0.08571428571428572,0.02358490566037736,0.014285714285714285,0.3942857142857143,15.468571428571428,0.014150943396226415,0.0,0.028328190314564322,0.09339189518635757,3.7547169811320753,0.08551778233015725,0.1572084006583333,0.20131066939809433,0.08018867924528301,0,0.13807331161758837,0.2301015949709046,1.2447934264892908,0.710769361621831,0.0,0.6,0.0,0.1,0.0,0.1,0.0,0.08,0.02358490566037736,0.26710355646603146,0.26710355646603146
228,0.9757918225928324,0.484113687861847,0.8601696814007992,0.4870953266769241,0.24908806407921,0.48415069638936575,0.7075471698113207,0.3720318256747664,0.3874364451649995,0.09433962264150944,0.42857142857142855,0.3690631019759753,0.38704269143985576,0.08571428571428572,0.014150943396226415,0.008571428571428572,0.3942857142857143,15.471428571428572,0.018867924528301886,0.0,0.028571094771634952,0.09312112880523798,3.7547169811320753,0.08295224886025253,0.15287286710145354,0.1997713493161515,0.08018867924528301,0,0.13741151648807187,0.22895108699605007,1.2284689865309335,0.6965539743893944,0.0,1.0,0.0,0.1,0.0,0.1,0.0,0.08,0.014150943396226415,0.2665904497720505,0.2665904497720505
229,0.9763617339942056,0.4843548932161145,0.8605148848782025,0.4869082297426634,0.24908806407921,0.48418013367007706,0.7122641509433962,0.3720318256747664,0.3874364451649995,0.09433962264150944,0.43142857142857144,0.3690631019759753,0.38704269143985576,0.08571428571428572,0.014150943396226415,0.008571428571428572,0.3942857142857143,15.514285714285714,0.014150943396226415,0.0,0.02881131832876517,0.09285848541555196,3.7547169811320753,0.08046368139444494,0.1486460911651306,0.19827820883666697,0.08018867924528301,0,0.13675303033420294,0.22780633156106983,1.2124710353717436,0.6826228949016064,0.0,1.0,0.0,0.1,0.0,0.1,0.0,0.08,0.014150943396226415,0.26609273627888896,0.26609273627888896
230,0.9754272792567639,0.484355177442151,0.8599488722943807,0.48759368736258807,0.24908806407921,0.48430358916817684,0.7169811320754716,0.3718431464294834,0.38729493573103724,0.09433962264150944,0.4342857142857143,0.36894881626168957,0.38695697715414146,0.08571428571428572,0.018867924528301886,0.011428571428571429,0.3942857142857143,15.557142857142857,0.014150943396226415,0.0,0.029048731513195356,0.0926037213275565,3.7547169811320753,0.07804977095261159,0.14452596938226991,0.19682986257156695,0.08018867924528301,0,0.13652640803967475,0.27774210602919397,1.1996501860928799,0.6826228949016064,0.0,0.75,0.0,0.1,0.0,0.1,0.0,0.08,0.018867924528301886,0.2656099541905223,0.2656099541905223
231,0.9764448585100005,0.48433597604222256,0.8605652345849125,0.48755228449403126,0.24908806407921,0.4843044001784957,0.6886792452830188,0.3718431464294834,0.38729493573103724,0.09433962264150944,0.41714285714285715,0.36894881626168957,0.38695697715414146,0.08571428571428572,0.014150943396226415,0.008571428571428572,0.3942857142857143,15.602857142857143,0.02358490566037736,0.0,0.029283216046662588,0.09235660016220092,3.7547169811320753,0.07570827782403323,0.1405104011667173,0.19542496669441994,0.08018867924528301,0,0.13587234742804782,0.27635339549904797,1.184228610942451,0.6689704370035743,0.0,1.0,0.0,0.1,0.0,0.1,0.0,0.08,0.014150943396226415,0.2651416555648066,0.2651416555648066
232,0.9767700380957546,0.4848404822748019,0.8607622005054265,0.48774823801989425,0.24908806407921,0.4844314325917583,0.6933962264150944,0.3718431464294834,0.38729493573103724,0.09433962264150944,0.42,0.36894881626168957,0.38695697715414146,0.08571428571428572,0.014150943396226415,0.008571428571428572,0.3942857142857143,15.56,0.02358490566037736,0.0,0.029514664475154356,0.092116892631806,3.7547169811320753,0.07343702948931223,0.1365972916117163,0.19406221769358734,0.08018867924528301,0,0.135221557119479,0.27497162852155277,1.1691154672950306,0.6555910282635028,0.0,1.0,0.0,0.1,0.0,0.1,0.0,0.08,0.014150943396226415,0.26468740589786244,0.26468740589786244
233,0.9778153242666512,0.4851322743284683,0.861395345271798,0.4880850954781036,0.24908806407921,0.48462349919700115,0.6839622641509434,0.37165446718420025,0.38715342629707494,0.09433962264150944,0.4142857142857143,0.3688345305474039,0.38687126286842716,0.08571428571428572,0.0047169811320754715,0.002857142857142857,0.3942857142857143,15.594285714285714,0.02358490566037736,0.0,0.029742979783359096,0.09188437632732295,3.7547169811320753,0.07123391860463286,0.13278455408737522,0.1927403511627797,0.08018867924528301,0,0.13497402076245307,0.273596770378945,1.1485903008062728,0.6583437641736972,0.0,0.0,0.0,0.1,0.0,0.1,0.0,0.08,0.0047169811320754715,0.2642467837209266,0.2642467837209266
234,0.9781058257087866,0.485244268171252,0.86157130614532,0.487968690402479,0.24908806407921,0.48476315184266955,0.7122641509433962,0.37146578793891727,0.3870119168631127,0.09433962264150944,0.43142857142857144,0.3687202448331181,0.3867855485827129,0.08571428571428572,0.0047169811320754715,0.002857142857142857,0.3942857142857143,15.614285714285714,0.018867924528301886,0.0,0.02996807499750667,0.09165883551197437,3.7547169811320753,0.06909690104649388,0.12907011264601032,0.19145814062789632,0.08018867924528301,0,0.1347277220872122,0.2722287865270503,1.12847563764729,0.6887103084401608,0.0,0.0,0.0,0.1,0.0,0.1,0.0,0.08,0.0047169811320754715,0.2638193802092988,0.2638193802092988
235,0.9798458890728727,0.4851135448428996,0.8626252873829952,0.4879935432040015,0.24908806407921,0.4847865409097954,0.6509433962264151,0.37146578793891727,0.3870119168631127,0.09433962264150944,0.3942857142857143,0.3687202448331181,0.3867855485827129,0.08571428571428572,0.0,0.0,0.3942857142857143,15.674285714285714,0.02358490566037736,0.0,0.0301898727799448,0.09144006092108625,3.7547169811320753,0.06702399401509906,0.12545190424408792,0.19021439640905943,0.08018867924528301,0,0.13405408347677616,0.270867642594415,1.1059061248943443,0.6749361022713576,0.0,0.0,0.0,0.1,0.0,0.1,0.0,0.08,0.0,0.2634047988030198,0.2634047988030198
236,0.9802507565917177,0.48533614377936724,0.8628705214229812,0.48798092419388384,0.24908806407921,0.48469903293464645,0.6509433962264151,0.37146578793891727,0.3870119168631127,0.09433962264150944,0.3942857142857143,0.3687202448331181,0.3867855485827129,0.08571428571428572,0.0,0.0,0.3942857142857143,15.697142857142858,0.018867924528301886,0.0,0.030408305018466267,0.09122784956792479,3.7547169811320753,0.06501327419464609,0.12192788078932892,0.18900796451678764,0.08018867924528301,0,0.13338381305939223,0.26951330438144294,1.0837880023964575,0.6614373802259303,0.0,0.0,0.0,0.1,0.0,0.1,0.0,0.08,0.0,0.2630026548389292,0.2630026548389292
237,0.9788160338487065,0.4850303610975438,0.8620014893615001,0.48830878872577027,0.24908806407921,0.4845199822559021,0.6839622641509434,0.37127710869363434,0.3868704074291504,0.09433962264150944,0.4142857142857143,0.3686059591188324,0.3866998342969986,0.08571428571428572,0.0047169811320754715,0.002857142857142857,0.3942857142857143,15.714285714285714,0.018867924528301886,0.0,0.030623312413089028,0.09102200455535812,3.7547169811320753,0.0630628759688067,0.11849601102135776,0.18783772558128403,0.08018867924528301,0,0.13314546542266673,0.26816573785953574,1.0649693852056712,0.7158938689633767,0.0,0.0,0.0,0.1,0.0,0.1,0.0,0.08,0.0047169811320754715,0.26261257519376136,0.26261257519376136
238,0.9773627121803042,0.48479468042241236,0.8611211916652106,0.48834271652632605,0.24908806407921,0.48431192467239176,0.7216981132075472,0.37108842944835135,0.38672889799518817,0.09433962264150944,0.43714285714285717,0.36849167340454675,0.3866141200112843,0.08571428571428572,0.0047169811320754715,0.002857142857142857,0.3942857142857143,15.694285714285714,0.018867924528301886,0.0,0.030834844062696088,0.0908223348931685,3.7547169811320753,0.0611709896897425,0.11515428223408042,0.1867025938138455,0.08018867924528301,0,0.13290830952412483,0.2679397227106318,1.0465271403587004,0.7412637298065196,0.0,0.0,0.0,0.1,0.0,0.1,0.0,0.08,0.0047169811320754715,0.2622341979379485,0.2622341979379485
239,0.9803752850557026,0.48444045062434843,0.8628850204184446,0.4882520354098664,0.24908806407921,0.4839016659794595,0.6255924170616114,0.3709080992363772,0.386715049881109,0.0947867298578199,0.37714285714285717,0.36849167340454675,0.3866141200112843,0.08571428571428572,0.0,0.0,0.39714285714285713,15.694285714285714,0.014218009478672985,0.002857142857142857,0.031080039854491277,0.0906286553208446,3.677725118483412,0.05933585999905022,0.11190070184776524,0.18560151599943012,0.08056872037914692,0,0.13224376797650422,0.2666000240970787,1.0255965975515264,0.7264384552103891,0.0,0.0,0.0,0.1,0.0,0.1,0.0,0.08,0.0,0.26186717199981,0.26186717199981
240,0.981217943148027,0.48273544753300296,0.863393022868389,0.4875704269768632,0.24908806407921,0.4835148121374099,0.6113744075829384,0.3709080992363772,0.386715049881109,0.0947867298578199,0.36857142857142855,0.36849167340454675,0.3866141200112843,0.08571428571428572,0.0,0.0,0.39714285714285713,15.637142857142857,0.014218009478672985,0.0,0.03132425784069179,0.09044078613569037,3.677725118483412,0.05755578419907871,0.10873329883857896,0.1845334705194472,0.08056872037914692,0,0.13158254913662168,0.2652670239765933,1.0050846656004961,0.7119096861061813,0.0,0.0,0.0,0.1,0.0,0.1,0.0,0.08,0.0,0.26151115683981574,0.26151115683981574
241,0.9804223726440706,0.48238518691342835,0.8629134075074322,0.4871996800967268,0.24908806407921,0.48314232791300976,0.6966824644549763,0.3709080992363772,0.386715049881109,0.0947867298578199,0.42,0.36849167340454675,0.3866141200112843,0.08571428571428572,0.0,0.0,0.39714285714285713,15.645714285714286,0.014218009478672985,0.0,0.03152613199689363,0.09025855302609076,3.677725118483412,0.05582911067310635,0.1056501250330999,0.1834974664038638,0.08056872037914692,0,0.13092463639093857,0.26394068885671035,0.9849829722884857,0.6976714923840577,0.0,0.0,0.0,0.1,0.0,0.1,0.0,0.08,0.0,0.26116582213462125,0.26116582213462125
242,0.9799214915897987,0.4836656281423412,0.8626114477861426,0.4884382682074412,0.24908806407921,0.4827779850250851,0.7203791469194313,0.3707185257766616,0.38657286978632227,0.0947867298578199,0.4342857142857143,0.36837738769026096,0.38652840572557,0.08571428571428572,0.004739336492890996,0.002857142857142857,0.39714285714285713,15.625714285714286,0.014218009478672985,0.0,0.031724381764865694,0.09008178690977918,3.677725118483412,0.05415423735291316,0.1026492562750918,0.1824925424117479,0.08056872037914692,0,0.1306985846375553,0.2626209854124268,0.9681404556998592,0.6954791943026661,0.0,0.0,0.0,0.1,0.0,0.1,0.0,0.08,0.004739336492890996,0.2608308474705826,0.2608308474705826
243,0.9802459092540634,0.48360674033091844,0.8627680201729767,0.48772191605374776,0.24908806407921,0.4824971869434109,0.7380952380952381,0.37179847421963225,0.38631422459794473,0.09523809523809523,0.44285714285714284,0.36837738769026096,0.38652840572557,0.08571428571428572,0.009523809523809525,0.008571428571428572,0.4,15.64,0.014285714285714285,0.002857142857142857,0.031941814432716716,0.08991032377695687,3.638095238095238,0.05252961023232576,0.0997287934715827,0.18151776613939546,0.08095238095238096,0,0.13035163697257643,0.26130788048536463,0.9573490751572904,0.6815696104166128,0.0,1.0,0.0,0.1,0.0,0.1,0.0,0.08,0.014218009478672985,0.26050592204646517,0.26050592204646517
244,0.9804182649984319,0.4829775297846963,0.862871433619598,0.4876417325809069,0.24908806407921,0.48223886559999174,0.7666666666666667,0.37179847421963225,0.38631422459794473,0.09523809523809523,0.46,0.36837738769026096,0.38652840572557,0.08571428571428572,0.009523809523809525,0.005714285714285714,0.4,15.654285714285715,0.014285714285714285,0.0,0.032160931834012155,0.08974400453811927,3.638095238095238,0.05095372192535599,0.09688686352504317,0.1805722331552136,0.08095238095238096,0,0.12972845021628496,0.2600013410829378,0.9439163793684304,0.6679382182082806,0.0,1.0,0.0,0.1,0.0,0.1,0.0,0.08,0.009523809523809525,0.26019074438507117,0.26019074438507117
245,0.9805282672261594,0.48348357700338823,0.8629930684784453,0.48729575724441354,0.24908806407921,0.4819912329175943,0.784688995215311,0.3709812446552919,0.38788516972192216,0.09569377990430622,0.4685714285714286,0.36837738769026096,0.38652840572557,0.08571428571428572,0.009569377990430622,0.008571428571428572,0.40285714285714286,15.605714285714285,0.009569377990430622,0.002857142857142857,0.03238554987062038,0.0895826748764468,3.6076555023923444,0.04942511026759531,0.09412162015821623,0.17965506616055718,0.08133971291866028,0,0.12910837939377498,0.25870133437752313,0.9336094803524904,0.6545794538441149,0.0,1.0,0.0,0.1,0.0,0.1,0.0,0.08,0.014285714285714285,0.25988502205351904,0.25988502205351904
246,0.9805510035822061,0.48277454390801483,0.8630066453310561,0.48670604643929843,0.24908806407921,0.48193499287355557,0.7416267942583732,0.3709812446552919,0.38788516972192216,0.09569377990430622,0.44285714285714284,0.36837738769026096,0.38652840572557,0.08571428571428572,0.009569377990430622,0.005714285714285714,0.40285714285714286,15.582857142857144,0.009569377990430622,0.0,0.03257702326335137,0.08942618510462454,3.6076555023923444,0.047942356959567445,0.09143124463789898,0.17876541417574046,0.08133971291866028,0,0.12849140892537753,0.2574078277056355,0.9206515764597262,0.6414878647672326,0.0,1.0,0.0,0.1,0.0,0.1,0.0,0.08,0.009569377990430622,0.2595884713919135,0.2595884713919135
247,0.9817603858020386,0.482966901395844,0.8637288192851844,0.4873907956741016,0.24908806407921,0.481884182259328,0.7942583732057417,0.37059846953567466,0.3875980883822092,0.09569377990430622,0.4742857142857143,0.3681488162616896,0.3863569771541415,0.08571428571428572,0.019138755980861243,0.011428571428571429,0.40285714285714286,15.622857142857143,0.009569377990430622,0.0,0.032758034431979735,0.08927439002595691,3.6076555023923444,0.04650408625078042,0.08881394640373375,0.17790245175046823,0.08133971291866028,0,0.12873466616646492,0.25682271164655174,0.9136671163591032,0.6715541083189869,0.0,0.5,0.0,0.1,0.0,0.1,0.0,0.08,0.019138755980861243,0.2593008172501561,0.2593008172501561
248,0.9816522910894774,0.48328144324776323,0.8636642712996835,0.4870667612789554,0.24908806407921,0.4820079025634896,0.7511961722488039,0.37059846953567466,0.3875980883822092,0.09569377990430622,0.44857142857142857,0.3681488162616896,0.3863569771541415,0.08571428571428572,0.009569377990430622,0.005714285714285714,0.40285714285714286,15.68,0.009569377990430622,0.0,0.03293539265545503,0.08912714879964931,3.6076555023923444,0.04510896366325701,0.08626796360781619,0.1770653781979542,0.08133971291866028,0,0.12811956426420404,0.25553859808831897,0.9011080597462068,0.6581230261526071,0.0,1.0,0.0,0.1,0.0,0.1,0.0,0.08,0.009569377990430622,0.2590217927326514,0.2590217927326514
249,0.9813228833241138,0.48334539596473863,0.8634675678055094,0.4870950822556386,0.24908806407921,0.4822047014937017,0.7511961722488039,0.37059846953567466,0.3875980883822092,0.09569377990430622,0.44857142857142857,0.3681488162616896,0.3863569771541415,0.08571428571428572,0.009569377990430622,0.005714285714285714,0.40285714285714286,15.688571428571429,0.009569377990430622,0.0,0.033109114289021836,0.08898432481013095,3.6076555023923444,0.043755694753359296,0.08379156357069062,0.17625341685201557,0.08133971291866028,0,0.12750753787145444,0.2542609050978774,0.8888001842655683,0.644960565629555,0.0,1.0,0.0,0.1,0.0,0.1,0.0,0.08,0.009569377990430622,0.25875113895067187,0.25875113895067187
250,0.9830071125506447,0.4835682901152111,0.8644732932579235,0.4876017746964655,0.24908806407921,0.48236571689472135,0.7177033492822966,0.3704070819758661,0.38745454771235277,0.09569377990430622,0.42857142857142855,0.3680345305474038,0.38627126286842717,0.08571428571428572,0.014354066985645933,0.008571428571428572,0.40285714285714286,15.72,0.009569377990430622,0.0,0.03327921969531443,0.08884578554029811,3.6076555023923444,0.042443023910758514,0.08138304315905875,0.1754658143464551,0.08133971291866028,0,0.12732714303924,0.252989600572388,0.8795956091516854,0.6713189754797406,0.0,0.6666666666666666,0.0,0.1,0.0,0.1,0.0,0.08,0.014354066985645933,0.2584886047821517,0.2584886047821517
251,0.9825054949065658,0.48339713799299033,0.8641737558647451,0.48765152748741536,0.24908806407921,0.4824551249030532,0.722488038277512,0.3704070819758661,0.38745454771235277,0.09569377990430622,0.43142857142857144,0.3680345305474038,0.38627126286842717,0.08571428571428572,0.004784688995215311,0.002857142857142857,0.40285714285714286,15.717142857142857,0.009569377990430622,0.0,0.03344573294387768,0.08871140244856032,3.6076555023923444,0.04116973319343576,0.07904072909029669,0.17470183991606145,0.08133971291866028,0,0.12671907875261523,0.2517246525695261,0.8648608398257946,0.6578925959701458,0.0,1.0,0.0,0.1,0.0,0.1,0.0,0.08,0.004784688995215311,0.25823394663868715,0.25823394663868715
252,0.9835526002953049,0.4838449511252687,0.8647990273683063,0.48750180195382775,0.24908806407921,0.48250891007613966,0.7320574162679426,0.3700243068562488,0.3871674663726398,0.09569377990430622,0.43714285714285717,0.3678059591188324,0.38609983429699857,0.08571428571428572,0.019138755980861243,0.011428571428571429,0.40285714285714286,15.677142857142858,0.009569377990430622,0.0,0.03360868152328042,0.0885810508495746,3.6076555023923444,0.03993464119763269,0.07676297816864242,0.17396078471857962,0.08133971291866028,0,0.12697119764456646,0.25046602930667844,0.8589921944578501,0.70338153829458,0.0,0.5,0.0,0.1,0.0,0.1,0.0,0.08,0.019138755980861243,0.2579869282395265,0.2579869282395265
253,0.9825466801253165,0.4841694318770638,0.8641983493239419,0.48776544281362766,0.24908806407921,0.482430244784133,0.7607655502392344,0.3700243068562488,0.3871674663726398,0.09569377990430622,0.4542857142857143,0.3678059591188324,0.38609983429699857,0.08571428571428572,0.009569377990430622,0.005714285714285714,0.40285714285714286,15.665714285714285,0.009569377990430622,0.0,0.03376809606579394,0.0884546097985585,3.6076555023923444,0.038736601961703705,0.07454817745769149,0.17324196117702223,0.08133971291866028,0,0.12636491308491507,0.24921369916014505,0.8475266362829788,0.6893139075286884,0.0,1.0,0.0,0.1,0.0,0.1,0.0,0.08,0.009569377990430622,0.2577473203923407,0.2577473203923407
254,0.984857283710137,0.4846370272563474,0.8655781097503061,0.488792869311313,0.24908806407921,0.4824259176654875,0.7129186602870813,0.3700243068562488,0.3871674663726398,0.09569377990430622,0.4257142857142857,0.3678059591188324,0.38609983429699857,0.08571428571428572,0.009569377990430622,0.005714285714285714,0.40285714285714286,15.66,0.014354066985645933,0.0,0.03392401008454785,0.08833196197907286,3.6076555023923444,0.03757450390285259,0.07239474439361815,0.17254470234171154,0.08133971291866028,0,0.1257616599480619,0.2479676306643443,0.8362903892716049,0.6755276293781146,0.0,1.0,0.0,0.1,0.0,0.1,0.0,0.08,0.009569377990430622,0.25751490078057054,0.25751490078057054
255,0.9841800648875293,0.48422250632668645,0.8651737133676631,0.4883891702430183,0.24908806407921,0.4825067093980102,0.7272727272727273,0.3700243068562488,0.3871674663726398,0.09569377990430622,0.4342857142857143,0.3678059591188324,0.38609983429699857,0.08571428571428572,0.009569377990430622,0.005714285714285714,0.40285714285714286,15.654285714285715,0.009569377990430622,0.0,0.03407645972302105,0.08821299359417178,3.6076555023923444,0.03644726878576701,0.07030112684332634,0.1718683612714602,0.08133971291866028,0,0.12516142307689304,0.2467277925110226,0.8252788672004585,0.6620170767905522,0.0,1.0,0.0,0.1,0.0,0.1,0.0,0.08,0.009569377990430622,0.2572894537571534,0.2572894537571534
256,0.9847066333206936,0.4853381918217571,0.8654881499463242,0.4885551911025368,0.24908806407921,0.48260727646371065,0.7272727272727273,0.3700243068562488,0.3871674663726398,0.09569377990430622,0.4342857142857143,0.3678059591188324,0.38609983429699857,0.08571428571428572,0.009569377990430622,0.005714285714285714,0.40285714285714286,15.691428571428572,0.009569377990430622,0.0,0.034225483516680616,0.08809759426081774,3.6076555023923444,0.035353850722194,0.06826580311152597,0.1712123104333164,0.08133971291866028,0,0.12456418739007999,0.24549415354846746,0.8144875755707351,0.6487767352547412,0.0,1.0,0.0,0.1,0.0,0.1,0.0,0.08,0.009569377990430622,0.2570707701444388,0.2570707701444388
257,0.9837176605176297,0.48446032137864214,0.864897591901066,0.48783395621336606,0.24908806407921,0.48275133098236317,0.7320574162679426,0.3700243068562488,0.3871674663726398,0.09569377990430622,0.43714285714285717,0.3678059591188324,0.38609983429699857,0.08571428571428572,0.009569377990430622,0.005714285714285714,0.40285714285714286,15.694285714285714,0.009569377990430622,0.0,0.03437112216654199,0.08798565690746431,3.6076555023923444,0.034293235200528176,0.06628728190052913,0.1705759411203169,0.08133971291866028,0,0.123969937881701,0.24426668278072514,0.8039121097736062,0.6358012005496464,0.0,1.0,0.0,0.1,0.0,0.1,0.0,0.08,0.009569377990430622,0.25685864704010564,0.25685864704010564
258,0.9848516940361622,0.48466069017841107,0.8655747719164185,0.4882429460968342,0.24908806407921,0.48274016397935937,0.7272727272727273,0.3700243068562488,0.3871674663726398,0.09569377990430622,0.4342857142857143,0.3678059591188324,0.38609983429699857,0.08571428571428572,0.009569377990430622,0.005714285714285714,0.40285714285714286,15.688571428571429,0.009569377990430622,0.0,0.034513418324390546,0.08787707767471152,3.6076555023923444,0.033264438144512326,0.06436410222636424,0.16995866288670738,0.08133971291866028,0,0.12337865962086393,0.24304534936682148,0.7935481532924197,0.6230851765386535,0.0,1.0,0.0,0.1,0.0,0.1,0.0,0.08,0.009569377990430622,0.2566528876289025,0.2566528876289025
259,0.9835788629841473,0.48512990446602483,0.8648147099453579,0.48817819026654613,0.24908806407921,0.4827861172784497,0.7464114832535885,0.3700243068562488,0.3871674663726398,0.09569377990430622,0.44571428571428573,0.3678059591188324,0.38609983429699857,0.08571428571428572,0.009569377990430622,0.005714285714285714,0.40285714285714286,15.674285714285714,0.009569377990430622,0.0,0.034652416389377695,0.08777175581894127,3.6076555023923444,0.03226650500017696,0.06249483329462158,0.16935990300010617,0.08133971291866028,0,0.12279033775133105,0.24183012261998738,0.783391475940857,0.6106234730078803,0.0,1.0,0.0,0.1,0.0,0.1,0.0,0.08,0.009569377990430622,0.2564533010000354,0.2564533010000354
260,0.9853051748077372,0.484377233572448,0.865845564720016,0.48740422197970845,0.24908806407921,0.4829198117268095,0.7416267942583732,0.3700243068562488,0.3871674663726398,0.09569377990430622,0.44285714285714284,0.3678059591188324,0.38609983429699857,0.08571428571428572,0.009569377990430622,0.005714285714285714,0.40285714285714286,15.702857142857143,0.009569377990430622,0.0,0.03478816231568157,0.08766959361884416,3.6076555023923444,0.031298509850171644,0.06067807433925587,0.16877910591010298,0.08133971291866028,0,0.12220495749114581,0.24062097200688745,0.7734379321363255,0.5984110035477227,0.0,1.0,0.0,0.1,0.0,0.1,0.0,0.08,0.009569377990430622,0.25625970197003434,0.25625970197003434
261,0.9830762912697918,0.4843889749791021,0.8645146028359285,0.48791739662256994,0.24908806407921,0.4830745388320283,0.6889952153110048,0.3700243068562488,0.3871674663726398,0.09569377990430622,0.4114285714285714,0.3678059591188324,0.38609983429699857,0.08571428571428572,0.009569377990430622,0.005714285714285714,0.40285714285714286,15.742857142857142,0.009569377990430622,0.0,0.034920703430904844,0.08757049628474993,3.6076555023923444,0.030359554554666494,0.058912454427401895,0.16821573273279988,0.08133971291866028,0,0.12162250413226153,0.239417867146853,0.7636834592078847,0.5864427834767683,0.0,1.0,0.0,0.1,0.0,0.1,0.0,0.08,0.009569377990430622,0.2560719109109333,0.2560719109109333
262,0.9814695687251995,0.4846432197712894,0.8635551599450149,0.48851498897499995,0.24908806407921,0.48309188044452644,0.6889952153110048,0.3700243068562488,0.3871674663726398,0.09569377990430622,0.4114285714285714,0.3678059591188324,0.38609983429699857,0.08571428571428572,0.004784688995215311,0.002857142857142857,0.40285714285714286,15.757142857142858,0.009569377990430622,0.0,0.03505008826486771,0.08747437187067855,3.6076555023923444,0.0294487679180265,0.05719663223308802,0.1676692607508159,0.08133971291866028,0,0.12104296304017165,0.23822077781111872,0.7512669328808699,0.574713927807233,0.0,1.0,0.0,0.1,0.0,0.1,0.0,0.08,0.004784688995215311,0.25588975358360533,0.25588975358360533
263,0.9813895714067983,0.483429863179464,0.863507390117741,0.48767513433914667,0.24908806407921,0.48311570890851013,0.7320574162679426,0.3700243068562488,0.3871674663726398,0.09569377990430622,0.43714285714285717,0.3678059591188324,0.38609983429699857,0.08571428571428572,0.009569377990430622,0.005714285714285714,0.40285714285714286,15.745714285714286,0.009569377990430622,0.0,0.03517636638844408,0.08738113118902933,3.6076555023923444,0.028565304880485705,0.05552929578256993,0.1671391829282914,0.08133971291866028,0,0.12046631965354221,0.23702967392206314,0.7419558799375383,0.5632196492510883,0.0,1.0,0.0,0.1,0.0,0.1,0.0,0.08,0.009569377990430622,0.25571306097609714,0.25571306097609714
264,0.9813674030396218,0.48264569977488303,0.8634941524356269,0.48707986510747764,0.24908806407921,0.4828909841092666,0.6985645933014354,0.3700243068562488,0.3871674663726398,0.09569377990430622,0.41714285714285715,0.3678059591188324,0.38609983429699857,0.08571428571428572,0.009569377990430622,0.005714285714285714,0.40285714285714286,15.782857142857143,0.009569377990430622,0.0,0.03529958826208115,0.08729068772782957,3.6076555023923444,0.027708345734071133,0.05390916217385344,0.16662500744044267,0.08133971291866028,0,0.11989255948384593,0.23584452555245283,0.7328310480530732,0.5519552562660666,0.0,1.0,0.0,0.1,0.0,0.1,0.0,0.08,0.009569377990430622,0.2555416691468142,0.2555416691468142
265,0.9816718576679612,0.48402338929130606,0.863675955342264,0.48800776829976916,0.24908806407921,0.4825900540100216,0.7033492822966507,0.3700243068562488,0.3871674663726398,0.09569377990430622,0.42,0.3678059591188324,0.38609983429699857,0.08571428571428572,0.0,0.0,0.40285714285714286,15.768571428571429,0.009569377990430622,0.0,0.03541980509363869,0.0872029575704658,3.6076555023923444,0.026877095362049,0.052334977272824657,0.1661262572172294,0.08133971291866028,0,0.1192930966864267,0.23466530292469057,0.7181744270920116,0.5409161511407452,0.0,0.0,0.0,0.1,0.0,0.1,0.0,0.08,0.0,0.2553754190724098,0.2553754190724098
266,0.9807598990558132,0.4849718919785886,0.86313138577101,0.4884902163662392,0.24908806407921,0.48251703268635154,0.6363636363636364,0.3700243068562488,0.3871674663726398,0.09569377990430622,0.38,0.3678059591188324,0.38609983429699857,0.08571428571428572,0.009569377990430622,0.005714285714285714,0.40285714285714286,15.777142857142858,0.009569377990430622,0.0,0.035537068705181724,0.08711785931782291,3.6076555023923444,0.026070782501187526,0.05080551538826483,0.1656424695007125,0.08133971291866028,0,0.11875363120299456,0.2334919764100671,0.7095252242644571,0.5300978281179303,0.0,1.0,0.0,0.1,0.0,0.1,0.0,0.08,0.009569377990430622,0.2552141565002375,0.2552141565002375
267,0.9803837356582259,0.48365779311732765,0.8629067624850221,0.4877762647759211,0.24908806407921,0.48231684983508943,0.722488038277512,0.3700243068562488,0.3871674663726398,0.09569377990430622,0.43142857142857144,0.3678059591188324,0.38609983429699857,0.08571428571428572,0.009569377990430622,0.005714285714285714,0.40285714285714286,15.748571428571429,0.009569377990430622,0.0,0.035651431408360836,0.08703531401275934,3.6076555023923444,0.025288659026151898,0.04931957892788941,0.16517319541569114,0.08133971291866028,0,0.11818843447555102,0.23232451652801678,0.7010490054934537,0.5194958715555716,0.0,1.0,0.0,0.1,0.0,0.1,0.0,0.08,0.009569377990430622,0.2550577318052304,0.2550577318052304
268,0.9801715341029801,0.48235036908693724,0.8627800478420324,0.48684962024669826,0.24908806407921,0.4820300011078216,0.7081339712918661,0.3700243068562488,0.3871674663726398,0.09569377990430622,0.4228571428571429,0.3678059591188324,0.38609983429699857,0.08571428571428572,0.0,0.0,0.40285714285714286,15.78,0.014354066985645933,0.0,0.03576294588801602,0.08695524506684768,3.6076555023923444,0.024529999255367342,0.04787599803742004,0.1647179995532204,0.08133971291866028,0,0.11759749230317328,0.23116289394537667,0.6870280253835845,0.5091059541244602,0.0,0.0,0.0,0.1,0.0,0.1,0.0,0.08,0.0,0.2549059998510735,0.2549059998510735
269,0.9799708029386035,0.48205589549565675,0.8626601826610191,0.48646375382853857,0.24908806407921,0.48179067931990854,0.6985645933014354,0.3696415317366316,0.38688038503292693,0.09569377990430622,0.41714285714285715,0.36757738769026105,0.3859284057255701,0.08571428571428572,0.019138755980861243,0.011428571428571429,0.40285714285714286,15.814285714285715,0.014354066985645933,0.0,0.03587166509364398,0.08687757818931337,3.6076555023923444,0.023794099277706322,0.04647363022457851,0.1642764595666238,0.08133971291866028,0,0.11792364769880026,0.25524831047921437,0.6847160363044845,0.5641632381361991,0.0,0.5,0.0,0.1,0.0,0.1,0.0,0.08,0.019138755980861243,0.2547588198555413,0.2547588198555413
270,0.9819355206343212,0.482634363046417,0.863833399799319,0.48634440571686394,0.24908806407921,0.48151611825645,0.7368421052631579,0.3696415317366316,0.38688038503292693,0.09569377990430622,0.44,0.36757738769026105,0.3859284057255701,0.08571428571428572,0.009569377990430622,0.005714285714285714,0.40285714285714286,15.811428571428571,0.014354066985645933,0.0,0.03597764213837322,0.0868022413181051,3.6076555023923444,0.023080276299375133,0.045111359969765674,0.16384816577962508,0.08133971291866028,0,0.11736260088887769,0.2539720689268183,0.6767360012926804,0.552879973373475,0.0,1.0,0.0,0.1,0.0,0.1,0.0,0.08,0.009569377990430622,0.254616055259875,0.254616055259875
271,0.9823646395104908,0.48258447631817203,0.8640896450710888,0.48659932268022826,0.24908806407921,0.4814675794075663,0.7464114832535885,0.3696415317366316,0.38688038503292693,0.09569377990430622,0.44571428571428573,0.36757738769026105,0.3859284057255701,0.08571428571428572,0.009569377990430622,0.005714285714285714,0.40285714285714286,15.788571428571428,0.014354066985645933,0.0,0.03608093020509817,0.08672916455303303,3.6076555023923444,0.02238786801039388,0.04378809832508257,0.16343272080623633,0.08133971291866028,0,0.11680435931300472,0.25270220858218423,0.6689155669811124,0.5418223739060056,0.0,1.0,0.0,0.1,0.0,0.1,0.0,0.08,0.009569377990430622,0.2544775736020788,0.2544775736020788
272,0.9817116757105592,0.4816418321406661,0.8636997324019868,0.4858255084535634,0.24908806407921,0.48124509389443926,0.7751196172248804,0.3696415317366316,0.38688038503292693,0.09569377990430622,0.46285714285714286,0.36757738769026105,0.3859284057255701,0.08571428571428572,0.0,0.0,0.40285714285714286,15.757142857142858,0.014354066985645933,0.0,0.0361815824594302,0.08665828009091318,3.6076555023923444,0.021716231970082062,0.04250278250323991,0.16302973918204924,0.08133971291866028,0,0.1162203375164397,0.2514386975392733,0.6555372556414902,0.5309859264278854,0.0,0.0,0.0,0.1,0.0,0.1,0.0,0.08,0.0,0.2543432463940164,0.2543432463940164
273,0.9808035502054356,0.48128052331862037,0.863157451743213,0.4857102215891995,0.24908806407921,0.4811070944941045,0.7703349282296651,0.3696415317366316,0.38688038503292693,0.09569377990430622,0.46,0.36757738769026105,0.3859284057255701,0.08571428571428572,0.009569377990430622,0.005714285714285714,0.40285714285714286,15.768571428571429,0.009569377990430622,0.0,0.03627965196913155,0.08658952216265689,3.6076555023923444,0.0210647450109796,0.04125437545780075,0.16263884700658776,0.08133971291866028,0,0.1156962358288575,0.2501815040515769,0.6481407962429461,0.5203662078993277,0.0,1.0,0.0,0.1,0.0,0.1,0.0,0.08,0.009569377990430622,0.25421294900219593,0.25421294900219593
274,0.9787465318004246,0.48179213719933295,0.8619291178956491,0.48606565955583125,0.24908806407921,0.48110216268618555,0.6842105263157895,0.3696415317366316,0.38688038503292693,0.09569377990430622,0.4085714285714286,0.36757738769026105,0.3859284057255701,0.08571428571428572,0.009569377990430622,0.005714285714285714,0.40285714285714286,15.8,0.009569377990430622,0.0,0.03637519162970733,0.08652282697224825,3.6076555023923444,0.02043280266065021,0.040041865456103776,0.16225968159639012,0.08133971291866028,0,0.11514632607828464,0.24893059653131902,0.6408922660323727,0.5099588837413412,0.0,1.0,0.0,0.1,0.0,0.1,0.0,0.08,0.009569377990430622,0.25408656053213,0.25408656053213
275,0.9786653940933434,0.48033404216215914,0.8618806670934207,0.485534705648136,0.24908806407921,0.4811773300387694,0.7368421052631579,0.3696415317366316,0.38688038503292693,0.09569377990430622,0.44,0.36757738769026105,0.3859284057255701,0.08571428571428572,0.009569377990430622,0.005714285714285714,0.40285714285714286,15.82,0.009569377990430622,0.0,0.03646825409583917,0.08645813263755195,3.6076555023923444,0.019819818580830706,0.038864265646124774,0.16189189114849842,0.08133971291866028,0,0.11459916587646465,0.2476859435486624,0.6337887064260112,0.4997597060665144,0.0,1.0,0.0,0.1,0.0,0.1,0.0,0.08,0.009569377990430622,0.25396396371616614,0.25396396371616614
276,0.9803451470542636,0.47938580169889794,0.8628837195757988,0.48527105462559705,0.24908806407921,0.4811361115003943,0.7272727272727273,0.3696415317366316,0.38688038503292693,0.09569377990430622,0.4342857142857143,0.36757738769026105,0.3859284057255701,0.08571428571428572,0.004784688995215311,0.002857142857142857,0.40285714285714286,15.834285714285715,0.009569377990430622,0.0,0.036558891718354566,0.0863953791328965,3.6076555023923444,0.019225224023405783,0.037720613618443255,0.16153513441404346,0.08133971291866028,0,0.11405474147565375,0.2464475138309191,0.6239700751546338,0.48976451194518406,0.0,1.0,0.0,0.1,0.0,0.1,0.0,0.08,0.004784688995215311,0.2538450448046812,0.2538450448046812
277,0.9806336359624106,0.4788550059076048,0.8630559886666639,0.48483666256471014,0.24908806407921,0.4811204165417435,0.6555023923444976,0.3696415317366316,0.38688038503292693,0.09569377990430622,0.3914285714285714,0.36757738769026105,0.3859284057255701,0.08571428571428572,0.009569377990430622,0.005714285714285714,0.40285714285714286,15.822857142857142,0.009569377990430622,0.0,0.03664715648643551,0.08633450823338071,3.6076555023923444,0.01864846730270361,0.036609970964401994,0.16118908038162216,0.08133971291866028,0,0.1135130391968469,0.2452152762617645,0.6172049593658269,0.47996922170628037,0.0,1.0,0.0,0.1,0.0,0.1,0.0,0.08,0.009569377990430622,0.2537296934605407,0.2537296934605407
278,0.9779814307422655,0.47831120825209433,0.8614722432637771,0.48493469880296985,0.24908806407921,0.48121790963091154,0.7033492822966507,0.369450144176823,0.3867368443630705,0.09569377990430622,0.42,0.36746310197597526,0.3858426914398558,0.08571428571428572,0.014354066985645933,0.008571428571428572,0.40285714285714286,15.834285714285715,0.009569377990430622,0.0,0.03673309997478018,0.08627546346085044,3.6076555023923444,0.0180890132836225,0.03553142283146549,0.1608534079701735,0.08133971291866028,0,0.11340261685800554,0.24398919988045567,0.6134322887499388,0.49361057220598853,0.0,0.6666666666666666,0.0,0.1,0.0,0.1,0.0,0.08,0.014354066985645933,0.2536178026567245,0.2536178026567245
279,0.9780955615509442,0.4802367743552783,0.8615403956609595,0.4868346556397398,0.24908806407921,0.4811578521442876,0.7416267942583732,0.36906736905720583,0.3864497630233576,0.09569377990430622,0.44285714285714284,0.3672345305474038,0.38567126286842723,0.08571428571428572,0.009569377990430622,0.005714285714285714,0.40285714285714286,15.837142857142856,0.009569377990430622,0.0,0.03681677329544236,0.08621819003149603,3.6076555023923444,0.017546342885113825,0.03448407747671345,0.16052780573106828,0.08133971291866028,0,0.11369274663085836,0.2427692538810534,0.6068779286892257,0.5386323070152151,0.0,0.0,0.0,0.1,0.0,0.1,0.0,0.08,0.009569377990430622,0.2535092685770228,0.2535092685770228
280,0.9797632362795021,0.478883082073147,0.8624113703726055,0.4861711905273596,0.24908806407921,0.48135377488766695,0.7836538461538461,0.36880223066899565,0.3867992096016267,0.09615384615384616,0.4657142857142857,0.3672345305474038,0.38567126286842723,0.08571428571428572,0.004807692307692308,0.005714285714285714,0.4057142857142857,15.84,0.004807692307692308,0.002857142857142857,0.036914975642995625,0.08616263480502226,3.576923076923077,0.01701995259856041,0.03346706581933134,0.16021197155913625,0.08173076923076923,0,0.11318128289770406,0.24155540761164812,0.6004546558297269,0.5278596608749109,0.0,1.0,0.0,0.1,0.0,0.1,0.0,0.08,0.009569377990430622,0.2534039905197121,0.2534039905197121
281,0.9801930562179494,0.4783485390369039,0.8626668062217401,0.48555069447313126,0.24908806407921,0.4815807206709192,0.8028846153846154,0.36880223066899565,0.3867992096016267,0.09615384615384616,0.47714285714285715,0.3672345305474038,0.38567126286842723,0.08571428571428572,0.004807692307692308,0.002857142857142857,0.4057142857142857,15.837142857142856,0.004807692307692308,0.0,0.03701374827965899,0.0861087462353427,3.576923076923077,0.0165093540206036,0.03247954099289663,0.15990561241236215,0.08173076923076923,0,0.11264394791178696,0.24034763057358988,0.5913027055702751,0.5173024676574126,0.0,1.0,0.0,0.1,0.0,0.1,0.0,0.08,0.004807692307692308,0.2533018708041207,0.2533018708041207
282,0.9811449972596455,0.47880041810419904,0.8632325311836623,0.4858632726050712,0.24908806407921,0.4817813846246378,0.7403846153846154,0.36880223066899565,0.3867992096016267,0.09615384615384616,0.44,0.3672345305474038,0.38567126286842723,0.08571428571428572,0.004807692307692308,0.002857142857142857,0.4057142857142857,15.808571428571428,0.004807692307692308,0.0,0.03709103327490544,0.08605647432275351,3.576923076923077,0.01601407339998549,0.03152067789819646,0.15960844403999128,0.08173076923076923,0,0.11210929960079946,0.23914589242072193,0.5823337943160126,0.5069564183042644,0.0,1.0,0.0,0.1,0.0,0.1,0.0,0.08,0.004807692307692308,0.2532028146799971,0.2532028146799971
283,0.9796991023857416,0.47834313253612754,0.8623732565157423,0.4856041597608217,0.24908806407921,0.482110175304043,0.8125,0.36860992297668804,0.38665497883239597,0.09615384615384616,0.4828571428571429,0.3671202448331181,0.38558554858271293,0.08571428571428572,0.009615384615384616,0.005714285714285714,0.4057142857142857,15.814285714285715,0.004807692307692308,0.0,0.03716624374761458,0.08600577056754202,3.576923076923077,0.015533651197985924,0.030589672757253217,0.15932019071879155,0.08173076923076923,0,0.11200589595993835,0.23795016295861832,0.576401404143978,0.4968172899381791,0.0,0.5,0.0,0.1,0.0,0.1,0.0,0.08,0.009615384615384616,0.2531067302395972,0.2531067302395972
284,0.9803409967602259,0.4789962702925946,0.8627547251725783,0.48600583586235885,0.24908806407921,0.48223908335514243,0.8028846153846154,0.36860992297668804,0.38665497883239597,0.09615384615384616,0.47714285714285715,0.3671202448331181,0.38558554858271293,0.08571428571428572,0.004807692307692308,0.002857142857142857,0.4057142857142857,15.78,0.004807692307692308,0.0,0.03723942800546612,0.08595658792498687,3.576923076923077,0.015067641662046346,0.02968574266917945,0.1590405849972278,0.08173076923076923,0,0.11147443790871006,0.2367604121438252,0.5677305189182412,0.4868809441394155,0.0,1.0,0.0,0.1,0.0,0.1,0.0,0.08,0.004807692307692308,0.25301352833240925,0.25301352833240925
285,0.9799133876678424,0.47941330800367976,0.8625006031976763,0.4860003658237908,0.24908806407921,0.4823244877802942,0.7692307692307693,0.36860992297668804,0.38665497883239597,0.09615384615384616,0.45714285714285713,0.3671202448331181,0.38558554858271293,0.08571428571428572,0.004807692307692308,0.002857142857142857,0.4057142857142857,15.8,0.004807692307692308,0.0,0.03731063368696081,0.08590888076170841,3.576923076923077,0.014615612412184955,0.028808125168431453,0.15876936744731096,0.08173076923076923,0,0.11094563714773792,0.2355766100831061,0.5592330513970194,0.47714332525662717,0.0,1.0,0.0,0.1,0.0,0.1,0.0,0.08,0.004807692307692308,0.252923122482437,0.252923122482437
286,0.9789923402567222,0.4801008390158247,0.8619532378790677,0.4866629696095248,0.24908806407921,0.4825207801437687,0.7740384615384616,0.36860992297668804,0.38665497883239597,0.09615384615384616,0.46,0.3671202448331181,0.38558554858271293,0.08571428571428572,0.004807692307692308,0.002857142857142857,0.4057142857142857,15.791428571428572,0.004807692307692308,0.0,0.03737990773914913,0.08586260481332827,3.576923076923077,0.014177144039819406,0.027956077785981637,0.15850628642389164,0.08173076923076923,0,0.11041948039057067,0.23439872703269055,0.5509055332262218,0.46760045875149464,0.0,1.0,0.0,0.1,0.0,0.1,0.0,0.08,0.004807692307692308,0.2528354288079639,0.2528354288079639
287,0.9785006523331166,0.4796938705655034,0.861661034770182,0.486571264570811,0.24908806407921,0.48279464786053594,0.7451923076923077,0.36860992297668804,0.38665497883239597,0.09615384615384616,0.44285714285714284,0.3671202448331181,0.38558554858271293,0.08571428571428572,0.0,0.0,0.4057142857142857,15.8,0.004807692307692308,0.0,0.037447296398204315,0.08581771714339956,3.576923076923077,0.013751829718624823,0.027128877613884494,0.1582510978311749,0.08173076923076923,0,0.10986738298861781,0.2332267333975271,0.5398874225616973,0.4582484495764647,0.0,0.0,0.0,0.1,0.0,0.1,0.0,0.08,0.0,0.25275036594372496,0.25275036594372496
288,0.97753684168152,0.48035125422690217,0.861088255868662,0.4862256574964662,0.24908806407921,0.48297409491474086,0.7355769230769231,0.36860992297668804,0.38665497883239597,0.09615384615384616,0.43714285714285717,0.3671202448331181,0.38558554858271293,0.08571428571428572,0.004807692307692308,0.002857142857142857,0.4057142857142857,15.877142857142857,0.004807692307692308,0.0,0.03751284517265425,0.08577417610356865,3.576923076923077,0.013339274827066079,0.026325820873665307,0.15800356489623965,0.08173076923076923,0,0.10937504607367472,0.23206059973053944,0.5319468169676063,0.4490834805849354,0.0,1.0,0.0,0.1,0.0,0.1,0.0,0.08,0.004807692307692308,0.2526678549654132,0.2526678549654132
289,0.9771567890957542,0.4801940380752131,0.860862396046264,0.4863654366247314,0.24908806407921,0.4830483498794032,0.7259615384615384,0.36860992297668804,0.38665497883239597,0.09615384615384616,0.43142857142857144,0.3671202448331181,0.38558554858271293,0.08571428571428572,0.004807692307692308,0.002857142857142857,0.4057142857142857,15.925714285714285,0.004807692307692308,0.0,0.03757659882909557,0.08573194129493268,3.576923076923077,0.012939096582254096,0.025546222488924686,0.15776345794935245,0.08173076923076923,0,0.1088567422718778,0.23090029673188675,0.524165023485397,0.4401018109732367,0.0,1.0,0.0,0.1,0.0,0.1,0.0,0.08,0.004807692307692308,0.2525878193164508,0.2525878193164508
290,0.9768356530976953,0.47933853015031797,0.8606715495102747,0.4864623193923688,0.24908806407921,0.4833982876521107,0.7644230769230769,0.36822530759207256,0.38636651729393445,0.09615384615384616,0.4542857142857143,0.36689167340454676,0.38541412001128433,0.08571428571428572,0.014423076923076924,0.008571428571428572,0.4057142857142857,15.96,0.004807692307692308,0.0,0.037638601380221945,0.08569097353055585,3.576923076923077,0.012550923684786473,0.02478941566250792,0.15753055421087186,0.08173076923076923,0,0.10919817284623268,0.2297457952482273,0.5222531515871175,0.44711673517721967,0.0,0.3333333333333333,0.0,0.1,0.0,0.1,0.0,0.08,0.014423076923076924,0.2525101847369573,0.2525101847369573
291,0.9774938001057881,0.47939932264219765,0.8610626768750841,0.48641009067948077,0.24908806407921,0.4835961699745079,0.7067307692307693,0.36822530759207256,0.38636651729393445,0.09615384615384616,0.42,0.36689167340454676,0.38541412001128433,0.08571428571428572,0.004807692307692308,0.002857142857142857,0.4057142857142857,16.005714285714287,0.004807692307692308,0.0,0.03769889607500757,0.08565123479911028,3.576923076923077,0.012174395974242878,0.024054751458558843,0.15730463758454571,0.08173076923076923,0,0.10868075341057294,0.22859706627198617,0.5146652314125182,0.43817440047367523,0.0,1.0,0.0,0.1,0.0,0.1,0.0,0.08,0.004807692307692308,0.2524348791948486,0.2524348791948486
292,0.9791067621931341,0.4790050967071783,0.8620212372012783,0.4862621670370493,0.24908806407921,0.4839074143483114,0.6875,0.36822530759207256,0.38636651729393445,0.09615384615384616,0.4085714285714286,0.36689167340454676,0.38541412001128433,0.08571428571428572,0.0,0.0,0.4057142857142857,16.085714285714285,0.004807692307692308,0.0,0.037757525390894435,0.08561268822960807,3.576923076923077,0.011809164095015591,0.02334159838973804,0.15708549845700934,0.08173076923076923,0,0.10813734964352008,0.22745408094062625,0.5043719267842677,0.4294109124642017,0.0,0.0,0.0,0.1,0.0,0.1,0.0,0.08,0.0,0.2523618328190031,0.2523618328190031
293,0.9788646357053419,0.47911367370919056,0.8618773448885333,0.4863139756491215,0.24908806407921,0.48422501249399774,0.7019230769230769,0.36822530759207256,0.38636651729393445,0.09615384615384616,0.41714285714285715,0.36689167340454676,0.38541412001128433,0.08571428571428572,0.004807692307692308,0.002857142857142857,0.4057142857142857,16.08,0.004807692307692308,0.0,0.037814531027840576,0.08557529805719097,3.576923076923077,0.011454889172165124,0.022649342009860907,0.15687293350329906,0.08173076923076923,0,0.10765366289530247,0.22631681053592312,0.49714163110572523,0.4208226942149177,0.0,1.0,0.0,0.1,0.0,0.1,0.0,0.08,0.004807692307692308,0.25229097783443305,0.25229097783443305
294,0.9784962925936779,0.47858556223691784,0.8616584438393157,0.4860483388209935,0.24908806407921,0.4843586424320155,0.7211538461538461,0.36822530759207256,0.38636651729393445,0.09615384615384616,0.42857142857142855,0.36689167340454676,0.38541412001128433,0.08571428571428572,0.004807692307692308,0.002857142857142857,0.4057142857142857,16.091428571428573,0.004807692307692308,0.0,0.03786995390409354,0.08553902958994632,3.576923076923077,0.011111242497000169,0.021977384512174902,0.1566667454982001,0.08173076923076923,0,0.10714396600939738,0.2251852264832435,0.49005594134075353,0.4124062403306193,0.0,1.0,0.0,0.1,0.0,0.1,0.0,0.08,0.004807692307692308,0.25222224849940006,0.25222224849940006
295,0.979310024117075,0.4782665939954795,0.8621420328589345,0.48683239671642925,0.24908806407921,0.48441877347857065,0.7211538461538461,0.3680329998997649,0.38622228652470364,0.09615384615384616,0.42857142857142855,0.36677738769026097,0.3853284057255701,0.08571428571428572,0.009615384615384616,0.005714285714285714,0.4057142857142857,16.077142857142857,0.004807692307692308,0.0,0.037923834153561035,0.08550384917671906,3.576923076923077,0.010777905222090163,0.021325144333474655,0.1564667431332541,0.08173076923076923,0,0.10706538903649325,0.2240593003508273,0.48596910822822426,0.4164178173535634,0.0,0.5,0.0,0.1,0.0,0.1,0.0,0.08,0.009615384615384616,0.25215558104441804,0.25215558104441804
296,0.9785810635110218,0.4777157251971087,0.86170882198448,0.4866959317859343,0.24908806407921,0.4844980642014968,0.6778846153846154,0.3680329998997649,0.38622228652470364,0.09615384615384616,0.40285714285714286,0.36677738769026097,0.3853284057255701,0.08571428571428572,0.004807692307692308,0.002857142857142857,0.4057142857142857,16.074285714285715,0.004807692307692308,0.0,0.03797621112465764,0.0854697241758886,3.576923076923077,0.010454568065427458,0.020692055764222284,0.15627274083925646,0.08173076923076923,0,0.10655863351988222,0.22293900384907317,0.47910686892080256,0.4080894610064921,0.0,1.0,0.0,0.1,0.0,0.1,0.0,0.08,0.004807692307692308,0.2520909136130855,0.2520909136130855
297,0.97547857675557,0.47880423468246547,0.8598650584269545,0.4872494516129481,0.24908806407921,0.48457771465325905,0.7403846153846154,0.3680329998997649,0.38622228652470364,0.09615384615384616,0.44,0.36677738769026097,0.3853284057255701,0.08571428571428572,0.004807692307692308,0.002857142857142857,0.4057142857142857,16.062857142857144,0.004807692307692308,0.0,0.03802712338051336,0.08543662292508306,3.576923076923077,0.010140931023464634,0.02007756856482179,0.15608455861407877,0.08173076923076923,0,0.10605441178085424,0.22182430882982782,0.4723818743995294,0.3999276717863623,0.0,1.0,0.0,0.1,0.0,0.1,0.0,0.08,0.004807692307692308,0.2520281862046929,0.2520281862046929
298,0.9775893123810536,0.4785389486295345,0.8611194384558134,0.4872774038222544,0.24908806407921,0.4844251956874431,0.7307692307692307,0.3680329998997649,0.38622228652470364,0.09615384615384616,0.4342857142857143,0.36677738769026097,0.3853284057255701,0.08571428571428572,0.004807692307692308,0.002857142857142857,0.4057142857142857,16.071428571428573,0.004807692307692308,0.0,0.03807660870043599,0.08540451471180167,3.576923076923077,0.009836703092760694,0.019481147588170877,0.1559020218556564,0.08173076923076923,0,0.10555271115052141,0.22071518728567868,0.46579137976868173,0.39192911835063504,0.0,1.0,0.0,0.1,0.0,0.1,0.0,0.08,0.004807692307692308,0.25196734061855214,0.25196734061855214
299,0.9780223384000769,0.4786290643161457,0.8613767796328328,0.48651871105904937,0.24908806407921,0.4844345307133882,0.75,0.3678406922074572,0.3860780557554729,0.09615384615384616,0.44571428571428573,0.3666631019759753,0.3852426914398558,0.08571428571428572,0.009615384615384616,0.005714285714285714,0.4057142857142857,16.071428571428573,0.004807692307692308,0.0,0.03812470408252593,0.08537336974491874,3.576923076923077,0.009541601999977873,0.018902272408594767,0.15572496119998672,0.08173076923076923,0,0.10548209045191166,0.21961161134925028,0.4621898378875937,0.3914083689790327,0.0,0.5,0.0,0.1,0.0,0.1,0.0,0.08,0.009615384615384616,0.25190832039999556,0.25190832039999556
300,0.9779990274409891,0.4780660682793891,0.8613629262628607,0.48652596608093973,0.24908806407921,0.48434405896701915,0.7451923076923077,0.3678406922074572,0.3860780557554729,0.09615384615384616,0.44285714285714284,0.3666631019759753,0.3852426914398558,0.08571428571428572,0.004807692307692308,0.002857142857142857,0.4057142857142857,16.091428571428573,0.004807692307692308,0.0,0.03817144574734739,0.0853431591270423,3.576923076923077,0.009255353939978537,0.01834043695724641,0.15555321236398711,0.08173076923076923,0,0.10498325142822353,0.21851355329250402,0.4558031839869848,0.38358020159945205,0.0,1.0,0.0,0.1,0.0,0.1,0.0,0.08,0.004807692307692308,0.25185107078799573,0.25185107078799573
301,0.9790329857485168,0.4787938819327873,0.8619773929141914,0.48664794976886394,0.24908806407921,0.48434897873429716,0.7596153846153846,0.3678406922074572,0.3860780557554729,0.09615384615384616,0.4514285714285714,0.3666631019759753,0.3852426914398558,0.08571428571428572,0.004807692307692308,0.002857142857142857,0.4057142857142857,16.194285714285716,0.004807692307692308,0.0,0.038216869142566286,0.08531385482770215,3.576923076923077,0.00897769332177918,0.017795149164042123,0.1553866159930675,0.08173076923076923,0,0.10448690659965383,0.2174209855260415,0.44954426316438784,0.37590859756746303,0.0,1.0,0.0,0.1,0.0,0.1,0.0,0.08,0.004807692307692308,0.25179553866435583,0.25179553866435583
302,0.978631709363468,0.4795343287677144,0.8617389200910767,0.4870336547989597,0.24908806407921,0.4843591808366465,0.7115384615384616,0.3678406922074572,0.3860780557554729,0.09615384615384616,0.4228571428571429,0.3666631019759753,0.3852426914398558,0.08571428571428572,0.004807692307692308,0.002857142857142857,0.4057142857142857,16.225714285714286,0.004807692307692308,0.0,0.03826100894846986,0.0852854296573422,3.576923076923077,0.008708362522125803,0.017265930606182978,0.15522501751327547,0.08173076923076923,0,0.103993043495227,0.21633388059841127,0.44341052075824294,0.3683904256161138,0.0,1.0,0.0,0.1,0.0,0.1,0.0,0.08,0.004807692307692308,0.25174167250442514,0.25174167250442514
303,0.9771920498931335,0.47971245991259115,0.8608833510344207,0.48700000605199323,0.24908806407921,0.4843495636535276,0.6826923076923077,0.3676483845151495,0.3859338249862421,0.09615384615384616,0.4057142857142857,0.36654881626168956,0.3851569771541415,0.08571428571428572,0.009615384615384616,0.005714285714285714,0.4057142857142857,16.268571428571427,0.004807692307692308,0.0,0.038303899084288766,0.08525785724209302,3.576923076923077,0.008447111646462028,0.016752316163297643,0.1550682669878772,0.08173076923076923,0,0.1039302211348937,0.22138197619540487,0.44025659605736384,0.36102261710379147,0.0,0.5,0.0,0.1,0.0,0.1,0.0,0.08,0.009615384615384616,0.2516894223292924,0.2516894223292924
304,0.9758402259402261,0.4803098131727079,0.8600799813709786,0.4872091279883765,0.24908806407921,0.48444249140182605,0.6442307692307693,0.3674560768228418,0.3857895942170113,0.09615384615384616,0.38285714285714284,0.3664345305474038,0.3850712628684272,0.08571428571428572,0.009615384615384616,0.005714285714285714,0.4057142857142857,16.277142857142856,0.004807692307692308,0.0,0.03834557271524675,0.08523111199930136,3.576923076923077,0.008193698297068168,0.01625385367923049,0.1549162189782409,0.08173076923076923,0,0.10386771288636211,0.22950643126214368,0.4371657498505022,0.36512838964111627,0.0,0.5,0.0,0.1,0.0,0.1,0.0,0.08,0.009615384615384616,0.25163873965941363,0.25163873965941363
305,0.9757937981054463,0.4813622028807175,0.8600523899720237,0.4879484588602038,0.24908806407921,0.4845793826378804,0.6730769230769231,0.3674560768228418,0.3857895942170113,0.09615384615384616,0.4,0.3664345305474038,0.3850712628684272,0.08571428571428572,0.004807692307692308,0.002857142857142857,0.4057142857142857,16.242857142857144,0.004807692307692308,0.0,0.03838606226026815,0.08520516911379342,3.576923076923077,0.007947887348156123,0.01577010363048381,0.15476873240889366,0.08173076923076923,0,0.10337694575050173,0.22835889910583296,0.4312795777106351,0.357825821848294,0.0,1.0,0.0,0.1,0.0,0.1,0.0,0.08,0.004807692307692308,0.25158957746963123,0.25158957746963123
306,0.9749907302745828,0.4811269748627422,0.8595751382325393,0.48777234112524365,0.24908806407921,0.4847398596376854,0.6971153846153846,0.36707146143822644,0.38550113267854985,0.09615384615384616,0.4142857142857143,0.3662059591188324,0.38489983429699864,0.08571428571428572,0.014423076923076924,0.008571428571428572,0.4057142857142857,16.291428571428572,0.004807692307692308,0.0,0.03842539940027747,0.08518000451485075,3.576923076923077,0.0077094507277114385,0.015300638801311273,0.15462567043662687,0.08173076923076923,0,0.10374577530746348,0.243923225990944,0.43122541472785086,0.4312401292979771,0.0,0.3333333333333333,0.0,0.1,0.0,0.1,0.0,0.08,0.014423076923076924,0.2515418901455423,0.2515418901455423
307,0.9760211195424119,0.4809826546890251,0.8601874838545632,0.48795076517172625,0.24908806407921,0.48487922216965557,0.7163461538461539,0.36707146143822644,0.38550113267854985,0.09615384615384616,0.4257142857142857,0.3662059591188324,0.38489983429699864,0.08571428571428572,0.004807692307692308,0.002857142857142857,0.4057142857142857,16.28857142857143,0.004807692307692308,0.0,0.03846361508702973,0.08515559485387633,3.576923076923077,0.007478167205880095,0.0148450439654505,0.15448690032352805,0.08173076923076923,0,0.1032556178594976,0.24270360986098927,0.42545804929043674,0.42261532671201757,0.0,1.0,0.0,0.1,0.0,0.1,0.0,0.08,0.004807692307692308,0.25149563344117604,0.25149563344117604
308,0.975798633108725,0.48076575177252967,0.860055263345401,0.4881525671679937,0.24908806407921,0.48487690612722933,0.6394230769230769,0.36707146143822644,0.38550113267854985,0.09615384615384616,0.38,0.3662059591188324,0.38489983429699864,0.08571428571428572,0.004807692307692308,0.002857142857142857,0.4057142857142857,16.36,0.004807692307692308,0.0,0.03850073955241428,0.08513191748273118,3.576923076923077,0.007253822189703692,0.014402915574471264,0.15435229331382222,0.08173076923076923,0,0.10276791119877154,0.24149009181168432,0.4198060311617708,0.4141630201777772,0.0,1.0,0.0,0.1,0.0,0.1,0.0,0.08,0.004807692307692308,0.25145076443794073,0.25145076443794073
309,0.977940077731193,0.4805758511374098,0.8613278932924675,0.48866409487423856,0.24908806407921,0.48481262908599027,0.6971153846153846,0.3668791537459188,0.3853569019093191,0.09615384615384616,0.4142857142857143,0.36609167340454674,0.38481412001128434,0.08571428571428572,0.009615384615384616,0.005714285714285714,0.4057142857142857,16.388571428571428,0.004807692307692308,0.0,0.03853680231817834,0.08510895043272035,3.576923076923077,0.007036207524012581,0.01397386145270807,0.15422172451440755,0.08173076923076923,0,0.10271121449992056,0.24232851251252133,0.4171241962528211,0.4913697576639102,0.0,0.5,0.0,0.1,0.0,0.1,0.0,0.08,0.009615384615384616,0.25140724150480254,0.25140724150480254
310,0.9761554274038565,0.48172604603503494,0.8602673010979361,0.48967372263006465,0.24908806407921,0.48469846818178053,0.6923076923076923,0.3668791537459188,0.3853569019093191,0.09615384615384616,0.4114285714285714,0.36609167340454674,0.38481412001128434,0.08571428571428572,0.004807692307692308,0.002857142857142857,0.4057142857142857,16.4,0.004807692307692308,0.0,0.03857183220602018,0.08508667239420985,3.576923076923077,0.006825121298292203,0.013557500498734498,0.15409507277897533,0.08173076923076923,0,0.10222622985599238,0.2411168699499587,0.4116388551849075,0.481542362510632,0.0,1.0,0.0,0.1,0.0,0.1,0.0,0.08,0.004807692307692308,0.25136502425965845,0.25136502425965845
311,0.9779529842329558,0.48219116986031946,0.8613355634420866,0.4900299014418267,0.24908806407921,0.48459256407448864,0.7115384615384616,0.3668791537459188,0.3853569019093191,0.09615384615384616,0.4228571428571429,0.36609167340454674,0.38481412001128434,0.08571428571428572,0.004807692307692308,0.002857142857142857,0.4057142857142857,16.417142857142856,0.009615384615384616,0.0,0.038605857348005514,0.08506506269685468,3.576923076923077,0.006620367659343437,0.013153462393335258,0.15397222059560606,0.08173076923076923,0,0.10174367013528382,0.2399112856002089,0.4062632209383522,0.47191151526041936,0.0,1.0,0.0,0.1,0.0,0.1,0.0,0.08,0.004807692307692308,0.2513240735318687,0.2513240735318687
312,0.9777287762055532,0.48209888595777867,0.8611134197864518,0.49054026394845834,0.24908806407921,0.4842434123908046,0.6666666666666666,0.3664603790284055,0.38617751498719627,0.0966183574879227,0.3942857142857143,0.36609167340454674,0.38481412001128434,0.08571428571428572,0.004830917874396135,0.002857142857142857,0.4085714285714286,16.422857142857143,0.004830917874396135,0.002857142857142857,0.03865765245303909,0.08504410129042013,3.5652173913043477,0.006421756629563133,0.012761387313916961,0.15385305397773788,0.0821256038647343,0,0.10126352321317883,0.23871172917220784,0.40099509937672806,0.46247328495521095,0.0,1.0,0.0,0.1,0.0,0.1,0.0,0.08,0.004807692307692308,0.25128435132591265,0.25128435132591265
313,0.9789142254859671,0.4831926354762273,0.8618145283608682,0.4908036852124029,0.24908806407921,0.48375531687059475,0.6038647342995169,0.3662671423134297,0.38603258745096436,0.0966183574879227,0.35714285714285715,0.36597738769026106,0.38472840572557004,0.08571428571428572,0.00966183574879227,0.005714285714285714,0.4085714285714286,16.431428571428572,0.004830917874396135,0.0,0.03869892401468355,0.08502376872617867,3.5652173913043477,0.006229103930676239,0.012380925655299913,0.15373746235840574,0.0821256038647343,0,0.10121434845425581,0.23751817052634683,0.3986894831034791,0.46983268723605964,0.0,0.5,0.0,0.1,0.0,0.1,0.0,0.08,0.00966183574879227,0.2512458207861352,0.2512458207861352
314,0.9793341869253612,0.48305152675687363,0.8620629055550241,0.4911313528734681,0.24908806407921,0.4832333412775719,0.6086956521739131,0.3660739055984539,0.3858876599147325,0.0966183574879227,0.36,0.36586310197597527,0.38464269143985574,0.08571428571428572,0.00966183574879227,0.005714285714285714,0.4085714285714286,16.408571428571427,0.00966183574879227,0.0,0.0387301296009024,0.0850040461388644,3.5652173913043477,0.006042230812755952,0.012011737756823071,0.15362533848765356,0.0821256038647343,0,0.10116541956912739,0.23633057967371507,0.3964299791556953,0.4653632493084184,0.0,0.5,0.0,0.1,0.0,0.1,0.0,0.08,0.00966183574879227,0.25120844616255117,0.25120844616255117
315,0.9776306013629543,0.48243981720240736,0.8610553563795432,0.49106579953004875,0.24908806407921,0.4829176496698235,0.6376811594202898,0.36588066888347803,0.3857427323785006,0.0966183574879227,0.37714285714285717,0.3657488162616896,0.38455697715414144,0.08571428571428572,0.004830917874396135,0.002857142857142857,0.4085714285714286,16.44,0.004830917874396135,0.0,0.03876043533441489,0.0849849152291696,3.5652173913043477,0.005860963888373273,0.011653493635690682,0.15351657833302396,0.0821256038647343,0,0.10108816389985317,0.2763661669344212,0.3913585224297242,0.47295851454857446,0.0,0.0,0.0,0.1,0.0,0.1,0.0,0.08,0.004830917874396135,0.25117219277767466,0.25117219277767466
316,0.9803567038211375,0.4812459863203983,0.8626676512619545,0.4903608602760934,0.24908806407921,0.48273563646966955,0.6908212560386473,0.36588066888347803,0.3857427323785006,0.0966183574879227,0.4085714285714286,0.3657488162616896,0.38455697715414144,0.08571428571428572,0.004830917874396135,0.002857142857142857,0.4085714285714286,16.425714285714285,0.004830917874396135,0.0,0.03878986609113475,0.08496635824676557,3.5652173913043477,0.005685134971722075,0.011305872726485089,0.15341108098303324,0.0821256038647343,0,0.1006397230803539,0.27498433609974904,0.3863884948382726,0.463499344257603,0.0,1.0,0.0,0.1,0.0,0.1,0.0,0.08,0.004830917874396135,0.2511370269943444,0.2511370269943444
317,0.9800849338402036,0.48079131256385615,0.8625069187303736,0.49020577801734766,0.24908806407921,0.48241606093969325,0.6811594202898551,0.36588066888347803,0.3857427323785006,0.0966183574879227,0.40285714285714286,0.3657488162616896,0.38455697715414144,0.08571428571428572,0.004830917874396135,0.002857142857142857,0.4085714285714286,16.454285714285714,0.00966183574879227,0.0,0.03881844612365215,0.08494835797383377,3.5652173913043477,0.005514580922570412,0.010968563626765016,0.15330874855354223,0.0821256038647343,0,0.10016509589352357,0.2736094144192503,0.38151786779865,0.4542293573724509,0.0,1.0,0.0,0.1,0.0,0.1,0.0,0.08,0.004830917874396135,0.2511029161845141,0.2511029161845141
318,0.9807167111884038,0.48140123818364133,0.8628805699048806,0.49016909001705844,0.24908806407921,0.48218197483625846,0.6521739130434783,0.36588066888347803,0.3857427323785006,0.0966183574879227,0.38571428571428573,0.3657488162616896,0.38455697715414144,0.08571428571428572,0.0,0.0,0.4085714285714286,16.46857142857143,0.00966183574879227,0.0,0.038846199072869285,0.08493089770908988,3.5652173913043477,0.0053491434948933,0.010641263848666926,0.15320948609693597,0.0821256038647343,0,0.09966427041405597,0.27224136734715404,0.37388751044267693,0.4451447702250019,0.0,0.0,0.0,0.1,0.0,0.1,0.0,0.08,0.0,0.25106982869897865,0.25106982869897865
319,0.9789470639786996,0.48059835269409246,0.8618339499837128,0.4896918954213182,0.24908806407921,0.48198963975750897,0.5990338164251208,0.36588066888347803,0.3857427323785006,0.0966183574879227,0.35428571428571426,0.3657488162616896,0.38455697715414144,0.08571428571428572,0.004830917874396135,0.002857142857142857,0.4085714285714286,16.437142857142856,0.00966183574879227,0.0,0.038873147979686856,0.08491396125228828,3.5652173913043477,0.005188669190046501,0.010323679576421774,0.1531132015140279,0.0821256038647343,0,0.09922294906198567,0.2708801605104183,0.3692669030909663,0.4362418748205018,0.0,1.0,0.0,0.1,0.0,0.1,0.0,0.08,0.004830917874396135,0.2510377338380093,0.2510377338380093
320,0.9784141117458774,0.47860505240176265,0.861518746806015,0.48812533783041107,0.24908806407921,0.481895552733142,0.642512077294686,0.36588066888347803,0.3857427323785006,0.0966183574879227,0.38,0.3657488162616896,0.38455697715414144,0.08571428571428572,0.004830917874396135,0.002857142857142857,0.4085714285714286,16.377142857142857,0.00966183574879227,0.0,0.03889931529671742,0.08489753288919075,3.5652173913043477,0.005033009114345106,0.010015525429698746,0.15301980546860705,0.0821256038647343,0,0.09875540574524719,0.2695257597078662,0.36473870788628976,0.4275170373240918,0.0,1.0,0.0,0.1,0.0,0.1,0.0,0.08,0.004830917874396135,0.25100660182286905,0.25100660182286905
321,0.97774273098121,0.48006961525181197,0.8611216730394831,0.4888163261167454,0.24908806407921,0.4817886887166062,0.7004830917874396,0.36588066888347803,0.3857427323785006,0.0966183574879227,0.4142857142857143,0.3657488162616896,0.38455697715414144,0.08571428571428572,0.004830917874396135,0.002857142857142857,0.4085714285714286,16.414285714285715,0.014492753623188406,0.0,0.02677934124411558,0.09545153205918289,3.5652173913043477,0.10503300911434511,0.18946926559954713,0.21301980546860705,0.0821256038647343,0,0.09829020014509236,0.26817813090932685,0.36030107658570687,0.41896669657760993,0.0,1.0,0.0,0.1,0.0,0.1,0.0,0.08,0.004830917874396135,0.271006601822869,0.271006601822869
322,0.9771997975348036,0.48033956801836447,0.8608005666868943,0.489162030962131,0.24908806407921,0.4817331318670257,0.6956521739130435,0.36568743216850214,0.3855978048422688,0.0966183574879227,0.4114285714285714,0.3656345305474039,0.3844712628684272,0.08571428571428572,0.004830917874396135,0.002857142857142857,0.4085714285714286,16.4,0.00966183574879227,0.0,0.0270398282860423,0.09511897657187851,3.5652173913043477,0.10188201884091476,0.1843451877176906,0.21112921130454884,0.0821256038647343,0,0.09822732057293834,0.2668372402547802,0.3559521979111356,0.4119388408126861,0.0,0.0,0.0,0.1,0.0,0.1,0.0,0.08,0.004830917874396135,0.27037640376818295,0.27037640376818295
323,0.9781649110064959,0.4804136357977061,0.861424698944524,0.489431816344503,0.24908806407921,0.4818367497165832,0.6407766990291263,0.3646200250782773,0.3860296768565912,0.0970873786407767,0.37714285714285717,0.36540595911883245,0.3842998342969986,0.08571428571428572,0.014563106796116505,0.008571428571428572,0.4114285714285714,16.34857142857143,0.0048543689320388345,0.002857142857142857,0.027304388157434543,0.09479639774919321,3.5533980582524274,0.09882555827568731,0.17934388346528107,0.2092953349654124,0.0825242718446602,0,0.0986503268272165,0.2685936417767933,0.3574045825243415,0.4173994655966235,0.0,0.3333333333333333,0.0,0.1,0.0,0.1,0.0,0.08,0.014492753623188406,0.26976511165513745,0.26976511165513745
324,0.9794167800522634,0.480768466625231,0.862056535680427,0.4895779313176107,0.24908806407921,0.4817394511610233,0.6439024390243903,0.36554434139354924,0.3852273330055429,0.0975609756097561,0.37714285714285717,0.3652916734045467,0.3842141200112844,0.08571428571428572,0.004878048780487805,0.005714285714285714,0.4142857142857143,16.31714285714286,0.0,0.002857142857142857,0.02758646022968028,0.09448349629118855,3.521951219512195,0.0958607915274167,0.17446332010095666,0.20751647491645,0.07804878048780488,0,0.09861421805022327,0.2672506735679093,0.35597077658814036,0.409051476284691,0.0,0.5,0.0,0.1,0.0,0.1,0.0,0.08,0.009708737864077669,0.26917215830548336,0.26917215830548336
325,0.9795587733706306,0.4814546872968631,0.8621397031954705,0.4901082474652786,0.24908806407921,0.48164558815437103,0.6682926829268293,0.36554434139354924,0.3852273330055429,0.0975609756097561,0.3914285714285714,0.3652916734045467,0.3842141200112844,0.08571428571428572,0.0,0.0,0.4142857142857143,16.248571428571427,0.0,0.0,0.027858245310450707,0.09417998187692402,3.521951219512195,0.0929849677815942,0.16970144293480105,0.2057909806689565,0.07804878048780488,0,0.09812114695997215,0.2659144202000698,0.34885136105637754,0.4008704467589972,0.0,0.0,0.0,0.1,0.0,0.1,0.0,0.08,0.0,0.26859699355631883,0.26859699355631883
326,0.9794418725445456,0.4821124591292125,0.8620712327116209,0.4906366911291015,0.24908806407921,0.48175804788835347,0.624390243902439,0.3653492194423298,0.38508099154212827,0.0975609756097561,0.3657142857142857,0.36517738769026103,0.38412840572557,0.08571428571428572,0.004878048780487805,0.002857142857142857,0.4142857142857143,16.22,0.004878048780487805,0.0,0.028112401108069986,0.0938855728950874,3.521951219512195,0.09019541874814636,0.16505617971978281,0.2041172512488878,0.07804878048780488,0,0.09805911265374373,0.26458484809906946,0.34473147669239274,0.4499150563645155,0.0,0.0,0.0,0.1,0.0,0.1,0.0,0.08,0.004878048780487805,0.26803908374962926,0.26803908374962926
327,0.9791984655427155,0.48237585770361446,0.861928665753406,0.49070446622011243,0.24908806407921,0.4819973533746694,0.7268292682926829,0.3653492194423298,0.38508099154212827,0.0975609756097561,0.4257142857142857,0.36517738769026103,0.38412840572557,0.08571428571428572,0.0,0.0,0.4142857142857143,16.242857142857144,0.004878048780487805,0.0,0.028364227106272545,0.09359999618270587,3.521951219512195,0.08748955618570196,0.16052544478119457,0.20249373371142118,0.07804878048780488,0,0.097568817090475,0.2632619238585741,0.33783684715854495,0.44091675523722523,0.0,0.0,0.0,0.1,0.0,0.1,0.0,0.08,0.0,0.2674979112371404,0.2674979112371404
328,0.9786639744845336,0.481983436271012,0.8616156067050422,0.4903611785034743,0.24908806407921,0.48207042276470724,0.6536585365853659,0.3653492194423298,0.38508099154212827,0.0975609756097561,0.38285714285714284,0.36517738769026103,0.38412840572557,0.08571428571428572,0.0,0.0,0.4142857142857143,16.162857142857142,0.004878048780487805,0.0,0.02861355943535578,0.09332298677169583,3.521951219512195,0.0848648695001309,0.15610714289299887,0.20091892170007852,0.07804878048780488,0,0.09708097300502262,0.26194561423928125,0.3310801102153741,0.43209842013248073,0.0,0.0,0.0,0.1,0.0,0.1,0.0,0.08,0.0,0.26697297390002617,0.26697297390002617
329,0.9802045775406,0.4832209651530201,0.8625179599235953,0.49098934375993736,0.24908806407921,0.4821584858514417,0.697560975609756,0.3653492194423298,0.38508099154212827,0.0975609756097561,0.4085714285714286,0.36517738769026103,0.38412840572557,0.08571428571428572,0.0,0.0,0.4142857142857143,16.111428571428572,0.0,0.0,0.028860246552307768,0.09305428764301604,3.521951219512195,0.08231892341512698,0.15179917291011336,0.19939135404907618,0.07804878048780488,0,0.0965955681399975,0.2606358861680848,0.3244585080110666,0.4234564517298311,0.0,0.0,0.0,0.1,0.0,0.1,0.0,0.08,0.0,0.2664637846830254,0.2664637846830254
330,0.9815963283925612,0.4835527172420051,0.8633331282797442,0.4910701741898326,0.24908806407921,0.4823535243783034,0.6585365853658537,0.3651540974911103,0.38493465007871364,0.0975609756097561,0.38571428571428573,0.3650631019759753,0.3840426914398558,0.08571428571428572,0.004878048780487805,0.002857142857142857,0.4142857142857143,16.03142857142857,0.0,0.0,0.029104148923502843,0.09279364948819671,3.521951219512195,0.07984935571267317,0.14759943116573326,0.19790961342760388,0.07804878048780488,0,0.09654116172786896,0.2593327067372444,0.320826480707988,0.44899048648015616,0.0,0.0,0.0,0.1,0.0,0.1,0.0,0.08,0.004878048780487805,0.2659698711425346,0.2659698711425346
331,0.9813278825699703,0.4843370247879244,0.8631758957265122,0.4919010958659604,0.24908806407921,0.48246820581350885,0.7073170731707317,0.36495897553989076,0.384788308615299,0.0975609756097561,0.4142857142857143,0.36494881626168957,0.38395697715414145,0.08571428571428572,0.004878048780487805,0.002857142857142857,0.4142857142857143,16.005714285714287,0.0,0.0,0.029345138680071645,0.09254083047802195,3.521951219512195,0.07745387504129297,0.14350581464281253,0.19647232502477577,0.07804878048780488,0,0.09648702734780104,0.25803604320355816,0.3172670939509712,0.4704475970128958,0.0,0.0,0.0,0.1,0.0,0.1,0.0,0.08,0.004878048780487805,0.2654907750082586,0.2654907750082586
332,0.9807086349362344,0.4830510620272878,0.8628131935410384,0.4907187760645015,0.24908806407921,0.48246544783476025,0.6829268292682927,0.36495897553989076,0.384788308615299,0.0975609756097561,0.4,0.36494881626168957,0.38395697715414145,0.08571428571428572,0.0,0.0,0.4142857142857143,15.98857142857143,0.0,0.0,0.029583099250729047,0.09229559603815238,3.521951219512195,0.07513025879005418,0.13951622392880558,0.1950781552740325,0.07804878048780488,0,0.09600459221106201,0.2567458629875403,0.3109217520719517,0.46103864507263786,0.0,0.0,0.0,0.1,0.0,0.1,0.0,0.08,0.0,0.26502605175801086,0.26502605175801086
333,0.9794037457575946,0.48285896804611184,0.8620489013078352,0.4908875263119296,0.24908806407921,0.48236901965376416,0.7804878048780488,0.3647638535886713,0.38464196715188437,0.0975609756097561,0.45714285714285713,0.3648345305474039,0.3838712628684272,0.08571428571428572,0.004878048780487805,0.002857142857142857,0.4142857142857143,16.02285714285714,0.0,0.0,0.029817924976451138,0.09205771863147891,3.521951219512195,0.07287635102635255,0.13562856596270934,0.1937258106158115,0.07804878048780488,0,0.09595314067857813,0.26187252735569416,0.30756045988765557,0.46798383629365703,0.0,0.0,0.0,0.1,0.0,0.1,0.0,0.08,0.004878048780487805,0.2645752702052705,0.2645752702052705
334,0.9822760794123996,0.4843267899608702,0.8637312681627923,0.4914772321067325,0.24908806407921,0.4821902462777399,0.7609756097560976,0.3647638535886713,0.38464196715188437,0.0975609756097561,0.44571428571428573,0.3648345305474039,0.3838712628684272,0.08571428571428572,0.0,0.0,0.4142857142857143,15.997142857142856,0.0,0.0,0.030049520711011475,0.09182697754700568,3.521951219512195,0.07069006049556198,0.1318407565833598,0.19241403629733717,0.07804878048780488,0,0.09547337497518525,0.26056316471891566,0.3014092506899025,0.45862415956778385,0.0,0.0,0.0,0.1,0.0,0.1,0.0,0.08,0.0,0.2641380120991124,0.2641380120991124
335,0.9801938188575603,0.48436134283640847,0.8625116584092437,0.4915930185107438,0.24908806407921,0.482196149770975,0.7219512195121951,0.3647638535886713,0.38464196715188437,0.0975609756097561,0.4228571428571429,0.3648345305474039,0.3838712628684272,0.08571428571428572,0.0,0.0,0.4142857142857143,15.917142857142856,0.0,0.0,0.0302778014110213,0.0916031586950666,3.521951219512195,0.06856935868069512,0.12815072288781204,0.19114161520841708,0.07804878048780488,0,0.09499600810030932,0.2592603488953211,0.2953810656761044,0.44945167637642813,0.0,0.0,0.0,0.1,0.0,0.1,0.0,0.08,0.0,0.263713871736139,0.263713871736139
336,0.9809344626741786,0.48576089767802333,0.8629454640732628,0.4926694299954632,0.24908806407921,0.4822284351328533,0.7121951219512195,0.36456873163745185,0.38449562568846973,0.0975609756097561,0.41714285714285715,0.3647202448331181,0.38378554858271285,0.08571428571428572,0.004878048780487805,0.002857142857142857,0.4142857142857143,15.868571428571428,0.0,0.0,0.030502691718767416,0.09138605440868572,3.521951219512195,0.06651227792027427,0.12455640540849067,0.18990736675216455,0.07804878048780488,0,0.09494959948837921,0.2609989205594498,0.29233058721972516,0.4787912219247212,0.0,0.0,0.0,0.1,0.0,0.1,0.0,0.08,0.004878048780487805,0.26330245558405485,0.26330245558405485
337,0.9833564278461406,0.48726937470300424,0.8643640436739835,0.4934001091491767,0.24908806407921,0.4824394388309741,0.6634146341463415,0.36456873163745185,0.38449562568846973,0.0975609756097561,0.38857142857142857,0.3647202448331181,0.38378554858271285,0.08571428571428572,0.0,0.0,0.4142857142857143,15.868571428571428,0.0,0.0,0.030724125540809284,0.0911754632508963,3.521951219512195,0.06451690958266604,0.12105576011762875,0.1887101457495996,0.07804878048780488,0,0.0944748514909373,0.2596939259566526,0.2864839754753306,0.46921539748622676,0.0,0.0,0.0,0.1,0.0,0.1,0.0,0.08,0.0,0.26290338191653323,0.26290338191653323
338,0.9834389544196375,0.487419968609038,0.8644123806670319,0.49359865161455346,0.24908806407921,0.482616641304005,0.751219512195122,0.36456873163745185,0.38449562568846973,0.0975609756097561,0.44,0.3647202448331181,0.38378554858271285,0.08571428571428572,0.0,0.0,0.4142857142857143,15.831428571428571,0.0,0.0,0.03094204562498269,0.09097118982784048,3.521951219512195,0.06258140229518605,0.11764676026733134,0.1875488413771116,0.07804878048780488,0,0.09400247723348262,0.25839545632686933,0.280754295965824,0.4598310895365022,0.0,0.0,0.0,0.1,0.0,0.1,0.0,0.08,0.0,0.2625162804590372,0.2625162804590372
339,0.9821088074074044,0.48721058172863846,0.8636332945598666,0.4943056289593499,0.24908806407921,0.482765458319926,0.7707317073170732,0.36456873163745185,0.38449562568846973,0.0975609756097561,0.4514285714285714,0.3647202448331181,0.38378554858271285,0.08571428571428572,0.0,0.0,0.4142857142857143,15.842857142857143,0.0,0.0,0.031156403138161922,0.09077304460747641,3.521951219512195,0.06070396022633047,0.11432739807339232,0.18642237613579826,0.07804878048780488,0,0.0935324648473152,0.25710347904523495,0.27513921004650754,0.45063446774577215,0.0,0.0,0.0,0.1,0.0,0.1,0.0,0.08,0.0,0.2621407920452661,0.2621407920452661
340,0.98270312236054,0.48612738402702366,0.8639813933181317,0.49377691092064635,0.24908806407921,0.4827803787090919,0.751219512195122,0.36417848773501277,0.38420294276164046,0.0975609756097561,0.44,0.3644916734045467,0.38361412001128437,0.08571428571428572,0.00975609756097561,0.005714285714285714,0.4142857142857143,15.871428571428572,0.0,0.0,0.03136715724685694,0.0905808437437232,3.521951219512195,0.05888284141954055,0.11109568625078814,0.18532970485172434,0.07804878048780488,0,0.09392194538022149,0.25581796165000875,0.2753507115598631,0.507067738691342,0.0,0.0,0.0,0.1,0.0,0.1,0.0,0.08,0.00975609756097561,0.2617765682839081,0.2617765682839081
341,0.9814257221228325,0.48533570503508755,0.8632332017503317,0.49358570712437994,0.24908806407921,0.4826888517353676,0.7707317073170732,0.36378824383257363,0.38391025983481114,0.0975609756097561,0.4514285714285714,0.3642631019759753,0.38344269143985577,0.08571428571428572,0.00975609756097561,0.005714285714285714,0.4142857142857143,15.842857142857143,0.0,0.0,0.03157427470246513,0.09039440890588263,3.521951219512195,0.05711635617695433,0.10794965940854029,0.1842698137061726,0.07804878048780488,0,0.09430947851046324,0.2545388718417587,0.2755579830429516,0.5389901840985487,0.0,0.0,0.0,0.1,0.0,0.1,0.0,0.08,0.00975609756097561,0.2614232712353909,0.2614232712353909
342,0.9819004647909082,0.4852231912486892,0.8635112653130617,0.4933855244066966,0.24908806407921,0.48265882371454394,0.7658536585365854,0.3635931218813542,0.3837639183713965,0.0975609756097561,0.44857142857142857,0.36414881626168955,0.3833569771541415,0.08571428571428572,0.004878048780487805,0.002857142857142857,0.4142857142857143,15.794285714285714,0.0,0.0,0.03177772943275942,0.0902135671131773,3.521951219512195,0.0554028654916457,0.10488737531141057,0.18324171929498742,0.07804878048780488,0,0.09426650254648235,0.25326617748254987,0.27290396623923546,0.5489887999208694,0.0,0.0,0.0,0.1,0.0,0.1,0.0,0.08,0.004878048780487805,0.26108057309832916,0.26108057309832916
343,0.9819385023472811,0.48531625303488624,0.8635335444532227,0.4933406498329597,0.24908806407921,0.4828640355649991,0.7804878048780488,0.3635931218813542,0.3837639183713965,0.0975609756097561,0.45714285714285713,0.36414881626168955,0.3833569771541415,0.08571428571428572,0.0,0.0,0.4142857142857143,15.785714285714286,0.0,0.0,0.03197750214097573,0.09003815057425305,3.521951219512195,0.05374077952689633,0.10190691601565216,0.18224446771613778,0.07804878048780488,0,0.09379517003374993,0.25199984659513713,0.2674458869144507,0.5380090239224519,0.0,0.0,0.0,0.1,0.0,0.1,0.0,0.08,0.0,0.26074815590537925,0.26074815590537925
344,0.9815333335223287,0.4854750332943587,0.8632962312843223,0.49353468010246193,0.24908806407921,0.48300334950626167,0.8146341463414634,0.3635931218813542,0.3837639183713965,0.0975609756097561,0.47714285714285715,0.36414881626168955,0.3833569771541415,0.08571428571428572,0.0,0.0,0.4142857142857143,15.8,0.0,0.0,0.03217357991366054,0.0898679965314966,3.521951219512195,0.05212855614108944,0.0990063888857986,0.18127713368465365,0.07804878048780488,0,0.0933261941835812,0.2507398473621615,0.2620969691761617,0.5272488434440028,0.0,0.0,0.0,0.1,0.0,0.1,0.0,0.08,0.0,0.2604257112282179,0.2604257112282179
345,0.9825206908999413,0.4857660291375329,0.8638745406054954,0.49332368380647545,0.24908806407921,0.48297271413416176,0.8195121951219512,0.3633979999301347,0.38361757690798187,0.0975609756097561,0.48,0.3640345305474038,0.3832712628684272,0.08571428571428572,0.004878048780487805,0.002857142857142857,0.4142857142857143,15.791428571428572,0.0,0.0,0.03236595583825619,0.08970294711002282,3.521951219512195,0.05056469945685675,0.09618392749922455,0.18033881967411405,0.07804878048780488,0,0.0932881346412347,0.24948614812535067,0.2597121726497813,0.5245933895994942,0.0,0.0,0.0,0.1,0.0,0.1,0.0,0.08,0.004878048780487805,0.26011293989137135,0.26011293989137135
346,0.982594747746947,0.486466874767351,0.8639179167587414,0.4935927051593007,0.24908806407921,0.4829085485060083,0.8536585365853658,0.36320287797891526,0.38347123544456724,0.0975609756097561,0.5,0.36392024483311813,0.3831855485827129,0.08571428571428572,0.004878048780487805,0.002857142857142857,0.4142857142857143,15.86,0.0,0.0,0.032554628631232346,0.08954284917119326,3.521951219512195,0.04904775847315105,0.09343769244496569,0.1794286550838906,0.07804878048780488,0,0.09325026539659997,0.24823871738472392,0.25737507205392857,0.5207028870756308,0.0,0.0,0.0,0.1,0.0,0.1,0.0,0.08,0.004878048780487805,0.2598095516946302,0.2598095516946302
347,0.9814190674864648,0.4857458633747075,0.8632293040347448,0.493722957980056,0.24908806407921,0.4829135432470266,0.8146341463414634,0.36320287797891526,0.38347123544456724,0.0975609756097561,0.47714285714285715,0.36392024483311813,0.3831855485827129,0.08571428571428572,0.0,0.0,0.4142857142857143,15.848571428571429,0.0,0.0,0.032739602277421335,0.08938755417052854,3.521951219512195,0.047576325718956515,0.09076587202303954,0.1785457954313739,0.07804878048780488,0,0.09278401406961696,0.2469975237978003,0.2522275706128499,0.5102888293341181,0.0,0.0,0.0,0.1,0.0,0.1,0.0,0.08,0.0,0.2595152651437913,0.2595152651437913
348,0.9822285615075472,0.4844697318971375,0.8637034362470932,0.49308424496882447,0.24908806407921,0.4829179088825894,0.7658536585365854,0.3628126340764762,0.3831785525177381,0.0975609756097561,0.44857142857142857,0.3636916734045467,0.3830141200112843,0.08571428571428572,0.00975609756097561,0.005714285714285714,0.4142857142857143,15.865714285714287,0.0,0.0,0.03292088568107589,0.08923691801988377,3.521951219512195,0.04614903594738782,0.08816668285025797,0.17768942156843268,0.07804878048780488,0,0.09317723685641173,0.24576253617881128,0.2528973049148786,0.503323050003915,0.0,0.0,0.0,0.1,0.0,0.1,0.0,0.08,0.00975609756097561,0.2592298071894776,0.2592298071894776
349,0.983154501160322,0.4848307960504036,0.8642457723294326,0.4930297386071476,0.24908806407921,0.48301189486576235,0.7707317073170732,0.3628126340764762,0.3831785525177381,0.0975609756097561,0.4514285714285714,0.3636916734045467,0.3830141200112843,0.08571428571428572,0.0,0.0,0.4142857142857143,15.834285714285715,0.0,0.0,0.03309849232904521,0.08909080095375842,3.521951219512195,0.044764564868966183,0.08563837037828248,0.1768587389213797,0.07804878048780488,0,0.09271135067212968,0.24453372349791722,0.24783935881658103,0.4932565890038366,0.0,0.0,0.0,0.1,0.0,0.1,0.0,0.08,0.0,0.25895291297379325,0.25895291297379325
350,0.9833460496355556,0.48372841469274996,0.8643579650077837,0.4928026050017073,0.24908806407921,0.48327101037690123,0.7853658536585366,0.36261751212525667,0.38303221105432345,0.0975609756097561,0.46,0.36357738769026104,0.3829284057255701,0.08571428571428572,0.004878048780487805,0.002857142857142857,0.4142857142857143,15.837142857142856,0.0,0.0,0.0332724399663535,0.08894906739961672,3.521951219512195,0.043421627922897194,0.08317920932942868,0.17605297675373832,0.07804878048780488,0,0.09267636534734046,0.24331105488042765,0.24573971449739232,0.4870930082151138,0.0,0.0,0.0,0.1,0.0,0.1,0.0,0.08,0.004878048780487805,0.25868432558457943,0.25868432558457943
351,0.9825429515705691,0.48511223870942105,0.8638875789982917,0.49285683759234605,0.24908806407921,0.48346414532105303,0.8097560975609757,0.36261751212525667,0.38303221105432345,0.0975609756097561,0.4742857142857143,0.36357738769026104,0.3829284057255701,0.08571428571428572,0.0,0.0,0.4142857142857143,15.854285714285714,0.0,0.0,0.033442750284366655,0.08881158585209938,3.521951219512195,0.04211897908521028,0.08078750405548829,0.17527138745112616,0.07804878048780488,0,0.09221298352060375,0.2420944996060255,0.2408249202074445,0.4773511480508116,0.0,0.0,0.0,0.1,0.0,0.1,0.0,0.08,0.0,0.25842379581704206,0.25842379581704206
352,0.982644569967533,0.48553786864853415,0.8639470983450848,0.49307516775329047,0.24908806407921,0.48368948278940704,0.8048780487804879,0.36261751212525667,0.38303221105432345,0.0975609756097561,0.4714285714285714,0.36357738769026104,0.3829284057255701,0.08571428571428572,0.0,0.0,0.4142857142857143,15.891428571428571,0.0,0.0,0.03360944862164474,0.08867822875100749,3.521951219512195,0.040855409712653966,0.07846158882460419,0.17451324582759237,0.07804878048780488,0,0.09175191860300075,0.2408840271079954,0.2360084218032956,0.4678041250897953,0.0,0.0,0.0,0.1,0.0,0.1,0.0,0.08,0.0,0.2581710819425308,0.2581710819425308
353,0.9826121521817671,0.4841431906932953,0.8639281107848504,0.4923280157021303,0.24908806407921,0.4839929693113591,0.8390243902439024,0.36203214627159813,0.38259318666407954,0.0975609756097561,0.49142857142857144,0.3632345305474039,0.3826712628684272,0.08571428571428572,0.014634146341463415,0.008571428571428572,0.4142857142857143,15.9,0.0,0.0,0.033772563677500506,0.08854887236294842,3.521951219512195,0.03962974742127435,0.07619982804100356,0.17377784845276462,0.07804878048780488,0,0.0925788732957,0.2447066774868423,0.23985968193865823,0.5464920145387112,0.0,0.0,0.0,0.1,0.0,0.1,0.0,0.08,0.014634146341463415,0.25792594948425485,0.25792594948425485
354,0.9834152829910683,0.48351034246586216,0.8643985159731554,0.49246371761100816,0.24908806407921,0.4842517824119648,0.7658536585365854,0.3618370243203787,0.3824468452006649,0.0975609756097561,0.44857142857142857,0.36312024483311817,0.382585548582713,0.08571428571428572,0.004878048780487805,0.002857142857142857,0.4142857142857143,15.94,0.0,0.0,0.03393212723821603,0.0884233966665311,3.521951219512195,0.038440854998636115,0.07400061640217215,0.17306451299918166,0.07804878048780488,0,0.09254455035779295,0.2434831440994081,0.2379196311570279,0.5445841436618186,0.0,0.0,0.0,0.1,0.0,0.1,0.0,0.08,0.004878048780487805,0.25768817099972724,0.25768817099972724
355,0.9800154396527704,0.4839890659148922,0.8624071791607238,0.49291216911276947,0.24908806407921,0.4843971137430639,0.8,0.3618370243203787,0.3824468452006649,0.0975609756097561,0.4685714285714286,0.36312024483311817,0.382585548582713,0.08571428571428572,0.0,0.0,0.4142857142857143,15.94,0.0,0.0,0.034088173915810524,0.08830168524100626,3.521951219512195,0.03728762934867703,0.07186237899783066,0.1723725776092062,0.07804878048780488,0,0.09208182760600399,0.24226572837891108,0.23316123853388734,0.5336924607885823,0.0,0.0,0.0,0.1,0.0,0.1,0.0,0.08,0.0,0.2574575258697354,0.2574575258697354
356,0.9792905797095341,0.48377370025385485,0.8619826183368283,0.49335557762305027,0.24908806407921,0.4845441304384829,0.8292682926829268,0.3616419023691591,0.3823005037372503,0.0975609756097561,0.4857142857142857,0.36300595911883243,0.38249983429699863,0.08571428571428572,0.004878048780487805,0.002857142857142857,0.4142857142857143,16.034285714285716,0.0,0.0,0.03424074089920061,0.08818362515824717,3.521951219512195,0.036169000468216715,0.06978357135486657,0.17170140028093003,0.07804878048780488,0,0.09204998989654539,0.2410543997370165,0.23135515662035244,0.5251266195025448,0.0,0.0,0.0,0.1,0.0,0.1,0.0,0.08,0.004878048780487805,0.25723380009364333,0.25723380009364333
357,0.9791868712662479,0.4820497598481668,0.8619218748200462,0.49238915818308415,0.24908806407921,0.4847892032704136,0.8,0.3616419023691591,0.3823005037372503,0.0975609756097561,0.4685714285714286,0.36300595911883243,0.38249983429699863,0.08571428571428572,0.0,0.0,0.4142857142857143,16.10857142857143,0.0,0.0,0.03438986771755065,0.08806910687797086,3.521951219512195,0.035083930454170215,0.06776267943216419,0.17105035827250212,0.07804878048780488,0,0.09158973994706267,0.23984912773833145,0.2267280534879454,0.514624087112494,0.0,0.0,0.0,0.1,0.0,0.1,0.0,0.08,0.0,0.25701678609083406,0.25701678609083406
358,0.9809940687709325,0.48251375842433575,0.8629803762156472,0.4930795129170504,0.24908806407921,0.4850901102241893,0.7268292682926829,0.3616419023691591,0.3823005037372503,0.0975609756097561,0.4257142857142857,0.36300595911883243,0.38249983429699863,0.08571428571428572,0.0,0.0,0.4142857142857143,16.12,0.0,0.0,0.034535596015572996,0.08795802414610286,3.521951219512195,0.034031412540545106,0.06579821956907816,0.17041884752432707,0.07804878048780488,0,0.09113179124732736,0.23864988209963978,0.2221934924181865,0.504331605370244,0.0,0.0,0.0,0.1,0.0,0.1,0.0,0.08,0.0,0.256806282508109,0.256806282508109
359,0.9810334851882788,0.4821334370603529,0.8630034629743789,0.49316056158916355,0.24908806407921,0.48552931199459226,0.7317073170731707,0.3616419023691591,0.3823005037372503,0.0975609756097561,0.42857142857142855,0.36300595911883243,0.38249983429699863,0.08571428571428572,0.0,0.0,0.4142857142857143,16.1,0.0,0.0,0.03467796934050663,0.08785027389619086,3.521951219512195,0.03301047016432875,0.06388873839110187,0.16980628209859724,0.07804878048780488,0,0.09067613229109071,0.23745663268914158,0.21774962256982275,0.4942449732628391,0.0,0.0,0.0,0.1,0.0,0.1,0.0,0.08,0.0,0.25660209403286577,0.25660209403286577
360,0.9809320213170858,0.483037413530832,0.8629440341355371,0.49289817337181474,0.24908806407921,0.4858696200279992,0.7707317073170732,0.3616419023691591,0.3823005037372503,0.0975609756097561,0.4514285714285714,0.36300595911883243,0.38249983429699863,0.08571428571428572,0.0,0.0,0.4142857142857143,16.162857142857142,0.0,0.0,0.034817032940476625,0.08774575615377626,3.521951219512195,0.03202015605939889,0.062032812676094284,0.16921209363563933,0.07804878048780488,0,0.09022275162963526,0.23626934952569587,0.21339463011842627,0.48436007379758234,0.0,0.0,0.0,0.1,0.0,0.1,0.0,0.08,0.0,0.25640403121187977,0.25640403121187977
361,0.9812165312451376,0.4834754233669699,0.8631106756648246,0.49345827448466856,0.24908806407921,0.48609854736034436,0.7463414634146341,0.3616419023691591,0.3823005037372503,0.0975609756097561,0.43714285714285717,0.36300595911883243,0.38249983429699863,0.08571428571428572,0.0,0.0,0.4142857142857143,16.245714285714286,0.004878048780487805,0.0,0.03495283357391538,0.0876443739436341,3.521951219512195,0.03105955137761692,0.060229049184251204,0.16863573082657016,0.07804878048780488,0,0.08977163787148708,0.23508800277806738,0.20912673751605781,0.4746728723216307,0.0,0.0,0.0,0.1,0.0,0.1,0.0,0.08,0.0,0.25621191027552337,0.25621191027552337
362,0.9815350675989953,0.48458104404439595,0.8632972469577984,0.4939166654367537,0.24908806407921,0.4863586490893257,0.7024390243902439,0.36134921944232984,0.3820809915421283,0.0975609756097561,0.4114285714285714,0.36283453054740383,0.3823712628684272,0.08571428571428572,0.00975609756097561,0.005714285714285714,0.4142857142857143,16.228571428571428,0.0,0.0,0.035085419329710085,0.08754603319979617,3.521951219512195,0.030127764836288415,0.05847608445482888,0.16807665890177304,0.07804878048780488,0,0.0901799225392725,0.2577863908742922,0.21065848848002236,0.4731398112562834,0.0,0.0,0.0,0.1,0.0,0.1,0.0,0.08,0.00975609756097561,0.2560255529672577,0.2560255529672577
363,0.9837051388366304,0.4838069655312617,0.864568288682699,0.49323956434669175,0.24908806407921,0.4867652811716205,0.7414634146341463,0.36134921944232984,0.3820809915421283,0.0975609756097561,0.4342857142857143,0.36283453054740383,0.3823712628684272,0.08571428571428572,0.0,0.0,0.4142857142857143,16.21142857142857,0.0,0.0,0.03521483945772757,0.08745064267827345,3.521951219512195,0.02922393189119976,0.05677258457246703,0.16753435913471984,0.07804878048780488,0,0.08972902292657614,0.25649745891992076,0.20644531871042188,0.4636770150311577,0.0,0.0,0.0,0.1,0.0,0.1,0.0,0.08,0.0,0.25584478637823993,0.25584478637823993
364,0.9827148045928644,0.4834511918884871,0.8639882357684932,0.493521718481301,0.24908806407921,0.48711969396692345,0.7365853658536585,0.36115409749111027,0.3819346500787137,0.0975609756097561,0.43142857142857144,0.36272024483311816,0.3822855485827129,0.08571428571428572,0.004878048780487805,0.002857142857142857,0.4142857142857143,16.251428571428573,0.0,0.0,0.0353411442093584,0.08735811387239631,3.521951219512195,0.028347213934463766,0.05511724490579173,0.16700832836067825,0.07804878048780488,0,0.08970894924051469,0.25869233992815427,0.2051735551933563,0.4590594434450823,0.0,0.0,0.0,0.1,0.0,0.1,0.0,0.08,0.004878048780487805,0.25566944278689274,0.25566944278689274
365,0.9831660185998413,0.4833686070636684,0.864252518258294,0.49372270011035907,0.24908806407921,0.4874653346301422,0.6731707317073171,0.36115409749111027,0.3819346500787137,0.0975609756097561,0.3942857142857143,0.36272024483311816,0.3822855485827129,0.08571428571428572,0.0,0.0,0.4142857142857143,16.32,0.0,0.0,0.03546438468771552,0.08726836093069552,3.521951219512195,0.027496797516429854,0.053508789820830516,0.1664980785098579,0.07804878048780488,0,0.08926040449431212,0.2573988782285135,0.20107008408948918,0.44987825457618064,0.0,0.0,0.0,0.1,0.0,0.1,0.0,0.08,0.0,0.25549935950328595,0.25549935950328595
366,0.9827202650968596,0.4834091580215994,0.8639914340636904,0.49356650793216594,0.24908806407921,0.4878150378323001,0.6536585365853659,0.36115409749111027,0.3819346500787137,0.0975609756097561,0.38285714285714284,0.36272024483311816,0.3822855485827129,0.08571428571428572,0.0,0.0,0.4142857142857143,16.33142857142857,0.0,0.0,0.03558461270711915,0.08718130057724581,3.521951219512195,0.026671893590936958,0.05194597237162091,0.16600313615456216,0.07804878048780488,0,0.08881410247184054,0.25611188383737093,0.19704868240769935,0.44088068948465703,0.0,0.0,0.0,0.1,0.0,0.1,0.0,0.08,0.0,0.25533437871818737,0.25533437871818737
367,0.9813140375267037,0.4826781488475174,0.8631677864868847,0.4931037405566608,0.24908806407921,0.48802728660562317,0.624390243902439,0.36115409749111027,0.3819346500787137,0.0975609756097561,0.3657142857142857,0.36272024483311816,0.3822855485827129,0.08571428571428572,0.0,0.0,0.4142857142857143,16.322857142857142,0.0,0.0,0.035701880661498195,0.08709685203439953,3.521951219512195,0.025871736783208848,0.050427573970253325,0.1655230420699253,0.07804878048780488,0,0.08837003195948136,0.25483132441818407,0.1931077087595454,0.4320630756949639,0.0,0.0,0.0,0.1,0.0,0.1,0.0,0.08,0.0,0.2551743473566418,0.2551743473566418
368,0.9819781762491384,0.4824883244769113,0.8635567820243107,0.4931420371753245,0.24908806407921,0.4882997892360259,0.6878048780487804,0.36115409749111027,0.3819346500787137,0.0975609756097561,0.40285714285714286,0.36272024483311816,0.3822855485827129,0.08571428571428572,0.0,0.0,0.4142857142857143,16.277142857142856,0.0,0.0,0.03581624140133944,0.08701493694783866,3.521951219512195,0.025095584679712582,0.048952404038457686,0.16505735080782755,0.07804878048780488,0,0.08792818179968395,0.25355716779609316,0.18924555458435446,0.4234218141810646,0.0,0.0,0.0,0.1,0.0,0.1,0.0,0.08,0.0,0.25501911693594254,0.25501911693594254
369,0.9803066502441572,0.48244016500799997,0.8625777453642504,0.493252869648505,0.24908806407921,0.4887554864721288,0.6634146341463415,0.36115409749111027,0.3819346500787137,0.0975609756097561,0.38857142857142857,0.36272024483311816,0.3822855485827129,0.08571428571428572,0.0,0.0,0.4142857142857143,16.274285714285714,0.0,0.0,0.035927748118817854,0.08693547931387459,3.521951219512195,0.024342717139321204,0.04751929964270851,0.1646056302835927,0.07804878048780488,0,0.08748854089068553,0.2522893819571127,0.1854606434926674,0.4149533778974433,0.0,0.0,0.0,0.1,0.0,0.1,0.0,0.08,0.0,0.25486854342786425,0.25486854342786425
370,0.9809506744811002,0.48134914389265504,0.8629549595601741,0.4930349356866571,0.24908806407921,0.4890097776730968,0.6878048780487804,0.3609589755398908,0.381788308615299,0.0975609756097561,0.40285714285714286,0.3626059591188324,0.38219983429699866,0.08571428571428572,0.004878048780487805,0.002857142857142857,0.4142857142857143,16.26,0.0,0.0,0.03603645424074616,0.08685840540892949,3.521951219512195,0.023612435625141568,0.04612712511470596,0.16416746137508492,0.07804878048780488,0,0.08747966961480352,0.2510279350473271,0.1846085734799569,0.4167568283278898,0.0,0.0,0.0,0.1,0.0,0.1,0.0,0.08,0.004878048780487805,0.2547224871250283,0.2547224871250283
371,0.9814751481942355,0.48209531024830665,0.8632621513064389,0.49330570872518054,0.24908806407921,0.48910606898729303,0.7268292682926829,0.3609589755398908,0.381788308615299,0.0975609756097561,0.4257142857142857,0.3626059591188324,0.38219983429699866,0.08571428571428572,0.0,0.0,0.4142857142857143,16.251428571428573,0.0,0.0,0.036142413328986676,0.08678364372113269,3.521951219512195,0.02290406255638732,0.04477477165897081,0.16374243753383239,0.07804878048780488,0,0.08704227126672952,0.24977279537209052,0.18091640201035777,0.408421691761332,0.0,0.0,0.0,0.1,0.0,0.1,0.0,0.08,0.0,0.25458081251127745,0.25458081251127745
372,0.9813998507967856,0.4822773476541487,0.8632180485450756,0.4931477290574873,0.24908806407921,0.4890858248462653,0.6731707317073171,0.3609589755398908,0.381788308615299,0.0975609756097561,0.3942857142857143,0.3626059591188324,0.38219983429699866,0.08571428571428572,0.0,0.0,0.4142857142857143,16.237142857142857,0.0,0.0,0.036245678987975406,0.0867111248839698,3.521951219512195,0.0222169406796957,0.043461156949179625,0.16333016440781742,0.07804878048780488,0,0.08660705991039587,0.24852393139523005,0.17729807397015057,0.40025325792610533,0.0,0.0,0.0,0.1,0.0,0.1,0.0,0.08,0.0,0.25444338813593914,0.25444338813593914
373,0.9838877610316841,0.48274588983732547,0.8646752531112304,0.49356814386487924,0.24908806407921,0.48886556136609166,0.7414634146341463,0.3609589755398908,0.381788308615299,0.0975609756097561,0.4342857142857143,0.3626059591188324,0.38219983429699866,0.08571428571428572,0.0,0.0,0.4142857142857143,16.302857142857142,0.0,0.0,0.03634630477901574,0.08664078161192187,3.521951219512195,0.021550432459304828,0.042185224714760716,0.1629302594755829,0.07804878048780488,0,0.08617402461084388,0.2472813117382539,0.1737521124907476,0.3922481927675832,0.0,0.0,0.0,0.1,0.0,0.1,0.0,0.08,0.0,0.254310086491861,0.254310086491861
374,0.9815114679585948,0.4830345744780086,0.8632834243112781,0.4935448071428084,0.24908806407921,0.488618255104879,0.6878048780487804,0.3609589755398908,0.381788308615299,0.0975609756097561,0.40285714285714286,0.3626059591188324,0.38219983429699866,0.08571428571428572,0.0,0.0,0.4142857142857143,16.274285714285714,0.0,0.0,0.03644434414100753,0.08657254863803532,3.521951219512195,0.020903919485525682,0.040945944319172756,0.1625423516913154,0.07804878048780488,0,0.08574315448778966,0.24604490517956265,0.1702770702409326,0.3844032289122315,0.0,0.0,0.0,0.1,0.0,0.1,0.0,0.08,0.0,0.25418078389710513,0.25418078389710513
375,0.9821165772126378,0.48292483669860437,0.863637845445789,0.4940899799782678,0.24908806407921,0.48852390860684203,0.6878048780487804,0.3609589755398908,0.381788308615299,0.0975609756097561,0.40285714285714286,0.3626059591188324,0.38219983429699866,0.08571428571428572,0.0,0.0,0.4142857142857143,16.18857142857143,0.0,0.0,0.03653985031728624,0.08650636265336539,3.521951219512195,0.02027680190095991,0.03974231033118736,0.16216608114057593,0.07804878048780488,0,0.0853144387153507,0.24481468065366482,0.16687152883611395,0.3767151643339869,0.0,0.0,0.0,0.1,0.0,0.1,0.0,0.08,0.0,0.254055360380192,0.254055360380192
376,0.9812361882471051,0.4831191676226613,0.8631221890516912,0.49437057549591673,0.24908806407921,0.48816627034573573,0.7317073170731707,0.3609589755398908,0.381788308615299,0.0975609756097561,0.42857142857142855,0.3626059591188324,0.38219983429699866,0.08571428571428572,0.0,0.0,0.4142857142857143,16.2,0.0,0.0,0.0366328762882565,0.08644216224823557,3.521951219512195,0.019668497843931113,0.03857334209041252,0.16180109870635867,0.07804878048780488,0,0.08488786652177396,0.24359060725039652,0.1635340982593917,0.36918086104730713,0.0,0.0,0.0,0.1,0.0,0.1,0.0,0.08,0.0,0.2539336995687862,0.2539336995687862
377,0.9825300261543735,0.48346927351692126,0.8638800083973771,0.49491366021709554,0.24908806407921,0.48770899131500856,0.7414634146341463,0.3609589755398908,0.381788308615299,0.0975609756097561,0.4342857142857143,0.3626059591188324,0.38219983429699866,0.08571428571428572,0.0,0.0,0.4142857142857143,16.217142857142857,0.0,0.0,0.03672347470951395,0.08637988785525963,3.521951219512195,0.01907844290861318,0.03743808326820253,0.1614470657451679,0.07804878048780488,0,0.08446342718916508,0.24237265421414453,0.16026341629420385,0.36179724382636097,0.0,0.0,0.0,0.1,0.0,0.1,0.0,0.08,0.0,0.25381568858172265,0.25381568858172265
378,0.9803808580628539,0.48283204158409143,0.8626212099437727,0.4946657315957868,0.24908806407921,0.48732208188995024,0.7121951219512195,0.3609589755398908,0.381788308615299,0.0975609756097561,0.41714285714285715,0.3626059591188324,0.38219983429699866,0.08571428571428572,0.0,0.0,0.4142857142857143,16.245714285714286,0.0,0.0,0.03681169785515974,0.08631948169407289,3.521951219512195,0.018506089621354783,0.03633560142501968,0.16110365377281285,0.07804878048780488,0,0.08404111005321926,0.2411607909430738,0.15705814796831974,0.35456129894983374,0.0,0.0,0.0,0.1,0.0,0.1,0.0,0.08,0.0,0.25370121792427097,0.25370121792427097
379,0.982083592741587,0.4834663256658883,0.8636185259698878,0.4954080394120314,0.24908806407921,0.486952405275598,0.7121951219512195,0.3609589755398908,0.381788308615299,0.0975609756097561,0.41714285714285715,0.3626059591188324,0.38219983429699866,0.08571428571428572,0.0,0.0,0.4142857142857143,16.26,0.0,0.0,0.03689759756602257,0.08626088771772189,3.521951219512195,0.01795090693271414,0.03526498756523999,0.1607705441596285,0.07804878048780488,0,0.08362090450295316,0.23995498698835843,0.15391698500895337,0.34747007297083704,0.0,0.0,0.0,0.1,0.0,0.1,0.0,0.08,0.0,0.2535901813865428,0.2535901813865428
380,0.9828387466654351,0.48479007585109885,0.8640608304109989,0.4963338850589387,0.24908806407921,0.4867734457183832,0.6682926829268293,0.3609589755398908,0.381788308615299,0.0975609756097561,0.3914285714285714,0.3626059591188324,0.38219983429699866,0.08571428571428572,0.0,0.0,0.4142857142857143,16.30857142857143,0.004878048780487805,0.0,0.036981225202512735,0.0862040515606613,3.521951219512195,0.017412379724732717,0.03422535569031393,0.16044742783483962,0.07804878048780488,0,0.0832027999804384,0.23875521205341663,0.1508386453087743,0.3405206715114203,0.0,0.0,0.0,0.1,0.0,0.1,0.0,0.08,0.0,0.25348247594494655,0.25348247594494655
381,0.98171931482756,0.4830869856568552,0.863405163191672,0.4959633394686393,0.24908806407921,0.4867048702525579,0.6682926829268293,0.3609589755398908,0.381788308615299,0.0975609756097561,0.3914285714285714,0.3626059591188324,0.38219983429699866,0.08571428571428572,0.0,0.0,0.4142857142857143,16.31714285714286,0.004878048780487805,0.0,0.037062631601844614,0.08614892048831259,3.521951219512195,0.016890008332990734,0.033215842351134284,0.16013400499979444,0.07804878048780488,0,0.08278678598053621,0.23756143599314952,0.1478218724025988,0.33371025808119187,0.0,0.0,0.0,0.1,0.0,0.1,0.0,0.08,0.0,0.25337800166659813,0.25337800166659813
382,0.9823802257187919,0.4833228921111258,0.8637922681422509,0.4958186546252976,0.24908806407921,0.48647011052338907,0.7219512195121951,0.3609589755398908,0.381788308615299,0.0975609756097561,0.4228571428571429,0.3626059591188324,0.38219983429699866,0.08571428571428572,0.0,0.0,0.4142857142857143,16.334285714285713,0.0,0.0,0.03714186703937311,0.0860954433481343,3.521951219512195,0.01638330808300101,0.032235606200388345,0.1598299848498006,0.07804878048780488,0,0.08237285205063352,0.23637362881318377,0.14486543495454682,0.327036052919568,0.0,0.0,0.0,0.1,0.0,0.1,0.0,0.08,0.0,0.25327666161660023,0.25327666161660023
383,0.9802145826422788,0.4831433702537102,0.8625238200545787,0.4956846006911115,0.24908806407921,0.4862227711152928,0.6682926829268293,0.36076385358867125,0.38164196715188436,0.0975609756097561,0.3914285714285714,0.3624916734045467,0.38211412001128436,0.08571428571428572,0.004878048780487805,0.002857142857142857,0.4142857142857143,16.334285714285713,0.004878048780487805,0.0,0.03721898119380112,0.08604357052216138,3.521951219512195,0.01589180884051098,0.03128382754561865,0.15953508530430657,0.07804878048780488,0,0.08238955921895179,0.24618702613260793,0.14482526911259871,0.32401576200620696,0.0,0.0,0.0,0.1,0.0,0.1,0.0,0.08,0.004878048780487805,0.2531783617681022,0.2531783617681022
384,0.9790178963683571,0.48327599964703405,0.8618229038084246,0.49609438915744536,0.24908806407921,0.4860528571356521,0.6536585365853659,0.36076385358867125,0.38164196715188436,0.0975609756097561,0.38285714285714284,0.3624916734045467,0.38211412001128436,0.08571428571428572,0.0,0.0,0.4142857142857143,16.305714285714284,0.004878048780487805,0.0,0.037294023116024685,0.08599325388096767,3.521951219512195,0.01541505457529565,0.030359707903652278,0.15924903274517738,0.07804878048780488,0,0.08197761142285702,0.2449560910019449,0.14192876373034677,0.3175354467660828,0.0,0.0,0.0,0.1,0.0,0.1,0.0,0.08,0.0,0.25308301091505914,0.25308301091505914
385,0.9785104810265061,0.4825988230187201,0.8615257033939119,0.4964390079231779,0.24908806407921,0.48596470140754977,0.6926829268292682,0.36076385358867125,0.38164196715188436,0.0975609756097561,0.4057142857142857,0.3624916734045467,0.38211412001128436,0.08571428571428572,0.0,0.0,0.4142857142857143,16.26,0.004878048780487805,0.0,0.03736704120139323,0.08594444673900978,3.521951219512195,0.01495260293803678,0.029462469557007154,0.15897156176282207,0.07804878048780488,0,0.08156772336574274,0.24373131054693517,0.13909018845573984,0.3111847378307611,0.0,0.0,0.0,0.1,0.0,0.1,0.0,0.08,0.0,0.25299052058760735,0.25299052058760735
386,0.9795691477655044,0.4830409263927025,0.862122046560401,0.49641272946983805,0.24908806407921,0.4856741521349751,0.6862745098039216,0.3610032269329664,0.3818345325063444,0.09803921568627451,0.4,0.362377387690261,0.38202840572557006,0.08571428571428572,0.004901960784313725,0.002857142857142857,0.41714285714285715,16.22,0.0,0.002857142857142857,0.03750944730651101,0.08589710381131056,3.4705882352941178,0.014504024849895677,0.02859135511283384,0.1587024149099374,0.0784313725490196,0,0.08158845617748546,0.2425126539942005,0.1391655275437679,0.3232552975416423,0.0,0.0,0.0,0.1,0.0,0.1,0.0,0.08,0.004878048780487805,0.25290080496997913,0.25290080496997913
387,0.9798443083229859,0.48263151889338607,0.862282425856762,0.4965661365857529,0.24908806407921,0.48539511417441283,0.7549019607843137,0.3610032269329664,0.3818345325063444,0.09803921568627451,0.44,0.362377387690261,0.38202840572557006,0.08571428571428572,0.0,0.0,0.41714285714285715,16.202857142857145,0.004901960784313725,0.0,0.03757877229131754,0.0858511811714424,3.4705882352941178,0.014068904104398806,0.02774562706489825,0.15844134246263927,0.0784313725490196,0,0.08118051389659801,0.2413000907242295,0.13638221699289255,0.31679019159080946,0.0,0.0,0.0,0.1,0.0,0.1,0.0,0.08,0.0,0.25281378082087974,0.25281378082087974
388,0.9814071833679918,0.4834268903944018,0.8631933587401367,0.49639049274698094,0.24908806407921,0.4850871945490904,0.7058823529411765,0.36080714850159384,0.38168747368281497,0.09803921568627451,0.4114285714285714,0.3622631019759753,0.38194269143985576,0.08571428571428572,0.004901960784313725,0.002857142857142857,0.41714285714285715,16.214285714285715,0.0,0.0,0.037646208511705644,0.08580663621077023,3.4705882352941178,0.013646836981266841,0.02692456735907056,0.1581881021887601,0.0784313725490196,0,0.08120318275568647,0.24009359027060836,0.13651171551017752,0.32157467952776375,0.0,0.0,0.0,0.1,0.0,0.1,0.0,0.08,0.004901960784313725,0.25272936739625335,0.25272936739625335
389,0.9827189780132426,0.4828538626029255,0.863957947619083,0.49636021037717326,0.24908806407921,0.4848654370654427,0.6617647058823529,0.3606110700702213,0.3815404148592856,0.09803921568627451,0.38571428571428573,0.36214881626168954,0.38185697715414146,0.08571428571428572,0.004901960784313725,0.002857142857142857,0.41714285714285715,16.234285714285715,0.0,0.0,0.037711801678627574,0.08576342759891822,3.4705882352941178,0.013237431871828836,0.026127476962740204,0.1579424591230973,0.0784313725490196,0,0.08122573827047946,0.23889312231925533,0.13663862405711685,0.3640455729253215,0.0,0.0,0.0,0.1,0.0,0.1,0.0,0.08,0.004901960784313725,0.2526474863743658,0.2526474863743658
390,0.9834152999317306,0.48363312251753954,0.8643638038230017,0.49675301419316814,0.24908806407921,0.48475771095239306,0.7156862745098039,0.3606110700702213,0.3815404148592856,0.09803921568627451,0.41714285714285715,0.36214881626168954,0.38185697715414146,0.08571428571428572,0.0,0.0,0.41714285714285715,16.251428571428573,0.0,0.0,0.03777559674970706,0.08572151524542178,3.4705882352941178,0.01284030891567397,0.025353675438536172,0.15770418534940436,0.0784313725490196,0,0.08081960957912707,0.23769865670765905,0.13390585157597448,0.35676466146681507,0.0,0.0,0.0,0.1,0.0,0.1,0.0,0.08,0.0,0.2525680617831348,0.2525680617831348
391,0.9837541248832715,0.48262605517385654,0.8645612903661855,0.4961329255651485,0.24908806407921,0.48456964833237914,0.6568627450980392,0.3606110700702213,0.3815404148592856,0.09803921568627451,0.38285714285714284,0.36214881626168954,0.38185697715414146,0.08571428571428572,0.0,0.0,0.41714285714285715,16.291428571428572,0.004901960784313725,0.0,0.03783763791786744,0.08568086026253026,3.4705882352941178,0.012455099648203752,0.02460250052269808,0.15747305978892223,0.0784313725490196,0,0.08041551153123144,0.23651016342412076,0.131227734544455,0.3496293682374788,0.0,0.0,0.0,0.1,0.0,0.1,0.0,0.08,0.0,0.25249101992964074,0.25249101992964074
392,0.9835942215976544,0.4824313089064326,0.8644680895939973,0.49623057879957627,0.24908806407921,0.48453803796903827,0.6323529411764706,0.36041499163884877,0.3813933560357562,0.09803921568627451,0.36857142857142855,0.3620345305474038,0.3817712628684272,0.08571428571428572,0.004901960784313725,0.002857142857142857,0.41714285714285715,16.254285714285714,0.0,0.0,0.03789796860208624,0.08564142492912544,3.4705882352941178,0.01208144665875764,0.023873307708403013,0.1572488679952546,0.0784313725490196,0,0.0804420054021467,0.2524748935619603,0.13146032271070876,0.34263678087272925,0.0,0.0,0.0,0.1,0.0,0.1,0.0,0.08,0.004901960784313725,0.25241628933175153,0.25241628933175153
393,0.9827699201209751,0.48143678228145415,0.863987639590447,0.4957635317480236,0.24908806407921,0.4845512333898711,0.6225490196078431,0.36041499163884877,0.3813933560357562,0.09803921568627451,0.3628571428571429,0.3620345305474038,0.3817712628684272,0.08571428571428572,0.0,0.0,0.41714285714285715,16.251428571428573,0.004901960784313725,0.0,0.037956631440126655,0.08560317265572281,3.4705882352941178,0.01171900325899491,0.02316546983432588,0.15703140195539694,0.0784313725490196,0,0.08003979537513597,0.2512125190941505,0.12883111625649457,0.33578404525527467,0.0,0.0,0.0,0.1,0.0,0.1,0.0,0.08,0.0,0.25234380065179896,0.25234380065179896
394,0.9808998730657237,0.48187397890136224,0.8628976693068147,0.4960593291804894,0.24908806407921,0.48464407560204814,0.7303921568627451,0.36041499163884877,0.3813933560357562,0.09803921568627451,0.4257142857142857,0.3620345305474038,0.3817712628684272,0.08571428571428572,0.0,0.0,0.41714285714285715,16.31142857142857,0.0,0.0,0.03801366828310344,0.08556606795052223,3.4705882352941178,0.011367433161225063,0.022478376678675915,0.15682045989673504,0.0784313725490196,0,0.07963959639826028,0.24995645649867973,0.1262544939313647,0.3290683643501692,0.0,0.0,0.0,0.1,0.0,0.1,0.0,0.08,0.0,0.252273486632245,0.252273486632245
395,0.9818735247657226,0.481540158704108,0.8634651691548142,0.49592817355604546,0.24908806407921,0.4849329166267156,0.7107843137254902,0.3602189132074762,0.3812462972122268,0.09803921568627451,0.4142857142857143,0.36192024483311813,0.3816855485827129,0.08571428571428572,0.004901960784313725,0.002857142857142857,0.41714285714285715,16.31714285714286,0.0,0.0,0.038069120191748816,0.08553007638647767,3.4705882352941178,0.01102641016638831,0.02181143455892587,0.15661584609983298,0.0784313725490196,0,0.07966996984484041,0.24870667421618634,0.12658654690988025,0.33119571498876194,0.0,0.0,0.0,0.1,0.0,0.1,0.0,0.08,0.004901960784313725,0.2522052820332777,0.2522052820332777
396,0.9810867340570093,0.48186504794660634,0.8630065825703069,0.49625111335437394,0.24908806407921,0.485013477605459,0.6862745098039216,0.3602189132074762,0.3812462972122268,0.09803921568627451,0.4,0.36192024483311813,0.3816855485827129,0.08571428571428572,0.0,0.0,0.41714285714285715,16.314285714285713,0.004901960784313725,0.0,0.038123027434251576,0.08549516456935448,3.4705882352941178,0.01069561786139666,0.02116406593742237,0.15641737071683798,0.0784313725490196,0,0.07927161999561622,0.24746314084510543,0.12405481597168265,0.32457180068898667,0.0,0.0,0.0,0.1,0.0,0.1,0.0,0.08,0.0,0.25213912357227936,0.25213912357227936
397,0.9819870700551051,0.48277558418406924,0.8635313498377686,0.49673815112786396,0.24908806407921,0.4850445005677368,0.696078431372549,0.3602189132074762,0.3812462972122268,0.09803921568627451,0.4057142857142857,0.36192024483311813,0.3816855485827129,0.08571428571428572,0.0,0.0,0.41714285714285715,16.31142857142857,0.004901960784313725,0.0,0.03817542948554873,0.08546130010674492,3.4705882352941178,0.01037474932555476,0.020535709033042693,0.15622484959533284,0.0784313725490196,0,0.07887526189563812,0.2462258251408799,0.12157371965224902,0.31808036467520695,0.0,0.0,0.0,0.1,0.0,0.1,0.0,0.08,0.0,0.252074949865111,0.252074949865111
398,0.9790570569502574,0.48302225357428097,0.861823570770943,0.49707717703254684,0.24908806407921,0.48513091727987023,0.7205882352941176,0.3602189132074762,0.3812462972122268,0.09803921568627451,0.42,0.36192024483311813,0.3816855485827129,0.08571428571428572,0.0,0.0,0.41714285714285715,16.305714285714284,0.004901960784313725,0.0,0.03822636502795689,0.08542845157801371,3.4705882352941178,0.010063506845788116,0.01992581743903754,0.15603810410747287,0.0784313725490196,0,0.07848088558615994,0.2449946960151755,0.11914224525920401,0.3117187573817028,0.0,0.0,0.0,0.1,0.0,0.1,0.0,0.08,0.0,0.2520127013691576,0.2520127013691576
399,0.979320842230741,0.4823331817808187,0.8619773199058534,0.49680778775395584,0.24908806407921,0.4852359012476551,0.696078431372549,0.3602189132074762,0.3812462972122268,0.09803921568627451,0.4057142857142857,0.36192024483311813,0.3816855485827129,0.08571428571428572,0.0,0.0,0.41714285714285715,16.3,0.004901960784313725,0.0,0.038275871953036236,0.08539658850514442,3.4705882352941178,0.009761601640414473,0.01933385974717905,0.15585696098424867,0.0784313725490196,0,0.07808848115822914,0.24376972253509963,0.11675940035401994,0.3054843822340687,0.0,0.0,0.0,0.1,0.0,0.1,0.0,0.08,0.0,0.2519523203280829,0.2519523203280829
400,0.9788124141820468,0.48185716692322966,0.861680978986043,0.4964127566350723,0.24908806407921,0.48527186385694787,0.6519607843137255,0.3598267563447311,0.38095217956516797,0.09803921568627451,0.38,0.3616916734045467,0.38151412001128443,0.08571428571428572,0.00980392156862745,0.005714285714285714,0.41714285714285715,16.294285714285714,0.004901960784313725,0.0,0.03832398736458631,0.08536568132446119,3.4705882352941178,0.009468753591202039,0.01875931917831508,0.15568125215472123,0.0784313725490196,0,0.07855518160958085,0.2425508739224241,0.12013849806122524,0.31195647595508785,0.0,0.0,0.0,0.1,0.0,0.1,0.0,0.08,0.00980392156862745,0.2518937507182404,0.2518937507182404
401,0.9781609043927451,0.4817101303975557,0.8613012418517072,0.4959933470920164,0.24908806407921,0.48532319209025326,0.696078431372549,0.3598267563447311,0.38095217956516797,0.09803921568627451,0.4057142857142857,0.3616916734045467,0.38151412001128443,0.08571428571428572,0.0,0.0,0.41714285714285715,16.245714285714286,0.004901960784313725,0.0,0.03837074758267901,0.08533570135919846,3.4705882352941178,0.009184690983465978,0.01820169321940779,0.1555108145900796,0.0784313725490196,0,0.07816240570153295,0.24133811955281198,0.11773572810000074,0.3057173464359861,0.0,0.0,0.0,0.1,0.0,0.1,0.0,0.08,0.0,0.25183693819669317,0.25183693819669317
402,0.979390616351279,0.48113858490944406,0.8618325456014015,0.49618279680765437,0.24908806407921,0.48529808479176983,0.6945812807881774,0.3603714978698741,0.38005666784621944,0.09852216748768473,0.40285714285714286,0.361577387690261,0.38142840572557013,0.08571428571428572,0.0049261083743842365,0.002857142857142857,0.42,16.225714285714286,0.0049261083743842365,0.002857142857142857,0.03845868289469125,0.08530662079289365,3.3891625615763545,0.008909150253961998,0.01766049326712238,0.1553454901523772,0.07881773399014778,0,0.0782001651015967,0.24063804809598122,0.11823815639514357,0.2996029995072663,0.0,0.0,0.0,0.1,0.0,0.1,0.0,0.08,0.004901960784313725,0.2517818300507924,0.2517818300507924
403,0.9797309995583943,0.4805678159155445,0.8620299678615282,0.495993300539306,0.24908806407921,0.48527693299161234,0.7241379310344828,0.3603714978698741,0.38005666784621944,0.09852216748768473,0.42,0.361577387690261,0.38142840572557013,0.08571428571428572,0.0,0.0,0.42,16.202857142857145,0.0,0.0,0.038579214953765074,0.08527841264357795,3.3891625615763545,0.008641875746343139,0.017135244278011386,0.15518512544780588,0.07881773399014778,0,0.07780916427608872,0.2394348578555013,0.1158733932672407,0.29361093951712103,0.0,0.0,0.0,0.1,0.0,0.1,0.0,0.08,0.0,0.2517283751492686,0.2517283751492686
404,0.9803863636509162,0.4796066116768694,0.8624100790351911,0.49523648213113575,0.24908806407921,0.4853138053034237,0.7733990147783252,0.3599774091999234,0.37976110134375635,0.09852216748768473,0.44857142857142857,0.3613488162616896,0.38125697715414153,0.08571428571428572,0.009852216748768473,0.005714285714285714,0.42,16.2,0.0,0.0,0.03862232594160039,0.08525105073874172,3.3891625615763545,0.008382619473952845,0.01662548442532863,0.1550295716843717,0.07881773399014778,0,0.07827726131185114,0.2382376835662238,0.1192702111161816,0.2905201765493267,0.0,0.0,0.0,0.1,0.0,0.1,0.0,0.08,0.009852216748768473,0.25167652389479056,0.25167652389479056
405,0.9805372549206287,0.48073824297929846,0.8624975959716242,0.49609360338177516,0.24908806407921,0.48519879639450425,0.7192118226600985,0.35978036486494797,0.37961331809252485,0.09852216748768473,0.41714285714285715,0.36123453054740384,0.38117126286842723,0.08571428571428572,0.0049261083743842365,0.002857142857142857,0.42,16.18285714285714,0.0,0.0,0.038664213335185785,0.08522450969105057,3.3891625615763545,0.008131140889734259,0.016130764762490424,0.15487868453384054,0.07881773399014778,0,0.07831444643386332,0.23704649514839268,0.11974194975100082,0.28772707049947266,0.0,0.0,0.0,0.1,0.0,0.1,0.0,0.08,0.0049261083743842365,0.25162622817794683,0.25162622817794683
406,0.9793877295408734,0.48125119269271144,0.8618308712513661,0.49623876460421784,0.24908806407921,0.48517491268951196,0.7931034482758621,0.35958332052997266,0.3794655348412933,0.09852216748768473,0.46,0.3611202448331181,0.381085548582713,0.08571428571428572,0.0049261083743842365,0.002857142857142857,0.42,16.154285714285713,0.0,0.0,0.03870490979191412,0.08519876487479018,3.3891625615763545,0.007887206663042231,0.015650648893192565,0.15473232399782533,0.07881773399014778,0,0.07835144563026541,0.23586126267265073,0.12020425361312366,0.29836653009267844,0.0,0.0,0.0,0.1,0.0,0.1,0.0,0.08,0.0049261083743842365,0.25157744133260845,0.25157744133260845
407,0.9806453256845348,0.4807260851908138,0.8625602770146897,0.49604925718059284,0.24908806407921,0.485082195227136,0.7931034482758621,0.35958332052997266,0.3794655348412933,0.09852216748768473,0.46,0.3611202448331181,0.381085548582713,0.08571428571428572,0.0,0.0,0.42,16.17142857142857,0.0,0.0,0.03874444722264106,0.08517379240301759,3.3891625615763545,0.007650590463150964,0.01518471264817578,0.15459035427789058,0.07881773399014778,0,0.07795968840211409,0.23468195635928749,0.1178001685408612,0.2923991994908249,0.0,0.0,0.0,0.1,0.0,0.1,0.0,0.08,0.0,0.2515301180926302,0.2515301180926302
408,0.9815545108526642,0.47984212179338664,0.8630876044122049,0.49584744693331606,0.24908806407921,0.48493841426033846,0.8029556650246306,0.35958332052997266,0.3794655348412933,0.09852216748768473,0.4657142857142857,0.3611202448331181,0.381085548582713,0.08571428571428572,0.0,0.0,0.42,16.16857142857143,0.0,0.0,0.038782856800841224,0.08514956910539817,3.3891625615763545,0.0074210727492564355,0.014732543768625317,0.15445264364955386,0.07881773399014778,0,0.07756988996010353,0.23350854657749104,0.11544416517004397,0.28655121550100837,0.0,0.0,0.0,0.1,0.0,0.1,0.0,0.08,0.0,0.25148421454985126,0.25148421454985126
409,0.9816232650388174,0.4805047445709805,0.8631274818401735,0.49578583229037787,0.24908806407921,0.4846411725442526,0.7487684729064039,0.35958332052997266,0.3794655348412933,0.09852216748768473,0.4342857142857143,0.3611202448331181,0.381085548582713,0.08571428571428572,0.0,0.0,0.42,16.222857142857144,0.0,0.0,0.03882016897222479,0.08512607250670734,3.3891625615763545,0.007198440566778742,0.014293741596179688,0.15431906434006723,0.07881773399014778,0,0.077182040510303,0.2323410038446036,0.11313528186664308,0.28082019119098817,0.0,0.0,0.0,0.1,0.0,0.1,0.0,0.08,0.0,0.25143968811335576,0.25143968811335576
410,0.9821142277705022,0.48000757426542584,0.8634122402245508,0.49562838416470106,0.24908806407921,0.48455917409927457,0.7536945812807881,0.35938627619499725,0.37931775159006176,0.09852216748768473,0.43714285714285717,0.36100595911883243,0.3809998342969987,0.08571428571428572,0.0049261083743842365,0.002857142857142857,0.42,16.245714285714286,0.0,0.0,0.03885641346476158,0.08510328080597726,3.3891625615763545,0.0069824873497753796,0.013867916769512711,0.1541894924098652,0.07881773399014778,0,0.07722470173632291,0.23117929882538057,0.1137297190864531,0.28233737783876245,0.0,0.0,0.0,0.1,0.0,0.1,0.0,0.08,0.0049261083743842365,0.25139649746995507,0.25139649746995507
411,0.9816499106923318,0.48006012641194296,0.8631429363192121,0.49544347721625676,0.24908806407921,0.4844173200339953,0.7241379310344828,0.3589921875250465,0.3790221850875987,0.09852216748768473,0.42,0.36077738769026096,0.3808284057255701,0.08571428571428572,0.009852216748768473,0.005714285714285714,0.42,16.28857142857143,0.0,0.0,0.03889161929906298,0.08508117285626901,3.3891625615763545,0.006773012729282118,0.013454690927448443,0.15406380763756927,0.07881773399014778,0,0.07769572108478416,0.269475336600965,0.11716941041900973,0.29209546102456135,0.0,0.0,0.0,0.1,0.0,0.1,0.0,0.08,0.009852216748768473,0.2513546025458564,0.2513546025458564
412,0.9807191883423259,0.48065555130189247,0.8626031173562086,0.49526195441951887,0.24908806407921,0.4844330047609022,0.7635467980295566,0.3585980988550958,0.37872661858513573,0.09852216748768473,0.44285714285714284,0.36054881626168955,0.38065697715414154,0.08571428571428572,0.009852216748768473,0.005714285714285714,0.42,16.305714285714284,0.0,0.0,0.03892581479907529,0.08505972814505207,3.3891625615763545,0.006569822347403655,0.013053696418557914,0.1539418934084422,0.07881773399014778,0,0.07816438533650309,0.2681279599179602,0.12054030792491525,0.30984516401248297,0.0,0.0,0.0,0.1,0.0,0.1,0.0,0.08,0.009852216748768473,0.25131396446948073,0.25131396446948073
413,0.9804292909451507,0.4800700651631861,0.8624349768658469,0.49488900449333684,0.24908806407921,0.48433204805012775,0.7044334975369458,0.3585980988550958,0.37872661858513573,0.09852216748768473,0.4085714285714286,0.36054881626168955,0.38065697715414154,0.08571428571428572,0.0,0.0,0.42,16.34285714285714,0.0049261083743842365,0.0,0.03895902760304186,0.08503892677517165,3.3891625615763545,0.006372727676981545,0.01266457601718185,0.15382363660618892,0.07881773399014778,0,0.07777356340982058,0.26678732011837036,0.11812950176641693,0.30364826073223333,0.0,0.0,0.0,0.1,0.0,0.1,0.0,0.08,0.0,0.2512745455353963,0.2512745455353963
414,0.9829419916568208,0.48064770631319975,0.8638923432786157,0.4947986822478968,0.24908806407921,0.4841964721462646,0.6945812807881774,0.3584010545201204,0.3785788353339042,0.09852216748768473,0.40285714285714286,0.3604345305474038,0.38057126286842724,0.08571428571428572,0.0049261083743842365,0.002857142857142857,0.42,16.414285714285715,0.0049261083743842365,0.0,0.038991284674693594,0.08501874944638763,3.3891625615763545,0.006181545846672099,0.012286982645817623,0.15370892750800325,0.07881773399014778,0,0.07781326702134289,0.2766590698054432,0.11862405458823146,0.2994502784449508,0.0,0.0,0.0,0.1,0.0,0.1,0.0,0.08,0.0049261083743842365,0.2512363091693344,0.2512363091693344
415,0.981462152952957,0.4799897076220876,0.8630340368303747,0.49499388109541526,0.24908806407921,0.4841232418093212,0.6354679802955665,0.35820401018514497,0.3785788353339042,0.09852216748768473,0.36857142857142855,0.36032024483311814,0.38057126286842724,0.08571428571428572,0.0049261083743842365,0.002857142857142857,0.42,16.402857142857144,0.0049261083743842365,0.0,0.03902261231463093,0.08499917743746707,3.3891625615763545,0.005996099471271936,0.011920579103801288,0.15359765968276315,0.07881773399014778,0,0.07785277211480762,0.275275774456416,0.11910871635360969,0.30953747815014443,0.0,0.0,0.0,0.1,0.0,0.1,0.0,0.08,0.0049261083743842365,0.25119921989425437,0.25119921989425437
416,0.9834894085051912,0.4787378047946464,0.8642098450506706,0.4944667723847399,0.24908806407921,0.48412882035873966,0.6699507389162561,0.35820401018514497,0.3785788353339042,0.09852216748768473,0.38857142857142857,0.36032024483311814,0.38057126286842724,0.08571428571428572,0.0,0.0,0.42,16.394285714285715,0.0,0.0,0.039053036171862475,0.08498019258881416,3.3891625615763545,0.005816216487133778,0.011565037802213185,0.15348972989228027,0.07881773399014778,0,0.07746350825423358,0.2738993955841339,0.1167265420265375,0.30334672858714157,0.0,0.0,0.0,0.1,0.0,0.1,0.0,0.08,0.0,0.25116324329742673,0.25116324329742673
417,0.9801333327861567,0.4807305280219372,0.8622633211336305,0.4951615935516536,0.24908806407921,0.48416293038850483,0.6403940886699507,0.35800696585016967,0.37843105208267264,0.09852216748768473,0.37142857142857144,0.3602059591188324,0.38048554858271294,0.08571428571428572,0.0049261083743842365,0.002857142857142857,0.42,16.37142857142857,0.0,0.0,0.039082581255468846,0.08496177728562085,3.3891625615763545,0.005641729992519764,0.011220040504929751,0.15338503799551184,0.07881773399014778,0,0.07750476214153385,0.27252989860621324,0.11724915404314958,0.3086868536772501,0.0,0.0,0.0,0.1,0.0,0.1,0.0,0.08,0.0049261083743842365,0.251128345998504,0.251128345998504
418,0.9804748858682492,0.48055049251422827,0.8624614219212442,0.49580323321307074,0.24908806407921,0.4844366246149773,0.7093596059113301,0.35800696585016967,0.37843105208267264,0.09852216748768473,0.4114285714285714,0.3602059591188324,0.38048554858271294,0.08571428571428572,0.0,0.0,0.42,16.422857142857143,0.0,0.0,0.039111271946361305,0.08494391444152335,3.3891625615763545,0.005472478092744171,0.010885278075740024,0.1532834868556465,0.07881773399014778,0,0.07711723833082618,0.2711672491131822,0.1149041709622866,0.3025131166037051,0.0,0.0,0.0,0.1,0.0,0.1,0.0,0.08,0.0,0.25109449561854885,0.25109449561854885
419,0.9802105023306493,0.4797709837150528,0.8623080794694361,0.4955897225241987,0.24908806407921,0.4845339546397766,0.6059113300492611,0.35800696585016967,0.37843105208267264,0.09852216748768473,0.3514285714285714,0.3602059591188324,0.38048554858271294,0.08571428571428572,0.0,0.0,0.42,16.44857142857143,0.0,0.0,0.03913913200910885,0.08492658748274873,3.3891625615763545,0.0053083037499618456,0.01056045023144403,0.1531849822499771,0.07881773399014778,0,0.07673165213917203,0.26981141286761623,0.11260608754304087,0.296462854271631,0.0,0.0,0.0,0.1,0.0,0.1,0.0,0.08,0.0,0.25106166074999237,0.25106166074999237
420,0.9789972143502295,0.4797115826435145,0.8616043724407928,0.49581580200440867,0.24908806407921,0.48466402999956415,0.6551724137931034,0.35800696585016967,0.37843105208267264,0.09852216748768473,0.38,0.3602059591188324,0.38048554858271294,0.08571428571428572,0.0,0.0,0.42,16.445714285714285,0.0,0.0,0.039166184603807545,0.0849097803327374,3.3891625615763545,0.00514905463746299,0.01024526530084413,0.15308943278247777,0.07881773399014778,0,0.07634799387847617,0.2684623558032782,0.11035396579218004,0.29053359718619837,0.0,0.0,0.0,0.1,0.0,0.1,0.0,0.08,0.0,0.2510298109274926,0.2510298109274926
421,0.9781077877624619,0.48041944336971654,0.8610885050198875,0.49593168759917633,0.24908806407921,0.48478926842982145,0.6354679802955665,0.35800696585016967,0.37843105208267264,0.09852216748768473,0.36857142857142855,0.3602059591188324,0.38048554858271294,0.08571428571428572,0.0,0.0,0.42,16.465714285714284,0.0049261083743842365,0.0,0.039192452297969464,0.08489347739722641,3.3891625615763545,0.0049945829983391,0.009939439989540277,0.15299674979900346,0.07881773399014778,0,0.0759662539090838,0.26712004402426176,0.10814688647633643,0.2847229252424744,0.0,0.0,0.0,0.1,0.0,0.1,0.0,0.08,0.0,0.25099891659966783,0.25099891659966783
422,0.9779429544276775,0.47998828396393844,0.8609929016857125,0.49553668244401317,0.24908806407921,0.4849344505106934,0.6354679802955665,0.35800696585016967,0.37843105208267264,0.09852216748768473,0.36857142857142855,0.3602059591188324,0.38048554858271294,0.08571428571428572,0.0,0.0,0.42,16.474285714285713,0.0049261083743842365,0.0,0.03921795707840962,0.08487766354978075,3.3891625615763545,0.004844745508388927,0.00964269915043725,0.15290684730503334,0.07881773399014778,0,0.07558642263953838,0.26578444380414046,0.1059839487468097,0.2790284667376249,0.0,0.0,0.0,0.1,0.0,0.1,0.0,0.08,0.0,0.2509689491016778,0.2509689491016778
423,0.9776136131663278,0.47944877752142384,0.8608018837541296,0.49532595825709563,0.24908806407921,0.4851457375939479,0.5812807881773399,0.35800696585016967,0.37843105208267264,0.09852216748768473,0.33714285714285713,0.3602059591188324,0.38048554858271294,0.08571428571428572,0.0,0.0,0.42,16.49142857142857,0.0049261083743842365,0.0,0.0392427203631113,0.0848623241177584,3.3891625615763545,0.0046994031431372586,0.009354775559869521,0.15281964188588235,0.07881773399014778,0,0.07520849052634068,0.2644555215851198,0.1038642697718735,0.2734478974028724,0.0,0.0,0.0,0.1,0.0,0.1,0.0,0.08,0.0,0.25093988062862743,0.25093988062862743
424,0.9790351425830931,0.4787586900183746,0.8616263708158536,0.4942864151749936,0.24908806407921,0.48534214251336466,0.6748768472906403,0.35780992151519425,0.3782832688314411,0.09852216748768473,0.3914285714285714,0.3600916734045467,0.38039983429699864,0.08571428571428572,0.0049261083743842365,0.002857142857142857,0.42,16.474285714285713,0.0,0.0,0.039266763013051674,0.08484744486869679,3.3891625615763545,0.0045584210488431405,0.00907540969924825,0.15273505262930587,0.07881773399014778,0,0.07526101950228041,0.2654298244351224,0.1046441272335789,0.26797893945481494,0.0,0.0,0.0,0.1,0.0,0.1,0.0,0.08,0.0049261083743842365,0.2509116842097686,0.2509116842097686
425,0.9787935958127512,0.48064223436643405,0.8614862736890552,0.4947986180342236,0.24908806407921,0.4855508073161847,0.6600985221674877,0.35761287718021895,0.3781354855802096,0.09852216748768473,0.38285714285714284,0.359977387690261,0.38031412001128434,0.08571428571428572,0.0049261083743842365,0.002857142857142857,0.42,16.505714285714287,0.0,0.0,0.0392901053439715,0.084833011997107,3.3891625615763545,0.004421668417377846,0.008804349542133605,0.1526530010504267,0.07881773399014778,0,0.07531328583334043,0.26410267531294684,0.10540838754605017,0.2626193606657186,0.0,0.0,0.0,0.1,0.0,0.1,0.0,0.08,0.0049261083743842365,0.25088433368347557,0.25088433368347557
426,0.9793786618375836,0.48222648355234066,0.861825611983458,0.49593087841578887,0.24908806407921,0.4857475420451515,0.6551724137931034,0.3574158328452436,0.37798770232897805,0.09852216748768473,0.38,0.35986310197597526,0.3802284057255701,0.08571428571428572,0.0049261083743842365,0.002857142857142857,0.42,16.537142857142857,0.0,0.0,0.039312767138073426,0.08481901211166488,3.3891625615763545,0.004289018364856511,0.008541350346634835,0.1525734110189139,0.07881773399014778,0,0.07536529083274517,0.2627821619363821,0.10615736265227202,0.2602135641819418,0.0,0.0,0.0,0.1,0.0,0.1,0.0,0.08,0.0049261083743842365,0.2508578036729713,0.2508578036729713
427,0.9824765963127996,0.48229929058475113,0.8636224139790832,0.49625121030814157,0.24908806407921,0.4858918234839922,0.6748768472906403,0.3572187885102681,0.3778399190777465,0.09852216748768473,0.3914285714285714,0.3597488162616896,0.3801426914398558,0.08571428571428572,0.0049261083743842365,0.002857142857142857,0.42,16.49142857142857,0.0,0.0,0.03933476765563594,0.08480543222278607,3.3891625615763545,0.0041603478139108155,0.008286174453038697,0.15249620868834649,0.07881773399014778,0,0.07541703580715287,0.2614682511267002,0.10689135825636945,0.2684094188365093,0.0,0.0,0.0,0.1,0.0,0.1,0.0,0.08,0.0049261083743842365,0.25083206956278215,0.25083206956278215
428,0.9805093018792108,0.48284917234053215,0.8624813832076019,0.4968535308176824,0.24908806407921,0.485974865923587,0.6551724137931034,0.3570217441752928,0.377692135826515,0.09852216748768473,0.38,0.35963453054740385,0.3800569771541415,0.08571428571428572,0.0049261083743842365,0.002857142857142857,0.42,16.494285714285713,0.0,0.0,0.03935612564652984,0.0847922597305736,3.3891625615763545,0.004035537379493491,0.008038591086568347,0.1524213224276961,0.07881773399014778,0,0.07546852205668854,0.2614682511267002,0.10761067394838492,0.2745545494157308,0.0,0.0,0.0,0.1,0.0,0.1,0.0,0.08,0.0049261083743842365,0.2508071074758987,0.2508071074758987
429,0.979744993421918,0.4815035316616049,0.8620380843023722,0.495950088918483,0.24908806407921,0.48609111196628807,0.6403940886699507,0.3570217441752928,0.377692135826515,0.09852216748768473,0.37142857142857144,0.35963453054740385,0.3800569771541415,0.08571428571428572,0.0,0.0,0.42,16.44,0.0,0.0,0.03937685936162647,0.08477948241312751,3.3891625615763545,0.003914471258108686,0.007798376165171983,0.1523486827548652,0.07881773399014778,0,0.0750911794464051,0.26016090987106666,0.10545846046941722,0.2690634584274162,0.0,0.0,0.0,0.1,0.0,0.1,0.0,0.08,0.0,0.25078289425162176,0.25078289425162176
430,0.9786005511364249,0.4819682368481885,0.8613743077767861,0.49639678449951313,0.24908806407921,0.4861934164820863,0.7142857142857143,0.3570217441752928,0.377692135826515,0.09852216748768473,0.4142857142857143,0.35963453054740385,0.3800569771541415,0.08571428571428572,0.0,0.0,0.42,16.442857142857143,0.0,0.0,0.03939698656408756,0.08476708841520478,3.3891625615763545,0.0037970371203654256,0.007565312112242317,0.15227822227221924,0.07881773399014778,0,0.07471572354917305,0.25886010532171133,0.10334929126002887,0.2636821892588679,0.0,0.0,0.0,0.1,0.0,0.1,0.0,0.08,0.0,0.2507594074240731,0.2507594074240731
431,0.978873561883015,0.48341586442463463,0.8615326540098084,0.4966667250383579,0.24908806407921,0.486342159533052,0.6157635467980296,0.3570217441752928,0.377692135826515,0.09852216748768473,0.35714285714285715,0.35963453054740385,0.3800569771541415,0.08571428571428572,0.0,0.0,0.42,16.47714285714286,0.0,0.0,0.039416524540527395,0.08475506623721975,3.3891625615763545,0.0036831260067544625,0.007339187674166858,0.15220987560405266,0.07881773399014778,0,0.0743421449314272,0.25756580479510277,0.10128230543482829,0.25840854547369047,0.0,0.0,0.0,0.1,0.0,0.1,0.0,0.08,0.0,0.25073662520135087,0.25073662520135087
432,0.9789346656576731,0.48380677584745485,0.86156809419911,0.49711564780236794,0.24908806407921,0.48651720215875527,0.6305418719211823,0.35682469984031745,0.3775443525752835,0.09852216748768473,0.3657142857142857,0.3595202448331182,0.3799712628684272,0.08571428571428572,0.0049261083743842365,0.002857142857142857,0.42,16.417142857142856,0.0,0.0,0.039435490112039506,0.08474340472457428,3.3891625615763545,0.0035726322265518286,0.007119797742611067,0.1521435793359311,0.07881773399014778,0,0.07439900563534148,0.25627797577112726,0.1021138021832746,0.2697949330886271,0.0,0.0,0.0,0.1,0.0,0.1,0.0,0.08,0.0049261083743842365,0.2507145264453104,0.2507145264453104
433,0.9779214705804975,0.48299689129102297,0.8609804410543482,0.4965633172205668,0.24908806407921,0.48652667896151075,0.6403940886699507,0.35662765550534214,0.37739656932405197,0.09852216748768473,0.37142857142857144,0.35940595911883244,0.3798855485827129,0.08571428571428572,0.0049261083743842365,0.002857142857142857,0.42,16.4,0.0,0.0,0.03945389964508051,0.08473209305730814,3.3891625615763545,0.0034654532597552736,0.006906943181432812,0.15207927195585316,0.07881773399014778,0,0.07445558203573621,0.25499658589227164,0.10292866899675196,0.2704965303090758,0.0,0.0,0.0,0.1,0.0,0.1,0.0,0.08,0.0049261083743842365,0.25069309065195106,0.25069309065195106
434,0.9787610791945477,0.4822935253277931,0.8614674140504972,0.49611294626595515,0.24908806407921,0.48656865231581564,0.6600985221674877,0.35662765550534214,0.37739656932405197,0.09852216748768473,0.38285714285714284,0.35940595911883244,0.3798855485827129,0.08571428571428572,0.0,0.0,0.42,16.32,0.0,0.0,0.03947176906220458,0.08472112074006,3.3891625615763545,0.0033614896619626154,0.006700430658132306,0.15201689379717756,0.07881773399014778,0,0.07408330412555754,0.25372160296281027,0.10087009561681688,0.2650865997028943,0.0,0.0,0.0,0.1,0.0,0.1,0.0,0.08,0.0,0.25067229793239254,0.25067229793239254
435,0.979190158743191,0.4821575848213279,0.8617162801887105,0.49537559077579585,0.24908806407921,0.48673050226873765,0.6896551724137931,0.35662765550534214,0.37739656932405197,0.09852216748768473,0.4,0.35940595911883244,0.3798855485827129,0.08571428571428572,0.0,0.0,0.42,16.334285714285713,0.0,0.0,0.03948911385264346,0.08471047759232934,3.3891625615763545,0.003260644972103737,0.006500072479738717,0.15195638698326225,0.07881773399014778,0,0.07371288760492975,0.2524529949479962,0.09885269370448055,0.2597848677088364,0.0,0.0,0.0,0.1,0.0,0.1,0.0,0.08,0.0,0.25065212899442074,0.25065212899442074
436,0.9791359646985669,0.48279834128853255,0.8616848476428283,0.4958786842304192,0.24908806407921,0.4867246655443373,0.6502463054187192,0.35662765550534214,0.37739656932405197,0.09852216748768473,0.37714285714285717,0.35940595911883244,0.3798855485827129,0.08571428571428572,0.0,0.0,0.42,16.337142857142858,0.0,0.0,0.039505949082726526,0.0847001537390306,3.3891625615763545,0.0031628256229406246,0.006305686433034863,0.15189769537376438,0.07881773399014778,0,0.07334432316690509,0.25119072997325625,0.09687563983039096,0.25458917035465967,0.0,0.0,0.0,0.1,0.0,0.1,0.0,0.08,0.0,0.25063256512458815,0.25063256512458815
437,0.9783947722886799,0.4825653068374321,0.861254956045094,0.49567443017039975,0.24908806407921,0.4866072779843311,0.729064039408867,0.3564306111703667,0.3772487860728205,0.09852216748768473,0.4228571428571429,0.35929167340454676,0.37979983429699865,0.08571428571428572,0.0049261083743842365,0.002857142857142857,0.42,16.297142857142855,0.0,0.0,0.03952228940613727,0.08469013960133079,3.3891625615763545,0.0030679408542524057,0.0061170956290268474,0.15184076451255143,0.07881773399014778,0,0.073406172979642,0.25119072997325625,0.09779526989092598,0.263791862583375,0.0,0.0,0.0,0.1,0.0,0.1,0.0,0.08,0.0049261083743842365,0.2506135881708505,0.2506135881708505
438,0.9798340376146187,0.48157897674286465,0.8620897299341385,0.49535714750096377,0.24908806407921,0.4864724642811563,0.7142857142857143,0.3564306111703667,0.3772487860728205,0.09852216748768473,0.4142857142857143,0.35929167340454676,0.37979983429699865,0.08571428571428572,0.0,0.0,0.42,16.274285714285714,0.0,0.0,0.03953814907400231,0.08468042588776199,3.3891625615763545,0.0029759026286248335,0.005934128351560153,0.1517855415771749,0.07881773399014778,0,0.0730391421147438,0.24993477632338995,0.09583936449310747,0.2585160253317075,0.0,0.0,0.0,0.1,0.0,0.1,0.0,0.08,0.0,0.250595180525725,0.250595180525725
439,0.979952515165538,0.48109133021730566,0.8621584469136717,0.4951233645897714,0.24908806407921,0.48631635335299067,0.7438423645320197,0.3564306111703667,0.3772487860728205,0.09852216748768473,0.43142857142857144,0.35929167340454676,0.37979983429699865,0.08571428571428572,0.0,0.0,0.42,16.305714285714284,0.0,0.0,0.039553541944809964,0.08467100358560022,3.3891625615763545,0.0028866255497660884,0.005756617909990158,0.15173197532985966,0.07881773399014778,0,0.07267394640417006,0.248685102441773,0.0939225772032453,0.25334570482507335,0.0,0.0,0.0,0.1,0.0,0.1,0.0,0.08,0.0,0.25057732510995323,0.25057732510995323
440,0.9813783142548118,0.48008770965246367,0.8629854103854505,0.4943045677163999,0.24908806407921,0.48610591546188153,0.7684729064039408,0.3564306111703667,0.3772487860728205,0.09852216748768473,0.44571428571428573,0.35929167340454676,0.37979983429699865,0.08571428571428572,0.0,0.0,0.42,16.208571428571428,0.0,0.0,0.039568481494156184,0.08466186395250332,3.3891625615763545,0.002800026783273106,0.0055844024958126015,0.15168001606996387,0.07881773399014778,0,0.07231057667214921,0.24744167692956415,0.0920441256591804,0.24827879072857187,0.0,0.0,0.0,0.1,0.0,0.1,0.0,0.08,0.0,0.2505600053566546,0.2505600053566546
441,0.9808089466120155,0.4814660436861869,0.8626551771526286,0.49450639953091224,0.24908806407921,0.48564639701579876,0.7783251231527094,0.3564306111703667,0.3772487860728205,0.09852216748768473,0.4514285714285714,0.35929167340454676,0.37979983429699865,0.08571428571428572,0.0,0.0,0.42,16.19142857142857,0.0,0.0,0.03958298082431569,0.08465299850839936,3.3891625615763545,0.0027160259797749126,0.00541732504316228,0.15162961558786495,0.07881773399014778,0,0.07194902378878847,0.24620446854491632,0.09020324314599679,0.24331321491400043,0.0,0.0,0.0,0.1,0.0,0.1,0.0,0.08,0.0,0.25054320519595497,0.25054320519595497
442,0.978980274898291,0.48265526436688516,0.8615945475586685,0.4946886629171479,0.24908806407921,0.48545311540604025,0.7487684729064039,0.3562335668353913,0.3771010028215889,0.09852216748768473,0.4342857142857143,0.35917738769026103,0.37971412001128435,0.08571428571428572,0.0049261083743842365,0.002857142857142857,0.42,16.242857142857144,0.0049261083743842365,0.0,0.039597052673636744,0.08464439902761847,3.3891625615763545,0.002634545200381665,0.005255233093089617,0.151580727120229,0.07881773399014778,0,0.07201785009841596,0.24497344620219175,0.09125632114021971,0.2831473037091259,0.0,0.0,0.0,0.1,0.0,0.1,0.0,0.08,0.0049261083743842365,0.25052690904007635,0.25052690904007635
443,0.9790895485015118,0.4835931064767119,0.8616579262485364,0.49554527080115235,0.24908806407921,0.48521246581849464,0.7339901477832512,0.3558394781654407,0.3769532195703574,0.09852216748768473,0.4257142857142857,0.35894881626168956,0.37962840572557005,0.08571428571428572,0.009852216748768473,0.005714285714285714,0.42,16.26,0.0049261083743842365,0.0,0.03961070942575887,0.08463605753126104,3.3891625615763545,0.002555508844370215,0.005097978661524283,0.15153330530662212,0.07881773399014778,0,0.07251490370506673,0.24744167692956415,0.09514548043170103,0.3004015301863521,0.0,0.0,0.0,0.1,0.0,0.1,0.0,0.08,0.009852216748768473,0.25051110176887403,0.25051110176887403
444,0.97803565345141,0.4837895769201252,0.8610466671194774,0.49524461785446827,0.24908806407921,0.4852906955613495,0.7586206896551724,0.3558394781654407,0.3769532195703574,0.09852216748768473,0.44,0.35894881626168956,0.37962840572557005,0.08571428571428572,0.0,0.0,0.42,16.271428571428572,0.0049261083743842365,0.0,0.03962396311865232,0.08462796627979433,3.3891625615763545,0.0024788435790391084,0.004945418110839261,0.15148730614742345,0.07881773399014778,0,0.0721523291865414,0.24620446854491632,0.09324257082306701,0.294393499582625,0.0,0.0,0.0,0.1,0.0,0.1,0.0,0.08,0.0,0.2504957687158078,0.2504957687158078
445,0.9790460699353043,0.4824871482428337,0.861632708680136,0.4945860617118096,0.24908806407921,0.485289655164667,0.7389162561576355,0.3558394781654407,0.3769532195703574,0.09852216748768473,0.42857142857142855,0.35894881626168956,0.37962840572557005,0.08571428571428572,0.0,0.0,0.42,16.3,0.0049261083743842365,0.0,0.03963682545347951,0.08462011776587161,3.3891625615763545,0.002404478271667935,0.004797412024927561,0.15144268696300076,0.07881773399014778,0,0.07179156754060868,0.24497344620219175,0.09137771940660566,0.2885056295909725,0.0,0.0,0.0,0.1,0.0,0.1,0.0,0.08,0.0,0.25048089565433357,0.25048089565433357
446,0.9806832311939486,0.48238726132722193,0.8625822622101497,0.4942325569217826,0.24908806407921,0.48534059412411623,0.7586206896551724,0.3556424338304653,0.37680543631912583,0.09852216748768473,0.44,0.3588345305474039,0.37954269143985575,0.08571428571428572,0.0049261083743842365,0.002857142857142857,0.42,16.305714285714284,0.0049261083743842365,0.0,0.03964930780327802,0.08461250470736657,3.3891625615763545,0.002332343923517897,0.004653825087704844,0.15139940635411073,0.07881773399014778,0,0.07186118113147706,0.24374857897118077,0.0924073078756164,0.2873721803717103,0.0,0.0,0.0,0.1,0.0,0.1,0.0,0.08,0.0049261083743842365,0.2504664687847036,0.2504664687847036
447,0.9803178464982406,0.48223651704796816,0.8623703390866391,0.49464633040462996,0.24908806407921,0.48542075737436574,0.7733990147783252,0.3556424338304653,0.37680543631912583,0.09852216748768473,0.44857142857142857,0.3588345305474039,0.37954269143985575,0.08571428571428572,0.0,0.0,0.42,16.28,0.0049261083743842365,0.0,0.03966142122146561,0.08460512004061668,3.3891625615763545,0.0022623736058123597,0.00451452596495705,0.1513574241634874,0.07881773399014778,0,0.07150187522581969,0.24252983607632486,0.09055916171810409,0.28162473676427613,0.0,0.0,0.0,0.1,0.0,0.1,0.0,0.08,0.0,0.2504524747211625,0.2504524747211625
448,0.9835392453973,0.48191881325020847,0.8642387504480937,0.49444848918662493,0.24908806407921,0.48544369932264914,0.7733990147783252,0.3556424338304653,0.37680543631912583,0.09852216748768473,0.44857142857142857,0.3588345305474039,0.37954269143985575,0.08571428571428572,0.0,0.0,0.42,16.277142857142856,0.0049261083743842365,0.0,0.03967317645016804,0.0845979569138693,3.3891625615763545,0.002194502397637989,0.0043793871894469705,0.15131670143858278,0.07881773399014778,0,0.07114436584969058,0.24131718689594325,0.088747978483742,0.2759922420289906,0.0,0.0,0.0,0.1,0.0,0.1,0.0,0.08,0.0,0.2504389004795276,0.2504389004795276
449,0.9822924045187906,0.48075551748474515,0.8635155827385581,0.4938011345356963,0.24908806407921,0.48539246881859727,0.7438423645320197,0.3556424338304653,0.37680543631912583,0.09852216748768473,0.43142857142857144,0.3588345305474039,0.37954269143985575,0.08571428571428572,0.0,0.0,0.42,16.28857142857143,0.0,0.0,0.039684583928370105,0.08459100868092431,3.3891625615763545,0.002128667325708849,0.004248285049200606,0.1512772003954253,0.07881773399014778,0,0.07078864402044213,0.24011060096146353,0.08697301891406715,0.27047239718841076,0.0,0.0,0.0,0.1,0.0,0.1,0.0,0.08,0.0,0.25042573346514174,0.25042573346514174
