t,mean_x,mean_y,mean_x_all,mean_y_all,mean_L,y0,mean_epc,mean_r,mean_b,fund_prevalence,mean_epc_all,mean_r_all,mean_b_all,fund_prevalence_all,punish_rate,mean_punished,exit_rate,mean_exit_intent,exit_attempt_rate,exit_success_rate,p_opp_mean,stay_value,mean_degree_active,threat,A,budget,enforcer_frac,n_cadre_fallback,cap_mean,cap_p90,service_mean,service_p90,monopoly_on,enforcer_punish_share_step,alpha_punish_revalue,delta_outside_degrade,mu_membership_reward,current_delta,eta_delta_drift,punish_floor,punish_intensity_step,pi_reward,lam_punish
0,0.34847311523860086,0.49301421842003823,0.34847311523860086,0.49301421842003823,0.2520355925627262,0.5,0.0,0.3441688918034857,0.3187338791128542,0.017142857142857144,0.0,0.3441688918034857,0.3187338791128542,0.017142857142857144,0.0,0.0,0.0,0.0,0.0,0.0,0.5,0.0,11.794285714285714,0.0,0.0,0.0,0.0,0,0.0,0.0,0.0,0.0,0.0,0.0,0.0,0.0,0.0,0.0,0.0,0.08,0.0,0.05,0.25
1,0.35948716831731886,0.49451806203519666,0.35948716831731886,0.49451806203519666,0.2520355925627262,0.4976915854112484,0.5942857142857143,0.3443974632320571,0.3189053076842829,0.017142857142857144,0.5942857142857143,0.3443974632320571,0.3189053076842829,0.017142857142857144,0.017142857142857144,0.017142857142857144,0.0,0.03142857142857143,0.0,0.0,0.035850238505622724,0.11836634914903713,11.794285714285714,0.0,0.0,0.15,0.08,28,0.0025714285714285713,0.0,0.017142857142857144,0.0,0.0,0.6666666666666666,0.0,0.0,0.0,0.0,0.0,0.08,0.017142857142857144,0.05,0.25
2,0.3689534126519248,0.49439176904872373,0.3689534126519248,0.49439176904872373,0.2520355925627262,0.4955990575548941,0.7942857142857143,0.3461117489463429,0.3201910219699971,0.017142857142857144,0.7942857142857143,0.3461117489463429,0.3201910219699971,0.017142857142857144,0.05142857142857143,0.05142857142857143,0.0,0.008571428571428572,0.0,0.0,0.035850238505622724,0.11836634914903713,11.794285714285714,0.0,0.0,0.15,0.08,27,0.010272857142857144,0.0,0.06822857142857143,0.0,0.0,0.9444444444444444,0.0,0.0,0.0,0.0,0.0,0.08,0.05142857142857143,0.05,0.25
3,0.37826875025400586,0.49435349485957397,0.37826875025400586,0.49435349485957397,0.2520355925627262,0.49353554082326556,0.8914285714285715,0.3467403203749143,0.32066245054142567,0.017142857142857144,0.8914285714285715,0.3467403203749143,0.32066245054142567,0.017142857142857144,0.022857142857142857,0.022857142857142857,0.0,0.02857142857142857,0.0,0.0,0.035850238505622724,0.11836634914903713,11.794285714285714,0.0,0.0,0.15,0.08,21,0.013650064285714286,0.0,0.08972114285714286,0.0,0.0,0.875,0.0,0.0,0.0,0.0,0.0,0.08,0.022857142857142857,0.05,0.25
4,0.38714356371036973,0.49443953085313297,0.38714356371036973,0.49443953085313297,0.2520355925627262,0.4917077162418032,0.9,0.3475403203749143,0.32126245054142566,0.017142857142857144,0.9,0.3475403203749143,0.32126245054142566,0.017142857142857144,0.02,0.02,0.0,0.037142857142857144,0.0,0.0,0.035850238505622724,0.11836634914903713,11.794285714285714,0.0,0.0,0.15,0.08,17,0.01658181396428571,0.0,0.10792671999999998,0.0,0.0,1.0,0.0,0.0,0.0,0.0,0.0,0.08,0.02,0.05,0.25
5,0.3949456400506981,0.4935272608466515,0.3949456400506981,0.4935272608466515,0.2520355925627262,0.4897234894687681,0.9,0.34799746323205716,0.32160530768428286,0.017142857142857144,0.9,0.34799746323205716,0.32160530768428286,0.017142857142857144,0.017142857142857144,0.017142857142857144,0.0,0.03428571428571429,0.0,0.0,0.035850238505622724,0.11836634914903713,11.794285714285714,0.0,0.0,0.15,0.08,16,0.019070333465892854,0.0,0.12291104274285715,0.0,0.0,0.8333333333333334,0.0,0.0,0.0,0.0,0.0,0.08,0.017142857142857144,0.05,0.25
6,0.404177825646919,0.49318341290351736,0.404177825646919,0.49318341290351736,0.2520355925627262,0.4877149791996737,0.9028571428571428,0.3492546060892,0.32254816482713994,0.02,0.9028571428571428,0.3492546060892,0.32254816482713994,0.02,0.03428571428571429,0.03428571428571429,0.0,0.022857142857142857,0.0,0.0,0.035850238505622724,0.11836634914903713,11.794285714285714,0.0,0.0,0.15,0.08,15,0.024117838941420534,0.0,0.15473853617371428,0.0,0.0,1.0,0.0,0.0,0.0,0.0,0.0,0.08,0.03428571428571429,0.05,0.25
7,0.4139206941569222,0.493030435463594,0.4139206941569222,0.493030435463594,0.2520355925627262,0.48469108214018203,0.9,0.350419124138443,0.32349102196999713,0.025714285714285714,0.9,0.350419124138443,0.32349102196999713,0.025714285714285714,0.03142857142857143,0.03428571428571429,0.0,0.017142857142857144,0.0,0.0,0.035850238505622724,0.11836634914903713,11.794285714285714,0.0,0.0,0.15,0.08,13,0.029140106889570572,0.0,0.1859294797359543,0.0,0.0,1.0,0.0,0.0,0.0,0.0,0.0,0.08,0.03142857142857143,0.05,0.25
8,0.42334210332980904,0.49301472607695934,0.42334210332980904,0.49301472607695934,0.2520355925627262,0.4832626548564741,0.8828571428571429,0.35159644377687993,0.32439102196999714,0.025714285714285714,0.8828571428571429,0.35159644377687993,0.32439102196999714,0.025714285714285714,0.03428571428571429,0.03428571428571429,0.0,0.04,0.0,0.0,0.035850238505622724,0.11836634914903713,11.794285714285714,0.0,0.0,0.15,0.08,12,0.03413726349797986,0.0,0.21649660442694946,0.0,0.0,1.0,0.0,0.0,0.0,0.0,0.0,0.08,0.03428571428571429,0.05,0.25
9,0.43307579444661354,0.49274262956030074,0.43307579444661354,0.49274262956030074,0.2520355925627262,0.48181176564802847,0.8885714285714286,0.35273930091973704,0.3253338791128543,0.03428571428571429,0.8885714285714286,0.35273930091973704,0.3253338791128543,0.03428571428571429,0.037142857142857144,0.037142857142857144,0.0,0.03428571428571429,0.0,0.0,0.035850238505622724,0.11836634914903713,11.794285714285714,0.0,0.0,0.15,0.08,8,0.03953800575191853,0.0,0.24930952948126764,0.0,0.0,0.9230769230769231,0.0,0.0,0.0,0.0,0.0,0.08,0.037142857142857144,0.05,0.25
10,0.4432083439147179,0.491938279204937,0.4432083439147179,0.491938279204937,0.2520355925627262,0.4822939533466041,0.8942857142857142,0.35390468425528626,0.3263195933985686,0.03428571428571429,0.8942857142857142,0.35390468425528626,0.3263195933985686,0.03428571428571429,0.03428571428571429,0.03428571428571429,0.0,0.03142857142857143,0.0,0.0,0.035850238505622724,0.11836634914903713,11.794285714285714,0.0,0.0,0.15,0.08,6,0.04448317286601609,0.0,0.27860905317735657,0.0,0.0,1.0,0.0,0.0,0.0,0.0,0.0,0.08,0.03428571428571429,0.05,0.25
11,0.45291400757457795,0.4916812764849027,0.45291400757457795,0.4916812764849027,0.2520355925627262,0.48269298238891445,0.9285714285714286,0.355218969969572,0.32750087702389724,0.03428571428571429,0.9285714285714286,0.355218969969572,0.32750087702389724,0.03428571428571429,0.04857142857142857,0.054285714285714284,0.0,0.03142857142857143,0.0,0.0,0.035850238505622724,0.11836634914903713,11.794285714285714,0.0,0.0,0.15,0.08,5,0.05240361414454315,0.0,0.3273225863995237,0.0,0.0,0.9473684210526315,0.0,0.0,0.0,0.0,0.0,0.08,0.04857142857142857,0.05,0.25
12,0.4607033862578258,0.4909077362474591,0.4607033862578258,0.4909077362474591,0.2520355925627262,0.4830711104879705,0.8885714285714286,0.3557903985410006,0.3281865913096115,0.03428571428571429,0.8885714285714286,0.3557903985410006,0.3281865913096115,0.03428571428571429,0.03142857142857143,0.03142857142857143,0.0,0.04,0.0,0.0,0.035850238505622724,0.11836634914903713,11.794285714285714,0.0,0.0,0.15,0.08,5,0.05685588178810614,0.0,0.3522047061001047,0.0,0.0,0.9090909090909091,0.0,0.0,0.0,0.0,0.0,0.08,0.03142857142857143,0.05,0.25
13,0.4715309368103317,0.49047112462656417,0.4715309368103317,0.49047112462656417,0.2520355925627262,0.4834183957809181,0.9057142857142857,0.3579049874891265,0.3301151627381829,0.04285714285714286,0.9057142857142857,0.3579049874891265,0.3301151627381829,0.04285714285714286,0.08571428571428572,0.08571428571428572,0.0,0.03428571428571429,0.0,0.0,0.035850238505622724,0.11836634914903713,11.794285714285714,0.0,0.0,0.15,0.08,5,0.06925067560374533,0.0,0.43087489769238824,0.0,0.0,0.9666666666666667,0.0,0.0,0.0,0.0,0.0,0.08,0.08571428571428572,0.05,0.25
14,0.4808672511230384,0.4897465657322113,0.4808672511230384,0.4897465657322113,0.2520355925627262,0.4841077445248392,0.8942857142857142,0.3589335589176979,0.33157230559532574,0.04285714285714286,0.8942857142857142,0.3589335589176979,0.33157230559532574,0.04285714285714286,0.06,0.06571428571428571,0.0,0.06571428571428571,0.0,0.0,0.035850238505622724,0.11836634914903713,11.794285714285714,0.0,0.0,0.15,0.08,5,0.07714903427339279,0.0,0.4879716854528262,0.0,0.0,0.9565217391304348,0.0,0.0,0.0,0.0,0.0,0.08,0.06,0.05,0.25
15,0.49016094646962316,0.48925249946293936,0.49016094646962316,0.48925249946293936,0.2520355925627262,0.48484168277741013,0.9285714285714286,0.35972218599649214,0.33268659130961153,0.04857142857142857,0.9285714285714286,0.35972218599649214,0.33268659130961153,0.04857142857142857,0.045714285714285714,0.045714285714285714,0.0,0.06857142857142857,0.0,0.0,0.035850238505622724,0.11836634914903713,11.794285714285714,0.0,0.0,0.15,0.08,4,0.08015515505510369,0.0,0.5239265374580554,0.0,0.0,1.0,0.0,0.0,0.0,0.0,0.0,0.08,0.045714285714285714,0.05,0.25
16,0.5000100265112108,0.48864667230401404,0.5000100265112108,0.48864667230401404,0.2520355925627262,0.4850943536675266,0.9257142857142857,0.3601149253967796,0.33341516273818295,0.04857142857142857,0.9257142857142857,0.3601149253967796,0.33341516273818295,0.04857142857142857,0.02857142857142857,0.03142857142857143,0.0,0.06285714285714286,0.0,0.0,0.035850238505622724,0.11836634914903713,11.794285714285714,0.0,0.0,0.15,0.08,4,0.08176520926652278,0.0,0.5448765781374657,0.0,0.0,1.0,0.0,0.0,0.0,0.0,0.0,0.08,0.02857142857142857,0.05,0.25
17,0.5094165919973099,0.488910886892863,0.5094165919973099,0.488910886892863,0.2520355925627262,0.48535955727541547,0.9314285714285714,0.36045778253963673,0.33466845793341005,0.04857142857142857,0.9314285714285714,0.36045778253963673,0.33466845793341005,0.04857142857142857,0.05142857142857143,0.05142857142857143,0.0,0.08285714285714285,0.0,0.0,0.035850238505622724,0.11836634914903713,11.794285714285714,0.0,0.0,0.15,0.08,3,0.08455609750590444,0.0,0.5854076180032878,0.0,0.0,0.9444444444444444,0.0,0.0,0.0,0.0,0.0,0.08,0.05142857142857143,0.05,0.25
18,0.5171389275323117,0.4880350413921837,0.5171389275323117,0.4880350413921837,0.2520355925627262,0.48569015600015686,0.8828571428571429,0.36096519531919796,0.33551593925211487,0.04857142857142857,0.8828571428571429,0.36096519531919796,0.33551593925211487,0.04857142857142857,0.037142857142857144,0.04,0.0,0.07428571428571429,0.0,0.0,0.035850238505622724,0.11836634914903713,11.794285714285714,0.0,0.0,0.15,0.08,3,0.08747824085332287,0.0,0.6136994656432221,0.0,0.0,0.9285714285714286,0.0,0.0,0.0,0.0,0.0,0.08,0.037142857142857144,0.05,0.25
19,0.5267518126424542,0.48879438410937137,0.5267518126424542,0.48879438410937137,0.2520355925627262,0.48588077742144264,0.8914285714285715,0.36182233817634085,0.33642842133560324,0.04857142857142857,0.8914285714285715,0.36182233817634085,0.33642842133560324,0.04857142857142857,0.04,0.04,0.0,0.1,0.0,0.0,0.035850238505622724,0.11836634914903713,11.794285714285714,0.0,0.0,0.15,0.08,3,0.09058356393477054,0.0,0.6414254763303575,0.0,0.0,1.0,0.0,0.0,0.0,0.0,0.0,0.08,0.04,0.05,0.25
20,0.5365358081042411,0.48926388887956973,0.5365358081042411,0.48926388887956973,0.2520355925627262,0.48620204821005575,0.8914285714285715,0.3621080524620551,0.3368569927641747,0.04857142857142857,0.8914285714285715,0.3621080524620551,0.3368569927641747,0.04857142857142857,0.045714285714285714,0.045714285714285714,0.0,0.12571428571428572,0.0,0.0,0.035850238505622724,0.11836634914903713,11.794285714285714,0.0,0.0,0.15,0.08,2,0.09212993254366812,0.0,0.6743112525180361,0.0,0.0,0.9375,0.0,0.0,0.0,0.0,0.0,0.08,0.045714285714285714,0.05,0.25
21,0.5459345762155949,0.48919331525904064,0.5459345762155949,0.48919331525904064,0.2520355925627262,0.48658449498980233,0.9085714285714286,0.3629080524620551,0.33820968876884205,0.05142857142857143,0.9085714285714286,0.3629080524620551,0.33820968876884205,0.05142857142857143,0.05714285714285714,0.06,0.0,0.14857142857142858,0.0,0.0,0.035850238505622724,0.11836634914903713,11.794285714285714,0.0,0.0,0.15,0.08,2,0.09501085787737835,0.0,0.7208250274676754,0.0,0.0,1.0,0.0,0.0,0.0,0.0,0.0,0.08,0.05714285714285714,0.05,0.25
22,0.5537478458227464,0.48886986931407445,0.5537478458227464,0.48886986931407445,0.2520355925627262,0.48709849054469007,0.9285714285714286,0.36393662389062653,0.3393066016316845,0.05142857142857143,0.9285714285714286,0.36393662389062653,0.3393066016316845,0.05142857142857143,0.06571428571428571,0.06857142857142857,0.0,0.16285714285714287,0.0,0.0,0.035850238505622724,0.11836634914903713,11.794285714285714,0.0,0.0,0.15,0.08,2,0.09900553877750976,0.0,0.7749799554897504,0.0,0.0,0.9583333333333334,0.0,0.0,0.0,0.0,0.0,0.08,0.06571428571428571,0.05,0.25
23,0.5618907498381305,0.4886002744749747,0.5618907498381305,0.4886002744749747,0.2520355925627262,0.4877211614559367,0.8942857142857142,0.3642794810334837,0.33990660163168457,0.05142857142857143,0.8942857142857142,0.3642794810334837,0.33990660163168457,0.05142857142857143,0.037142857142857144,0.037142857142857144,0.0,0.14857142857142858,0.0,0.0,0.035850238505622724,0.11836634914903713,11.794285714285714,0.0,0.0,0.15,0.08,1,0.09993041880365464,0.0,0.7966232135228126,0.0,0.0,1.0,0.0,0.0,0.0,0.0,0.0,0.08,0.037142857142857144,0.05,0.25
24,0.5717681764380991,0.48883176224793706,0.5717681764380991,0.48883176224793706,0.2520355925627262,0.48827339043276574,0.9085714285714286,0.3656825867717503,0.3411494587745417,0.05714285714285714,0.9085714285714286,0.3656825867717503,0.3411494587745417,0.05714285714285714,0.07142857142857142,0.07714285714285714,0.0,0.1742857142857143,0.0,0.0,0.035850238505622724,0.11836634914903713,11.794285714285714,0.0,0.0,0.15,0.08,1,0.10405876670963636,0.0,0.8578336063952136,0.0,0.0,1.0,0.0,0.0,0.0,0.0,0.0,0.08,0.07142857142857142,0.05,0.25
25,0.5811714652426735,0.4886544338741555,0.5811714652426735,0.4886544338741555,0.2520355925627262,0.488987413277685,0.9285714285714286,0.3666540153431789,0.3422208873459703,0.05714285714285714,0.9285714285714286,0.3666540153431789,0.3422208873459703,0.05714285714285714,0.05714285714285714,0.06285714285714286,0.0,0.2057142857142857,0.0,0.0,0.035850238505622724,0.11836634914903713,11.794285714285714,0.0,0.0,0.15,0.08,1,0.10765247287608817,0.0,0.903534077124452,0.0,0.0,1.0,0.0,0.0,0.0,0.0,0.0,0.08,0.05714285714285714,0.05,0.25
26,0.5907912631245689,0.488094752313058,0.5907912631245689,0.488094752313058,0.2520355925627262,0.4896547906134916,0.8971428571428571,0.36744150080161725,0.34328269633527386,0.05714285714285714,0.8971428571428571,0.36744150080161725,0.34328269633527386,0.05714285714285714,0.08857142857142856,0.09142857142857143,0.0,0.24571428571428572,0.0,0.0,0.035850238505622724,0.11836634914903713,11.794285714285714,0.0,0.0,0.15,0.08,1,0.11166050663473336,0.13361175844995157,0.9768919670105343,0.6280592131227135,0.0,0.9375,0.0,0.0,0.0,0.0,0.0,0.08,0.08857142857142856,0.05,0.25
27,0.5988769104259021,0.4880755076410566,0.5988769104259021,0.4880755076410566,0.2520355925627262,0.4903572483115008,0.8257142857142857,0.36835578651590295,0.3440407044057102,0.06,0.8257142857142857,0.36835578651590295,0.3440407044057102,0.06,0.06285714285714286,0.06285714285714286,0.0,0.3,0.002857142857142857,0.0,0.035850238505622724,0.11836634914903713,11.794285714285714,0.0,0.0,0.15,0.08,1,0.11484439744491837,0.1329436996577018,1.0202112705274666,0.6154980288602592,0.0,1.0,0.0,0.0,0.0,0.0,0.0,0.08,0.06285714285714286,0.05,0.25
28,0.6083641961866599,0.487711301357391,0.6083641961866599,0.487711301357391,0.2520355925627262,0.49078351493911004,0.8285714285714286,0.3701611263762125,0.34542032177269116,0.06571428571428571,0.8285714285714286,0.3701611263762125,0.34542032177269116,0.06571428571428571,0.08571428571428572,0.09714285714285714,0.0,0.32571428571428573,0.002857142857142857,0.0,0.035850238505622724,0.11836634914903713,11.794285714285714,0.0,0.0,0.15,0.08,1,0.12137323435552348,0.13234820099371136,1.0969499022597744,0.6046356637242393,0.0,0.9705882352941176,0.0,0.0,0.0,0.0,0.0,0.08,0.08571428571428572,0.05,0.25
29,0.617940966224737,0.48713551996936205,0.617940966224737,0.48713551996936205,0.2520355925627262,0.4915935871976944,0.8628571428571429,0.370789697804784,0.34593460748697685,0.06571428571428571,0.8628571428571429,0.370789697804784,0.34593460748697685,0.06571428571428571,0.06857142857142857,0.06857142857142857,0.0,0.37714285714285717,0.002857142857142857,0.0,0.035850238505622724,0.11836634914903713,11.794285714285714,0.0,0.0,0.15,0.08,0,0.12408036818374585,0.1378166900874528,1.1435823327860075,0.710769361621831,0.0,0.9583333333333334,0.0,0.0,0.0,0.0,0.0,0.08,0.06857142857142857,0.05,0.25
30,0.6247131961169458,0.4880295197207877,0.6247131961169458,0.4880295197207877,0.2520355925627262,0.4923145203669337,0.8771428571428571,0.3714085817747561,0.34679175034411974,0.06857142857142857,0.8771428571428571,0.3714085817747561,0.34679175034411974,0.06857142857142857,0.07142857142857142,0.07714285714285714,0.0,0.43714285714285717,0.008571428571428572,0.0,0.035850238505622724,0.11836634914903713,11.794285714285714,0.0,0.0,0.15,0.08,0,0.1261251178990274,0.13712760663701554,1.1978535432731445,0.6965539743893944,0.0,1.0,0.0,0.0,0.0,0.0,0.0,0.08,0.07142857142857142,0.05,0.25
31,0.6338611252777795,0.4880025779541987,0.6338611252777795,0.4880025779541987,0.2520355925627262,0.4930291639184263,0.9057142857142857,0.372265724631899,0.3477603711254263,0.06857142857142857,0.9057142857142857,0.372265724631899,0.3477603711254263,0.06857142857142857,0.08571428571428572,0.09714285714285714,0.0,0.49142857142857144,0.014285714285714285,0.0,0.035850238505622724,0.11836634914903713,11.794285714285714,0.0,0.0,0.15,0.08,0,0.12892945131333464,0.13644196860383045,1.2710393295505384,0.6826228949016064,0.0,1.0,0.0,0.0,0.0,0.0,0.0,0.08,0.08571428571428572,0.05,0.25
32,0.6440637082471783,0.4886642612702253,0.6440637082471783,0.4886642612702253,0.2520355925627262,0.4937211138004637,0.9114285714285715,0.3728371532033276,0.3483603711254262,0.07142857142857142,0.9114285714285715,0.3728371532033276,0.3483603711254262,0.07142857142857142,0.07714285714285714,0.08,0.0,0.5457142857142857,0.014285714285714285,0.0,0.035850238505622724,0.11836634914903713,11.794285714285714,0.0,0.0,0.15,0.08,0,0.13331280477105367,0.1416746665737848,1.325618542959528,0.7948292894477221,0.0,0.8571428571428571,0.0,0.0,0.0,0.0,0.0,0.08,0.07714285714285714,0.05,0.25
33,0.6508190531063783,0.48918399679489166,0.6508190531063783,0.48918399679489166,0.2520355925627262,0.49429968990227,0.88,0.3730657246318991,0.34870322826828337,0.07428571428571429,0.88,0.3730657246318991,0.34870322826828337,0.07428571428571429,0.06,0.06285714285714286,0.0,0.62,0.017142857142857144,0.0,0.035850238505622724,0.11836634914903713,11.794285714285714,0.0,0.0,0.15,0.08,0,0.13461752646148412,0.1450475298286554,1.3619633149574801,0.8735497959220491,0.0,0.9545454545454546,0.0,0.0,0.0,0.0,0.0,0.08,0.06,0.05,0.25
34,0.6597585725509573,0.48950860711444316,0.6595649729839698,0.48898903718111464,0.2520355925627262,0.49504320175977,0.8825214899713467,0.3747290762485268,0.35084073326694964,0.07449856733524356,0.88,0.3743228674890419,0.35002927737532985,0.07428571428571429,0.07449856733524356,0.08,0.002857142857142857,0.6428571428571429,0.014326647564469915,0.002857142857142857,0.035864856848665416,0.11836634914903713,11.770773638968482,0.0,0.0,0.15,0.08022922636103152,0,0.13839901596846238,0.14432229217951215,1.4147240486583306,0.856078800003608,0.0,1.0,0.0,0.0,0.0,0.0,0.0,0.08,0.07428571428571429,0.05,0.25
35,0.6670967456279794,0.4898593087177433,0.6668821798522004,0.48928645841929963,0.2520355925627262,0.4956411465106274,0.8882521489971347,0.3753021421511055,0.35171796315722886,0.07449856733524356,0.8857142857142857,0.3748942960604705,0.35090400089449403,0.07428571428571429,0.07736389684813753,0.08285714285714285,0.002857142857142857,0.6685714285714286,0.02005730659025788,0.0,0.03588626772608955,0.11836634914903713,11.770773638968482,0.0,0.0,0.15,0.08022922636103152,0,0.1407098406135218,0.1457764118880959,1.4692867105423069,0.8913773427776011,0.0,0.9655172413793104,0.0,0.0,0.0,0.0,0.0,0.08,0.07736389684813753,0.05,0.25
36,0.675201754828552,0.4902239169034334,0.6749640318836286,0.4896700376960109,0.2520355925627262,0.49617198358736486,0.8595988538681948,0.37650558054652106,0.3523364266993808,0.07736389684813753,0.8571428571428571,0.3760942960604705,0.35152069739795416,0.07714285714285714,0.08882521489971347,0.1,0.002857142857142857,0.7771428571428571,0.02005730659025788,0.0,0.03588626772608955,0.11836634914903713,11.770773638968482,0.0,0.0,0.15,0.08022922636103152,0,0.14355410393064583,0.14702242509375,1.5399009763314604,0.9223681599999999,0.0,0.9714285714285714,0.0,0.0,0.0,0.0,0.0,0.08,0.08882521489971347,0.05,0.25
37,0.6846083918270841,0.49057720046954006,0.6843437927764505,0.48999219052072734,0.2520355925627262,0.49664362414943886,0.8624641833810889,0.37713595303935776,0.3526802662409281,0.07736389684813753,0.86,0.3767228674890418,0.3518635545408113,0.07714285714285714,0.07736389684813753,0.09142857142857143,0.002857142857142857,0.8285714285714286,0.02005730659025788,0.0,0.03588626772608955,0.11836634914903713,11.770773638968482,0.0,0.0,0.15,0.08022922636103152,0,0.1441797193815976,0.14628731296828124,1.6005315282334027,0.9039207967999998,0.0,1.0,0.0,0.0,0.0,0.0,0.0,0.08,0.07736389684813753,0.05,0.25
38,0.6927873296119827,0.49130595604725996,0.692499362167678,0.49066660288074243,0.2520355925627262,0.4970978760593521,0.828080229226361,0.37820554698192727,0.3534109252667161,0.08022922636103152,0.8257142857142857,0.37778940544891837,0.3525921259693828,0.08,0.08882521489971347,0.09142857142857143,0.002857142857142857,0.8914285714285715,0.022922636103151862,0.0,0.03588626772608955,0.11836634914903713,11.770773638968482,0.0,0.0,0.15,0.08022922636103152,0,0.14556771464848492,0.14555587640343984,1.6599494690973062,0.8858423808639998,0.0,0.96875,0.0,0.0,0.0,0.0,0.0,0.08,0.08882521489971347,0.05,0.25
39,0.6999012199481659,0.49163098648963593,0.6995929271029007,0.49103103100148077,0.2520355925627262,0.4976906840276362,0.828080229226361,0.37881890346876085,0.35362582498018313,0.08022922636103152,0.8257142857142857,0.37840100948864663,0.3528064116836685,0.08,0.0830945558739255,0.08571428571428572,0.002857142857142857,0.9514285714285714,0.02005730659025788,0.0,0.03588626772608955,0.11836634914903713,11.770773638968482,0.0,0.0,0.15,0.08022922636103152,0,0.14546574816463526,0.14482809702142263,1.7124647654296457,0.8681255332467198,0.0,1.0,0.0,0.0,0.0,0.0,0.0,0.08,0.0830945558739255,0.05,0.25
40,0.7078600827698744,0.49115687955520576,0.7075290503165473,0.49058205189852067,0.2520355925627262,0.49817180603711886,0.8166189111747851,0.37927735619082387,0.3542275441778909,0.08022922636103152,0.8142857142857143,0.37885815234578946,0.35340641168366843,0.08,0.07736389684813753,0.08285714285714285,0.002857142857142857,1.022857142857143,0.025787965616045846,0.0,0.03588626772608955,0.11836634914903713,11.770773638968482,0.0,0.0,0.15,0.08022922636103152,0,0.14525184870952637,0.14410395653631553,1.7610726129781955,0.8507630225817854,0.0,1.0,0.0,0.0,0.0,0.0,0.0,0.08,0.07736389684813753,0.05,0.25
41,0.7160016812482776,0.4909838635235752,0.7156473870850121,0.4904041532975774,0.2520355925627262,0.4986041267720572,0.833810888252149,0.3797795162572728,0.354699068472102,0.0830945558739255,0.8314285714285714,0.3793588776691914,0.3538765887656104,0.08285714285714285,0.09742120343839542,0.10857142857142857,0.002857142857142857,1.12,0.02865329512893983,0.0,0.03588626772608955,0.11836634914903713,11.770773638968482,0.0,0.0,0.15,0.08022922636103152,0,0.14734991493126195,0.14345548873190211,1.83442258929006,0.8354492881753136,0.0,0.9736842105263158,0.0,0.0,0.0,0.0,0.0,0.08,0.09742120343839542,0.05,0.25
42,0.7232577507629522,0.49157204906324825,0.7228827249725018,0.4909442686277688,0.2520355925627262,0.4992371338355974,0.7535816618911175,0.3799682302820678,0.35517184784172956,0.0830945558739255,0.7514285714285714,0.3795470525110584,0.35434801733703897,0.08285714285714285,0.09455587392550144,0.10571428571428572,0.002857142857142857,1.2257142857142858,0.02865329512893983,0.0,0.03588626772608955,0.11836634914903713,11.770773638968482,0.0,0.0,0.15,0.08022922636103152,0,0.14801216678517706,0.14490087495962437,1.9034484232185447,0.8698972180084482,0.0,0.9459459459459459,0.0,0.0,0.0,0.0,0.0,0.08,0.09455587392550144,0.05,0.25
43,0.7291928652080648,0.49170999648486075,0.7288008819477714,0.49109636401906415,0.2520355925627262,0.4998862640132958,0.7564469914040115,0.38008284346258353,0.35535171213132716,0.0830945558739255,0.7542857142857143,0.3796613382253442,0.3545273677286664,0.08285714285714285,0.07449856733524356,0.08,0.002857142857142857,1.2857142857142858,0.03151862464183381,0.0,0.03588626772608955,0.11836634914903713,11.770773638968482,0.0,0.0,0.15,0.08022922636103152,0,0.14807182023696547,0.14417637058482624,1.9453794547541738,0.8524992736482793,0.0,1.0,0.0,0.0,0.0,0.0,0.0,0.08,0.07449856733524356,0.05,0.25
44,0.7343604202721352,0.49180249399651016,0.7339536725688015,0.4911576880029203,0.2520355925627262,0.5006841472239038,0.7478510028653295,0.38037514587539195,0.3561253510998086,0.0830945558739255,0.7457142857142857,0.37995280548840177,0.355298796300095,0.08285714285714285,0.09169054441260745,0.11142857142857143,0.002857142857142857,1.3771428571428572,0.04011461318051576,0.0,0.03588626772608955,0.11836634914903713,11.770773638968482,0.0,0.0,0.15,0.08022922636103152,0,0.14895718965374483,0.14345548873190211,2.017900437087661,0.8354492881753136,0.0,1.0,0.0,0.0,0.0,0.0,0.0,0.08,0.09169054441260745,0.05,0.25
45,0.7420539157804926,0.49126982326215696,0.7416251866614207,0.49062074597465005,0.2520355925627262,0.5014952838327343,0.8166189111747851,0.38054706564616564,0.3564872146100268,0.0830945558739255,0.8142857142857143,0.38012423405983037,0.3556596259145697,0.08285714285714285,0.10315186246418338,0.11142857142857143,0.002857142857142857,1.497142857142857,0.05157593123209169,0.0,0.03588626772608955,0.11836634914903713,11.770773638968482,0.0,0.0,0.15,0.08022922636103152,0,0.14969598936629744,0.1427382112882426,2.08897099977448,0.8187403024118074,0.0,1.0,0.0,0.0,0.0,0.0,0.0,0.08,0.10315186246418338,0.05,0.25
46,0.7487772209713084,0.49213693719364454,0.7473980205386535,0.4917769212554675,0.2520355925627262,0.5021985171785446,0.7758620689655172,0.3799314741050458,0.3574134140187501,0.08333333333333333,0.7714285714285715,0.3802956626312589,0.3559499864188465,0.08285714285714285,0.09195402298850575,0.10571428571428572,0.005714285714285714,1.6171428571428572,0.05459770114942529,0.002857142857142857,0.035941642222009934,0.11836634914903711,11.71264367816092,0.0,0.0,0.15,0.08045977011494253,0,0.15063308084803742,0.14281026326651078,2.152905865493276,0.8204418284569713,0.0,0.972972972972973,0.0,0.0,0.0,0.0,0.0,0.08,0.09455587392550144,0.05,0.25
47,0.7553547379322667,0.49279142030942946,0.7535304582975045,0.49230264576810223,0.2520355925627262,0.5029159861594963,0.7636887608069164,0.37988062322981214,0.3574447423614554,0.08357348703170028,0.7571428571428571,0.3804670912026875,0.35616427213313223,0.08285714285714285,0.08069164265129683,0.08571428571428572,0.008571428571428572,1.7142857142857142,0.06051873198847262,0.002857142857142857,0.03594360903244887,0.11836634914903714,11.711815561959654,0.0,0.0,0.15,0.08069164265129683,0,0.15156520115808292,0.14360068071861457,2.1955620338976956,0.8389572240035359,0.0,0.9666666666666667,0.0,0.0,0.0,0.0,0.0,0.08,0.08045977011494253,0.05,0.25
48,0.7641681759669864,0.4930453060384165,0.7619309080123365,0.492691842607501,0.2520355925627262,0.5036172798217518,0.7687861271676301,0.37962402793632516,0.35617084198962257,0.08092485549132948,0.76,0.38080994834554466,0.3565071292759894,0.08285714285714285,0.0838150289017341,0.09714285714285714,0.011428571428571429,1.802857142857143,0.057803468208092484,0.002857142857142857,0.03600426346429046,0.11836634914903713,11.560693641618498,0.0,0.0,0.15,0.07803468208092486,0,0.15239442378129928,0.1428826773150215,2.248793650362599,0.8221780795234651,0.0,1.0,0.0,0.0,0.0,0.0,0.0,0.08,0.08645533141210375,0.05,0.25
49,0.7696376167748139,0.49221785012995917,0.7673378409252174,0.4918007002728227,0.2520355925627262,0.5041650191404774,0.7658959537572254,0.3797396348727413,0.35634425239424683,0.0838150289017341,0.7571428571428571,0.3809242340598303,0.356678557847418,0.08571428571428572,0.0953757225433526,0.10857142857142857,0.011428571428571429,1.9142857142857144,0.06358381502890173,0.0,0.03607453109061326,0.11836634914903713,11.560693641618498,0.0,0.0,0.15,0.08092485549132948,0,0.15374192069910456,0.14417637058482624,2.312389205926776,0.8524992736482793,0.0,0.9736842105263158,0.0,0.0,0.0,0.0,0.0,0.08,0.0953757225433526,0.05,0.25
50,0.7768019214245325,0.4927676532591802,0.7736884321189772,0.4921560259282465,0.2520355925627262,0.5045492568848379,0.7900874635568513,0.37918756405366927,0.35704173350399954,0.08454810495626822,0.7742857142857142,0.38200994834554464,0.3572357007045608,0.08571428571428572,0.09329446064139942,0.12285714285714286,0.02,2.0142857142857142,0.052478134110787174,0.008571428571428572,0.03617911514032736,0.11836634914903713,11.253644314868804,0.0,0.0,0.15,0.08163265306122448,0,0.15605961315420663,0.14345548873190211,2.388998564665383,0.8354492881753136,0.0,1.0,0.0,0.0,0.0,0.0,0.0,0.08,0.10115606936416185,0.05,0.25
51,0.7850247424132016,0.49342785175483056,0.7812748944014272,0.4919896132532976,0.2520355925627262,0.50507330782373,0.7859237536656891,0.37666626224646815,0.35418684073103646,0.07917888563049853,0.7657142857142857,0.3821242340598303,0.3572357007045608,0.08571428571428572,0.08504398826979472,0.09714285714285714,0.025714285714285714,2.12,0.05571847507331378,0.005714285714285714,0.03641328926597831,0.11836634914903714,11.120234604105573,0.0,0.0,0.15,0.07624633431085044,0,0.1565931722312927,0.14636082418082813,2.438361450514933,0.9057655331200002,0.0,0.9411764705882353,0.0,0.0,0.0,0.0,0.0,0.08,0.08746355685131195,0.05,0.25
52,0.7912607759447238,0.49455910933750374,0.7873505727849959,0.49319617697033874,0.2520355925627262,0.5059540691098938,0.7917888563049853,0.37719412148400483,0.3543188055404206,0.07917888563049853,0.7714285714285715,0.38263851977411606,0.3573642721331322,0.08571428571428572,0.09090909090909091,0.09714285714285714,0.025714285714285714,2.18,0.05865102639296188,0.0,0.03644180537001825,0.11836634914903714,11.120234604105573,0.0,0.0,0.15,0.07917888563049853,0,0.1571810635129934,0.14562902005992398,2.486737078647491,0.8876502224576002,0.0,0.9705882352941176,0.0,0.0,0.0,0.0,0.0,0.08,0.09090909090909091,0.05,0.25
53,0.7967465893278294,0.4941523195660678,0.792695322395393,0.4927247871090013,0.2520355925627262,0.5067103754462451,0.7771260997067448,0.37802454063423924,0.3548466647779573,0.08211143695014662,0.7571428571428571,0.3834475852890588,0.35787855784741796,0.08857142857142856,0.08504398826979472,0.09142857142857143,0.025714285714285714,2.2857142857142856,0.05865102639296188,0.0,0.03644180537001825,0.11836634914903714,11.120234604105573,0.0,0.0,0.15,0.07917888563049853,0,0.1578748945746307,0.14490087495962437,2.5284309085031125,0.8698972180084482,0.0,1.0,0.0,0.0,0.0,0.0,0.0,0.08,0.08504398826979472,0.05,0.25
54,0.8025165930083088,0.49514877084529973,0.79831695455266,0.49367495560886565,0.2520355925627262,0.5072413896186376,0.7536656891495601,0.378376446792597,0.3552827527437642,0.08211143695014662,0.7342857142857143,0.38379044243191596,0.35830343212267557,0.08857142857142856,0.10557184750733138,0.11428571428571428,0.025714285714285714,2.4,0.06451612903225806,0.0,0.03644180537001825,0.11836634914903714,11.120234604105573,0.0,0.0,0.15,0.07917888563049853,0,0.15939809865534682,0.14497401861610854,2.592148004618765,0.8717050596020486,0.0,0.975,0.0,0.0,0.0,0.0,0.0,0.08,0.10557184750733138,0.05,0.25
55,0.8067925480043322,0.4956610781461185,0.8024829564202147,0.49426537274927484,0.2520355925627262,0.5077099014782308,0.7565982404692082,0.37850675548125956,0.3554737638587345,0.08211143695014662,0.7371428571428571,0.3839174003257272,0.35848953152326096,0.08857142857142856,0.10850439882697947,0.11142857142857143,0.025714285714285714,2.5171428571428573,0.07038123167155426,0.0,0.03644180537001825,0.11836634914903714,11.120234604105573,0.0,0.0,0.15,0.07917888563049853,0,0.1600575374477844,0.14724518258437505,2.651733615954961,0.9281313440000012,0.0,0.9487179487179487,0.0,0.0,0.0,0.0,0.0,0.08,0.10850439882697947,0.05,0.25
56,0.8130531204637298,0.4971440653980299,0.8087825454158355,0.495461739691922,0.2520355925627262,0.5081149899267303,0.7551622418879056,0.37799999137119217,0.35570866804911655,0.08259587020648967,0.7314285714285714,0.38437454318286995,0.35883238866611816,0.09142857142857143,0.10914454277286136,0.12857142857142856,0.03142857142857143,2.64,0.06784660766961652,0.005714285714285714,0.03647997972912647,0.11836634914903711,11.067846607669617,0.0,0.0,0.15,0.07964601769911504,0,0.16231424976054548,0.14925,2.72727037220729,0.9717686362011362,0.0,0.9555555555555556,0.0,0.0,0.0,0.0,0.0,0.08,0.11436950146627566,0.05,0.25
57,0.8217366501777311,0.4966676796783675,0.8135620589177394,0.4955133482238253,0.2520355925627262,0.5084400753694662,0.7410714285714286,0.37920901552403846,0.3562171730044997,0.08333333333333333,0.7114285714285714,0.38437454318286995,0.35883238866611816,0.09142857142857143,0.08928571428571429,0.09428571428571429,0.04,2.702857142857143,0.06547619047619048,0.008571428571428572,0.03662728134296772,0.11836634914903713,10.916666666666666,0.0,0.0,0.15,0.08035714285714286,0,0.1619311070831713,0.14850375,2.767010679048859,0.9523332634771134,0.0,1.0,0.0,0.0,0.0,0.0,0.0,0.08,0.0943952802359882,0.05,0.25
58,0.8261628160580043,0.49753377231789275,0.8178111781628016,0.4961489902873195,0.2520355925627262,0.5087971134493846,0.75,0.3790912321052798,0.35639574443307115,0.08333333333333333,0.72,0.38426147110086173,0.35900381723754676,0.09142857142857143,0.12202380952380952,0.12285714285714286,0.04,2.7942857142857145,0.0744047619047619,0.0,0.03668830997950691,0.11836634914903713,10.916666666666666,0.0,0.0,0.15,0.08035714285714286,0,0.1625493094048983,0.14850375,2.834527608325024,0.9431128000000003,0.0,0.9534883720930233,0.0,0.0,0.0,0.0,0.0,0.08,0.12202380952380952,0.05,0.25
59,0.8309468221696664,0.4987153983183093,0.8224038240299972,0.4974282568877647,0.2520355925627262,0.5091618721509105,0.7351190476190477,0.37909123210527973,0.3563957444330711,0.08333333333333333,0.7057142857142857,0.3842614711008616,0.3590038172375467,0.09142857142857143,0.10119047619047619,0.10285714285714286,0.04,2.8971428571428572,0.07738095238095238,0.0,0.03668830997950691,0.11836634914903713,10.916666666666666,0.0,0.0,0.15,0.08035714285714286,0,0.16299356285787384,0.14791010812500002,2.8806941990156663,0.9411919999999999,0.0,0.9722222222222222,0.0,0.0,0.0,0.0,0.0,0.08,0.10119047619047619,0.05,0.25
60,0.8331682848430101,0.49859588992404913,0.8245364281964069,0.4974120697578316,0.2520355925627262,0.5095460119632855,0.7619047619047619,0.37921027972432736,0.35652967300449967,0.08333333333333333,0.7314285714285714,0.3843757568151474,0.3591323886661182,0.09142857142857143,0.07142857142857142,0.07428571428571429,0.04,2.9571428571428573,0.08035714285714286,0.0,0.03668830997950691,0.11836634914903713,10.916666666666666,0.0,0.0,0.15,0.08035714285714286,0,0.16280093216025915,0.14717055758437503,2.8973660293210672,0.9223681599999999,0.0,1.0,0.0,0.0,0.0,0.0,0.0,0.08,0.07142857142857142,0.05,0.25
61,0.8382711584565259,0.49879154198969033,0.8286968064772996,0.4979545376373988,0.2520355925627262,0.509887508551015,0.7791044776119403,0.37777669035243855,0.3562024602484418,0.08059701492537313,0.7457142857142857,0.3843757568151474,0.35930381723754673,0.09142857142857143,0.08059701492537313,0.08285714285714285,0.04285714285714286,3.0514285714285716,0.08358208955223881,0.002857142857142857,0.03674362637593633,0.11836634914903711,10.871641791044777,0.0,0.0,0.15,0.08059701492537313,0,0.16261392892802926,0.14643470479645315,2.9222758515917886,0.9039207967999998,0.0,1.0,0.0,0.0,0.0,0.0,0.0,0.08,0.08035714285714286,0.05,0.25
62,0.8421562185367494,0.49956311334294656,0.8320482301796783,0.4989968566063835,0.2520355925627262,0.5101446435749938,0.7155688622754491,0.3782586591525303,0.35587972001825974,0.08083832335329341,0.6828571428571428,0.3843757568151474,0.3594752458089753,0.09142857142857143,0.08682634730538923,0.09428571428571429,0.045714285714285714,3.1314285714285712,0.08682634730538923,0.002857142857142857,0.0367619187055269,0.11836634914903711,10.8562874251497,0.0,0.0,0.15,0.08083832335329341,0,0.16231443142624624,0.14570253127247088,2.9581160488456666,0.8858423808639998,0.0,1.0,0.0,0.0,0.0,0.0,0.0,0.08,0.08955223880597014,0.05,0.25
63,0.8472455063396912,0.5002198553853223,0.837341306236372,0.4995343499633021,0.2520355925627262,0.5103737775552809,0.7447447447447447,0.37775906437465856,0.355373418204102,0.08108108108108109,0.7085714285714285,0.3843757568151474,0.3594752458089753,0.09142857142857143,0.0990990990990991,0.10285714285714286,0.04857142857142857,3.22,0.08408408408408409,0.002857142857142857,0.036818586492260434,0.11836634914903713,10.804804804804805,0.0,0.0,0.15,0.08108108108108109,0,0.16404543069768646,0.14732018258437507,3.001810870725897,0.9057655331200002,0.0,0.9166666666666666,0.0,0.0,0.0,0.0,0.0,0.08,0.10179640718562874,0.05,0.25
64,0.851181159950766,0.5007839036689762,0.8405674878624516,0.49987559397564457,0.2520355925627262,0.5106201628380526,0.7349397590361446,0.37759142868972145,0.3556715549793292,0.08132530120481928,0.6971428571428572,0.384147185386576,0.35934345233031234,0.09142857142857143,0.10240963855421686,0.10857142857142857,0.05142857142857143,3.322857142857143,0.08132530120481928,0.002857142857142857,0.03696202928218189,0.11836634914903713,10.668674698795181,0.0,0.0,0.15,0.08132530120481928,0,0.1647380635406266,0.14925,3.0503460818828065,0.98,0.0,0.9473684210526315,0.0,0.0,0.0,0.0,0.0,0.08,0.1021021021021021,0.05,0.25
65,0.8558504135804842,0.501587701093751,0.8449966084483557,0.5007079821398204,0.2520355925627262,0.5106792949196751,0.7319277108433735,0.37783239254514317,0.35585227787089546,0.08132530120481928,0.6942857142857143,0.3843757568151474,0.3595148809017409,0.09142857142857143,0.10542168674698796,0.10571428571428572,0.05142857142857143,3.3914285714285715,0.08132530120481928,0.0,0.03697256373936318,0.11836634914903713,10.668674698795181,0.0,0.0,0.15,0.08132530120481928,0,0.1651999446514949,0.14850375,3.095053445959436,0.9603999999999999,0.0,1.0,0.0,0.0,0.0,0.0,0.0,0.08,0.10542168674698796,0.05,0.25
66,0.8626023492581268,0.5009154058900473,0.850563036353787,0.5003543826834207,0.2520355925627262,0.5107906231129082,0.7371601208459214,0.3787659346446738,0.35531668586800147,0.08459214501510574,0.6971428571428572,0.3844900425294332,0.35960059518745524,0.09428571428571429,0.11782477341389729,0.12285714285714286,0.054285714285714284,3.474285714285714,0.08157099697885196,0.002857142857142857,0.03703574168671441,0.11836634914903711,10.525679758308158,0.0,0.0,0.15,0.08157099697885196,0,0.16663808843673691,0.147835483125,3.1560095198973905,0.9411919999999999,0.0,0.9767441860465116,0.0,0.0,0.0,0.0,0.0,0.08,0.12048192771084337,0.05,0.25
67,0.8672649138536207,0.5020586521156908,0.8549724902998115,0.5014874253455549,0.2520355925627262,0.5107454134552958,0.7190332326283988,0.37888678056612396,0.3554073203090891,0.08459214501510574,0.68,0.3846043282437189,0.3596863094731695,0.09428571428571429,0.1027190332326284,0.10857142857142857,0.054285714285714284,3.565714285714286,0.08459214501510574,0.0,0.037121133878947964,0.11836634914903711,10.525679758308158,0.0,0.0,0.15,0.07854984894259819,0,0.16669046942312463,0.147096305709375,3.2014607580708714,0.9223681599999999,0.0,1.0,0.0,0.0,0.0,0.0,0.0,0.08,0.1027190332326284,0.05,0.25
68,0.8710868324549219,0.5015669958191606,0.8586103529933957,0.5008101906293492,0.2520355925627262,0.5108332157568906,0.7454545454545455,0.3795906763490907,0.35484551188229996,0.08484848484848485,0.7028571428571428,0.38471861395800455,0.3597720237588838,0.09428571428571429,0.1,0.10571428571428572,0.05714285714285714,3.6742857142857144,0.08787878787878788,0.002857142857142857,0.03711689557154019,0.11836634914903713,10.50909090909091,0.0,0.0,0.15,0.07878787878787878,0,0.16702334539486363,0.14636082418082813,3.24314582862374,0.9039207967999998,0.0,1.0,0.0,0.0,0.0,0.0,0.0,0.08,0.1027190332326284,0.05,0.25
69,0.874792948348069,0.5013198499858276,0.8621347366198318,0.5008321271218025,0.2520355925627262,0.5107968908216763,0.7507598784194529,0.3779480948182369,0.35306692681203333,0.08206686930091185,0.7057142857142857,0.38494718538657596,0.35994345233031233,0.09428571428571429,0.10030395136778116,0.10857142857142857,0.06,3.7342857142857144,0.08814589665653495,0.002857142857142857,0.03715290913096547,0.11836634914903713,10.480243161094226,0.0,0.0,0.15,0.07598784194528875,0,0.16687343953694792,0.14562902005992398,3.286854340622694,0.8858423808639998,0.0,1.0,0.0,0.0,0.0,0.0,0.0,0.08,0.1,0.05,0.25
70,0.8802228011981219,0.5027337819066052,0.866471755988562,0.5019340943954389,0.2520355925627262,0.5105273693626532,0.7073170731707317,0.37834735988472723,0.35306759705250257,0.08231707317073171,0.6628571428571428,0.38494718538657596,0.35994345233031233,0.09428571428571429,0.12804878048780488,0.12857142857142856,0.06285714285714286,3.842857142857143,0.09146341463414634,0.002857142857142857,0.03721167538143485,0.11836634914903711,10.390243902439025,0.0,0.0,0.15,0.07926829268292683,0,0.16661007233926314,0.14490087495962437,3.3496886823816685,0.8681255332467198,0.0,1.0,0.0,0.0,0.0,0.0,0.0,0.08,0.1276595744680851,0.05,0.25
71,0.8862261466181753,0.503254978111098,0.8712176557075898,0.5019412387667723,0.2520355925627262,0.5104480306839837,0.7614678899082569,0.3786124476425031,0.3515796496201371,0.08256880733944955,0.7114285714285714,0.3850614711008617,0.3599211028355855,0.09428571428571429,0.10397553516819572,0.10571428571428572,0.06571428571428571,3.922857142857143,0.0856269113149847,0.002857142857142857,0.03739379679034,0.11836634914903711,10.256880733944953,0.0,0.0,0.15,0.07951070336391437,0,0.16663402197756683,0.14497401861610854,3.38840919444832,0.851454139807169,0.0,0.972972972972973,0.0,0.0,0.0,0.0,0.0,0.08,0.10670731707317073,0.05,0.25
72,0.8900050575826287,0.5036288140491919,0.8734224784826868,0.5025250598323312,0.2520355925627262,0.5105152459630032,0.7392638036809815,0.3772227438654588,0.3507352461159372,0.07975460122699386,0.6885714285714286,0.38540432824371884,0.3599211028355855,0.09428571428571429,0.09815950920245399,0.10571428571428572,0.06857142857142857,4.0285714285714285,0.09202453987730061,0.002857142857142857,0.03740573969628537,0.11836634914903713,10.233128834355828,0.0,0.0,0.15,0.07668711656441718,0,0.16645642686410758,0.14424914852302798,3.4263552962736394,0.8344250570110255,0.0,1.0,0.0,0.0,0.0,0.0,0.0,0.08,0.09785932721712538,0.05,0.25
73,0.8931372258929332,0.5042984004801135,0.8763398695374273,0.5029967358320221,0.2520355925627262,0.5103367430327205,0.7116564417177914,0.37729668685198847,0.3506892338459986,0.07975460122699386,0.6628571428571428,0.3854732008540293,0.3598782456927283,0.09428571428571429,0.13803680981595093,0.13428571428571429,0.06857142857142857,4.14,0.09202453987730061,0.0,0.03742497438521858,0.11836634914903713,10.233128834355828,0.0,0.0,0.15,0.07975460122699386,0,0.16668057401550132,0.14519566231928044,3.492113904633881,0.8247140432611312,0.0,0.9787234042553191,0.0,0.0,0.0,0.0,0.0,0.08,0.13803680981595093,0.05,0.25
74,0.8964750341883613,0.5049770624303557,0.8794487995497404,0.5037746885477047,0.2520355925627262,0.5102835485435676,0.7576687116564417,0.37729668685198847,0.3506892338459986,0.07975460122699386,0.7057142857142857,0.3854732008540293,0.3598782456927283,0.09428571428571429,0.10122699386503067,0.11428571428571428,0.06857142857142857,4.2628571428571425,0.09202453987730061,0.0,0.03742497438521858,0.11836634914903713,10.233128834355828,0.0,0.0,0.15,0.07975460122699386,0,0.16633274257399522,0.14446968400768406,3.536557340826917,0.8082197623959085,0.0,1.0,0.0,0.0,0.0,0.0,0.0,0.08,0.10122699386503067,0.05,0.25
75,0.9006006224639346,0.5051074193725572,0.8832914903435601,0.5036947833603237,0.2520355925627262,0.510272553881677,0.7085889570552147,0.37760343531824614,0.3509192951956918,0.07975460122699386,0.66,0.38575891513974364,0.360092531407014,0.09428571428571429,0.11349693251533742,0.11714285714285715,0.06857142857142857,4.402857142857143,0.09202453987730061,0.0,0.03742497438521858,0.11836634914903713,10.233128834355828,0.0,0.0,0.15,0.07975460122699386,0,0.16775779314683956,0.14717055758437503,3.582969051153236,0.8040329918878318,0.0,0.975609756097561,0.0,0.0,0.0,0.0,0.0,0.08,0.11349693251533742,0.05,0.25
76,0.9022270993152649,0.5049076599376872,0.8846441325236827,0.5037913925704663,0.2520355925627262,0.5103091137700733,0.7261538461538461,0.37748088313508593,0.351436728250774,0.08,0.6742857142857143,0.38593034371117224,0.36022110283558545,0.09428571428571429,0.08923076923076922,0.09142857142857143,0.07142857142857142,4.511428571428572,0.09230769230769231,0.002857142857142857,0.03742292176026294,0.11836634914903711,10.221538461538461,0.0,0.0,0.15,0.08,0,0.16863300418110536,0.14791010812500002,3.602738241558743,0.8220962310052679,0.0,0.96875,0.0,0.0,0.0,0.0,0.0,0.08,0.08895705521472393,0.05,0.25
77,0.9054751159599865,0.5045869246928462,0.8876601479794957,0.5034761147596345,0.2520355925627262,0.5102888283699294,0.7169230769230769,0.37748088313508593,0.351436728250774,0.08,0.6657142857142857,0.38593034371117224,0.36022110283558545,0.09428571428571429,0.11384615384615385,0.11142857142857143,0.07142857142857142,4.622857142857143,0.09846153846153846,0.0,0.037432208321072004,0.11836634914903711,10.221538461538461,0.0,0.0,0.15,0.08,0,0.16841755416019985,0.14717055758437503,3.64211204815614,0.8056543063851624,0.0,1.0,0.0,0.0,0.0,0.0,0.0,0.08,0.11384615384615385,0.05,0.25
78,0.9093429917990896,0.5055971342739648,0.8906688608641613,0.5044538688214164,0.2520355925627262,0.5101962901963542,0.7037037037037037,0.37822349659019183,0.35085887939582583,0.08024691358024691,0.6514285714285715,0.38593034371117224,0.36022110283558545,0.09428571428571429,0.12654320987654322,0.12857142857142856,0.07428571428571429,4.725714285714286,0.09567901234567901,0.002857142857142857,0.03746230800326994,0.11836634914903711,10.179012345679013,0.0,0.0,0.15,0.08024691358024691,0,0.17023218138939883,0.15,3.6978412357644452,0.8717050596020486,0.0,0.9333333333333333,0.0,0.0,0.0,0.0,0.0,0.08,0.12923076923076923,0.05,0.25
79,0.9114810387230612,0.5054326206362236,0.8924234348813926,0.5043623755439488,0.2520355925627262,0.510090392302017,0.6925465838509317,0.37939429753449294,0.35204257425522123,0.08385093167701864,0.6371428571428571,0.3862160579968864,0.3604353885498711,0.09714285714285714,0.10559006211180125,0.11428571428571428,0.08,4.8342857142857145,0.08695652173913043,0.005714285714285714,0.03766989034725736,0.11836634914903711,9.894409937888199,0.0,0.0,0.15,0.08074534161490683,0,0.1715521633395947,0.149325,3.7381701253348703,0.8894949587776007,0.0,0.975,0.0,0.0,0.0,0.0,0.0,0.08,0.1111111111111111,0.05,0.25
80,0.9123227306577837,0.5049984797400088,0.8931977914613374,0.5040830803628316,0.2520355925627262,0.509722892516792,0.7080745341614907,0.3796286523788512,0.35227549350987963,0.08385093167701864,0.6514285714285715,0.386431664453696,0.3606496742641569,0.09714285714285714,0.11801242236024845,0.12,0.08,4.98,0.09627329192546584,0.0,0.03779177159611155,0.11836634914903711,9.894409937888199,0.0,0.0,0.15,0.08074534161490683,0,0.17223266974614893,0.149325,3.783406722828173,0.9095687171200011,0.0,0.9761904761904762,0.0,0.0,0.0,0.0,0.0,0.08,0.11801242236024845,0.05,0.25
81,0.9145196349359103,0.5053106230950598,0.8952189433972138,0.5042968893198648,0.2520355925627262,0.5092405901936813,0.717391304347826,0.3795665405776089,0.35222890965894793,0.08385093167701864,0.66,0.3863745215965531,0.3606068171212997,0.09714285714285714,0.09937888198757763,0.09714285714285714,0.08,5.088571428571429,0.09937888198757763,0.0,0.03779177159611155,0.11836634914903711,9.894409937888199,0.0,0.0,0.15,0.08074534161490683,0,0.17225693496884675,0.149325,3.804881445514467,0.9411919999999999,0.0,0.9705882352941176,0.0,0.0,0.0,0.0,0.0,0.08,0.09937888198757763,0.05,0.25
82,0.9162321110540804,0.5054909192114654,0.8967944214259301,0.5043734496805669,0.2520355925627262,0.5089151373300762,0.6708074534161491,0.3799392113850623,0.35269474816826474,0.08695652173913043,0.6171428571428571,0.38671737873941026,0.36103538854987116,0.1,0.12422360248447205,0.12,0.08,5.2,0.10248447204968944,0.0,0.03779177159611155,0.11836634914903711,9.894409937888199,0.0,0.0,0.15,0.08074534161490683,0,0.17325222172257396,0.148578375,3.8487838166041772,0.9223681599999999,0.0,1.0,0.0,0.0,0.0,0.0,0.0,0.08,0.12422360248447205,0.05,0.25
83,0.9183578515384688,0.5045435314932493,0.8989335171451818,0.5037242108572021,0.2520355925627262,0.5086241681370592,0.69375,0.3796434537785707,0.3540270653540804,0.0875,0.6342857142857142,0.3866030930251246,0.36121720677792,0.1,0.121875,0.13142857142857142,0.08571428571428572,5.2942857142857145,0.1,0.005714285714285714,0.037892988328043976,0.11836634914903713,9.76875,0.0,0.0,0.15,0.08125,0,0.1734423898996754,0.14865337500000003,3.903236711700665,0.9057655331200002,0.0,0.9782608695652174,0.0,0.0,0.0,0.0,0.0,0.08,0.12732919254658384,0.05,0.25
84,0.9198607037205424,0.50443335000394,0.9003075534259346,0.50382450760236,0.2520355925627262,0.5082237390451486,0.6125,0.3795809537785707,0.3539801903540804,0.0875,0.56,0.3865459501679817,0.3611743496350629,0.1,0.109375,0.10571428571428572,0.08571428571428572,5.3914285714285715,0.103125,0.0,0.03796108342818243,0.11836634914903713,9.76875,0.0,0.0,0.15,0.08125,0,0.17346074937874845,0.149325,3.930886263180937,0.9057655331200002,0.0,0.972972972972973,0.0,0.0,0.0,0.0,0.0,0.08,0.109375,0.05,0.25
85,0.9226238102178931,0.5048344279543164,0.9028338222235123,0.5041971233599747,0.2520355925627262,0.5077823804686191,0.66875,0.3794559537785707,0.3540270653540804,0.0875,0.6114285714285714,0.386431664453696,0.36121720677792,0.1,0.125,0.12571428571428572,0.08571428571428572,5.522857142857143,0.115625,0.0,0.03796108342818243,0.11836634914903713,9.76875,0.0,0.0,0.15,0.08125,0,0.17362144563185467,0.149325,3.9779828236316046,0.9057655331200002,0.0,0.9772727272727273,0.0,0.0,0.0,0.0,0.0,0.08,0.125,0.05,0.25
86,0.9243198475471252,0.5050626900258698,0.9036513139833452,0.503989367724383,0.2520355925627262,0.5072999335509302,0.7115987460815048,0.38007490353104195,0.3540794441498414,0.0877742946708464,0.6485714285714286,0.386431664453696,0.36147434963506286,0.1,0.08150470219435736,0.08857142857142856,0.08857142857142856,5.605714285714286,0.11285266457680251,0.002857142857142857,0.03797127194328906,0.1183663491490371,9.74921630094044,0.0,0.0,0.15,0.08150470219435736,0,0.17312462411798113,0.148578375,3.9869945957304007,0.8876502224576002,0.0,1.0,0.0,0.0,0.0,0.0,0.0,0.08,0.084375,0.05,0.25
87,0.9276257867484639,0.5043619324831524,0.906639511016478,0.5035457947787599,0.2520355925627262,0.5067801293557975,0.6572327044025157,0.38049965013804393,0.3551368738528824,0.0880503144654088,0.5971428571428572,0.386431664453696,0.3616686441110744,0.1,0.11949685534591195,0.11714285714285715,0.09142857142857143,5.717142857142857,0.11320754716981132,0.002857142857142857,0.0379768985740869,0.11836634914903711,9.735849056603774,0.0,0.0,0.15,0.08176100628930817,0,0.1733536211782234,0.147835483125,4.02439756095865,0.8698972180084482,0.0,1.0,0.0,0.0,0.0,0.0,0.0,0.08,0.11912225705329153,0.05,0.25
88,0.931875866588336,0.5036521720067075,0.9067420685214704,0.502659595101266,0.2520355925627262,0.5062081023096191,0.6253968253968254,0.37978825279391554,0.3544945300950538,0.08888888888888889,0.5628571428571428,0.38637452159655317,0.36162578696821723,0.1,0.12698412698412698,0.14,0.1,5.828571428571428,0.10793650793650794,0.008571428571428572,0.03800972655343612,0.11836634914903713,9.688888888888888,0.0,0.0,0.15,0.07936507936507936,0,0.17348642521518945,0.14798510812500004,4.083909609739477,0.8717050596020486,0.0,0.9795918367346939,0.0,0.0,0.0,0.0,0.0,0.08,0.1320754716981132,0.05,0.25
89,0.9351364401582792,0.503326449760301,0.9091868222806488,0.5024690558803571,0.2520355925627262,0.5057055271819725,0.6751592356687898,0.38058543160389696,0.35334379632808594,0.08917197452229299,0.6057142857142858,0.38626023588226743,0.361540072682503,0.1,0.11464968152866242,0.11714285714285715,0.10285714285714286,5.945714285714286,0.11464968152866242,0.002857142857142857,0.038071065933578424,0.11836634914903711,9.643312101910828,0.0,0.0,0.15,0.07961783439490445,0,0.17392039240673976,0.149325,4.119374274687544,0.8876502224576002,0.0,0.975609756097561,0.0,0.0,0.0,0.0,0.0,0.08,0.11746031746031746,0.05,0.25
90,0.9373773218896744,0.5031027792304429,0.9108383609995819,0.5022332898737765,0.2520355925627262,0.5052413301036878,0.6506410256410257,0.38118311884039907,0.35302321739822273,0.08974358974358974,0.58,0.3861459501679818,0.36145435839678874,0.1,0.11217948717948718,0.12,0.10857142857142857,6.02,0.10576923076923077,0.005714285714285714,0.03842948532443771,0.11836634914903713,9.16025641025641,0.0,0.0,0.15,0.08012820512820513,0,0.17402179044470603,0.149325,4.156986789193794,0.8876502224576002,0.0,0.9761904761904762,0.0,0.0,0.0,0.0,0.0,0.08,0.11464968152866242,0.05,0.25
91,0.938570394618452,0.5030997723053979,0.9114756853620609,0.5024720508281536,0.2520355925627262,0.5048249139550413,0.7009646302250804,0.3813719653608801,0.35226645995841016,0.09003215434083602,0.6228571428571429,0.38597452159655316,0.36132578696821727,0.1,0.1157556270096463,0.11428571428571428,0.11142857142857143,6.131428571428572,0.10932475884244373,0.002857142857142857,0.038616027604414134,0.11836634914903711,9.12540192926045,0.0,0.0,0.15,0.08038585209003216,0,0.17455125292105392,0.15,4.188132767695632,0.9431128000000003,0.0,0.95,0.0,0.0,0.0,0.0,0.0,0.08,0.11858974358974358,0.05,0.25
92,0.9414950602307469,0.5036388138804058,0.9118530693441369,0.5030854203219921,0.2520355925627262,0.504549585067534,0.6655844155844156,0.3813065544744961,0.35198955792107905,0.09090909090909091,0.5857142857142857,0.38597452159655316,0.36132578696821727,0.1,0.12012987012987013,0.12285714285714286,0.12,6.22,0.10064935064935066,0.008571428571428572,0.03873536570160154,0.11836634914903711,9.0,0.0,0.0,0.15,0.08116883116883117,0,0.17424963951359151,0.14925,4.227227255198862,0.9242505440000003,0.0,1.0,0.0,0.0,0.0,0.0,0.0,0.08,0.12540192926045016,0.05,0.25
93,0.9431781225071431,0.5033447217477826,0.9132754167291335,0.5027205149710229,0.2520355925627262,0.5042303780341126,0.6535947712418301,0.38198679349636566,0.351115377861635,0.0915032679738562,0.5714285714285714,0.38597452159655316,0.36132578696821727,0.1,0.12091503267973856,0.11714285714285715,0.12571428571428572,6.32,0.09477124183006536,0.005714285714285714,0.03879260390137295,0.11836634914903713,8.967320261437909,0.0,0.0,0.15,0.08169934640522876,0,0.1739493920303093,0.14850375,4.259825567237741,0.9057655331200002,0.0,1.0,0.0,0.0,0.0,0.0,0.0,0.08,0.12337662337662338,0.05,0.25
94,0.941939520483738,0.5029868657661251,0.9121925246743854,0.5022743579744429,0.2520355925627262,0.5040429824546596,0.6176470588235294,0.38198679349636566,0.351115377861635,0.0915032679738562,0.54,0.38597452159655316,0.36132578696821727,0.1,0.12091503267973856,0.11428571428571428,0.12571428571428572,6.397142857142857,0.1111111111111111,0.0,0.038814427745425296,0.11836634914903713,8.967320261437909,0.0,0.0,0.15,0.0784313725490196,0,0.17353664507015776,0.14776123124999999,4.288914770178701,0.8876502224576002,0.0,1.0,0.0,0.0,0.0,0.0,0.0,0.08,0.12091503267973856,0.05,0.25
95,0.9432817666539024,0.5035282177400476,0.9134177890834826,0.5027537425807405,0.2520355925627262,0.5038095938446158,0.6327868852459017,0.38242304074712624,0.35180122059891616,0.09180327868852459,0.5514285714285714,0.38597452159655316,0.36132578696821727,0.1,0.11147540983606558,0.10571428571428572,0.12857142857142856,6.477142857142857,0.1180327868852459,0.002857142857142857,0.03900830203407363,0.11836634914903711,8.649180327868853,0.0,0.0,0.15,0.07868852459016394,0,0.17323981898766408,0.14702242509375,4.308850760489413,0.8698972180084482,0.0,1.0,0.0,0.0,0.0,0.0,0.0,0.08,0.1111111111111111,0.05,0.25
96,0.9456632649552932,0.5029449630241003,0.9152176352360684,0.5027714997385527,0.2520355925627262,0.5036263956236451,0.6963696369636964,0.3825557357971886,0.35349542163694825,0.0924092409240924,0.6028571428571429,0.38597452159655316,0.36132578696821727,0.1,0.10561056105610561,0.10571428571428572,0.13428571428571429,6.542857142857143,0.11551155115511551,0.005714285714285714,0.03913946821642912,0.1183663491490371,8.554455445544555,0.0,0.0,0.15,0.07920792079207921,0,0.17291604846415434,0.14628731296828124,4.32838803099391,0.8524992736482793,0.0,1.0,0.0,0.0,0.0,0.0,0.0,0.08,0.11147540983606558,0.05,0.25
97,0.9462652903159553,0.5023607878568027,0.9158923449331103,0.5027848135551299,0.2520355925627262,0.5035679450742419,0.6556291390728477,0.38236058292750075,0.3528035851781131,0.09271523178807947,0.5657142857142857,0.3859173787394103,0.36128292982536014,0.1,0.09602649006622517,0.09142857142857143,0.13714285714285715,6.591428571428572,0.10596026490066225,0.002857142857142857,0.03918511701055191,0.11836634914903711,8.543046357615895,0.0,0.0,0.15,0.07947019867549669,0,0.17296546822183356,0.14600028876309595,4.333248841802603,0.8524992736482793,0.0,0.96875,0.0,0.0,0.0,0.0,0.0,0.08,0.09900990099009901,0.05,0.25
98,0.9484824872999096,0.5018811784518603,0.9167531410291274,0.5023712221274892,0.2520355925627262,0.5035146428786468,0.6943521594684385,0.38333222295141817,0.35343465194808776,0.09302325581395349,0.5971428571428572,0.3858602358822675,0.36124007268250297,0.1,0.11295681063122924,0.11428571428571428,0.14,6.668571428571428,0.10299003322259136,0.002857142857142857,0.03927487207765052,0.11836634914903711,8.445182724252492,0.0,0.0,0.15,0.07973421926910298,0,0.17315692730929583,0.15458442739213515,4.360869579252266,0.8524992736482793,0.0,0.975,0.0,0.0,0.0,0.0,0.0,0.08,0.11258278145695365,0.05,0.25
99,0.9508225458040979,0.5008011256901432,0.9187655913427294,0.5013537411807197,0.2520355925627262,0.5033127489880733,0.7308970099667774,0.3831993325859696,0.3533349841740014,0.09302325581395349,0.6285714285714286,0.3857459501679817,0.36115435839678867,0.1,0.08637873754152824,0.07428571428571429,0.14,6.751428571428572,0.10299003322259136,0.0,0.03930166188253481,0.11836634914903711,8.445182724252492,0.0,0.0,0.15,0.07973421926910298,0,0.17311942838703506,0.15515813025517444,4.3479379019529345,0.8507630225817854,0.0,0.9615384615384616,0.0,0.0,0.0,0.0,0.0,0.08,0.08637873754152824,0.05,0.25
100,0.9559523002409758,0.5010127027474154,0.9214422724670784,0.5017604322738242,0.2520355925627262,0.5030652429669169,0.6677852348993288,0.38484031398052465,0.3539768885689573,0.09395973154362416,0.5685714285714286,0.3857459501679817,0.36115435839678867,0.1,0.10067114093959731,0.1,0.14857142857142858,6.845714285714286,0.09731543624161074,0.008571428571428572,0.03944541220372417,0.11836634914903711,8.187919463087248,0.0,0.0,0.15,0.08053691275167785,0,0.1728815455308142,0.15438233960389858,4.360979143913876,0.8337477621301497,0.0,1.0,0.0,0.0,0.0,0.0,0.0,0.08,0.10963455149501661,0.05,0.25
101,0.9557167919407792,0.5022523500963973,0.9211936467617268,0.5034071897199723,0.2520355925627262,0.5027931528914951,0.7037037037037037,0.38442868940775277,0.35350114207177646,0.09427609427609428,0.5971428571428572,0.3857459501679817,0.36115435839678867,0.1,0.08754208754208755,0.07714285714285714,0.15142857142857144,6.9314285714285715,0.09427609427609428,0.002857142857142857,0.03973086799520365,0.11836634914903711,8.094276094276093,0.0,0.0,0.15,0.08080808080808081,0,0.17253070994601724,0.1536104279058791,4.350902418178454,0.8170728068875467,0.0,1.0,0.0,0.0,0.0,0.0,0.0,0.08,0.09060402684563758,0.05,0.25
102,0.9563272596795659,0.5020792529332576,0.9217116722429257,0.503272033833344,0.2520355925627262,0.5024303976264841,0.7037037037037037,0.3842940092730726,0.35340013197076636,0.09427609427609428,0.5971428571428572,0.385631664453696,0.36106864411107437,0.1,0.08754208754208755,0.08285714285714285,0.15142857142857144,7.017142857142857,0.09427609427609428,0.0,0.03973086799520365,0.11836634914903711,8.094276094276093,0.0,0.0,0.15,0.08080808080808081,0,0.17258177068200148,0.15485726764134963,4.346741512672028,0.8110502953548185,0.0,0.9655172413793104,0.0,0.0,0.0,0.0,0.0,0.08,0.08754208754208755,0.05,0.25
103,0.9569066109232569,0.5012139345692692,0.9222400050758185,0.5032953486263119,0.2520355925627262,0.502032195622955,0.6610169491525424,0.38363316139445114,0.35386330068472666,0.09491525423728814,0.5571428571428572,0.385631664453696,0.36106864411107437,0.1,0.09152542372881356,0.09142857142857143,0.15714285714285714,7.088571428571429,0.08813559322033898,0.005714285714285714,0.03974897849878454,0.11836634914903711,8.067796610169491,0.0,0.0,0.15,0.08135593220338982,0,0.17231800540002,0.1540829813031429,4.351235253847159,0.7948292894477221,0.0,1.0,0.0,0.0,0.0,0.0,0.0,0.08,0.09764309764309764,0.05,0.25
104,0.9565029160862265,0.5003606052793684,0.9218997479988927,0.5023389785621916,0.2520355925627262,0.5016864751412775,0.6711864406779661,0.3834975681741121,0.3537616057694724,0.09491525423728814,0.5657142857142857,0.3855173787394103,0.36098292982536007,0.1,0.1016949152542373,0.1,0.15714285714285714,7.177142857142857,0.08813559322033898,0.0,0.03976255747511417,0.11836634914903711,8.067796610169491,0.0,0.0,0.15,0.08135593220338982,0,0.17294392762859354,0.1975343444700324,4.364210548770216,0.8717050596020486,0.0,0.9714285714285714,0.0,0.0,0.0,0.0,0.0,0.08,0.1016949152542373,0.05,0.25
105,0.9607929989429806,0.5002356070958623,0.9233994925198369,0.5028571758496095,0.2520355925627262,0.501332221283826,0.6484641638225256,0.3810173105298247,0.3516123556554024,0.09215017064846416,0.5428571428571428,0.3854602358822675,0.360940072682503,0.1,0.09556313993174062,0.09142857142857143,0.16285714285714287,7.251428571428572,0.08532423208191127,0.005714285714285714,0.03994249993139198,0.1183663491490371,7.747440273037543,0.0,0.0,0.15,0.07849829351535836,0,0.17299306584759344,0.19654667274768226,4.368354909223383,0.8913773427776011,0.0,0.96875,0.0,0.0,0.0,0.0,0.0,0.08,0.09830508474576272,0.05,0.25
106,0.9625808783598934,0.4996419892837564,0.9247803436579214,0.5024447866535464,0.2520355925627262,0.5010283343749348,0.718213058419244,0.38285985385634486,0.3526656253934659,0.09278350515463918,0.5971428571428572,0.3854602358822675,0.360940072682503,0.1,0.09621993127147767,0.09142857142857143,0.16857142857142857,7.34,0.08247422680412371,0.005714285714285714,0.04036228265588956,0.11836634914903711,7.498281786941581,0.0,0.0,0.15,0.07903780068728522,0,0.17272724408978404,0.19556393938394384,4.372416382467486,0.8735497959220491,0.0,1.0,0.0,0.0,0.0,0.0,0.0,0.08,0.09897610921501707,0.05,0.25
107,0.9638445783649279,0.5005164099247018,0.9259248245703654,0.5032967585879515,0.2520355925627262,0.5006591893108204,0.7758620689655172,0.38331468052350975,0.35221742290807484,0.09310344827586207,0.6428571428571429,0.3854030930251246,0.3608972155396458,0.1,0.0896551724137931,0.08571428571428572,0.17142857142857143,7.42,0.08275862068965517,0.002857142857142857,0.040431098244575685,0.1183663491490371,7.455172413793103,0.0,0.0,0.15,0.07931034482758621,0,0.17277746501219224,0.1945861196870241,4.370682340532422,0.9095687171200011,0.0,0.9666666666666667,0.0,0.0,0.0,0.0,0.0,0.08,0.09278350515463918,0.05,0.25
108,0.9656769595347267,0.5005860309544374,0.9272848282349356,0.5030964779459728,0.2520355925627262,0.5002810642507218,0.7231833910034602,0.38379584880493234,0.3521706062208012,0.09342560553633218,0.5971428571428572,0.3854030930251246,0.3608972155396458,0.1,0.09688581314878893,0.09428571428571429,0.1742857142857143,7.502857142857143,0.08304498269896193,0.002857142857142857,0.04058514400357207,0.1183663491490371,7.349480968858131,0.0,0.0,0.15,0.07958477508650519,0,0.17245600625855986,0.193613189088589,4.377554408007488,0.8913773427776011,0.0,1.0,0.0,0.0,0.0,0.0,0.0,0.08,0.1,0.05,0.25
109,0.9636371828625059,0.5004914287178484,0.9248446376443771,0.5029379939199592,0.2520355925627262,0.49987306583455826,0.6458333333333334,0.38205630302558014,0.35108486915302967,0.09027777777777778,0.5314285714285715,0.3852888073108389,0.3608115012539315,0.1,0.08680555555555555,0.08285714285714285,0.17714285714285713,7.571428571428571,0.0763888888888889,0.002857142857142857,0.040686150151104404,0.11836634914903711,7.298611111111111,0.0,0.0,0.15,0.0763888888888889,0,0.17239372622726706,0.19264512314314605,4.372860462704482,0.9261713440000008,0.0,0.9655172413793104,0.0,0.0,0.0,0.0,0.0,0.08,0.08996539792387544,0.05,0.25
110,0.9639094825983097,0.5004865613853764,0.9240450282233083,0.5027684069395683,0.2520355925627262,0.49953964760762437,0.7073170731707317,0.3824415170113759,0.35101207990713484,0.09059233449477352,0.58,0.38517452159655313,0.3607257869682172,0.1,0.09407665505226481,0.08857142857142856,0.18,7.6657142857142855,0.08013937282229965,0.002857142857142857,0.040715013315904554,0.1183663491490371,7.275261324041812,0.0,0.0,0.15,0.08013937282229965,0,0.17244561473898784,0.20043400580245668,4.37397468202182,0.9450728000000008,0.0,0.967741935483871,0.0,0.0,0.0,0.0,0.0,0.08,0.09722222222222222,0.05,0.25
111,0.9634949120059969,0.5005249719143714,0.9237746681671871,0.5033483657301745,0.2520355925627262,0.4991690991207854,0.7307692307692307,0.38123078824110673,0.3497861034347501,0.08741258741258741,0.5971428571428572,0.3851173787394103,0.3606829298253601,0.1,0.10139860139860139,0.09142857142857143,0.18285714285714286,7.734285714285714,0.07692307692307693,0.002857142857142857,0.04081711716113701,0.1183663491490371,7.20979020979021,0.0,0.0,0.15,0.08041958041958042,0,0.17249625093316792,0.1994318357734444,4.377923759809955,0.9615325297507086,0.0,0.96875,0.0,0.0,0.0,0.0,0.0,0.08,0.10104529616724739,0.05,0.25
112,0.9634886203516169,0.49935356890694227,0.923674471575323,0.5025786008547708,0.2520355925627262,0.49857803513306687,0.7614035087719299,0.381480425483295,0.35010617905076435,0.08771929824561403,0.62,0.3851173787394103,0.3606829298253601,0.1,0.08771929824561403,0.09142857142857143,0.18571428571428572,7.8028571428571425,0.07719298245614035,0.002857142857142857,0.04096435091226056,0.11836634914903711,7.101754385964912,0.0,0.0,0.15,0.08070175438596491,0,0.1722041996785021,0.19843467659457717,4.381793856042328,0.9423018791556944,0.0,1.0,0.0,0.0,0.0,0.0,0.0,0.08,0.09090909090909091,0.05,0.25
113,0.9647799197589741,0.49919409708667145,0.9241224377852648,0.5019747586494071,0.2520355925627262,0.4980194775999928,0.7640845070422535,0.3817162616484554,0.3500924145398417,0.0880281690140845,0.62,0.3851173787394103,0.3606829298253601,0.1,0.09507042253521127,0.08571428571428572,0.18857142857142858,7.888571428571429,0.07394366197183098,0.002857142857142857,0.04100479563765403,0.11836634914903708,7.091549295774648,0.0,0.0,0.15,0.08098591549295775,0,0.17180017868010955,0.19744250321160428,4.379872264635766,0.9234558415725805,0.0,1.0,0.0,0.0,0.0,0.0,0.0,0.08,0.09473684210526316,0.05,0.25
114,0.9644917349498766,0.49927668939046815,0.923360634735098,0.5019653222022099,0.2520355925627262,0.49738302477342844,0.7809187279151943,0.3823070811204969,0.3504051478420716,0.08833922261484099,0.6314285714285715,0.3851173787394103,0.3606829298253601,0.1,0.09540636042402827,0.08571428571428572,0.19142857142857142,7.954285714285715,0.0706713780918728,0.002857142857142857,0.04106171080728771,0.11836634914903713,7.053003533568905,0.0,0.0,0.15,0.0812720848056537,0,0.17134103492956618,0.19645529069554626,4.3779891050573365,0.9049867247411288,0.0,1.0,0.0,0.0,0.0,0.0,0.0,0.08,0.09859154929577464,0.05,0.25
115,0.965321373108541,0.49916178214889056,0.923895475711368,0.5011751373538093,0.2520355925627262,0.4967771817139444,0.7411347517730497,0.3829409043451223,0.3503450985736427,0.08865248226950355,0.5971428571428572,0.3851173787394103,0.3606829298253601,0.1,0.0851063829787234,0.07714285714285714,0.19428571428571428,8.008571428571429,0.0673758865248227,0.002857142857142857,0.041142266406781924,0.11836634914903711,6.99290780141844,0.0,0.0,0.15,0.08156028368794327,0,0.17091261546920405,0.19547301424206853,4.367572180099047,0.8868869902463062,0.0,1.0,0.0,0.0,0.0,0.0,0.0,0.08,0.08833922261484099,0.05,0.25
116,0.96724519920977,0.5001854619917332,0.9245029457492715,0.5019642671167933,0.2520355925627262,0.4959185351415326,0.7544483985765125,0.38074496450293416,0.3480331594226592,0.08540925266903915,0.6057142857142858,0.3851173787394103,0.3606829298253601,0.1,0.08185053380782918,0.07714285714285714,0.19714285714285715,8.074285714285715,0.06761565836298933,0.002857142857142857,0.04118888423107093,0.11836634914903708,6.94661921708185,0.0,0.0,0.15,0.07829181494661921,0,0.17054305310614373,0.19449564917085818,4.357363593639923,0.8691492504413801,0.0,1.0,0.0,0.0,0.0,0.0,0.0,0.08,0.0851063829787234,0.05,0.25
117,0.9663392869019355,0.5003209723102148,0.9237756275821245,0.5014052663414951,0.2520355925627262,0.49529792437131415,0.7722419928825622,0.3806737901257099,0.34797977863974106,0.08540925266903915,0.62,0.38506023588226745,0.360640072682503,0.1,0.06405693950177936,0.06,0.19714285714285715,8.131428571428572,0.0711743772241993,0.0,0.04123600191106076,0.11836634914903708,6.94661921708185,0.0,0.0,0.15,0.07829181494661921,0,0.17051862355489875,0.19352317092500387,4.330216321767125,0.8633001440669091,0.0,0.9523809523809523,0.0,0.0,0.0,0.0,0.0,0.08,0.06405693950177936,0.05,0.25
118,0.9654613682858557,0.5008373124227792,0.9228138539913058,0.5022826620361099,0.2520355925627262,0.4946894598128079,0.7204301075268817,0.38038647579063783,0.3481360629910041,0.08602150537634409,0.5742857142857143,0.38506023588226745,0.360640072682503,0.1,0.08602150537634409,0.08285714285714285,0.20285714285714285,8.188571428571429,0.06451612903225806,0.005714285714285714,0.04135586461988148,0.1183663491490371,6.817204301075269,0.0,0.0,0.15,0.07885304659498207,0,0.17023660257998138,0.19255555507037886,4.326469138188925,0.846034141185571,0.0,1.0,0.0,0.0,0.0,0.0,0.0,0.08,0.09252669039145907,0.05,0.25
119,0.965099021737399,0.49999843936429217,0.9224517661607483,0.501798339169098,0.2520355925627262,0.49415864119965625,0.7158273381294964,0.38084463243389194,0.3481701866524154,0.08633093525179857,0.5685714285714286,0.3849459501679818,0.36055435839678873,0.1,0.07913669064748201,0.07428571428571429,0.2057142857142857,8.268571428571429,0.06115107913669065,0.002857142857142857,0.041555627851510436,0.11836634914903708,6.690647482014389,0.0,0.0,0.15,0.07913669064748201,0,0.1702424195670815,0.19159277729502694,4.314225469710861,0.8512916329024408,0.0,0.9615384615384616,0.0,0.0,0.0,0.0,0.0,0.08,0.08243727598566308,0.05,0.25
120,0.9643359555373708,0.4990355284335364,0.9218456735790116,0.5010196329565413,0.2520355925627262,0.4937185441388452,0.7697841726618705,0.3807007475418056,0.3480622729833507,0.08633093525179857,0.6114285714285714,0.384831664453696,0.36046864411107443,0.1,0.08273381294964029,0.07142857142857142,0.2057142857142857,8.331428571428571,0.06115107913669065,0.0,0.04162169530989993,0.11836634914903708,6.690647482014389,0.0,0.0,0.15,0.07913669064748201,0,0.1702480646121032,0.19063481340855182,4.2993695317452145,0.8389503818911129,0.0,0.96,0.0,0.0,0.0,0.0,0.0,0.08,0.08273381294964029,0.05,0.25
121,0.9650511777215309,0.49908399964274575,0.922061405701749,0.500748178915968,0.2520355925627262,0.49337763041003607,0.7472924187725631,0.3805918102973328,0.348517160665415,0.08664259927797834,0.5914285714285714,0.384831664453696,0.36046864411107443,0.1,0.06859205776173286,0.054285714285714284,0.20857142857142857,8.374285714285714,0.05776173285198556,0.002857142857142857,0.041704046288621496,0.11836634914903711,6.5703971119133575,0.0,0.0,0.15,0.07942238267148015,0,0.1697681100033284,0.18968163934150906,4.267667855396025,0.8221713742532907,0.0,1.0,0.0,0.0,0.0,0.0,0.0,0.08,0.0683453237410072,0.05,0.25
122,0.9652671519603615,0.49842519003994595,0.9222323338850519,0.4999633825480916,0.2520355925627262,0.4929897526756949,0.7833935018050542,0.3805918102973328,0.348517160665415,0.08664259927797834,0.62,0.384831664453696,0.36046864411107443,0.1,0.06859205776173286,0.06,0.20857142857142857,8.428571428571429,0.05776173285198556,0.0,0.041781899992663914,0.11836634914903711,6.5703971119133575,0.0,0.0,0.15,0.07942238267148015,0,0.16934727016759749,0.1887332311448015,4.242314498288104,0.8057279467682248,0.0,1.0,0.0,0.0,0.0,0.0,0.0,0.08,0.06859205776173286,0.05,0.25
123,0.9649630497230863,0.49866208236255716,0.9219916586858371,0.49989160754130474,0.2520355925627262,0.49259913983308956,0.7833935018050542,0.3805918102973328,0.348517160665415,0.08664259927797834,0.62,0.384831664453696,0.36046864411107443,0.1,0.061371841155234655,0.05714285714285714,0.20857142857142857,8.494285714285715,0.061371841155234655,0.0,0.041781899992663914,0.11836634914903711,6.5703971119133575,0.0,0.0,0.15,0.07942238267148015,0,0.16904182309890237,0.1877895649890775,4.214611065465199,0.7896133878328603,0.0,1.0,0.0,0.0,0.0,0.0,0.0,0.08,0.061371841155234655,0.05,0.25
124,0.965843543589807,0.4983167975504351,0.9226885066889274,0.49995908988684457,0.2520355925627262,0.492450651440283,0.7328519855595668,0.3805918102973328,0.348517160665415,0.08664259927797834,0.58,0.384831664453696,0.36046864411107443,0.1,0.06859205776173286,0.054285714285714284,0.20857142857142857,8.565714285714286,0.06859205776173286,0.0,0.041781899992663914,0.11836634914903711,6.5703971119133575,0.0,0.0,0.15,0.07942238267148015,0,0.1685677568405507,0.1868506171641321,4.18460455844161,0.7738211200762031,0.0,1.0,0.0,0.0,0.0,0.0,0.0,0.08,0.06859205776173286,0.05,0.25
125,0.965405077613629,0.497689401222115,0.922341492187781,0.4993521368489327,0.2520355925627262,0.49225905026810063,0.7689530685920578,0.3805918102973328,0.348517160665415,0.08664259927797834,0.6085714285714285,0.384831664453696,0.36046864411107443,0.1,0.07220216606498195,0.05714285714285714,0.20857142857142857,8.622857142857143,0.06498194945848375,0.0,0.041781899992663914,0.11836634914903711,6.5703971119133575,0.0,0.0,0.15,0.07942238267148015,0,0.16818134734206222,0.18591636407831144,4.158055324415634,0.758344697674679,0.0,1.0,0.0,0.0,0.0,0.0,0.0,0.08,0.07220216606498195,0.05,0.25
126,0.9662180364466029,0.4971150787570446,0.9229848910355916,0.49868877153467484,0.2520355925627262,0.49197467410900414,0.776173285198556,0.3805918102973328,0.348517160665415,0.08664259927797834,0.6142857142857143,0.384831664453696,0.36046864411107443,0.1,0.10108303249097472,0.08571428571428572,0.20857142857142857,8.688571428571429,0.06498194945848375,0.0,0.041781899992663914,0.11836634914903711,6.5703971119133575,0.0,0.0,0.15,0.07942238267148015,0,0.16799601560178046,0.1849867822579199,4.160608503641607,0.7431778037211855,0.0,1.0,0.0,0.0,0.0,0.0,0.0,0.08,0.10108303249097472,0.05,0.25
127,0.9664711685203741,0.4964651497416482,0.9231852269911192,0.49830052854939577,0.2520355925627262,0.49173540016710676,0.776173285198556,0.38051960813126784,0.3484630090408663,0.08664259927797834,0.6142857142857143,0.3847745215965532,0.36042578696821725,0.1,0.08664259927797834,0.07428571428571429,0.20857142857142857,8.768571428571429,0.06498194945848375,0.0,0.041781899992663914,0.11836634914903711,6.5703971119133575,0.0,0.0,0.15,0.07942238267148015,0,0.16798460695234302,0.1840618483466303,4.151682047854489,0.7367244399308573,0.0,0.9615384615384616,0.0,0.0,0.0,0.0,0.0,0.08,0.08664259927797834,0.05,0.25
128,0.9653799286431799,0.4976795372374924,0.9223215885740255,0.4993222913785905,0.2520355925627262,0.49155198636072434,0.6859205776173285,0.38051960813126784,0.3484630090408663,0.08664259927797834,0.5428571428571428,0.3847745215965532,0.36042578696821725,0.1,0.07942238267148015,0.06571428571428571,0.20857142857142857,8.82,0.06498194945848375,0.0,0.041781899992663914,0.11836634914903711,6.5703971119133575,0.0,0.0,0.15,0.07942238267148015,0,0.16754454106043845,0.18314153910489714,4.134362692611685,0.7219899511322402,0.0,1.0,0.0,0.0,0.0,0.0,0.0,0.08,0.07942238267148015,0.05,0.25
129,0.9654008172499075,0.49742806659122957,0.9218695617785342,0.49954075946477655,0.2520355925627262,0.49131843529059077,0.7282608695652174,0.3816466454080422,0.34881209763376864,0.08695652173913043,0.5742857142857143,0.3847745215965532,0.36042578696821725,0.1,0.06521739130434782,0.06,0.21142857142857144,8.885714285714286,0.06159420289855073,0.002857142857142857,0.04186610196420474,0.1183663491490371,6.5,0.0,0.0,0.15,0.07971014492753623,0,0.1671066754979934,0.18222583140937265,4.111675438759452,0.7075501521095955,0.0,1.0,0.0,0.0,0.0,0.0,0.0,0.08,0.06859205776173286,0.05,0.25
130,0.9654431750080289,0.4975286500765809,0.9217999085373494,0.49925762081934505,0.2520355925627262,0.491101685012862,0.7781818181818182,0.3793980877549805,0.3464441416251641,0.08363636363636363,0.6114285714285714,0.3847745215965532,0.36042578696821725,0.1,0.06909090909090909,0.06,0.21428571428571427,8.951428571428572,0.06545454545454546,0.002857142857142857,0.04195536576488929,0.11836634914903711,6.4363636363636365,0.0,0.0,0.15,0.07636363636363637,0,0.166756285691932,0.1813147022523258,4.089441929984262,0.6933991490674036,0.0,1.0,0.0,0.0,0.0,0.0,0.0,0.08,0.07246376811594203,0.05,0.25
131,0.9660842586515426,0.4976499467387985,0.9223036171143957,0.5000300116361243,0.2520355925627262,0.4910155294020212,0.730909090909091,0.3796889968458896,0.34666232344334597,0.08363636363636363,0.5742857142857143,0.3850030930251246,0.36059721553964585,0.1,0.07272727272727272,0.06285714285714286,0.21428571428571427,9.02,0.06545454545454546,0.0,0.04198884425025641,0.11836634914903711,6.4363636363636365,0.0,0.0,0.15,0.08,0,0.1671795042634723,0.18040812874106416,4.07051023424172,0.6795311660860556,0.0,1.0,0.0,0.0,0.0,0.0,0.0,0.08,0.07272727272727272,0.05,0.25
132,0.9668175890773102,0.49696841147615056,0.9228892734857521,0.4999207837856458,0.2520355925627262,0.491095288137086,0.6886446886446886,0.37949366694100667,0.34778332422611585,0.08424908424908426,0.5371428571428571,0.3851173787394103,0.3606829298253601,0.1,0.0695970695970696,0.05714285714285714,0.22,9.088571428571429,0.06227106227106227,0.005714285714285714,0.04209223696858096,0.1183663491490371,6.168498168498169,0.0,0.0,0.15,0.08058608058608059,0,0.16708646388501214,0.17950608809735885,4.046242886699742,0.6659405427643343,0.0,1.0,0.0,0.0,0.0,0.0,0.0,0.08,0.06909090909090909,0.05,0.25
133,0.9646850334812758,0.4968815216143717,0.9212258801208454,0.4993829341904608,0.2520355925627262,0.4911924324839402,0.7619047619047619,0.37949366694100667,0.34778332422611585,0.08424908424908426,0.5942857142857143,0.3851173787394103,0.3606829298253601,0.1,0.06227106227106227,0.04857142857142857,0.22,9.142857142857142,0.06593406593406594,0.0,0.04229715223652748,0.1183663491490371,6.168498168498169,0.0,0.0,0.15,0.08058608058608059,0,0.16656517442272992,0.17860855765687206,4.013889457537176,0.6526217319090477,0.0,1.0,0.0,0.0,0.0,0.0,0.0,0.08,0.06227106227106227,0.05,0.25
134,0.963011159776291,0.4960370685067091,0.9199202586309574,0.4986768602785401,0.2520355925627262,0.49125296491357606,0.6996336996336996,0.37949366694100667,0.34778332422611585,0.08424908424908426,0.5457142857142857,0.3851173787394103,0.3606829298253601,0.1,0.0695970695970696,0.054285714285714284,0.22,9.205714285714286,0.0695970695970696,0.0,0.04229715223652748,0.1183663491490371,6.168498168498169,0.0,0.0,0.15,0.08058608058608059,0,0.16613206283633056,0.1777155148685877,3.9878973826721476,0.6395692972708668,0.0,1.0,0.0,0.0,0.0,0.0,0.0,0.08,0.0695970695970696,0.05,0.25
135,0.9648907265545054,0.49641352375931513,0.9211616416567641,0.49839400571958736,0.2520355925627262,0.4911556789272399,0.7352941176470589,0.37925067645668115,0.348644381936309,0.08455882352941177,0.5714285714285714,0.3849459501679818,0.3605543583967887,0.1,0.0625,0.054285714285714284,0.22285714285714286,9.257142857142858,0.0661764705882353,0.002857142857142857,0.04238142747195705,0.1183663491490371,6.110294117647059,0.0,0.0,0.15,0.08088235294117647,0,0.16672403635653427,0.18385012733698636,3.9624251493044187,0.6980015698305797,0.0,0.8947368421052632,0.0,0.0,0.0,0.0,0.0,0.08,0.06593406593406594,0.05,0.25
136,0.9676260209146613,0.4963732161893589,0.9223454518496387,0.4983074531772,0.2520355925627262,0.4909055929618716,0.7703703703703704,0.38109323524158784,0.3494981555412261,0.08518518518518518,0.5942857142857143,0.3849459501679818,0.3605543583967887,0.1,0.06296296296296296,0.05714285714285714,0.22857142857142856,9.308571428571428,0.05925925925925926,0.005714285714285714,0.04270303600617105,0.11836634914903713,5.703703703703703,0.0,0.0,0.15,0.08148148148148149,0,0.16634698760332303,0.18293087670030142,3.940319503461187,0.6840415384339681,0.0,1.0,0.0,0.0,0.0,0.0,0.0,0.08,0.06985294117647059,0.05,0.25
137,0.9660243529895748,0.49591483005248216,0.9211098794502862,0.49803979536545534,0.2520355925627262,0.4907001735215471,0.762962962962963,0.3814161866645415,0.3498314888745594,0.08518518518518518,0.5885714285714285,0.38519508412283177,0.3608115012539316,0.1,0.06666666666666667,0.05714285714285714,0.22857142857142856,9.354285714285714,0.06666666666666667,0.0,0.04279728104139632,0.11836634914903713,5.703703703703703,0.0,0.0,0.15,0.08148148148148149,0,0.167200396236735,0.1820162223167999,3.9186559705348203,0.6703607076652887,0.0,1.0,0.0,0.0,0.0,0.0,0.0,0.08,0.06666666666666667,0.05,0.25
138,0.9665850185333981,0.4954893333742829,0.9213794616988126,0.49720098942953356,0.2520355925627262,0.4905835767855976,0.7360594795539034,0.38233144856141915,0.3496915721213471,0.08550185873605948,0.5657142857142857,0.38519508412283177,0.3608115012539316,0.1,0.06691449814126393,0.05714285714285714,0.23142857142857143,9.405714285714286,0.06691449814126393,0.002857142857142857,0.04284107125106134,0.11836634914903713,5.643122676579925,0.0,0.0,0.15,0.08178438661710037,0,0.16682110854126558,0.18110614120521593,3.8974257082669808,0.6569534935119828,0.0,1.0,0.0,0.0,0.0,0.0,0.0,0.08,0.07037037037037037,0.05,0.25
139,0.9677045618785031,0.4956091679462647,0.922078858143312,0.4971364290832812,0.2520355925627262,0.4906850256609159,0.7649253731343284,0.38345578892819565,0.35008246848345753,0.08582089552238806,0.5857142857142857,0.38508079840854603,0.3608972155396458,0.1,0.07835820895522388,0.06571428571428571,0.2342857142857143,9.457142857142857,0.05970149253731343,0.002857142857142857,0.042875238618275247,0.11836634914903713,5.649253731343284,0.0,0.0,0.15,0.08208955223880597,0,0.16764400299855928,0.18020061049918984,3.8851914798159273,0.6689704370035743,0.0,0.9565217391304348,0.0,0.0,0.0,0.0,0.0,0.08,0.08178438661710037,0.05,0.25
140,0.969039368474827,0.49624398951120124,0.9220453553664612,0.4972359579300877,0.2520355925627262,0.4907046202239159,0.8082706766917294,0.38381142165999493,0.35241997365418964,0.08646616541353383,0.6142857142857143,0.38508079840854603,0.3609829298253601,0.1,0.045112781954887216,0.037142857142857144,0.24,9.494285714285715,0.05639097744360902,0.005714285714285714,0.042917623194651804,0.11836634914903713,5.616541353383458,0.0,0.0,0.15,0.07894736842105263,0,0.16729297212978633,0.1792996074466939,3.8446305073624654,0.6555910282635028,0.0,1.0,0.0,0.0,0.0,0.0,0.0,0.08,0.048507462686567165,0.05,0.25
141,0.9704759092105688,0.4965936338877529,0.923137126325625,0.4974365811758262,0.2520355925627262,0.490706609274386,0.793233082706767,0.38366104572014526,0.3525327556090769,0.08646616541353383,0.6028571428571429,0.38496651269426035,0.3610686441110744,0.1,0.04887218045112782,0.04,0.24,9.54,0.05639097744360902,0.0,0.04294090290670023,0.11836634914903713,5.616541353383458,0.0,0.0,0.15,0.07894736842105263,0,0.16719893584056597,0.17840310940946041,3.8077378972152163,0.6629716646167575,0.0,0.9285714285714286,0.0,0.0,0.0,0.0,0.0,0.08,0.04887218045112782,0.05,0.25
142,0.9699395392862653,0.497406977838747,0.9228149063493293,0.4984183337307435,0.2520355925627262,0.4909190961253165,0.7924528301886793,0.3845729485722424,0.3528573773556376,0.08679245283018867,0.6,0.38496651269426035,0.3610686441110744,0.1,0.052830188679245285,0.04857142857142857,0.24285714285714285,9.585714285714285,0.052830188679245285,0.002857142857142857,0.043010961161457535,0.11836634914903714,5.547169811320755,0.0,0.0,0.15,0.07924528301886792,0,0.16681908473279172,0.1775110938624131,3.7801545678423403,0.6497122313244224,0.0,1.0,0.0,0.0,0.0,0.0,0.0,0.08,0.05639097744360902,0.05,0.25
143,0.9712565755380783,0.49814161530765216,0.9230159754764705,0.4982639392441487,0.2520355925627262,0.4911548055373236,0.7748091603053435,0.3834271956793938,0.3540981322714622,0.08778625954198473,0.58,0.38490936983711743,0.36116782501751893,0.1,0.05343511450381679,0.04857142857142857,0.25142857142857145,9.62,0.03816793893129771,0.008571428571428572,0.04312278841252406,0.11836634914903713,5.473282442748092,0.0,0.0,0.15,0.08015267175572519,0,0.16678470359484204,0.17662353839310102,3.7531229050569217,0.7132286669084611,0.0,0.9411764705882353,0.0,0.0,0.0,0.0,0.0,0.08,0.05660377358490566,0.05,0.25
144,0.9723936432049893,0.4975138492288881,0.9231561835142824,0.4982716654871366,0.2520355925627262,0.49128641465031114,0.7606177606177607,0.3814182538493548,0.3551872384890181,0.0888030888030888,0.5628571428571428,0.38479508412283175,0.36108211073180463,0.1,0.05791505791505792,0.054285714285714284,0.26,9.657142857142857,0.03474903474903475,0.008571428571428572,0.04326990284021576,0.11836634914903713,5.366795366795367,0.0,0.0,0.15,0.08108108108108109,0,0.16675035221972498,0.17574042070113552,3.7323461612414977,0.7184224772158154,0.0,0.9473684210526315,0.0,0.0,0.0,0.0,0.0,0.08,0.06870229007633588,0.05,0.25
145,0.9733784683235702,0.49743679358152254,0.9238849541020323,0.4980424864065325,0.2520355925627262,0.491652520984792,0.7799227799227799,0.3814182538493548,0.3551872384890181,0.0888030888030888,0.5771428571428572,0.38479508412283175,0.36108211073180463,0.1,0.05405405405405406,0.045714285714285714,0.26,9.685714285714285,0.03474903474903475,0.0,0.043340382548676185,0.11836634914903713,5.366795366795367,0.0,0.0,0.15,0.08108108108108109,0,0.16625931474434064,0.17486171859762983,3.7034135237309536,0.704054027671499,0.0,1.0,0.0,0.0,0.0,0.0,0.0,0.08,0.05405405405405406,0.05,0.25
146,0.9742894218806749,0.4975630860505726,0.9245590597342898,0.4979956419541087,0.2520355925627262,0.49187629424656953,0.803088803088803,0.3814182538493548,0.3551872384890181,0.0888030888030888,0.5942857142857143,0.38479508412283175,0.36108211073180463,0.1,0.04247104247104247,0.03428571428571429,0.26,9.705714285714286,0.03474903474903475,0.0,0.043340382548676185,0.11836634914903713,5.366795366795367,0.0,0.0,0.15,0.08108108108108109,0,0.16565658959919036,0.17398741000464168,3.663630967542049,0.6899729471180691,0.0,1.0,0.0,0.0,0.0,0.0,0.0,0.08,0.04247104247104247,0.05,0.25
147,0.9759659225793791,0.4974020515628286,0.9257208676354451,0.49743702696560305,0.2520355925627262,0.49201185703643285,0.8062015503875969,0.3814059126930917,0.35605713195632865,0.08914728682170543,0.5942857142857143,0.38479508412283175,0.36108211073180463,0.1,0.04263565891472868,0.037142857142857144,0.26285714285714284,9.737142857142857,0.031007751937984496,0.002857142857142857,0.04339021104591702,0.11836634914903714,5.333333333333333,0.0,0.0,0.15,0.08139534883720931,0,0.16517087807976583,0.1731174729546185,3.627501205334065,0.6761734881757078,0.0,1.0,0.0,0.0,0.0,0.0,0.0,0.08,0.04633204633204633,0.05,0.25
148,0.9770318343704765,0.49688438363349674,0.9265065968985969,0.4968592790671773,0.2520355925627262,0.4921960983214011,0.813953488372093,0.3814059126930917,0.35605713195632865,0.08914728682170543,0.6,0.38479508412283175,0.36108211073180463,0.1,0.050387596899224806,0.04,0.26285714285714284,9.754285714285714,0.031007751937984496,0.0,0.043395812604564536,0.11836634914903714,5.333333333333333,0.0,0.0,0.15,0.08139534883720931,0,0.1646874529750813,0.17225188558984542,3.5949511812273833,0.6626500184121935,0.0,1.0,0.0,0.0,0.0,0.0,0.0,0.08,0.050387596899224806,0.05,0.25
149,0.9782593462940569,0.49659080631029934,0.9274114485451218,0.4973575256847882,0.2520355925627262,0.49226588420615414,0.813953488372093,0.3812508739334018,0.3559408528865612,0.08914728682170543,0.6,0.3846807984085461,0.36099639644609033,0.1,0.04263565891472868,0.03428571428571429,0.26285714285714284,9.785714285714286,0.031007751937984496,0.0,0.043395812604564536,0.11836634914903714,5.333333333333333,0.0,0.0,0.15,0.08139534883720931,0,0.16452115856734872,0.19692726300074945,3.55733787188855,0.7327978048881879,0.0,0.9166666666666666,0.0,0.0,0.0,0.0,0.0,0.08,0.04263565891472868,0.05,0.25
150,0.9768995183028398,0.4969169577063731,0.9264090610544533,0.49784830530934365,0.2520355925627262,0.49229150409212585,0.7868217054263565,0.3811733545535568,0.35588271335167754,0.08914728682170543,0.58,0.38462365555140315,0.3609535393032332,0.1,0.046511627906976744,0.04,0.26285714285714284,9.811428571428571,0.031007751937984496,0.0,0.043395812604564536,0.11836634914903714,5.333333333333333,0.0,0.0,0.15,0.08139534883720931,0,0.1644411242030834,0.1959426266857457,3.526191114450779,0.8040329918878318,0.0,0.9285714285714286,0.0,0.0,0.0,0.0,0.0,0.08,0.046511627906976744,0.05,0.25
151,0.9777689671181634,0.49679432517168354,0.9262264024926106,0.49781682368849683,0.2520355925627262,0.4923513868614664,0.8249027237354085,0.38099776767669613,0.357108895791943,0.08949416342412451,0.6057142857142858,0.38462365555140315,0.3609535393032332,0.1,0.038910505836575876,0.037142857142857144,0.26571428571428574,9.84,0.027237354085603113,0.002857142857142857,0.04339385319378811,0.11836634914903713,5.315175097276264,0.0,0.0,0.15,0.08171206225680934,0,0.16390449001063945,0.19496291355231693,3.49281014930462,0.7879523320500753,0.0,1.0,0.0,0.0,0.0,0.0,0.0,0.08,0.04263565891472868,0.05,0.25
152,0.9782457347116115,0.49569258312145986,0.926576486125514,0.49722393998411357,0.2520355925627262,0.49248102037259,0.8210116731517509,0.38099776767669613,0.357108895791943,0.08949416342412451,0.6028571428571429,0.38462365555140315,0.3609535393032332,0.1,0.03501945525291829,0.03428571428571429,0.26571428571428574,9.851428571428572,0.027237354085603113,0.0,0.0434232996194787,0.11836634914903713,5.315175097276264,0.0,0.0,0.15,0.08171206225680934,0,0.1639100418992498,0.19398809898455535,3.457239660604242,0.7721932854090737,0.0,1.0,0.0,0.0,0.0,0.0,0.0,0.08,0.03501945525291829,0.05,0.25
153,0.9775039779694306,0.4959591029025898,0.9260318247462552,0.49783263602506267,0.2520355925627262,0.492546101476946,0.8132295719844358,0.38099776767669613,0.357108895791943,0.08949416342412451,0.5971428571428572,0.38462365555140315,0.3609535393032332,0.1,0.04669260700389105,0.04285714285714286,0.26571428571428574,9.882857142857143,0.0311284046692607,0.0,0.0434232996194787,0.11836634914903713,5.315175097276264,0.0,0.0,0.15,0.08171206225680934,0,0.16340449168975354,0.19301815848963258,3.4309520102493,0.7567494197008923,0.0,1.0,0.0,0.0,0.0,0.0,0.0,0.08,0.04669260700389105,0.05,0.25
154,0.9804201843047223,0.49626403894041227,0.9262234751030158,0.4979039731916703,0.2520355925627262,0.49263365091581546,0.765625,0.3819564505714783,0.35724993156470575,0.08984375,0.56,0.38462365555140315,0.3609535393032332,0.1,0.0390625,0.037142857142857144,0.26857142857142857,9.897142857142857,0.02734375,0.002857142857142857,0.04344897199391373,0.11836634914903715,5.28125,0.0,0.0,0.15,0.08203125,0,0.16281589780273334,0.19205306769718442,3.3994758271871715,0.7416144313068743,0.0,1.0,0.0,0.0,0.0,0.0,0.0,0.08,0.038910505836575876,0.05,0.25
155,0.9813116152180202,0.4961088452795609,0.9268754931424568,0.49794310078389115,0.2520355925627262,0.49259430990327246,0.7578125,0.3818002005714783,0.35713274406470574,0.08984375,0.5542857142857143,0.3845093698371175,0.3608678250175189,0.1,0.046875,0.04,0.26857142857142857,9.90857142857143,0.02734375,0.0,0.04347759937080343,0.11836634914903715,5.28125,0.0,0.0,0.15,0.078125,0,0.1626873897422911,0.19109280235869847,3.3714863106434274,0.7567494197008923,0.0,0.9285714285714286,0.0,0.0,0.0,0.0,0.0,0.08,0.046875,0.05,0.25
156,0.9808375354657232,0.49635716113290357,0.9265243467379036,0.49817840472962693,0.2520355925627262,0.49254583394063106,0.8352941176470589,0.3809915506796594,0.35724420547634717,0.09019607843137255,0.6085714285714285,0.3844522269799746,0.3608249678746618,0.1,0.047058823529411764,0.04285714285714286,0.2714285714285714,9.922857142857143,0.023529411764705882,0.002857142857142857,0.04353498849574904,0.11836634914903713,5.176470588235294,0.0,0.0,0.15,0.0784313725490196,0,0.16261638207929394,0.19013733834690497,3.3469137272877023,0.7705918227075738,0.0,0.9333333333333333,0.0,0.0,0.0,0.0,0.0,0.08,0.05078125,0.05,0.25
157,0.9783210308737409,0.4966927886765094,0.9246908933923166,0.4982414192628815,0.2520355925627262,0.49251570418293383,0.796078431372549,0.3809915506796594,0.35724420547634717,0.09019607843137255,0.58,0.3844522269799746,0.3608249678746618,0.1,0.03137254901960784,0.022857142857142857,0.2714285714285714,9.942857142857143,0.023529411764705882,0.0,0.04363350373544622,0.11836634914903713,5.176470588235294,0.0,0.0,0.15,0.0784313725490196,0,0.1619461573117546,0.18918665165517046,3.3028325955990905,0.7551799862534223,0.0,1.0,0.0,0.0,0.0,0.0,0.0,0.08,0.03137254901960784,0.05,0.25
158,0.9785588134998211,0.49607121604181925,0.9248641350198893,0.49770847840128324,0.2520355925627262,0.49234271865693824,0.8235294117647058,0.3809915506796594,0.35724420547634717,0.09019607843137255,0.6,0.3844522269799746,0.3608249678746618,0.1,0.027450980392156862,0.025714285714285714,0.2714285714285714,9.96,0.023529411764705882,0.0,0.04363350373544622,0.11836634914903713,5.176470588235294,0.0,0.0,0.15,0.0784313725490196,0,0.16133628366805297,0.1882407183968946,3.2624902294013944,0.7400763865283538,0.0,1.0,0.0,0.0,0.0,0.0,0.0,0.08,0.027450980392156862,0.05,0.25
159,0.9809423968332658,0.4965877033442864,0.9266007457342562,0.4984995685236371,0.2520355925627262,0.4922181308466615,0.8156862745098039,0.38075625656201234,0.35706773488811183,0.09019607843137255,0.5942857142857143,0.3842807984085461,0.36069639644609036,0.1,0.0392156862745098,0.04,0.2714285714285714,9.985714285714286,0.023529411764705882,0.0,0.04363350373544622,0.11836634914903713,5.176470588235294,0.0,0.0,0.15,0.0784313725490196,0,0.16164346010685554,0.18729951480491014,3.237240424813367,0.8343758723830875,0.0,0.8571428571428571,0.0,0.0,0.0,0.0,0.0,0.08,0.0392156862745098,0.05,0.25
160,0.9798621648477225,0.4966580374655861,0.9258137195733603,0.4983227110214275,0.2520355925627262,0.49225183373711484,0.8117647058823529,0.38075625656201234,0.35706773488811183,0.09019607843137255,0.5914285714285714,0.3842807984085461,0.36069639644609036,0.1,0.027450980392156862,0.02857142857142857,0.2714285714285714,9.994285714285715,0.023529411764705882,0.0,0.04363350373544622,0.11836634914903713,5.176470588235294,0.0,0.0,0.15,0.0784313725490196,0,0.16112010280274983,0.18636301723088555,3.201067044888528,0.8176883549354258,0.0,1.0,0.0,0.0,0.0,0.0,0.0,0.08,0.027450980392156862,0.05,0.25
161,0.9803511227459157,0.4953730694979875,0.9256535217384955,0.49728714048242606,0.2520355925627262,0.4922495800375766,0.8267716535433071,0.3809405424171127,0.35751724533246304,0.09055118110236221,0.6,0.3842807984085461,0.36069639644609036,0.1,0.031496062992125984,0.03428571428571429,0.2742857142857143,10.01142857142857,0.023622047244094488,0.002857142857142857,0.043856587259635545,0.11836634914903713,5.0078740157480315,0.0,0.0,0.15,0.07874015748031496,0,0.16054293086016466,0.18543120214473113,3.171331418276472,0.8013345878367172,0.0,1.0,0.0,0.0,0.0,0.0,0.0,0.08,0.03529411764705882,0.05,0.25
162,0.980343372448176,0.4958786488124713,0.9253386283894591,0.4977939300594394,0.2520355925627262,0.4923321779172967,0.8735177865612648,0.38069690149395835,0.3572066894904574,0.09090909090909091,0.6314285714285715,0.3842236555514032,0.3606535393032332,0.1,0.043478260869565216,0.04,0.27714285714285714,10.025714285714285,0.019762845849802372,0.002857142857142857,0.04387260593291137,0.11836634914903713,5.003952569169961,0.0,0.0,0.15,0.07905138339920949,0,0.16039721620586386,0.18450404613400748,3.147904789910942,0.79837815579264,0.0,0.9285714285714286,0.0,0.0,0.0,0.0,0.0,0.08,0.04330708661417323,0.05,0.25
163,0.9801715495991931,0.49477545077825064,0.9250476353694765,0.4976370043828461,0.2520355925627262,0.49242410752608634,0.8690476190476191,0.38088584400588343,0.3582469849474323,0.09126984126984126,0.6257142857142857,0.38405222697997465,0.36052496787466176,0.1,0.03968253968253968,0.03428571428571429,0.28,10.048571428571428,0.015873015873015872,0.002857142857142857,0.043911884145370235,0.11836634914903713,4.984126984126984,0.0,0.0,0.15,0.07936507936507936,0,0.16059523012483454,0.196037318544841,3.119232408398438,0.8720965499423522,0.0,0.8333333333333334,0.0,0.0,0.0,0.0,0.0,0.08,0.039525691699604744,0.05,0.25
164,0.980793745810468,0.4940756561960884,0.9254956166415944,0.49727813682597516,0.2520355925627262,0.49252888426826863,0.8174603174603174,0.38056838368842305,0.35800888970933703,0.09126984126984126,0.5885714285714285,0.3838236555514032,0.36035353930323316,0.1,0.023809523809523808,0.025714285714285714,0.28,10.071428571428571,0.015873015873015872,0.0,0.043911884145370235,0.11836634914903713,4.984126984126984,0.0,0.0,0.15,0.07936507936507936,0,0.1608491111170675,0.20742238277259065,3.0825620459447536,0.8911031672590763,0.0,0.7777777777777778,0.0,0.0,0.0,0.0,0.0,0.08,0.023809523809523808,0.05,0.25
165,0.9805440030264939,0.49430695907363076,0.9253158018371329,0.49774943410901284,0.2520355925627262,0.4925689094048218,0.8095238095238095,0.38056838368842305,0.35800888970933703,0.09126984126984126,0.5828571428571429,0.3838236555514032,0.36035353930323316,0.1,0.03571428571428571,0.03142857142857143,0.28,10.08,0.015873015873015872,0.0,0.043911884145370235,0.11836634914903713,4.984126984126984,0.0,0.0,0.15,0.07936507936507936,0,0.16030172270433932,0.2063852708587277,3.052339376454431,0.8732811039138948,0.0,1.0,0.0,0.0,0.0,0.0,0.0,0.08,0.03571428571428571,0.05,0.25
166,0.9792780047100947,0.4944174223381697,0.9244042830493258,0.49730921483632656,0.2520355925627262,0.49274485301400556,0.8373015873015873,0.3804096535296929,0.35788984209028946,0.09126984126984126,0.6028571428571429,0.3837093698371174,0.3602678250175189,0.1,0.03571428571428571,0.03142857142857143,0.28,10.09142857142857,0.015873015873015872,0.0,0.043911884145370235,0.11836634914903713,4.984126984126984,0.0,0.0,0.15,0.07936507936507936,0,0.1601002140908176,0.20535334450443404,3.0227211603539135,0.8681255332467198,0.0,0.9090909090909091,0.0,0.0,0.0,0.0,0.0,0.08,0.03571428571428571,0.05,0.25
167,0.9825284502496143,0.494481706733663,0.9267446038377797,0.4971671757198681,0.2520355925627262,0.492949204822531,0.8293650793650794,0.3804096535296929,0.35788984209028946,0.09126984126984126,0.5971428571428572,0.3837093698371174,0.3602678250175189,0.1,0.03571428571428571,0.03142857142857143,0.28,10.111428571428572,0.015873015873015872,0.0,0.043911884145370235,0.11836634914903713,4.984126984126984,0.0,0.0,0.15,0.07936507936507936,0,0.15949957016322067,0.20432657778191188,2.9936953085754068,0.8507630225817854,0.0,1.0,0.0,0.0,0.0,0.0,0.0,0.08,0.03571428571428571,0.05,0.25
168,0.9805861801715292,0.49537057097645076,0.9253461693815584,0.4978512639716898,0.2520355925627262,0.49302023734482897,0.8452380952380952,0.38017155829159766,0.35771127066171804,0.09126984126984126,0.6085714285714285,0.3835379412656889,0.3601392535889475,0.1,0.03571428571428571,0.037142857142857144,0.28,10.131428571428572,0.015873015873015872,0.0,0.043911884145370235,0.11836634914903713,4.984126984126984,0.0,0.0,0.15,0.07936507936507936,0,0.159787643740976,0.20330494489300233,2.970964259546755,0.840990313478381,0.0,0.8461538461538461,0.0,0.0,0.0,0.0,0.0,0.08,0.03571428571428571,0.05,0.25
169,0.9806558215093906,0.49672726034978687,0.9253963111448187,0.49841115810044406,0.2520355925627262,0.4931487772618932,0.7936507936507936,0.38017155829159766,0.35771127066171804,0.09126984126984126,0.5714285714285714,0.3835379412656889,0.3601392535889475,0.1,0.03571428571428571,0.03428571428571429,0.28,10.154285714285715,0.015873015873015872,0.0,0.043911884145370235,0.11836634914903713,4.984126984126984,0.0,0.0,0.15,0.07936507936507936,0,0.1591601340936997,0.20228842016853732,2.9458306886415344,0.8241705072088135,0.0,1.0,0.0,0.0,0.0,0.0,0.0,0.08,0.03571428571428571,0.05,0.25
170,0.9806293434255283,0.4969496097909651,0.9253772469244378,0.49844596218777043,0.2520355925627262,0.4933890447005397,0.8095238095238095,0.38001282813286746,0.3575922230426704,0.09126984126984126,0.5828571428571429,0.38342365555140323,0.3600535393032332,0.1,0.04365079365079365,0.04,0.28,10.165714285714285,0.015873015873015872,0.0,0.043911884145370235,0.11836634914903713,4.984126984126984,0.0,0.0,0.15,0.07936507936507936,0,0.1589643334232312,0.20127697806769462,2.9269140748687046,0.8698972180084482,0.0,0.9285714285714286,0.0,0.0,0.0,0.0,0.0,0.08,0.04365079365079365,0.05,0.25
171,0.9807599336485269,0.496209220112744,0.9254712718849968,0.4977315183687342,0.2520355925627262,0.49367239656332407,0.8293650793650794,0.3798540979741374,0.3574731754236228,0.09126984126984126,0.5971428571428572,0.38330936983711744,0.35996782501751895,0.1,0.03571428571428571,0.03142857142857143,0.28,10.188571428571429,0.015873015873015872,0.0,0.043911884145370235,0.11836634914903713,4.984126984126984,0.0,0.0,0.15,0.07936507936507936,0,0.15882622675611502,0.22313902253446494,2.899804364799901,0.8717050596020486,0.0,0.9090909090909091,0.0,0.0,0.0,0.0,0.0,0.08,0.03571428571428571,0.05,0.25
172,0.9809118654379548,0.49566305487311946,0.9255806627733849,0.497851972594497,0.2520355925627262,0.49382085952442395,0.8849206349206349,0.37969536781540725,0.3573541278045752,0.09126984126984126,0.6371428571428571,0.38319508412283176,0.35988211073180465,0.1,0.03571428571428571,0.02857142857142857,0.28,10.211428571428572,0.015873015873015872,0.0,0.043911884145370235,0.11836634914903713,4.984126984126984,0.0,0.0,0.15,0.07936507936507936,0,0.1586319527651916,0.22202332742179262,2.8703797060753318,0.8894949587776007,0.0,0.9,0.0,0.0,0.0,0.0,0.0,0.08,0.03571428571428571,0.05,0.25
173,0.9824445912977354,0.496324969320864,0.9263167517787968,0.49822498356700845,0.2520355925627262,0.4939267271417253,0.8406374501992032,0.3801129452866874,0.35849077082618547,0.09163346613545817,0.6028571428571429,0.38319508412283176,0.35988211073180465,0.1,0.027888446215139442,0.03142857142857143,0.28285714285714286,10.231428571428571,0.01195219123505976,0.002857142857142857,0.044061686384949526,0.11836634914903713,4.868525896414343,0.0,0.0,0.15,0.0796812749003984,0,0.15806707871565134,0.22091321078468365,2.8444006833823963,0.8717050596020486,0.0,1.0,0.0,0.0,0.0,0.0,0.0,0.08,0.031746031746031744,0.05,0.25
174,0.9819834113066186,0.4967549960653184,0.9255212469119974,0.4982403184930435,0.2520355925627262,0.4941442813004282,0.88,0.3804792985578014,0.3585622088214037,0.092,0.6285714285714286,0.38313794126568884,0.35983925358894747,0.1,0.04,0.037142857142857144,0.2857142857142857,10.251428571428571,0.016,0.002857142857142857,0.04410228393235314,0.11836634914903713,4.848,0.0,0.0,0.15,0.08,0,0.15790517189350164,0.22443594877020942,2.824655526857605,0.8858423808639998,0.0,0.9230769230769231,0.0,0.0,0.0,0.0,0.0,0.08,0.043824701195219126,0.05,0.25
175,0.9817294842629619,0.49591731833504216,0.9253398704522426,0.49749708246817276,0.2520355925627262,0.4943846328663562,0.812,0.3803192985578014,0.3584422088214037,0.092,0.58,0.38302365555140316,0.35975353930323317,0.1,0.04,0.03142857142857143,0.2857142857142857,10.268571428571429,0.016,0.0,0.04411348977006867,0.11836634914903713,4.848,0.0,0.0,0.15,0.08,0,0.1576585031768913,0.23096047840088943,2.799590987749025,0.8717050596020486,0.0,0.9090909090909091,0.0,0.0,0.0,0.0,0.0,0.08,0.04,0.05,0.25
176,0.9818484760774513,0.4964956812150474,0.9254248646054493,0.49758007501680435,0.2520355925627262,0.49457628814837434,0.832,0.3803192985578014,0.3584422088214037,0.092,0.5942857142857143,0.38302365555140316,0.35975353930323317,0.1,0.024,0.022857142857142857,0.2857142857142857,10.282857142857143,0.016,0.0,0.04411348977006867,0.11836634914903713,4.848,0.0,0.0,0.15,0.08,0,0.15709849637529255,0.229805676008885,2.766456310851187,0.8542709584100077,0.0,1.0,0.0,0.0,0.0,0.0,0.0,0.08,0.024,0.05,0.25
177,0.9827048746291638,0.49699188367885394,0.9260365778566726,0.49779220262024815,0.2520355925627262,0.4947404434202797,0.856,0.3803192985578014,0.3584422088214037,0.092,0.6114285714285714,0.38302365555140316,0.35975353930323317,0.1,0.016,0.017142857142857144,0.2857142857142857,10.297142857142857,0.016,0.0,0.04411348977006867,0.11836634914903713,4.848,0.0,0.0,0.15,0.08,0,0.1564272896077018,0.22865664762884058,2.7282700417770203,0.8371855392418075,0.0,1.0,0.0,0.0,0.0,0.0,0.0,0.08,0.016,0.05,0.25
178,0.9833265570476332,0.4966490349768937,0.9264806367270079,0.4972950227583671,0.2520355925627262,0.4949821503498205,0.812,0.3803192985578014,0.3584422088214037,0.092,0.58,0.38302365555140316,0.35975353930323317,0.1,0.02,0.014285714285714285,0.2857142857142857,10.32,0.016,0.0,0.04411348977006867,0.11836634914903713,4.848,0.0,0.0,0.15,0.08,0,0.15575929601680616,0.22751336439069636,2.687990355227194,0.8204418284569713,0.0,1.0,0.0,0.0,0.0,0.0,0.0,0.08,0.02,0.05,0.25
179,0.9825982023243179,0.49669303293324674,0.9259603833532112,0.49739236811279436,0.2520355925627262,0.49517506663909516,0.824,0.3803192985578014,0.3584422088214037,0.092,0.5885714285714285,0.38302365555140316,0.35975353930323317,0.1,0.032,0.025714285714285714,0.2857142857142857,10.337142857142856,0.016,0.0,0.04411348977006867,0.11836634914903713,4.848,0.0,0.0,0.15,0.08,0,0.15523692882243642,0.22637579756874288,2.6599448338369363,0.8040329918878318,0.0,1.0,0.0,0.0,0.0,0.0,0.0,0.08,0.032,0.05,0.25
180,0.9823188409403592,0.4976081613055989,0.9257608395075265,0.4984433164386623,0.2520355925627262,0.49523198561137705,0.816,0.3803192985578014,0.3584422088214037,0.092,0.5828571428571429,0.38302365555140316,0.35975353930323317,0.1,0.024,0.022857142857142857,0.2857142857142857,10.342857142857143,0.016,0.0,0.04411348977006867,0.11836634914903713,4.848,0.0,0.0,0.15,0.08,0,0.15463202989260993,0.22524391858089918,2.6296030800173398,0.7879523320500753,0.0,1.0,0.0,0.0,0.0,0.0,0.0,0.08,0.024,0.05,0.25
181,0.9828524788046358,0.4981710166541371,0.9261229725694943,0.4989973448579909,0.2520355925627262,0.49523764057017017,0.8393574297188755,0.3805115330197825,0.3578891340286813,0.09236947791164658,0.5971428571428572,0.3827379412656889,0.3595392535889475,0.1,0.0321285140562249,0.03428571428571429,0.2885714285714286,10.36,0.012048192771084338,0.002857142857142857,0.04413968860738635,0.11836634914903713,4.827309236947791,0.0,0.0,0.15,0.08032128514056225,0,0.1552874411717183,0.23118409409837593,2.6112967327027077,0.8487520946425801,0.0,0.75,0.0,0.0,0.0,0.0,0.0,0.08,0.036,0.05,0.25
182,0.9824664955627901,0.4986479125929678,0.9258483730631526,0.49918871256147757,0.2520355925627262,0.4952272540452258,0.8152610441767069,0.3805115330197825,0.3578891340286813,0.09236947791164658,0.58,0.3827379412656889,0.3595392535889475,0.1,0.024096385542168676,0.022857142857142857,0.2885714285714286,10.374285714285714,0.012048192771084338,0.0,0.04413968860738635,0.11836634914903713,4.827309236947791,0.0,0.0,0.15,0.08032128514056225,0,0.15471057610871686,0.23002817362788405,2.5819279409057962,0.8317770527497285,0.0,1.0,0.0,0.0,0.0,0.0,0.0,0.08,0.024096385542168676,0.05,0.25
183,0.9825891682902571,0.49871422068432597,0.9259356459464075,0.499115641079528,0.2520355925627262,0.49522036282892323,0.8273092369477911,0.3805115330197825,0.3578891340286813,0.09236947791164658,0.5885714285714285,0.3827379412656889,0.3595392535889475,0.1,0.03614457831325301,0.03142857142857143,0.2885714285714286,10.402857142857142,0.01606425702811245,0.0,0.04413968860738635,0.11836634914903713,4.827309236947791,0.0,0.0,0.15,0.08032128514056225,0,0.15413688037103043,0.2288780327597446,2.561717953516252,0.8151415116947339,0.0,1.0,0.0,0.0,0.0,0.0,0.0,0.08,0.03614457831325301,0.05,0.25
184,0.9826461410971666,0.4982142189723018,0.9259761780290375,0.4989384565414887,0.2520355925627262,0.49530159200179413,0.8072289156626506,0.3805115330197825,0.3578891340286813,0.09236947791164658,0.5742857142857143,0.3827379412656889,0.3595392535889475,0.1,0.040160642570281124,0.03428571428571429,0.2885714285714286,10.417142857142856,0.01606425702811245,0.0,0.04413968860738635,0.11836634914903713,4.827309236947791,0.0,0.0,0.15,0.08032128514056225,0,0.15353762454060382,0.2277336425959459,2.5447693087316408,0.7988386814608393,0.0,1.0,0.0,0.0,0.0,0.0,0.0,0.08,0.040160642570281124,0.05,0.25
185,0.9823216641583035,0.49798906463120757,0.9257453358639607,0.49914798659597814,0.2520355925627262,0.4952941483841236,0.8112449799196787,0.3805115330197825,0.3578891340286813,0.09236947791164658,0.5771428571428572,0.3827379412656889,0.3595392535889475,0.1,0.028112449799196786,0.02,0.2885714285714286,10.434285714285714,0.01606425702811245,0.0,0.04413968860738635,0.11836634914903713,4.827309236947791,0.0,0.0,0.15,0.08032128514056225,0,0.1528556507036151,0.22659497438296616,2.5138739225570084,0.7828619078316225,0.0,1.0,0.0,0.0,0.0,0.0,0.0,0.08,0.028112449799196786,0.05,0.25
186,0.9813869938801729,0.4980824206518166,0.9250803847232334,0.4992232066118319,0.2520355925627262,0.49526592543983944,0.8232931726907631,0.3805115330197825,0.3578891340286813,0.09236947791164658,0.5857142857142857,0.3827379412656889,0.3595392535889475,0.1,0.0321285140562249,0.025714285714285714,0.2885714285714286,10.451428571428572,0.01606425702811245,0.0,0.04413968860738635,0.11836634914903713,4.827309236947791,0.0,0.0,0.15,0.08032128514056225,0,0.15226251530723986,0.22546199951105134,2.489310729820154,0.7672046696749899,0.0,1.0,0.0,0.0,0.0,0.0,0.0,0.08,0.0321285140562249,0.05,0.25
187,0.980358361383794,0.4978044373670642,0.9243485861758095,0.49936542892451663,0.2520355925627262,0.4952318081297208,0.8273092369477911,0.38043121173464195,0.3578288930648258,0.09236947791164658,0.5885714285714285,0.382680798408546,0.3594963964460903,0.1,0.040160642570281124,0.03428571428571429,0.2885714285714286,10.474285714285715,0.020080321285140562,0.0,0.04413968860738635,0.11836634914903713,4.827309236947791,0.0,0.0,0.15,0.08032128514056225,0,0.15218634630213224,0.22433468951349606,2.4738102295094646,0.8729196931920147,0.0,0.9166666666666666,0.0,0.0,0.0,0.0,0.0,0.08,0.040160642570281124,0.05,0.25
188,0.9793512227302739,0.49627439450665006,0.9236320789623054,0.49852784356871027,0.2520355925627262,0.49520813278570214,0.8192771084337349,0.38019024787922034,0.35764817017325956,0.09236947791164658,0.5828571428571429,0.3825093698371174,0.3593678250175189,0.1,0.04417670682730924,0.037142857142857144,0.2885714285714286,10.482857142857142,0.01606425702811245,0.0,0.04413968860738635,0.11836634914903713,4.827309236947791,0.0,0.0,0.15,0.08032128514056225,0,0.15245398599919305,0.2232130160659286,2.4614768820621324,0.8725836102746476,0.0,0.8461538461538461,0.0,0.0,0.0,0.0,0.0,0.08,0.04417670682730924,0.05,0.25
189,0.9813622807506956,0.4976374593546526,0.9249218363219656,0.4997060313220077,0.2520355925627262,0.49522404177637885,0.8185483870967742,0.3796004546082227,0.3574625427018053,0.09274193548387097,0.58,0.3825093698371174,0.3593678250175189,0.1,0.03225806451612903,0.025714285714285714,0.2914285714285714,10.505714285714285,0.016129032258064516,0.002857142857142857,0.04416234954804712,0.11836634914903715,4.782258064516129,0.0,0.0,0.15,0.08064516129032258,0,0.15177743035491134,0.22209695098559895,2.4379616301351756,0.8551319380691547,0.0,1.0,0.0,0.0,0.0,0.0,0.0,0.08,0.03614457831325301,0.05,0.25
190,0.9822844580307972,0.49861924773125027,0.9255752647947231,0.5002278006582165,0.2520355925627262,0.49539036739435127,0.8588709677419355,0.3796004546082227,0.3574625427018053,0.09274193548387097,0.6085714285714285,0.3825093698371174,0.3593678250175189,0.1,0.024193548387096774,0.02,0.2914285714285714,10.508571428571429,0.012096774193548387,0.0,0.044217838728221597,0.11836634914903715,4.782258064516129,0.0,0.0,0.15,0.08064516129032258,0,0.15118968606027966,0.22098646623067095,2.409202397532472,0.8380292993077715,0.0,1.0,0.0,0.0,0.0,0.0,0.0,0.08,0.024193548387096774,0.05,0.25
191,0.9803509119490538,0.4981441873071224,0.9242052092853735,0.49970549234100514,0.2520355925627262,0.49567942764918643,0.8225806451612904,0.3796004546082227,0.3574625427018053,0.09274193548387097,0.5828571428571429,0.3825093698371174,0.3593678250175189,0.1,0.028225806451612902,0.025714285714285714,0.2914285714285714,10.514285714285714,0.012096774193548387,0.0,0.044217838728221597,0.11836634914903715,4.782258064516129,0.0,0.0,0.15,0.08064516129032258,0,0.15069030977283537,0.2198815338995176,2.386732635296108,0.8212687133216161,0.0,1.0,0.0,0.0,0.0,0.0,0.0,0.08,0.028225806451612902,0.05,0.25
192,0.9798598376136953,0.4986328925614994,0.9238450054234046,0.499656561966578,0.2520355925627262,0.49589759267243,0.805668016194332,0.3799917572554622,0.35757555857768725,0.0931174089068826,0.5685714285714286,0.38228079840854606,0.3591963964460903,0.1,0.044534412955465584,0.037142857142857144,0.29428571428571426,10.534285714285714,0.012145748987854251,0.002857142857142857,0.04422100893473071,0.11836634914903714,4.777327935222672,0.0,0.0,0.15,0.08097165991902834,0,0.15096542965254267,0.23067813397813966,2.376140839733043,0.8524595017623313,0.0,0.8461538461538461,0.0,0.0,0.0,0.0,0.0,0.08,0.04435483870967742,0.05,0.25
193,0.9800710443465357,0.49782420550735246,0.9239940570320091,0.49957362121454624,0.2520355925627262,0.49599530510099077,0.8259109311740891,0.3799917572554622,0.35757555857768725,0.0931174089068826,0.5828571428571429,0.38228079840854606,0.3591963964460903,0.1,0.008097165991902834,0.011428571428571429,0.29428571428571426,10.551428571428572,0.012145748987854251,0.0,0.04422100893473071,0.11836634914903714,4.777327935222672,0.0,0.0,0.15,0.08097165991902834,0,0.1502963167899942,0.22952474330824896,2.3400465943669535,0.8354103117270847,0.0,1.0,0.0,0.0,0.0,0.0,0.0,0.08,0.008097165991902834,0.05,0.25
194,0.9802100925329423,0.49831162336939716,0.9240921853235591,0.5001905051171563,0.2520355925627262,0.4960105748557394,0.7975708502024291,0.37974884227570516,0.3573933723428694,0.0931174089068826,0.5628571428571428,0.38210936983711746,0.35906782501751894,0.1,0.032388663967611336,0.02857142857142857,0.29428571428571426,10.574285714285715,0.012145748987854251,0.0,0.04422100893473071,0.11836634914903714,4.777327935222672,0.0,0.0,0.15,0.08097165991902834,0,0.1506586923489014,0.23269331088749443,2.321817091051043,0.8698972180084482,0.0,0.8,0.0,0.0,0.0,0.0,0.0,0.08,0.032388663967611336,0.05,0.25
195,0.9809121426960662,0.4980180804660431,0.9245876321529635,0.49994186777149324,0.2520355925627262,0.4959641870636259,0.8218623481781376,0.37974884227570516,0.3573933723428694,0.0931174089068826,0.58,0.38210936983711746,0.35906782501751894,0.1,0.032388663967611336,0.025714285714285714,0.29428571428571426,10.597142857142858,0.012145748987854251,0.0,0.04422100893473071,0.11836634914903714,4.777327935222672,0.0,0.0,0.15,0.08097165991902834,0,0.15004825603001404,0.23152984433305696,2.301095034944308,0.8524992736482793,0.0,1.0,0.0,0.0,0.0,0.0,0.0,0.08,0.032388663967611336,0.05,0.25
196,0.9807345889903983,0.49737433796108593,0.9224329721619613,0.49974987241961927,0.2520355925627262,0.49594696682272127,0.7804878048780488,0.3798343642070309,0.357954486520074,0.09349593495934959,0.5485714285714286,0.38210936983711746,0.35906782501751894,0.1,0.016260162601626018,0.02,0.29714285714285715,10.602857142857143,0.008130081300813009,0.002857142857142857,0.04427192540946047,0.11836634914903714,4.723577235772358,0.0,0.0,0.15,0.08130081300813008,0,0.14946930046414963,0.23037219511139168,2.275073134245422,0.8354492881753136,0.0,1.0,0.0,0.0,0.0,0.0,0.0,0.08,0.020242914979757085,0.05,0.25
197,0.9829904645512394,0.49739959857478977,0.9238866889743745,0.50029212855643,0.2520355925627262,0.4957392905367967,0.8612244897959184,0.37928429305661143,0.35698272554395044,0.09387755102040816,0.6028571428571429,0.3819950841228318,0.35898211073180464,0.1,0.012244897959183673,0.011428571428571429,0.3,10.597142857142858,0.004081632653061225,0.002857142857142857,0.044389892680776026,0.11836634914903714,4.677551020408163,0.0,0.0,0.15,0.08163265306122448,0,0.1492646682475432,0.23250015770089413,2.2410002429890845,0.8375376316861122,0.0,0.75,0.0,0.0,0.0,0.0,0.0,0.08,0.016260162601626018,0.05,0.25
198,0.9814009405908555,0.4976500724492736,0.9227740222021058,0.5004491710958743,0.2520355925627262,0.4958319786983746,0.8367346938775511,0.37928429305661143,0.35698272554395044,0.09387755102040816,0.5857142857142857,0.3819950841228318,0.35898211073180464,0.1,0.02857142857142857,0.02,0.3,10.597142857142858,0.004081632653061225,0.0,0.04439882804036944,0.11836634914903714,4.677551020408163,0.0,0.0,0.15,0.08163265306122448,0,0.14866105919201977,0.23133765691238967,2.2161802381293025,0.8207868790523899,0.0,1.0,0.0,0.0,0.0,0.0,0.0,0.08,0.02857142857142857,0.05,0.25
199,0.9816559253232845,0.4986427795793555,0.9229525115148061,0.5015755500037136,0.2520355925627262,0.4961343909578242,0.8326530612244898,0.37928429305661143,0.35698272554395044,0.09387755102040816,0.5828571428571429,0.3819950841228318,0.35898211073180464,0.1,0.024489795918367346,0.017142857142857144,0.3,10.605714285714285,0.004081632653061225,0.0,0.04439882804036944,0.11836634914903714,4.677551020408163,0.0,0.0,0.15,0.08163265306122448,0,0.1480320396103454,0.2301809686278277,2.188999490509574,0.804371141471342,0.0,1.0,0.0,0.0,0.0,0.0,0.0,0.08,0.024489795918367346,0.05,0.25
200,0.9817071099155679,0.49778033465441923,0.9229883407294044,0.5010709964682537,0.2520355925627262,0.4964095875509255,0.8244897959183674,0.37928429305661143,0.35698272554395044,0.09387755102040816,0.5771428571428572,0.3819950841228318,0.35898211073180464,0.1,0.0326530612244898,0.022857142857142857,0.3,10.617142857142857,0.004081632653061225,0.0,0.04439882804036944,0.11836634914903714,4.677551020408163,0.0,0.0,0.15,0.08163265306122448,0,0.14740616512657936,0.22903006378468857,2.168076643556525,0.7882837186419153,0.0,1.0,0.0,0.0,0.0,0.0,0.0,0.08,0.0326530612244898,0.05,0.25
201,0.9804798172621854,0.49710333975304555,0.9221292358720368,0.500637095388748,0.2520355925627262,0.4968527242183236,0.8448979591836735,0.37928429305661143,0.35698272554395044,0.09387755102040816,0.5914285714285714,0.3819950841228318,0.35898211073180464,0.1,0.012244897959183673,0.008571428571428572,0.3,10.634285714285713,0.004081632653061225,0.0,0.04439882804036944,0.11836634914903714,4.677551020408163,0.0,0.0,0.15,0.08163265306122448,0,0.14669770572951787,0.22788491346576512,2.133286539256823,0.7725180442690769,0.0,1.0,0.0,0.0,0.0,0.0,0.0,0.08,0.012244897959183673,0.05,0.25
202,0.9794286820919276,0.49827283323283733,0.9213934412528563,0.5021294414978892,0.2520355925627262,0.49710329576534024,0.8448979591836735,0.37928429305661143,0.35698272554395044,0.09387755102040816,0.5914285714285714,0.3819950841228318,0.35898211073180464,0.1,0.0163265306122449,0.011428571428571429,0.3,10.637142857142857,0.004081632653061225,0.0,0.04439882804036944,0.11836634914903714,4.677551020408163,0.0,0.0,0.15,0.08163265306122448,0,0.1461067886294417,0.2267454888984363,2.102049379900258,0.7570676833836953,0.0,1.0,0.0,0.0,0.0,0.0,0.0,0.08,0.0163265306122449,0.05,0.25
203,0.9812737384677868,0.49745327113859855,0.9226849807159578,0.5018935967989641,0.2520355925627262,0.4975129273223309,0.8571428571428571,0.37928429305661143,0.35698272554395044,0.09387755102040816,0.6,0.3819950841228318,0.35898211073180464,0.1,0.024489795918367346,0.017142857142857144,0.3,10.645714285714286,0.004081632653061225,0.0,0.04439882804036944,0.11836634914903714,4.677551020408163,0.0,0.0,0.15,0.08163265306122448,0,0.14551868397200882,0.2256117614539441,2.07715124944511,0.7419263297160215,0.0,1.0,0.0,0.0,0.0,0.0,0.0,0.08,0.024489795918367346,0.05,0.25
204,0.9822084857914913,0.49719873940345466,0.9233393038425509,0.5017482278995415,0.2520355925627262,0.4978499265303452,0.7836734693877551,0.37912102775048895,0.35686027656435865,0.09387755102040816,0.5485714285714286,0.381880798408546,0.35889639644609034,0.1,0.02040816326530612,0.014285714285714285,0.3,10.662857142857144,0.004081632653061225,0.0,0.04439882804036944,0.11836634914903714,4.677551020408163,0.0,0.0,0.15,0.08163265306122448,0,0.14527680483786307,0.2244837026466744,2.049893938741922,0.7595003636695686,0.0,0.8,0.0,0.0,0.0,0.0,0.0,0.08,0.02040816326530612,0.05,0.25
205,0.9826707642432971,0.49830297911784477,0.9236628987588149,0.502495515849625,0.2520355925627262,0.49811162180649243,0.8326530612244898,0.37912102775048895,0.35686027656435865,0.09387755102040816,0.5828571428571429,0.381880798408546,0.35889639644609034,0.1,0.0326530612244898,0.022857142857142857,0.3,10.674285714285714,0.004081632653061225,0.0,0.04439882804036944,0.11836634914903714,4.677551020408163,0.0,0.0,0.15,0.08163265306122448,0,0.14474985009938804,0.223361284133441,2.031753202824227,0.7443103563961773,0.0,1.0,0.0,0.0,0.0,0.0,0.0,0.08,0.0326530612244898,0.05,0.25
206,0.9839145221201369,0.4987628435668695,0.9245335292726028,0.5027383175508636,0.2520355925627262,0.4984449566650959,0.7877551020408163,0.37912102775048895,0.35686027656435865,0.09387755102040816,0.5514285714285714,0.381880798408546,0.35889639644609034,0.1,0.0326530612244898,0.022857142857142857,0.3,10.682857142857143,0.004081632653061225,0.0,0.04439882804036944,0.11836634914903714,4.677551020408163,0.0,0.0,0.15,0.08163265306122448,0,0.1441403865631768,0.2222444777127738,2.0139752816248846,0.7294241492682537,0.0,1.0,0.0,0.0,0.0,0.0,0.0,0.08,0.0326530612244898,0.05,0.25
207,0.9840353639910311,0.4975822483152174,0.9246181185822288,0.5018347848325323,0.2520355925627262,0.4986775916942416,0.8489795918367347,0.37912102775048895,0.35686027656435865,0.09387755102040816,0.5942857142857143,0.381880798408546,0.35889639644609034,0.1,0.0163265306122449,0.011428571428571429,0.3,10.682857142857143,0.004081632653061225,0.0,0.04439882804036944,0.11836634914903714,4.677551020408163,0.0,0.0,0.15,0.08163265306122448,0,0.14350539891607522,0.22113325532420994,1.9851243474209586,0.7148356662828886,0.0,1.0,0.0,0.0,0.0,0.0,0.0,0.08,0.0163265306122449,0.05,0.25
208,0.9836150420408563,0.49877347693625385,0.9243238932171062,0.5027793269462464,0.2520355925627262,0.4988487737596015,0.8326530612244898,0.37912102775048895,0.35686027656435865,0.09387755102040816,0.5828571428571429,0.381880798408546,0.35889639644609034,0.1,0.02857142857142857,0.02,0.3,10.691428571428572,0.004081632653061225,0.0,0.04439882804036944,0.11836634914903714,4.677551020408163,0.0,0.0,0.15,0.08163265306122448,0,0.1429305862072091,0.22002758904758887,1.9654218604725393,0.7005389529572308,0.0,1.0,0.0,0.0,0.0,0.0,0.0,0.08,0.02857142857142857,0.05,0.25
209,0.9836861877535857,0.4991394733351837,0.924373695216017,0.50276509703139,0.2520355925627262,0.4990865908466381,0.7918367346938775,0.3789577624443666,0.3567378275847668,0.09387755102040816,0.5542857142857143,0.3817665126942603,0.3588106821603761,0.1,0.02857142857142857,0.022857142857142857,0.3,10.708571428571428,0.004081632653061225,0.0,0.04439882804036944,0.11836634914903714,4.677551020408163,0.0,0.0,0.15,0.08163265306122448,0,0.1427587904190302,0.21892745110235093,1.9489705661202315,0.7122464998271222,0.0,0.875,0.0,0.0,0.0,0.0,0.0,0.08,0.02857142857142857,0.05,0.25
210,0.9843812573726264,0.49799829638400944,0.9248602439493454,0.501501953657804,0.2520355925627262,0.49923753037225244,0.8408163265306122,0.37887612979130536,0.35667660309497085,0.09387755102040816,0.5885714285714285,0.38170936983711745,0.35876782501751897,0.1,0.02040816326530612,0.014285714285714285,0.3,10.72,0.004081632653061225,0.0,0.04439882804036944,0.11836634914903714,4.677551020408163,0.0,0.0,0.15,0.08163265306122448,0,0.14253071075264936,0.22264904672250127,1.924276869083541,0.7278791965601464,0.0,0.8,0.0,0.0,0.0,0.0,0.0,0.08,0.02040816326530612,0.05,0.25
211,0.9841970956974011,0.49809582728973956,0.9247313307766878,0.5019751916285653,0.2520355925627262,0.4992570736689788,0.8,0.37887612979130536,0.35667660309497085,0.09387755102040816,0.56,0.38170936983711745,0.35876782501751897,0.1,0.02040816326530612,0.014285714285714285,0.3,10.722857142857142,0.004081632653061225,0.0,0.04439882804036944,0.11836634914903714,4.677551020408163,0.0,0.0,0.15,0.08163265306122448,0,0.14196062862745754,0.22153580148888874,1.9000770459875844,0.7133216126289436,0.0,1.0,0.0,0.0,0.0,0.0,0.0,0.08,0.02040816326530612,0.05,0.25
212,0.9839611605716521,0.4972750581343391,0.9245661761886634,0.5012037177624112,0.2520355925627262,0.4992509838807506,0.7795918367346939,0.37863123183212166,0.356554154115379,0.09387755102040816,0.5457142857142857,0.38153794126568885,0.35868211073180467,0.1,0.02040816326530612,0.014285714285714285,0.3,10.742857142857142,0.00816326530612245,0.0,0.04439882804036944,0.11836634914903714,4.677551020408163,0.0,0.0,0.15,0.08163265306122448,0,0.14222211119860595,0.2347117329933188,1.8763612193535468,0.7472098372393632,0.0,0.6,0.0,0.0,0.0,0.0,0.0,0.08,0.02040816326530612,0.05,0.25
213,0.984647518844507,0.4970687383557209,0.9250904912115346,0.500610250679965,0.2520355925627262,0.49919427482946077,0.7868852459016393,0.3793047083857414,0.3576774606006573,0.0942622950819672,0.5485714285714286,0.38153794126568885,0.35868211073180467,0.1,0.020491803278688523,0.017142857142857144,0.3028571428571429,10.768571428571429,0.004098360655737705,0.002857142857142857,0.04445748411865409,0.11836634914903714,4.639344262295082,0.0,0.0,0.15,0.08196721311475409,0,0.14165371492832718,0.2335381743283522,1.8559768521093332,0.7322656404945759,0.0,1.0,0.0,0.0,0.0,0.0,0.0,0.08,0.024489795918367346,0.05,0.25
214,0.9838820731800427,0.49605359086838824,0.9245568662340224,0.5002514489154599,0.2520355925627262,0.49917002947400124,0.7704918032786885,0.3793047083857414,0.3576774606006573,0.0942622950819672,0.5371428571428571,0.38153794126568885,0.35868211073180467,0.1,0.028688524590163935,0.02,0.3028571428571429,10.768571428571429,0.00819672131147541,0.0,0.04448215495240881,0.11836634914903714,4.639344262295082,0.0,0.0,0.15,0.08196721311475409,0,0.14103116063939986,0.23237048345671044,1.8388573150671463,0.7176203276846843,0.0,1.0,0.0,0.0,0.0,0.0,0.0,0.08,0.028688524590163935,0.05,0.25
215,0.983312774932501,0.49615821243090563,0.924159984027165,0.500289113019152,0.2520355925627262,0.4991079245217017,0.8278688524590164,0.37889487232016755,0.35737008355147704,0.0942622950819672,0.5771428571428572,0.3812522269799747,0.3584678250175189,0.1,0.028688524590163935,0.02,0.3028571428571429,10.754285714285714,0.004098360655737705,0.0,0.04448215495240881,0.11836634914903714,4.639344262295082,0.0,0.0,0.15,0.08196721311475409,0,0.14169743340763138,0.23120863103942688,1.8220801687658033,0.8057589855103188,0.0,0.5714285714285714,0.0,0.0,0.0,0.0,0.0,0.08,0.028688524590163935,0.05,0.25
216,0.9840556103600965,0.496208384043453,0.9246778464395458,0.5003618708678196,0.2520355925627262,0.4991024503617234,0.8114754098360656,0.37889487232016755,0.35737008355147704,0.0942622950819672,0.5657142857142857,0.3812522269799747,0.3584678250175189,0.1,0.01639344262295082,0.011428571428571429,0.3028571428571429,10.74,0.004098360655737705,0.0,0.04448215495240881,0.11836634914903714,4.639344262295082,0.0,0.0,0.15,0.08196721311475409,0,0.14107466052630757,0.23005258788422975,1.7970671368190587,0.7896438058001124,0.0,1.0,0.0,0.0,0.0,0.0,0.0,0.08,0.01639344262295082,0.05,0.25
217,0.9845485049009941,0.4952064594216774,0.9250214643480571,0.4993413796706438,0.2520355925627262,0.49915650628635333,0.8401639344262295,0.37889487232016755,0.35737008355147704,0.0942622950819672,0.5857142857142857,0.3812522269799747,0.3584678250175189,0.1,0.01639344262295082,0.011428571428571429,0.3028571428571429,10.754285714285714,0.004098360655737705,0.0,0.04448215495240881,0.11836634914903714,4.639344262295082,0.0,0.0,0.15,0.08196721311475409,0,0.14042643008081887,0.2289023249448086,1.772554365511249,0.7738509296841102,0.0,1.0,0.0,0.0,0.0,0.0,0.0,0.08,0.01639344262295082,0.05,0.25
218,0.9843228476295817,0.4950601309345355,0.9248641489931296,0.49920141165441223,0.2520355925627262,0.4990672419370177,0.819672131147541,0.37889487232016755,0.35737008355147704,0.0942622950819672,0.5714285714285714,0.3812522269799747,0.3584678250175189,0.1,0.020491803278688523,0.014285714285714285,0.3028571428571429,10.765714285714285,0.004098360655737705,0.0,0.04448215495240881,0.11836634914903714,4.639344262295082,0.0,0.0,0.15,0.08196721311475409,0,0.13978144078755764,0.22775781332008455,1.7513889924867383,0.758373911090428,0.0,1.0,0.0,0.0,0.0,0.0,0.0,0.08,0.020491803278688523,0.05,0.25
219,0.9830347216285537,0.4949982839906855,0.9239661411524129,0.4994589662727787,0.2520355925627262,0.49881017183096527,0.7950819672131147,0.37889487232016755,0.35737008355147704,0.0942622950819672,0.5542857142857143,0.3812522269799747,0.3584678250175189,0.1,0.01639344262295082,0.011428571428571429,0.3028571428571429,10.768571428571429,0.00819672131147541,0.0,0.04448215495240881,0.11836634914903714,4.639344262295082,0.0,0.0,0.15,0.08196721311475409,0,0.1391963914407627,0.22661902425348412,1.727789784065575,0.7432064328686193,0.0,1.0,0.0,0.0,0.0,0.0,0.0,0.08,0.01639344262295082,0.05,0.25
220,0.9820866728946868,0.49567425752388283,0.9233401990184237,0.5006686726093579,0.2520355925627262,0.49860001534482856,0.8559670781893004,0.3788314729613849,0.3579855564740888,0.09465020576131687,0.5942857142857143,0.3811950841228317,0.3584249678746618,0.1,0.024691358024691357,0.017142857142857144,0.3057142857142857,10.78,0.00411522633744856,0.002857142857142857,0.04454602479620848,0.11836634914903715,4.584362139917696,0.0,0.0,0.15,0.0823045267489712,0,0.1390431237692732,0.2254859291322167,1.7103768455271204,0.7712841736832255,0.0,0.8333333333333334,0.0,0.0,0.0,0.0,0.0,0.08,0.02459016393442623,0.05,0.25
221,0.9828288114295752,0.4948824851939218,0.9238554552012176,0.5003664755634706,0.2520355925627262,0.4985376658149822,0.8148148148148148,0.3788314729613849,0.3579855564740888,0.09465020576131687,0.5657142857142857,0.3811950841228317,0.3584249678746618,0.1,0.02880658436213992,0.02,0.3057142857142857,10.774285714285714,0.00411522633744856,0.0,0.044562903586532074,0.11836634914903715,4.584362139917696,0.0,0.0,0.15,0.07818930041152264,0,0.1384336224361411,0.22435849948655565,1.6961693086165783,0.7558584902095611,0.0,1.0,0.0,0.0,0.0,0.0,0.0,0.08,0.02880658436213992,0.05,0.25
222,0.9830246745701748,0.49568786314622876,0.9239914401816912,0.5006563036840839,0.2520355925627262,0.4984390328959822,0.7818930041152263,0.3787491684346359,0.3579238280790271,0.09465020576131687,0.5428571428571428,0.3811379412656889,0.35838211073180465,0.1,0.024691358024691357,0.017142857142857144,0.3057142857142857,10.765714285714285,0.00411522633744856,0.0,0.044562903586532074,0.11836634914903715,4.584362139917696,0.0,0.0,0.15,0.07818930041152264,0,0.1382557400382461,0.22323670698912285,1.6793887795871036,0.7594438759290959,0.0,0.8333333333333334,0.0,0.0,0.0,0.0,0.0,0.08,0.024691358024691357,0.05,0.25
223,0.9811665500947894,0.49652993313231525,0.9227013709030663,0.5008876952561964,0.2520355925627262,0.4984326608408468,0.7901234567901234,0.3787491684346359,0.3579238280790271,0.09465020576131687,0.5485714285714286,0.3811379412656889,0.35838211073180465,0.1,0.012345679012345678,0.008571428571428572,0.3057142857142857,10.777142857142858,0.00411522633744856,0.0,0.044562903586532074,0.11836634914903715,4.584362139917696,0.0,0.0,0.15,0.07818930041152264,0,0.13762160419519773,0.22212052345417724,1.6543724325667901,0.744254998410514,0.0,1.0,0.0,0.0,0.0,0.0,0.0,0.08,0.012345679012345678,0.05,0.25
224,0.9815186699125341,0.49659076506244654,0.9229458426622433,0.5006936759773477,0.2520355925627262,0.49824692638209594,0.7860082304526749,0.3787491684346359,0.3579238280790271,0.09465020576131687,0.5457142857142857,0.3811379412656889,0.35838211073180465,0.1,0.01646090534979424,0.011428571428571429,0.3057142857142857,10.774285714285714,0.00411522633744856,0.0,0.044562903586532074,0.11836634914903715,4.584362139917696,0.0,0.0,0.15,0.07818930041152264,0,0.13704763903136458,0.22100992083690635,1.6327135553440255,0.7293698984423037,0.0,1.0,0.0,0.0,0.0,0.0,0.0,0.08,0.01646090534979424,0.05,0.25
225,0.9812620459164327,0.49631348479238224,0.9227676722878073,0.5001979468821279,0.2520355925627262,0.49811232890522095,0.7736625514403292,0.3787491684346359,0.3579238280790271,0.09465020576131687,0.5371428571428571,0.3811379412656889,0.35838211073180465,0.1,0.0,0.0,0.3057142857142857,10.771428571428572,0.00411522633744856,0.0,0.044562903586532074,0.11836634914903715,4.584362139917696,0.0,0.0,0.15,0.07818930041152264,0,0.13636240083620776,0.21990487123272182,1.6000592842371453,0.7147825004734576,0.0,0.0,0.0,0.0,0.0,0.0,0.0,0.08,0.0,0.05,0.25
226,0.9802165267949271,0.497008327585922,0.9220417832977331,0.5006451002578481,0.2520355925627262,0.4980517291721623,0.8395061728395061,0.3787491684346359,0.3579238280790271,0.09465020576131687,0.5828571428571429,0.3811379412656889,0.35838211073180465,0.1,0.02880658436213992,0.02,0.3057142857142857,10.771428571428572,0.00411522633744856,0.0,0.044562903586532074,0.11836634914903715,4.584362139917696,0.0,0.0,0.15,0.07818930041152264,0,0.13585158883202672,0.2188053468765582,1.5880580985524022,0.7004868504639885,0.0,1.0,0.0,0.0,0.0,0.0,0.0,0.08,0.02880658436213992,0.05,0.25
227,0.981781811693849,0.49688024318845914,0.9231285382418419,0.5003455586298595,0.2520355925627262,0.49807058997347636,0.8189300411522634,0.3787491684346359,0.3579238280790271,0.09465020576131687,0.5685714285714286,0.3811379412656889,0.35838211073180465,0.1,0.0205761316872428,0.014285714285714285,0.3057142857142857,10.771428571428572,0.00411522633744856,0.0,0.044562903586532074,0.11836634914903715,4.584362139917696,0.0,0.0,0.15,0.07818930041152264,0,0.1352580451735809,0.21771132014217542,1.5705826508670686,0.6864771134547087,0.0,1.0,0.0,0.0,0.0,0.0,0.0,0.08,0.0205761316872428,0.05,0.25
228,0.980800108668803,0.49687570786586854,0.9224469558558813,0.5006149043133306,0.2520355925627262,0.498031440940876,0.8271604938271605,0.3787491684346359,0.3579238280790271,0.09465020576131687,0.5742857142857143,0.3811379412656889,0.35838211073180465,0.1,0.024691358024691357,0.017142857142857144,0.3057142857142857,10.768571428571429,0.00411522633744856,0.0,0.044562903586532074,0.11836634914903715,4.584362139917696,0.0,0.0,0.15,0.07818930041152264,0,0.13466746923342726,0.21662276354146454,1.5563138549925841,0.6727475711856146,0.0,1.0,0.0,0.0,0.0,0.0,0.0,0.08,0.024691358024691357,0.05,0.25
229,0.9826633970747931,0.49637668052420114,0.9235335209884493,0.5002752845240291,0.2520355925627262,0.498043191253704,0.8471074380165289,0.3796638561132989,0.35875183582378417,0.09504132231404959,0.5857142857142857,0.3811379412656889,0.35838211073180465,0.1,0.01652892561983471,0.011428571428571429,0.30857142857142855,10.777142857142858,0.0,0.002857142857142857,0.0445528346303293,0.11836634914903715,4.586776859504132,0.0,0.0,0.15,0.07851239669421488,0,0.134051274744403,0.21553964972375722,1.5366161493213037,0.6592926197619022,0.0,1.0,0.0,0.0,0.0,0.0,0.0,0.08,0.01646090534979424,0.05,0.25
230,0.9835676415345335,0.4947532598440774,0.9241587414434701,0.49924691533062143,0.2520355925627262,0.49819859908754155,0.859504132231405,0.3796638561132989,0.35875183582378417,0.09504132231404959,0.5942857142857143,0.3811379412656889,0.35838211073180465,0.1,0.028925619834710745,0.02,0.30857142857142855,10.788571428571428,0.004132231404958678,0.0,0.0445528346303293,0.11836634914903715,4.586776859504132,0.0,0.0,0.15,0.07851239669421488,0,0.13349516122782382,0.21446195147513844,1.525883826334878,0.6461067673666642,0.0,1.0,0.0,0.0,0.0,0.0,0.0,0.08,0.028925619834710745,0.05,0.25
231,0.9827853474416015,0.4955876348835562,0.9236178409563568,0.5000006042178802,0.2520355925627262,0.4983913509256092,0.8181818181818182,0.3796638561132989,0.35875183582378417,0.09504132231404959,0.5657142857142857,0.3811379412656889,0.35838211073180465,0.1,0.02066115702479339,0.014285714285714285,0.30857142857142855,10.788571428571428,0.004132231404958678,0.0,0.0445528346303293,0.11836634914903715,4.586776859504132,0.0,0.0,0.15,0.07851239669421488,0,0.132913399707399,0.21338964171776273,1.5096518640938945,0.633184632019331,0.0,1.0,0.0,0.0,0.0,0.0,0.0,0.08,0.02066115702479339,0.05,0.25
232,0.9825321849215207,0.496209088947317,0.9234427971567584,0.5006179552447977,0.2520355925627262,0.49852066397907574,0.859504132231405,0.3796638561132989,0.35875183582378417,0.09504132231404959,0.5942857142857143,0.3811379412656889,0.35838211073180465,0.1,0.024793388429752067,0.017142857142857144,0.30857142857142855,10.802857142857142,0.004132231404958678,0.0,0.0445528346303293,0.11836634914903715,4.586776859504132,0.0,0.0,0.15,0.07851239669421488,0,0.13230597556600487,0.2123226935091739,1.4966016839548735,0.6205209393789443,0.0,1.0,0.0,0.0,0.0,0.0,0.0,0.08,0.024793388429752067,0.05,0.25
233,0.9827825108570746,0.4960387202214505,0.9236158796607696,0.5003481142020421,0.2520355925627262,0.4987053380432191,0.8305785123966942,0.3796638561132989,0.35875183582378417,0.09504132231404959,0.5742857142857143,0.3811379412656889,0.35838211073180465,0.1,0.01652892561983471,0.011428571428571429,0.30857142857142855,10.8,0.004132231404958678,0.0,0.0445528346303293,0.11836634914903715,4.586776859504132,0.0,0.0,0.15,0.07851239669421488,0,0.13173001711674626,0.21126108004162805,1.4780982217043477,0.6081105205913654,0.0,1.0,0.0,0.0,0.0,0.0,0.0,0.08,0.01652892561983471,0.05,0.25
234,0.9825518514103033,0.496576556323975,0.923456395129002,0.5006224810748879,0.2520355925627262,0.49893342752994707,0.8181818181818182,0.3796638561132989,0.35875183582378417,0.09504132231404959,0.5657142857142857,0.3811379412656889,0.35838211073180465,0.1,0.01652892561983471,0.011428571428571429,0.30857142857142855,10.8,0.004132231404958678,0.0,0.0445528346303293,0.11836634914903715,4.586776859504132,0.0,0.0,0.15,0.07851239669421488,0,0.13115693845973397,0.21020477464141993,1.4599648286988323,0.5959483101795381,0.0,1.0,0.0,0.0,0.0,0.0,0.0,0.08,0.01652892561983471,0.05,0.25
235,0.9823948192500573,0.49692642143667837,0.923347818606775,0.5010100964177526,0.2520355925627262,0.49931890218193,0.8801652892561983,0.3796638561132989,0.35875183582378417,0.09504132231404959,0.6085714285714285,0.3811379412656889,0.35838211073180465,0.1,0.02066115702479339,0.014285714285714285,0.30857142857142855,10.814285714285715,0.004132231404958678,0.0,0.0445528346303293,0.11836634914903715,4.586776859504132,0.0,0.0,0.15,0.07851239669421488,0,0.13061529662457816,0.2091537507682128,1.4450512464105698,0.5840293439759473,0.0,1.0,0.0,0.0,0.0,0.0,0.0,0.08,0.02066115702479339,0.05,0.25
236,0.9830225744057701,0.4976507220439872,0.9237818664572964,0.5016352463342706,0.2520355925627262,0.4996307239103078,0.8305785123966942,0.3796638561132989,0.35875183582378417,0.09504132231404959,0.5742857142857143,0.3811379412656889,0.35838211073180465,0.1,0.01652892561983471,0.011428571428571429,0.30857142857142855,10.814285714285715,0.004132231404958678,0.0,0.0445528346303293,0.11836634914903715,4.586776859504132,0.0,0.0,0.15,0.07851239669421488,0,0.13001936299859812,0.20810798201437175,1.4275787929109298,0.5723487570964284,0.0,1.0,0.0,0.0,0.0,0.0,0.0,0.08,0.01652892561983471,0.05,0.25
237,0.9822426799449733,0.49849319550121235,0.9232426251444024,0.5016927912265415,0.2520355925627262,0.4998387500631666,0.8099173553719008,0.3796638561132989,0.35875183582378417,0.09504132231404959,0.56,0.3811379412656889,0.35838211073180465,0.1,0.024793388429752067,0.017142857142857144,0.30857142857142855,10.82,0.004132231404958678,0.0,0.0445528346303293,0.11836634914903715,4.586776859504132,0.0,0.0,0.15,0.07851239669421488,0,0.12948340904074798,0.2070674421042999,1.4161700741955683,0.5609017819544998,0.0,1.0,0.0,0.0,0.0,0.0,0.0,0.08,0.024793388429752067,0.05,0.25
238,0.9814649197907612,0.4982948898393475,0.9227048595520617,0.5018045936645116,0.2520355925627262,0.49992522136736806,0.768595041322314,0.3796638561132989,0.35875183582378417,0.09504132231404959,0.5314285714285715,0.3811379412656889,0.35838211073180465,0.1,0.024793388429752067,0.017142857142857144,0.30857142857142855,10.831428571428571,0.004132231404958678,0.0,0.0445528346303293,0.11836634914903715,4.586776859504132,0.0,0.0,0.15,0.07851239669421488,0,0.1289217062812585,0.20603210489377838,1.4049895298545139,0.5496837463154098,0.0,1.0,0.0,0.0,0.0,0.0,0.0,0.08,0.024793388429752067,0.05,0.25
239,0.9816922149278684,0.498619982094496,0.9228620179040042,0.5021166826556379,0.2520355925627262,0.49985065703998355,0.8057851239669421,0.3796638561132989,0.35875183582378417,0.09504132231404959,0.5571428571428572,0.3811379412656889,0.35838211073180465,0.1,0.024793388429752067,0.017142857142857144,0.30857142857142855,10.848571428571429,0.004132231404958678,0.0,0.0445528346303293,0.11836634914903715,4.586776859504132,0.0,0.0,0.15,0.07851239669421488,0,0.1283628120355665,0.2050019443693095,1.3940325964002809,0.5386900713891016,0.0,1.0,0.0,0.0,0.0,0.0,0.0,0.08,0.024793388429752067,0.05,0.25
240,0.9812124208374837,0.49866719356529327,0.9225302745615097,0.5015150479540021,0.2520355925627262,0.4998308106661198,0.8471074380165289,0.3796638561132989,0.35875183582378417,0.09504132231404959,0.5857142857142857,0.3811379412656889,0.35838211073180465,0.1,0.01652892561983471,0.011428571428571429,0.30857142857142855,10.865714285714287,0.008264462809917356,0.0,0.0445528346303293,0.11836634914903715,4.586776859504132,0.0,0.0,0.15,0.07851239669421488,0,0.12777814083253153,0.20397693464746294,1.3775805159008465,0.5279162699613197,0.0,1.0,0.0,0.0,0.0,0.0,0.0,0.08,0.01652892561983471,0.05,0.25
241,0.9821741343780183,0.49898989204694316,0.9231952307809651,0.5014568068056964,0.2520355925627262,0.4999509351355593,0.8760330578512396,0.3795812114851997,0.35868985235270984,0.09504132231404959,0.6057142857142858,0.3810807984085461,0.3583392535889475,0.1,0.028925619834710745,0.02,0.30857142857142855,10.888571428571428,0.012396694214876033,0.0,0.0445528346303293,0.11836634914903715,4.586776859504132,0.0,0.0,0.15,0.07851239669421488,0,0.12765339298551173,0.20345726706611078,1.3700289055828296,0.5306343698197366,0.0,0.8571428571428571,0.0,0.0,0.0,0.0,0.0,0.08,0.028925619834710745,0.05,0.25
242,0.9829150516914649,0.4995499709316776,0.9237075221805481,0.5015052910098152,0.2520355925627262,0.5001652059838172,0.8388429752066116,0.3795812114851997,0.35868985235270984,0.09504132231404959,0.58,0.3810807984085461,0.3583392535889475,0.1,0.028925619834710745,0.02,0.30857142857142855,10.911428571428571,0.01652892561983471,0.0,0.0445528346303293,0.11836634914903715,4.586776859504132,0.0,0.0,0.15,0.07851239669421488,0,0.12712926887772702,0.20243998073078023,1.3626283274711735,0.5200216824233418,0.0,1.0,0.0,0.0,0.0,0.0,0.0,0.08,0.028925619834710745,0.05,0.25
243,0.9825417269249027,0.5000392554683176,0.9234516197346372,0.5020705893075781,0.2520355925627262,0.5003761488786898,0.8589211618257261,0.3807381939132674,0.359721273879591,0.0954356846473029,0.5914285714285714,0.3810807984085461,0.3583392535889475,0.1,0.012448132780082987,0.008571428571428572,0.31142857142857144,10.914285714285715,0.012448132780082987,0.002857142857142857,0.044555735975182156,0.11836634914903714,4.580912863070539,0.0,0.0,0.15,0.07883817427385892,0,0.12655076539048127,0.20142778082712634,1.3439471894931783,0.509621248774875,0.0,1.0,0.0,0.0,0.0,0.0,0.0,0.08,0.012396694214876033,0.05,0.25
244,0.9831490514152114,0.5006718984713592,0.9238698060265353,0.5024784370737481,0.2520355925627262,0.5005908800712251,0.8049792531120332,0.3807381939132674,0.359721273879591,0.0954356846473029,0.5542857142857143,0.3810807984085461,0.3583392535889475,0.1,0.029045643153526972,0.02,0.31142857142857144,10.92,0.012448132780082987,0.0,0.044555735975182156,0.11836634914903714,4.580912863070539,0.0,0.0,0.15,0.07883817427385892,0,0.1260321544206717,0.2004206419229907,1.3370682457033145,0.4994288237993775,0.0,1.0,0.0,0.0,0.0,0.0,0.0,0.08,0.029045643153526972,0.05,0.25
245,0.9833336644321238,0.5004763221690258,0.9239969252753235,0.5017699282121291,0.2520355925627262,0.5007519965642327,0.8423236514522822,0.3807381939132674,0.359721273879591,0.0954356846473029,0.58,0.3810807984085461,0.3583392535889475,0.1,0.02074688796680498,0.014285714285714285,0.31142857142857144,10.951428571428572,0.016597510373443983,0.0,0.044555735975182156,0.11836634914903714,4.580912863070539,0.0,0.0,0.15,0.07883817427385892,0,0.12548770793428263,0.19941853871337575,1.3246125950749625,0.4894402473233899,0.0,1.0,0.0,0.0,0.0,0.0,0.0,0.08,0.02074688796680498,0.05,0.25
246,0.982981202057748,0.5013846472505344,0.923754229754682,0.5026721839704443,0.2520355925627262,0.500894375038022,0.8423236514522822,0.3807381939132674,0.359721273879591,0.0954356846473029,0.58,0.3810807984085461,0.3583392535889475,0.1,0.02074688796680498,0.014285714285714285,0.31142857142857144,10.977142857142857,0.016597510373443983,0.0,0.044555735975182156,0.11836634914903714,4.580912863070539,0.0,0.0,0.15,0.07883817427385892,0,0.12494598368032549,0.19842144601980885,1.3124060574591776,0.4796514423769221,0.0,1.0,0.0,0.0,0.0,0.0,0.0,0.08,0.02074688796680498,0.05,0.25
247,0.9830170834911712,0.5009913123693743,0.9237789366845534,0.5022018600670151,0.2520355925627262,0.5009427405773779,0.8257261410788381,0.38057221880953296,0.3595967925517902,0.0954356846473029,0.5685714285714286,0.3809665126942603,0.3582535393032332,0.1,0.029045643153526972,0.02,0.31142857142857144,10.982857142857142,0.016597510373443983,0.0,0.044555735975182156,0.11836634914903714,4.580912863070539,0.0,0.0,0.15,0.07883817427385892,0,0.1248355394762096,0.1974293387897098,1.306157936309994,0.5238831403348924,0.0,0.8571428571428571,0.0,0.0,0.0,0.0,0.0,0.08,0.029045643153526972,0.05,0.25
248,0.9808796395153683,0.5011377540844502,0.9223071538326433,0.5023086680917836,0.2520355925627262,0.50093656189555,0.7800829875518672,0.38057221880953296,0.3595967925517902,0.0954356846473029,0.5371428571428571,0.3809665126942603,0.3582535393032332,0.1,0.012448132780082987,0.008571428571428572,0.31142857142857144,10.98857142857143,0.016597510373443983,0.0,0.044555735975182156,0.11836634914903714,4.580912863070539,0.0,0.0,0.15,0.07883817427385892,0,0.12426850463597137,0.19644219209576128,1.2886062061552226,0.5134054775281945,0.0,1.0,0.0,0.0,0.0,0.0,0.0,0.08,0.012448132780082987,0.05,0.25
249,0.9810512981469777,0.5012323976349978,0.9224253530618373,0.5023925160194852,0.2520355925627262,0.5010339537743783,0.8215767634854771,0.38057221880953296,0.3595967925517902,0.0954356846473029,0.5657142857142857,0.3809665126942603,0.3582535393032332,0.1,0.02074688796680498,0.014285714285714285,0.31142857142857144,11.01142857142857,0.016597510373443983,0.0,0.044555735975182156,0.11836634914903714,4.580912863070539,0.0,0.0,0.15,0.07883817427385892,0,0.1237043049699344,0.19545998113528246,1.2771197963178325,0.5031373679776306,0.0,1.0,0.0,0.0,0.0,0.0,0.0,0.08,0.02074688796680498,0.05,0.25
250,0.9814186350838217,0.5010983839787356,0.9226782907812071,0.501848323339306,0.2520355925627262,0.5011538709322304,0.8049792531120332,0.3804892312576658,0.35953455188788974,0.0954356846473029,0.5542857142857143,0.3809093698371175,0.35821068216037605,0.1,0.024896265560165973,0.017142857142857144,0.31142857142857144,11.005714285714285,0.016597510373443983,0.0,0.044555735975182156,0.11836634914903714,4.580912863070539,0.0,0.0,0.15,0.07883817427385892,0,0.12365678415937043,0.1953426676420192,1.268720257534333,0.493074620618078,0.0,0.8333333333333334,0.0,0.0,0.0,0.0,0.0,0.08,0.024896265560165973,0.05,0.25
251,0.9822496908899953,0.5011971041308001,0.9232505320648865,0.5021010365166594,0.2520355925627262,0.5013637032276579,0.8091286307053942,0.38032325615393126,0.3594100705600889,0.0954356846473029,0.5571428571428572,0.38079508412283175,0.3581249678746618,0.1,0.03319502074688797,0.022857142857142857,0.31142857142857144,11.01142857142857,0.016597510373443983,0.0,0.044555735975182156,0.11836634914903714,4.580912863070539,0.0,0.0,0.15,0.07883817427385892,0,0.1235527859528593,0.19436595430380912,1.2662029952407892,0.4837286755119814,0.0,0.875,0.0,0.0,0.0,0.0,0.0,0.08,0.03319502074688797,0.05,0.25
252,0.9822651106091345,0.5021911519813202,0.9232611496429224,0.502131429093302,0.2520355925627262,0.501525041674402,0.8174273858921162,0.38032325615393126,0.3594100705600889,0.0954356846473029,0.5628571428571428,0.38079508412283175,0.3581249678746618,0.1,0.03319502074688797,0.022857142857142857,0.31142857142857144,11.008571428571429,0.016597510373443983,0.0,0.044555735975182156,0.11836634914903714,4.580912863070539,0.0,0.0,0.15,0.07883817427385892,0,0.12302073630880929,0.19339412453229007,1.263736078193116,0.47405410200174175,0.0,1.0,0.0,0.0,0.0,0.0,0.0,0.08,0.03319502074688797,0.05,0.25
253,0.9835936578166111,0.5017736240297265,0.9241759492914993,0.5019178531290819,0.2520355925627262,0.5018324779672402,0.7717842323651453,0.3802402686020641,0.3593478298961885,0.0954356846473029,0.5314285714285715,0.38073794126568894,0.3580821107318046,0.1,0.03734439834024896,0.025714285714285714,0.31142857142857144,11.04,0.016597510373443983,0.0,0.044555735975182156,0.11836634914903714,4.580912863070539,0.0,0.0,0.15,0.07883817427385892,0,0.12291991834155094,0.20405657074123104,1.2641756423435395,0.4693614823580231,0.0,0.8888888888888888,0.0,0.0,0.0,0.0,0.0,0.08,0.03734439834024896,0.05,0.25
254,0.9826229214577477,0.501656188378646,0.9231038450177989,0.502321345608479,0.2520355925627262,0.5020673895787346,0.7666666666666667,0.3798638853543884,0.3601082414253213,0.09583333333333334,0.5257142857142857,0.38073794126568894,0.3580821107318046,0.1,0.029166666666666667,0.022857142857142857,0.3142857142857143,11.062857142857142,0.016666666666666666,0.002857142857142857,0.0445584707868533,0.11836634914903715,4.558333333333334,0.0,0.0,0.15,0.07916666666666666,0,0.1223910330355575,0.20303628788752487,1.2617492723538115,0.4599742527108626,0.0,1.0,0.0,0.0,0.0,0.0,0.0,0.08,0.03319502074688797,0.05,0.25
255,0.9839623124157326,0.5020728835329121,0.9240222845318457,0.5029944448692285,0.2520355925627262,0.5022685482525266,0.7958333333333333,0.3796972186877217,0.3599832414253213,0.09166666666666666,0.5457142857142857,0.38062365555140315,0.3579963964460904,0.09714285714285714,0.029166666666666667,0.02,0.3142857142857143,11.082857142857144,0.020833333333333332,0.0,0.044587326638945594,0.11836634914903715,4.558333333333334,0.0,0.0,0.15,0.07916666666666666,0,0.12229336358466542,0.20202110644808724,1.2565142869067354,0.4544102141097049,0.0,0.8571428571428571,0.0,0.0,0.0,0.0,0.0,0.08,0.029166666666666667,0.05,0.25
256,0.9845018236423667,0.5022329482731863,0.924392235087252,0.5028998640418015,0.2520355925627262,0.5024195592350209,0.8041666666666667,0.3795305520210551,0.3598582414253213,0.09166666666666666,0.5514285714285714,0.38050936983711736,0.3579106821603761,0.09714285714285714,0.025,0.017142857142857144,0.3142857142857143,11.094285714285714,0.025,0.0,0.044587326638945594,0.11836634914903715,4.558333333333334,0.0,0.0,0.15,0.07916666666666666,0,0.12219618248102779,0.2010110009158468,1.2485268583114577,0.4551707600785369,0.0,0.8333333333333334,0.0,0.0,0.0,0.0,0.0,0.08,0.025,0.05,0.25
257,0.9839065106395949,0.5013383630365656,0.9239877504978606,0.5023580613459986,0.2520355925627262,0.5027328416247164,0.8117154811715481,0.3798364193893528,0.35849534753222456,0.09205020920502092,0.5542857142857143,0.38045222697997455,0.3578678250175189,0.09714285714285714,0.012552301255230125,0.008571428571428572,0.3171428571428571,11.122857142857143,0.02510460251046025,0.002857142857142857,0.044595816703902086,0.11836634914903713,4.535564853556485,0.0,0.0,0.15,0.0794979079497908,0,0.12207091585433695,0.20000594591126758,1.2321277497166572,0.47381989941045205,0.0,0.6666666666666666,0.0,0.0,0.0,0.0,0.0,0.08,0.0125,0.05,0.25
258,0.9844167955189566,0.5008714006406093,0.9242136931525672,0.502288448357943,0.2520355925627262,0.5032108409892129,0.8487394957983193,0.38044992294137825,0.35911581907079676,0.09243697478991597,0.5771428571428572,0.3803379412656888,0.35778211073180466,0.09714285714285714,0.02100840336134454,0.02,0.32,11.148571428571428,0.02100840336134454,0.002857142857142857,0.044612535078686094,0.11836634914903714,4.5210084033613445,0.0,0.0,0.15,0.07983193277310924,0,0.12200327556077956,0.19900591618171123,1.2274851947223238,0.4683819301577214,0.0,0.8571428571428571,0.0,0.0,0.0,0.0,0.0,0.08,0.02510460251046025,0.05,0.25
259,0.9839344743536471,0.5016665976891629,0.9238857147601568,0.5033815801553504,0.2520355925627262,0.5036943878826089,0.819327731092437,0.38044992294137825,0.35911581907079676,0.09243697478991597,0.5571428571428572,0.3803379412656888,0.35778211073180466,0.09714285714285714,0.02100840336134454,0.014285714285714285,0.32,11.151428571428571,0.02100840336134454,0.0,0.04463482338009079,0.11836634914903714,4.5210084033613445,0.0,0.0,0.15,0.07983193277310924,0,0.12145040204011849,0.19801088660080265,1.2172212051135918,0.45901429155456697,0.0,1.0,0.0,0.0,0.0,0.0,0.0,0.08,0.02100840336134454,0.05,0.25
260,0.9816497865472515,0.5021018490276348,0.9223845562331013,0.5032142878076675,0.2520355925627262,0.5040553534421159,0.810126582278481,0.3809344705225795,0.3575230560382633,0.09282700421940929,0.5485714285714286,0.3803379412656888,0.35778211073180466,0.09714285714285714,0.029535864978902954,0.022857142857142857,0.32285714285714284,11.165714285714285,0.012658227848101266,0.002857142857142857,0.044645484645849186,0.11836634914903715,4.4978902953586495,0.0,0.0,0.15,0.08016877637130802,0,0.12095729288706078,0.19702083216779864,1.2157339238684628,0.4498340057234756,0.0,1.0,0.0,0.0,0.0,0.0,0.0,0.08,0.03361344537815126,0.05,0.25
261,0.9819360868653585,0.5019841512730088,0.922300662656865,0.503423803243713,0.2520355925627262,0.5044309359638156,0.809322033898305,0.3795759704070127,0.35777258851806615,0.09322033898305085,0.5457142857142857,0.3801093698371174,0.35761068216037606,0.09714285714285714,0.025423728813559324,0.02,0.32571428571428573,11.174285714285714,0.00847457627118644,0.002857142857142857,0.04467532603169678,0.11836634914903714,4.483050847457627,0.0,0.0,0.15,0.08050847457627118,0,0.12126679213691118,0.22018592517374752,1.2114192453910932,0.4698797923137421,0.0,0.7142857142857143,0.0,0.0,0.0,0.0,0.0,0.08,0.029535864978902954,0.05,0.25
262,0.9816338773850422,0.5023031705396062,0.9220968871215658,0.5028821868317342,0.2520355925627262,0.5048368184729336,0.809322033898305,0.3795759704070127,0.35777258851806615,0.09322033898305085,0.5457142857142857,0.3801093698371174,0.35761068216037606,0.09714285714285714,0.025423728813559324,0.017142857142857144,0.32571428571428573,11.188571428571429,0.00847457627118644,0.0,0.04468833140339079,0.11836634914903714,4.483050847457627,0.0,0.0,0.15,0.08050847457627118,0,0.12077460103336948,0.21908499554787875,1.2043337176261286,0.46048219646746724,0.0,1.0,0.0,0.0,0.0,0.0,0.0,0.08,0.025423728813559324,0.05,0.25
263,0.9807459311003695,0.5008311252929696,0.9214981576267579,0.5019655287205341,0.2520355925627262,0.5051606925332539,0.7923728813559322,0.3794912246443009,0.35770902919603226,0.09322033898305085,0.5342857142857143,0.3800522269799746,0.35756782501751894,0.09714285714285714,0.03389830508474576,0.022857142857142857,0.32571428571428573,11.217142857142857,0.01694915254237288,0.0,0.04468833140339079,0.11836634914903714,4.483050847457627,0.0,0.0,0.15,0.08050847457627118,0,0.12068501374248833,0.21798957057013935,1.203104186130749,0.5586951794027528,0.0,0.875,0.0,0.0,0.0,0.0,0.0,0.08,0.03389830508474576,0.05,0.25
264,0.9821084553439781,0.4998761143997111,0.9224168882595911,0.5014009977667926,0.2520355925627262,0.5055343681575887,0.7669491525423728,0.3794912246443009,0.35770902919603226,0.09322033898305085,0.5171428571428571,0.3800522269799746,0.35756782501751894,0.09714285714285714,0.0211864406779661,0.014285714285714285,0.32571428571428573,11.225714285714286,0.01694915254237288,0.0,0.04468833140339079,0.11836634914903714,4.483050847457627,0.0,0.0,0.15,0.08050847457627118,0,0.1201673029594902,0.21689962271728866,1.1933278166938481,0.5475212758146978,0.0,1.0,0.0,0.0,0.0,0.0,0.0,0.08,0.0211864406779661,0.05,0.25
265,0.982636901441617,0.5000883716754362,0.9227732119139992,0.5007924173023895,0.2520355925627262,0.5057802523341045,0.8220338983050848,0.3794912246443009,0.35770902919603226,0.09322033898305085,0.5542857142857143,0.3800522269799746,0.35756782501751894,0.09714285714285714,0.03389830508474576,0.022857142857142857,0.32571428571428573,11.248571428571429,0.01694915254237288,0.0,0.04468833140339079,0.11836634914903714,4.483050847457627,0.0,0.0,0.15,0.08050847457627118,0,0.11965218073040701,0.21581512460370222,1.1923184032171141,0.5365708502984038,0.0,1.0,0.0,0.0,0.0,0.0,0.0,0.08,0.03389830508474576,0.05,0.25
266,0.9831858135296042,0.5005587359775211,0.9231433354933277,0.5006925803677016,0.2520355925627262,0.5058186406365407,0.7966101694915254,0.3794912246443009,0.35770902919603226,0.09322033898305085,0.5371428571428571,0.3800522269799746,0.35756782501751894,0.09714285714285714,0.01694915254237288,0.011428571428571429,0.32571428571428573,11.277142857142858,0.01694915254237288,0.0,0.04468833140339079,0.11836634914903714,4.483050847457627,0.0,0.0,0.15,0.08050847457627118,0,0.11911106268389784,0.2147360489806837,1.1799006065813433,0.5258394332924357,0.0,1.0,0.0,0.0,0.0,0.0,0.0,0.08,0.01694915254237288,0.05,0.25
267,0.9842233246425993,0.5012718421331739,0.9232779055183775,0.501587806258193,0.2520355925627262,0.5057616190937237,0.8,0.3807535134197635,0.35837958711493206,0.09361702127659574,0.5371428571428571,0.3800522269799746,0.35756782501751894,0.09714285714285714,0.0,0.0,0.32857142857142857,11.285714285714286,0.01276595744680851,0.002857142857142857,0.04471458057819878,0.11836634914903714,4.459574468085107,0.0,0.0,0.15,0.08085106382978724,0,0.11851550737047835,0.2136623687357803,1.1563025944497163,0.515322644626587,0.0,0.0,0.0,0.0,0.0,0.0,0.0,0.08,0.0,0.05,0.25
268,0.9836201240493889,0.5013920062133107,0.9229161945000567,0.5015794179856728,0.2520355925627262,0.5056629852159249,0.7863247863247863,0.3807751192124072,0.35838860761744773,0.09401709401709402,0.5257142857142857,0.37993794126568886,0.35748211073180464,0.09714285714285714,0.029914529914529916,0.025714285714285714,0.3314285714285714,11.302857142857142,0.008547008547008548,0.002857142857142857,0.04479939560530212,0.11836634914903714,4.427350427350428,0.0,0.0,0.15,0.0811965811965812,0,0.11897935911934025,0.23307296521555873,1.1588908282750077,0.6597624077060589,0.0,0.7777777777777778,0.0,0.0,0.0,0.0,0.0,0.08,0.03404255319148936,0.05,0.25
269,0.9827003503828632,0.5030462588754608,0.9223012601058652,0.5021398369923918,0.2520355925627262,0.5055832869604703,0.7777777777777778,0.38060417904146704,0.35834920721144375,0.09401709401709402,0.52,0.3798236555514031,0.35745576874607626,0.09714285714285714,0.029914529914529916,0.02,0.3314285714285714,11.325714285714286,0.008547008547008548,0.0,0.044802938208560905,0.11836634914903714,4.427350427350428,0.0,0.0,0.15,0.0811965811965812,0,0.11889874803802926,0.23344224162533248,1.1557130117095076,0.7009859919188209,0.0,0.8571428571428571,0.0,0.0,0.0,0.0,0.0,0.08,0.029914529914529916,0.05,0.25
270,0.9826812510738293,0.5042935378379758,0.9222884908535397,0.5027905429907127,0.2520355925627262,0.5057141762203808,0.811965811965812,0.38060417904146704,0.35834920721144375,0.09401709401709402,0.5428571428571428,0.3798236555514031,0.35745576874607626,0.09714285714285714,0.021367521367521368,0.014285714285714285,0.3314285714285714,11.34,0.01282051282051282,0.0,0.044802938208560905,0.11836634914903714,4.427350427350428,0.0,0.0,0.15,0.0811965811965812,0,0.11836139715498198,0.23227503041720582,1.1468844657610315,0.6869662720804445,0.0,1.0,0.0,0.0,0.0,0.0,0.0,0.08,0.021367521367521368,0.05,0.25
271,0.9819012373293531,0.503533085077238,0.9217669959500897,0.5018806717875004,0.2520355925627262,0.5059346151279608,0.8290598290598291,0.38060417904146704,0.35834920721144375,0.09401709401709402,0.5542857142857143,0.3798236555514031,0.35745576874607626,0.09714285714285714,0.029914529914529916,0.02,0.3314285714285714,11.351428571428572,0.008547008547008548,0.0,0.044802938208560905,0.11836634914903714,4.427350427350428,0.0,0.0,0.15,0.0811965811965812,0,0.1178837330263499,0.2311136552651198,1.1439467764458109,0.6732269466388356,0.0,1.0,0.0,0.0,0.0,0.0,0.0,0.08,0.029914529914529916,0.05,0.25
272,0.9825776360765452,0.5037687160304883,0.922219216826784,0.5020488101236497,0.2520355925627262,0.5061533121730173,0.8504273504273504,0.38060417904146704,0.35834920721144375,0.09401709401709402,0.5685714285714286,0.3798236555514031,0.35745576874607626,0.09714285714285714,0.017094017094017096,0.011428571428571429,0.3314285714285714,11.374285714285714,0.01282051282051282,0.0,0.044802938208560905,0.11836634914903714,4.427350427350428,0.0,0.0,0.15,0.0811965811965812,0,0.11735145721836103,0.2299580869887942,1.1324964123454664,0.6597624077060589,0.0,1.0,0.0,0.0,0.0,0.0,0.0,0.08,0.017094017094017096,0.05,0.25
273,0.9831613795954127,0.5037377465770408,0.9226094910651127,0.5017993641037584,0.2520355925627262,0.5062095796809472,0.8205128205128205,0.3803477687850568,0.35815689951913615,0.09401709401709402,0.5485714285714286,0.37965222697997464,0.35732719731750484,0.09714285714285714,0.02564102564102564,0.017142857142857144,0.3314285714285714,11.402857142857142,0.017094017094017096,0.0,0.044802938208560905,0.11836634914903714,4.427350427350428,0.0,0.0,0.15,0.0811965811965812,0,0.1177074142179835,0.22880829655385024,1.1269893412414138,0.7102454909041105,0.0,0.6666666666666666,0.0,0.0,0.0,0.0,0.0,0.08,0.02564102564102564,0.05,0.25
274,0.98355811646747,0.5036869104498599,0.9228747380024309,0.5022875985923195,0.2520355925627262,0.50634611276978,0.7692307692307693,0.3803477687850568,0.35815689951913615,0.09401709401709402,0.5142857142857142,0.37965222697997464,0.35732719731750484,0.09714285714285714,0.008547008547008548,0.005714285714285714,0.3314285714285714,11.422857142857143,0.017094017094017096,0.0,0.044802938208560905,0.11836634914903714,4.427350427350428,0.0,0.0,0.15,0.0811965811965812,0,0.117147448575465,0.22766425507108098,1.1101638401308713,0.6960405810860283,0.0,1.0,0.0,0.0,0.0,0.0,0.0,0.08,0.008547008547008548,0.05,0.25
275,0.9845805951457737,0.5049822084310712,0.9232837452241344,0.5025462395927384,0.2520355925627262,0.5065175067876391,0.8283261802575107,0.38073840731707165,0.3584870604680658,0.0944206008583691,0.5514285714285714,0.37959508412283177,0.35728434017464766,0.09714285714285714,0.02575107296137339,0.02,0.3342857142857143,11.434285714285714,0.008583690987124463,0.002857142857142857,0.04488362864682672,0.11836634914903715,4.369098712446352,0.0,0.0,0.15,0.0815450643776824,0,0.11707585418973053,0.22652593379572555,1.107960563328254,0.6906072019213452,0.0,0.8571428571428571,0.0,0.0,0.0,0.0,0.0,0.08,0.029914529914529916,0.05,0.25
276,0.9825012777554377,0.5044183068658926,0.9218995139328532,0.5018284059478132,0.2520355925627262,0.5067785271215233,0.8154506437768241,0.3805667334973291,0.3583583051032589,0.0944206008583691,0.5428571428571428,0.379480798408546,0.35719862588893336,0.09714285714285714,0.030042918454935622,0.02,0.3342857142857143,11.451428571428572,0.008583690987124463,0.0,0.044909043187131514,0.11836634914903715,4.369098712446352,0.0,0.0,0.15,0.0815450643776824,0,0.1175181920580676,0.23681810986169055,1.1058013520616887,0.6963586722760721,0.0,0.7142857142857143,0.0,0.0,0.0,0.0,0.0,0.08,0.030042918454935622,0.05,0.25
277,0.9821736980639952,0.5044899030672231,0.9216814394525503,0.501873897347012,0.2520355925627262,0.5069269556412571,0.8240343347639485,0.3805667334973291,0.3583583051032589,0.0944206008583691,0.5485714285714286,0.379480798408546,0.35719862588893336,0.09714285714285714,0.02575107296137339,0.017142857142857144,0.3342857142857143,11.471428571428572,0.012875536480686695,0.0,0.044909043187131514,0.11836634914903715,4.369098712446352,0.0,0.0,0.15,0.0815450643776824,0,0.11701631538349154,0.2356340193123821,1.1008281821633124,0.6824314988305505,0.0,1.0,0.0,0.0,0.0,0.0,0.0,0.08,0.02575107296137339,0.05,0.25
278,0.9825614599685565,0.5050157904831021,0.9219395780918725,0.5022277092416705,0.2520355925627262,0.5072322234216925,0.8068669527896996,0.3803950596775866,0.35822954973845206,0.0944206008583691,0.5371428571428571,0.3793665126942603,0.3571129116032191,0.09714285714285714,0.034334763948497854,0.022857142857142857,0.3342857142857143,11.48857142857143,0.017167381974248927,0.0,0.044909043187131514,0.11836634914903715,4.369098712446352,0.0,0.0,0.15,0.0815450643776824,0,0.11694551952085981,0.23445584921582016,1.1016687613771887,0.6823534250872557,0.0,0.875,0.0,0.0,0.0,0.0,0.0,0.08,0.034334763948497854,0.05,0.25
279,0.9831296047086521,0.5062196853021125,0.9223178001617076,0.5034154995767267,0.2520355925627262,0.5076289642450543,0.7682403433476395,0.38030922276771534,0.35816517205604853,0.0944206008583691,0.5114285714285715,0.37930936983711744,0.35707005446036194,0.09714285714285714,0.02575107296137339,0.017142857142857144,0.3342857142857143,11.51142857142857,0.017167381974248927,0.0,0.044909043187131514,0.11836634914903715,4.369098712446352,0.0,0.0,0.15,0.0815450643776824,0,0.11684650620896979,0.23328356996974106,1.0967782432925022,0.7001110743359699,0.0,0.8333333333333334,0.0,0.0,0.0,0.0,0.0,0.08,0.02575107296137339,0.05,0.25
280,0.982683946523088,0.5064425555494377,0.922021119141032,0.5034705717005531,0.2520355925627262,0.5081435544616794,0.7725321888412017,0.38030922276771534,0.35816517205604853,0.0944206008583691,0.5142857142857142,0.37930936983711744,0.35707005446036194,0.09714285714285714,0.030042918454935622,0.02,0.3342857142857143,11.525714285714285,0.02145922746781116,0.0,0.044909043187131514,0.11836634914903715,4.369098712446352,0.0,0.0,0.15,0.0815450643776824,0,0.11637641653506782,0.23211715211989237,1.094842678426652,0.6861088528492505,0.0,1.0,0.0,0.0,0.0,0.0,0.0,0.08,0.030042918454935622,0.05,0.25
281,0.9813320195978811,0.505126012753375,0.92112112207368,0.5028013587330665,0.2520355925627262,0.5085771408779795,0.7811158798283262,0.38030922276771534,0.35816517205604853,0.0944206008583691,0.52,0.37930936983711744,0.35707005446036194,0.09714285714285714,0.030042918454935622,0.02,0.3342857142857143,11.542857142857143,0.02145922746781116,0.0,0.044909043187131514,0.11836634914903715,4.369098712446352,0.0,0.0,0.15,0.0815450643776824,0,0.11588024873810675,0.2309565663592929,1.0929458248581192,0.6723866757922654,0.0,1.0,0.0,0.0,0.0,0.0,0.0,0.08,0.030042918454935622,0.05,0.25
282,0.9802314431892143,0.5045802462683036,0.9203884526359104,0.5026523745191893,0.2520355925627262,0.5089263432059996,0.8154506437768241,0.38013754894797286,0.3580364166912417,0.0944206008583691,0.5428571428571428,0.3791950841228317,0.3569843401746477,0.09714285714285714,0.017167381974248927,0.011428571428571429,0.3342857142857143,11.571428571428571,0.02575107296137339,0.0,0.044909043187131514,0.11836634914903715,4.369098712446352,0.0,0.0,0.15,0.0815450643776824,0,0.11575799035155906,0.2456078128984324,1.082515479789528,0.7063425948433251,0.0,0.75,0.0,0.0,0.0,0.0,0.0,0.08,0.017167381974248927,0.05,0.25
283,0.9814967795168456,0.5050584431014907,0.9212308051054476,0.5028843647380075,0.2520355925627262,0.5093393258797312,0.7896995708154506,0.3800517120381017,0.3579720390088383,0.0944206008583691,0.5257142857142857,0.3791379412656889,0.3569414830317905,0.09714285714285714,0.03862660944206009,0.025714285714285714,0.3342857142857143,11.597142857142858,0.030042918454935622,0.0,0.044909043187131514,0.11836634914903715,4.369098712446352,0.0,0.0,0.15,0.0815450643776824,0,0.11575034325694414,0.24437977383394024,1.0865794559080229,0.7417914476562697,0.0,0.8888888888888888,0.0,0.0,0.0,0.0,0.0,0.08,0.03862660944206009,0.05,0.25
284,0.9820820228338998,0.505270952832282,0.9216204099422297,0.5026391219201201,0.2520355925627262,0.5097290997860523,0.759656652360515,0.3800517120381017,0.3579720390088383,0.0944206008583691,0.5057142857142857,0.3791379412656889,0.3569414830317905,0.09714285714285714,0.034334763948497854,0.022857142857142857,0.3342857142857143,11.628571428571428,0.034334763948497854,0.0,0.044909043187131514,0.11836634914903715,4.369098712446352,0.0,0.0,0.15,0.0815450643776824,0,0.1152573058263737,0.24315787496477054,1.0877050096470056,0.7269556187031443,0.0,1.0,0.0,0.0,0.0,0.0,0.0,0.08,0.034334763948497854,0.05,0.25
285,0.983730951037299,0.5060255579155295,0.9227181250033496,0.5029363213886672,0.2520355925627262,0.5100888380575043,0.7682403433476395,0.3800517120381017,0.3579720390088383,0.0944206008583691,0.5114285714285715,0.3791379412656889,0.3569414830317905,0.09714285714285714,0.030042918454935622,0.02,0.3342857142857143,11.642857142857142,0.030042918454935622,0.0,0.044909043187131514,0.11836634914903715,4.369098712446352,0.0,0.0,0.15,0.0815450643776824,0,0.11476673358295611,0.2419420855899467,1.0859509094540654,0.7124165063290815,0.0,1.0,0.0,0.0,0.0,0.0,0.0,0.08,0.030042918454935622,0.05,0.25
286,0.982304363432912,0.5062142319615262,0.9217633229486633,0.5033019453418666,0.2520355925627262,0.5103828755224217,0.8232758620689655,0.380573002199759,0.3569244297055489,0.09482758620689655,0.5457142857142857,0.3791379412656889,0.3569414830317905,0.09714285714285714,0.03017241379310345,0.022857142857142857,0.33714285714285713,11.67142857142857,0.03017241379310345,0.002857142857142857,0.04494825613273525,0.11836634914903715,4.327586206896552,0.0,0.0,0.15,0.08189655172413793,0,0.11427861420075561,0.24073237516199697,1.087089034122127,0.6981681762024998,0.0,1.0,0.0,0.0,0.0,0.0,0.0,0.08,0.034334763948497854,0.05,0.25
287,0.9827817800689278,0.5070214880082827,0.9221122544352126,0.5036818126514159,0.2520355925627262,0.5106021995188572,0.8225108225108225,0.3814733226474221,0.35497338202004003,0.09523809523809523,0.5428571428571428,0.3791379412656889,0.3569414830317905,0.09714285714285714,0.017316017316017316,0.011428571428571429,0.34,11.682857142857143,0.021645021645021644,0.002857142857142857,0.044974285193267245,0.11836634914903714,4.329004329004329,0.0,0.0,0.15,0.08225108225108226,0,0.11376436398689467,0.23952871328618697,1.0767758248682557,0.6842048126784498,0.0,1.0,0.0,0.0,0.0,0.0,0.0,0.08,0.017241379310344827,0.05,0.25
288,0.9823744318858997,0.5060422005931154,0.9218434046344143,0.5028461790120932,0.2520355925627262,0.5109866132240456,0.7878787878787878,0.38138674256084204,0.3549084469551049,0.09523809523809523,0.52,0.37908079840854597,0.3568986258889334,0.09714285714285714,0.008658008658008658,0.005714285714285714,0.34,11.694285714285714,0.025974025974025976,0.0,0.044974285193267245,0.11836634914903714,4.329004329004329,0.0,0.0,0.15,0.07792207792207792,0,0.11365268502410308,0.23833106971975607,1.0609545940851763,0.6999772541282416,0.0,0.5,0.0,0.0,0.0,0.0,0.0,0.08,0.008658008658008658,0.05,0.25
289,0.9819187861208847,0.5054090231997045,0.9215426784295044,0.5022142549737176,0.2520355925627262,0.5111927686420421,0.8095238095238095,0.38121358238768194,0.3547785768252347,0.09523809523809523,0.5342857142857143,0.37896651269426024,0.35681291160321915,0.09714285714285714,0.030303030303030304,0.02,0.34,11.728571428571428,0.025974025974025976,0.0,0.044974285193267245,0.11836634914903714,4.329004329004329,0.0,0.0,0.15,0.07792207792207792,0,0.11368385088469686,0.24301706586737537,1.0597355022034727,0.7154934017907922,0.0,0.8571428571428571,0.0,0.0,0.0,0.0,0.0,0.08,0.030303030303030304,0.05,0.25
290,0.9815699223662303,0.5052370504887561,0.9213124283514322,0.5021696727862325,0.2520355925627262,0.5113268338146337,0.7878787878787878,0.38121358238768194,0.3547785768252347,0.09523809523809523,0.52,0.37896651269426024,0.35681291160321915,0.09714285714285714,0.012987012987012988,0.008571428571428572,0.34,11.74,0.025974025974025976,0.0,0.044974285193267245,0.11836634914903714,4.329004329004329,0.0,0.0,0.15,0.07792207792207792,0,0.11317257448741622,0.2418019805380385,1.047112220730832,0.7011835337549763,0.0,1.0,0.0,0.0,0.0,0.0,0.0,0.08,0.012987012987012988,0.05,0.25
291,0.9811883746070857,0.5056466471842064,0.9210606068303968,0.5028610847903436,0.2520355925627262,0.5113635398764953,0.7922077922077922,0.38121358238768194,0.3547785768252347,0.09523809523809523,0.5228571428571429,0.37896651269426024,0.35681291160321915,0.09714285714285714,0.021645021645021644,0.014285714285714285,0.34,11.745714285714286,0.021645021645021644,0.0,0.044974285193267245,0.11836634914903714,4.329004329004329,0.0,0.0,0.15,0.07792207792207792,0,0.11272085447212199,0.2405929706353483,1.0404556906019293,0.6871598630798769,0.0,1.0,0.0,0.0,0.0,0.0,0.0,0.08,0.021645021645021644,0.05,0.25
292,0.9809379290993645,0.5060612345345431,0.9208953127953009,0.5027935934440031,0.2520355925627262,0.5112587269982618,0.8008658008658008,0.38121358238768194,0.3547785768252347,0.09523809523809523,0.5285714285714286,0.37896651269426024,0.35681291160321915,0.09714285714285714,0.025974025974025976,0.017142857142857144,0.34,11.771428571428572,0.025974025974025976,0.0,0.044974285193267245,0.11836634914903714,4.329004329004329,0.0,0.0,0.15,0.07792207792207792,0,0.11224296448547566,0.23939000578217157,1.036789433932748,0.6734166658182792,0.0,1.0,0.0,0.0,0.0,0.0,0.0,0.08,0.025974025974025976,0.05,0.25
293,0.9828695968467496,0.5070618316577571,0.9221636930788908,0.5028162651304849,0.2520355925627262,0.5110624977154921,0.7782608695652173,0.3819966046869663,0.3541424467930366,0.09565217391304348,0.5114285714285715,0.37890936983711737,0.3567700544603619,0.09714285714285714,0.021739130434782608,0.014285714285714285,0.34285714285714286,11.788571428571428,0.017391304347826087,0.002857142857142857,0.044971093259271136,0.11836634914903714,4.3130434782608695,0.0,0.0,0.15,0.0782608695652174,0,0.11216746394876259,0.23819305575326072,1.0303393595398074,0.6705819457764314,0.0,0.8,0.0,0.0,0.0,0.0,0.0,0.08,0.021645021645021644,0.05,0.25
294,0.982072026324417,0.507035525598021,0.9216395753070724,0.5022980280545374,0.2520355925627262,0.5107660748398927,0.7608695652173914,0.3819966046869663,0.3541424467930366,0.09565217391304348,0.5,0.37890936983711737,0.3567700544603619,0.09714285714285714,0.021739130434782608,0.014285714285714285,0.34285714285714286,11.794285714285714,0.021739130434782608,0.0,0.04498861546762162,0.11836634914903714,4.3130434782608695,0.0,0.0,0.15,0.0782608695652174,0,0.11172076948616162,0.2370020904744944,1.0240182866347254,0.6571703068609026,0.0,1.0,0.0,0.0,0.0,0.0,0.0,0.08,0.021739130434782608,0.05,0.25
295,0.9831030628169769,0.5084764931187058,0.9223171135736116,0.5030911971702176,0.2520355925627262,0.5104538023017433,0.7608695652173914,0.38190964816522716,0.35407722940173214,0.09565217391304348,0.5,0.37885222697997456,0.35672719731750485,0.09714285714285714,0.02608695652173913,0.017142857142857144,0.34285714285714286,11.811428571428571,0.02608695652173913,0.0,0.04498861546762162,0.11836634914903714,4.3130434782608695,0.0,0.0,0.15,0.0782608695652174,0,0.11167645135301653,0.23581708002212193,1.0206807780448879,0.6708827307410462,0.0,0.8333333333333334,0.0,0.0,0.0,0.0,0.0,0.08,0.02608695652173913,0.05,0.25
296,0.9847166980708054,0.5090769695150444,0.9233775024546991,0.5035513844595396,0.2520355925627262,0.5101852367232941,0.7478260869565218,0.38190964816522716,0.35407722940173214,0.09565217391304348,0.49142857142857144,0.37885222697997456,0.35672719731750485,0.09714285714285714,0.017391304347826087,0.011428571428571429,0.34285714285714286,11.811428571428571,0.021739130434782608,0.0,0.04498861546762162,0.11836634914903714,4.3130434782608695,0.0,0.0,0.15,0.0782608695652174,0,0.11117521195339429,0.23463799462201132,1.0116957339125616,0.6574650761262252,0.0,1.0,0.0,0.0,0.0,0.0,0.0,0.08,0.017391304347826087,0.05,0.25
297,0.9846966397570619,0.5089233831324715,0.923364321277096,0.503062470539339,0.2520355925627262,0.5100305148866447,0.7521739130434782,0.38173573512174885,0.35394679461912343,0.09565217391304348,0.4942857142857143,0.3787379412656889,0.35664148303179055,0.09714285714285714,0.030434782608695653,0.02,0.34285714285714286,11.825714285714286,0.021739130434782608,0.0,0.04498861546762162,0.11836634914903714,4.3130434782608695,0.0,0.0,0.15,0.0782608695652174,0,0.11116205017934161,0.23346480464890126,1.0114618192343106,0.6542998531674434,0.0,0.8571428571428571,0.0,0.0,0.0,0.0,0.0,0.08,0.030434782608695653,0.05,0.25
298,0.9842664930549406,0.5086507616857513,0.9230816534442735,0.503276017479644,0.2520355925627262,0.5098047863018417,0.7652173913043478,0.38173573512174885,0.35394679461912343,0.09565217391304348,0.5028571428571429,0.3787379412656889,0.35664148303179055,0.09714285714285714,0.013043478260869565,0.008571428571428572,0.34285714285714286,11.831428571428571,0.017391304347826087,0.0,0.04498861546762162,0.11836634914903714,4.3130434782608695,0.0,0.0,0.15,0.0782608695652174,0,0.11066338278558777,0.23229748062565678,0.9998040114210526,0.6412138561040945,0.0,1.0,0.0,0.0,0.0,0.0,0.0,0.08,0.013043478260869565,0.05,0.25
299,0.9830231005466022,0.5086297388941375,0.922264566938794,0.5039002839932224,0.2520355925627262,0.5097280275853621,0.7739130434782608,0.38173573512174885,0.35394679461912343,0.09565217391304348,0.5085714285714286,0.3787379412656889,0.35664148303179055,0.09714285714285714,0.02608695652173913,0.017142857142857144,0.34285714285714286,11.857142857142858,0.021739130434782608,0.0,0.04498861546762162,0.11836634914903714,4.3130434782608695,0.0,0.0,0.15,0.0782608695652174,0,0.11022420872880268,0.23113599322252848,0.9969507883354888,0.6283895789820126,0.0,1.0,0.0,0.0,0.0,0.0,0.0,0.08,0.02608695652173913,0.05,0.25
300,0.9830756305928858,0.5091718277962844,0.9222604485174731,0.5042154464069493,0.2520355925627262,0.5098147568027002,0.7903930131004366,0.3822052018054014,0.3549036091823954,0.09606986899563319,0.5171428571428571,0.3787379412656889,0.35664148303179055,0.09714285714285714,0.013100436681222707,0.008571428571428572,0.3457142857142857,11.848571428571429,0.017467248908296942,0.002857142857142857,0.04500207383660422,0.11836634914903713,4.296943231441048,0.0,0.0,0.15,0.07860262008733625,0,0.10973023054230152,0.22998031325641585,0.9855832011402077,0.6158217874023724,0.0,1.0,0.0,0.0,0.0,0.0,0.0,0.08,0.013043478260869565,0.05,0.25
301,0.9823712674142823,0.5095665277056016,0.9217995937520439,0.5041628481085824,0.2520355925627262,0.5098536505196357,0.74235807860262,0.3822052018054014,0.3549036091823954,0.09606986899563319,0.4857142857142857,0.3787379412656889,0.35664148303179055,0.09714285714285714,0.026200873362445413,0.017142857142857144,0.3457142857142857,11.857142857142858,0.017467248908296942,0.0,0.04500569378927914,0.11836634914903713,4.296943231441048,0.0,0.0,0.15,0.07860262008733625,0,0.10929572224673287,0.22883041169013377,0.9830143942602605,0.6035053516543248,0.0,1.0,0.0,0.0,0.0,0.0,0.0,0.08,0.026200873362445413,0.05,0.25
302,0.9817322399176706,0.5093029043464989,0.9213814871899751,0.5041316644314978,0.2520355925627262,0.5100650856930294,0.7641921397379913,0.3822052018054014,0.3549036091823954,0.09606986899563319,0.5,0.3787379412656889,0.35664148303179055,0.09714285714285714,0.021834061135371178,0.014285714285714285,0.3457142857142857,11.874285714285714,0.013100436681222707,0.0,0.04500569378927914,0.11836634914903713,4.296943231441048,0.0,0.0,0.15,0.07860262008733625,0,0.10883495792121348,0.2276862596316831,0.9776398206607696,0.5914352446212384,0.0,1.0,0.0,0.0,0.0,0.0,0.0,0.08,0.021834061135371178,0.05,0.25
303,0.9801271328851873,0.5091071447230969,0.9203312885887219,0.5038486859539223,0.2520355925627262,0.5102844145543962,0.74235807860262,0.3822052018054014,0.3549036091823954,0.09606986899563319,0.4857142857142857,0.3787379412656889,0.35664148303179055,0.09714285714285714,0.021834061135371178,0.014285714285714285,0.3457142857142857,11.88,0.017467248908296942,0.0,0.04500569378927914,0.11836634914903713,4.296943231441048,0.0,0.0,0.15,0.07860262008733625,0,0.10837649741732171,0.2265478283335247,0.9723727385332683,0.5796065397288136,0.0,1.0,0.0,0.0,0.0,0.0,0.0,0.08,0.021834061135371178,0.05,0.25
304,0.9815970900084512,0.5089697981923625,0.9212930605350859,0.5039034519169306,0.2520355925627262,0.5105841232594412,0.777292576419214,0.3821178655608599,0.3548381069989893,0.09606986899563319,0.5085714285714286,0.378680798408546,0.35659862588893343,0.09714285714285714,0.021834061135371178,0.014285714285714285,0.3457142857142857,11.882857142857143,0.013100436681222707,0.0,0.04500569378927914,0.11836634914903713,4.296943231441048,0.0,0.0,0.15,0.07860262008733625,0,0.10832032921594938,0.22541508919185707,0.9672109980483172,0.570662198730989,0.0,0.8,0.0,0.0,0.0,0.0,0.0,0.08,0.021834061135371178,0.05,0.25
305,0.9803836551090537,0.5081574697033141,0.9204991274151946,0.5032139729471942,0.2520355925627262,0.5109177643152905,0.8078602620087336,0.3821178655608599,0.3548381069989893,0.09606986899563319,0.5285714285714286,0.378680798408546,0.35659862588893343,0.09714285714285714,0.021834061135371178,0.014285714285714285,0.3457142857142857,11.9,0.017467248908296942,0.0,0.04500569378927914,0.11836634914903713,4.296943231441048,0.0,0.0,0.15,0.07860262008733625,0,0.10789287042701248,0.22428801374589777,0.9621524923730651,0.5592489547563692,0.0,1.0,0.0,0.0,0.0,0.0,0.0,0.08,0.021834061135371178,0.05,0.25
306,0.9823511232947705,0.5084617326648367,0.9217864137424207,0.5029195305779385,0.2520355925627262,0.5113025337570546,0.7947598253275109,0.3821178655608599,0.3548381069989893,0.09606986899563319,0.52,0.378680798408546,0.35659862588893343,0.09714285714285714,0.013100436681222707,0.008571428571428572,0.3457142857142857,11.905714285714286,0.017467248908296942,0.0,0.04500569378927914,0.11836634914903713,4.296943231441048,0.0,0.0,0.15,0.07860262008733625,0,0.10741054893202029,0.22316657367716827,0.9514808710970327,0.5480639756612418,0.0,1.0,0.0,0.0,0.0,0.0,0.0,0.08,0.013100436681222707,0.05,0.25
307,0.9840020347762141,0.5093488329511876,0.9228665815402796,0.5037590767768613,0.2520355925627262,0.5116145470109101,0.8122270742358079,0.3821178655608599,0.3548381069989893,0.09606986899563319,0.5314285714285715,0.378680798408546,0.35659862588893343,0.09714285714285714,0.021834061135371178,0.014285714285714285,0.3457142857142857,11.914285714285715,0.021834061135371178,0.0,0.04500569378927914,0.11836634914903713,4.296943231441048,0.0,0.0,0.15,0.07860262008733625,0,0.10698763904450305,0.22205074080878243,0.9467369679608063,0.5371026961480169,0.0,1.0,0.0,0.0,0.0,0.0,0.0,0.08,0.021834061135371178,0.05,0.25
308,0.9840484864762908,0.5098450626629422,0.9225840935320538,0.5041530514606761,0.2520355925627262,0.511830802096148,0.8377192982456141,0.38298327260540216,0.3558712846524299,0.09649122807017543,0.5457142857142857,0.378680798408546,0.35659862588893343,0.09714285714285714,0.021929824561403508,0.017142857142857144,0.3485714285714286,11.922857142857143,0.013157894736842105,0.002857142857142857,0.04503957659284217,0.11836634914903714,4.271929824561403,0.0,0.0,0.15,0.07894736842105263,0,0.10653841513499482,0.22094048710473851,0.9449450857444472,0.5263606422250565,0.0,1.0,0.0,0.0,0.0,0.0,0.0,0.08,0.026200873362445413,0.05,0.25
309,0.9820893186472877,0.5089646299026318,0.9213078356320176,0.504377295367211,0.2520355925627262,0.5117636532173004,0.8157894736842105,0.38298327260540216,0.3558712846524299,0.09649122807017543,0.5314285714285715,0.378680798408546,0.35659862588893343,0.09714285714285714,0.021929824561403508,0.014285714285714285,0.3485714285714286,11.928571428571429,0.013157894736842105,0.0,0.04503957659284217,0.11836634914903714,4.271929824561403,0.0,0.0,0.15,0.07894736842105263,0,0.1060628659164627,0.21983578466921483,0.9403318983152725,0.5158334293805553,0.0,1.0,0.0,0.0,0.0,0.0,0.0,0.08,0.021929824561403508,0.05,0.25
310,0.9821770991596273,0.510218021010256,0.9211488332545007,0.5050960446016945,0.2520355925627262,0.5115943927616028,0.8105726872246696,0.38359945539233553,0.35670009342096237,0.09691629955947137,0.5257142857142857,0.3785093698371174,0.35647005446036195,0.09714285714285714,0.02643171806167401,0.02,0.3514285714285714,11.942857142857143,0.013215859030837005,0.002857142857142857,0.04506829818433701,0.11836634914903715,4.220264317180617,0.0,0.0,0.15,0.07929515418502203,0,0.10644683730116611,0.2269196289062935,0.9415252603489671,0.5339785224059916,0.0,0.7142857142857143,0.0,0.0,0.0,0.0,0.0,0.08,0.03070175438596491,0.05,0.25
311,0.9833887048847277,0.5104640077937573,0.9219346461104944,0.5051346492686121,0.2520355925627262,0.5114636630248598,0.8105726872246696,0.38359945539233553,0.35670009342096237,0.09691629955947137,0.5257142857142857,0.3785093698371174,0.35647005446036195,0.09714285714285714,0.01762114537444934,0.011428571428571429,0.3514285714285714,11.942857142857143,0.013215859030837005,0.0,0.04512001213952688,0.11836634914903715,4.220264317180617,0.0,0.0,0.15,0.07929515418502203,0,0.10597174597180312,0.225785030761762,0.9341233265705591,0.5232989519578718,0.0,1.0,0.0,0.0,0.0,0.0,0.0,0.08,0.01762114537444934,0.05,0.25
312,0.9848670225753654,0.5108744960360312,0.9228934407269936,0.5052543438775405,0.2520355925627262,0.511343680309405,0.788546255506608,0.38359945539233553,0.35670009342096237,0.09691629955947137,0.5114285714285715,0.3785093698371174,0.35647005446036195,0.09714285714285714,0.01762114537444934,0.011428571428571429,0.3514285714285714,11.957142857142857,0.013215859030837005,0.0,0.04512001213952688,0.11836634914903715,4.220264317180617,0.0,0.0,0.15,0.07929515418502203,0,0.10549903009908698,0.2246561056079532,0.9268694314677193,0.5128329729187143,0.0,1.0,0.0,0.0,0.0,0.0,0.0,0.08,0.01762114537444934,0.05,0.25
313,0.9848485994641135,0.5108631081859196,0.9228814920234101,0.5056932559556867,0.2520355925627262,0.5110467387877438,0.8105726872246696,0.3835113496654633,0.3566340141258082,0.09691629955947137,0.5257142857142857,0.3784522269799746,0.35642719731750483,0.09714285714285714,0.013215859030837005,0.008571428571428572,0.3514285714285714,11.968571428571428,0.013215859030837005,0.0,0.04512001213952688,0.11836634914903715,4.220264317180617,0.0,0.0,0.15,0.07929515418502203,0,0.1054286778057344,0.2531708610045758,0.9169034714097937,0.5073720631181122,0.0,0.6666666666666666,0.0,0.0,0.0,0.0,0.0,0.08,0.013215859030837005,0.05,0.25
314,0.9835087935106859,0.5116326587494191,0.922012532162187,0.5057892994090442,0.2520355925627262,0.5106561663696826,0.775330396475771,0.3835113496654633,0.3566340141258082,0.09691629955947137,0.5028571428571429,0.3784522269799746,0.35642719731750483,0.09714285714285714,0.01762114537444934,0.011428571428571429,0.3514285714285714,11.98,0.013215859030837005,0.0,0.04512001213952688,0.11836634914903715,4.220264317180617,0.0,0.0,0.15,0.07929515418502203,0,0.10498710584527714,0.2519050066995529,0.909993973410169,0.49722462185574995,0.0,1.0,0.0,0.0,0.0,0.0,0.0,0.08,0.01762114537444934,0.05,0.25
315,0.9846047382957949,0.5121368637222012,0.9227233306371008,0.5054713284504811,0.2520355925627262,0.510337169535911,0.8370044052863436,0.3835113496654633,0.3566340141258082,0.09691629955947137,0.5428571428571428,0.3784522269799746,0.35642719731750483,0.09714285714285714,0.00881057268722467,0.005714285714285714,0.3514285714285714,11.985714285714286,0.013215859030837005,0.0,0.04512001213952688,0.11836634914903715,4.220264317180617,0.0,0.0,0.15,0.07929515418502203,0,0.10449074174462217,0.25064548166605516,0.8975083796562514,0.48728012941863497,0.0,1.0,0.0,0.0,0.0,0.0,0.0,0.08,0.00881057268722467,0.05,0.25
316,0.9855085379277304,0.5115995621502333,0.9233509134328769,0.5050952349198975,0.2520355925627262,0.5100443498764993,0.8584070796460177,0.3835343004175527,0.3564501585689628,0.09734513274336283,0.5542857142857143,0.3783379412656888,0.35634148303179053,0.09714285714285714,0.022123893805309734,0.014285714285714285,0.35428571428571426,11.997142857142856,0.008849557522123894,0.002857142857142857,0.045175494964316186,0.11836634914903714,4.176991150442478,0.0,0.0,0.15,0.07964601769911504,0,0.10448243089304193,0.2573101329733812,0.8938439263488406,0.47985737966702163,0.0,0.8,0.0,0.0,0.0,0.0,0.0,0.08,0.022026431718061675,0.05,0.25
317,0.9836042320190522,0.5113535875956005,0.9221212759032733,0.5048449196493934,0.2520355925627262,0.509799162779457,0.8893805309734514,0.3833573092671102,0.3563174152061309,0.09734513274336283,0.5742857142857143,0.37822365555140314,0.35625576874607623,0.09714285714285714,0.02654867256637168,0.017142857142857144,0.35428571428571426,12.005714285714285,0.008849557522123894,0.0,0.045205132245544434,0.11836634914903714,4.176991150442478,0.0,0.0,0.15,0.07964601769911504,0,0.104445733024291,0.2560235823085143,0.8931099049647208,0.5294707785888435,0.0,0.8333333333333334,0.0,0.0,0.0,0.0,0.0,0.08,0.02654867256637168,0.05,0.25
318,0.9829145154837945,0.5116891264656258,0.921675916083364,0.504935694789115,0.2520355925627262,0.509611776910466,0.8097345132743363,0.3831803181166677,0.35618467184329905,0.09734513274336283,0.5228571428571429,0.37810936983711746,0.356170054460362,0.09714285714285714,0.017699115044247787,0.011428571428571429,0.35428571428571426,12.02,0.008849557522123894,0.0,0.045205132245544434,0.11836634914903714,4.176991150442478,0.0,0.0,0.15,0.07964601769911504,0,0.10438064721631242,0.25474346439697176,0.8866762782939978,0.5506146564295007,0.0,0.75,0.0,0.0,0.0,0.0,0.0,0.08,0.017699115044247787,0.05,0.25
319,0.9822943638097591,0.5106341248286685,0.9212754752881296,0.5044335599744298,0.2520355925627262,0.5095480144892648,0.8097345132743363,0.3831803181166677,0.35618467184329905,0.09734513274336283,0.5228571428571429,0.37810936983711746,0.356170054460362,0.09714285714285714,0.017699115044247787,0.011428571428571429,0.35428571428571426,12.022857142857143,0.008849557522123894,0.0,0.045205132245544434,0.11836634914903714,4.176991150442478,0.0,0.0,0.15,0.07964601769911504,0,0.10394431540880228,0.2534697470749869,0.8803713241566894,0.5396023633009107,0.0,1.0,0.0,0.0,0.0,0.0,0.0,0.08,0.017699115044247787,0.05,0.25
320,0.9831593553482502,0.5106720516766776,0.9218340126815552,0.5047278935027372,0.2520355925627262,0.5094917321044795,0.8407079646017699,0.38300332696622524,0.3560519284804672,0.09734513274336283,0.5428571428571428,0.3779950841228318,0.3560843401746477,0.09714285714285714,0.02654867256637168,0.017142857142857144,0.35428571428571426,12.037142857142857,0.008849557522123894,0.0,0.045205132245544434,0.11836634914903714,4.176991150442478,0.0,0.0,0.15,0.07964601769911504,0,0.10391030811747255,0.25405714954431546,0.8799067548164127,0.5326745945037427,0.0,0.8333333333333334,0.0,0.0,0.0,0.0,0.0,0.08,0.02654867256637168,0.05,0.25
321,0.9822602467152552,0.5115621328540244,0.9212534453928213,0.5050380654888712,0.2520355925627262,0.5094961427649871,0.8097345132743363,0.38291483139100396,0.3559855567990513,0.09734513274336283,0.5228571428571429,0.37793794126568886,0.3560414830317905,0.09714285714285714,0.01327433628318584,0.008571428571428572,0.35428571428571426,12.054285714285715,0.008849557522123894,0.0,0.045205132245544434,0.11836634914903714,4.176991150442478,0.0,0.0,0.15,0.07964601769911504,0,0.10384789943402804,0.2527868637965938,0.8708800482915129,0.5400886530455027,0.0,0.6666666666666666,0.0,0.0,0.0,0.0,0.0,0.08,0.01327433628318584,0.05,0.25
322,0.9813445322977392,0.5113057403792733,0.9206621555117969,0.5048554482374253,0.2520355925627262,0.509616076823458,0.7964601769911505,0.38291483139100396,0.3559855567990513,0.09734513274336283,0.5142857142857142,0.37793794126568886,0.3560414830317905,0.09714285714285714,0.022123893805309734,0.014285714285714285,0.35428571428571426,12.06857142857143,0.01327433628318584,0.0,0.045205132245544434,0.11836634914903714,4.176991150442478,0.0,0.0,0.15,0.07964601769911504,0,0.10341423136542933,0.2515229294776109,0.8677481616113969,0.5292868799845927,0.0,1.0,0.0,0.0,0.0,0.0,0.0,0.08,0.022123893805309734,0.05,0.25
323,0.9809295927435859,0.5110434086044552,0.9203942231139721,0.5042909986563469,0.2520355925627262,0.5098739328539523,0.8451327433628318,0.3828263358157828,0.35591918511763543,0.09734513274336283,0.5457142857142857,0.37788079840854605,0.3559986258889334,0.09714285714285714,0.02654867256637168,0.017142857142857144,0.35428571428571426,12.077142857142857,0.01327433628318584,0.0,0.045205132245544434,0.11836634914903714,4.176991150442478,0.0,0.0,0.15,0.07964601769911504,0,0.10338287449431646,0.2502653148302228,0.8675360555220261,0.5490477087205409,0.0,0.8333333333333334,0.0,0.0,0.0,0.0,0.0,0.08,0.02654867256637168,0.05,0.25
324,0.9790174965334655,0.5105705644636654,0.919159555275437,0.5040124117564718,0.2520355925627262,0.5099813996815391,0.7699115044247787,0.3828263358157828,0.35591918511763543,0.09734513274336283,0.49714285714285716,0.37788079840854605,0.3559986258889334,0.09714285714285714,0.022123893805309734,0.014285714285714285,0.35428571428571426,12.094285714285714,0.01327433628318584,0.0,0.045205132245544434,0.11836634914903714,4.176991150442478,0.0,0.0,0.15,0.07964601769911504,0,0.10292310297898774,0.24901398825607168,0.8644710486972998,0.53806675454613,0.0,1.0,0.0,0.0,0.0,0.0,0.0,0.08,0.022123893805309734,0.05,0.25
325,0.9808341584739046,0.5111045009052305,0.9203325998426922,0.5040776676402091,0.2520355925627262,0.5101294881468624,0.8230088495575221,0.3828263358157828,0.35591918511763543,0.09734513274336283,0.5314285714285715,0.37788079840854605,0.3559986258889334,0.09714285714285714,0.022123893805309734,0.014285714285714285,0.35428571428571426,12.114285714285714,0.01327433628318584,0.0,0.045205132245544434,0.11836634914903714,4.176991150442478,0.0,0.0,0.15,0.07964601769911504,0,0.10246563032123565,0.24776891831479134,0.861467342009068,0.5273054194552074,0.0,1.0,0.0,0.0,0.0,0.0,0.0,0.08,0.022123893805309734,0.05,0.25
326,0.9813643481656374,0.5111520038413061,0.9206749509007824,0.5039896717954535,0.2520355925627262,0.5104886907230011,0.831858407079646,0.3828263358157828,0.35591918511763543,0.09734513274336283,0.5371428571428571,0.37788079840854605,0.3559986258889334,0.09714285714285714,0.022123893805309734,0.014285714285714285,0.35428571428571426,12.122857142857143,0.01327433628318584,0.0,0.045205132245544434,0.11836634914903714,4.176991150442478,0.0,0.0,0.15,0.07964601769911504,0,0.10201044502677234,0.24653007372321736,0.858523709454601,0.5167593110661033,0.0,1.0,0.0,0.0,0.0,0.0,0.0,0.08,0.022123893805309734,0.05,0.25
327,0.9825255439170374,0.5111142782905973,0.921424751585972,0.5042250449394787,0.2520355925627262,0.5107973640860917,0.8008849557522124,0.3828263358157828,0.35591918511763543,0.09734513274336283,0.5171428571428571,0.37788079840854605,0.3559986258889334,0.09714285714285714,0.022123893805309734,0.014285714285714285,0.35428571428571426,12.137142857142857,0.017699115044247787,0.0,0.045205132245544434,0.11836634914903714,4.176991150442478,0.0,0.0,0.15,0.07964601769911504,0,0.10155753565878135,0.24529742335460128,0.8556389495512233,0.5064241248447812,0.0,1.0,0.0,0.0,0.0,0.0,0.0,0.08,0.022123893805309734,0.05,0.25
328,0.9823927062128605,0.5108149449701366,0.9213389763827037,0.503353751217996,0.2520355925627262,0.5110484804196515,0.7477876106194691,0.3828263358157828,0.35591918511763543,0.09734513274336283,0.4828571428571429,0.37788079840854605,0.3559986258889334,0.09714285714285714,0.017699115044247787,0.011428571428571429,0.35428571428571426,12.145714285714286,0.022123893805309734,0.0,0.045205132245544434,0.11836634914903714,4.176991150442478,0.0,0.0,0.15,0.07964601769911504,0,0.10110689083763029,0.24407093623782827,0.8499547419887702,0.4962956423478855,0.0,1.0,0.0,0.0,0.0,0.0,0.0,0.08,0.017699115044247787,0.05,0.25
329,0.9814021149395835,0.5118754393532587,0.9206993374462448,0.504444445717864,0.2520355925627262,0.5112760806730717,0.7699115044247787,0.3828263358157828,0.35591918511763543,0.09734513274336283,0.49714285714285716,0.37788079840854605,0.3559986258889334,0.09714285714285714,0.008849557522123894,0.005714285714285714,0.35428571428571426,12.16,0.022123893805309734,0.0,0.045205132245544434,0.11836634914903714,4.176991150442478,0.0,0.0,0.15,0.07964601769911504,0,0.10062992781201358,0.24285058155663913,0.8386699328632804,0.48636972950092777,0.0,1.0,0.0,0.0,0.0,0.0,0.0,0.08,0.008849557522123894,0.05,0.25
330,0.9819704737647801,0.511491572789602,0.9210663348590861,0.503891291541661,0.2520355925627262,0.5115626810511023,0.7876106194690266,0.3828263358157828,0.35591918511763543,0.09734513274336283,0.5085714285714286,0.37788079840854605,0.3559986258889334,0.09714285714285714,0.008849557522123894,0.005714285714285714,0.35428571428571426,12.18,0.022123893805309734,0.0,0.045205132245544434,0.11836634914903714,4.176991150442478,0.0,0.0,0.15,0.07964601769911504,0,0.10015534960152496,0.24163632864885592,0.8276108199203005,0.47664233491090924,0.0,1.0,0.0,0.0,0.0,0.0,0.0,0.08,0.008849557522123894,0.05,0.25
331,0.9821451044076736,0.5115488222759608,0.9211790963599258,0.5037262244882363,0.2520355925627262,0.5117973509340041,0.8141592920353983,0.3828263358157828,0.35591918511763543,0.09734513274336283,0.5257142857142857,0.37788079840854605,0.3559986258889334,0.09714285714285714,0.008849557522123894,0.005714285714285714,0.35428571428571426,12.194285714285714,0.022123893805309734,0.0,0.045205132245544434,0.11836634914903714,4.176991150442478,0.0,0.0,0.15,0.07964601769911504,0,0.09968314428208873,0.24042814700561163,0.8167728892361804,0.46710948821269105,0.0,1.0,0.0,0.0,0.0,0.0,0.0,0.08,0.008849557522123894,0.05,0.25
332,0.9803269098263977,0.5099158879713247,0.9200050621445878,0.502727601082381,0.2520355925627262,0.5121701025720234,0.7654867256637168,0.3828263358157828,0.35591918511763543,0.09734513274336283,0.4942857142857143,0.37788079840854605,0.3559986258889334,0.09714285714285714,0.022123893805309734,0.014285714285714285,0.35428571428571426,12.214285714285714,0.022123893805309734,0.0,0.045205132245544434,0.11836634914903714,4.176991150442478,0.0,0.0,0.15,0.07964601769911504,0,0.0993267314142497,0.23922600627058357,0.814723145737171,0.4577672984484372,0.0,1.0,0.0,0.0,0.0,0.0,0.0,0.08,0.022123893805309734,0.05,0.25
333,0.9804117277324403,0.5096612000758873,0.9200598302782038,0.5029761165792012,0.2520355925627262,0.5125482306602788,0.7876106194690266,0.3828263358157828,0.35591918511763543,0.09734513274336283,0.5085714285714286,0.37788079840854605,0.3559986258889334,0.09714285714285714,0.022123893805309734,0.014285714285714285,0.35428571428571426,12.228571428571428,0.022123893805309734,0.0,0.045205132245544434,0.11836634914903714,4.176991150442478,0.0,0.0,0.15,0.07964601769911504,0,0.09888724061432133,0.23802987623923064,0.8127143971081419,0.44861195247946845,0.0,1.0,0.0,0.0,0.0,0.0,0.0,0.08,0.022123893805309734,0.05,0.25
334,0.9825114674961438,0.5093560378750073,0.9214156622399096,0.5031409215607978,0.2520355925627262,0.512997527119134,0.7831858407079646,0.3828263358157828,0.35591918511763543,0.09734513274336283,0.5057142857142857,0.37788079840854605,0.3559986258889334,0.09714285714285714,0.01327433628318584,0.008571428571428572,0.35428571428571426,12.242857142857142,0.022123893805309734,0.0,0.045205132245544434,0.11836634914903714,4.176991150442478,0.0,0.0,0.15,0.07964601769911504,0,0.09842137583982115,0.23683972685803448,0.8050315377374075,0.43963971342987906,0.0,1.0,0.0,0.0,0.0,0.0,0.0,0.08,0.01327433628318584,0.05,0.25
335,0.9827625918565968,0.5088490026464604,0.9215778168269448,0.5028178198888026,0.2520355925627262,0.5133369371425911,0.7876106194690266,0.3828263358157828,0.35591918511763543,0.09734513274336283,0.5085714285714286,0.37788079840854605,0.3559986258889334,0.09714285714285714,0.022123893805309734,0.014285714285714285,0.35428571428571426,12.251428571428571,0.022123893805309734,0.0,0.045205132245544434,0.11836634914903714,4.176991150442478,0.0,0.0,0.15,0.07964601769911504,0,0.09801484038919345,0.23565552822374433,0.8032166212683738,0.4308469191612814,0.0,1.0,0.0,0.0,0.0,0.0,0.0,0.08,0.022123893805309734,0.05,0.25
336,0.9830419062123821,0.5085576706062718,0.9217581740966807,0.5021350129109232,0.2520355925627262,0.5135223559706446,0.7876106194690266,0.3828263358157828,0.35591918511763543,0.09734513274336283,0.5085714285714286,0.37788079840854605,0.3559986258889334,0.09714285714285714,0.017699115044247787,0.011428571428571429,0.35428571428571426,12.265714285714285,0.022123893805309734,0.0,0.045205132245544434,0.11836634914903714,4.176991150442478,0.0,0.0,0.15,0.07964601769911504,0,0.09758190904439037,0.2344772505826256,0.7985808602715776,0.4222299807780558,0.0,1.0,0.0,0.0,0.0,0.0,0.0,0.08,0.017699115044247787,0.05,0.25
337,0.9831578750023087,0.509125749914985,0.9218620447350007,0.5018657452086289,0.2520355925627262,0.5137468044344997,0.8622222222222222,0.38403708141190557,0.3563868147379853,0.09777777777777778,0.5542857142857143,0.3778236555514032,0.35595576874607626,0.09714285714285714,0.017777777777777778,0.011428571428571429,0.35714285714285715,12.285714285714286,0.017777777777777778,0.002857142857142857,0.045211550650644465,0.11836634914903714,4.168888888888889,0.0,0.0,0.15,0.08,0,0.09755114235631124,0.23330486432971248,0.7940378144947174,0.43800476221327295,0.0,0.75,0.0,0.0,0.0,0.0,0.0,0.08,0.017699115044247787,0.05,0.25
338,0.9826834290296199,0.5086543820158855,0.9215570437525578,0.5014754779026331,0.2520355925627262,0.5139929946575547,0.8311111111111111,0.38403708141190557,0.3563868147379853,0.09777777777777778,0.5342857142857143,0.3778236555514032,0.35595576874607626,0.09714285714285714,0.008888888888888889,0.005714285714285714,0.35714285714285715,12.297142857142857,0.017777777777777778,0.0,0.045228626431991464,0.11836634914903714,4.168888888888889,0.0,0.0,0.15,0.08,0,0.0971203866445297,0.2321383400080639,0.7838713439191087,0.4292446669690074,0.0,1.0,0.0,0.0,0.0,0.0,0.0,0.08,0.008888888888888889,0.05,0.25
339,0.9812407066708686,0.5085274459158088,0.9206295793790747,0.5015918867245366,0.2520355925627262,0.5142959540212655,0.8355555555555556,0.38403708141190557,0.3563868147379853,0.09777777777777778,0.5371428571428571,0.3778236555514032,0.35595576874607626,0.09714285714285714,0.022222222222222223,0.014285714285714285,0.35714285714285715,12.308571428571428,0.017777777777777778,0.0,0.045228626431991464,0.11836634914903714,4.168888888888889,0.0,0.0,0.15,0.08,0,0.09672035613987849,0.2309776483080236,0.7824796313264409,0.42065977362962725,0.0,1.0,0.0,0.0,0.0,0.0,0.0,0.08,0.022222222222222223,0.05,0.25
340,0.9827686286825575,0.5083591385154155,0.9216118149580179,0.5012749892086591,0.2520355925627262,0.5143965422919269,0.8355555555555556,0.3839481925230167,0.35632014807131857,0.09777777777777778,0.5371428571428571,0.3777665126942603,0.3559129116032191,0.09714285714285714,0.02666666666666667,0.017142857142857144,0.35714285714285715,12.325714285714286,0.017777777777777778,0.0,0.045228626431991464,0.11836634914903714,4.168888888888889,0.0,0.0,0.15,0.08,0,0.09672246864489338,0.2298227600664835,0.7839728958427694,0.4138731477507581,0.0,0.8333333333333334,0.0,0.0,0.0,0.0,0.0,0.08,0.02666666666666667,0.05,0.25
341,0.983623883477855,0.50784179284653,0.9221616216121375,0.5007425428753759,0.2520355925627262,0.5145558720500342,0.8088888888888889,0.3839481925230167,0.35632014807131857,0.09777777777777778,0.52,0.3777665126942603,0.3559129116032191,0.09714285714285714,0.008888888888888889,0.005714285714285714,0.35714285714285715,12.342857142857143,0.017777777777777778,0.0,0.045228626431991464,0.11836634914903714,4.168888888888889,0.0,0.0,0.15,0.08,0,0.09626742773024034,0.22867364626615105,0.7740077236401995,0.40559568479574293,0.0,1.0,0.0,0.0,0.0,0.0,0.0,0.08,0.008888888888888889,0.05,0.25
342,0.9841221064414184,0.5077235096074185,0.9224892852442002,0.5007296899636317,0.2520355925627262,0.5146980001253216,0.84375,0.38332520511152224,0.3560696695328243,0.09821428571428571,0.54,0.3776522269799746,0.3558271973175048,0.09714285714285714,0.008928571428571428,0.008571428571428572,0.36,12.354285714285714,0.013392857142857142,0.002857142857142857,0.04524072610920019,0.11836634914903714,4.160714285714286,0.0,0.0,0.15,0.08035714285714286,0,0.09624323344873201,0.22806242384445147,0.7670989977388242,0.41352136403565704,0.0,0.6666666666666666,0.0,0.0,0.0,0.0,0.0,0.08,0.013333333333333334,0.05,0.25
343,0.9846796925271865,0.5080775253433468,0.9228461403390916,0.5010558595656348,0.2520355925627262,0.5147845833319881,0.8482142857142857,0.38332520511152224,0.3560696695328243,0.09821428571428571,0.5428571428571428,0.3776522269799746,0.3558271973175048,0.09714285714285714,0.017857142857142856,0.011428571428571429,0.36,12.368571428571428,0.013392857142857142,0.0,0.04524988134591589,0.11836634914903714,4.160714285714286,0.0,0.0,0.15,0.08035714285714286,0,0.09587587513863119,0.22692211172522922,0.7631855892126189,0.4052509367549439,0.0,1.0,0.0,0.0,0.0,0.0,0.0,0.08,0.017857142857142856,0.05,0.25
344,0.9840542122405738,0.5088190184949059,0.9224458329556595,0.5019748120693558,0.2520355925627262,0.5147117677963042,0.8125,0.38332520511152224,0.3560696695328243,0.09821428571428571,0.52,0.3776522269799746,0.3558271973175048,0.09714285714285714,0.017857142857142856,0.011428571428571429,0.36,12.382857142857143,0.017857142857142856,0.0,0.04524988134591589,0.11836634914903714,4.160714285714286,0.0,0.0,0.15,0.08035714285714286,0,0.09545363862008088,0.22578750116660307,0.759350448856938,0.397145918019845,0.0,1.0,0.0,0.0,0.0,0.0,0.0,0.08,0.017857142857142856,0.05,0.25
345,0.9839099910929947,0.5096674520108685,0.9223535314212089,0.5027333271468252,0.2520355925627262,0.5146327065427059,0.7767857142857143,0.38332520511152224,0.3560696695328243,0.09821428571428571,0.49714285714285716,0.3776522269799746,0.3558271973175048,0.09714285714285714,0.013392857142857142,0.008571428571428572,0.36,12.397142857142857,0.017857142857142856,0.0,0.04524988134591589,0.11836634914903714,4.160714285714286,0.0,0.0,0.15,0.08035714285714286,0,0.09500494185555192,0.22465856366077006,0.752734868451228,0.3892029996594481,0.0,1.0,0.0,0.0,0.0,0.0,0.0,0.08,0.013392857142857142,0.05,0.25
346,0.9847791472900758,0.5097055739537457,0.9229097913873407,0.5028649169587658,0.2520355925627262,0.5145457136173228,0.7946428571428571,0.38332520511152224,0.3560696695328243,0.09821428571428571,0.5085714285714286,0.3776522269799746,0.3558271973175048,0.09714285714285714,0.017857142857142856,0.011428571428571429,0.36,12.411428571428571,0.017857142857142856,0.0,0.04524988134591589,0.11836634914903714,4.160714285714286,0.0,0.0,0.15,0.08035714285714286,0,0.09461548857484559,0.2235352708424662,0.7491087425107749,0.3814189396662591,0.0,1.0,0.0,0.0,0.0,0.0,0.0,0.08,0.017857142857142856,0.05,0.25
347,0.983704692529175,0.5104668946910371,0.9222221403403643,0.5030979589158621,0.2520355925627262,0.5145127491220782,0.7767857142857143,0.3831466336829508,0.35593574096139574,0.09821428571428571,0.49714285714285716,0.3775379412656889,0.35574148303179054,0.09714285714285714,0.017857142857142856,0.014285714285714285,0.36,12.425714285714285,0.017857142857142856,0.0,0.04524988134591589,0.11836634914903714,4.160714285714286,0.0,0.0,0.15,0.08035714285714286,0,0.09462812541768564,0.22241759448825385,0.7484122819462735,0.41984840369987186,0.0,0.8,0.0,0.0,0.0,0.0,0.0,0.08,0.017857142857142856,0.05,0.25
348,0.9825804476961865,0.50986985846024,0.9215026236472519,0.501992905401768,0.2520355925627262,0.5144683511941108,0.7857142857142857,0.3831466336829508,0.35593574096139574,0.09821428571428571,0.5028571428571429,0.3775379412656889,0.35574148303179054,0.09714285714285714,0.013392857142857142,0.008571428571428572,0.36,12.434285714285714,0.017857142857142856,0.0,0.04524988134591589,0.11836634914903714,4.160714285714286,0.0,0.0,0.15,0.08035714285714286,0,0.09418355621916866,0.22130550651581257,0.7420154648787766,0.4114514356258744,0.0,1.0,0.0,0.0,0.0,0.0,0.0,0.08,0.013392857142857142,0.05,0.25
349,0.9831009940703016,0.5090833664400788,0.9218357733266852,0.5017692720402029,0.2520355925627262,0.5142972197993911,0.8125,0.382789490825808,0.35566788381853864,0.09821428571428571,0.52,0.3773093698371174,0.355570054460362,0.09714285714285714,0.022321428571428572,0.014285714285714285,0.36,12.448571428571428,0.017857142857142856,0.0,0.04524988134591589,0.11836634914903714,4.160714285714286,0.0,0.0,0.15,0.08035714285714286,0,0.09459835272378707,0.2201989789832335,0.7414608698669154,0.47454776461806636,0.0,0.6,0.0,0.0,0.0,0.0,0.0,0.08,0.022321428571428572,0.05,0.25
350,0.9831478212075615,0.509600495268735,0.9218657426945317,0.5023235891044912,0.2520355925627262,0.5141889216508725,0.7946428571428571,0.38270020511152225,0.35560091953282436,0.09821428571428571,0.5085714285714286,0.37725222697997457,0.3555271973175048,0.09714285714285714,0.022321428571428572,0.014285714285714285,0.36,12.457142857142857,0.017857142857142856,0.0,0.04524988134591589,0.11836634914903714,4.160714285714286,0.0,0.0,0.15,0.08035714285714286,0,0.09466779024588244,0.21909798408831735,0.7409173667552912,0.4721231411184087,0.0,0.8,0.0,0.0,0.0,0.0,0.0,0.08,0.022321428571428572,0.05,0.25
351,0.9832334346401336,0.5093909246074967,0.9219205352913776,0.5025872149298235,0.2520355925627262,0.5140734363843913,0.7678571428571429,0.3824323479686651,0.3554000266756815,0.09821428571428571,0.49142857142857144,0.3770807984085461,0.3553986258889334,0.09714285714285714,0.026785714285714284,0.017142857142857144,0.36,12.471428571428572,0.017857142857142856,0.0,0.04524988134591589,0.11836634914903714,4.160714285714286,0.0,0.0,0.15,0.08035714285714286,0,0.09510873700893875,0.22119607084336143,0.7432418765630426,0.4732356558834706,0.0,0.6666666666666666,0.0,0.0,0.0,0.0,0.0,0.08,0.026785714285714284,0.05,0.25
352,0.9827673035962309,0.5106441649499119,0.9216222114232803,0.5031318714349069,0.2520355925627262,0.5139497620096918,0.7455357142857143,0.3822537765400937,0.3552660981042529,0.09821428571428571,0.47714285714285715,0.3769665126942603,0.3553129116032191,0.09714285714285714,0.022321428571428572,0.014285714285714285,0.36,12.485714285714286,0.017857142857142856,0.0,0.04524988134591589,0.11836634914903714,4.160714285714286,0.0,0.0,0.15,0.08035714285714286,0,0.09511890760960834,0.2221774219583103,0.7426627533174961,0.4944833515927603,0.0,0.8,0.0,0.0,0.0,0.0,0.0,0.08,0.022321428571428572,0.05,0.25
353,0.9834447533580872,0.5106930184360613,0.9220557792708681,0.5031859624304685,0.2520355925627262,0.5138788366982001,0.7589285714285714,0.3822537765400937,0.3552660981042529,0.09821428571428571,0.4857142857142857,0.3769665126942603,0.3553129116032191,0.09714285714285714,0.017857142857142856,0.011428571428571429,0.36,12.5,0.022321428571428572,0.0,0.04524988134591589,0.11836634914903714,4.160714285714286,0.0,0.0,0.15,0.08035714285714286,0,0.09470045592870314,0.22106653484851876,0.7392380696797175,0.48459368456090507,0.0,1.0,0.0,0.0,0.0,0.0,0.0,0.08,0.017857142857142856,0.05,0.25
354,0.9828156814898765,0.5111095878629611,0.9216531732752135,0.5027008581658016,0.2520355925627262,0.5137414465939621,0.7366071428571429,0.3818966336829508,0.35499824096139576,0.09821428571428571,0.4714285714285714,0.37673794126568894,0.35514148303179055,0.09714285714285714,0.03125,0.02,0.36,12.514285714285714,0.022321428571428572,0.0,0.04524988134591589,0.11836634914903714,4.160714285714286,0.0,0.0,0.15,0.08035714285714286,0,0.09556981079191676,0.21996120217427617,0.7444533082861231,0.5176442416691007,0.0,0.5714285714285714,0.0,0.0,0.0,0.0,0.0,0.08,0.03125,0.05,0.25
355,0.9814447381115904,0.5109704143109409,0.9207757695131101,0.5024177717737668,0.2520355925627262,0.5138305320225008,0.7678571428571429,0.38162877654009364,0.3547973481042529,0.09821428571428571,0.49142857142857144,0.3765665126942602,0.35501291160321913,0.09714285714285714,0.026785714285714284,0.017142857142857144,0.36,12.528571428571428,0.022321428571428572,0.0,0.04524988134591589,0.11836634914903714,4.160714285714286,0.0,0.0,0.15,0.08035714285714286,0,0.0960062474522429,0.2210944054679124,0.7467070992632578,0.5320850697858602,0.0,0.6666666666666666,0.0,0.0,0.0,0.0,0.0,0.08,0.026785714285714284,0.05,0.25
356,0.9803203258878133,0.5125424150627277,0.9200561456898928,0.503329652772557,0.2520355925627262,0.5139992636961864,0.7857142857142857,0.38162877654009364,0.3547973481042529,0.09821428571428571,0.5028571428571429,0.3765665126942602,0.35501291160321913,0.09714285714285714,0.017857142857142856,0.011428571428571429,0.36,12.542857142857143,0.022321428571428572,0.0,0.04524988134591589,0.11836634914903714,4.160714285714286,0.0,0.0,0.15,0.08035714285714286,0,0.09558335907212455,0.21998893344057285,0.743201528706564,0.521443368390143,0.0,1.0,0.0,0.0,0.0,0.0,0.0,0.08,0.017857142857142856,0.05,0.25
357,0.9807244744858152,0.512429217675602,0.9203148007926143,0.5037269080616968,0.2520355925627262,0.5142895445980477,0.7633928571428571,0.38162877654009364,0.3547973481042529,0.09821428571428571,0.48857142857142855,0.3765665126942602,0.35501291160321913,0.09714285714285714,0.013392857142857142,0.008571428571428572,0.36,12.557142857142857,0.022321428571428572,0.0,0.04524988134591589,0.11836634914903714,4.160714285714286,0.0,0.0,0.15,0.08035714285714286,0,0.09513401370533535,0.21888898877336999,0.7369089267038613,0.5110145010223401,0.0,1.0,0.0,0.0,0.0,0.0,0.0,0.08,0.013392857142857142,0.05,0.25
358,0.9814113656015124,0.5128487878949872,0.9207544111066603,0.5041912447333865,0.2520355925627262,0.5144105361800906,0.7678571428571429,0.38162877654009364,0.3547973481042529,0.09821428571428571,0.49142857142857144,0.3765665126942602,0.35501291160321913,0.09714285714285714,0.013392857142857142,0.008571428571428572,0.36,12.571428571428571,0.022321428571428572,0.0,0.04524988134591589,0.11836634914903714,4.160714285714286,0.0,0.0,0.15,0.08035714285714286,0,0.0946869150653801,0.2177945438295031,0.7307421767412127,0.5007942110018933,0.0,1.0,0.0,0.0,0.0,0.0,0.0,0.08,0.013392857142857142,0.05,0.25
359,0.9829999750317295,0.5129206558410863,0.9217711211419992,0.5042806736167396,0.2520355925627262,0.5144331862056156,0.7544642857142857,0.38162877654009364,0.3547973481042529,0.09821428571428571,0.4828571428571429,0.3765665126942602,0.35501291160321913,0.09714285714285714,0.017857142857142856,0.011428571428571429,0.36,12.585714285714285,0.022321428571428572,0.0,0.04524988134591589,0.11836634914903714,4.160714285714286,0.0,0.0,0.15,0.08035714285714286,0,0.09432733834719605,0.21670557111035563,0.7275559046349598,0.49077832678185546,0.0,1.0,0.0,0.0,0.0,0.0,0.0,0.08,0.017857142857142856,0.05,0.25
360,0.981867358529193,0.5135213958343143,0.9210462465803757,0.5048707507554602,0.2520355925627262,0.5143757749710398,0.78125,0.38162877654009364,0.3547973481042529,0.09821428571428571,0.5,0.3765665126942602,0.35501291160321913,0.09714285714285714,0.017857142857142856,0.011428571428571429,0.36,12.6,0.022321428571428572,0.0,0.04524988134591589,0.11836634914903714,4.160714285714286,0.0,0.0,0.15,0.08035714285714286,0,0.09391284451260293,0.21562204325480383,0.724433357970832,0.4809627602462183,0.0,1.0,0.0,0.0,0.0,0.0,0.0,0.08,0.017857142857142856,0.05,0.25
361,0.982814509683011,0.5136454492126108,0.9216524233188192,0.5049780230254833,0.2520355925627262,0.5142717773614159,0.7901785714285714,0.3814502051115222,0.3546634195328243,0.09821428571428571,0.5057142857142857,0.37645222697997455,0.35492719731750483,0.09714285714285714,0.022321428571428572,0.014285714285714285,0.36,12.614285714285714,0.022321428571428572,0.0,0.04524988134591589,0.11836634914903714,4.160714285714286,0.0,0.0,0.15,0.08035714285714286,0,0.09392899457575421,0.2145439330385298,0.7242304050971297,0.5378795018045361,0.0,0.8,0.0,0.0,0.0,0.0,0.0,0.08,0.022321428571428572,0.05,0.25
362,0.9815268072670075,0.51320420644031,0.9208282937725771,0.5053014321591044,0.2520355925627262,0.5139691361702712,0.7901785714285714,0.3812716336829508,0.35452949096139574,0.09821428571428571,0.5057142857142857,0.37633794126568887,0.3548414830317906,0.09714285714285714,0.008928571428571428,0.005714285714285714,0.36,12.628571428571428,0.022321428571428572,0.0,0.04524988134591589,0.11836634914903714,4.160714285714286,0.0,0.0,0.15,0.08035714285714286,0,0.09391649246001829,0.21347121337333716,0.7154600827094727,0.5390857244498637,0.0,0.5,0.0,0.0,0.0,0.0,0.0,0.08,0.008928571428571428,0.05,0.25
363,0.9812616478443538,0.5128159518569315,0.9206585917420788,0.5047783115463902,0.2520355925627262,0.5137573679123776,0.7098214285714286,0.3812716336829508,0.35452949096139574,0.09821428571428571,0.4542857142857143,0.37633794126568887,0.3548414830317906,0.09714285714285714,0.017857142857142856,0.011428571428571429,0.36,12.642857142857142,0.022321428571428572,0.0,0.04524988134591589,0.11836634914903714,4.160714285714286,0.0,0.0,0.15,0.08035714285714286,0,0.09353248142628963,0.2124038573064705,0.7125794524838548,0.5283040099608663,0.0,1.0,0.0,0.0,0.0,0.0,0.0,0.08,0.017857142857142856,0.05,0.25
364,0.982410263238631,0.5129995066160827,0.9213937055944162,0.5042272596828562,0.2520355925627262,0.5135411845663294,0.7455357142857143,0.3812716336829508,0.35452949096139574,0.09821428571428571,0.47714285714285715,0.37633794126568887,0.3548414830317906,0.09714285714285714,0.017857142857142856,0.011428571428571429,0.36,12.657142857142857,0.022321428571428572,0.0,0.04524988134591589,0.11836634914903714,4.160714285714286,0.0,0.0,0.15,0.08035714285714286,0,0.09312196187630103,0.21134183801993814,0.709756434862749,0.517737929761649,0.0,1.0,0.0,0.0,0.0,0.0,0.0,0.08,0.017857142857142856,0.05,0.25
365,0.9819775704264398,0.5141372040624789,0.9211167821946138,0.5048744868679858,0.2520355925627262,0.5133809683328534,0.7589285714285714,0.3812716336829508,0.35452949096139574,0.09821428571428571,0.4857142857142857,0.37633794126568887,0.3548414830317906,0.09714285714285714,0.017857142857142856,0.011428571428571429,0.36,12.67142857142857,0.022321428571428572,0.0,0.04524988134591589,0.11836634914903714,4.160714285714286,0.0,0.0,0.15,0.08035714285714286,0,0.0927134949240624,0.21028512882983844,0.7069898775940655,0.507383171166416,0.0,1.0,0.0,0.0,0.0,0.0,0.0,0.08,0.017857142857142856,0.05,0.25
366,0.9807126858235427,0.5136597079176648,0.9203072560487596,0.5045566232107466,0.2520355925627262,0.5132650985772899,0.7678571428571429,0.3812716336829508,0.35452949096139574,0.09821428571428571,0.49142857142857144,0.37633794126568887,0.3548414830317906,0.09714285714285714,0.017857142857142856,0.011428571428571429,0.36,12.685714285714285,0.022321428571428572,0.0,0.04524988134591589,0.11836634914903714,4.160714285714286,0.0,0.0,0.15,0.08035714285714286,0,0.09230707030658493,0.20923370318568923,0.7042786514707555,0.49723550774308767,0.0,1.0,0.0,0.0,0.0,0.0,0.0,0.08,0.017857142857142856,0.05,0.25
367,0.9809801113050216,0.5137109478254771,0.9204784083569062,0.5045830903244446,0.2520355925627262,0.5129592123580368,0.8482142857142857,0.3810930622543794,0.35439556238996717,0.09821428571428571,0.5428571428571428,0.3762236555514032,0.3547557687460763,0.09714285714285714,0.022321428571428572,0.014285714285714285,0.36,12.7,0.022321428571428572,0.0,0.04524988134591589,0.11836634914903714,4.160714285714286,0.0,0.0,0.15,0.08035714285714286,0,0.0923312492407663,0.20978828547631856,0.7044787927270547,0.5060623404096531,0.0,0.8,0.0,0.0,0.0,0.0,0.0,0.08,0.022321428571428572,0.05,0.25
368,0.9835803963599326,0.5140506059474236,0.9217071127592346,0.5049026349857957,0.2520355925627262,0.5125009426177127,0.7443946188340808,0.38052210958789745,0.35487027441415653,0.09865470852017937,0.4742857142857143,0.3762236555514032,0.3547557687460763,0.09714285714285714,0.013452914798206279,0.008571428571428572,0.3628571428571429,12.714285714285714,0.017937219730941704,0.002857142857142857,0.04530172496230619,0.11836634914903713,4.116591928251121,0.0,0.0,0.15,0.08071748878923767,0,0.09189816442313388,0.20873934404893696,0.6989606454439422,0.4959410936014601,0.0,1.0,0.0,0.0,0.0,0.0,0.0,0.08,0.013392857142857142,0.05,0.25
369,0.9821924453676724,0.5138946490826545,0.9208227896984519,0.5050622752965965,0.2520355925627262,0.5120890108941321,0.7219730941704036,0.3804324234892427,0.35480300984016555,0.09865470852017937,0.46,0.37616651269426027,0.3547129116032191,0.09714285714285714,0.008968609865470852,0.005714285714285714,0.3628571428571429,12.725714285714286,0.017937219730941704,0.0,0.04533127782655063,0.11836634914903713,4.116591928251121,0.0,0.0,0.15,0.08071748878923767,0,0.09192424502958965,0.20769564732869228,0.690695718249349,0.5175465245368903,0.0,0.5,0.0,0.0,0.0,0.0,0.0,0.08,0.008968609865470852,0.05,0.25
370,0.9814624348491231,0.5142542821650974,0.9203576687109191,0.504878746816509,0.2520355925627262,0.511578019823406,0.757847533632287,0.3804324234892427,0.35480300984016555,0.09865470852017937,0.4828571428571429,0.37616651269426027,0.3547129116032191,0.09714285714285714,0.017937219730941704,0.011428571428571429,0.3628571428571429,12.737142857142857,0.017937219730941704,0.0,0.04533127782655063,0.11836634914903713,4.116591928251121,0.0,0.0,0.15,0.08071748878923767,0,0.09155019523301314,0.20665716909204884,0.6883103753129335,0.5071955940461524,0.0,1.0,0.0,0.0,0.0,0.0,0.0,0.08,0.017937219730941704,0.05,0.25
371,0.9824708900805386,0.5133689516553483,0.9210001987583636,0.5043946730238025,0.2520355925627262,0.5111130479638999,0.7802690582959642,0.3804324234892427,0.35480300984016555,0.09865470852017937,0.49714285714285716,0.37616651269426027,0.3547129116032191,0.09714285714285714,0.017937219730941704,0.011428571428571429,0.3628571428571429,12.748571428571429,0.017937219730941704,0.0,0.04533127782655063,0.11836634914903713,4.116591928251121,0.0,0.0,0.15,0.08071748878923767,0,0.09114958711399092,0.2056238832465886,0.6859727392352463,0.4970516821652294,0.0,1.0,0.0,0.0,0.0,0.0,0.0,0.08,0.017937219730941704,0.05,0.25
372,0.9819980210383836,0.5148259106664895,0.9206989136257908,0.5053812438598613,0.2520355925627262,0.5105436352598625,0.7757847533632287,0.3802530512919333,0.3546684806921835,0.09865470852017937,0.4942857142857143,0.3760522269799746,0.35462719731750486,0.09714285714285714,0.02242152466367713,0.014285714285714285,0.3628571428571429,12.76,0.017937219730941704,0.0,0.04533127782655063,0.11836634914903713,4.116591928251121,0.0,0.0,0.15,0.08071748878923767,0,0.09117955346413525,0.20459576383035566,0.6865389987362556,0.4887054356490415,0.0,0.8,0.0,0.0,0.0,0.0,0.0,0.08,0.02242152466367713,0.05,0.25
373,0.9811255041991889,0.5140013205210882,0.9201429957539611,0.504701366200494,0.2520355925627262,0.5101701138701674,0.7668161434977578,0.3802530512919333,0.3546684806921835,0.09865470852017937,0.48857142857142855,0.3760522269799746,0.35462719731750486,0.09714285714285714,0.013452914798206279,0.008571428571428572,0.3628571428571429,12.771428571428572,0.017937219730941704,0.0,0.04533127782655063,0.11836634914903713,4.116591928251121,0.0,0.0,0.15,0.08071748878923767,0,0.090752227125386,0.20357278501120388,0.681379647332959,0.4789313269360607,0.0,1.0,0.0,0.0,0.0,0.0,0.0,0.08,0.013452914798206279,0.05,0.25
374,0.9808240965742407,0.516059343854593,0.9197570548502794,0.5061646463356789,0.2520355925627262,0.5097402806708411,0.8378378378378378,0.38061821186334815,0.3561127217834468,0.0990990990990991,0.5314285714285715,0.3760522269799746,0.35462719731750486,0.09714285714285714,0.013513513513513514,0.011428571428571429,0.3657142857142857,12.782857142857143,0.013513513513513514,0.002857142857142857,0.045409281765647166,0.11836634914903714,4.009009009009009,0.0,0.0,0.15,0.08108108108108109,0,0.09038403741833048,0.20255492108614787,0.6791806258148713,0.46935270039733945,0.0,1.0,0.0,0.0,0.0,0.0,0.0,0.08,0.017937219730941704,0.05,0.25
375,0.9819483544139461,0.516181489539689,0.9204701555371783,0.5062834460694284,0.2520355925627262,0.5094490970814483,0.7792792792792793,0.38043803168316803,0.35597758664831164,0.0990990990990991,0.4942857142857143,0.3759379412656889,0.35454148303179056,0.09714285714285714,0.018018018018018018,0.011428571428571429,0.3657142857142857,12.791428571428572,0.013513513513513514,0.0,0.0454945958571844,0.11836634914903714,4.009009009009009,0.0,0.0,0.15,0.08108108108108109,0,0.0903892600883817,0.2015421464807171,0.6770255847271452,0.4685673726286938,0.0,0.75,0.0,0.0,0.0,0.0,0.0,0.08,0.018018018018018018,0.05,0.25
376,0.9822003553131143,0.5165480403651613,0.920629996107508,0.5063547968486266,0.2520355925627262,0.5093098631675337,0.7612612612612613,0.38043803168316803,0.35597758664831164,0.0990990990990991,0.4828571428571429,0.3759379412656889,0.35454148303179056,0.09714285714285714,0.013513513513513514,0.008571428571428572,0.3657142857142857,12.8,0.013513513513513514,0.0,0.0454945958571844,0.11836634914903714,4.009009009009009,0.0,0.0,0.15,0.08108108108108109,0,0.08996588521651122,0.20053443574831353,0.6720565016040309,0.45919602517611996,0.0,1.0,0.0,0.0,0.0,0.0,0.0,0.08,0.013513513513513514,0.05,0.25
377,0.9827501038147465,0.517182655374989,0.9209786937285431,0.5066601397353405,0.2520355925627262,0.5091939292720822,0.7792792792792793,0.38043803168316803,0.35597758664831164,0.0990990990990991,0.4942857142857143,0.3759379412656889,0.35454148303179056,0.09714285714285714,0.013513513513513514,0.008571428571428572,0.3657142857142857,12.808571428571428,0.013513513513513514,0.0,0.0454945958571844,0.11836634914903714,4.009009009009009,0.0,0.0,0.15,0.08108108108108109,0,0.08954462721900011,0.19953176356957195,0.6671868001433788,0.4500121046725975,0.0,1.0,0.0,0.0,0.0,0.0,0.0,0.08,0.013513513513513514,0.05,0.25
378,0.9825278702690274,0.5170981444003444,0.9208377341652584,0.5061935569405471,0.2520355925627262,0.5090559046838066,0.8018018018018018,0.38043803168316803,0.35597758664831164,0.0990990990990991,0.5085714285714286,0.3759379412656889,0.35454148303179056,0.09714285714285714,0.013513513513513514,0.008571428571428572,0.3657142857142857,12.817142857142857,0.013513513513513514,0.0,0.0454945958571844,0.11836634914903714,4.009009009009009,0.0,0.0,0.15,0.08108108108108109,0,0.08912547551147652,0.1985341047517241,0.6624144927119399,0.44101186257914554,0.0,1.0,0.0,0.0,0.0,0.0,0.0,0.08,0.013513513513513514,0.05,0.25
379,0.9832318098090386,0.5167406958506662,0.9212842329592085,0.5053774098249172,0.2520355925627262,0.5087211095792332,0.7792792792792793,0.38043803168316803,0.35597758664831164,0.0990990990990991,0.4942857142857143,0.3759379412656889,0.35454148303179056,0.09714285714285714,0.013513513513513514,0.008571428571428572,0.3657142857142857,12.825714285714286,0.013513513513513514,0.0,0.0454945958571844,0.11836634914903714,4.009009009009009,0.0,0.0,0.15,0.08108108108108109,0,0.08870841956249058,0.1975414342279655,0.6577376314291297,0.4321916253275626,0.0,1.0,0.0,0.0,0.0,0.0,0.0,0.08,0.013513513513513514,0.05,0.25
380,0.9829750562176351,0.5167489330514622,0.9211213778240898,0.5050924319470822,0.2520355925627262,0.508357016221388,0.7387387387387387,0.3802578515029879,0.3558424515131765,0.0990990990990991,0.4685714285714286,0.3758236555514031,0.35445576874607626,0.09714285714285714,0.018018018018018018,0.011428571428571429,0.3657142857142857,12.834285714285715,0.013513513513513514,0.0,0.0454945958571844,0.11836634914903714,4.009009009009009,0.0,0.0,0.15,0.08108108108108109,0,0.08872202032182099,0.20278244747263563,0.6560114502291186,0.42354779282101135,0.0,0.75,0.0,0.0,0.0,0.0,0.0,0.08,0.018018018018018018,0.05,0.25
381,0.9832733952428534,0.5166601917408865,0.9213106100057995,0.5049810810003085,0.2520355925627262,0.5080038431688894,0.8108108108108109,0.3802578515029879,0.3558424515131765,0.0990990990990991,0.5142857142857142,0.3758236555514031,0.35445576874607626,0.09714285714285714,0.013513513513513514,0.008571428571428572,0.3657142857142857,12.842857142857143,0.013513513513513514,0.0,0.0454945958571844,0.11836634914903714,4.009009009009009,0.0,0.0,0.15,0.08108108108108109,0,0.08830698164878331,0.20176853523527247,0.6514626497959647,0.41507683696459113,0.0,1.0,0.0,0.0,0.0,0.0,0.0,0.08,0.013513513513513514,0.05,0.25
382,0.9838553386015279,0.5161977485711815,0.9216797283647301,0.5046289635647359,0.2520355925627262,0.5077151140655578,0.8198198198198198,0.3800776713228077,0.35570731637804137,0.0990990990990991,0.52,0.37570936983711745,0.35437005446036196,0.09714285714285714,0.018018018018018018,0.011428571428571429,0.3657142857142857,12.851428571428572,0.013513513513513514,0.0,0.0454945958571844,0.11836634914903714,4.009009009009009,0.0,0.0,0.15,0.08108108108108109,0,0.08832258959768224,0.21641025158385938,0.6498619682286167,0.4067753002252993,0.0,0.75,0.0,0.0,0.0,0.0,0.0,0.08,0.018018018018018018,0.05,0.25
383,0.9830274130560432,0.5144616386939065,0.9211545870187371,0.5036689373820832,0.2520355925627262,0.507563103187115,0.7432432432432432,0.3800776713228077,0.35570731637804137,0.0990990990990991,0.4714285714285714,0.37570936983711745,0.35437005446036196,0.09714285714285714,0.013513513513513514,0.008571428571428572,0.3657142857142857,12.86,0.013513513513513514,0.0,0.0454945958571844,0.11836634914903714,4.009009009009009,0.0,0.0,0.15,0.08108108108108109,0,0.08790954807826526,0.21532820032594008,0.645436157435473,0.3986397942207933,0.0,1.0,0.0,0.0,0.0,0.0,0.0,0.08,0.013513513513513514,0.05,0.25
384,0.9806791743085054,0.5146589543507003,0.9196651327274415,0.503657591355883,0.2520355925627262,0.5072206754137343,0.8333333333333334,0.3800776713228077,0.35570731637804137,0.0990990990990991,0.5285714285714286,0.37570936983711745,0.35437005446036196,0.09714285714285714,0.013513513513513514,0.008571428571428572,0.3657142857142857,12.868571428571428,0.013513513513513514,0.0,0.0454945958571844,0.11836634914903714,4.009009009009009,0.0,0.0,0.15,0.08108108108108109,0,0.08749857176644536,0.2142515593243104,0.6410988628581921,0.39066699833637747,0.0,1.0,0.0,0.0,0.0,0.0,0.0,0.08,0.013513513513513514,0.05,0.25
385,0.9812499285171818,0.51492993396587,0.9200271539683734,0.5035418231291429,0.2520355925627262,0.5068189161352382,0.8063063063063063,0.3800776713228077,0.35570731637804137,0.0990990990990991,0.5114285714285715,0.37570936983711745,0.35437005446036196,0.09714285714285714,0.013513513513513514,0.008571428571428572,0.3657142857142857,12.877142857142857,0.013513513513513514,0.0,0.0454945958571844,0.11836634914903714,4.009009009009009,0.0,0.0,0.15,0.08108108108108109,0,0.08708965033618457,0.21318030152768883,0.6368483141724568,0.38285365836964985,0.0,1.0,0.0,0.0,0.0,0.0,0.0,0.08,0.013513513513513514,0.05,0.25
386,0.98058902265128,0.514751823337525,0.9196079508191443,0.5037395454946723,0.2520355925627262,0.5065311947708114,0.8018018018018018,0.3799875812327176,0.35563974881047383,0.0990990990990991,0.5085714285714286,0.3756522269799746,0.35432719731750484,0.09714285714285714,0.018018018018018018,0.011428571428571429,0.3657142857142857,12.885714285714286,0.013513513513513514,0.0,0.0454945958571844,0.11836634914903714,4.009009009009009,0.0,0.0,0.15,0.08108108108108109,0,0.08711134494164649,0.21651172865379278,0.6355399193175791,0.41111464998273384,0.0,0.75,0.0,0.0,0.0,0.0,0.0,0.08,0.018018018018018018,0.05,0.25
387,0.9819644754339772,0.5134917391392925,0.9204803808698838,0.5028228309561349,0.2520355925627262,0.50621923849397,0.8243243243243243,0.3799875812327176,0.35563974881047383,0.0990990990990991,0.5228571428571429,0.3756522269799746,0.35432719731750484,0.09714285714285714,0.013513513513513514,0.008571428571428572,0.3657142857142857,12.894285714285715,0.013513513513513514,0.0,0.0454945958571844,0.11836634914903714,4.009009009009009,0.0,0.0,0.15,0.08108108108108109,0,0.08670435964550968,0.2154291700105238,0.6314005495026561,0.4028923569830792,0.0,1.0,0.0,0.0,0.0,0.0,0.0,0.08,0.013513513513513514,0.05,0.25
388,0.9814295934555904,0.5141507490105574,0.920141112872164,0.503077546069062,0.2520355925627262,0.5058888510753728,0.8198198198198198,0.3799875812327176,0.35563974881047383,0.0990990990990991,0.52,0.3756522269799746,0.35432719731750484,0.09714285714285714,0.013513513513513514,0.008571428571428572,0.3657142857142857,12.902857142857142,0.013513513513513514,0.0,0.0454945958571844,0.11836634914903714,4.009009009009009,0.0,0.0,0.15,0.08108108108108109,0,0.08629940927585357,0.2143520241604712,0.6273439670840315,0.39483450984341756,0.0,1.0,0.0,0.0,0.0,0.0,0.0,0.08,0.013513513513513514,0.05,0.25
389,0.9801401993951611,0.5142609840412493,0.9193232686395489,0.5034137373225188,0.2520355925627262,0.5057594702080904,0.7882882882882883,0.3799875812327176,0.35563974881047383,0.0990990990990991,0.5,0.3756522269799746,0.35432719731750484,0.09714285714285714,0.013513513513513514,0.008571428571428572,0.3657142857142857,12.911428571428571,0.013513513513513514,0.0,0.0454945958571844,0.11836634914903714,4.009009009009009,0.0,0.0,0.15,0.08108108108108109,0,0.08589648365804572,0.21328026403966882,0.6233685163137793,0.3869378196465492,0.0,1.0,0.0,0.0,0.0,0.0,0.0,0.08,0.013513513513513514,0.05,0.25
390,0.9809345390724669,0.5138432270666708,0.9198271069491543,0.5034149117543365,0.2520355925627262,0.5056030304274871,0.8018018018018018,0.3799875812327176,0.35563974881047383,0.0990990990990991,0.5085714285714286,0.3756522269799746,0.35432719731750484,0.09714285714285714,0.013513513513513514,0.008571428571428572,0.3657142857142857,12.92,0.013513513513513514,0.0,0.0454945958571844,0.11836634914903714,4.009009009009009,0.0,0.0,0.15,0.08108108108108109,0,0.08549557266832693,0.2122138627194705,0.6194725745589325,0.37919906325361824,0.0,1.0,0.0,0.0,0.0,0.0,0.0,0.08,0.013513513513513514,0.05,0.25
391,0.980220972009355,0.515818417702671,0.9193745015548377,0.5047478574443734,0.2520355925627262,0.5053886793893112,0.8288288288288288,0.3796272208723572,0.35536947854020356,0.0990990990990991,0.5257142857142857,0.37542365555140317,0.35415576874607624,0.09714285714285714,0.02252252252252252,0.014285714285714285,0.3657142857142857,12.928571428571429,0.013513513513513514,0.0,0.0454945958571844,0.11836634914903714,4.009009009009009,0.0,0.0,0.15,0.08108108108108109,0,0.08595380909069958,0.2154130338082588,0.6213688373534682,0.4012061051801578,0.0,0.6,0.0,0.0,0.0,0.0,0.0,0.08,0.02252252252252252,0.05,0.25
392,0.980845990580124,0.5157292171048498,0.9197709419054396,0.5053786688845707,0.2520355925627262,0.5053629499034792,0.8018018018018018,0.3796272208723572,0.35536947854020356,0.0990990990990991,0.5085714285714286,0.37542365555140317,0.35415576874607624,0.09714285714285714,0.013513513513513514,0.008571428571428572,0.3657142857142857,12.937142857142858,0.013513513513513514,0.0,0.0454945958571844,0.11836634914903714,4.009009009009009,0.0,0.0,0.15,0.08108108108108109,0,0.08555261147381751,0.2143359686392175,0.6175128891778272,0.3931819830765546,0.0,1.0,0.0,0.0,0.0,0.0,0.0,0.08,0.013513513513513514,0.05,0.25
393,0.9814200245715448,0.5158857699307615,0.9201350434657122,0.5055086130508115,0.2520355925627262,0.5055011463514946,0.7702702702702703,0.3796272208723572,0.35536947854020356,0.0990990990990991,0.48857142857142855,0.37542365555140317,0.35415576874607624,0.09714285714285714,0.0,0.0,0.3657142857142857,12.945714285714285,0.013513513513513514,0.0,0.0454945958571844,0.11836634914903714,4.009009009009009,0.0,0.0,0.15,0.08108108108108109,0,0.08512484841644842,0.2132642887960214,0.6051626313942706,0.3853183434150235,0.0,0.0,0.0,0.0,0.0,0.0,0.0,0.08,0.0,0.05,0.25
394,0.9795703693261342,0.5161813616024161,0.9189618335671947,0.5053914360390269,0.2520355925627262,0.5057634767404442,0.7612612612612613,0.3796272208723572,0.35536947854020356,0.0990990990990991,0.4828571428571429,0.37542365555140317,0.35415576874607624,0.09714285714285714,0.013513513513513514,0.008571428571428572,0.3657142857142857,12.954285714285714,0.013513513513513514,0.0,0.0454945958571844,0.11836634914903714,4.009009009009009,0.0,0.0,0.15,0.08108108108108109,0,0.08475622417436618,0.2121979673520413,0.6016308073378138,0.37761197654672307,0.0,1.0,0.0,0.0,0.0,0.0,0.0,0.08,0.013513513513513514,0.05,0.25
395,0.9808923914562419,0.5159296985740204,0.9198003733182915,0.5051092729563613,0.2520355925627262,0.5061048594618344,0.7747747747747747,0.3796272208723572,0.35536947854020356,0.0990990990990991,0.49142857142857144,0.37542365555140317,0.35415576874607624,0.09714285714285714,0.013513513513513514,0.008571428571428572,0.3657142857142857,12.962857142857143,0.013513513513513514,0.0,0.0454945958571844,0.11836634914903714,4.009009009009009,0.0,0.0,0.15,0.08108108108108109,0,0.08436101448206579,0.21113697751528107,0.5981696197624861,0.3700597370157886,0.0,1.0,0.0,0.0,0.0,0.0,0.0,0.08,0.013513513513513514,0.05,0.25
396,0.9798092366120355,0.5150641606642892,0.919113343674252,0.5043144094283823,0.2520355925627262,0.5065394102999607,0.7972972972972973,0.3796272208723572,0.35536947854020356,0.0990990990990991,0.5057142857142857,0.37542365555140317,0.35415576874607624,0.09714285714285714,0.013513513513513514,0.008571428571428572,0.3657142857142857,12.971428571428572,0.013513513513513514,0.0,0.0454945958571844,0.11836634914903714,4.009009009009009,0.0,0.0,0.15,0.08108108108108109,0,0.08396778083822688,0.21008129262770467,0.5947776559386649,0.36265854227547284,0.0,1.0,0.0,0.0,0.0,0.0,0.0,0.08,0.013513513513513514,0.05,0.25
397,0.979608848022668,0.5144488795591733,0.9189862400547105,0.5036212351406611,0.2520355925627262,0.5069074848939817,0.8198198198198198,0.3796272208723572,0.35536947854020356,0.0990990990990991,0.52,0.37542365555140317,0.35415576874607624,0.09714285714285714,0.013513513513513514,0.008571428571428572,0.3657142857142857,12.98,0.013513513513513514,0.0,0.0454945958571844,0.11836634914903714,4.009009009009009,0.0,0.0,0.15,0.08108108108108109,0,0.08357651336260717,0.20903088616456617,0.5914535313913202,0.35540537142996337,0.0,1.0,0.0,0.0,0.0,0.0,0.0,0.08,0.013513513513513514,0.05,0.25
398,0.980662922676605,0.5150179025045821,0.9196548245494935,0.5036214424643773,0.2520355925627262,0.5071541501763738,0.8603603603603603,0.3796272208723572,0.35536947854020356,0.0990990990990991,0.5457142857142857,0.37542365555140317,0.35415576874607624,0.09714285714285714,0.013513513513513514,0.008571428571428572,0.3657142857142857,12.98857142857143,0.013513513513513514,0.0,0.0454945958571844,0.11836634914903714,4.009009009009009,0.0,0.0,0.15,0.08108108108108109,0,0.08318720222436556,0.20798573173374332,0.5881958893349223,0.34829726400136407,0.0,1.0,0.0,0.0,0.0,0.0,0.0,0.08,0.013513513513513514,0.05,0.25
399,0.9806817034065495,0.5152821385461489,0.9196667368982009,0.5037817573730479,0.2520355925627262,0.5073691201746185,0.7927927927927928,0.3796272208723572,0.35536947854020356,0.0990990990990991,0.5028571428571429,0.37542365555140317,0.35415576874607624,0.09714285714285714,0.013513513513513514,0.008571428571428572,0.3657142857142857,12.997142857142856,0.013513513513513514,0.0,0.0454945958571844,0.11836634914903714,4.009009009009009,0.0,0.0,0.15,0.08108108108108109,0,0.08279983764181517,0.20694580307507462,0.5850034001196525,0.3413313187213368,0.0,1.0,0.0,0.0,0.0,0.0,0.0,0.08,0.013513513513513514,0.05,0.25
400,0.9810333438826782,0.5145469786424279,0.9198897774287741,0.5035257127576989,0.2520355925627262,0.5075024018937676,0.7972972972972973,0.3796272208723572,0.35536947854020356,0.0990990990990991,0.5057142857142857,0.37542365555140317,0.35415576874607624,0.09714285714285714,0.0,0.0,0.3657142857142857,13.005714285714285,0.013513513513513514,0.0,0.0454945958571844,0.11836634914903714,4.009009009009009,0.0,0.0,0.15,0.08108108108108109,0,0.0823858384536061,0.20591107405969925,0.5733033321172594,0.33450469234691005,0.0,0.0,0.0,0.0,0.0,0.0,0.0,0.08,0.0,0.05,0.25
401,0.9808213209728516,0.5139298905658749,0.9197552943259698,0.5030355360676445,0.2520355925627262,0.5076727606086611,0.7657657657657657,0.3796272208723572,0.35536947854020356,0.0990990990990991,0.4857142857142857,0.37542365555140317,0.35415576874607624,0.09714285714285714,0.013513513513513514,0.008571428571428572,0.3657142857142857,13.014285714285714,0.013513513513513514,0.0,0.0454945958571844,0.11836634914903714,4.009009009009009,0.0,0.0,0.15,0.08108108108108109,0,0.08203090926133808,0.20488151868940074,0.5704086940463426,0.32781459849997185,0.0,1.0,0.0,0.0,0.0,0.0,0.0,0.08,0.013513513513513514,0.05,0.25
402,0.9796719568429845,0.5152854853086068,0.9190262690778827,0.5031537038945636,0.2520355925627262,0.5076606621785565,0.8153153153153153,0.37944704069217705,0.35523434340506843,0.0990990990990991,0.5171428571428571,0.3753093698371174,0.35407005446036194,0.09714285714285714,0.018018018018018018,0.011428571428571429,0.3657142857142857,13.022857142857143,0.013513513513513514,0.0,0.0454945958571844,0.11836634914903714,4.009009009009009,0.0,0.0,0.15,0.08108108108108109,0,0.08207789757217424,0.20385711109595372,0.5704290915939874,0.3223353515051697,0.0,0.75,0.0,0.0,0.0,0.0,0.0,0.08,0.018018018018018018,0.05,0.25
403,0.9785669877907544,0.5152132135873188,0.9183254029933252,0.5032791626750178,0.2520355925627262,0.5077885046675791,0.8153153153153153,0.37926686051199693,0.3550992082699333,0.0990990990990991,0.5171428571428571,0.3751950841228318,0.3539843401746477,0.09714285714285714,0.018018018018018018,0.011428571428571429,0.3657142857142857,13.031428571428572,0.013513513513513514,0.0,0.0454945958571844,0.11836634914903714,4.009009009009009,0.0,0.0,0.15,0.08108108108108109,0,0.08212465094145623,0.20283782554047397,0.5704490811906789,0.3239951109275429,0.0,0.75,0.0,0.0,0.0,0.0,0.0,0.08,0.018018018018018018,0.05,0.25
404,0.9791812391412914,0.5157997281037825,0.9187150138499517,0.5039645100146455,0.2520355925627262,0.5077913087704123,0.7927927927927928,0.37926686051199693,0.3550992082699333,0.0990990990990991,0.5028571428571429,0.3751950841228318,0.3539843401746477,0.09714285714285714,0.013513513513513514,0.008571428571428572,0.3657142857142857,13.04,0.013513513513513514,0.0,0.0454945958571844,0.11836634914903714,4.009009009009009,0.0,0.0,0.15,0.08108108108108109,0,0.08174259911532036,0.2018236364127716,0.5676115281382939,0.317515208708992,0.0,1.0,0.0,0.0,0.0,0.0,0.0,0.08,0.013513513513513514,0.05,0.25
405,0.9789399960094477,0.5142124985745452,0.9185619967777536,0.5032211674741925,0.2520355925627262,0.5077939404964745,0.7702702702702703,0.37926686051199693,0.3550992082699333,0.0990990990990991,0.48857142857142855,0.3751950841228318,0.3539843401746477,0.09714285714285714,0.013513513513513514,0.008571428571428572,0.3657142857142857,13.048571428571428,0.013513513513513514,0.0,0.0454945958571844,0.11836634914903714,4.009009009009009,0.0,0.0,0.15,0.08108108108108109,0,0.08136245754831518,0.20081451823070773,0.5648307261469566,0.3111649045348122,0.0,1.0,0.0,0.0,0.0,0.0,0.0,0.08,0.013513513513513514,0.05,0.25
406,0.9781437505867173,0.5144651545640452,0.9180569496810504,0.503701636064189,0.2520355925627262,0.5077408584781055,0.7792792792792793,0.37926686051199693,0.3550992082699333,0.0990990990990991,0.4942857142857143,0.3751950841228318,0.3539843401746477,0.09714285714285714,0.013513513513513514,0.008571428571428572,0.3657142857142857,13.057142857142857,0.013513513513513514,0.0,0.0454945958571844,0.11836634914903714,4.009009009009009,0.0,0.0,0.15,0.08108108108108109,0,0.08098421668914503,0.1998104456395542,0.562105540195446,0.30494160644411594,0.0,1.0,0.0,0.0,0.0,0.0,0.0,0.08,0.013513513513513514,0.05,0.25
407,0.9776906719370837,0.5146095903651615,0.9177695683661398,0.5036311266742222,0.2520355925627262,0.5076820019413378,0.7702702702702703,0.37926686051199693,0.3550992082699333,0.0990990990990991,0.48857142857142855,0.3751950841228318,0.3539843401746477,0.09714285714285714,0.0,0.0,0.3657142857142857,13.065714285714286,0.013513513513513514,0.0,0.0454945958571844,0.11836634914903714,4.009009009009009,0.0,0.0,0.15,0.08108108108108109,0,0.08057929560569932,0.19881139341135642,0.5508634293915372,0.2988427743152336,0.0,0.0,0.0,0.0,0.0,0.0,0.0,0.08,0.0,0.05,0.25
408,0.9783513126994188,0.5144513280272095,0.9181886033639639,0.5027109610160416,0.2520355925627262,0.507509382825798,0.7927927927927928,0.3791767704219068,0.35503164070236576,0.0990990990990991,0.5028571428571429,0.3751379412656889,0.35394148303179057,0.09714285714285714,0.018018018018018018,0.011428571428571429,0.3657142857142857,13.074285714285715,0.013513513513513514,0.0,0.0454945958571844,0.11836634914903714,4.009009009009009,0.0,0.0,0.15,0.08108108108108109,0,0.08066197055624226,0.19781733644429964,0.5512747322322777,0.30446877360968305,0.0,0.75,0.0,0.0,0.0,0.0,0.0,0.08,0.018018018018018018,0.05,0.25
409,0.9808946066854493,0.5138260122577386,0.9189607910169405,0.5023470027382572,0.2520355925627262,0.5074413143036571,0.8099547511312217,0.3803721592262448,0.35535328997885957,0.09954751131221719,0.5114285714285715,0.3751379412656889,0.35394148303179057,0.09714285714285714,0.00904977375565611,0.008571428571428572,0.36857142857142855,13.082857142857144,0.00904977375565611,0.002857142857142857,0.045542471161713186,0.11836634914903714,3.9547511312217196,0.0,0.0,0.15,0.08144796380090498,0,0.08028723213203245,0.19682824976207813,0.5488206661590609,0.29837939813748937,0.0,1.0,0.0,0.0,0.0,0.0,0.0,0.08,0.013513513513513514,0.05,0.25
410,0.9813391809797015,0.5126292830510034,0.9192415079284542,0.5017971296424726,0.2520355925627262,0.5072883986189365,0.7873303167420814,0.3803721592262448,0.35535328997885957,0.09954751131221719,0.49714285714285716,0.3751379412656889,0.35394148303179057,0.09714285714285714,0.00904977375565611,0.005714285714285714,0.36857142857142855,13.088571428571429,0.00904977375565611,0.0,0.04560010398234752,0.11836634914903714,3.9547511312217196,0.0,0.0,0.15,0.08144796380090498,0,0.07991436739994374,0.19584410851326775,0.5435585385501653,0.2924118101747396,0.0,1.0,0.0,0.0,0.0,0.0,0.0,0.08,0.00904977375565611,0.05,0.25
411,0.981525189908188,0.5116012173347174,0.9193589592804414,0.5009690035320856,0.2520355925627262,0.5070639320093344,0.8416289592760181,0.38028166148868825,0.3552854166756922,0.09954751131221719,0.5314285714285715,0.375080798408546,0.3538986258889334,0.09714285714285714,0.004524886877828055,0.002857142857142857,0.36857142857142855,13.094285714285714,0.00904977375565611,0.0,0.04560010398234752,0.11836634914903714,3.9547511312217196,0.0,0.0,0.15,0.08144796380090498,0,0.07994336699151544,0.1948648879707014,0.5355445106363048,0.2888079345047609,0.0,0.0,0.0,0.0,0.0,0.0,0.0,0.08,0.004524886877828055,0.05,0.25
412,0.9826412759170252,0.510965630042311,0.9200636878745929,0.5003202306570173,0.2520355925627262,0.5067519159262458,0.8099547511312217,0.38028166148868825,0.3552854166756922,0.09954751131221719,0.5114285714285715,0.375080798408546,0.3538986258889334,0.09714285714285714,0.00904977375565611,0.005714285714285714,0.36857142857142855,13.1,0.00904977375565611,0.0,0.04560010398234752,0.11836634914903714,3.9547511312217196,0.0,0.0,0.15,0.08144796380090498,0,0.07960065015655786,0.19389056353084788,0.5305479061378644,0.2830317758146657,0.0,1.0,0.0,0.0,0.0,0.0,0.0,0.08,0.00904977375565611,0.05,0.25
413,0.9816690076993945,0.510526136288784,0.9194497699428887,0.49999387543798823,0.2520355925627262,0.506472412820769,0.8552036199095022,0.38028166148868825,0.3552854166756922,0.09954751131221719,0.54,0.375080798408546,0.3538986258889334,0.09714285714285714,0.00904977375565611,0.005714285714285714,0.36857142857142855,13.105714285714285,0.00904977375565611,0.0,0.04560010398234752,0.11836634914903714,3.9547511312217196,0.0,0.0,0.15,0.08144796380090498,0,0.07923121833434649,0.19292111071319365,0.5256512337293929,0.2773711402983724,0.0,1.0,0.0,0.0,0.0,0.0,0.0,0.08,0.00904977375565611,0.05,0.25
414,0.9806080498891316,0.5106665480087288,0.9187798508684086,0.5000084274620381,0.2520355925627262,0.5060503024449848,0.8190045248868778,0.38028166148868825,0.3552854166756922,0.09954751131221719,0.5171428571428571,0.375080798408546,0.3538986258889334,0.09714285714285714,0.00904977375565611,0.005714285714285714,0.36857142857142855,13.111428571428572,0.00904977375565611,0.0,0.04560010398234752,0.11836634914903714,3.9547511312217196,0.0,0.0,0.15,0.08144796380090498,0,0.07886363367124619,0.19195650515962767,0.5208524947690907,0.2718237174924049,0.0,1.0,0.0,0.0,0.0,0.0,0.0,0.08,0.00904977375565611,0.05,0.25
415,0.9810046294316367,0.5117438897086838,0.9190302625223904,0.5005754137539028,0.2520355925627262,0.5057261708008559,0.7918552036199095,0.38019116375113166,0.3552175433725247,0.09954751131221719,0.5,0.3750236555514032,0.35385576874607627,0.09714285714285714,0.013574660633484163,0.008571428571428572,0.36857142857142855,13.117142857142857,0.00904977375565611,0.0,0.04560010398234752,0.11836634914903714,3.9547511312217196,0.0,0.0,0.15,0.08144796380090498,0,0.07892645836003281,0.19099672263382952,0.5190068734451375,0.26638724314255685,0.0,0.6666666666666666,0.0,0.0,0.0,0.0,0.0,0.08,0.013574660633484163,0.05,0.25
416,0.9803246622303654,0.5116043456630754,0.9186009118038734,0.5003553072069136,0.2520355925627262,0.5055106977640299,0.8009049773755657,0.38019116375113166,0.3552175433725247,0.09954751131221719,0.5057142857142857,0.3750236555514032,0.35385576874607627,0.09714285714285714,0.00904977375565611,0.005714285714285714,0.36857142857142855,13.122857142857143,0.00904977375565611,0.0,0.04560010398234752,0.11836634914903714,3.9547511312217196,0.0,0.0,0.15,0.08144796380090498,0,0.07856039749680409,0.1900417390206604,0.5143410216905204,0.2610594982797057,0.0,1.0,0.0,0.0,0.0,0.0,0.0,0.08,0.00904977375565611,0.05,0.25
417,0.9798894103888389,0.5106999646074952,0.9183260813553668,0.499628331610581,0.2520355925627262,0.5054766762551124,0.832579185520362,0.38019116375113166,0.3552175433725247,0.09954751131221719,0.5257142857142857,0.3750236555514032,0.35385576874607627,0.09714285714285714,0.00904977375565611,0.005714285714285714,0.36857142857142855,13.128571428571428,0.00904977375565611,0.0,0.04560010398234752,0.11836634914903714,3.9547511312217196,0.0,0.0,0.15,0.08144796380090498,0,0.0781961669378915,0.1890915303255571,0.5097684869709957,0.2558383083141116,0.0,1.0,0.0,0.0,0.0,0.0,0.0,0.08,0.00904977375565611,0.05,0.25
418,0.9796104920679194,0.5102752725988541,0.9181499643584432,0.49946473420492954,0.2520355925627262,0.5053985758970089,0.7963800904977375,0.38019116375113166,0.3552175433725247,0.09954751131221719,0.5028571428571429,0.3750236555514032,0.35385576874607627,0.09714285714285714,0.0,0.0,0.36857142857142855,13.134285714285713,0.00904977375565611,0.0,0.04560010398234752,0.11836634914903714,3.9547511312217196,0.0,0.0,0.15,0.08144796380090498,0,0.07780518610320204,0.18814607267392933,0.49957311723157577,0.2507215421478294,0.0,0.0,0.0,0.0,0.0,0.0,0.0,0.08,0.0,0.05,0.25
419,0.9804877406508584,0.5095046168446707,0.9187038841779562,0.4989422970396475,0.2520355925627262,0.5052259647614921,0.8416289592760181,0.38019116375113166,0.3552175433725247,0.09954751131221719,0.5314285714285715,0.3750236555514032,0.35385576874607627,0.09714285714285714,0.00904977375565611,0.005714285714285714,0.36857142857142855,13.14,0.00904977375565611,0.0,0.04560010398234752,0.11836634914903714,3.9547511312217196,0.0,0.0,0.15,0.08144796380090498,0,0.07747316017268602,0.18720534231055969,0.49529594060123,0.24570711130487277,0.0,1.0,0.0,0.0,0.0,0.0,0.0,0.08,0.00904977375565611,0.05,0.25
420,0.9819012236543065,0.5089634401814073,0.9195963977315619,0.49895736109218286,0.2520355925627262,0.5050836047057152,0.8054298642533937,0.3801006660135751,0.3551496700693573,0.09954751131221719,0.5085714285714286,0.37496651269426035,0.3538129116032191,0.09714285714285714,0.013574660633484163,0.008571428571428572,0.36857142857142855,13.145714285714286,0.00904977375565611,0.0,0.04560010398234752,0.11836634914903714,3.9547511312217196,0.0,0.0,0.15,0.08144796380090498,0,0.07754293722896545,0.1862693155990069,0.49396145036063405,0.24361875003133038,0.0,0.6666666666666666,0.0,0.0,0.0,0.0,0.0,0.08,0.013574660633484163,0.05,0.25
421,0.9826513281298486,0.5078460647403623,0.9200700351289756,0.4981089719097633,0.2520355925627262,0.5049944805743956,0.8144796380090498,0.3801006660135751,0.3551496700693573,0.09954751131221719,0.5142857142857142,0.37496651269426035,0.3538129116032191,0.09714285714285714,0.0,0.0,0.36857142857142855,13.151428571428571,0.00904977375565611,0.0,0.04560010398234752,0.11836634914903714,3.9547511312217196,0.0,0.0,0.15,0.08144796380090498,0,0.07715522254282063,0.18533796902101185,0.4840822213534213,0.23874637503070376,0.0,0.0,0.0,0.0,0.0,0.0,0.0,0.08,0.0,0.05,0.25
422,0.981481098608686,0.5069334662159609,0.9193311187741844,0.49759631359604733,0.2520355925627262,0.5048313415260152,0.8461538461538461,0.3800101682760186,0.35508179676618984,0.09954751131221719,0.5342857142857143,0.3749093698371174,0.35377005446036197,0.09714285714285714,0.013574660633484163,0.008571428571428572,0.36857142857142855,13.157142857142857,0.00904977375565611,0.0,0.04560010398234752,0.11836634914903714,3.9547511312217196,0.0,0.0,0.15,0.08144796380090498,0,0.07725501785867796,0.1928950337624207,0.48297200549778135,0.23397144753008967,0.0,0.6666666666666666,0.0,0.0,0.0,0.0,0.0,0.08,0.013574660633484163,0.05,0.25
423,0.9821844001079728,0.5070806829824064,0.9197752034351624,0.49740081002868775,0.2520355925627262,0.5046362731804678,0.7828054298642534,0.3800101682760186,0.35508179676618984,0.09954751131221719,0.4942857142857143,0.3749093698371174,0.35377005446036197,0.09714285714285714,0.00904977375565611,0.005714285714285714,0.36857142857142855,13.162857142857144,0.00904977375565611,0.0,0.04560010398234752,0.11836634914903714,3.9547511312217196,0.0,0.0,0.15,0.08144796380090498,0,0.076897314197956,0.1919305585936086,0.4790268511021115,0.2292920185794879,0.0,1.0,0.0,0.0,0.0,0.0,0.0,0.08,0.00904977375565611,0.05,0.25
424,0.9839559502549776,0.5065097602281878,0.9208938108136999,0.496669365779456,0.2520355925627262,0.5043818118088211,0.7918552036199095,0.3800101682760186,0.35508179676618984,0.09954751131221719,0.5,0.3749093698371174,0.35377005446036197,0.09714285714285714,0.00904977375565611,0.005714285714285714,0.36857142857142855,13.168571428571429,0.00904977375565611,0.0,0.04560010398234752,0.11836634914903714,3.9547511312217196,0.0,0.0,0.15,0.08144796380090498,0,0.07654139905553764,0.19097090580064055,0.47516059979435493,0.22470617820789812,0.0,1.0,0.0,0.0,0.0,0.0,0.0,0.08,0.00904977375565611,0.05,0.25
425,0.9837502719118209,0.5052646312552752,0.9207639396313066,0.49609609445117825,0.2520355925627262,0.5040819614683665,0.8144796380090498,0.3800101682760186,0.35508179676618984,0.09954751131221719,0.5142857142857142,0.3749093698371174,0.35377005446036197,0.09714285714285714,0.0,0.0,0.36857142857142855,13.174285714285714,0.00904977375565611,0.0,0.04560010398234752,0.11836634914903714,3.9547511312217196,0.0,0.0,0.15,0.08144796380090498,0,0.07615869206025995,0.19001605127163734,0.4656573877984679,0.22021205464374016,0.0,0.0,0.0,0.0,0.0,0.0,0.0,0.08,0.0,0.05,0.25
426,0.9839934790646945,0.5062444265113127,0.9209175075764068,0.4970768279063572,0.2520355925627262,0.5035514182426895,0.8190045248868778,0.37982917280090545,0.3549460501598551,0.09954751131221719,0.5171428571428571,0.37479508412283175,0.3536843401746477,0.09714285714285714,0.01809954751131222,0.011428571428571429,0.36857142857142855,13.18,0.00904977375565611,0.0,0.04560010398234752,0.11836634914903714,3.9547511312217196,0.0,0.0,0.15,0.08144796380090498,0,0.0766920414571015,0.1950818032874578,0.46777281147107,0.2201279827264896,0.0,0.5,0.0,0.0,0.0,0.0,0.0,0.08,0.01809954751131222,0.05,0.25
427,0.9840008576680039,0.5072151303823904,0.9209221666373537,0.4984053039298497,0.2520355925627262,0.5030615111555601,0.8099547511312217,0.37964817732579226,0.3548103035535202,0.09954751131221719,0.5114285714285715,0.37468079840854607,0.3535986258889334,0.09714285714285714,0.013574660633484163,0.008571428571428572,0.36857142857142855,13.185714285714285,0.00904977375565611,0.0,0.04560010398234752,0.11836634914903714,3.9547511312217196,0.0,0.0,0.15,0.08144796380090498,0,0.07676572410695885,0.19410639427102053,0.466988783813077,0.21919196351639358,0.0,0.6666666666666666,0.0,0.0,0.0,0.0,0.0,0.08,0.013574660633484163,0.05,0.25
428,0.9836422128377297,0.5070230756131934,0.9206957080445234,0.49821680018535563,0.2520355925627262,0.5027007699367887,0.8235294117647058,0.3795576795882358,0.3547424302503528,0.09954751131221719,0.52,0.37462365555140326,0.35355576874607625,0.09714285714285714,0.013574660633484163,0.008571428571428572,0.36857142857142855,13.191428571428572,0.00904977375565611,0.0,0.04560010398234752,0.11836634914903714,3.9547511312217196,0.0,0.0,0.15,0.08144796380090498,0,0.07683903834356692,0.2110136324806454,0.4662204367082441,0.21725742670769782,0.0,0.6666666666666666,0.0,0.0,0.0,0.0,0.0,0.08,0.013574660633484163,0.05,0.25
429,0.9848199333806591,0.5064701737673015,0.9214393544444874,0.4975015387513562,0.2520355925627262,0.5024019595919731,0.8009049773755657,0.3795576795882358,0.3547424302503528,0.09954751131221719,0.5057142857142857,0.37462365555140326,0.35355576874607625,0.09714285714285714,0.00904977375565611,0.005714285714285714,0.36857142857142855,13.197142857142858,0.00904977375565611,0.0,0.04560010398234752,0.11836634914903714,3.9547511312217196,0.0,0.0,0.15,0.08144796380090498,0,0.0764834145804205,0.20995856431824217,0.4626103136883649,0.21291227817354386,0.0,1.0,0.0,0.0,0.0,0.0,0.0,0.08,0.00904977375565611,0.05,0.25
430,0.9855107071744424,0.5074644140109296,0.9218755287542763,0.49824216335510424,0.2520355925627262,0.502033614303998,0.7782805429864253,0.37937668411312264,0.35460668364401793,0.09954751131221719,0.49142857142857144,0.37450936983711747,0.353470054460362,0.09714285714285714,0.013574660633484163,0.008571428571428572,0.36857142857142855,13.202857142857143,0.00904977375565611,0.0,0.04560010398234752,0.11836634914903714,3.9547511312217196,0.0,0.0,0.15,0.08144796380090498,0,0.07655814036466126,0.20890877149665096,0.46192953598602626,0.21106740041793742,0.0,0.6666666666666666,0.0,0.0,0.0,0.0,0.0,0.08,0.013574660633484163,0.05,0.25
431,0.985749032938461,0.5074365896837091,0.9220260144509851,0.4977414111571683,0.2520355925627262,0.5017544924317447,0.7692307692307693,0.37937668411312264,0.35460668364401793,0.09954751131221719,0.4857142857142857,0.37450936983711747,0.353470054460362,0.09714285714285714,0.00904977375565611,0.005714285714285714,0.36857142857142855,13.208571428571428,0.00904977375565611,0.0,0.04560010398234752,0.11836634914903714,3.9547511312217196,0.0,0.0,0.15,0.08144796380090498,0,0.07620392109140939,0.2078642276391677,0.4584052309805914,0.20684605240957868,0.0,1.0,0.0,0.0,0.0,0.0,0.0,0.08,0.00904977375565611,0.05,0.25
432,0.9859359906277853,0.5070593295558623,0.9221440648776728,0.49718244627452796,0.2520355925627262,0.5016439762206967,0.7828054298642534,0.37937668411312264,0.35460668364401793,0.09954751131221719,0.4942857142857143,0.37450936983711747,0.353470054460362,0.09714285714285714,0.00904977375565611,0.005714285714285714,0.36857142857142855,13.214285714285714,0.00904977375565611,0.0,0.04560010398234752,0.11836634914903714,3.9547511312217196,0.0,0.0,0.15,0.08144796380090498,0,0.07585147291452377,0.20682490650097185,0.45495141207526524,0.20270913136138707,0.0,1.0,0.0,0.0,0.0,0.0,0.0,0.08,0.00904977375565611,0.05,0.25
433,0.9856483955723563,0.5073187907568223,0.9219624691426731,0.4969474316605629,0.2520355925627262,0.50151655597037,0.7918552036199095,0.37937668411312264,0.35460668364401793,0.09954751131221719,0.5,0.37450936983711747,0.353470054460362,0.09714285714285714,0.0,0.0,0.36857142857142855,13.22,0.00904977375565611,0.0,0.04560010398234752,0.11836634914903714,3.9547511312217196,0.0,0.0,0.15,0.08144796380090498,0,0.07547221554995114,0.20579078196846698,0.4458523838337599,0.19865494873415934,0.0,0.0,0.0,0.0,0.0,0.0,0.0,0.08,0.0,0.05,0.25
434,0.982972390708619,0.5077837975918224,0.9202727632144277,0.4974370603016684,0.2520355925627262,0.5016003652014854,0.7828054298642534,0.37901469316289643,0.35433519043134826,0.09954751131221719,0.4942857142857143,0.3742807984085461,0.3532986258889334,0.09714285714285714,0.01809954751131222,0.011428571428571429,0.36857142857142855,13.225714285714286,0.00904977375565611,0.0,0.04560010398234752,0.11836634914903714,3.9547511312217196,0.0,0.0,0.15,0.08144796380090498,0,0.07600899732934424,0.2137027280809025,0.4483639075856562,0.20015402025329238,0.0,0.5,0.0,0.0,0.0,0.0,0.0,0.08,0.01809954751131222,0.05,0.25
435,0.983270174750556,0.5083146025785913,0.9204607925666223,0.49786095626441257,0.2520355925627262,0.5016256035090232,0.7737556561085973,0.37901469316289643,0.35433519043134826,0.09954751131221719,0.48857142857142855,0.3742807984085461,0.3532986258889334,0.09714285714285714,0.00904977375565611,0.005714285714285714,0.36857142857142855,13.231428571428571,0.00904977375565611,0.0,0.04560010398234752,0.11836634914903714,3.9547511312217196,0.0,0.0,0.15,0.08144796380090498,0,0.07565752377126896,0.212634214440498,0.4451109151482287,0.19615093984822654,0.0,1.0,0.0,0.0,0.0,0.0,0.0,0.08,0.00904977375565611,0.05,0.25
436,0.983636289553716,0.5087732006052685,0.9206919679137604,0.4979463955155857,0.2520355925627262,0.5018337565446027,0.7647058823529411,0.37901469316289643,0.35433519043134826,0.09954751131221719,0.4828571428571429,0.3742807984085461,0.3532986258889334,0.09714285714285714,0.00904977375565611,0.005714285714285714,0.36857142857142855,13.237142857142857,0.00904977375565611,0.0,0.04560010398234752,0.11836634914903714,3.9547511312217196,0.0,0.0,0.15,0.08144796380090498,0,0.07530780758098404,0.2115710433682955,0.44192298255954987,0.192227921051262,0.0,1.0,0.0,0.0,0.0,0.0,0.0,0.08,0.00904977375565611,0.05,0.25
437,0.983165016232396,0.5087710087119537,0.9203943924737268,0.498201014345791,0.2520355925627262,0.5020802524458811,0.8009049773755657,0.37883369768778324,0.3541994438250134,0.09954751131221719,0.5057142857142857,0.3741665126942603,0.3532129116032191,0.09714285714285714,0.013574660633484163,0.008571428571428572,0.36857142857142855,13.242857142857142,0.00904977375565611,0.0,0.04560010398234752,0.11836634914903714,3.9547511312217196,0.0,0.0,0.15,0.08144796380090498,0,0.07538841140022198,0.210513188151454,0.44165595147978737,0.19367727798436257,0.0,0.6666666666666666,0.0,0.0,0.0,0.0,0.0,0.08,0.013574660633484163,0.05,0.25
438,0.9826194623522222,0.509833189908774,0.9200499141665314,0.49968308573063364,0.2520355925627262,0.5022754375490548,0.7601809954751131,0.37883369768778324,0.3541994438250134,0.09954751131221719,0.48,0.3741665126942603,0.3532129116032191,0.09714285714285714,0.00904977375565611,0.005714285714285714,0.36857142857142855,13.248571428571429,0.00904977375565611,0.0,0.04560010398234752,0.11836634914903714,3.9547511312217196,0.0,0.0,0.15,0.08144796380090498,0,0.07504004077179229,0.20946062221069675,0.43853711816447744,0.18980373242467533,0.0,1.0,0.0,0.0,0.0,0.0,0.0,0.08,0.00904977375565611,0.05,0.25
439,0.9842323898707264,0.5083552803009211,0.9210683626853584,0.49889762725338155,0.2520355925627262,0.5026429548910187,0.7873303167420814,0.3787431999502267,0.354131570521846,0.09954751131221719,0.49714285714285716,0.3741093698371175,0.353170054460362,0.09714285714285714,0.013574660633484163,0.008571428571428572,0.36857142857142855,13.254285714285714,0.00904977375565611,0.0,0.04560010398234752,0.11836634914903714,3.9547511312217196,0.0,0.0,0.15,0.08144796380090498,0,0.07512198342507619,0.20841331909964325,0.4383378043726164,0.21103327993239795,0.0,0.6666666666666666,0.0,0.0,0.0,0.0,0.0,0.08,0.013574660633484163,0.05,0.25
440,0.9835517509046555,0.5082843683913361,0.9206385877953536,0.4991925634643199,0.2520355925627262,0.5027885322612803,0.8371040723981901,0.3787431999502267,0.354131570521846,0.09954751131221719,0.5285714285714286,0.3741093698371175,0.353170054460362,0.09714285714285714,0.00904977375565611,0.005714285714285714,0.36857142857142855,13.26,0.00904977375565611,0.0,0.04560010398234752,0.11836634914903714,3.9547511312217196,0.0,0.0,0.15,0.08144796380090498,0,0.07477494493652223,0.207371252504145,0.43528533399944974,0.20681261433374998,0.0,1.0,0.0,0.0,0.0,0.0,0.0,0.08,0.00904977375565611,0.05,0.25
441,0.9825621285302273,0.5084184244952314,0.9200137119532149,0.4992608336745614,0.2520355925627262,0.5029123964470233,0.832579185520362,0.3787431999502267,0.354131570521846,0.09954751131221719,0.5257142857142857,0.3741093698371175,0.353170054460362,0.09714285714285714,0.00904977375565611,0.005714285714285714,0.36857142857142855,13.265714285714285,0.00904977375565611,0.0,0.04560010398234752,0.11836634914903714,3.9547511312217196,0.0,0.0,0.15,0.08144796380090498,0,0.07442964164041106,0.20633439624162428,0.4322939130337465,0.20267636204707498,0.0,1.0,0.0,0.0,0.0,0.0,0.0,0.08,0.00904977375565611,0.05,0.25
442,0.9835074018377572,0.5076025415803463,0.9206105845273979,0.49882002670442016,0.2520355925627262,0.5031871144693735,0.8099547511312217,0.3787431999502267,0.354131570521846,0.09954751131221719,0.5114285714285715,0.3741093698371175,0.353170054460362,0.09714285714285714,0.00904977375565611,0.005714285714285714,0.36857142857142855,13.271428571428572,0.00904977375565611,0.0,0.04560010398234752,0.11836634914903714,3.9547511312217196,0.0,0.0,0.15,0.08144796380090498,0,0.07408606486078041,0.20530272426041618,0.4293623204873573,0.1986228348061335,0.0,1.0,0.0,0.0,0.0,0.0,0.0,0.08,0.00904977375565611,0.05,0.25
443,0.9845247051427597,0.5076247446084565,0.9212529388999852,0.49856420955933695,0.2520355925627262,0.5034219707181516,0.8009049773755657,0.37847170673755703,0.3539279506123437,0.09954751131221719,0.5057142857142857,0.37393794126568886,0.35304148303179056,0.09714285714285714,0.01809954751131222,0.011428571428571429,0.36857142857142855,13.277142857142858,0.00904977375565611,0.0,0.04560010398234752,0.11836634914903714,3.9547511312217196,0.0,0.0,0.15,0.08144796380090498,0,0.0746013488221908,0.2158211361810964,0.43220364550618146,0.19566126121110483,0.0,0.5,0.0,0.0,0.0,0.0,0.0,0.08,0.01809954751131222,0.05,0.25
444,0.9845022535885977,0.507835129562248,0.9212387623472142,0.4987643640346656,0.2520355925627262,0.5036914087043596,0.7873303167420814,0.37847170673755703,0.3539279506123437,0.09954751131221719,0.49714285714285716,0.37393794126568886,0.35304148303179056,0.09714285714285714,0.00904977375565611,0.005714285714285714,0.36857142857142855,13.282857142857143,0.00904977375565611,0.0,0.04560010398234752,0.11836634914903714,3.9547511312217196,0.0,0.0,0.15,0.08144796380090498,0,0.07425691350665128,0.21474203050019092,0.42927385831034365,0.19174803598688273,0.0,1.0,0.0,0.0,0.0,0.0,0.0,0.08,0.00904977375565611,0.05,0.25
445,0.9838521761323694,0.5077838171304707,0.9208282848677102,0.49869728066123425,0.2520355925627262,0.5038943279144007,0.832579185520362,0.37838120900000044,0.35386007730917635,0.09954751131221719,0.5257142857142857,0.373880798408546,0.3529986258889334,0.09714285714285714,0.013574660633484163,0.008571428571428572,0.36857142857142855,13.288571428571428,0.00904977375565611,0.0,0.04560010398234752,0.11836634914903714,3.9547511312217196,0.0,0.0,0.15,0.08144796380090498,0,0.07434277179626088,0.21366832034768996,0.4292598097155652,0.19651405086345794,0.0,0.6666666666666666,0.0,0.0,0.0,0.0,0.0,0.08,0.013574660633484163,0.05,0.25
446,0.9827216557236292,0.5081720816926028,0.9201144419810485,0.4986209633317655,0.2520355925627262,0.5040822820282044,0.8280542986425339,0.37838120900000044,0.35386007730917635,0.09954751131221719,0.5228571428571429,0.373880798408546,0.3529986258889334,0.09714285714285714,0.0,0.0,0.36857142857142855,13.294285714285714,0.00904977375565611,0.0,0.04560010398234752,0.11836634914903714,3.9547511312217196,0.0,0.0,0.15,0.08144796380090498,0,0.07397105793727958,0.21259997874595152,0.4206746135212539,0.1925837698461888,0.0,0.0,0.0,0.0,0.0,0.0,0.0,0.08,0.0,0.05,0.25
447,0.9830934604728525,0.5085536215508795,0.920349210122701,0.4987074407369721,0.2520355925627262,0.5042827632098639,0.8280542986425339,0.37829071126244396,0.3538243574938552,0.09954751131221719,0.5228571428571429,0.3738236555514032,0.35297607137697345,0.09714285714285714,0.013574660633484163,0.008571428571428572,0.36857142857142855,13.3,0.00904977375565611,0.0,0.04560010398234752,0.11836634914903714,3.9547511312217196,0.0,0.0,0.15,0.08144796380090498,0,0.07408677407616461,0.21781022106934678,0.4208325498222574,0.18873209444926503,0.0,0.6666666666666666,0.0,0.0,0.0,0.0,0.0,0.08,0.013574660633484163,0.05,0.25
448,0.9819318024088853,0.5077358981597259,0.9196157060308815,0.4978036776932131,0.2520355925627262,0.5046003626716824,0.8461538461538461,0.37829071126244396,0.3538243574938552,0.09954751131221719,0.5342857142857143,0.3738236555514032,0.35297607137697345,0.09714285714285714,0.00904977375565611,0.005714285714285714,0.36857142857142855,13.305714285714286,0.00904977375565611,0.0,0.04560010398234752,0.11836634914903714,3.9547511312217196,0.0,0.0,0.15,0.08144796380090498,0,0.07374491163435522,0.21672116996400004,0.418130184540098,0.1849574525602797,0.0,1.0,0.0,0.0,0.0,0.0,0.0,0.08,0.00904977375565611,0.05,0.25
449,0.9814456251289196,0.5085884137071126,0.9193087198055319,0.4987268916705953,0.2520355925627262,0.5047742302845478,0.8280542986425339,0.3781097157873307,0.35368861088752035,0.09954751131221719,0.5228571428571429,0.3737093698371174,0.35289035709125915,0.09714285714285714,0.013574660633484163,0.008571428571428572,0.36857142857142855,13.311428571428571,0.00904977375565611,0.0,0.04560010398234752,0.11836634914903714,3.9547511312217196,0.0,0.0,0.15,0.08144796380090498,0,0.0738333299333263,0.21563756411418003,0.41833900942072466,0.18284821721271496,0.0,0.6666666666666666,0.0,0.0,0.0,0.0,0.0,0.08,0.013574660633484163,0.05,0.25
