t,mean_x,mean_y,mean_x_all,mean_y_all,mean_L,y0,mean_epc,mean_r,mean_b,fund_prevalence,mean_epc_all,mean_r_all,mean_b_all,fund_prevalence_all,punish_rate,mean_punished,exit_rate,mean_exit_intent,exit_attempt_rate,exit_success_rate,p_opp_mean,stay_value,mean_degree_active,threat,A,budget,enforcer_frac,n_cadre_fallback,cap_mean,cap_p90,service_mean,service_p90,monopoly_on,enforcer_punish_share_step,alpha_punish_revalue,delta_outside_degrade,mu_membership_reward,current_delta,eta_delta_drift,punish_floor,punish_intensity_step,pi_reward,lam_punish
0,0.3559367793470871,0.49965484776670643,0.3559367793470871,0.49965484776670643,0.2583334033732473,0.5,0.0,0.34674588587551314,0.31975294854290165,0.011428571428571429,0.0,0.34674588587551314,0.31975294854290165,0.011428571428571429,0.0,0.0,0.0,0.0,0.0,0.0,0.5,0.0,11.794285714285714,0.0,0.0,0.0,0.0,0,0.0,0.0,0.0,0.0,0.0,0.0,0.0,0.1,0.0,0.1,0.3,0.08,0.0,0.5,0.25
1,0.3657003194666349,0.4988815349278887,0.3657003194666349,0.4988815349278887,0.2583334033732473,0.5010344837427965,0.62,0.3483458858755132,0.3209529485429016,0.011428571428571429,0.62,0.3483458858755132,0.3209529485429016,0.011428571428571429,0.045714285714285714,0.045714285714285714,0.0,0.022857142857142857,0.0,0.0,0.031074826533577786,0.11836634914903713,11.794285714285714,0.0,0.0,0.15,0.08,28,0.006857142857142856,0.0,0.045714285714285714,0.0,0.0,0.9375,0.0,0.1,0.0,0.1,0.3,0.08,0.045714285714285714,0.5,0.25
2,0.37539979728240624,0.49895704903138494,0.37539979728240624,0.49895704903138494,0.2583334033732473,0.5018549309202196,0.8371428571428572,0.3497744573040846,0.3220243771143302,0.017142857142857144,0.8371428571428572,0.3497744573040846,0.3220243771143302,0.017142857142857144,0.037142857142857144,0.04,0.0,0.03428571428571429,0.0,0.0,0.031074826533577786,0.11836634914903713,11.794285714285714,0.0,0.0,0.15,0.08,23,0.012822857142857141,0.0,0.08479999999999999,0.0,0.0,0.9285714285714286,0.0,0.1,0.0,0.1,0.3,0.08,0.037142857142857144,0.5,0.25
3,0.3849235228211059,0.4989512154654408,0.3849235228211059,0.4989512154654408,0.2583334033732473,0.5018635621682466,0.9,0.3508601715897989,0.3228386628286159,0.017142857142857144,0.9,0.3508601715897989,0.3228386628286159,0.017142857142857144,0.02857142857142857,0.02857142857142857,0.0,0.02,0.0,0.0,0.031074826533577786,0.11836634914903713,11.794285714285714,0.0,0.0,0.15,0.08,19,0.017044457142857142,0.0,0.11167542857142856,0.0,0.0,0.9,0.0,0.1,0.0,0.1,0.3,0.08,0.02857142857142857,0.5,0.25
4,0.3947273827606108,0.4989227456654427,0.3947273827606108,0.4989227456654427,0.2583334033732473,0.5021784362964185,0.8885714285714286,0.35171731444694176,0.32348151997147306,0.022857142857142857,0.8885714285714286,0.35171731444694176,0.32348151997147306,0.022857142857142857,0.02,0.022857142857142857,0.0,0.022857142857142857,0.0,0.0,0.031074826533577786,0.11836634914903713,11.794285714285714,0.0,0.0,0.15,0.08,18,0.020387806285714287,0.0,0.13229906285714285,0.0,0.0,1.0,0.0,0.1,0.0,0.1,0.3,0.08,0.02,0.5,0.25
5,0.40509612587427335,0.4991970139412335,0.40509612587427335,0.4991970139412335,0.2583334033732473,0.5025924324101788,0.8885714285714286,0.35223160016122745,0.32386723425718733,0.022857142857142857,0.8885714285714286,0.35223160016122745,0.32386723425718733,0.022857142857142857,0.014285714285714285,0.014285714285714285,0.0,0.045714285714285714,0.0,0.0,0.031074826533577786,0.11836634914903713,11.794285714285714,0.0,0.0,0.15,0.08,17,0.022428724397142857,0.0,0.14393879588571426,0.0,0.0,1.0,0.0,0.1,0.0,0.1,0.3,0.08,0.014285714285714285,0.5,0.25
6,0.4150023793140058,0.49882456418986515,0.4150023793140058,0.49882456418986515,0.2583334033732473,0.50306883637165,0.9171428571428571,0.35312803102822027,0.3245529485429016,0.025714285714285714,0.9171428571428571,0.35312803102822027,0.3245529485429016,0.025714285714285714,0.022857142857142857,0.022857142857142857,0.0,0.022857142857142857,0.0,0.0,0.031074826533577786,0.11836634914903713,11.794285714285714,0.0,0.0,0.15,0.08,16,0.025745152203728573,0.0,0.16391716282514282,0.0,0.0,1.0,0.0,0.1,0.0,0.1,0.3,0.08,0.022857142857142857,0.5,0.25
7,0.423846530656591,0.4998186099272076,0.423846530656591,0.4998186099272076,0.2583334033732473,0.5036078158649443,0.9285714285714286,0.3539280310282203,0.3253243771143302,0.025714285714285714,0.9285714285714286,0.3539280310282203,0.3253243771143302,0.025714285714285714,0.02857142857142857,0.02857142857142857,0.0,0.022857142857142857,0.0,0.0,0.031074826533577786,0.11836634914903713,11.794285714285714,0.0,0.0,0.15,0.08,15,0.02990214072842421,0.0,0.18921024814006854,0.0,0.0,0.9,0.0,0.1,0.0,0.1,0.3,0.08,0.02857142857142857,0.5,0.25
8,0.4333032324358398,0.5012157168706691,0.4333032324358398,0.5012157168706691,0.2583334033732473,0.5039777380821322,0.9114285714285715,0.35564231674250596,0.326801983384543,0.025714285714285714,0.9114285714285715,0.35564231674250596,0.326801983384543,0.025714285714285714,0.054285714285714284,0.05714285714285714,0.0,0.04,0.0,0.0,0.031074826533577786,0.11836634914903713,11.794285714285714,0.0,0.0,0.15,0.08,14,0.03812119101274859,0.0,0.2425689003201243,0.0,0.0,0.95,0.0,0.1,0.0,0.1,0.3,0.08,0.054285714285714284,0.5,0.25
9,0.444679962994284,0.5010337607945194,0.444679962994284,0.5010337607945194,0.2583334033732473,0.5046975973764317,0.9142857142857143,0.35729945959964887,0.3280448405274002,0.025714285714285714,0.9142857142857143,0.35729945959964887,0.3280448405274002,0.025714285714285714,0.045714285714285714,0.045714285714285714,0.0,0.05142857142857143,0.0,0.0,0.031074826533577786,0.11836634914903713,11.794285714285714,0.0,0.0,0.15,0.08,12,0.0443877279148277,0.0,0.2834318080280075,0.0,0.0,1.0,0.0,0.1,0.0,0.1,0.3,0.08,0.045714285714285714,0.5,0.25
10,0.4534528365277947,0.5002392925865096,0.4534528365277947,0.5002392925865096,0.2583334033732473,0.5052651585192891,0.9285714285714286,0.3586708881710774,0.3290734119559716,0.025714285714285714,0.9285714285714286,0.3586708881710774,0.3290734119559716,0.025714285714285714,0.045714285714285714,0.045714285714285714,0.0,0.045714285714285714,0.0,0.0,0.031074826533577786,0.11836634914903713,11.794285714285714,0.0,0.0,0.15,0.08,8,0.04961526557504679,0.0,0.3234774575817331,0.0,0.0,1.0,0.0,0.1,0.0,0.1,0.3,0.08,0.045714285714285714,0.5,0.25
11,0.4641212323968375,0.5008531011242683,0.4641212323968375,0.5008531011242683,0.2583334033732473,0.506002550697342,0.8714285714285714,0.36020817656702825,0.3302761615255398,0.025714285714285714,0.8714285714285714,0.36020817656702825,0.3302761615255398,0.025714285714285714,0.054285714285714284,0.05714285714285714,0.0,0.07142857142857142,0.0,0.0,0.031074826533577786,0.11836634914903713,11.794285714285714,0.0,0.0,0.15,0.08,8,0.05585290353288583,0.0,0.37415076557295557,0.0,0.0,0.9,0.0,0.1,0.0,0.1,0.3,0.08,0.054285714285714284,0.5,0.25
12,0.4718854114474867,0.5017222033153099,0.4718854114474867,0.5017222033153099,0.2583334033732473,0.5066066207098883,0.9142857142857143,0.3611801761786422,0.3311761615255398,0.025714285714285714,0.9142857142857143,0.3611801761786422,0.3311761615255398,0.025714285714285714,0.04285714285714286,0.045714285714285714,0.0,0.07714285714285714,0.0,0.0,0.031074826533577786,0.11836634914903713,11.794285714285714,0.0,0.0,0.15,0.08,8,0.0607736390152214,0.0,0.41238203597578216,0.0,0.0,1.0,0.0,0.1,0.0,0.1,0.3,0.08,0.04285714285714286,0.5,0.25
13,0.48128427843825444,0.5020507349044804,0.48128427843825444,0.5020507349044804,0.2583334033732473,0.5074561963039247,0.9057142857142857,0.36282182894253795,0.33241901866839696,0.025714285714285714,0.9057142857142857,0.36282182894253795,0.33241901866839696,0.025714285714285714,0.045714285714285714,0.06,0.0,0.06857142857142857,0.0,0.0,0.031074826533577786,0.11836634914903713,11.794285714285714,0.0,0.0,0.15,0.08,7,0.0672899116683753,0.0,0.4641343952562665,0.0,0.0,0.8095238095238095,0.0,0.1,0.0,0.1,0.3,0.08,0.045714285714285714,0.5,0.25
14,0.4906352287023435,0.502991970304353,0.4906352287023435,0.502991970304353,0.2583334033732473,0.5082316315371272,0.8971428571428571,0.3642297788820512,0.33351558564974065,0.025714285714285714,0.8971428571428571,0.3642297788820512,0.33351558564974065,0.025714285714285714,0.06,0.06285714285714286,0.0,0.05714285714285714,0.0,0.0,0.031074826533577786,0.11836634914903713,11.794285714285714,0.0,0.0,0.15,0.08,6,0.07255084506655667,0.0,0.5177088502082839,0.0,0.0,1.0,0.0,0.1,0.0,0.1,0.3,0.08,0.06,0.5,0.25
15,0.5006446058029996,0.5027468378857637,0.5006446058029996,0.5027468378857637,0.2583334033732473,0.5091184594304418,0.9057142857142857,0.36594406459633694,0.3350011588293742,0.037142857142857144,0.9057142857142857,0.36594406459633694,0.3350011588293742,0.037142857142857144,0.06,0.07142857142857142,0.0,0.06571428571428571,0.0,0.0,0.031074826533577786,0.11836634914903713,11.794285714285714,0.0,0.0,0.15,0.08,6,0.07958809084122387,0.0,0.5787832446326898,0.0,0.0,0.92,0.0,0.1,0.0,0.1,0.3,0.08,0.06,0.5,0.25
16,0.5114599010524428,0.5032361262453123,0.5114599010524428,0.5032361262453123,0.2583334033732473,0.5100508723964414,0.9142857142857143,0.36697263602490837,0.3357725874008027,0.037142857142857144,0.9142857142857143,0.36697263602490837,0.3357725874008027,0.037142857142857144,0.045714285714285714,0.04857142857142857,0.0,0.09142857142857143,0.0,0.0,0.031074826533577786,0.11836634914903713,11.794285714285714,0.0,0.0,0.15,0.08,5,0.08230443610130347,0.0,0.6157790083114645,0.0,0.0,1.0,0.0,0.1,0.0,0.1,0.3,0.08,0.045714285714285714,0.5,0.25
17,0.5192744438855932,0.5029308137188049,0.5192744438855932,0.5029308137188049,0.2583334033732473,0.5111535632950586,0.9085714285714286,0.36811586936451174,0.33680115882937417,0.04,0.9085714285714286,0.36811586936451174,0.33680115882937417,0.04,0.04857142857142857,0.04857142857142857,0.0,0.07714285714285714,0.0,0.0,0.031074826533577786,0.11836634914903713,11.794285714285714,0.0,0.0,0.15,0.08,5,0.08684958811255165,0.13864942212971895,0.6520348567166637,0.7283201874592574,0.0,0.8823529411764706,0.0,0.1,0.0,0.1,0.3,0.08,0.04857142857142857,0.5,0.25
18,0.5302639310185866,0.5033696892369693,0.5302639310185866,0.5033696892369693,0.2583334033732473,0.5118265776617892,0.9171428571428571,0.36893963465647855,0.33747144471281826,0.04,0.9171428571428571,0.36893963465647855,0.33747144471281826,0.04,0.05714285714285714,0.06,0.0,0.12285714285714286,0.0,0.0,0.031074826533577786,0.11836634914903713,11.794285714285714,0.0,0.0,0.15,0.08,4,0.09109745746438526,0.1400463848182813,0.6989941595823305,0.7583508824023922,0.0,0.9523809523809523,0.0,0.1,0.0,0.1,0.3,0.08,0.05714285714285714,0.5,0.25
19,0.5388691445320994,0.502738226395818,0.5388691445320994,0.502738226395818,0.2583334033732473,0.5124606276521673,0.8942857142857142,0.36982355783235904,0.3385000161413897,0.045714285714285714,0.8942857142857142,0.36982355783235904,0.3385000161413897,0.045714285714285714,0.05142857142857143,0.054285714285714284,0.0,0.14,0.0,0.0,0.031074826533577786,0.11836634914903713,11.794285714285714,0.0,0.0,0.15,0.08,3,0.09507054160563476,0.14231345591515884,0.7392999906763981,0.8092424537612181,0.0,0.9473684210526315,0.0,0.1,0.0,0.1,0.3,0.08,0.05142857142857143,0.5,0.25
20,0.5485177234051605,0.5035438299648466,0.5485177234051605,0.5035438299648466,0.2583334033732473,0.5124363969522938,0.8714285714285714,0.3715378435466448,0.33987144471281827,0.05142857142857143,0.8714285714285714,0.3715378435466448,0.33987144471281827,0.05142857142857143,0.06571428571428571,0.07142857142857142,0.0,0.13714285714285715,0.0,0.0,0.031074826533577786,0.11836634914903713,11.794285714285714,0.0,0.0,0.15,0.08,2,0.10202361746903515,0.14482809702142263,0.7959425622914416,0.8681255332467198,0.0,0.92,0.0,0.1,0.0,0.1,0.3,0.08,0.06571428571428571,0.5,0.25
21,0.5554528530954395,0.5030940405385211,0.5554528530954395,0.5030940405385211,0.2583334033732473,0.5126078839566697,0.9028571428571428,0.3737092721180734,0.34175715899853254,0.054285714285714284,0.9028571428571428,0.3737092721180734,0.34175715899853254,0.054285714285714284,0.09714285714285714,0.10857142857142857,0.0,0.1657142857142857,0.002857142857142857,0.0,0.01982471136619383,0.11836634914903713,11.794285714285714,0.0,0.0,0.15,0.08,2,0.11046107881173584,0.14702242509375,0.8885951396170414,0.9223681599999999,0.0,0.8947368421052632,0.0,0.1,0.0,0.368421052631579,0.3,0.08,0.09714285714285714,0.5,0.25
22,0.5654384865208896,0.5026226992993488,0.5654384865208896,0.5026226992993488,0.2583334033732473,0.5129626740754142,0.8942857142857142,0.3748403585473594,0.3429143018556754,0.054285714285714284,0.8942857142857142,0.3748403585473594,0.3429143018556754,0.054285714285714284,0.07428571428571429,0.07428571428571429,0.0,0.19428571428571428,0.002857142857142857,0.0,0.01982471136619383,0.11836634914903713,11.794285714285714,0.0,0.0,0.15,0.08,2,0.11407934769982,0.14628731296828124,0.9451089511104146,0.9039207967999998,0.0,1.0,0.0,0.1,0.0,0.368421052631579,0.3,0.08,0.07428571428571429,0.5,0.25
23,0.5728211457776521,0.5030348982655535,0.5728211457776521,0.5030348982655535,0.2583334033732473,0.5131499575241524,0.9028571428571428,0.37621178711878794,0.3445000161413897,0.05714285714285714,0.9028571428571428,0.37621178711878794,0.3445000161413897,0.05714285714285714,0.08571428571428572,0.09428571428571429,0.0,0.20857142857142857,0.002857142857142857,0.0,0.013058227361762051,0.11836634914903713,11.794285714285714,0.0,0.0,0.15,0.08,2,0.11831500803865856,0.14555587640343984,1.0204924863739209,0.8858423808639998,0.0,1.0,0.0,0.1,0.0,0.5578947368421052,0.3,0.08,0.08571428571428572,0.5,0.25
24,0.5806600739707324,0.5030506028137026,0.5806600739707324,0.5030506028137026,0.2583334033732473,0.5133486603282186,0.8542857142857143,0.3771791829803,0.346085730427104,0.05714285714285714,0.8542857142857143,0.3771791829803,0.346085730427104,0.05714285714285714,0.08285714285714285,0.08571428571428572,0.0,0.23714285714285716,0.002857142857142857,0.0,0.008788529417575198,0.11836634914903713,11.794285714285714,0.0,0.0,0.15,0.08,2,0.12232329014132241,0.14562902005992398,1.0857969223607278,0.8876502224576002,0.0,0.9333333333333333,0.0,0.1,0.0,0.6905263157894737,0.3,0.08,0.08285714285714285,0.5,0.25
25,0.5885816528315917,0.5030126170650978,0.5885816528315917,0.5030126170650978,0.2583334033732473,0.5136601212467331,0.8771428571428571,0.3781521743348912,0.3475000161413897,0.06,0.8771428571428571,0.3781521743348912,0.3475000161413897,0.06,0.07142857142857142,0.07714285714285714,0.0,0.26285714285714284,0.002857142857142857,0.0,0.008788529417575198,0.11836634914903713,11.794285714285714,0.0,0.0,0.15,0.08,2,0.12633981654775867,0.14628731296828124,1.1412238410563706,0.9039207967999998,0.0,0.9259259259259259,0.0,0.1,0.0,0.6905263157894737,0.3,0.08,0.07142857142857142,0.5,0.25
26,0.5972128323914573,0.5027446841925138,0.5972128323914573,0.5027446841925138,0.2583334033732473,0.5138090275172928,0.8457142857142858,0.3797059564802664,0.3495669375606501,0.06285714285714286,0.8457142857142858,0.3797059564802664,0.3495669375606501,0.06285714285714286,0.09714285714285714,0.10571428571428572,0.0,0.3028571428571429,0.008571428571428572,0.0,0.005994813126845531,0.11836634914903713,11.794285714285714,0.0,0.0,0.15,0.08,2,0.1310238754829896,0.14562902005992398,1.2241136499495289,0.8876502224576002,0.0,0.972972972972973,0.0,0.1,0.0,0.7833684210526316,0.3,0.08,0.09714285714285714,0.5,0.25
27,0.6071838730086904,0.5019384897398889,0.6071838730086904,0.5019384897398889,0.2583334033732473,0.5138571861905147,0.8914285714285715,0.38014007634574715,0.3509417939195439,0.06571428571428571,0.8914285714285715,0.38014007634574715,0.3509417939195439,0.06571428571428571,0.08857142857142856,0.09714285714285714,0.0,0.3628571428571429,0.011428571428571429,0.0,0.004124331042720177,0.11836634914903713,11.794285714285714,0.0,0.0,0.15,0.08,2,0.13212646699811617,0.14490087495962437,1.2967742340933954,0.8698972180084482,0.0,1.0,0.0,0.1,0.0,0.8483578947368421,0.3,0.08,0.08857142857142856,0.5,0.25
28,0.6149575568621869,0.5014544300041788,0.6149575568621869,0.5014544300041788,0.2583334033732473,0.5137445914199854,0.8685714285714285,0.38088000625219504,0.35196262866099864,0.06571428571428571,0.8685714285714285,0.38088000625219504,0.35196262866099864,0.06571428571428571,0.08857142857142856,0.09714285714285714,0.0,0.41714285714285715,0.011428571428571429,0.0,0.0028533617271354066,0.11836634914903713,11.794285714285714,0.0,0.0,0.15,0.08,2,0.13412254894883988,0.14482809702142263,1.3679816065543846,0.8681255332467198,0.0,0.9411764705882353,0.0,0.1,0.0,0.8938505263157894,0.3,0.08,0.08857142857142856,0.5,0.25
29,0.6232718138900064,0.5010812628705452,0.6232718138900064,0.5010812628705452,0.2583334033732473,0.5136481039195662,0.8514285714285714,0.3813942919664808,0.353052265517045,0.06571428571428571,0.8514285714285714,0.3813942919664808,0.353052265517045,0.06571428571428571,0.11142857142857143,0.11714285714285715,0.0,0.4685714285714286,0.011428571428571429,0.0,0.001981395791955598,0.11836634914903713,11.794285714285714,0.0,0.0,0.15,0.08,2,0.13613722191838137,0.14432229217951215,1.4577648315661542,0.856078800003608,0.0,0.9512195121951219,0.0,0.1,0.0,0.9256953684210526,0.3,0.08,0.11142857142857143,0.5,0.25
30,0.6336305907991073,0.5015517474167288,0.6336305907991073,0.5015517474167288,0.2583334033732473,0.5136563645345883,0.8628571428571429,0.3819657205379094,0.35419973718166914,0.06571428571428571,0.8628571428571429,0.3819657205379094,0.35419973718166914,0.06571428571428571,0.08571428571428572,0.09714285714285714,0.0,0.49714285714285716,0.011428571428571429,0.0,0.0013793392510637653,0.11836634914903713,11.794285714285714,0.0,0.0,0.15,0.08,2,0.13802767866593235,0.14360068071861457,1.525752392077688,0.8389572240035359,0.0,1.0,0.0,0.1,0.0,0.9479867578947369,0.3,0.08,0.08571428571428572,0.5,0.25
31,0.642267824077562,0.5015027723475683,0.642267824077562,0.5015027723475683,0.2583334033732473,0.5137223356784413,0.8485714285714285,0.38242286339505216,0.3548411397309038,0.06857142857142857,0.8485714285714285,0.38242286339505216,0.3548411397309038,0.06857142857142857,0.09428571428571429,0.1,0.0,0.5571428571428572,0.014285714285714285,0.0,0.0009618561541428023,0.11836634914903713,11.794285714285714,0.0,0.0,0.15,0.08,2,0.1392518565938399,0.1428826773150215,1.5952373442361343,0.8221780795234651,0.0,1.0,0.0,0.1,0.0,0.9635907305263158,0.3,0.08,0.09428571428571429,0.5,0.25
32,0.6487629011022016,0.5024074034266063,0.6487629011022016,0.5024074034266063,0.2583334033732473,0.5134987752649655,0.8714285714285714,0.38322286339505224,0.3553896375446093,0.07142857142857142,0.8714285714285714,0.38322286339505224,0.3553896375446093,0.07142857142857142,0.09714285714285714,0.10857142857142857,0.0,0.6257142857142857,0.014285714285714285,0.0,0.0006715162158553645,0.11836634914903713,11.794285714285714,0.0,0.0,0.15,0.08,2,0.14204102588229928,0.14410395653631553,1.6719040259228402,0.8507630225817854,0.0,0.9736842105263158,0.0,0.1,0.0,0.9745135113684211,0.3,0.08,0.09714285714285714,0.5,0.25
33,0.6557886079774784,0.5038543857078406,0.6557886079774784,0.5038543857078406,0.2583334033732473,0.513112294472118,0.8742857142857143,0.383737149109338,0.3559302658784686,0.07142857142857142,0.8742857142857143,0.383737149109338,0.3559302658784686,0.07142857142857142,0.08857142857142856,0.1,0.0,0.6857142857142857,0.02,0.0,0.00046919469864648017,0.11836634914903713,11.794285714285714,0.0,0.0,0.15,0.08,2,0.14376831697864706,0.14338343675363394,1.7384659454043834,0.8337477621301497,0.0,1.0,0.0,0.1,0.0,0.9821594579578948,0.3,0.08,0.08857142857142856,0.5,0.25
34,0.664284990693217,0.5041250385466698,0.664284990693217,0.5041250385466698,0.2583334033732473,0.5129436657497914,0.8485714285714285,0.38441340032286675,0.35644455159275434,0.07714285714285714,0.8485714285714285,0.38441340032286675,0.35644455159275434,0.07714285714285714,0.1,0.10857142857142857,0.0,0.7657142857142857,0.025714285714285714,0.0,0.000328014038331755,0.11836634914903713,11.794285714285714,0.0,0.0,0.15,0.08,2,0.14522076110803958,0.14266651956986576,1.8122680550677244,0.8170728068875467,0.0,1.0,0.0,0.1,0.0,0.9875116205705263,0.3,0.08,0.1,0.5,0.25
35,0.6731283794709053,0.5040159959071596,0.6731283794709053,0.5040159959071596,0.2583334033732473,0.5124751236356421,0.8514285714285714,0.3851026374575018,0.35725883730704006,0.07714285714285714,0.8514285714285714,0.3851026374575018,0.35725883730704006,0.07714285714285714,0.10285714285714286,0.11714285714285715,0.0,0.8171428571428572,0.022857142857142857,0.0,0.00022940374702594765,0.11836634914903713,11.794285714285714,0.0,0.0,0.15,0.08,2,0.14772208730249936,0.14202452023180137,1.8931655511092267,0.8023654963635712,0.0,1.0,0.0,0.1,0.0,0.9912581343993684,0.3,0.08,0.10285714285714286,0.5,0.25
36,0.6829668120454887,0.5045713098241893,0.6829668120454887,0.5045713098241893,0.2583334033732473,0.5120298918953438,0.8657142857142858,0.3855597803146447,0.35777312302132575,0.07714285714285714,0.8657142857142858,0.3855597803146447,0.35777312302132575,0.07714285714285714,0.10857142857142857,0.11142857142857143,0.0,0.9,0.02857142857142857,0.0,0.00016048192534344079,0.11836634914903713,11.794285714285714,0.0,0.0,0.15,0.08,1,0.14923990615170116,0.14195318697201642,1.966730811515614,0.8007313507497957,0.0,0.9743589743589743,0.0,0.1,0.0,0.9938806940795579,0.3,0.08,0.10857142857142857,0.5,0.25
37,0.691701001523681,0.5048321754177914,0.691701001523681,0.5048321754177914,0.2583334033732473,0.5114947042585813,0.8057142857142857,0.38693120888607324,0.3588016944498971,0.08,0.8057142857142857,0.38693120888607324,0.3588016944498971,0.08,0.10571428571428572,0.12,0.0,1.0142857142857142,0.02857142857142857,0.0,0.00011228810230797189,0.11836634914903713,11.794285714285714,0.0,0.0,0.15,0.08,1,0.15420154709459832,0.14131439763064235,2.0473961952853013,0.7863181864362998,0.0,0.9761904761904762,0.0,0.1,0.0,0.9957164858556905,0.3,0.08,0.10571428571428572,0.5,0.25
38,0.699260165306487,0.5049671643262658,0.699260165306487,0.5049671643262658,0.2583334033732473,0.5108952261288565,0.8142857142857143,0.3873069780138089,0.35957312302132577,0.08,0.8142857142857143,0.3873069780138089,0.35957312302132577,0.08,0.08571428571428572,0.11142857142857143,0.0,1.1085714285714285,0.02857142857142857,0.0,7.857757436719415e-05,0.11836634914903713,11.794285714285714,0.0,0.0,0.15,0.08,0,0.15486015933237204,0.1413857308904273,2.1178768428081667,0.7879523320500753,0.0,0.9743589743589743,0.0,0.1,0.0,0.9970015400989833,0.3,0.08,0.08571428571428572,0.5,0.25
39,0.7076817905974696,0.5051342226478297,0.7076817905974696,0.5051342226478297,0.2583334033732473,0.5103532871413351,0.8142857142857143,0.38756749292244375,0.36025883730704006,0.08,0.8142857142857143,0.38756749292244375,0.36025883730704006,0.08,0.09714285714285714,0.11142857142857143,0.0,1.1742857142857144,0.03142857142857143,0.0,5.4992505718272534e-05,0.11836634914903713,11.794285714285714,0.0,0.0,0.15,0.08,0,0.15636166892418518,0.14202452023180137,2.186947877380575,0.8023654963635712,0.0,0.9487179487179487,0.0,0.1,0.0,0.9979010780692883,0.3,0.08,0.09714285714285714,0.5,0.25
40,0.7142389213539858,0.5054718273466166,0.7142389213539858,0.5054718273466166,0.2583334033732473,0.5099339402732629,0.8,0.38762463577958656,0.3606874087356115,0.08,0.8,0.38762463577958656,0.3606874087356115,0.08,0.10571428571428572,0.11714285714285715,0.0,1.24,0.03142857142857143,0.0,3.848897767457067e-05,0.11836634914903713,11.794285714285714,0.0,0.0,0.15,0.08,0,0.15669300629027852,0.14131439763064235,2.26035177697582,0.7863181864362998,0.0,1.0,0.0,0.1,0.0,0.9985307546485018,0.3,0.08,0.10571428571428572,0.5,0.25
41,0.7257832080169158,0.5056264758048791,0.7257832080169158,0.5056264758048791,0.2583334033732473,0.5095426111336215,0.7914285714285715,0.38848177863672945,0.3615016944498972,0.08,0.7914285714285715,0.38848177863672945,0.3615016944498972,0.08,0.10285714285714286,0.11428571428571428,0.0,1.32,0.03142857142857143,0.0,2.6939455300832542e-05,0.11836634914903713,11.794285714285714,0.0,0.0,0.15,0.08,0,0.158468953085313,0.14124342103715634,2.3294304557220182,0.7847167237347998,0.0,0.975,0.0,0.1,0.0,0.9989715282539513,0.3,0.08,0.10285714285714286,0.5,0.25
42,0.7309197009556577,0.5054533846235211,0.7309197009556577,0.5054533846235211,0.2583334033732473,0.5092314317378059,0.8114285714285714,0.38899606435101514,0.36260266942777747,0.08,0.8114285714285714,0.38899606435101514,0.36260266942777747,0.08,0.1457142857142857,0.16285714285714287,0.0,1.437142857142857,0.04,0.0,1.885623292146953e-05,0.11836634914903713,11.794285714285714,0.0,0.0,0.15,0.08,0,0.15976146546274358,0.14075013549576013,2.4456989894647205,0.7738274310228492,0.0,0.9824561403508771,0.0,0.1,0.0,0.999280069777766,0.3,0.08,0.1457142857142857,0.5,0.25
43,0.7387548657540405,0.5055814816468089,0.7387548657540405,0.5055814816468089,0.2583334033732473,0.508927620242501,0.78,0.3892297785624227,0.363014512561172,0.08,0.78,0.3892297785624227,0.363014512561172,0.08,0.10285714285714286,0.10571428571428572,0.0,1.5257142857142858,0.04285714285714286,0.0,1.3198684164686208e-05,0.11836634914903713,11.794285714285714,0.0,0.0,0.15,0.08,0,0.1599623724211441,0.1422406779769571,2.502499295389712,0.8074707689994897,0.0,0.972972972972973,0.0,0.1,0.0,0.9994960488444362,0.3,0.08,0.10285714285714286,0.5,0.25
44,0.7458274111112264,0.5058093735683197,0.7458274111112264,0.5058093735683197,0.2583334033732473,0.508714255798425,0.7714285714285715,0.3894012071338513,0.3635311234679823,0.08,0.7714285714285715,0.3894012071338513,0.3635311234679823,0.08,0.12285714285714286,0.15714285714285714,0.0,1.6628571428571428,0.054285714285714284,0.0,9.238746317523596e-06,0.11836634914903713,11.794285714285714,0.0,0.0,0.15,0.08,0,0.16081884627332413,0.14152947458707232,2.609592166624775,0.7913213536194998,0.0,1.0,0.0,0.1,0.0,0.9996472341911053,0.3,0.08,0.12285714285714286,0.5,0.25
45,0.751720939055001,0.5060691905873153,0.751720939055001,0.5060691905873153,0.2583334033732473,0.5085667813945761,0.7628571428571429,0.3894012071338513,0.363745409182268,0.08,0.7628571428571429,0.3894012071338513,0.363745409182268,0.08,0.12,0.15714285714285714,0.0,1.7742857142857142,0.05714285714285714,0.0,6.466959467752642e-06,0.11836634914903713,11.794285714285714,0.0,0.0,0.15,0.08,0,0.1607001806133861,0.14082182721413697,2.714543180435136,0.7754949265471098,0.0,1.0,0.0,0.1,0.0,0.9997530639337737,0.3,0.08,0.12,0.5,0.25
46,0.7567976992225262,0.5052276394745652,0.7567976992225262,0.5052276394745652,0.2583334033732473,0.508601968835799,0.7314285714285714,0.3894012071338513,0.36400255203941084,0.08,0.7314285714285714,0.3894012071338513,0.36400255203941084,0.08,0.10857142857142857,0.12,0.0,1.88,0.06,0.0,4.526791786019631e-06,0.11836634914903713,11.794285714285714,0.0,0.0,0.15,0.08,0,0.16043939399603346,0.14011771807806625,2.780252316826434,0.7599850280161676,0.0,1.0,0.0,0.1,0.0,0.9998271447536417,0.3,0.08,0.10857142857142857,0.5,0.25
47,0.7625493033994418,0.5052182999363127,0.7625493033994418,0.5052182999363127,0.2583334033732473,0.5085660503708141,0.6828571428571428,0.3894583499909941,0.3641965835023544,0.08,0.6828571428571428,0.3894583499909941,0.3641965835023544,0.08,0.1457142857142857,0.15714285714285714,0.0,1.9885714285714287,0.06,0.0,3.168715130087914e-06,0.11836634914903713,11.794285714285714,0.0,0.0,0.15,0.08,0,0.16080762631176757,0.13941712948767593,2.881790127632762,0.7447853274558442,0.0,1.0,0.0,0.1,0.0,0.9998790013275491,0.3,0.08,0.1457142857142857,0.5,0.25
48,0.7674059352258885,0.5045850057092928,0.7674059352258885,0.5045850057092928,0.2583334033732473,0.5084469603397782,0.74,0.38997263570527985,0.3644108692166401,0.08,0.74,0.38997263570527985,0.3644108692166401,0.08,0.11714285714285715,0.14285714285714285,0.0,2.097142857142857,0.06571428571428571,0.0,2.218081422942153e-06,0.11836634914903713,11.794285714285714,0.0,0.0,0.15,0.08,0,0.1632884460373516,0.13872004384023753,2.96701146793725,0.7298896209067274,0.0,1.0,0.0,0.1,0.0,0.9999153009292844,0.3,0.08,0.11714285714285715,0.5,0.25
49,0.7732166407406036,0.5047661885645807,0.7732166407406036,0.5047661885645807,0.2583334033732473,0.5082671345819052,0.6971428571428572,0.39060120713385127,0.3647108692166401,0.08285714285714285,0.6971428571428572,0.39060120713385127,0.3647108692166401,0.08285714285714285,0.12285714285714286,0.14857142857142858,0.0,2.2314285714285713,0.06571428571428571,0.0,1.5526476039354545e-06,0.11836634914903713,11.794285714285714,0.0,0.0,0.15,0.08,0,0.16497128223141422,0.13802644362103636,3.0562426671499336,0.7152918284885929,0.0,1.0,0.0,0.1,0.0,0.999940710650499,0.3,0.08,0.12285714285714286,0.5,0.25
50,0.7805754671167395,0.5041408529409496,0.7805754671167395,0.5041408529409496,0.2583334033732473,0.5080898711459876,0.7114285714285714,0.39095568890901,0.36483944064521157,0.08285714285714285,0.7114285714285714,0.39095568890901,0.36483944064521157,0.08285714285714285,0.13714285714285715,0.15428571428571428,0.0,2.342857142857143,0.07714285714285714,0.0,1.0868487207002885e-06,0.11836634914903713,11.794285714285714,0.0,0.0,0.15,0.08,0,0.16566042582025717,0.14131439763064235,3.1494035280926487,0.7863181864362998,0.0,0.9629629629629629,0.0,0.1,0.0,0.9999584974553494,0.3,0.08,0.13714285714285715,0.5,0.25
51,0.7874227891726147,0.5041209924626412,0.7874227891726147,0.5041209924626412,0.2583334033732473,0.5079811329539564,0.7314285714285714,0.3914128317661528,0.3651822977880686,0.08571428571428572,0.7314285714285714,0.3914128317661528,0.3651822977880686,0.08571428571428572,0.13714285714285715,0.16285714285714287,0.0,2.474285714285714,0.08,0.0,7.607918495141344e-07,0.11836634914903713,11.794285714285714,0.0,0.0,0.15,0.08,0,0.16738333103335457,0.14124342103715634,3.2492726003879393,0.7847167237347998,0.0,0.9824561403508771,0.0,0.1,0.0,0.9999709482187445,0.3,0.08,0.13714285714285715,0.5,0.25
52,0.7907692075956422,0.505315984492231,0.7907692075956422,0.505315984492231,0.2583334033732473,0.5081140786358725,0.6914285714285714,0.3915842603375814,0.36531086921664,0.08571428571428572,0.6914285714285714,0.3915842603375814,0.36531086921664,0.08571428571428572,0.11714285714285715,0.14285714285714285,0.0,2.605714285714286,0.08857142857142856,0.0,5.32553189731455e-07,0.11836634914903713,11.794285714285714,0.0,0.0,0.15,0.08,0,0.16731698652104493,0.14053720393197056,3.3271442912373224,0.7690223892601038,0.0,1.0,0.0,0.1,0.0,0.9999796637531212,0.3,0.08,0.11714285714285715,0.5,0.25
53,0.7964668670632299,0.5050818261279479,0.7964668670632299,0.5050818261279479,0.2583334033732473,0.508469999845259,0.72,0.3916985460518671,0.3653965835023543,0.08571428571428572,0.72,0.3916985460518671,0.3653965835023543,0.08571428571428572,0.10857142857142857,0.12285714285714286,0.0,2.7,0.09142857142857143,0.0,3.7278669140161957e-07,0.11836634914903713,11.794285714285714,0.0,0.0,0.15,0.08,0,0.16748011587415398,0.1399754082247953,3.383458548269719,0.7567494197008923,0.0,0.9767441860465116,0.0,0.1,0.0,0.9999857646271848,0.3,0.08,0.10857142857142857,0.5,0.25
54,0.8014136917033157,0.5051941507881343,0.8014136917033157,0.5051941507881343,0.2583334033732473,0.5089413927288261,0.7257142857142858,0.3918699746232957,0.36552515493092574,0.08571428571428572,0.7257142857142858,0.3918699746232957,0.36552515493092574,0.08571428571428572,0.14,0.16285714285714287,0.0,2.822857142857143,0.09428571428571429,0.0,2.609504186896559e-07,0.11836634914903713,11.794285714285714,0.0,0.0,0.15,0.08,0,0.16764100243764038,0.1392755311836713,3.478646520161467,0.7416144313068743,0.0,1.0,0.0,0.1,0.0,0.9999900352390294,0.3,0.08,0.14,0.5,0.25
55,0.8068850541230803,0.5062827564784133,0.8068850541230803,0.5062827564784133,0.2583334033732473,0.5092887906334425,0.6685714285714286,0.39209854605186717,0.36569658350235434,0.08571428571428572,0.6685714285714286,0.39209854605186717,0.36569658350235434,0.08571428571428572,0.14,0.16285714285714287,0.0,2.96,0.09428571428571429,0.0,1.8266516309208215e-07,0.11836634914903713,11.794285714285714,0.0,0.0,0.15,0.08,0,0.16748836885402357,0.13857915352775294,3.5719307326153804,0.7267821426807369,0.0,1.0,0.0,0.1,0.0,0.9999930246673205,0.3,0.08,0.14,0.5,0.25
56,0.809445202178011,0.5067778343705007,0.809445202178011,0.5067778343705007,0.2583334033732473,0.5098121955352114,0.7085714285714285,0.3924414031947242,0.36571799828399165,0.08571428571428572,0.7085714285714285,0.3924414031947242,0.36571799828399165,0.08571428571428572,0.1457142857142857,0.15714285714285714,0.0,3.1085714285714285,0.09714285714285714,0.0,1.2786555046743502e-07,0.11836634914903713,11.794285714285714,0.0,0.0,0.15,0.08,0,0.1673647841526106,0.13788625776011418,3.657634975105931,0.7122464998271222,0.0,1.0,0.0,0.1,0.0,0.9999951172671244,0.3,0.08,0.1457142857142857,0.5,0.25
57,0.8136705148877598,0.5064715489224733,0.8136705148877598,0.5064715489224733,0.2583334033732473,0.5105161882437207,0.6657142857142857,0.3926687440471841,0.36576085542684883,0.08571428571428572,0.6657142857142857,0.3926687440471841,0.36576085542684883,0.08571428571428572,0.1457142857142857,0.17714285714285713,0.0,3.2514285714285713,0.10571428571428572,0.0,8.950585411744507e-08,0.11836634914903713,11.794285714285714,0.0,0.0,0.15,0.08,0,0.16769896023184755,0.13850923626879677,3.761625132746669,0.7252748587977867,0.0,0.9838709677419355,0.0,0.1,0.0,0.999996582086987,0.3,0.08,0.1457142857142857,0.5,0.25
58,0.8187923356375421,0.506799917348327,0.8187923356375421,0.506799917348327,0.2583334033732473,0.5112587020435357,0.6485714285714286,0.3930687440471841,0.3660608554268489,0.08571428571428572,0.6485714285714286,0.3930687440471841,0.3660608554268489,0.08571428571428572,0.12,0.14,0.0,3.374285714285714,0.11142857142857143,0.0,6.265408258858555e-08,0.11836634914903713,11.794285714285714,0.0,0.0,0.15,0.08,0,0.17005975185925976,0.14417637058482624,3.826392630091735,0.8524992736482793,0.0,0.9183673469387755,0.0,0.1,0.0,0.999997607460891,0.3,0.08,0.12,0.5,0.25
59,0.8234231559787221,0.5072465034122187,0.8234231559787221,0.5072465034122187,0.2583334033732473,0.5120723154267205,0.6628571428571428,0.3933544583328983,0.3662751411411346,0.08571428571428572,0.6628571428571428,0.3933544583328983,0.3662751411411346,0.08571428571428572,0.13142857142857142,0.1457142857142857,0.0,3.505714285714286,0.12,0.0,4.385785031828133e-08,0.11836634914903713,11.794285714285714,0.0,0.0,0.15,0.08,0,0.17126322322659168,0.14345548873190211,3.8955790632041865,0.8354492881753136,0.0,1.0,0.0,0.1,0.0,0.9999983252226237,0.3,0.08,0.13142857142857142,0.5,0.25
60,0.8278219148103454,0.5077586775834504,0.8278219148103454,0.5077586775834504,0.2583334033732473,0.5127306556429405,0.6571428571428571,0.39346874404718407,0.3663608554268488,0.08571428571428572,0.6571428571428571,0.39346874404718407,0.3663608554268488,0.08571428571428572,0.15142857142857144,0.16857142857142857,0.0,3.6542857142857144,0.12,0.0,3.070049155029045e-08,0.11836634914903713,11.794285714285714,0.0,0.0,0.15,0.08,0,0.17169133711045872,0.14352790278041283,3.9862389105115317,0.8371855392418075,0.0,0.9830508474576272,0.0,0.1,0.0,0.9999988276558366,0.3,0.08,0.15142857142857144,0.5,0.25
61,0.8325945041877081,0.5086696199602853,0.8325945041877081,0.5086696199602853,0.2583334033732473,0.5135202459103394,0.6685714285714286,0.39357337060016806,0.3664465697125632,0.08571428571428572,0.6685714285714286,0.39357337060016806,0.3664465697125632,0.08571428571428572,0.12285714285714286,0.13714285714285715,0.0,3.7542857142857144,0.12,0.0,2.149034228450704e-08,0.11836634914903713,11.794285714285714,0.0,0.0,0.15,0.08,0,0.17151816613919216,0.14281026326651078,4.043656989444157,0.8204418284569713,0.0,1.0,0.0,0.1,0.0,0.9999991793590857,0.3,0.08,0.12285714285714286,0.5,0.25
62,0.8379991476942442,0.5078370591334966,0.8379991476942442,0.5078370591334966,0.2583334033732473,0.5142427633656137,0.6628571428571428,0.39357337060016806,0.36666085542684884,0.08571428571428572,0.6628571428571428,0.39357337060016806,0.36666085542684884,0.08571428571428572,0.14285714285714285,0.16,0.0,3.9,0.12857142857142856,0.0,1.5043238716363346e-08,0.11836634914903713,11.794285714285714,0.0,0.0,0.15,0.08,0,0.17148814745135332,0.14209621195017821,4.122783849655274,0.8040329918878318,0.0,1.0,0.0,0.1,0.0,0.99999942555136,0.3,0.08,0.14285714285714285,0.5,0.25
63,0.8404976722985023,0.5075988503173857,0.8404976722985023,0.5075988503173857,0.2583334033732473,0.5148414106053228,0.6828571428571428,0.3938019420287395,0.3669608554268489,0.08571428571428572,0.6828571428571428,0.3938019420287395,0.3669608554268489,0.08571428571428572,0.12,0.13142857142857142,0.0,4.031428571428571,0.12571428571428572,0.0,1.0530266668293444e-08,0.11836634914903713,11.794285714285714,0.0,0.0,0.15,0.08,0,0.1721442788569537,0.1413857308904273,4.17175674409074,0.7879523320500753,0.0,1.0,0.0,0.1,0.0,0.999999597885952,0.3,0.08,0.12,0.5,0.25
64,0.8452353603479332,0.5078897771160431,0.8452353603479332,0.5078897771160431,0.2583334033732473,0.5153781815063423,0.6628571428571428,0.39397337060016807,0.36708942685542023,0.08571428571428572,0.6628571428571428,0.39397337060016807,0.36708942685542023,0.08571428571428572,0.14285714285714285,0.16,0.0,4.174285714285714,0.13142857142857142,0.0,7.371186455835702e-09,0.11836634914903713,11.794285714285714,0.0,0.0,0.15,0.08,0,0.1729397003198118,0.1422406779769571,4.248321609208925,0.8074707689994897,0.0,0.9821428571428571,0.0,0.1,0.0,0.9999997185201664,0.3,0.08,0.14285714285714285,0.5,0.25
65,0.8479223409841006,0.5074823531350294,0.8479223409841006,0.5074823531350294,0.2583334033732473,0.5160245070406051,0.6771428571428572,0.39437337060016814,0.3674730712747666,0.08571428571428572,0.6771428571428572,0.39437337060016814,0.3674730712747666,0.08571428571428572,0.15714285714285714,0.19714285714285715,0.0,4.317142857142857,0.12857142857142856,0.0,5.159830415653043e-09,0.11836634914903713,11.794285714285714,0.0,0.0,0.15,0.08,0,0.174759147528927,0.14417637058482624,4.360498034167604,0.8524992736482793,0.0,0.9855072463768116,0.0,0.1,0.0,0.9999998029641165,0.3,0.08,0.15714285714285714,0.5,0.25
66,0.8525321127607226,0.5072980659202947,0.8525321127607226,0.5072980659202947,0.2583334033732473,0.5165268229479877,0.6342857142857142,0.3946019420287395,0.3676444998461951,0.08571428571428572,0.6342857142857142,0.3946019420287395,0.3676444998461951,0.08571428571428572,0.14857142857142858,0.17142857142857143,0.0,4.491428571428571,0.13714285714285715,0.0,3.611881239842282e-09,0.11836634914903713,11.794285714285714,0.0,0.0,0.15,0.08,0,0.17542806607699668,0.14410395653631553,4.444716644912823,0.8507630225817854,0.0,0.9833333333333333,0.0,0.1,0.0,0.9999998620748816,0.3,0.08,0.14857142857142858,0.5,0.25
67,0.8566464518840875,0.5074248969062005,0.8566464518840875,0.5074248969062005,0.2583334033732473,0.5171147454247257,0.6114285714285714,0.3946019420287395,0.3676444998461951,0.08571428571428572,0.6114285714285714,0.3946019420287395,0.3676444998461951,0.08571428571428572,0.14,0.16,0.0,4.677142857142857,0.14285714285714285,0.0,2.5283168435672567e-09,0.11836634914903713,11.794285714285714,0.0,0.0,0.15,0.08,0,0.1752647828894688,0.14338343675363394,4.515822312014567,0.8337477621301497,0.0,1.0,0.0,0.1,0.0,0.9999999034524171,0.3,0.08,0.14,0.5,0.25
68,0.8595159507047603,0.5076597372813698,0.8595159507047603,0.5076597372813698,0.2583334033732473,0.5176615367545073,0.6285714285714286,0.3947733706001681,0.3677730712747666,0.08571428571428572,0.6285714285714286,0.3947733706001681,0.3677730712747666,0.08571428571428572,0.1742857142857143,0.19428571428571428,0.0,4.8342857142857145,0.14,0.0,1.7698217785849484e-09,0.11836634914903713,11.794285714285714,0.0,0.0,0.15,0.08,0,0.17613031683216435,0.14310211012225427,4.61979158005999,0.8276023421987944,0.0,0.9852941176470589,0.0,0.1,0.0,0.9999999324166919,0.3,0.08,0.1742857142857143,0.5,0.25
69,0.8635926032532774,0.5077241072963196,0.8635926032532774,0.5077241072963196,0.2583334033732473,0.5181987130965756,0.6428571428571429,0.3947733706001681,0.3677730712747666,0.08571428571428572,0.6428571428571429,0.3947733706001681,0.3677730712747666,0.08571428571428572,0.14285714285714285,0.16285714285714287,0.0,4.985714285714286,0.15428571428571428,0.0,1.2388752378671099e-09,0.11836634914903713,11.794285714285714,0.0,0.0,0.15,0.08,0,0.17593509381943212,0.142386599571643,4.690252891315932,0.8110502953548185,0.0,1.0,0.0,0.1,0.0,0.9999999526916844,0.3,0.08,0.14285714285714285,0.5,0.25
70,0.8671915636554363,0.5077317136800926,0.8671915636554363,0.5077317136800926,0.2583334033732473,0.5187479927272777,0.6457142857142857,0.39505908488588243,0.36798735698905227,0.08857142857142856,0.6457142857142857,0.39505908488588243,0.36798735698905227,0.08857142857142856,0.14,0.17142857142857143,0.0,5.094285714285714,0.15428571428571428,0.0,8.672126650307536e-10,0.11836634914903713,11.794285714285714,0.0,0.0,0.15,0.08,0,0.17711198977890638,0.14570253127247088,4.767876404918185,0.8894949587776007,0.0,0.9833333333333333,0.0,0.1,0.0,0.999999966884179,0.3,0.08,0.14,0.5,0.25
71,0.8713398901454422,0.5077951152878021,0.8713398901454422,0.5077951152878021,0.2583334033732473,0.519178256690541,0.6228571428571429,0.39523051345731103,0.36811592841762375,0.08857142857142856,0.6228571428571429,0.39523051345731103,0.36811592841762375,0.08857142857142856,0.14285714285714285,0.17142857142857143,0.0,5.228571428571429,0.16,0.0,6.070488652488203e-10,0.11836634914903713,11.794285714285714,0.0,0.0,0.15,0.08,0,0.17779714483001183,0.14791010812500002,4.843947448248394,0.9450728000000008,0.0,0.9666666666666667,0.0,0.1,0.0,0.9999999768189253,0.3,0.08,0.14285714285714285,0.5,0.25
72,0.8745492057342656,0.5075252618203384,0.8745492057342656,0.5075252618203384,0.2583334033732473,0.5195504780447964,0.6285714285714286,0.3953447991715967,0.368201642703338,0.08857142857142856,0.6285714285714286,0.3953447991715967,0.368201642703338,0.08857142857142856,0.1457142857142857,0.17142857142857143,0.0,5.36,0.16,0.0,4.249342040984921e-10,0.11836634914903713,11.794285714285714,0.0,0.0,0.15,0.08,0,0.17810730267729033,0.148578375,4.918497070711996,0.9623600000000003,0.0,0.9833333333333333,0.0,0.1,0.0,0.9999999837732477,0.3,0.08,0.1457142857142857,0.5,0.25
73,0.8769621961505795,0.5085542152182899,0.8769621961505795,0.5085542152182899,0.2583334033732473,0.5197932649121493,0.6514285714285715,0.3954590848858824,0.36828735698905235,0.08857142857142856,0.6514285714285715,0.3954590848858824,0.36828735698905235,0.08857142857142856,0.13428571428571429,0.15142857142857144,0.0,5.522857142857143,0.16285714285714287,0.0,2.9745394339645474e-10,0.11836634914903713,11.794285714285714,0.0,0.0,0.15,0.08,0,0.17841562473533246,0.148578375,4.971555700726328,0.9623600000000003,0.0,0.9811320754716981,0.0,0.1,0.0,0.9999999886412734,0.3,0.08,0.13428571428571429,0.5,0.25
74,0.881028191012605,0.5085179528380973,0.881028191012605,0.5085179528380973,0.2583334033732473,0.5200460935283254,0.6171428571428571,0.3958019420287396,0.36854449984619514,0.08857142857142856,0.6171428571428571,0.3958019420287396,0.36854449984619514,0.08857142857142856,0.16285714285714287,0.19714285714285715,0.0,5.654285714285714,0.16857142857142857,0.0,2.0821776079008888e-10,0.11836634914903713,11.794285714285714,0.0,0.0,0.15,0.08,0,0.17903690573733846,0.14865337500000003,5.069267443854658,0.9643600000000009,0.0,0.9855072463768116,0.0,0.1,0.0,0.9999999920488913,0.3,0.08,0.16285714285714287,0.5,0.25
75,0.8831679597980409,0.5084422976883629,0.8831679597980409,0.5084422976883629,0.2583334033732473,0.5200515008407266,0.6,0.3962590848858824,0.3688873569890523,0.08857142857142856,0.6,0.3962590848858824,0.3688873569890523,0.08857142857142856,0.12857142857142856,0.15142857142857144,0.0,5.785714285714286,0.16857142857142857,0.0,1.4575243247029956e-10,0.11836634914903713,11.794285714285714,0.0,0.0,0.15,0.08,0,0.18005543620865178,0.15,5.119310666406136,1.0,0.0,0.9433962264150944,0.0,0.1,0.0,0.9999999944342239,0.3,0.08,0.12857142857142856,0.5,0.25
76,0.8854002356968477,0.509115327958664,0.8854002356968477,0.509115327958664,0.2583334033732473,0.5200021767640344,0.6171428571428571,0.396430513457311,0.36901592841762376,0.08857142857142856,0.6171428571428571,0.396430513457311,0.36901592841762376,0.08857142857142856,0.14285714285714285,0.18,0.0,5.94,0.1657142857142857,0.0,1.0202670327013e-10,0.11836634914903713,11.794285714285714,0.0,0.0,0.15,0.08,0,0.18092544474189423,0.149325,5.196924453078013,0.9820000000000004,0.0,0.9682539682539683,0.0,0.1,0.0,0.9999999961039567,0.3,0.08,0.14285714285714285,0.5,0.25
77,0.8885927030897437,0.5094358339082944,0.8885927030897437,0.5094358339082944,0.2583334033732473,0.5199665717941314,0.6142857142857143,0.396430513457311,0.36901592841762376,0.08857142857142856,0.6142857142857143,0.396430513457311,0.36901592841762376,0.08857142857142856,0.12571428571428572,0.14285714285714285,0.0,6.082857142857143,0.1742857142857143,0.0,7.141869343216771e-11,0.11836634914903713,11.794285714285714,0.0,0.0,0.15,0.08,0,0.18067724680389902,0.148578375,5.235843106873596,0.9623600000000003,0.0,1.0,0.0,0.1,0.0,0.9999999972727697,0.3,0.08,0.12571428571428572,0.5,0.25
78,0.8905760694121548,0.5095232082129265,0.8905760694121548,0.5095232082129265,0.2583334033732473,0.5199427800419285,0.6114285714285714,0.39677337060016804,0.3692730712747666,0.08857142857142856,0.6114285714285714,0.39677337060016804,0.3692730712747666,0.08857142857142856,0.1457142857142857,0.1742857142857143,0.0,6.191428571428571,0.17142857142857143,0.0,4.9993085683517464e-11,0.11836634914903713,11.794285714285714,0.0,0.0,0.15,0.08,0,0.1816294327127367,0.15,5.305411959021837,1.0,0.0,0.9672131147540983,0.0,0.1,0.0,0.9999999980909388,0.3,0.08,0.1457142857142857,0.5,0.25
79,0.89195747287837,0.5099285462977058,0.89195747287837,0.5099285462977058,0.2583334033732473,0.5197905452252637,0.62,0.3970783110519291,0.369472681646385,0.08857142857142856,0.62,0.3970783110519291,0.369472681646385,0.08857142857142856,0.16285714285714287,0.18571428571428572,0.0,6.337142857142857,0.17142857142857143,0.0,3.499515852000608e-11,0.11836634914903713,11.794285714285714,0.0,0.0,0.15,0.08,0,0.181892285549173,0.1592692513802159,5.385018005555687,0.9810154330069737,0.0,0.9846153846153847,0.0,0.1,0.0,0.9999999986636572,0.3,0.08,0.16285714285714287,0.5,0.25
80,0.8941468262884746,0.5089268953096641,0.8941468262884746,0.5089268953096641,0.2583334033732473,0.5196655497936166,0.6285714285714286,0.3973640253376435,0.3696869673606707,0.08857142857142856,0.6285714285714286,0.3973640253376435,0.3696869673606707,0.08857142857142856,0.15714285714285714,0.19142857142857142,0.0,6.448571428571428,0.16857142857142857,0.0,2.449661038019241e-11,0.11836634914903713,11.794285714285714,0.0,0.0,0.15,0.08,0,0.18312496697857,0.2512459512289767,5.468746216873145,1.0545431502022078,0.0,0.9552238805970149,0.0,0.1,0.0,0.99999999906456,0.3,0.08,0.15714285714285714,0.5,0.25
81,0.8960621823693385,0.5075334709685272,0.8960621823693385,0.5075334709685272,0.2583334033732473,0.5195446305908699,0.6142857142857143,0.3973640253376435,0.3696869673606707,0.08857142857142856,0.6142857142857143,0.3973640253376435,0.3696869673606707,0.08857142857142856,0.15142857142857144,0.18285714285714286,0.0,6.614285714285714,0.1742857142857143,0.0,1.714762784646316e-11,0.11836634914903713,11.794285714285714,0.0,0.0,0.15,0.08,0,0.18298048500082,0.24998972147283183,5.542228435392825,1.0334522871981635,0.0,1.0,0.0,0.1,0.0,0.999999999345192,0.3,0.08,0.15142857142857144,0.5,0.25
82,0.8982856782236747,0.5089935215502864,0.8982856782236747,0.5089935215502864,0.2583334033732473,0.5192387300846757,0.5914285714285714,0.39742116819478635,0.3697298245035278,0.08857142857142856,0.5914285714285714,0.39742116819478635,0.3697298245035278,0.08857142857142856,0.16,0.18285714285714286,0.0,6.742857142857143,0.1657142857142857,0.0,1.2003338910488883e-11,0.11836634914903713,11.794285714285714,0.0,0.0,0.15,0.08,0,0.18329344043295878,0.24873977286546767,5.614241009542111,1.0127832414542002,0.0,0.984375,0.0,0.1,0.0,0.9999999995416344,0.3,0.08,0.16,0.5,0.25
83,0.8999381369724763,0.5093864399813054,0.8999381369724763,0.5093864399813054,0.2583334033732473,0.5190011023255505,0.6114285714285714,0.39742116819478635,0.3697298245035278,0.08857142857142856,0.6114285714285714,0.39742116819478635,0.3697298245035278,0.08857142857142856,0.13428571428571429,0.16285714285714287,0.0,6.917142857142857,0.16857142857142857,0.0,8.402337237067175e-12,0.11836634914903713,11.794285714285714,0.0,0.0,0.15,0.08,0,0.18311940180222255,0.24749607400114032,5.6648133322084115,0.992527576625116,0.0,1.0,0.0,0.1,0.0,0.9999999996791441,0.3,0.08,0.13428571428571429,0.5,0.25
84,0.9004668563581887,0.509938413533392,0.9004668563581887,0.509938413533392,0.2583334033732473,0.5189689273505088,0.58,0.39742116819478635,0.3697298245035278,0.08857142857142856,0.58,0.39742116819478635,0.3697298245035278,0.08857142857142856,0.13428571428571429,0.16285714285714287,0.0,7.034285714285715,0.16857142857142857,0.0,5.881635775075245e-12,0.11836634914903713,11.794285714285714,0.0,0.0,0.15,0.08,0,0.18300294836463998,0.24625859363113461,5.714374208421385,0.9726770250926138,0.0,1.0,0.0,0.1,0.0,0.9999999997754009,0.3,0.08,0.13428571428571429,0.5,0.25
85,0.9024501128327516,0.5102998445056903,0.9024501128327516,0.5102998445056903,0.2583334033732473,0.5189147380316874,0.5571428571428572,0.397535453909072,0.36981553878924206,0.08857142857142856,0.5571428571428572,0.397535453909072,0.36981553878924206,0.08857142857142856,0.14,0.15142857142857144,0.0,7.2,0.1657142857142857,0.0,4.117144170275619e-12,0.11836634914903713,11.794285714285714,0.0,0.0,0.15,0.08,0,0.18363021933710252,0.24502730066297895,5.751515295681529,1.0053681197567417,0.0,0.9622641509433962,0.0,0.1,0.0,0.9999999998427807,0.3,0.08,0.14,0.5,0.25
86,0.9027497402281356,0.5104076204709885,0.9027497402281356,0.5104076204709885,0.2583334033732473,0.5188525709191553,0.5742857142857143,0.3977068824805006,0.36994411021781354,0.08857142857142856,0.5742857142857143,0.3977068824805006,0.36994411021781354,0.08857142857142856,0.16857142857142857,0.2,0.0,7.354285714285714,0.1657142857142857,0.0,2.882000337686565e-12,0.11836634914903713,11.794285714285714,0.0,0.0,0.15,0.08,0,0.18456735680827413,0.24380216415966405,5.836484989767899,1.0032607573616064,0.0,0.9714285714285714,0.0,0.1,0.0,0.9999999998899465,0.3,0.08,0.16857142857142857,0.5,0.25
87,0.9035333079958199,0.5108947703897362,0.9035333079958199,0.5108947703897362,0.2583334033732473,0.5187960884425789,0.5571428571428572,0.397935453909072,0.37011553878924214,0.08857142857142856,0.5571428571428572,0.397935453909072,0.37011553878924214,0.08857142857142856,0.13428571428571429,0.15428571428571428,0.0,7.508571428571429,0.17142857142857143,0.0,2.017400817838749e-12,0.11836634914903713,11.794285714285714,0.0,0.0,0.15,0.08,0,0.18555837716708992,0.24791070192703493,5.874041004258254,1.0261987477683727,0.0,0.9444444444444444,0.0,0.1,0.0,0.9999999999229625,0.3,0.08,0.13428571428571429,0.5,0.25
88,0.9047163258061142,0.5096379634145676,0.9047163258061142,0.5096379634145676,0.2583334033732473,0.5187718495249799,0.6285714285714286,0.39804973962335777,0.3702012530749563,0.08857142857142856,0.6285714285714286,0.39804973962335777,0.3702012530749563,0.08857142857142856,0.15142857142857144,0.17714285714285713,0.0,7.648571428571429,0.17714285714285713,0.0,1.412179409531336e-12,0.11836634914903713,11.794285714285714,0.0,0.0,0.15,0.08,0,0.18591529956696876,0.24667114841739976,5.933703041315947,1.01313009048223,0.0,0.9838709677419355,0.0,0.1,0.0,0.9999999999460738,0.3,0.08,0.15142857142857144,0.5,0.25
89,0.9056800363125396,0.5095199181051946,0.9056800363125396,0.5095199181051946,0.2583334033732473,0.5184801203899608,0.5657142857142857,0.39804973962335777,0.3702012530749563,0.08857142857142856,0.5657142857142857,0.39804973962335777,0.3702012530749563,0.08857142857142856,0.15142857142857144,0.18,0.0,7.82,0.17714285714285713,0.0,9.885261681421376e-13,0.11836634914903713,11.794285714285714,0.0,0.0,0.15,0.08,0,0.18584172449770534,0.24543779267531274,5.995028980489628,0.9928674886725853,0.0,1.0,0.0,0.1,0.0,0.9999999999622516,0.3,0.08,0.15142857142857144,0.5,0.25
90,0.9079191032534064,0.5095690486112658,0.9079191032534064,0.5095690486112658,0.2583334033732473,0.5183400917401799,0.56,0.3984497396233577,0.3705012530749564,0.08857142857142856,0.56,0.3984497396233577,0.3705012530749564,0.08857142857142856,0.16,0.19428571428571428,0.0,7.997142857142857,0.17714285714285713,0.0,6.91968608434636e-13,0.11836634914903713,11.794285714285714,0.0,0.0,0.15,0.08,0,0.1879116594466454,0.2533239413649172,6.069414115165548,1.2010816277405973,0.0,0.9264705882352942,0.0,0.1,0.0,0.9999999999735761,0.3,0.08,0.16,0.5,0.25
91,0.9102192730764217,0.50951363656069,0.9102192730764217,0.50951363656069,0.2583334033732473,0.5181712752819264,0.6114285714285714,0.3984497396233577,0.3705012530749564,0.08857142857142856,0.6114285714285714,0.3984497396233577,0.3705012530749564,0.08857142857142856,0.15142857142857144,0.18571428571428572,0.0,8.151428571428571,0.18285714285714286,0.0,4.843794795883555e-13,0.11836634914903713,11.794285714285714,0.0,0.0,0.15,0.08,0,0.18774310114941214,0.25205732165809264,6.133740118576523,1.1770599951857852,0.0,1.0,0.0,0.1,0.0,0.9999999999815032,0.3,0.08,0.15142857142857144,0.5,0.25
92,0.9115253139255414,0.5090572054579777,0.9115253139255414,0.5090572054579777,0.2583334033732473,0.5180905379701426,0.6,0.3986211681947863,0.37062982450352777,0.08857142857142856,0.6,0.3986211681947863,0.37062982450352777,0.08857142857142856,0.16285714285714287,0.19428571428571428,0.0,8.297142857142857,0.18285714285714286,0.0,3.390662171854106e-13,0.11836634914903713,11.794285714285714,0.0,0.0,0.15,0.08,0,0.18848967135795083,0.2648169248213698,6.205351030490708,1.2905590020379905,0.0,0.9705882352941176,0.0,0.1,0.0,0.9999999999870522,0.3,0.08,0.16285714285714287,0.5,0.25
93,0.9113733052502828,0.5090809227911861,0.9113733052502828,0.5090809227911861,0.2583334033732473,0.5181358990633131,0.5885714285714285,0.398735453909072,0.37071553878924207,0.08857142857142856,0.5885714285714285,0.398735453909072,0.37071553878924207,0.08857142857142856,0.1657142857142857,0.19428571428571428,0.0,8.43142857142857,0.18571428571428572,0.0,2.3734606129256313e-13,0.11836634914903713,11.794285714285714,0.0,0.0,0.15,0.08,0,0.18920379514401817,0.27461167348761434,6.275529724166607,1.4054671198150788,0.0,0.9705882352941176,0.0,0.1,0.0,0.9999999999909366,0.3,0.08,0.1657142857142857,0.5,0.25
94,0.9127013976554742,0.509625995775848,0.9127013976554742,0.509625995775848,0.2583334033732473,0.5180976395234462,0.5114285714285715,0.398735453909072,0.37071553878924207,0.08857142857142856,0.5114285714285715,0.398735453909072,0.37071553878924207,0.08857142857142856,0.1742857142857143,0.20285714285714285,0.0,8.611428571428572,0.19142857142857142,0.0,1.6614166143067687e-13,0.11836634914903713,11.794285714285714,0.0,0.0,0.15,0.08,0,0.18908591902544092,0.2732386151201762,6.352876272540418,1.377357777418777,0.0,1.0,0.0,0.1,0.0,0.9999999999936556,0.3,0.08,0.1742857142857143,0.5,0.25
95,0.9126012975225698,0.5106775048365411,0.9126012975225698,0.5106775048365411,0.2583334033732473,0.5180766812262378,0.5085714285714286,0.39896402533764347,0.37088696736067067,0.08857142857142856,0.5085714285714286,0.39896402533764347,0.37088696736067067,0.08857142857142856,0.15714285714285714,0.18857142857142858,0.0,8.725714285714286,0.18857142857142858,0.0,1.1630061668644551e-13,0.11836634914903713,11.794285714285714,0.0,0.0,0.15,0.08,0,0.19011177514459948,0.27187242204457535,6.414390175661039,1.3498106218704016,0.0,0.9545454545454546,0.0,0.1,0.0,0.9999999999955589,0.3,0.08,0.15714285714285714,0.5,0.25
96,0.9136809351734585,0.5115159082380423,0.9136809351734585,0.5115159082380423,0.2583334033732473,0.5180497833909106,0.56,0.39907831105192915,0.370972681646385,0.08857142857142856,0.56,0.39907831105192915,0.370972681646385,0.08857142857142856,0.1657142857142857,0.18571428571428572,0.0,8.871428571428572,0.19142857142857142,0.0,8.140926873246652e-14,0.11836634914903713,11.794285714285714,0.0,0.0,0.15,0.08,0,0.19041750269744792,0.27051305993435243,6.471816657862103,1.3228144094329934,0.0,0.9846153846153847,0.0,0.1,0.0,0.9999999999968913,0.3,0.08,0.1657142857142857,0.5,0.25
97,0.9158631541710801,0.511650488916264,0.9158631541710801,0.511650488916264,0.2583334033732473,0.5180778632482618,0.56,0.39913545390907207,0.37101553878924215,0.08857142857142856,0.56,0.39913545390907207,0.37101553878924215,0.08857142857142856,0.16857142857142857,0.18857142857142858,0.0,9.045714285714286,0.19428571428571428,0.0,5.698736032372854e-14,0.11836634914903713,11.794285714285714,0.0,0.0,0.15,0.08,0,0.19069327304110353,0.26916049463468067,6.530951753276289,1.2963581212443336,0.0,0.9848484848484849,0.0,0.1,0.0,0.9999999999978239,0.3,0.08,0.16857142857142857,0.5,0.25
98,0.917551693785851,0.511296875014857,0.917551693785851,0.511296875014857,0.2583334033732473,0.5180414440554431,0.5628571428571428,0.3993068824805006,0.3711441102178136,0.08857142857142856,0.5628571428571428,0.3993068824805006,0.3711441102178136,0.08857142857142856,0.16,0.17714285714285713,0.0,9.177142857142858,0.19142857142857142,0.0,3.989202443761837e-14,0.11836634914903713,11.794285714285714,0.0,0.0,0.15,0.08,0,0.1912820931044694,0.2678146921615073,6.577475575353621,1.2704309588194467,0.0,0.967741935483871,0.0,0.1,0.0,0.9999999999984767,0.3,0.08,0.16,0.5,0.25
99,0.9195021797358436,0.5111347067963902,0.9195021797358436,0.5111347067963902,0.2583334033732473,0.5180702235241587,0.5485714285714286,0.3993640253376434,0.3711869673606707,0.08857142857142856,0.5485714285714286,0.3993640253376434,0.3711869673606707,0.08857142857142856,0.16285714285714287,0.18857142857142858,0.0,9.294285714285714,0.19428571428571428,0.0,2.7925289317344413e-14,0.11836634914903713,11.794285714285714,0.0,0.0,0.15,0.08,0,0.19172411263894706,0.26647561870069975,6.634497492417977,1.2450223396430578,0.0,0.9848484848484849,0.0,0.1,0.0,0.9999999999989336,0.3,0.08,0.16285714285714287,0.5,0.25
100,0.9199401409175976,0.5109178043620966,0.9199401409175976,0.5109178043620966,0.2583334033732473,0.518164746480989,0.52,0.3994783110519292,0.37127268164638494,0.08857142857142856,0.52,0.3994783110519292,0.37127268164638494,0.08857142857142856,0.16,0.18857142857142858,0.0,9.442857142857143,0.19428571428571428,0.0,1.954915620716393e-14,0.11836634914903713,11.794285714285714,0.0,0.0,0.15,0.08,0,0.19196506350432377,0.26514324060719624,6.690378971141046,1.2201218928501967,0.0,0.9848484848484849,0.0,0.1,0.0,0.9999999999992535,0.3,0.08,0.16,0.5,0.25
101,0.9214708487329667,0.5115598052666825,0.9214708487329667,0.5115598052666825,0.2583334033732473,0.5181345980752102,0.5314285714285715,0.3994783110519292,0.37127268164638494,0.08857142857142856,0.5314285714285715,0.3994783110519292,0.37127268164638494,0.08857142857142856,0.14285714285714285,0.17142857142857143,0.0,9.577142857142857,0.19714285714285715,0.0,1.1597770458967311e-14,0.12892034831902927,11.794285714285714,0.1,0.18126924692201818,0.21,0.08,0,0.19174766675823068,0.2638175244041603,6.7279999631467975,1.1957194549931927,0.0,1.0,0.0,0.1,0.0,0.9999999999994774,0.3,0.08,0.14285714285714285,0.52,0.27
102,0.9225225356898002,0.5118807026745759,0.9225225356898002,0.5118807026745759,0.2583334033732473,0.5181949587813648,0.5514285714285714,0.3994783110519292,0.37127268164638494,0.08857142857142856,0.5514285714285714,0.3994783110519292,0.37127268164638494,0.08857142857142856,0.14857142857142858,0.17714285714285713,0.0,9.722857142857142,0.20285714285714285,0.0,8.145474202041333e-15,0.12860372834392944,11.794285714285714,0.097,0.17634209573142312,0.2082,0.08,0,0.19158807199586814,0.26249843678213947,6.770582821026718,1.1718050658933288,0.0,1.0,0.0,0.1,0.0,0.9999999999996342,0.3,0.08,0.14857142857142858,0.5194,0.2694
103,0.9239583537052081,0.5110943782722549,0.9239583537052081,0.5110943782722549,0.2583334033732473,0.5182383395441728,0.5714285714285714,0.3994783110519292,0.37127268164638494,0.08857142857142856,0.5714285714285714,0.3994783110519292,0.37127268164638494,0.08857142857142856,0.18,0.2057142857142857,0.0,9.865714285714287,0.19428571428571428,0.0,5.719319171433138e-15,0.12829660696808268,11.794285714285714,0.09409000000000001,0.1715344299918684,0.206454,0.08,0,0.1915148466358888,0.26118594459822875,6.840885450320468,1.1483689645754622,0.0,1.0,0.0,0.1,0.0,0.999999999999744,0.3,0.08,0.18,0.518818,0.268818
104,0.9268320161136568,0.5119178058502085,0.9268320161136568,0.5119178058502085,0.2583334033732473,0.5181395931963376,0.5057142857142857,0.3994783110519292,0.37127268164638494,0.08857142857142856,0.5057142857142857,0.3994783110519292,0.37127268164638494,0.08857142857142856,0.15714285714285714,0.18285714285714286,0.0,10.02,0.19714285714285715,0.0,4.0161019240192696e-15,0.12799869923351134,11.794285714285714,0.09126730000000001,0.16684418376162757,0.20476038,0.08,0,0.19127127240270933,0.25988001487523765,6.886924884171202,1.1254015852839532,0.0,1.0,0.0,0.1,0.0,0.9999999999998208,0.3,0.08,0.15714285714285714,0.51825346,0.26825346
105,0.9266372000807748,0.5119068740136604,0.9266372000807748,0.5119068740136604,0.2583334033732473,0.5180458711926728,0.5057142857142857,0.3994783110519292,0.37127268164638494,0.08857142857142856,0.5057142857142857,0.3994783110519292,0.37127268164638494,0.08857142857142856,0.1657142857142857,0.18571428571428572,0.0,10.117142857142857,0.19714285714285715,0.0,2.8208930806125495e-15,0.12770972873097713,11.794285714285714,0.088529281,0.16226927610018926,0.2031175686,0.08,0,0.19114263104069584,0.2585806148008614,6.934900672202064,1.102893553578274,0.0,1.0,0.0,0.1,0.0,0.9999999999998745,0.3,0.08,0.1657142857142857,0.5177058562,0.2677058562
106,0.92583460579455,0.5121361955449547,0.92583460579455,0.5121361955449547,0.2583334033732473,0.518029592008834,0.5742857142857143,0.3994783110519292,0.37127268164638494,0.08857142857142856,0.5742857142857143,0.3994783110519292,0.37127268164638494,0.08857142857142856,0.18,0.20285714285714285,0.0,10.282857142857143,0.20285714285714285,0.0,1.9809854365709513e-15,0.12742942734351886,11.794285714285714,0.08587340257,0.15780761504170115,0.201524041542,0.08,0,0.19104320431406377,0.2572877117268571,6.999059801615164,1.0808356825067085,0.0,1.0,0.0,0.1,0.0,0.9999999999999122,0.3,0.08,0.18,0.517174680514,0.267174680514
107,0.9273415071191822,0.5127648500996899,0.9273415071191822,0.5127648500996899,0.2583334033732473,0.5178899569570993,0.5228571428571429,0.3995925967662149,0.3713583959320993,0.08857142857142856,0.5228571428571429,0.3995925967662149,0.3713583959320993,0.08857142857142856,0.1657142857142857,0.19428571428571428,0.0,10.43142857142857,0.20285714285714285,0.0,1.3918732848183854e-15,0.12715753499768442,11.794285714285714,0.08329720049289999,0.15345710132083934,0.19997832029573998,0.08,0,0.1913161311496363,0.2601794140881351,7.053364319868576,1.1196686277332104,0.0,0.9852941176470589,0.0,0.1,0.0,0.9999999999999385,0.3,0.08,0.1657142857142857,0.51665944009858,0.26665944009858
108,0.9290995403531084,0.512131794997919,0.9290995403531084,0.512131794997919,0.2583334033732473,0.5177542169851929,0.5742857142857143,0.3997640253376435,0.3714869673606706,0.08857142857142856,0.5742857142857143,0.3997640253376435,0.3714869673606706,0.08857142857142856,0.16285714285714287,0.19714285714285715,0.0,10.565714285714286,0.2057142857142857,0.0,9.778996174908962e-16,0.126893799422225,11.794285714285714,0.08079828447811299,0.14921563186018072,0.1984789706868678,0.08,0,0.19247340763674528,0.25887851701769443,7.109439890614062,1.1735296624493166,0.0,0.9565217391304348,0.0,0.1,0.0,0.9999999999999569,0.3,0.08,0.16285714285714287,0.5161596568956226,0.2661596568956226
109,0.9291894247417521,0.5123908885817693,0.9291894247417521,0.5123908885817693,0.2583334033732473,0.517534728146602,0.5342857142857143,0.3997640253376435,0.3714869673606706,0.08857142857142856,0.5342857142857143,0.3997640253376435,0.3714869673606706,0.08857142857142856,0.16,0.18857142857142858,0.0,10.72,0.20857142857142857,0.0,6.876866438802681e-16,0.12663797591402942,11.794285714285714,0.0783743359437696,0.14508110302819666,0.19702460156626175,0.08,0,0.192253612027133,0.257584124432606,7.155822521373208,1.15005906920033,0.0,1.0,0.0,0.1,0.0,0.9999999999999698,0.3,0.08,0.16,0.5156748671887539,0.26567486718875394
110,0.9306819360996987,0.5121009819186414,0.9306819360996987,0.5121009819186414,0.2583334033732473,0.5174292549444571,0.5828571428571429,0.39982116819478636,0.37152982450352784,0.08857142857142856,0.5828571428571429,0.39982116819478636,0.37152982450352784,0.08857142857142856,0.17142857142857143,0.19428571428571428,0.0,10.854285714285714,0.2057142857142857,0.0,4.8185908454611465e-16,0.12638982711107966,11.794285714285714,0.0760231058654565,0.1410514136769826,0.1956138635192739,0.08,0,0.19252048682414016,0.26316620200006147,7.206991785231459,1.141987902719951,0.0,0.9852941176470589,0.0,0.1,0.0,0.9999999999999789,0.3,0.08,0.17142857142857143,0.5152046211730913,0.2652046211730913
111,0.9302172499723571,0.5118025864226717,0.9302172499723571,0.5118025864226717,0.2583334033732473,0.517233983578531,0.5828571428571429,0.4000497396233577,0.3717012530749564,0.08857142857142856,0.5828571428571429,0.4000497396233577,0.3717012530749564,0.08857142857142856,0.16285714285714287,0.19714285714285715,0.0,10.991428571428571,0.21142857142857144,0.0,3.3833557723322036e-16,0.12614912277221837,11.794285714285714,0.0737424126894928,0.13712446796878974,0.19424544761369567,0.08,0,0.1936147415328766,0.26532151723046943,7.2599948066696856,1.169113874066083,0.0,0.9565217391304348,0.0,0.1,0.0,0.9999999999999852,0.3,0.08,0.16285714285714287,0.5147484825378985,0.26474848253789857
112,0.931174969638591,0.5119607178266173,0.931174969638591,0.5119607178266173,0.2583334033732473,0.5170390405587236,0.5285714285714286,0.4000497396233577,0.3717012530749564,0.08857142857142856,0.5285714285714286,0.4000497396233577,0.3717012530749564,0.08857142857142856,0.15142857142857144,0.1742857142857143,0.0,11.128571428571428,0.21142857142857144,0.0,2.372972010698862e-16,0.12591563956352295,11.794285714285714,0.07153014030880801,0.13329817800035182,0.1929180841852848,0.08,0,0.19341709925021222,0.2639949096443171,7.289080624822006,1.1457315965847612,0.0,1.0,0.0,0.1,0.0,0.9999999999999897,0.3,0.08,0.15142857142857144,0.5143060280617616,0.2643060280617616
113,0.9315088579331368,0.5119495204517424,0.9315088579331368,0.5119495204517424,0.2583334033732473,0.5169624675744672,0.5571428571428572,0.4001640253376435,0.37178696736067063,0.08857142857142856,0.5571428571428572,0.4001640253376435,0.37178696736067063,0.08857142857142856,0.16857142857142857,0.19142857142857142,0.0,11.285714285714286,0.21142857142857144,0.0,1.6634894335542984e-16,0.12568916085108836,11.794285714285714,0.06938423609954376,0.1295704662338868,0.19163054165972626,0.08,0,0.19373472875396114,0.27934216523531336,7.334727583754138,1.1286108764013623,0.0,0.9850746268656716,0.0,0.1,0.0,0.9999999999999928,0.3,0.08,0.16857142857142857,0.5138768472199088,0.26387684721990873
114,0.9323563829116759,0.5116057596759692,0.9323563829116759,0.5116057596759692,0.2583334033732473,0.5169086388846357,0.5428571428571428,0.4001640253376435,0.37178696736067063,0.08857142857142856,0.5428571428571428,0.4001640253376435,0.37178696736067063,0.08857142857142856,0.11714285714285715,0.14,0.0,11.42,0.21142857142857144,0.0,1.1807129065422745e-16,0.1254694765000268,11.794285714285714,0.06730270901655745,0.1259392677435177,0.19038162540993447,0.08,0,0.1933371979673342,0.27794545440913676,7.328033032079054,1.1060386588733349,0.0,1.0,0.0,0.1,0.0,0.9999999999999949,0.3,0.08,0.11714285714285715,0.5134605418033115,0.26346054180331147
115,0.9343703568179951,0.5116603635398527,0.9343703568179951,0.5116603635398527,0.2583334033732473,0.516791327836024,0.5485714285714286,0.4002783110519291,0.37187268164638493,0.08857142857142856,0.5485714285714286,0.4002783110519291,0.37187268164638493,0.08857142857142856,0.1457142857142857,0.17714285714285713,0.0,11.574285714285715,0.21142857142857144,0.0,8.237557491145866e-17,0.1252563826794971,11.794285714285714,0.06528362774606072,0.12240253228570042,0.1891701766476364,0.08,0,0.1941690841203547,0.2765557271370911,7.35861522858033,1.1066775435191099,0.0,0.967741935483871,0.0,0.1,0.0,0.9999999999999964,0.3,0.08,0.1457142857142857,0.5130567255492121,0.26305672554921217
116,0.9350193792537662,0.5122008218142591,0.9350193792537662,0.5122008218142591,0.2583334033732473,0.5165421772775062,0.5228571428571429,0.4002783110519291,0.37187268164638493,0.08857142857142856,0.5228571428571429,0.4002783110519291,0.37187268164638493,0.08857142857142856,0.1457142857142857,0.1657142857142857,0.0,11.731428571428571,0.21428571428571427,0.0,5.679562474363255e-17,0.12504968167358332,11.794285714285714,0.0633251189136789,0.11895822620206453,0.18799507134820734,0.08,0,0.19402524226761003,0.2751729485014056,7.377157209723009,1.0845439926487277,0.0,1.0,0.0,0.1,0.0,0.9999999999999976,0.3,0.08,0.1457142857142857,0.5126650237827358,0.26266502378273576
117,0.9349596189235447,0.5126575647731564,0.9349596189235447,0.5126575647731564,0.2583334033732473,0.5163430687821702,0.5771428571428572,0.400335453909072,0.3719155387892421,0.08857142857142856,0.5771428571428572,0.400335453909072,0.3719155387892421,0.08857142857142856,0.16285714285714287,0.19428571428571428,0.0,11.86,0.21428571428571427,0.0,3.8833672300357466e-17,0.12484918169784695,11.794285714285714,0.06142536534626853,0.1156043341628803,0.1868552192077611,0.08,0,0.19434011605627202,0.27389753568986736,7.423899779814263,1.062853112795753,0.0,0.9852941176470589,0.0,0.1,0.0,0.9999999999999983,0.3,0.08,0.16285714285714287,0.5122850730692537,0.2622850730692537
118,0.9349392416381439,0.5124283998305283,0.9349392416381439,0.5124283998305283,0.2583334033732473,0.5161212941973925,0.5885714285714285,0.400335453909072,0.3719155387892421,0.08857142857142856,0.5885714285714285,0.400335453909072,0.3719155387892421,0.08857142857142856,0.13142857142857142,0.15428571428571428,0.0,12.02,0.21714285714285714,0.0,2.596110091010961e-17,0.12465469672138263,11.794285714285714,0.05958260438588047,0.11233886075915511,0.18574956263152828,0.08,0,0.19402484476170492,0.272528048011418,7.429707498503691,1.0415960505398378,0.0,1.0,0.0,0.1,0.0,0.9999999999999989,0.3,0.08,0.13142857142857142,0.5119165208771761,0.2619165208771761
119,0.93485088138011,0.5124565607817276,0.93485088138011,0.5124565607817276,0.2583334033732473,0.515846483189361,0.5914285714285714,0.400335453909072,0.3719155387892421,0.08857142857142856,0.5914285714285714,0.400335453909072,0.3719155387892421,0.08857142857142856,0.16285714285714287,0.18285714285714286,0.0,12.16,0.21714285714285714,0.0,1.8222485761916732e-17,0.12446604629421225,11.794285714285714,0.05779512625430405,0.10915983195114243,0.1846770757525824,0.08,0,0.19391086339503927,0.2711654077713609,7.463970491390762,1.020764129529041,0.0,1.0,0.0,0.1,0.0,0.9999999999999992,0.3,0.08,0.16285714285714287,0.5115590252508608,0.26155902525086083
120,0.932416241178424,0.5125544897895641,0.932416241178424,0.5125544897895641,0.2583334033732473,0.5157083540951143,0.5057142857142857,0.4005068824805006,0.37204411021781353,0.08857142857142856,0.5057142857142857,0.4005068824805006,0.37204411021781353,0.08857142857142856,0.16,0.18571428571428572,0.0,12.322857142857142,0.21142857142857144,0.0,1.3051076941509859e-17,0.12428305537985705,11.794285714285714,0.05606127246667493,0.1060652963808163,0.18363676348000496,0.08,0,0.19462588193520688,0.2698095807325041,7.5004053672772315,1.0421937214756865,0.0,0.9692307692307692,0.0,0.1,0.0,0.9999999999999994,0.3,0.08,0.16,0.511212254493335,0.26121225449333496
121,0.9313051356824514,0.5134878118656414,0.9313051356824514,0.5134878118656414,0.2583334033732473,0.5155596763707797,0.5485714285714286,0.4005068824805006,0.37204411021781353,0.08857142857142856,0.5485714285714286,0.4005068824805006,0.37204411021781353,0.08857142857142856,0.1742857142857143,0.19714285714285715,0.0,12.44,0.21142857142857144,0.0,1.0468468788105329e-17,0.12410555419293237,11.794285714285714,0.05437943429267468,0.10305332655562971,0.1826276605756048,0.08,0,0.19456603895410232,0.2684605328288415,7.5475401170745435,1.0213498470461726,0.0,1.0,0.0,0.1,0.0,0.9999999999999996,0.3,0.08,0.1742857142857143,0.5108758868585349,0.2608758868585349
122,0.9318309409270864,0.5136496796820541,0.9318309409270864,0.5136496796820541,0.2583334033732473,0.5154945442072906,0.5657142857142857,0.4005068824805006,0.37204411021781353,0.08857142857142856,0.5657142857142857,0.4005068824805006,0.37204411021781353,0.08857142857142856,0.1657142857142857,0.20285714285714285,0.0,12.602857142857143,0.21142857142857144,0.0,7.871746919719616e-18,0.12393337804161556,11.794285714285714,0.05274805126389444,0.10012201991063052,0.18164883075833665,0.08,0,0.19439292304504607,0.2671182301646973,7.599446457590197,1.0009228501052492,0.0,1.0,0.0,0.1,0.0,0.9999999999999997,0.3,0.08,0.1657142857142857,0.5105496102527789,0.2605496102527789
123,0.9320465434182207,0.5136218895685223,0.9320465434182207,0.5136218895685223,0.2583334033732473,0.515324812511492,0.5685714285714286,0.40062116819478627,0.37212982450352783,0.08857142857142856,0.5685714285714286,0.40062116819478627,0.37212982450352783,0.08857142857142856,0.12857142857142856,0.14857142857142858,0.0,12.751428571428571,0.2057142857142857,0.0,5.2612178675550826e-18,0.12376636717483819,11.794285714285714,0.051165609725977605,0.09726949975576782,0.18069936583558655,0.08,0,0.19482095842982086,0.2657826390138739,7.596028957009821,1.010234884295443,0.0,0.9615384615384616,0.0,0.1,0.0,0.9999999999999998,0.3,0.08,0.12857142857142856,0.5102331219451955,0.26023312194519554
124,0.9336095728064863,0.5138512324430805,0.9336095728064863,0.5138512324430805,0.2583334033732473,0.5152066715093058,0.6057142857142858,0.40073545390907206,0.3722155387892421,0.08857142857142856,0.6057142857142858,0.40073545390907206,0.3722155387892421,0.08857142857142856,0.1742857142857143,0.19428571428571428,0.0,12.897142857142857,0.2057142857142857,0.0,2.6371955391890467e-18,0.12360436663406418,11.794285714285714,0.04963064143419828,0.09449391611497016,0.17977838486051895,0.08,0,0.19524514078052888,0.2644537258188045,7.638394092155339,1.002856079612745,0.0,0.9852941176470589,0.0,0.1,0.0,0.9999999999999999,0.3,0.08,0.1742857142857143,0.5099261282868397,0.25992612828683964
125,0.9360357707638576,0.5136741882679787,0.9360357707638576,0.5136741882679787,0.2583334033732473,0.5151322309223405,0.5257142857142857,0.40079259676621487,0.3722583959320993,0.08857142857142856,0.5257142857142857,0.40079259676621487,0.3722583959320993,0.08857142857142856,0.15714285714285714,0.18285714285714286,0.0,13.031428571428572,0.2057142857142857,0.0,2.643674149298091e-18,0.12344722610951336,11.794285714285714,0.048141722191172326,0.09179344646333287,0.1788850333147034,0.08,0,0.1954967729337691,0.2631314571897105,7.668483353169376,1.0007989580204897,0.0,0.984375,0.0,0.1,0.0,0.9999999999999999,0.3,0.08,0.15714285714285714,0.5096283444382345,0.25962834443823446
126,0.9354944949093891,0.5126310849610828,0.9354944949093891,0.5126310849610828,0.2583334033732473,0.5151252100174677,0.5714285714285714,0.40079259676621487,0.3722583959320993,0.08857142857142856,0.5714285714285714,0.40079259676621487,0.3722583959320993,0.08857142857142856,0.16857142857142857,0.21428571428571427,0.0,13.162857142857144,0.20857142857142857,0.0,2.6500436787972725e-18,0.12329479980069906,11.794285714285714,0.04669747052543716,0.08916629636850315,0.1780184823152623,0.08,0,0.19546128978338598,0.2618157999037619,7.729399400391701,0.9807829788600798,0.0,1.0,0.0,0.1,0.0,0.9999999999999999,0.3,0.08,0.16857142857142857,0.5093394941050874,0.25933949410508744
127,0.9386881587857905,0.5137682089916493,0.9386881587857905,0.5137682089916493,0.2583334033732473,0.5150573094607712,0.5571428571428572,0.40098488803300986,0.37242982450352785,0.08857142857142856,0.5571428571428572,0.40098488803300986,0.37242982450352785,0.08857142857142856,0.1457142857142857,0.16857142857142857,0.0,13.331428571428571,0.20857142857142857,0.0,2.656303252926676e-18,0.12314694628114921,11.794285714285714,0.04529654640967404,0.08661070004210591,0.1771779278458044,0.08,0,0.19642684047732614,0.2605067209042431,7.743382840955295,1.0,0.0,0.9491525423728814,0.0,0.1,0.0,0.9999999999999999,0.3,0.08,0.1457142857142857,0.5090593092819348,0.2590593092819348
128,0.93927870069802,0.5141112537462346,0.93927870069802,0.5141112537462346,0.2583334033732473,0.5150634897694151,0.5514285714285714,0.40098488803300986,0.37242982450352785,0.08857142857142856,0.5514285714285714,0.40098488803300986,0.37242982450352785,0.08857142857142856,0.15428571428571428,0.19428571428571428,0.0,13.48,0.20857142857142857,0.0,2.6624521966118847e-18,0.12300352836718584,11.794285714285714,0.04393765001738382,0.08412492080681178,0.17636259001043028,0.08,0,0.19630113484636807,0.2592041872997219,7.782800898421904,0.98,0.0,1.0,0.0,0.1,0.0,0.9999999999999999,0.3,0.08,0.15428571428571428,0.5087875300034768,0.25878753000347676
129,0.9379790171510545,0.514679879099591,0.9379790171510545,0.514679879099591,0.2583334033732473,0.5151430973990101,0.5628571428571428,0.40121345946158127,0.37260125307495645,0.08857142857142856,0.5628571428571428,0.40121345946158127,0.37260125307495645,0.08857142857142856,0.18571428571428572,0.22,0.0,13.597142857142858,0.21142857142857144,0.0,2.668490023765303e-18,0.12286441299064133,11.794285714285714,0.042619520516862304,0.08170725148440683,0.17557171231011737,0.08,0,0.19700491488642197,0.26381183456453805,7.847144880453467,1.0054845476992205,0.0,0.974025974025974,0.0,0.1,0.0,0.9999999999999999,0.3,0.08,0.18571428571428572,0.5085239041033724,0.25852390410337245
130,0.9377823048167493,0.5145775807714307,0.9377823048167493,0.5145775807714307,0.2583334033732473,0.51537732772401,0.5714285714285714,0.40121345946158127,0.37260125307495645,0.08857142857142856,0.5714285714285714,0.40121345946158127,0.37260125307495645,0.08857142857142856,0.15142857142857144,0.18,0.0,13.742857142857142,0.2057142857142857,0.0,2.674416426783129e-18,0.12272947107539324,11.794285714285714,0.04134093490135644,0.07935601470998999,0.17480456094081387,0.08,0,0.19670546174056133,0.26249277539171534,7.870201982844397,0.9853748567452361,0.0,1.0,0.0,0.1,0.0,0.9999999999999999,0.3,0.08,0.15142857142857144,0.5082681869802713,0.25826818698027126
131,0.9373997500146114,0.5142067877114882,0.9373997500146114,0.5142067877114882,0.2583334033732473,0.5156323169920414,0.5542857142857143,0.40121345946158127,0.37260125307495645,0.08857142857142856,0.5542857142857143,0.40121345946158127,0.37260125307495645,0.08857142857142856,0.15428571428571428,0.1742857142857143,0.0,13.845714285714285,0.2057142857142857,0.0,2.680231266265818e-18,0.12259857741760256,11.794285714285714,0.04010070685431574,0.07706956317719249,0.17406042411258943,0.08,0,0.19643550657471565,0.26118031151475674,7.887083657473223,0.9656673596103313,0.0,1.0,0.0,0.1,0.0,0.9999999999999999,0.3,0.08,0.15428571428571428,0.5080201413708632,0.25802014137086315
132,0.9365468097665649,0.5142076774968191,0.9365468097665649,0.5142076774968191,0.2583334033732473,0.515669246982322,0.5657142857142857,0.401327745175867,0.37268696736067064,0.08857142857142856,0.5657142857142857,0.401327745175867,0.37268696736067064,0.08857142857142856,0.14285714285714285,0.18571428571428572,0.0,13.991428571428571,0.21142857142857144,0.0,2.68593456098575e-18,0.12247161056954561,11.794285714285714,0.03889768564868627,0.07484627981908543,0.17333861138921175,0.08,0,0.1967946161846992,0.259874409957183,7.915056270038045,0.9935309117631125,0.0,0.9846153846153847,0.0,0.1,0.0,0.9999999999999999,0.3,0.08,0.14285714285714285,0.5077795371297372,0.2577795371297373
133,0.9358148855085847,0.5141699266783445,0.9358148855085847,0.5141699266783445,0.2583334033732473,0.5157252759903564,0.58,0.40144203089015273,0.372772681646385,0.08857142857142856,0.58,0.40144203089015273,0.372772681646385,0.08857142857142856,0.14857142857142858,0.17714285714285713,0.0,14.12,0.21428571428571427,0.0,2.691526478121953e-18,0.12234845272693036,11.794285714285714,0.037730755079225686,0.07268457792922522,0.17263845304753542,0.08,0,0.1974386431037757,0.25857503790739705,7.933898001780139,0.9890425608417089,0.0,0.967741935483871,0.0,0.1,0.0,0.9999999999999999,0.3,0.08,0.14857142857142858,0.5075461510158451,0.25754615101584516
134,0.9353059700709693,0.5134507037124215,0.9353059700709693,0.5134507037124215,0.2583334033732473,0.5158182531638654,0.5885714285714285,0.4014991737472956,0.3728155387892421,0.08857142857142856,0.5885714285714285,0.4014991737472956,0.3728155387892421,0.08857142857142856,0.1457142857142857,0.18,0.0,14.28,0.21428571428571427,0.0,2.6970073237782646e-18,0.12222898961959357,11.794285714285714,0.036598832426848915,0.0705829012270679,0.17195929945610935,0.08,0,0.19762230703111397,0.2572821627178601,7.9552200417445365,1.0062321623425947,0.0,0.9841269841269841,0.0,0.1,0.0,0.9999999999999999,0.3,0.08,0.1457142857142857,0.5073197664853698,0.2573197664853698
135,0.9356101132360358,0.5141546738516815,0.9356101132360358,0.5141546738516815,0.2583334033732473,0.5158275684018501,0.5771428571428572,0.4014991737472956,0.3728155387892421,0.08857142857142856,0.5771428571428572,0.4014991737472956,0.3728155387892421,0.08857142857142856,0.16,0.18285714285714286,0.0,14.411428571428571,0.21428571428571427,0.0,2.702377533798114e-18,0.12211311040547689,11.794285714285714,0.03550086745404345,0.06853972387177543,0.17130052047242605,0.08,0,0.19754705549238696,0.25599575190427076,7.978972783766789,0.9861075190957428,0.0,1.0,0.0,0.1,0.0,0.9999999999999999,0.3,0.08,0.16,0.5071001734908087,0.2571001734908087
136,0.9338845803552492,0.5148962744796279,0.9338845803552492,0.5148962744796279,0.2583334033732473,0.5159670046236613,0.5371428571428571,0.4014991737472956,0.3728155387892421,0.08857142857142856,0.5371428571428571,0.4014991737472956,0.3728155387892421,0.08857142857142856,0.15714285714285714,0.19142857142857142,0.0,14.522857142857143,0.21428571428571427,0.0,2.7076376648862084e-18,0.12200070756778367,11.794285714285714,0.034435841430422144,0.06655355042823763,0.17066150485825327,0.08,0,0.1973301780720679,0.2547157731447494,8.010821899520025,0.966385368713828,0.0,1.0,0.0,0.1,0.0,0.9999999999999999,0.3,0.08,0.15714285714285714,0.5068871682860844,0.25688716828608443
137,0.9345974948089294,0.5150382636587072,0.9345974948089294,0.5150382636587072,0.2583334033732473,0.5160288082621534,0.56,0.4014991737472956,0.3728155387892421,0.08857142857142856,0.56,0.4014991737472956,0.3728155387892421,0.08857142857142856,0.1742857142857143,0.18571428571428572,0.0,14.645714285714286,0.21714285714285714,0.0,2.7127883860447714e-18,0.1218916768152213,11.794285714285714,0.03340276618750948,0.06462291578893375,0.17004165971250568,0.08,0,0.197142813610279,0.2534421942790257,8.03631974724391,0.9470576613395514,0.0,1.0,0.0,0.1,0.0,0.9999999999999999,0.3,0.08,0.1742857142857143,0.5066805532375019,0.2566805532375019
138,0.9348484952954266,0.5147570190469728,0.9348484952954266,0.5147570190469728,0.2583334033732473,0.516080743205323,0.5771428571428572,0.4014991737472956,0.3728155387892421,0.08857142857142856,0.5771428571428572,0.4014991737472956,0.3728155387892421,0.08857142857142856,0.16,0.2057142857142857,0.0,14.751428571428571,0.20857142857142857,0.0,2.7178304703296148e-18,0.12178591698523576,11.794285714285714,0.032400683201884196,0.06274638505506869,0.16944040992113052,0.08,0,0.19704195739937047,0.25217498330763055,8.081307638013318,0.9281165081127603,0.0,1.0,0.0,0.1,0.0,0.9999999999999999,0.3,0.08,0.16,0.5064801366403768,0.25648013664037683
139,0.9359526318454833,0.5149377685072575,0.9359526318454833,0.5149377685072575,0.2583334033732473,0.5160904721125283,0.5942857142857143,0.4015563166044384,0.37285839593209924,0.08857142857142856,0.5942857142857143,0.4015563166044384,0.37285839593209924,0.08857142857142856,0.1657142857142857,0.2,0.0,14.865714285714287,0.2057142857142857,0.0,2.7227647869292196e-18,0.12168332995014984,11.794285714285714,0.03142866270582767,0.06092255338024011,0.1688571976234966,0.08,0,0.19725646189808788,0.2509141083910924,8.11968148525305,0.9633855614462223,0.0,0.9857142857142858,0.0,0.1,0.0,0.9999999999999999,0.3,0.08,0.1657142857142857,0.5062857325411655,0.25628573254116555
140,0.9365124382762932,0.5150276180568027,0.9365124382762932,0.5150276180568027,0.2583334033732473,0.5161381933546413,0.54,0.4016134594615813,0.3729012530749563,0.08857142857142856,0.54,0.4016134594615813,0.3729012530749563,0.08857142857142856,0.14,0.16,0.0,14.974285714285715,0.20285714285714285,0.0,2.7275922935680825e-18,0.12158382052611638,11.794285714285714,0.03048580282465284,0.059150045779710836,0.1682914816947917,0.08,0,0.197355608160026,0.24965953784913694,8.117287855547989,0.9692658735459032,0.0,0.9821428571428571,0.0,0.1,0.0,0.9999999999999999,0.3,0.08,0.14,0.5060971605649306,0.2560971605649306
141,0.9359496747170959,0.5155709647397363,0.9359496747170959,0.5155709647397363,0.2583334033732473,0.5162787163145353,0.5571428571428572,0.4016706023187242,0.37294411021781354,0.08857142857142856,0.5571428571428572,0.4016706023187242,0.37294411021781354,0.08857142857142856,0.16285714285714287,0.19428571428571428,0.0,15.117142857142857,0.2057142857142857,0.0,2.732314029233925e-18,0.12148729638480404,11.794285714285714,0.029571228739913254,0.057427516908195475,0.16774273724394795,0.08,0,0.1977105451192259,0.24841124015989127,8.149227812722744,0.9605795470864079,0.0,0.9852941176470589,0.0,0.1,0.0,0.9999999999999999,0.3,0.08,0.16285714285714287,0.5059142457479826,0.25591424574798266
142,0.9376382095526875,0.5159821743007631,0.9376382095526875,0.5159821743007631,0.2583334033732473,0.5164200059713703,0.5114285714285715,0.401727745175867,0.3729869673606707,0.08857142857142856,0.5114285714285715,0.401727745175867,0.3729869673606707,0.08857142857142856,0.16,0.19428571428571428,0.0,15.225714285714286,0.2057142857142857,0.0,2.7369311072268306e-18,0.12139366796773099,11.794285714285714,0.028684091877715857,0.055753650808906485,0.16721045512662952,0.08,0,0.19794999310791545,0.2595613039890754,8.180528970754002,0.9446964053021181,0.0,0.9852941176470589,0.0,0.1,0.0,0.9999999999999999,0.3,0.08,0.16,0.5057368183755432,0.2557368183755432
143,0.9364507314376569,0.5161386336036672,0.9364507314376569,0.5161386336036672,0.2583334033732473,0.5165512459722712,0.5685714285714286,0.4017848880330099,0.3730298245035278,0.08857142857142856,0.5685714285714286,0.4017848880330099,0.3730298245035278,0.08857142857142856,0.15714285714285714,0.18571428571428572,0.0,15.345714285714285,0.20285714285714285,0.0,2.7414447085271425e-18,0.12130284840317021,11.794285714285714,0.02782356912138438,0.05412716063644807,0.16669414147283063,0.08,0,0.19813138599951877,0.26586762151516724,8.20263267705321,0.9431128000000003,0.0,0.9846153846153847,0.0,0.1,0.0,0.9999999999999999,0.3,0.08,0.15714285714285714,0.5055647138242769,0.25556471382427687
144,0.9358542680793211,0.5161082132287691,0.9358542680793211,0.5161082132287691,0.2583334033732473,0.51665302892061,0.56,0.40189917374729556,0.3731155387892421,0.08857142857142856,0.56,0.40189917374729556,0.3731155387892421,0.08857142857142856,0.18285714285714286,0.22,0.0,15.477142857142857,0.20285714285714285,0.0,2.74585607547773e-18,0.12121475342554618,11.794285714285714,0.02698886204774285,0.05254678835599624,0.1661933172286457,0.08,0,0.19893944620880688,0.2878291034209891,8.258580023512144,0.9424224764063661,0.0,0.974025974025974,0.0,0.1,0.0,0.9999999999999999,0.3,0.08,0.18285714285714286,0.5053977724095485,0.2553977724095486
145,0.935536247531333,0.5156475887337615,0.935536247531333,0.5156475887337615,0.2583334033732473,0.5166770704070156,0.5657142857142857,0.40212774517586697,0.3732869673606707,0.08857142857142856,0.5657142857142857,0.40212774517586697,0.3732869673606707,0.08857142857142856,0.1457142857142857,0.17714285714285713,0.0,15.594285714285714,0.2057142857142857,0.0,2.750166505775324e-18,0.12112930129725093,11.794285714285714,0.026179196186310563,0.05101130442106161,0.16570751771178632,0.08,0,0.19991603469204855,0.2885862338772449,8.270551280184758,1.2709552022564137,0.0,0.9516129032258065,0.0,0.1,0.0,0.9999999999999999,0.3,0.08,0.1457142857142857,0.5052358392372621,0.2552358392372621
146,0.9341495247159485,0.5155992678854733,0.9341495247159485,0.5155992678854733,0.2583334033732473,0.5167212220043514,0.5857142857142857,0.40218488803300984,0.37332982450352786,0.08857142857142856,0.5857142857142857,0.40218488803300984,0.37332982450352786,0.08857142857142856,0.16857142857142857,0.19714285714285715,0.0,15.68,0.2057142857142857,0.0,2.754377346764735e-18,0.12104641273280456,11.794285714285714,0.025393820300721244,0.04951950743199218,0.16523629218043273,0.08,0,0.20011602594715974,0.28714330270785865,8.30228311172392,1.2455360982112853,0.0,0.9855072463768116,0.0,0.1,0.0,0.9999999999999999,0.3,0.08,0.16857142857142857,0.5050787640601443,0.25507876406014424
147,0.9344125724334744,0.5154991742886302,0.9344125724334744,0.5154991742886302,0.2583334033732473,0.5167677389279111,0.5514285714285714,0.4022420308901527,0.373372681646385,0.08857142857142856,0.5514285714285714,0.4022420308901527,0.373372681646385,0.08857142857142856,0.14857142857142858,0.16285714285714287,0.0,15.774285714285714,0.2057142857142857,0.0,2.75848999002907e-18,0.1209660108252915,11.794285714285714,0.024632005691699606,0.048070223777244014,0.16477920341501975,0.08,0,0.20022944581742394,0.2857075861943194,8.299094592346584,1.2206253762470596,0.0,0.9824561403508771,0.0,0.1,0.0,0.9999999999999999,0.3,0.08,0.14857142857142858,0.50492640113834,0.2549264011383399
148,0.9353581860694713,0.5152605089312982,0.9353581860694713,0.5152605089312982,0.2583334033732473,0.5167692832576063,0.5742857142857143,0.4022991737472955,0.37341553878924205,0.08857142857142856,0.5742857142857143,0.4022991737472955,0.37341553878924205,0.08857142857142856,0.15142857142857144,0.18571428571428572,0.0,15.882857142857143,0.20285714285714285,0.0,2.7625058662684535e-18,0.12088802097500385,11.794285714285714,0.023893045520948616,0.04666230725932252,0.16433582731256915,0.08,0,0.200512587156194,0.28427904826334777,8.318826986213937,1.1962128687221185,0.0,0.9846153846153847,0.0,0.1,0.0,0.9999999999999999,0.3,0.08,0.15142857142857144,0.5047786091041897,0.2547786091041897
149,0.9354041385069308,0.5159910519790556,0.9354041385069308,0.5159910519790556,0.2583334033732473,0.5167797920083472,0.5657142857142857,0.4022991737472955,0.37341553878924205,0.08857142857142856,0.5657142857142857,0.4022991737472955,0.37341553878924205,0.08857142857142856,0.1742857142857143,0.2057142857142857,0.0,15.982857142857142,0.20285714285714285,0.0,2.766426440459319e-18,0.12081237082022486,11.794285714285714,0.023176254155320156,0.045294638707175316,0.1639057524931921,0.08,0,0.20045103134543085,0.28285765302203103,8.358164732203944,1.1722886113476763,0.0,1.0,0.0,0.1,0.0,0.9999999999999999,0.3,0.08,0.1742857142857143,0.5046352508310641,0.25463525083106403
150,0.9361900766508289,0.5164943369879459,0.9361900766508289,0.5164943369879459,0.2583334033732473,0.5168402240027385,0.5628571428571428,0.4022991737472955,0.37341553878924205,0.08857142857142856,0.5628571428571428,0.4022991737472955,0.37341553878924205,0.08857142857142856,0.17142857142857143,0.18,0.0,16.114285714285714,0.19714285714285715,0.0,2.7702532072858585e-18,0.12073899017008925,11.794285714285714,0.022480966530660552,0.04396612557670909,0.16348857991839633,0.08,0,0.20021963404584653,0.2814433647569209,8.371001437559865,1.1488428391207226,0.0,1.0,0.0,0.1,0.0,0.9999999999999999,0.3,0.08,0.17142857142857143,0.5044961933061322,0.2544961933061321
151,0.9374455817458889,0.5163042527834621,0.9374455817458889,0.5163042527834621,0.2583334033732473,0.5169016158551445,0.56,0.4022991737472955,0.37341553878924205,0.08857142857142856,0.56,0.4022991737472955,0.37341553878924205,0.08857142857142856,0.1457142857142857,0.17142857142857143,0.0,16.214285714285715,0.2,0.0,2.7739876868350105e-18,0.12066781093945768,11.794285714285714,0.021806537534740735,0.042675701540988875,0.16308392252084444,0.08,0,0.19998939301847446,0.2800361479331363,8.37500998023724,1.1258659823383081,0.0,1.0,0.0,0.1,0.0,0.9999999999999999,0.3,0.08,0.1457142857142857,0.5043613075069482,0.25436130750694813
152,0.9356880687329165,0.517075175708728,0.9356880687329165,0.517075175708728,0.2583334033732473,0.5169956748724132,0.5342857142857143,0.4023563166044383,0.37345839593209923,0.08857142857142856,0.5342857142857143,0.4023563166044383,0.37345839593209923,0.08857142857142856,0.14857142857142858,0.19142857142857142,0.0,16.33142857142857,0.19714285714285715,0.0,2.7776314205460565e-18,0.12059876708574507,11.794285714285714,0.021152341408698514,0.04142232607157981,0.1626914048452191,0.08,0,0.20027444605338204,0.2786359671934706,8.398938352061066,1.1033486626915419,0.0,0.9850746268656716,0.0,0.1,0.0,0.9999999999999999,0.3,0.08,0.14857142857142858,0.5042304682817397,0.25423046828173973
153,0.9354737467339331,0.5172102838339477,0.9354737467339331,0.5172102838339477,0.2583334033732473,0.5170263519426018,0.6085714285714285,0.4024706023187241,0.37354411021781353,0.08857142857142856,0.6085714285714285,0.4024706023187241,0.37354411021781353,0.08857142857142856,0.1457142857142857,0.1657142857142857,0.0,16.465714285714284,0.2,0.0,2.7811859674058025e-18,0.12053179454764382,11.794285714285714,0.02051777116643756,0.040204984012392475,0.16231066269986252,0.08,0,0.20041550239454375,0.27724278735750324,8.39667387073413,1.081281689437711,0.0,0.9827586206896551,0.0,0.1,0.0,0.9999999999999999,0.3,0.08,0.1457142857142857,0.5041035542332876,0.2541035542332875
154,0.9366555729693034,0.5169939989683012,0.9366555729693034,0.5169939989683012,0.2583334033732473,0.5171721709692046,0.5571428571428572,0.40264203089015266,0.373672681646385,0.08857142857142856,0.5571428571428572,0.40264203089015266,0.373672681646385,0.08857142857142856,0.17142857142857143,0.2,0.0,16.625714285714285,0.19142857142857142,0.0,2.7846529003801883e-18,0.1204668311856856,11.794285714285714,0.019902238031444433,0.03902268514729912,0.16194134281886666,0.08,0,0.20109842488257104,0.2805935805500004,8.428740393319446,1.074934197302198,0.0,0.9714285714285714,0.0,0.1,0.0,0.9999999999999999,0.3,0.08,0.17142857142857143,0.5039804476062889,0.2539804476062889
155,0.9385268813121039,0.5180415087685681,0.9385268813121039,0.5180415087685681,0.2583334033732473,0.5173969295675263,0.5828571428571429,0.40264203089015266,0.373672681646385,0.08857142857142856,0.5828571428571429,0.40264203089015266,0.373672681646385,0.08857142857142856,0.16,0.18,0.0,16.78,0.19428571428571428,0.0,2.7880338030731313e-18,0.12040381672458621,11.794285714285714,0.0193051708905011,0.03787446376270165,0.16158310253430067,0.08,0,0.2008922191867296,0.2791906126472504,8.440165585453059,1.053435513356154,0.0,1.0,0.0,0.1,0.0,0.9999999999999999,0.3,0.08,0.16,0.5038610341781002,0.25386103417810024
156,0.9367290879036948,0.5187042781354757,0.9367290879036948,0.5187042781354757,0.2583334033732473,0.5176336248040924,0.5257142857142857,0.40281345946158126,0.37380125307495643,0.08857142857142856,0.5257142857142857,0.40281345946158126,0.37380125307495643,0.08857142857142856,0.1742857142857143,0.19714285714285715,0.0,16.931428571428572,0.19714285714285715,0.0,2.7913302666034553e-18,0.12034269269731969,11.794285714285714,0.018726015763786068,0.03675937820614861,0.16123560945827164,0.08,0,0.2015726159479388,0.2777946595840141,8.468505130886856,1.1189758305722959,0.0,0.9710144927536232,0.0,0.1,0.0,0.9999999999999999,0.3,0.08,0.1742857142857143,0.5037452031527572,0.2537452031527572
157,0.9369488907799268,0.5191483100571165,0.9369488907799268,0.5191483100571165,0.2583334033732473,0.5178456898867666,0.5371428571428571,0.4028706023187241,0.3738441102178135,0.08857142857142856,0.5371428571428571,0.4028706023187241,0.3738441102178135,0.08857142857142856,0.1657142857142857,0.19142857142857142,0.0,17.045714285714286,0.19142857142857142,0.0,2.794543886690758e-18,0.12028340239087122,11.794285714285714,0.018164235290872487,0.035676510442018805,0.16089854117452349,0.08,0,0.20179275286819912,0.28149640964873623,8.490563599697689,1.1260429759642676,0.0,0.9850746268656716,0.0,0.1,0.0,0.9999999999999999,0.3,0.08,0.1657142857142857,0.5036328470581745,0.2536328470581745
158,0.9362478582137375,0.5191222568982448,0.9362478582137375,0.5191222568982448,0.2583334033732473,0.518155137103286,0.5914285714285714,0.40304203089015267,0.373972681646385,0.08857142857142856,0.5914285714285714,0.40304203089015267,0.373972681646385,0.08857142857142856,0.15428571428571428,0.18857142857142858,0.0,17.205714285714286,0.18857142857142858,0.0,2.7976762609412e-18,0.12022589079361622,11.794285714285714,0.017619308232146313,0.03462496560521677,0.16057158493928778,0.08,0,0.20244036053242956,0.2941111987518877,8.509323756275164,1.2202339272522689,0.0,0.9696969696969697,0.0,0.1,0.0,0.9999999999999999,0.3,0.08,0.15428571428571428,0.5035238616464293,0.25352386164642926
159,0.9368372756145635,0.5195811372974459,0.9368372756145635,0.5195811372974459,0.2583334033732473,0.5185225115059733,0.5514285714285714,0.40309917374729554,0.3740155387892421,0.08857142857142856,0.5514285714285714,0.40309917374729554,0.3740155387892421,0.08857142857142856,0.17142857142857143,0.19142857142857142,0.0,17.322857142857142,0.18857142857142858,0.0,2.8007289863242894e-18,0.12017010454427884,11.794285714285714,0.01709072898518192,0.03360387155375133,0.16025443739110914,0.08,0,0.20271344444405312,0.32320594762955546,8.530565852578231,1.2381384204811714,0.0,0.9850746268656716,0.0,0.1,0.0,0.9999999999999999,0.3,0.08,0.17142857142857143,0.5034181457970364,0.25341814579703636
160,0.9368985877542002,0.5194979972927055,0.9368985877542002,0.5194979972927055,0.2583334033732473,0.5188593488673477,0.5085714285714286,0.40309917374729554,0.3740155387892421,0.08857142857142856,0.5085714285714286,0.40309917374729554,0.3740155387892421,0.08857142857142856,0.1742857142857143,0.18857142857142858,0.0,17.46,0.18857142857142858,0.0,2.8037036568319284e-18,0.12011599188242156,11.794285714285714,0.016578007115626462,0.03261237842100484,0.15994680426937588,0.08,0,0.20244230650754713,0.3215899178914077,8.548525964098095,1.213375652071548,0.0,1.0,0.0,0.1,0.0,0.9999999999999999,0.3,0.08,0.1742857142857143,0.5033156014231253,0.2533156014231253
161,0.9376069024086701,0.5196371785227514,0.9376069024086701,0.5196371785227514,0.2583334033732473,0.5191692713189384,0.5342857142857143,0.40309917374729554,0.3740155387892421,0.08857142857142856,0.5342857142857143,0.40309917374729554,0.3740155387892421,0.08857142857142856,0.15714285714285714,0.18285714285714286,0.0,17.591428571428573,0.19428571428571428,0.0,2.8066018613110907e-18,0.12006350260042,11.794285714285714,0.01608066690215767,0.03164965816843801,0.15964840014129458,0.08,0,0.20220109497500943,0.31998196830195064,8.560412587673275,1.189108139030117,0.0,1.0,0.0,0.1,0.0,0.9999999999999999,0.3,0.08,0.15714285714285714,0.5032161333804316,0.25321613338043153
162,0.9367121008277451,0.5199420494678599,0.9367121008277451,0.5199420494678599,0.2583334033732473,0.5194451273657906,0.5914285714285714,0.403327745175867,0.37418696736067064,0.08857142857142856,0.5914285714285714,0.403327745175867,0.37418696736067064,0.08857142857142856,0.16285714285714287,0.2,0.0,17.742857142857144,0.19142857142857142,0.0,2.8094251814617853e-18,0.12001258799687854,11.794285714285714,0.015598246895092939,0.03071490413941258,0.15935894813705576,0.08,0,0.20327509021442008,0.3183820584604409,8.589204335919812,1.1733082699440165,0.0,0.9571428571428572,0.0,0.1,0.0,0.9999999999999999,0.3,0.08,0.16285714285714287,0.5031196493790185,0.2531196493790186
163,0.9386929026169868,0.5200304405254768,0.9386929026169868,0.5200304405254768,0.2583334033732473,0.5197891394567434,0.5257142857142857,0.403327745175867,0.37418696736067064,0.08857142857142856,0.5257142857142857,0.403327745175867,0.37418696736067064,0.08857142857142856,0.14857142857142858,0.19142857142857142,0.0,17.885714285714286,0.19142857142857142,0.0,2.8121751899920783e-18,0.11996320083144334,11.794285714285714,0.01513029948824015,0.029807330614762373,0.15907817969294408,0.08,0,0.20308642976334795,0.3167901481681387,8.608848820629987,1.1498421045451361,0.0,1.0,0.0,0.1,0.0,0.9999999999999999,0.3,0.08,0.14857142857142858,0.503026059897648,0.25302605989764804
164,0.9384936099136576,0.5202717339680304,0.9384936099136576,0.5202717339680304,0.2583334033732473,0.5200825653131185,0.5371428571428571,0.40355631660443847,0.37444411021781354,0.08857142857142856,0.5371428571428571,0.40355631660443847,0.37444411021781354,0.08857142857142856,0.1742857142857143,0.20857142857142857,0.0,18.01142857142857,0.19142857142857142,0.0,2.8148534489222428e-18,0.11991529528097114,11.794285714285714,0.014676390503592944,0.02892617237068884,0.15880583430215575,0.08,0,0.20418485475738837,0.31520619742729805,8.645243272788814,1.1454562851613517,0.0,0.958904109589041,0.0,0.1,0.0,0.9999999999999999,0.3,0.08,0.1742857142857143,0.5029352781007186,0.2529352781007186
165,0.9384070674698345,0.5202019192268438,0.9384070674698345,0.5202019192268438,0.2583334033732473,0.5203889689535527,0.54,0.40367060231872415,0.37452982450352784,0.08857142857142856,0.54,0.40367060231872415,0.37452982450352784,0.08857142857142856,0.15428571428571428,0.17714285714285713,0.0,18.15714285714286,0.19428571428571428,0.0,2.817461508030286e-18,0.11986882689701311,11.794285714285714,0.014236098788485156,0.02807068423950665,0.15854165927309108,0.08,0,0.20436335976931572,0.3136301664401615,8.649481264475895,1.1225471594581247,0.0,0.9838709677419355,0.0,0.1,0.0,0.9999999999999999,0.3,0.08,0.15428571428571428,0.5028472197576971,0.25284721975769703
166,0.9388846809427207,0.5202107661789359,0.9388846809427207,0.5202107661789359,0.2583334033732473,0.5207280823168821,0.6228571428571429,0.403727745175867,0.374572681646385,0.08857142857142856,0.6228571428571429,0.403727745175867,0.374572681646385,0.08857142857142856,0.1657142857142857,0.19428571428571428,0.0,18.285714285714285,0.19142857142857142,0.0,2.8200009034313827e-18,0.11982375256457382,11.794285714285714,0.013809015824830602,0.027240140673720603,0.15828540949489836,0.08,0,0.20459811439904055,0.3120620156079607,8.670777353472092,1.1000962162689623,0.0,0.9852941176470589,0.0,0.1,0.0,0.9999999999999999,0.3,0.08,0.1657142857142857,0.5027618031649661,0.2527618031649661
167,0.9396928467286846,0.5200916646157384,0.9396928467286846,0.5200916646157384,0.2583334033732473,0.5211837117927122,0.5914285714285714,0.403727745175867,0.374572681646385,0.08857142857142856,0.5914285714285714,0.403727745175867,0.374572681646385,0.08857142857142856,0.15714285714285714,0.18285714285714286,0.0,18.39142857142857,0.19142857142857142,0.0,2.8224731562839725e-18,0.11978003046210774,11.794285714285714,0.013394745350085684,0.02643383531387067,0.1580368472100514,0.08,0,0.20434612382704537,0.3105017055299209,8.680218949259793,1.078094291943583,0.0,1.0,0.0,0.1,0.0,0.9999999999999999,0.3,0.08,0.15714285714285714,0.5026789490700171,0.25267894907001714
168,0.9381710897553389,0.5202431263219206,0.9381710897553389,0.5202431263219206,0.2583334033732473,0.5216735902995028,0.5742857142857143,0.403727745175867,0.3746583959320993,0.08857142857142856,0.5742857142857143,0.403727745175867,0.3746583959320993,0.08857142857142856,0.15714285714285714,0.1742857142857143,0.0,18.55142857142857,0.19142857142857142,0.0,2.8248797716155277e-18,0.11973762002271562,11.794285714285714,0.012992902989583112,0.02565108056053944,0.15779574179374986,0.08,0,0.204552536065053,0.3089491970022713,8.68090028456031,1.0565324061047112,0.0,0.9836065573770492,0.0,0.1,0.0,0.9999999999999999,0.3,0.08,0.15714285714285714,0.5025985805979166,0.2525985805979166
169,0.9380635632885125,0.521388935929122,0.9380635632885125,0.521388935929122,0.2583334033732473,0.5220756118961497,0.5514285714285714,0.40384203089015275,0.37474411021781356,0.08857142857142856,0.5514285714285714,0.40384203089015275,0.37474411021781356,0.08857142857142856,0.15142857142857144,0.19428571428571428,0.0,18.685714285714287,0.19142857142857142,0.0,2.8272222372612763e-18,0.11969648189650525,11.794285714285714,0.012603115899895618,0.024891207150881223,0.15756186953993737,0.08,0,0.20518620267044202,0.32363688758262393,8.701567993154818,1.220691795407201,0.0,0.9705882352941176,0.0,0.1,0.0,0.9999999999999999,0.3,0.08,0.15142857142857144,0.5025206231799791,0.25252062317997914
170,0.9399599139081088,0.5219655923623832,0.9399599139081088,0.5219655923623832,0.2583334033732473,0.5223515331543134,0.5514285714285714,0.4039563166044384,0.37482982450352786,0.08857142857142856,0.5514285714285714,0.4039563166044384,0.37482982450352786,0.08857142857142856,0.14285714285714285,0.17142857142857143,0.0,18.81714285714286,0.19142857142857142,0.0,2.8295020229093912e-18,0.11965657791408124,11.794285714285714,0.01222502242289875,0.024153563739992,0.15733501345373924,0.08,0,0.20575984308566125,0.3264636177647197,8.698965204720293,1.245914196143937,0.0,0.9666666666666667,0.0,0.1,0.0,0.9999999999999999,0.3,0.08,0.14285714285714285,0.5024450044845797,0.25244500448457974
171,0.94157582132456,0.5213930576764264,0.94157582132456,0.5213930576764264,0.2583334033732473,0.5225213058066187,0.5457142857142857,0.4040706023187241,0.37491553878924216,0.08857142857142856,0.5457142857142857,0.4040706023187241,0.37491553878924216,0.08857142857142856,0.1657142857142857,0.19142857142857142,0.0,18.974285714285713,0.19714285714285715,0.0,2.831720579246427e-18,0.11961787105112989,11.794285714285714,0.011858271750211787,0.02343751648740955,0.15711496305012707,0.08,0,0.2060159017273758,0.32483129967589613,8.71641447205446,1.2209959122210583,0.0,0.9850746268656716,0.0,0.1,0.0,0.9999999999999999,0.3,0.08,0.1657142857142857,0.5023716543500424,0.2523716543500424
172,0.9403576460517838,0.5206864403236086,0.9403576460517838,0.5206864403236086,0.2583334033732473,0.5227058030017504,0.5857142857142857,0.40412774517586697,0.3749583959320993,0.08857142857142856,0.5857142857142857,0.40412774517586697,0.3749583959320993,0.08857142857142856,0.1657142857142857,0.19714285714285715,0.0,19.117142857142856,0.19428571428571428,0.0,2.8338793371970403e-18,0.11958032539406706,11.794285714285714,0.011502523597705433,0.02274244864899877,0.15690151415862325,0.08,0,0.20629939436159606,0.32320714317751664,8.739229039756225,1.2045460909734844,0.0,0.9855072463768116,0.0,0.1,0.0,0.9999999999999999,0.3,0.08,0.1657142857142857,0.5023005047195411,0.2523005047195411
173,0.9405437282730204,0.5202039952228286,0.9405437282730204,0.5202039952228286,0.2583334033732473,0.5229971005788007,0.5857142857142857,0.4041848880330099,0.37500125307495635,0.09142857142857143,0.5857142857142857,0.4041848880330099,0.37500125307495635,0.09142857142857143,0.12285714285714286,0.1457142857142857,0.0,19.254285714285714,0.19714285714285715,0.0,2.835979707252271e-18,0.1195439061067162,11.794285714285714,0.011157447889774269,0.02206776017444878,0.15669446873386456,0.08,0,0.20623932596121664,0.32159110746162906,8.710158744675388,1.1804551691540148,0.0,0.9803921568627451,0.0,0.1,0.0,0.9999999999999999,0.3,0.08,0.12285714285714286,0.5022314895779548,0.2522314895779548
174,0.939477902855779,0.519867401145689,0.939477902855779,0.519867401145689,0.2583334033732473,0.5232111521437658,0.6257142857142857,0.4042420308901527,0.37504411021781353,0.09142857142857143,0.6257142857142857,0.4042420308901527,0.37504411021781353,0.09142857142857143,0.14857142857142858,0.16857142857142857,0.0,19.354285714285716,0.18857142857142858,0.0,2.8380230788809223e-18,0.11950857939798581,11.794285714285714,0.01082272445308104,0.021412867310581674,0.15649363467184862,0.08,0,0.20643555861712484,0.32232143220425813,8.704526998353307,1.1984472030702038,0.0,0.9830508474576272,0.0,0.1,0.0,0.9999999999999999,0.3,0.08,0.14857142857142858,0.5021645448906162,0.2521645448906162
175,0.9390547207960315,0.5199203769436826,0.9390547207960315,0.5199203769436826,0.2583334033732473,0.5233247276823305,0.6085714285714285,0.40447060231872406,0.37521553878924213,0.09142857142857143,0.6085714285714285,0.40447060231872406,0.37521553878924213,0.09142857142857143,0.1657142857142857,0.18285714285714286,0.0,19.482857142857142,0.19428571428571428,0.0,2.840010820018803e-18,0.11947431249051733,11.794285714285714,0.010498042719488608,0.020777202210646273,0.15629882563169317,0.08,0,0.20717338225261064,0.3207098250432368,8.713293601243382,1.1744782590087997,0.0,0.96875,0.0,0.1,0.0,0.9999999999999999,0.3,0.08,0.1657142857142857,0.5020996085438977,0.25209960854389774
176,0.9387794408324813,0.5207234098024593,0.9387794408324813,0.5207234098024593,0.2583334033732473,0.5234774650298651,0.6,0.40452774517586704,0.3752583959320993,0.09142857142857143,0.6,0.40452774517586704,0.3752583959320993,0.09142857142857143,0.15142857142857144,0.18285714285714286,0.0,19.642857142857142,0.19142857142857142,0.0,2.8419442766308412e-18,0.11944107359027298,11.794285714285714,0.01018310143790395,0.02016021254974565,0.15610986086274237,0.08,0,0.207450518194919,0.3191062759180206,8.721884872075659,1.1509886938286238,0.0,0.984375,0.0,0.1,0.0,0.9999999999999999,0.3,0.08,0.15142857142857144,0.5020366202875808,0.2520366202875808
177,0.9400905118191593,0.5207212563007476,0.9400905118191593,0.5207212563007476,0.2583334033732473,0.5237367328424244,0.58,0.40458488803300985,0.37530125307495643,0.09142857142857143,0.58,0.40458488803300985,0.37530125307495643,0.09142857142857143,0.16857142857142857,0.19714285714285715,0.0,19.81142857142857,0.19428571428571428,0.0,2.843824772341323e-18,0.11940883185703592,11.794285714285714,0.00987760839476683,0.01956136114652751,0.1559265650368601,0.08,0,0.20758440846108728,0.3175107445384305,8.744590031777005,1.1279689199520513,0.0,0.9855072463768116,0.0,0.1,0.0,0.9999999999999999,0.3,0.08,0.16857142857142857,0.5019755216789533,0.2519755216789534
178,0.9402707080055767,0.5205318480958983,0.9402707080055767,0.5205318480958983,0.2583334033732473,0.5240712416141826,0.5885714285714285,0.40469917374729564,0.37538696736067073,0.09142857142857143,0.5885714285714285,0.40469917374729564,0.37538696736067073,0.09142857142857143,0.13714285714285715,0.15714285714285714,0.0,19.965714285714284,0.19142857142857142,0.0,2.8456536081277108e-18,0.11937755737579588,11.794285714285714,0.009581280142923825,0.018980125591242847,0.1557487680857543,0.08,0,0.20808891570449614,0.32209553079924874,8.72684108828432,1.1617278921364316,0.0,0.9636363636363636,0.0,0.1,0.0,0.9999999999999999,0.3,0.08,0.13714285714285715,0.5019162560285848,0.25191625602858475
179,0.9404878200038348,0.5200501257627701,0.9404878200038348,0.5200501257627701,0.2583334033732473,0.5243352025029868,0.6228571428571429,0.40475631660443845,0.3754298245035278,0.09142857142857143,0.6228571428571429,0.40475631660443845,0.3754298245035278,0.09142857142857143,0.16,0.17714285714285713,0.0,20.10857142857143,0.18857142857142858,0.0,2.8474320620737337e-18,0.11934722112899318,11.794285714285714,0.00929384173863611,0.018415997880260826,0.15557630504318165,0.08,0,0.20830447255454507,0.3204850531452525,8.72944712366149,1.14325014776339,0.0,0.9838709677419355,0.0,0.1,0.0,0.9999999999999999,0.3,0.08,0.16,0.5018587683477272,0.25185876834772725
180,0.9414039143746848,0.5198991149518181,0.9414039143746848,0.5198991149518181,0.2583334033732473,0.5244875574224465,0.5857142857142857,0.4048134594615813,0.375472681646385,0.09142857142857143,0.5857142857142857,0.4048134594615813,0.375472681646385,0.09142857142857143,0.17142857142857143,0.2,0.0,20.26,0.19428571428571428,0.0,2.849161389177668e-18,0.11931779496959447,11.794285714285714,0.009015026486477026,0.017868484057111056,0.15540901589188622,0.08,0,0.20868981090248662,0.31888262787952626,8.754858181188261,1.1203851448081221,0.0,0.9857142857142858,0.0,0.1,0.0,0.9999999999999999,0.3,0.08,0.17142857142857143,0.5018030052972954,0.2518030052972954
181,0.9409564734117563,0.5201360316247511,0.9409564734117563,0.5201360316247511,0.2583334033732473,0.5246859795359966,0.5914285714285714,0.4048706023187241,0.3755155387892421,0.09142857142857143,0.5914285714285714,0.4048706023187241,0.3755155387892421,0.09142857142857143,0.15428571428571428,0.18,0.0,20.422857142857143,0.19142857142857142,0.0,2.850842821211879e-18,0.11928925159497773,11.794285714285714,0.008744575691882715,0.017337103860104452,0.15524674541512962,0.08,0,0.20873207613368847,0.3172882147401286,8.759761017564495,1.0979774419119597,0.0,0.9841269841269841,0.0,0.1,0.0,0.9999999999999999,0.3,0.08,0.15428571428571428,0.5017489151383765,0.25174891513837655
182,0.9413105095231046,0.5203109171162268,0.9413105095231046,0.5203109171162268,0.2583334033732473,0.5247548862438136,0.5714285714285714,0.4048706023187241,0.3755155387892421,0.09142857142857143,0.5714285714285714,0.4048706023187241,0.3755155387892421,0.09142857142857143,0.18857142857142858,0.21428571428571427,0.0,20.62,0.19714285714285715,0.0,2.8524775666299795e-18,0.11926156452159954,11.794285714285714,0.008482238421126234,0.016821390376573375,0.15508934305267574,0.08,0,0.20860170218159144,0.31570177366642793,8.798851511498922,1.0760178930737205,0.0,1.0,0.0,0.1,0.0,0.9999999999999999,0.3,0.08,0.18857142857142858,0.5016964476842253,0.2516964476842252
183,0.9413196618553772,0.520133856533398,0.9413196618553772,0.520133856533398,0.2583334033732473,0.5245850683914792,0.5628571428571428,0.4050991737472956,0.3756869673606707,0.09142857142857143,0.5628571428571428,0.4050991737472956,0.3756869673606707,0.09142857142857143,0.18,0.21428571428571427,0.0,20.777142857142856,0.19714285714285715,0.0,2.8540668105180777e-18,0.11923470806042266,11.794285714285714,0.008227771268492447,0.016320889703752672,0.15493666276109547,0.08,0,0.20924412224211206,0.31412326479809577,8.837160195554654,1.095745147356177,0.0,0.9733333333333334,0.0,0.1,0.0,0.9999999999999999,0.3,0.08,0.18,0.5016455542536985,0.2516455542536985
184,0.9416572703690124,0.5205565272363347,0.9416572703690124,0.5205565272363347,0.2583334033732473,0.5245924693614061,0.6028571428571429,0.4050991737472956,0.3756869673606707,0.09142857142857143,0.6028571428571429,0.4050991737472956,0.3756869673606707,0.09142857142857143,0.15142857142857144,0.17714285714285713,0.0,20.954285714285714,0.19714285714285715,0.0,2.8556117145867964e-18,0.11920865729308108,11.794285714285714,0.007980938130437673,0.015835160616315624,0.1547885628782626,0.08,0,0.20888347305947297,0.3125526484741053,8.83755984878642,1.0738302444090535,0.0,1.0,0.0,0.1,0.0,0.9999999999999999,0.3,0.08,0.15142857142857144,0.5015961876260875,0.25159618762608754
185,0.9416825638358237,0.5211070476251132,0.9416825638358237,0.5211070476251132,0.2583334033732473,0.5244677584786772,0.5828571428571429,0.40521345946158127,0.37577268164638494,0.09142857142857143,0.5828571428571429,0.40521345946158127,0.37577268164638494,0.09142857142857143,0.16285714285714287,0.18285714285714286,0.0,21.111428571428572,0.19714285714285715,0.0,2.85711341720097e-18,0.11918338804875979,11.794285714285714,0.007741509986524542,0.01536377424056179,0.15464490599191472,0.08,0,0.20903848426560415,0.31098988523173476,8.843665794667833,1.0523536395208724,0.0,0.984375,0.0,0.1,0.0,0.9999999999999999,0.3,0.08,0.16285714285714287,0.5015483019973049,0.25154830199730494
186,0.9421145888952086,0.5214071871844695,0.9421145888952086,0.5214071871844695,0.2583334033732473,0.5244638708499487,0.5771428571428572,0.40527060231872414,0.3758155387892422,0.09142857142857143,0.5771428571428572,0.40527060231872414,0.3758155387892422,0.09142857142857143,0.17142857142857143,0.19428571428571428,0.0,21.291428571428572,0.19714285714285715,0.0,2.8585730334440093e-18,0.1191588768817681,11.794285714285714,0.007509264686928806,0.014906313735245869,0.15450555881215727,0.08,0,0.209278149701419,0.3094349358055761,8.861078193060191,1.0313065667304548,0.0,0.9852941176470589,0.0,0.1,0.0,0.9999999999999999,0.3,0.08,0.17142857142857143,0.5015018529373858,0.25150185293738575
187,0.9423982319020989,0.521779842584413,0.9423982319020989,0.521779842584413,0.2583334033732473,0.5244285874712238,0.5714285714285714,0.4053848880330099,0.3759012530749564,0.09142857142857143,0.5714285714285714,0.4053848880330099,0.3759012530749564,0.09142857142857143,0.15142857142857144,0.17142857142857143,0.0,21.462857142857143,0.20285714285714285,0.0,2.859991655214172e-18,0.11913510104978615,11.794285714285714,0.007283986746320942,0.014462373979026721,0.15437039204779257,0.08,0,0.20977433038148333,0.3078877611265482,8.85528520062756,1.0106804353958458,0.0,0.9666666666666667,0.0,0.1,0.0,0.9999999999999999,0.3,0.08,0.15142857142857144,0.5014567973492642,0.2514567973492642
188,0.9435122437925055,0.5223615927779511,0.9435122437925055,0.5223615927779511,0.2583334033732473,0.5245087786369482,0.6,0.4053848880330099,0.3759012530749564,0.09142857142857143,0.6,0.4053848880330099,0.3759012530749564,0.09142857142857143,0.14,0.15428571428571428,0.0,21.60857142857143,0.2,0.0,2.8613703513501042e-18,0.11911203849276372,11.794285714285714,0.007065467143931314,0.014031561264504666,0.15423928028635878,0.08,0,0.20952389015457593,0.3063483223209154,8.832465210900722,0.9904668266879288,0.0,1.0,0.0,0.1,0.0,0.9999999999999999,0.3,0.08,0.14,0.5014130934287863,0.25141309342878626
189,0.9426745475332133,0.5227854761075749,0.9426745475332133,0.5227854761075749,0.2583334033732473,0.5246760333882752,0.5885714285714285,0.40544203089015274,0.37594411021781365,0.09142857142857143,0.5885714285714285,0.40544203089015274,0.37594411021781365,0.09142857142857143,0.15714285714285714,0.18857142857142858,0.0,21.762857142857143,0.2,0.0,2.862710167783129e-18,0.11908966781245192,11.794285714285714,0.006853503129613374,0.013613492998807541,0.15411210187776803,0.08,0,0.2097609849895173,0.30760466763964306,8.844387335254135,0.9799050007359703,0.0,0.9848484848484849,0.0,0.1,0.0,0.9999999999999999,0.3,0.08,0.15714285714285714,0.5013707006259227,0.25137070062592265
190,0.9444320264548213,0.5236544795517396,0.9444320264548213,0.5236544795517396,0.2583334033732473,0.5249822358631958,0.5428571428571428,0.4055563166044384,0.37602982450352784,0.09142857142857143,0.5428571428571428,0.4055563166044384,0.37602982450352784,0.09142857142857143,0.18571428571428572,0.21142857142857144,0.0,21.931428571428572,0.2,0.0,2.8640121277139923e-18,0.11906796825254949,11.794285714285714,0.006647898035724973,0.013207797410680344,0.153988738821435,0.08,0,0.2100540379217126,0.3079876595035932,8.878928159977624,0.9800558143260253,0.0,0.9864864864864865,0.0,0.1,0.0,0.9999999999999999,0.3,0.08,0.18571428571428572,0.501329579607145,0.25132957960714497
191,0.942213956713352,0.524642314842664,0.942213956713352,0.524642314842664,0.2583334033732473,0.525332339614911,0.6057142857142858,0.4056706023187241,0.37611553878924214,0.09142857142857143,0.6057142857142858,0.4056706023187241,0.37611553878924214,0.09142857142857143,0.17714285714285713,0.20857142857142857,0.0,22.097142857142856,0.20285714285714285,0.0,2.865277231811832e-18,0.11904691967944411,11.794285714285714,0.006448461094653224,0.012814113264022264,0.15386907665679192,0.08,0,0.21063205344638974,0.3064477212060752,8.9099210253495,1.0270531867842059,0.0,0.9726027397260274,0.0,0.1,0.0,0.9999999999999999,0.3,0.08,0.17714285714285713,0.5012896922189306,0.25128969221893066
192,0.9424598046747894,0.5248976975988765,0.9424598046747894,0.5248976975988765,0.2583334033732473,0.5257255837586596,0.5514285714285714,0.4058420308901527,0.3762441102178135,0.09142857142857143,0.5514285714285714,0.4058420308901527,0.3762441102178135,0.09142857142857143,0.1657142857142857,0.19428571428571428,0.0,22.251428571428573,0.19714285714285715,0.0,2.8665064584333077e-18,0.1190265025635319,11.794285714285714,0.006255007261813627,0.012432089577813055,0.15375300435708816,0.08,0,0.21120703603630067,0.30491548260004486,8.926008319128224,1.0245121230485212,0.0,0.9705882352941176,0.0,0.1,0.0,0.9999999999999999,0.3,0.08,0.1657142857142857,0.5012510014523627,0.25125100145236273
193,0.9413529123660384,0.5250007599745814,0.9413529123660384,0.5250007599745814,0.2583334033732473,0.5260917561156229,0.5771428571428572,0.406127745175867,0.3764583959320993,0.09142857142857143,0.5771428571428572,0.406127745175867,0.3764583959320993,0.09142857142857143,0.17714285714285713,0.2057142857142857,0.0,22.431428571428572,0.2,0.0,2.8677007638599492e-18,0.11900669796109709,11.794285714285714,0.006067357043959218,0.01206138535236212,0.15364041422637553,0.08,0,0.21229328657040486,0.30339090518704465,8.953202438459945,1.2826958706487517,0.0,0.9583333333333334,0.0,0.1,0.0,0.9999999999999999,0.3,0.08,0.17714285714285713,0.5012134714087918,0.25121347140879186
194,0.9409258923944104,0.5250014619363921,0.9409258923944104,0.5250014619363921,0.2583334033732473,0.526360313843969,0.5714285714285714,0.40624203089015265,0.3765441102178135,0.09142857142857143,0.5714285714285714,0.40624203089015265,0.3765441102178135,0.09142857142857143,0.15428571428571428,0.17142857142857143,0.0,22.611428571428572,0.19714285714285715,0.0,2.868861082551903e-18,0.11898748749673524,11.794285714285714,0.005885336332640441,0.011701669301808493,0.15353120179958427,0.08,0,0.21277439156612424,0.3018739506611094,8.945566961119319,1.2570419532357766,0.0,0.9666666666666667,0.0,0.1,0.0,0.9999999999999999,0.3,0.08,0.15428571428571428,0.5011770672665281,0.2511770672665281
195,0.9408858869082464,0.5242165715783685,0.9408858869082464,0.5242165715783685,0.2583334033732473,0.5265043232066516,0.54,0.40624203089015265,0.3765441102178135,0.09142857142857143,0.54,0.40624203089015265,0.3765441102178135,0.09142857142857143,0.1657142857142857,0.18571428571428572,0.0,22.768571428571427,0.2,0.0,2.8699883274163588e-18,0.11896885334630428,11.794285714285714,0.0057087762426612275,0.011352619592798652,0.15342526574559673,0.08,0,0.21253823389400794,0.3003645809078039,8.952369907611217,1.2319011141710612,0.0,1.0,0.0,0.1,0.0,0.9999999999999999,0.3,0.08,0.1657142857142857,0.5011417552485322,0.2511417552485323
196,0.9404224832854552,0.5246430409514624,0.9404224832854552,0.5246430409514624,0.2583334033732473,0.5265106466163968,0.5428571428571428,0.40635631660443844,0.3766298245035278,0.09142857142857143,0.5428571428571428,0.40635631660443844,0.3766298245035278,0.09142857142857143,0.15142857142857144,0.1742857142857143,0.0,22.931428571428572,0.19714285714285715,0.0,2.871083390089066e-18,0.11895077822038626,11.794285714285714,0.005537512955381391,0.011013923589260899,0.15332250777322884,0.08,0,0.21264625701025214,0.29886275800326484,8.947608223744705,1.20726309188764,0.0,0.9836065573770492,0.0,0.1,0.0,0.9999999999999999,0.3,0.08,0.15142857142857144,0.5011075025910763,0.2511075025910763
197,0.940793478893002,0.5236110976216081,0.940793478893002,0.5236110976216081,0.2583334033732473,0.5264235437149694,0.5542857142857143,0.4065848880330098,0.3768012530749564,0.09428571428571429,0.5542857142857143,0.4065848880330098,0.3768012530749564,0.09428571428571429,0.16285714285714287,0.19142857142857142,0.0,23.094285714285714,0.2,0.0,2.872147141227433e-18,0.1189332453482458,11.794285714285714,0.005371387566719949,0.010685277603193044,0.15322283254003197,0.08,0,0.21329659715377233,0.3171077432359344,8.960084630698384,1.3291032829139826,0.0,0.9701492537313433,0.0,0.1,0.0,0.9999999999999999,0.3,0.08,0.16285714285714287,0.501074277513344,0.251074277513344
198,0.940305514706266,0.5248003435677318,0.940305514706266,0.5248003435677318,0.2583334033732473,0.5264401833176641,0.56,0.4066991737472956,0.3768869673606706,0.09428571428571429,0.56,0.4066991737472956,0.3768869673606706,0.09428571428571429,0.13714285714285715,0.15142857142857144,0.0,23.24,0.2,0.0,2.873180430813817e-18,0.11891623846226951,11.794285714285714,0.0052102459397183505,0.010366386651379123,0.153126147563831,0.08,0,0.2134291155965749,0.3508743273480875,8.932311509512987,1.3981942685005777,0.0,0.9811320754716981,0.0,0.1,0.0,0.9999999999999999,0.3,0.08,0.13714285714285715,0.5010420491879437,0.25104204918794365
199,0.9403274368194499,0.5249819074100155,0.9403274368194499,0.5249819074100155,0.2583334033732473,0.5262977023452432,0.5571428571428572,0.406927745175867,0.3770583959320992,0.09428571428571429,0.5571428571428572,0.406927745175867,0.3770583959320992,0.09428571428571429,0.18285714285714286,0.19428571428571428,0.0,23.431428571428572,0.20285714285714285,0.0,2.8741840884676973e-18,0.11889974178287258,11.794285714285714,0.0050539385615268,0.01005696421794422,0.15303236313691607,0.08,0,0.21413254144716343,0.36941108292203445,8.947950993608442,1.3984864167525206,0.0,0.9705882352941176,0.0,0.1,0.0,0.9999999999999999,0.3,0.08,0.18285714285714286,0.5010107877123053,0.25101078771230534
200,0.9412331860397749,0.5249723673339959,0.9412331860397749,0.5249723673339959,0.2583334033732473,0.5260806668693866,0.5657142857142857,0.406927745175867,0.3770583959320992,0.09428571428571429,0.5657142857142857,0.406927745175867,0.3770583959320992,0.09428571428571429,0.16,0.18857142857142858,0.0,23.588571428571427,0.20285714285714285,0.0,2.8751589237655012e-18,0.1188837400038575,11.794285714285714,0.004902320404680996,0.009756732022657477,0.1529413922428086,0.08,0,0.21377602159707051,0.3675640275074243,8.957563402307702,1.3705166884174702,0.0,1.0,0.0,0.1,0.0,0.9999999999999999,0.3,0.08,0.16,0.5009804640809362,0.2509804640809362
201,0.9403019694506705,0.5241203407560756,0.9403019694506705,0.5241203407560756,0.2583334033732473,0.526033798718162,0.5885714285714285,0.406927745175867,0.3770583959320992,0.09428571428571429,0.5885714285714285,0.406927745175867,0.3770583959320992,0.09428571428571429,0.14285714285714285,0.18285714285714286,0.0,23.74,0.20285714285714285,0.0,2.876105726566971e-18,0.11886821827821288,11.794285714285714,0.004755250792540566,0.00946541979488924,0.15285315047552434,0.08,0,0.2135062850605137,0.36572620736988715,8.96126927711869,1.3431063546491209,0.0,1.0,0.0,0.1,0.0,0.9999999999999999,0.3,0.08,0.14285714285714285,0.5009510501585082,0.2509510501585081
202,0.9407446821472643,0.5245206607539045,0.9407446821472643,0.5245206607539045,0.2583334033732473,0.5258343722569775,0.6085714285714285,0.40704203089015273,0.3771441102178135,0.09428571428571429,0.6085714285714285,0.40704203089015273,0.3771441102178135,0.09428571428571429,0.17142857142857143,0.19142857142857142,0.0,23.88,0.20285714285714285,0.0,2.8770252673469918e-18,0.11885316220433766,11.794285714285714,0.004612593268764349,0.00918276505312765,0.1527675559612586,0.08,0,0.21366675363521112,0.3638975763330377,8.973472463004887,1.3977887404815112,0.0,0.9850746268656716,0.0,0.1,0.0,0.9999999999999999,0.3,0.08,0.17142857142857143,0.5009225186537529,0.25092251865375287
203,0.9409932792296162,0.5252979703533578,0.9409932792296162,0.5252979703533578,0.2583334033732473,0.5257547510882089,0.6085714285714285,0.40709917374729554,0.3771869673606707,0.09428571428571429,0.6085714285714285,0.40709917374729554,0.3771869673606707,0.09428571428571429,0.17142857142857143,0.19428571428571428,0.0,24.062857142857144,0.20285714285714285,0.0,2.877918297531916e-18,0.11883855781267863,11.794285714285714,0.004474215470701419,0.008908512889958198,0.15268452928242085,0.08,0,0.21388327772417792,0.3620780884513725,8.988288728030504,1.369832965671881,0.0,0.9852941176470589,0.0,0.1,0.0,0.9999999999999999,0.3,0.08,0.17142857142857143,0.5008948430941402,0.2508948430941403
204,0.9413730493716554,0.5259222750467891,0.9413730493716554,0.5259222750467891,0.2583334033732473,0.52579695970546,0.5971428571428572,0.40721345946158133,0.377272681646385,0.09428571428571429,0.5971428571428572,0.40721345946158133,0.377272681646385,0.09428571428571429,0.14857142857142858,0.17714285714285713,0.0,24.251428571428573,0.2057142857142857,0.0,2.878785549839461e-18,0.11882439155276937,11.794285714285714,0.004339989006580377,0.008642415762409206,0.15260399340394823,0.08,0,0.21404200419269992,0.3602676980091156,8.985665810612751,1.3424363063584435,0.0,0.9838709677419355,0.0,0.1,0.0,0.9999999999999999,0.3,0.08,0.14857142857142858,0.5008679978013161,0.2508679978013161
205,0.9415064238771622,0.5267493503170921,0.9415064238771622,0.5267493503170921,0.2583334033732473,0.5258675705684731,0.6114285714285714,0.40727060231872414,0.37731553878924207,0.09428571428571429,0.6114285714285714,0.40727060231872414,0.37731553878924207,0.09428571428571429,0.14285714285714285,0.16857142857142857,0.0,24.434285714285714,0.2057142857142857,0.0,2.8796277386213463e-18,0.11881065028065742,11.794285714285714,0.004209789336382965,0.008384233287564102,0.1525258736018298,0.08,0,0.21411422274316497,0.35846635951907,8.974523922971924,1.3155875802312744,0.0,0.9830508474576272,0.0,0.1,0.0,0.9999999999999999,0.3,0.08,0.14285714285714285,0.5008419578672766,0.2508419578672766
206,0.9411841799644425,0.5270752768851367,0.9411841799644425,0.5270752768851367,0.2583334033732473,0.5260982472503847,0.5942857142857143,0.40727060231872414,0.37731553878924207,0.09428571428571429,0.5942857142857143,0.40727060231872414,0.37731553878924207,0.09428571428571429,0.15714285714285714,0.18285714285714286,0.0,24.622857142857143,0.20857142857142857,0.0,2.880445560207884e-18,0.1187973212467088,11.794285714285714,0.004083495656291476,0.008133732043342223,0.15245009739377488,0.08,0,0.21387150877230632,0.3566740277214747,8.977890587369629,1.289275828626649,0.0,1.0,0.0,0.1,0.0,0.9999999999999999,0.3,0.08,0.15714285714285714,0.5008166991312583,0.2508166991312583
207,0.9396553730110447,0.52783166658407,0.9396553730110447,0.52783166658407,0.2583334033732473,0.5261675912032658,0.5771428571428572,0.4074991737472956,0.37748696736067067,0.09428571428571429,0.5771428571428572,0.4074991737472956,0.37748696736067067,0.09428571428571429,0.13714285714285715,0.14857142857142858,0.0,24.777142857142856,0.2057142857142857,0.0,2.881239693253795e-18,0.11878439208377864,11.794285714285714,0.003960990786602732,0.007890685374348227,0.15237659447196164,0.08,0,0.2142874369427305,0.3548906575828673,8.946904204193665,1.3199195537582773,0.0,0.9615384615384616,0.0,0.1,0.0,0.9999999999999999,0.3,0.08,0.13714285714285715,0.5007921981573206,0.25079219815732057
208,0.9405288901448585,0.5276053850467624,0.9405288901448585,0.5276053850467624,0.2583334033732473,0.5262821770450531,0.54,0.4076134594615813,0.37757268164638497,0.09428571428571429,0.54,0.4076134594615813,0.37757268164638497,0.09428571428571429,0.17714285714285713,0.20285714285714285,0.0,24.928571428571427,0.21142857142857144,0.0,2.8820107990845887e-18,0.11877185079573642,11.794285714285714,0.00384216106300465,0.007654873202690871,0.1523052966378028,0.08,0,0.21509985975444537,0.3708075252907366,8.970823262966933,1.3912562651577014,0.0,0.971830985915493,0.0,0.1,0.0,0.9999999999999999,0.3,0.08,0.17714285714285713,0.5007684322126009,0.2507684322126009
209,0.9403532462684098,0.5284751626885659,0.9403532462684098,0.5284751626885659,0.2583334033732473,0.526406409126485,0.5342857142857143,0.4076134594615813,0.37757268164638497,0.09428571428571429,0.5342857142857143,0.4076134594615813,0.37757268164638497,0.09428571428571429,0.15714285714285714,0.18571428571428572,0.0,25.10857142857143,0.21142857142857144,0.0,2.8827595220429056e-18,0.1187596857463354,11.794285714285714,0.0037268962311145103,0.007426081843671994,0.1522361377386687,0.08,0,0.214795218312816,0.3689534876642828,8.97712108342188,1.3634311398545473,0.0,1.0,0.0,0.1,0.0,0.9999999999999999,0.3,0.08,0.15714285714285714,0.5007453792462229,0.2507453792462229
210,0.9400740164532437,0.5288188698887287,0.9400740164532437,0.5288188698887287,0.2583334033732473,0.5266096974935892,0.5457142857142857,0.4076706023187241,0.37765839593209927,0.09428571428571429,0.5457142857142857,0.4076706023187241,0.37765839593209927,0.09428571428571429,0.14285714285714285,0.16857142857142857,0.0,25.294285714285714,0.21142857142857144,0.0,2.8834864898342335e-18,0.11874788564841647,11.794285714285714,0.003615089344181075,0.007204103826245034,0.15216905360650865,0.08,0,0.21529224222125196,0.3869801131415801,8.966150090324872,1.4197386453897498,0.0,0.9661016949152542,0.0,0.1,0.0,0.9999999999999999,0.3,0.08,0.14285714285714285,0.5007230178688362,0.2507230178688362
211,0.9407878928253269,0.5287413831740717,0.9407878928253269,0.5287413831740717,0.2583334033732473,0.5268020765282126,0.54,0.40784203089015264,0.37778696736067074,0.09428571428571429,0.54,0.40784203089015264,0.37778696736067074,0.09428571428571429,0.15714285714285714,0.2,0.0,25.44857142857143,0.21428571428571427,0.0,2.884192313871491e-18,0.1187364395534351,11.794285714285714,0.0035066366638556424,0.006988737718145566,0.15210398199831338,0.08,0,0.21595763886728855,0.3850452125758722,8.986827088518375,1.4910075984291822,0.0,0.9714285714285714,0.0,0.1,0.0,0.9999999999999999,0.3,0.08,0.15714285714285714,0.5007013273327712,0.2507013273327711
212,0.9408146085154866,0.529292480639514,0.9408146085154866,0.529292480639514,0.2583334033732473,0.5269136520676727,0.5457142857142857,0.4082420308901527,0.3780869673606707,0.09428571428571429,0.5457142857142857,0.4082420308901527,0.3780869673606707,0.09428571428571429,0.1657142857142857,0.19142857142857142,0.0,25.605714285714285,0.22,0.0,2.8848775896180156e-18,0.11872533684130318,11.794285714285714,0.003401437563939973,0.006779787955592975,0.152040862538364,0.08,0,0.2173342799586664,0.4065437386676947,8.998519118176578,1.5837788925150968,0.0,0.9402985074626866,0.0,0.1,0.0,0.9999999999999999,0.3,0.08,0.1657142857142857,0.500680287512788,0.250680287512788
213,0.9410596662343513,0.5292621966536699,0.9410596662343513,0.5292621966536699,0.2583334033732473,0.526927137456116,0.5257142857142857,0.4082420308901527,0.3780869673606707,0.09428571428571429,0.5257142857142857,0.4082420308901527,0.3780869673606707,0.09428571428571429,0.15714285714285714,0.18857142857142858,0.0,25.76,0.22,0.0,2.8855428969285007e-18,0.11871456721053518,11.794285714285714,0.0032993944370217736,0.006577064677468769,0.15197963666221306,0.08,0,0.2170754657017302,0.40451101997435623,9.007120164384474,1.552103314664795,0.0,1.0,0.0,0.1,0.0,0.9999999999999999,0.3,0.08,0.15714285714285714,0.5006598788874044,0.2506598788874044
214,0.9403285850286318,0.5292543196228615,0.9403285850286318,0.5292543196228615,0.2583334033732473,0.526793019599029,0.5571428571428572,0.4082420308901527,0.3781298245035279,0.09428571428571429,0.5571428571428572,0.4082420308901527,0.3781298245035279,0.09428571428571429,0.14857142857142858,0.17714285714285713,0.0,25.934285714285714,0.22,0.0,2.8861888003875087e-18,0.11870412066869022,11.794285714285714,0.0032004126039111205,0.006380383563869163,0.15192024756234668,0.08,0,0.21724637480179296,0.4024884648744845,9.004120618239641,1.521061248371499,0.0,0.9838709677419355,0.0,0.1,0.0,0.9999999999999999,0.3,0.08,0.14857142857142858,0.5006400825207822,0.25064008252078224
215,0.9397838388767474,0.528943500212643,0.9397838388767474,0.528943500212643,0.2583334033732473,0.526778546508291,0.5514285714285714,0.4082991737472956,0.37817268164638496,0.09428571428571429,0.5514285714285714,0.4082991737472956,0.37817268164638496,0.09428571428571429,0.1657142857142857,0.18571428571428572,0.0,26.122857142857143,0.21714285714285714,0.0,2.886815849645179e-18,0.11869398752310062,11.794285714285714,0.0031044002257937867,0.006189565678940356,0.15186264013547626,0.08,0,0.21735957149921262,0.40047602255011205,9.009752491589136,1.490640023404069,0.0,0.9846153846153847,0.0,0.1,0.0,0.9999999999999999,0.3,0.08,0.1657142857142857,0.5006208800451588,0.25062088004515876
216,0.9388277792100446,0.5295872048014436,0.9388277792100446,0.5295872048014436,0.2583334033732473,0.5267486693097514,0.5371428571428571,0.4082991737472956,0.37817268164638496,0.09428571428571429,0.5371428571428571,0.4082991737472956,0.37817268164638496,0.09428571428571429,0.15428571428571428,0.19428571428571428,0.0,26.265714285714285,0.22,0.0,2.8874245797498305e-18,0.11868415837187875,11.794285714285714,0.003011268219019973,0.006004437317897682,0.151806760931412,0.08,0,0.21712920221314508,0.3984736424373615,9.023843156043064,1.4608272229359875,0.0,1.0,0.0,0.1,0.0,0.9999999999999999,0.3,0.08,0.15428571428571428,0.500602253643804,0.250602253643804
217,0.9394804222099885,0.5300668754622647,0.9394804222099885,0.5300668754622647,0.2583334033732473,0.5267619196112244,0.5971428571428572,0.4082991737472956,0.37817268164638496,0.09428571428571429,0.5971428571428572,0.4082991737472956,0.37817268164638496,0.09428571428571429,0.15428571428571428,0.19142857142857142,0.0,26.405714285714286,0.22,0.0,2.888015511477147e-18,0.1186746240951935,11.794285714285714,0.0029209301724493738,0.005824829858134151,0.15175255810346963,0.08,0,0.2168431276306508,0.39648127422517465,9.034794864350776,1.431610678477268,0.0,1.0,0.0,0.1,0.0,0.9999999999999999,0.3,0.08,0.15428571428571428,0.5005841860344898,0.2505841860344899
218,0.9385788864948995,0.5302944488906955,0.9385788864948995,0.5302944488906955,0.2583334033732473,0.5269850798060276,0.5828571428571429,0.4084706023187242,0.37830125307495643,0.09428571428571429,0.5828571428571429,0.4084706023187242,0.37830125307495643,0.09428571428571429,0.16285714285714287,0.20285714285714285,0.0,26.56,0.22,0.0,2.8885891516556865e-18,0.11866537584680877,11.794285714285714,0.0028333022672758926,0.0056505796143262454,0.15169998136036553,0.08,0,0.2174157691353547,0.4086690834623639,9.056956109920906,1.4057883529814765,0.0,0.971830985915493,0.0,0.1,0.0,0.9999999999999999,0.3,0.08,0.16285714285714287,0.5005666604534552,0.25056666045345516
219,0.937359351753224,0.5306841736172117,0.937359351753224,0.5306841736172117,0.2583334033732473,0.5271426870390502,0.5428571428571428,0.40858488803300985,0.3783869673606707,0.09428571428571429,0.5428571428571428,0.40858488803300985,0.3783869673606707,0.09428571428571429,0.14857142857142858,0.18285714285714286,0.0,26.754285714285714,0.22,0.0,2.889145993488481e-18,0.11865640504587562,11.794285714285714,0.0027483031992576157,0.005481527697443478,0.15164898191955456,0.08,0,0.21758526243253504,0.4066257380450521,9.058674130579629,1.3776725859218468,0.0,0.984375,0.0,0.1,0.0,0.9999999999999999,0.3,0.08,0.14857142857142858,0.5005496606398515,0.2505496606398515
220,0.937252549232345,0.5308768625747853,0.937252549232345,0.5308768625747853,0.2583334033732473,0.5274013109450396,0.5742857142857143,0.40858488803300985,0.3783869673606707,0.09428571428571429,0.5742857142857143,0.40858488803300985,0.3783869673606707,0.09428571428571429,0.13142857142857142,0.15714285714285714,0.0,26.86857142857143,0.22,0.0,2.889686516870519e-18,0.1186477033689705,11.794285714285714,0.0026658541032798873,0.005317519877569565,0.15159951246196793,0.08,0,0.21718276469180092,0.4045926093548268,9.034643505110893,1.3501191342034098,0.0,1.0,0.0,0.1,0.0,0.9999999999999999,0.3,0.08,0.13142857142857142,0.500533170820656,0.25053317082065596
221,0.938023697526798,0.5306435506253968,0.938023697526798,0.5306435506253968,0.2583334033732473,0.5277287805630828,0.5514285714285714,0.40858488803300985,0.3783869673606707,0.09428571428571429,0.5514285714285714,0.40858488803300985,0.3783869673606707,0.09428571428571429,0.14,0.16,0.0,27.03142857142857,0.22,0.0,2.456916444833948e-18,0.12920170253896263,11.794285714285714,0.1026658541032799,0.1856228639758878,0.21159951246196793,0.08,0,0.21681056515405625,0.4025696463080527,9.013950635008674,1.3231167515193416,0.0,1.0,0.0,0.1,0.0,0.9999999999999999,0.3,0.08,0.14,0.520533170820656,0.270533170820656
222,0.9379344435543101,0.5300137247691773,0.9379344435543101,0.5300137247691773,0.2583334033732473,0.5282530884101515,0.5685714285714286,0.4088134594615813,0.3785583959320992,0.09428571428571429,0.5685714285714286,0.4088134594615813,0.3785583959320992,0.09428571428571429,0.17714285714285713,0.21142857142857144,0.0,27.222857142857144,0.22285714285714286,0.0,2.4650490140972286e-18,0.12887664193726486,11.794285714285714,0.0995858784801815,0.18059085797776442,0.2097515270881089,0.08,0,0.2179822280425717,0.40055679807651245,9.045100193737072,1.299923708056753,0.0,0.9594594594594594,0.0,0.1,0.0,0.9999999999999999,0.3,0.08,0.17714285714285713,0.5199171756960363,0.2699171756960363
223,0.9377624009027589,0.5299091756888494,0.9377624009027589,0.5299091756888494,0.2583334033732473,0.5289487610735342,0.5714285714285714,0.4089848880330098,0.3786869673606707,0.09428571428571429,0.5714285714285714,0.4089848880330098,0.3786869673606707,0.09428571428571429,0.15714285714285714,0.18571428571428572,0.0,27.402857142857144,0.22285714285714286,0.0,2.4731780841173404e-18,0.12856133315361798,11.794285714285714,0.09659830212577605,0.1756801065889334,0.20795898127546564,0.08,0,0.21852031761664453,0.4006893336680077,9.049912475576615,1.2914111123763057,0.0,0.9692307692307692,0.0,0.1,0.0,0.9999999999999999,0.3,0.08,0.15714285714285714,0.5193196604251552,0.2693196604251552
224,0.9372981982867213,0.529713354535036,0.9372981982867213,0.529713354535036,0.2583334033732473,0.5294978182159465,0.5514285714285714,0.40904203089015273,0.3787298245035278,0.09428571428571429,0.5514285714285714,0.40904203089015273,0.3787298245035278,0.09428571428571429,0.1457142857142857,0.18,0.0,27.56,0.22285714285714286,0.0,2.4812953733539626e-18,0.1282554836334806,11.794285714285714,0.09370035306200276,0.17088856021819543,0.20622021183720166,0.08,0,0.21857014459998986,0.404824637599715,9.048914226065085,1.2655828901287796,0.0,0.9841269841269841,0.0,0.1,0.0,0.9999999999999999,0.3,0.08,0.1457142857142857,0.5187400706124006,0.2687400706124006
225,0.9369069048519651,0.5301250058903111,0.9369069048519651,0.5301250058903111,0.2583334033732473,0.5299715184170041,0.5542857142857143,0.4092134594615813,0.3788583959320993,0.09428571428571429,0.5542857142857143,0.4092134594615813,0.3788583959320993,0.09428571428571429,0.1657142857142857,0.18,0.0,27.68,0.22285714285714286,0.0,2.489392939100552e-18,0.12795880959894726,11.794285714285714,0.09088934247014267,0.16621415063728118,0.2045336054820856,0.08,0,0.21919043744841848,0.40280051441171644,9.04793594154378,1.240271232326204,0.0,0.9682539682539683,0.0,0.1,0.0,0.9999999999999999,0.3,0.08,0.1657142857142857,0.5181778684940286,0.2681778684940285
226,0.9363979262748764,0.529741313435956,0.9363979262748764,0.529741313435956,0.2583334033732473,0.5305344829820474,0.5542857142857143,0.4092134594615813,0.3788583959320993,0.09428571428571429,0.5542857142857143,0.4092134594615813,0.3788583959320993,0.09428571428571429,0.12857142857142856,0.15714285714285714,0.0,27.814285714285713,0.2257142857142857,0.0,2.4974631863408627e-18,0.12767103578545,11.794285714285714,0.0881626621960384,0.16165479517538206,0.20289759731762302,0.08,0,0.21875119954689068,0.4007865118396578,9.024120079855763,1.2154658076796798,0.0,1.0,0.0,0.1,0.0,0.9999999999999999,0.3,0.08,0.12857142857142856,0.5176325324392077,0.2676325324392077
227,0.9362114379129344,0.5291772727485257,0.9362114379129344,0.5291772727485257,0.2583334033732473,0.5310859510935289,0.5314285714285715,0.40932774517586706,0.3789441102178135,0.09428571428571429,0.5314285714285715,0.40932774517586706,0.3789441102178135,0.09428571428571429,0.12571428571428572,0.15142857142857144,0.0,27.951428571428572,0.2257142857142857,0.0,2.505498874214573e-18,0.12739189518635755,11.794285714285714,0.08551778233015725,0.1572084006583333,0.20131066939809433,0.08,0,0.21885630140629908,0.3987825792804595,8.99506624968722,1.2332501245508112,0.0,0.9811320754716981,0.0,0.1,0.0,0.9999999999999999,0.3,0.08,0.12571428571428572,0.5171035564660315,0.26710355646603146
228,0.9380882565307369,0.5294351625696784,0.9380882565307369,0.5294351625696784,0.2583334033732473,0.5315616459492195,0.5914285714285714,0.40932774517586706,0.3789441102178135,0.09428571428571429,0.5914285714285714,0.40932774517586706,0.3789441102178135,0.09428571428571429,0.17142857142857143,0.20285714285714285,0.0,28.082857142857144,0.2257142857142857,0.0,2.5134931202694367e-18,0.12712112880523793,11.794285714285714,0.08295224886025253,0.15287286710145354,0.1997713493161515,0.08,0,0.21884559489569616,0.39678866638405724,9.018022067550618,1.208585122059795,0.0,1.0,0.0,0.1,0.0,0.9999999999999999,0.3,0.08,0.17142857142857143,0.5165904497720505,0.2665904497720505
229,0.9379313855491679,0.530055813295015,0.9379313855491679,0.530055813295015,0.2583334033732473,0.5319547884420412,0.5485714285714286,0.4093848880330099,0.37898696736067067,0.09428571428571429,0.5485714285714286,0.4093848880330099,0.37898696736067067,0.09428571428571429,0.15428571428571428,0.18,0.0,28.202857142857145,0.22285714285714286,0.0,2.5214394026765406e-18,0.1268584854155519,11.794285714285714,0.08046368139444494,0.1486460911651306,0.19827820883666697,0.08,0,0.21886550977836053,0.39480472305213693,9.017661626199603,1.1844134196185991,0.0,0.9841269841269841,0.0,0.1,0.0,0.9999999999999999,0.3,0.08,0.15428571428571428,0.516092736278889,0.26609273627888896
230,0.9375770642845584,0.5302344611063023,0.9375770642845584,0.5302344611063023,0.2583334033732473,0.5323650190076422,0.5342857142857143,0.4093848880330099,0.37898696736067067,0.09428571428571429,0.5342857142857143,0.4093848880330099,0.37898696736067067,0.09428571428571429,0.14285714285714285,0.1742857142857143,0.0,28.325714285714287,0.22285714285714286,0.0,2.529331560582619e-18,0.1266037213275565,11.794285714285714,0.07804977095261159,0.14452596938226991,0.19682986257156695,0.08,0,0.2185990393723259,0.39283069943687626,9.011594107961326,1.160725151226227,0.0,1.0,0.0,0.1,0.0,0.9999999999999999,0.3,0.08,0.14285714285714285,0.5156099541905224,0.2656099541905223
231,0.9374692000125471,0.5303348561339366,0.9374692000125471,0.5303348561339366,0.2583334033732473,0.532749917615761,0.5857142857142857,0.4093848880330099,0.37898696736067067,0.09428571428571429,0.5857142857142857,0.4093848880330099,0.37898696736067067,0.09428571428571429,0.15142857142857144,0.18,0.0,28.445714285714285,0.2257142857142857,0.0,2.5371637927694108e-18,0.12635660016220093,11.794285714285714,0.07570827782403323,0.1405104011667173,0.19542496669441994,0.08,0,0.21833404417546426,0.3908665459396919,9.0113622258021,1.1375106482017023,0.0,1.0,0.0,0.1,0.0,0.9999999999999999,0.3,0.08,0.15142857142857144,0.5151416555648066,0.2651416555648066
232,0.9367490786057691,0.5309085824990087,0.9367490786057691,0.5309085824990087,0.2583334033732473,0.5331652291910954,0.6057142857142858,0.4094420308901527,0.37907268164638497,0.09428571428571429,0.6057142857142858,0.4094420308901527,0.37907268164638497,0.09428571428571429,0.13714285714285715,0.15142857142857144,0.0,28.605714285714285,0.22285714285714286,0.0,2.5449306547848114e-18,0.126116892631806,11.794285714285714,0.07343702948931223,0.1365972916117163,0.19406221769358734,0.08,0,0.2187278025260155,0.3889122132099934,8.98256355271463,1.1147604352376683,0.0,0.9622641509433962,0.0,0.1,0.0,0.9999999999999999,0.3,0.08,0.13714285714285715,0.5146874058978624,0.26468740589786244
233,0.9397002735210293,0.5314378555979344,0.9397002735210293,0.5314378555979344,0.2583334033732473,0.5336128796202807,0.5971428571428572,0.4094420308901527,0.37907268164638497,0.09428571428571429,0.5971428571428572,0.4094420308901527,0.37907268164638497,0.09428571428571429,0.13714285714285715,0.1742857142857143,0.0,28.757142857142856,0.22,0.0,2.552627054704456e-18,0.1258843763273229,11.794285714285714,0.07123391860463286,0.13278455408737522,0.1927403511627797,0.08,0,0.21851873565624255,0.38696765214394346,8.977197995946051,1.092465226532915,0.0,1.0,0.0,0.1,0.0,0.9999999999999999,0.3,0.08,0.13714285714285715,0.5142467837209266,0.2642467837209266
234,0.9396172719863433,0.5320562882262482,0.9396172719863433,0.5320562882262482,0.2583334033732473,0.5340565334140723,0.5714285714285714,0.4094420308901527,0.37907268164638497,0.09428571428571429,0.5714285714285714,0.4094420308901527,0.37907268164638497,0.09428571428571429,0.13714285714285715,0.16285714285714287,0.0,28.882857142857144,0.21428571428571427,0.0,2.560248247675471e-18,0.12565883551197435,11.794285714285714,0.06909690104649388,0.12907011264601032,0.19145814062789632,0.08,0,0.2181394291208185,0.38503281388322375,8.960511178884273,1.0706159220022566,0.0,1.0,0.0,0.1,0.0,0.9999999999999999,0.3,0.08,0.13714285714285715,0.5138193802092987,0.2638193802092988
235,0.9396511015529845,0.5315706286053683,0.9396511015529845,0.5315706286053683,0.2583334033732473,0.534540938712771,0.56,0.4094420308901527,0.37907268164638497,0.09428571428571429,0.56,0.4094420308901527,0.37907268164638497,0.09428571428571429,0.1742857142857143,0.20285714285714285,0.0,29.02,0.21142857142857144,0.0,2.5677898293867082e-18,0.1254400609210862,11.794285714285714,0.06702399401509906,0.12545190424408792,0.19021439640905943,0.08,0,0.21801887554664298,0.3831076498138076,8.98415809816373,1.0492036035622114,0.0,1.0,0.0,0.1,0.0,0.9999999999999999,0.3,0.08,0.1742857142857143,0.5134047988030198,0.2634047988030198
236,0.9384346405009492,0.5306547429891539,0.9384346405009492,0.5306547429891539,0.2583334033732473,0.5349325079125312,0.5714285714285714,0.40949917374729555,0.3791155387892421,0.09428571428571429,0.5714285714285714,0.40949917374729555,0.3791155387892421,0.09428571428571429,0.17714285714285713,0.20857142857142857,0.0,29.162857142857142,0.21428571428571427,0.0,2.5752477286019016e-18,0.1252278495679247,11.794285714285714,0.06501327419464609,0.12192788078932892,0.18900796451678764,0.08,0,0.21818535331176692,0.3811921115647386,9.013046364771885,1.1077968495043788,0.0,0.9863013698630136,0.0,0.1,0.0,0.9999999999999999,0.3,0.08,0.17714285714285713,0.5130026548389293,0.2630026548389292
237,0.9382090093135136,0.5305516479806015,0.9382090093135136,0.5305516479806015,0.2583334033732473,0.535332823415041,0.5628571428571428,0.40961345946158134,0.3792012530749564,0.09428571428571429,0.5628571428571428,0.40961345946158134,0.3792012530749564,0.09428571428571429,0.15428571428571428,0.18285714285714286,0.0,29.297142857142855,0.21428571428571427,0.0,2.5826181988841476e-18,0.1250220045553581,11.794285714285714,0.0630628759688067,0.11849601102135776,0.18783772558128403,0.08,0,0.21869414083092234,0.3792861510069149,9.01564258033359,1.104948992093598,0.0,0.96875,0.0,0.1,0.0,0.9999999999999999,0.3,0.08,0.15428571428571428,0.5126125751937614,0.26261257519376136
238,0.9382360769718139,0.5303424016267242,0.9382360769718139,0.5303424016267242,0.2583334033732473,0.5356950296176402,0.5771428571428572,0.40961345946158134,0.3792012530749564,0.09428571428571429,0.5771428571428572,0.40961345946158134,0.3792012530749564,0.09428571428571429,0.14285714285714285,0.18571428571428572,0.0,29.405714285714286,0.21428571428571427,0.0,2.589897809631858e-18,0.1248223348931685,11.794285714285714,0.0611709896897425,0.11515428223408042,0.1867025938138455,0.08,0,0.21840009869819632,0.37738972025188033,9.021044014441202,1.082850012251726,0.0,1.0,0.0,0.1,0.0,0.9999999999999999,0.3,0.08,0.14285714285714285,0.5122341979379486,0.2622341979379485
239,0.9387414090045175,0.5293854198684999,0.9387414090045175,0.5293854198684999,0.2583334033732473,0.535947419059214,0.5857142857142857,0.40961345946158134,0.3792012530749564,0.09428571428571429,0.5857142857142857,0.40961345946158134,0.3792012530749564,0.09428571428571429,0.18857142857142858,0.20857142857142857,0.0,29.557142857142857,0.21428571428571427,0.0,2.597083436538084e-18,0.12462865532084456,11.794285714285714,0.05933585999905022,0.11190070184776524,0.18560151599943012,0.08,0,0.21816466963327677,0.37550277165062096,9.049194562723807,1.0611930120066915,0.0,1.0,0.0,0.1,0.0,0.9999999999999999,0.3,0.08,0.18857142857142858,0.51186717199981,0.26186717199981
240,0.9392657691032031,0.529286905065121,0.9392657691032031,0.529286905065121,0.2583334033732473,0.5360765959772111,0.5742857142857143,0.409727745175867,0.37928696736067063,0.09428571428571429,0.5742857142857143,0.409727745175867,0.37928696736067063,0.09428571428571429,0.16,0.18857142857142858,0.0,29.67142857142857,0.21428571428571427,0.0,2.604172251576981e-18,0.12444078613569035,11.794285714285714,0.05755578419907871,0.10873329883857896,0.1845334705194472,0.08,0,0.2182449891422532,0.3741572875904331,9.05678210004076,1.1053350727122155,0.0,0.9848484848484849,0.0,0.1,0.0,0.9999999999999999,0.3,0.08,0.16,0.5115111568398157,0.26151115683981574
241,0.9394921046116451,0.5289712416920976,0.9394921046116451,0.5289712416920976,0.2583334033732473,0.5363184889723649,0.5828571428571429,0.4098420308901527,0.37937268164638493,0.09428571428571429,0.5828571428571429,0.4098420308901527,0.37937268164638493,0.09428571428571429,0.13142857142857142,0.1742857142857143,0.0,29.782857142857143,0.21428571428571427,0.0,2.6111617126130928e-18,0.12425855302609068,11.794285714285714,0.05582911067310635,0.1056501250330999,0.1834974664038638,0.08,0,0.21835319276797052,0.3722865011524809,9.049932172325658,1.0832283712579711,0.0,0.9836065573770492,0.0,0.1,0.0,0.9999999999999999,0.3,0.08,0.13142857142857142,0.5111658221346213,0.26116582213462125
242,0.941133948035731,0.5287911998177958,0.941133948035731,0.5287911998177958,0.2583334033732473,0.5365282564626276,0.5514285714285714,0.4099563166044384,0.37945839593209924,0.09428571428571429,0.5514285714285714,0.4099563166044384,0.37945839593209924,0.09428571428571429,0.16285714285714287,0.19428571428571428,0.0,29.911428571428573,0.20857142857142857,0.0,2.61804955272133e-18,0.12408178690977914,11.794285714285714,0.05415423735291316,0.1026492562750918,0.1824925424117479,0.08,0,0.21897499823270214,0.3704250686467185,9.063219243164859,1.0615638038328117,0.0,0.9705882352941176,0.0,0.1,0.0,0.9999999999999999,0.3,0.08,0.16285714285714287,0.5108308474705826,0.2608308474705826
243,0.9400865643047693,0.5293249608485538,0.9400865643047693,0.5293249608485538,0.2583334033732473,0.5367084875460425,0.5428571428571428,0.4099563166044384,0.37945839593209924,0.09428571428571429,0.5428571428571428,0.4099563166044384,0.37945839593209924,0.09428571428571429,0.15142857142857144,0.16285714285714287,0.0,30.062857142857144,0.2057142857142857,0.0,2.6248337692979438e-18,0.12391032377695686,11.794285714285714,0.05252961023232576,0.0997287934715827,0.18151776613939546,0.08,0,0.21859398038439573,0.36857294330348495,9.044812001158704,1.0403325277561555,0.0,1.0,0.0,0.1,0.0,0.9999999999999999,0.3,0.08,0.15142857142857144,0.5105059220464652,0.26050592204646517
244,0.9384553384107402,0.5290380950785154,0.9384553384107402,0.5290380950785154,0.2583334033732473,0.536993955114296,0.5514285714285714,0.41007060231872416,0.37954411021781354,0.09428571428571429,0.5514285714285714,0.41007060231872416,0.37954411021781354,0.09428571428571429,0.16,0.18857142857142858,0.0,30.185714285714287,0.20285714285714285,0.0,2.6315126130354857e-18,0.12374400453811928,11.794285714285714,0.05095372192535599,0.09688686352504317,0.1805722331552136,0.08,0,0.21875729619675946,0.3699478541191335,9.052487189706959,1.3570510207457247,0.0,0.9848484848484849,0.0,0.1,0.0,0.9999999999999999,0.3,0.08,0.16,0.5101907443850712,0.26019074438507117
245,0.9383188969899227,0.5289893182881423,0.9383188969899227,0.5289893182881423,0.2583334033732473,0.5372541694975544,0.5714285714285714,0.410127745175867,0.3795869673606707,0.09428571428571429,0.5714285714285714,0.410127745175867,0.3795869673606707,0.09428571428571429,0.14285714285714285,0.17142857142857143,0.0,30.297142857142855,0.2,0.0,2.6380845768277746e-18,0.12358267487644684,11.794285714285714,0.04942511026759531,0.09412162015821623,0.17965506616055718,0.08,0,0.2188343668586328,0.37102759481178593,9.04286601734139,1.3578207062006187,0.0,0.9833333333333333,0.0,0.1,0.0,0.9999999999999999,0.3,0.08,0.14285714285714285,0.509885022053519,0.25988502205351904
246,0.9377741905136593,0.5290900284239686,0.9377741905136593,0.5290900284239686,0.2583334033732473,0.5373713550481092,0.5657142857142857,0.410127745175867,0.3795869673606707,0.09428571428571429,0.5657142857142857,0.410127745175867,0.3795869673606707,0.09428571428571429,0.1657142857142857,0.18857142857142858,0.0,30.451428571428572,0.19714285714285715,0.0,2.6445483846642943e-18,0.12342618510462455,11.794285714285714,0.047942356959567445,0.09143124463789898,0.17876541417574046,0.08,0,0.21859633859576824,0.369172456837727,9.050580125565991,1.330664292076606,0.0,1.0,0.0,0.1,0.0,0.9999999999999999,0.3,0.08,0.1657142857142857,0.5095884713919134,0.2595884713919135
247,0.9378284741574843,0.5290427192732579,0.9378284741574843,0.5290427192732579,0.2583334033732473,0.5374208915732903,0.5514285714285714,0.41024203089015276,0.3796726816463849,0.09428571428571429,0.5514285714285714,0.41024203089015276,0.3796726816463849,0.09428571428571429,0.1457142857142857,0.1742857142857143,0.0,30.588571428571427,0.20285714285714285,0.0,2.650902980567134e-18,0.12327439002595691,11.794285714285714,0.04650408625078042,0.08881394640373375,0.17790245175046823,0.08,0,0.21870264333136083,0.3673265945535384,9.043854237340385,1.304051006235074,0.0,0.9836065573770492,0.0,0.1,0.0,0.9999999999999999,0.3,0.08,0.1457142857142857,0.5093008172501561,0.2593008172501561
248,0.9382178510760019,0.5298457422074625,0.9382178510760019,0.5298457422074625,0.2583334033732473,0.5374137161490324,0.5342857142857143,0.41024203089015276,0.3796726816463849,0.09428571428571429,0.5342857142857143,0.41024203089015276,0.3796726816463849,0.09428571428571429,0.18285714285714286,0.21142857142857144,0.0,30.745714285714286,0.20285714285714285,0.0,2.657147517617709e-18,0.1231271487996493,11.794285714285714,0.04510896366325701,0.08626796360781619,0.1770653781979542,0.08,0,0.21852241654327542,0.3654899615807707,9.07440572402215,1.2779699861103726,0.0,1.0,0.0,0.1,0.0,0.9999999999999999,0.3,0.08,0.18285714285714286,0.5090217927326514,0.2590217927326514
249,0.9385475291298846,0.5304701509727836,0.9385475291298846,0.5304701509727836,0.2583334033732473,0.5373350506705298,0.56,0.41035631660443844,0.3797583959320992,0.09428571428571429,0.56,0.41035631660443844,0.3797583959320992,0.09428571428571429,0.1657142857142857,0.19714285714285715,0.0,30.92,0.20285714285714285,0.0,2.6632813471149514e-18,0.12298432481013098,11.794285714285714,0.043755694753359296,0.08379156357069062,0.17625341685201557,0.08,0,0.21862951874627337,0.36366251177286685,9.090060466684564,1.2617494391409922,0.0,0.9855072463768116,0.0,0.1,0.0,0.9999999999999999,0.3,0.08,0.1657142857142857,0.5087511389506718,0.25875113895067187
250,0.9372069860785541,0.5308444639431473,0.9372069860785541,0.5308444639431473,0.2583334033732473,0.5372537761069243,0.5171428571428571,0.41052774517586693,0.3798869673606707,0.09714285714285714,0.5171428571428571,0.41052774517586693,0.3798869673606707,0.09714285714285714,0.19714285714285715,0.21142857142857144,0.0,31.094285714285714,0.2057142857142857,0.0,2.6693040079014848e-18,0.12284578554029808,11.794285714285714,0.042443023910758514,0.08138304315905875,0.1754658143464551,0.08,0,0.21919308543825625,0.3663972739065674,9.119687828779442,1.323646739214551,0.0,0.972972972972973,0.0,0.1,0.0,0.9999999999999999,0.3,0.08,0.19714285714285715,0.5084886047821517,0.2584886047821517
251,0.9371713289254636,0.5305775617615517,0.9371713289254636,0.5305775617615517,0.2583334033732473,0.537246476445904,0.5428571428571428,0.41052774517586693,0.3798869673606707,0.09714285714285714,0.5428571428571428,0.41052774517586693,0.3798869673606707,0.09714285714285714,0.18,0.19428571428571428,0.0,31.237142857142857,0.2057142857142857,0.0,2.6752152158895047e-18,0.1227114024485603,11.794285714285714,0.04116973319343576,0.07904072909029669,0.17470183991606145,0.08,0,0.21889669143963641,0.36456528753703454,9.131579786489569,1.29717380443026,0.0,1.0,0.0,0.1,0.0,0.9999999999999999,0.3,0.08,0.18,0.5082339466386872,0.25823394663868715
252,0.9391208246790693,0.5295309198956568,0.9391208246790693,0.5295309198956568,0.2583334033732473,0.5373439731119759,0.49714285714285716,0.41058488803300985,0.3799298245035278,0.09714285714285714,0.49714285714285716,0.41058488803300985,0.3799298245035278,0.09714285714285714,0.15714285714285714,0.19714285714285715,0.0,31.357142857142858,0.20857142857142857,0.0,2.681014853813618e-18,0.12258105084957462,11.794285714285714,0.03993464119763269,0.07676297816864242,0.17396078471857962,0.08,0,0.21900177941100968,0.3627424610993494,9.146091047902635,1.2712303283416548,0.0,0.9855072463768116,0.0,0.1,0.0,0.9999999999999999,0.3,0.08,0.15714285714285714,0.5079869282395265,0.2579869282395265
253,0.9387775075913146,0.5297066771681738,0.9387775075913146,0.5297066771681738,0.2583334033732473,0.537350992198879,0.5685714285714286,0.4107563166044385,0.38005839593209917,0.09714285714285714,0.5685714285714286,0.4107563166044385,0.38005839593209917,0.09714285714285714,0.15142857142857144,0.17714285714285713,0.0,31.514285714285716,0.20857142857142857,0.0,2.686702961233805e-18,0.12245460979855845,11.794285714285714,0.038736601961703705,0.07454817745769149,0.17324196117702223,0.08,0,0.21990634194252603,0.36092874879385267,9.140312084087439,1.246945967072594,0.0,0.9516129032258065,0.0,0.1,0.0,0.9999999999999999,0.3,0.08,0.15142857142857144,0.5077473203923407,0.2577473203923407
254,0.9397375325821787,0.5296960434679349,0.9397375325821787,0.5296960434679349,0.2583334033732473,0.5373425446865059,0.5428571428571428,0.4107563166044385,0.38005839593209917,0.09714285714285714,0.5428571428571428,0.4107563166044385,0.38005839593209917,0.09714285714285714,0.14,0.18285714285714286,0.0,31.66857142857143,0.21142857142857144,0.0,2.6922797248078643e-18,0.12233196197907284,11.794285714285714,0.03757450390285259,0.07239474439361815,0.17254470234171154,0.08,0,0.21966295380424197,0.3591241050498834,9.140362985262833,1.2220070477311422,0.0,1.0,0.0,0.1,0.0,0.9999999999999999,0.3,0.08,0.14,0.5075149007805705,0.25751490078057054
255,0.9401219763923274,0.530222629087711,0.9401219763923274,0.530222629087711,0.2583334033732473,0.5373480678399104,0.5171428571428571,0.4108706023187242,0.3801441102178135,0.09714285714285714,0.5171428571428571,0.4108706023187242,0.3801441102178135,0.09714285714285714,0.15428571428571428,0.19142857142857142,0.0,31.805714285714284,0.20857142857142857,0.0,2.6977454688492877e-18,0.1222129935941718,11.794285714285714,0.03644726878576701,0.07030112684332634,0.1718683612714602,0.08,0,0.2198209254637922,0.35732848452463395,9.148984296986146,1.297214329636284,0.0,0.9850746268656716,0.0,0.1,0.0,0.9999999999999999,0.3,0.08,0.15428571428571428,0.5072894537571534,0.2572894537571534
256,0.941491657855474,0.5304728251310306,0.941491657855474,0.5304728251310306,0.2583334033732473,0.5374765516679006,0.5314285714285715,0.4108706023187242,0.3801441102178135,0.09714285714285714,0.5314285714285715,0.4108706023187242,0.3801441102178135,0.09714285714285714,0.16285714285714287,0.1742857142857143,0.0,31.96,0.20857142857142857,0.0,2.7031006461833094e-18,0.12209759426081779,11.794285714285714,0.035353850722194,0.06826580311152597,0.1712123104333164,0.08,0,0.2194926779793304,0.35554184210201084,9.140290325332137,1.2712700430435582,0.0,1.0,0.0,0.1,0.0,0.9999999999999999,0.3,0.08,0.16285714285714287,0.5070707701444388,0.2570707701444388
257,0.9410445820502659,0.5310257244082105,0.9410445820502659,0.5310257244082105,0.2583334033732473,0.537667999332666,0.56,0.4108706023187242,0.3801441102178135,0.09714285714285714,0.56,0.4108706023187242,0.3801441102178135,0.09714285714285714,0.1457142857142857,0.18,0.0,32.15428571428571,0.21142857142857144,0.0,2.7083458293110466e-18,0.12198565690746428,11.794285714285714,0.034293235200528176,0.06628728190052913,0.1705759411203169,0.08,0,0.2192516431608623,0.35376413289150077,9.137484518825495,1.245844642182687,0.0,1.0,0.0,0.1,0.0,0.9999999999999999,0.3,0.08,0.1457142857142857,0.5068586470401056,0.25685864704010564
258,0.9411705601672481,0.5308005772905827,0.9411705601672481,0.5308005772905827,0.2583334033732473,0.5378826708319544,0.5742857142857143,0.41092774517586705,0.38018696736067065,0.09714285714285714,0.5742857142857143,0.41092774517586705,0.38018696736067065,0.09714285714285714,0.17142857142857143,0.2057142857142857,0.0,32.28285714285714,0.21142857142857144,0.0,2.7134817018890573e-18,0.1218770776747115,11.794285714285714,0.033264438144512326,0.06436410222636424,0.16995866288670738,0.08,0,0.2193836706593437,0.3519953122270433,9.16044911416327,1.2634232695966552,0.0,0.9861111111111112,0.0,0.1,0.0,0.9999999999999999,0.3,0.08,0.17142857142857143,0.5066528876289025,0.2566528876289025
259,0.9403757475484475,0.5301165165637529,0.9403757475484475,0.5301165165637529,0.2583334033732473,0.5378824196926167,0.58,0.4112134594615813,0.3804012530749563,0.09714285714285714,0.58,0.4112134594615813,0.3804012530749563,0.09714285714285714,0.15714285714285714,0.18571428571428572,0.0,32.45428571428572,0.20857142857142857,0.0,2.7185090505292743e-18,0.12177175581894124,11.794285714285714,0.03226650500017696,0.06249483329462158,0.16935990300010617,0.08,0,0.22031475302033268,0.3587488469576735,9.162954417594293,1.4008384366702769,0.0,0.9538461538461539,0.0,0.1,0.0,0.9999999999999999,0.3,0.08,0.15714285714285714,0.5064533010000354,0.2564533010000354
260,0.9409250912901169,0.529954197026823,0.9409250912901169,0.529954197026823,0.2583334033732473,0.5379622602743517,0.5685714285714286,0.4112134594615813,0.3804012530749563,0.09714285714285714,0.5685714285714286,0.4112134594615813,0.3804012530749563,0.09714285714285714,0.15714285714285714,0.18285714285714286,0.0,32.61142857142857,0.21142857142857144,0.0,2.7234287569222324e-18,0.12166959361884414,11.794285714285714,0.031298509850171644,0.06067807433925587,0.16877910591010298,0.08,0,0.22006960782665957,0.35695510272288516,9.162552472099549,1.3728216679368712,0.0,1.0,0.0,0.1,0.0,0.9999999999999999,0.3,0.08,0.15714285714285714,0.5062597019700343,0.25625970197003434
261,0.9402228325365837,0.5302470000464583,0.9402228325365837,0.5302470000464583,0.2583334033732473,0.5381830706375361,0.5628571428571428,0.411327745175867,0.3804869673606707,0.09714285714285714,0.5628571428571428,0.411327745175867,0.3804869673606707,0.09714285714285714,0.16,0.19428571428571428,0.0,32.78285714285714,0.21428571428571427,0.0,2.7282417902846003e-18,0.12157049628474993,11.794285714285714,0.030359554554666494,0.058912454427401895,0.16821573273279988,0.08,0,0.22025454550181203,0.3551703272092707,9.17358713694327,1.345365234578134,0.0,0.9852941176470589,0.0,0.1,0.0,0.9999999999999999,0.3,0.08,0.16,0.5060719109109333,0.2560719109109333
262,0.9408633457324137,0.5305778260806489,0.9408633457324137,0.5305778260806489,0.2583334033732473,0.5384409577437863,0.56,0.4113848880330098,0.3805298245035278,0.09714285714285714,0.56,0.4113848880330098,0.3805298245035278,0.09714285714285714,0.1457142857142857,0.16857142857142857,0.0,32.95142857142857,0.21714285714285714,0.0,2.7329492001303835e-18,0.12147437187067855,11.794285714285714,0.0294487679180265,0.05719663223308802,0.1676692607508159,0.08,0,0.2202389870600173,0.35339447557322434,9.158686822775834,1.3620741531167968,0.0,0.9830508474576272,0.0,0.1,0.0,0.9999999999999999,0.3,0.08,0.1457142857142857,0.5058897535836053,0.25588975358360533
263,0.9403899342385696,0.5306510777091895,0.9403899342385696,0.5306510777091895,0.2583334033732473,0.5386969262409002,0.5542857142857143,0.4114991737472955,0.3806155387892421,0.09714285714285714,0.5542857142857143,0.4114991737472955,0.3806155387892421,0.09714285714285714,0.14857142857142858,0.17714285714285713,0.0,33.11142857142857,0.21714285714285714,0.0,2.737552109363716e-18,0.12138113118902928,11.794285714285714,0.028565304880485705,0.05552929578256993,0.1671391829282914,0.08,0,0.22039393569614574,0.35162750319535824,9.152655943463175,1.3348326700544608,0.0,0.9838709677419355,0.0,0.1,0.0,0.9999999999999999,0.3,0.08,0.14857142857142858,0.5057130609760971,0.25571306097609714
264,0.9405692022267678,0.530912450656883,0.9405692022267678,0.530912450656883,0.2583334033732473,0.5390273579773383,0.5571428571428572,0.4115563166044384,0.38065839593209927,0.09714285714285714,0.5571428571428572,0.4115563166044384,0.38065839593209927,0.09714285714285714,0.15428571428571428,0.18285714285714286,0.0,33.30571428571429,0.22,0.0,2.7420517076898643e-18,0.12129068772782955,11.794285714285714,0.027708345734071133,0.05390916217385344,0.16662500744044267,0.08,0,0.22051982316052213,0.3498693656793814,9.152459967451055,1.3300465217106252,0.0,0.984375,0.0,0.1,0.0,0.9999999999999999,0.3,0.08,0.15428571428571428,0.5055416691468142,0.2555416691468142
265,0.9410209305213748,0.5309505891890686,0.9410209305213748,0.5309505891890686,0.2583334033732473,0.5394067275552777,0.5228571428571429,0.4115563166044384,0.38065839593209927,0.09714285714285714,0.5228571428571429,0.4115563166044384,0.38065839593209927,0.09714285714285714,0.14285714285714285,0.16857142857142857,0.0,33.46,0.21142857142857144,0.0,2.746449245339931e-18,0.12120295757046574,11.794285714285714,0.026877095362049,0.052334977272824657,0.1661262572172294,0.08,0,0.22015936690186236,0.34812001885098454,9.13798219667346,1.3034455912764127,0.0,1.0,0.0,0.1,0.0,0.9999999999999999,0.3,0.08,0.14285714285714285,0.5053754190724098,0.2553754190724098
266,0.9404446431632548,0.5308035032194617,0.9404446431632548,0.5308035032194617,0.2583334033732473,0.5397823471663269,0.5457142857142857,0.4115563166044384,0.38065839593209927,0.09714285714285714,0.5457142857142857,0.4115563166044384,0.38065839593209927,0.09714285714285714,0.13428571428571429,0.1657142857142857,0.0,33.597142857142856,0.21428571428571427,0.0,2.7507460271038453e-18,0.12111785931782289,11.794285714285714,0.026070782501187526,0.05080551538826483,0.1656424695007125,0.08,0,0.2198007129244959,0.3463794187567296,9.120936838454277,1.2773766794508843,0.0,1.0,0.0,0.1,0.0,0.9999999999999999,0.3,0.08,0.13428571428571429,0.5052141565002375,0.2552141565002375
267,0.9412260428683448,0.5309466106409756,0.9412260428683448,0.5309466106409756,0.2583334033732473,0.5400233836281073,0.54,0.41172774517586697,0.38078696736067075,0.09714285714285714,0.54,0.41172774517586697,0.38078696736067075,0.09714285714285714,0.1457142857142857,0.18,0.0,33.73428571428571,0.20857142857142857,0.0,2.754943406665317e-18,0.12103531401275934,11.794285714285714,0.025288659026151898,0.04931957892788941,0.16517319541569114,0.08,0,0.22047171078844488,0.344647521662946,9.118518101685192,1.2518291458618667,0.0,0.9682539682539683,0.0,0.1,0.0,0.9999999999999999,0.3,0.08,0.1457142857142857,0.5050577318052304,0.2550577318052304
268,0.9413901705876806,0.5313205626431924,0.9413901705876806,0.5313205626431924,0.2583334033732473,0.5403065030612741,0.5257142857142857,0.41189917374729557,0.38091553878924206,0.09714285714285714,0.5257142857142857,0.41189917374729557,0.38091553878924206,0.09714285714285714,0.16857142857142857,0.20285714285714285,0.0,33.89714285714286,0.21428571428571427,0.0,2.75904278123182e-18,0.12095524506684764,11.794285714285714,0.024529999255367342,0.04787599803742004,0.1647179995532204,0.08,0,0.22105435294878836,0.37992490245475596,9.13900488250863,1.2807069033585037,0.0,0.971830985915493,0.0,0.1,0.0,0.9999999999999999,0.3,0.08,0.16857142857142857,0.5049059998510734,0.2549059998510735
269,0.9411854807270003,0.5316046565504605,0.9411854807270003,0.5316046565504605,0.2583334033732473,0.540500573911372,0.5428571428571428,0.41189917374729557,0.38091553878924206,0.09714285714285714,0.5428571428571428,0.41189917374729557,0.38091553878924206,0.09714285714285714,0.16857142857142857,0.18,0.0,34.037142857142854,0.20857142857142857,0.0,2.763045586452016e-18,0.12087757818931334,11.794285714285714,0.023794099277706322,0.04647363022457851,0.1642764595666238,0.08,0,0.2207483676126159,0.3780252779424822,9.136224784858456,1.2550927652913337,0.0,1.0,0.0,0.1,0.0,0.9999999999999999,0.3,0.08,0.16857142857142857,0.5047588198555413,0.2547588198555413
270,0.9400826929643543,0.5318862133483943,0.9400826929643543,0.5318862133483943,0.2583334033732473,0.5406138806233708,0.6028571428571429,0.41189917374729557,0.38091553878924206,0.09714285714285714,0.6028571428571429,0.41189917374729557,0.38091553878924206,0.09714285714285714,0.14857142857142858,0.1657142857142857,0.0,34.18857142857143,0.2057142857142857,0.0,2.7669532916126212e-18,0.12080224131810505,11.794285714285714,0.023080276299375133,0.045111359969765674,0.16384816577962508,0.08,0,0.22038705434598135,0.37613515155276983,9.119214574875572,1.2299909099855069,0.0,1.0,0.0,0.1,0.0,0.9999999999999999,0.3,0.08,0.14857142857142858,0.5046160552598751,0.254616055259875
271,0.9399195456508528,0.5318401010043232,0.9399195456508528,0.5318401010043232,0.2583334033732473,0.5407300040127355,0.5657142857142857,0.41207060231872417,0.38104411021781354,0.09714285714285714,0.5657142857142857,0.41207060231872417,0.38104411021781354,0.09714285714285714,0.15142857142857144,0.16857142857142857,0.0,34.33714285714286,0.20857142857142857,0.0,2.7707673951062813e-18,0.12072916455303304,11.794285714285714,0.02238786801039388,0.04378809832508257,0.16343272080623633,0.08,0,0.22088426264568004,0.4095954989981545,9.105401711949492,1.306453992417468,0.0,0.9661016949152542,0.0,0.1,0.0,0.9999999999999999,0.3,0.08,0.15142857142857144,0.5044775736020788,0.2544775736020788
272,0.9395856887086058,0.5325508797449685,0.9395856887086058,0.5325508797449685,0.2583334033732473,0.5409151273806211,0.5714285714285714,0.41207060231872417,0.38104411021781354,0.09714285714285714,0.5714285714285714,0.41207060231872417,0.38104411021781354,0.09714285714285714,0.16,0.18857142857142858,0.0,34.502857142857145,0.20857142857142857,0.0,2.7744894201617696e-18,0.12065828009091313,11.794285714285714,0.021716231970082062,0.04250278250323991,0.16302973918204924,0.08,0,0.22063584204673736,0.4075475215031637,9.111865106281929,1.2803249125691187,0.0,1.0,0.0,0.1,0.0,0.9999999999999999,0.3,0.08,0.16,0.5043432463940164,0.2543432463940164
273,0.9374517624461919,0.5327698568458251,0.9374517624461919,0.5327698568458251,0.2583334033732473,0.5410869533273238,0.5657142857142857,0.4122420308901527,0.381172681646385,0.09714285714285714,0.5657142857142857,0.4122420308901527,0.381172681646385,0.09714285714285714,0.15142857142857144,0.18285714285714286,0.0,34.642857142857146,0.21714285714285714,0.0,2.7781209108275855e-18,0.12058952216265686,11.794285714285714,0.0210647450109796,0.04125437545780075,0.16263884700658776,0.08,0,0.22124594926507504,0.4055097838956479,9.112484947013435,1.2547184143177363,0.0,0.96875,0.0,0.1,0.0,0.9999999999999999,0.3,0.08,0.15142857142857144,0.5042129490021959,0.25421294900219593
274,0.9366185386241341,0.532715525449603,0.9366185386241341,0.532715525449603,0.2583334033732473,0.5412865760970536,0.6057142857142858,0.4123563166044385,0.3812583959320993,0.09714285714285714,0.6057142857142858,0.4123563166044385,0.3812583959320993,0.09714285714285714,0.16857142857142857,0.18857142857142858,0.0,34.76857142857143,0.21428571428571427,0.0,2.78166342819988e-18,0.12052282697224827,11.794285714285714,0.02043280266065021,0.040041865456103776,0.16225968159639012,0.08,0,0.22176786237589258,0.40348223497616964,9.118806676644594,1.2296240460313814,0.0,0.9696969696969697,0.0,0.1,0.0,0.9999999999999999,0.3,0.08,0.16857142857142857,0.5040865605321301,0.25408656053213
275,0.9365664847781447,0.5320694260594652,0.9365664847781447,0.5320694260594652,0.2583334033732473,0.5413980909733743,0.5742857142857143,0.4123563166044385,0.3812583959320993,0.09714285714285714,0.5742857142857143,0.4123563166044385,0.3812583959320993,0.09714285714285714,0.15142857142857144,0.18,0.0,34.94285714285714,0.21142857142857144,0.0,2.785118546885565e-18,0.12045813263755195,11.794285714285714,0.019819818580830706,0.038864265646124774,0.16189189114849842,0.08,0,0.22148673806401312,0.40146482380128884,9.116430543111699,1.205031565110754,0.0,1.0,0.0,0.1,0.0,0.9999999999999999,0.3,0.08,0.15142857142857144,0.5039639637161661,0.25396396371616614
276,0.9386758483682472,0.5331820456148283,0.9386758483682472,0.5331820456148283,0.2583334033732473,0.541470696271152,0.58,0.4123563166044385,0.3812864105288277,0.09714285714285714,0.58,0.4123563166044385,0.3812864105288277,0.09714285714285714,0.14857142857142858,0.1742857142857143,0.0,35.09142857142857,0.21428571428571427,0.0,2.7884878516914153e-18,0.12039537913289645,11.794285714285714,0.019225224023405783,0.037720613618443255,0.16153513441404346,0.08,0,0.22155016151655016,0.3994574996822824,9.10838764653518,1.1809309338085388,0.0,0.9836065573770492,0.0,0.1,0.0,0.9999999999999999,0.3,0.08,0.14857142857142858,0.5038450448046812,0.2538450448046812
277,0.9379736439155467,0.5326823212737801,0.9379736439155467,0.5326823212737801,0.2583334033732473,0.5415450709329244,0.5428571428571428,0.4123563166044385,0.3812864105288277,0.09714285714285714,0.5428571428571428,0.4123563166044385,0.3812864105288277,0.09714285714285714,0.16,0.18571428571428572,0.0,35.23142857142857,0.21142857142857144,0.0,2.7917729345299884e-18,0.12033450823338068,11.794285714285714,0.01864846730270361,0.036609970964401994,0.16118908038162216,0.08,0,0.22127012499468168,0.39746021218387095,9.111934179318764,1.1573123151323679,0.0,1.0,0.0,0.1,0.0,0.9999999999999999,0.3,0.08,0.16,0.5037296934605408,0.2537296934605407
278,0.9362975959426573,0.5335993369409469,0.9362975959426573,0.5335993369409469,0.2583334033732473,0.5416219509914664,0.56,0.41252774517586704,0.3814149819573991,0.09714285714285714,0.56,0.41252774517586704,0.3814149819573991,0.09714285714285714,0.1657142857142857,0.19428571428571428,0.0,35.38285714285714,0.21142857142857144,0.0,2.794975391533267e-18,0.1202754634608504,11.794285714285714,0.0180890132836225,0.03553142283146549,0.1608534079701735,0.08,0,0.22184891722685116,0.39547291112295163,9.123981210018101,1.1341660688297206,0.0,0.9705882352941176,0.0,0.1,0.0,0.9999999999999999,0.3,0.08,0.1657142857142857,0.5036178026567245,0.2536178026567245
279,0.9350399943255168,0.5328459711947192,0.9350399943255168,0.5328459711947192,0.2583334033732473,0.5416532273112452,0.5371428571428571,0.41258488803300986,0.3814578391002562,0.09714285714285714,0.5371428571428571,0.41258488803300986,0.3814578391002562,0.09714285714285714,0.1657142857142857,0.2057142857142857,0.0,35.54,0.21142857142857144,0.0,2.798096820364986e-18,0.12021819003149602,11.794285714285714,0.017546342885113825,0.03448407747671345,0.16052780573106828,0.08,0,0.2219679583550026,0.3934955465673369,9.147215871532026,1.1114827474531264,0.0,0.9861111111111112,0.0,0.1,0.0,0.9999999999999999,0.3,0.08,0.1657142857142857,0.5035092685770227,0.2535092685770228
280,0.9344525865915915,0.5325505059248228,0.9344525865915915,0.5325505059248228,0.2583334033732473,0.5416095860158808,0.5742857142857143,0.41275631660443846,0.3815864105288277,0.09714285714285714,0.5742857142857143,0.41275631660443846,0.3815864105288277,0.09714285714285714,0.14857142857142858,0.16285714285714287,0.0,35.68571428571428,0.21428571428571427,0.0,2.801138817722765e-18,0.1201626348050222,11.794285714285714,0.01701995259856041,0.03346706581933134,0.16021197155913625,0.08,0,0.22234368999179902,0.3915280688345002,9.127128696958527,1.1310618053932255,0.0,0.9649122807017544,0.0,0.1,0.0,0.9999999999999999,0.3,0.08,0.14857142857142858,0.5034039905197121,0.2534039905197121
281,0.932605739564119,0.5325076916302319,0.932605739564119,0.5325076916302319,0.2583334033732473,0.5415160652156887,0.5657142857142857,0.41275631660443846,0.3815864105288277,0.09714285714285714,0.5657142857142857,0.41275631660443846,0.3815864105288277,0.09714285714285714,0.1742857142857143,0.20857142857142857,0.0,35.80285714285714,0.21428571428571427,0.0,2.804102977021305e-18,0.12010874623534269,11.794285714285714,0.0165093540206036,0.03247954099289663,0.15990561241236215,0.08,0,0.22225826438114363,0.3895704284903277,9.153157551590786,1.1084405692853612,0.0,1.0,0.0,0.1,0.0,0.9999999999999999,0.3,0.08,0.1742857142857143,0.5033018708041207,0.2533018708041207
282,0.9329211706521522,0.5329425138305786,0.9329211706521522,0.5329425138305786,0.2583334033732473,0.5415988635853037,0.5428571428571428,0.41287060231872424,0.381672124814542,0.09714285714285714,0.5428571428571428,0.41287060231872424,0.381672124814542,0.09714285714285714,0.17142857142857143,0.20285714285714285,0.0,35.95142857142857,0.21714285714285714,0.0,2.8069908862480843e-18,0.12005647432275347,11.794285714285714,0.01601407339998549,0.03152067789819646,0.15960844403999128,0.08,0,0.22231825877352362,0.3930372626061938,9.172951543416113,1.1434371654421436,0.0,0.9859154929577465,0.0,0.1,0.0,0.9999999999999999,0.3,0.08,0.17142857142857143,0.5032028146799971,0.2532028146799971
283,0.9318198438624534,0.5328216844088102,0.9318198438624534,0.5328216844088102,0.2583334033732473,0.5417892745840586,0.5514285714285714,0.4131207079095289,0.38188641052882766,0.09714285714285714,0.5514285714285714,0.4131207079095289,0.38188641052882766,0.09714285714285714,0.1457142857142857,0.17142857142857143,0.0,36.08,0.21428571428571427,0.0,2.8098041259831837e-18,0.12000577056754204,11.794285714285714,0.015533651197985924,0.030589672757253217,0.15932019071879155,0.08,0,0.2232060967653703,0.43616641334291406,9.16092108397636,1.1662944762765526,0.0,0.95,0.0,0.1,0.0,0.9999999999999999,0.3,0.08,0.1457142857142857,0.5031067302395972,0.2531067302395972
284,0.9308260452334565,0.5326993375701372,0.9308260452334565,0.5326993375701372,0.2583334033732473,0.5419370230099563,0.5371428571428571,0.4133492793381003,0.38205783910025626,0.09714285714285714,0.5371428571428571,0.4133492793381003,0.38205783910025626,0.09714285714285714,0.16285714285714287,0.18857142857142858,0.0,36.21142857142857,0.22,0.0,2.812544267575105e-18,0.11995658792498688,11.794285714285714,0.015067641662046346,0.02968574266917945,0.1590405849972278,0.08,0,0.22388892413868625,0.4339855812761995,9.166274090868262,1.299968889914837,0.0,0.9696969696969697,0.0,0.1,0.0,0.9999999999999999,0.3,0.08,0.16285714285714287,0.5030135283324093,0.25301352833240925
285,0.9316566320522243,0.5331880013001288,0.9316566320522243,0.5331880013001288,0.2583334033732473,0.5420442215904672,0.5314285714285715,0.4134635650523861,0.38214355338597056,0.09714285714285714,0.5314285714285715,0.4134635650523861,0.38214355338597056,0.09714285714285714,0.14857142857142858,0.17142857142857143,0.0,36.354285714285716,0.21714285714285714,0.0,2.815212871464615e-18,0.11990888076170836,11.794285714285714,0.014615612412184955,0.028808125168431453,0.15876936744731096,0.08,0,0.2243120509465643,0.44270212699351374,9.154377180479468,1.311738004198691,0.0,0.9666666666666667,0.0,0.1,0.0,0.9999999999999999,0.3,0.08,0.14857142857142858,0.502923122482437,0.252923122482437
286,0.9319516206256538,0.5332707280697924,0.9319516206256538,0.5332707280697924,0.2583334033732473,0.5421672804346869,0.5485714285714286,0.41357785076667175,0.3822292676716848,0.09714285714285714,0.5485714285714286,0.41357785076667175,0.3822292676716848,0.09714285714285714,0.16285714285714287,0.18857142857142858,0.0,36.52571428571429,0.22285714285714286,0.0,2.8178114856489637e-18,0.11986260481332822,11.794285714285714,0.014177144039819406,0.027956077785981637,0.15850628642389164,0.08,0,0.2244753478346886,0.4404886163585462,9.159861065441307,1.2855032441147172,0.0,0.9848484848484849,0.0,0.1,0.0,0.9999999999999999,0.3,0.08,0.16285714285714287,0.5028354288079638,0.2528354288079639
287,0.9308848562744824,0.5328983300247522,0.9308848562744824,0.5328983300247522,0.2583334033732473,0.5422542004538028,0.5371428571428571,0.4136349936238146,0.382272124814542,0.09714285714285714,0.5371428571428571,0.4136349936238146,0.382272124814542,0.09714285714285714,0.15428571428571428,0.18285714285714286,0.0,36.66285714285714,0.2257142857142857,0.0,2.8203416442789908e-18,0.11981771714339955,11.794285714285714,0.013751829718624823,0.027128877613884494,0.1582510978311749,0.08,0,0.22455254252408657,0.4382861732767534,9.159520986989623,1.2597931792324228,0.0,0.984375,0.0,0.1,0.0,0.9999999999999999,0.3,0.08,0.15428571428571428,0.502750365943725,0.25275036594372496
288,0.9299921365859589,0.5318908720242292,0.9299921365859589,0.5318908720242292,0.2583334033732473,0.542303711507205,0.54,0.4136349936238146,0.382272124814542,0.09714285714285714,0.54,0.4136349936238146,0.382272124814542,0.09714285714285714,0.15142857142857144,0.17714285714285713,0.0,36.822857142857146,0.22285714285714286,0.0,2.82280486638193e-18,0.11977417610356865,11.794285714285714,0.013339274827066079,0.026325820873665307,0.15800356489623965,0.08,0,0.22425749481146617,0.43609474241036966,9.153473424392688,1.2345973156477743,0.0,1.0,0.0,0.1,0.0,0.9999999999999999,0.3,0.08,0.15142857142857144,0.5026678549654132,0.2526678549654132
289,0.931367324112791,0.5320263496118957,0.931367324112791,0.5320263496118957,0.2583334033732473,0.5423865023874918,0.5428571428571428,0.4136349936238146,0.382272124814542,0.09714285714285714,0.5428571428571428,0.4136349936238146,0.382272124814542,0.09714285714285714,0.15714285714285714,0.18571428571428572,0.0,36.94857142857143,0.22285714285714286,0.0,2.82520265470296e-18,0.1197319412949327,11.794285714285714,0.012939096582254096,0.025546222488924686,0.15776345794935245,0.08,0,0.22393563590883742,0.4339142686983178,9.15611824161912,1.209905369334819,0.0,1.0,0.0,0.1,0.0,0.9999999999999999,0.3,0.08,0.15714285714285714,0.5025878193164508,0.2525878193164508
290,0.9297671796581254,0.5322507379275101,0.9297671796581254,0.5322507379275101,0.2583334033732473,0.542487144379444,0.5628571428571428,0.4136349936238146,0.382272124814542,0.09714285714285714,0.5628571428571428,0.4136349936238146,0.382272124814542,0.09714285714285714,0.14857142857142858,0.18,0.0,37.082857142857144,0.22285714285714286,0.0,2.8275364946588105e-18,0.11969097353055581,11.794285714285714,0.012550923684786473,0.02478941566250792,0.15753055421087186,0.08,0,0.22361538630072178,0.43174469735482623,9.152995876786738,1.1857072619481224,0.0,1.0,0.0,0.1,0.0,0.9999999999999999,0.3,0.08,0.14857142857142858,0.5025101847369573,0.2525101847369573
291,0.9275164618556597,0.5332491163475755,0.9275164618556597,0.5332491163475755,0.2583334033732473,0.5425468872915055,0.5228571428571429,0.4136349936238146,0.382272124814542,0.09714285714285714,0.5228571428571429,0.4136349936238146,0.382272124814542,0.09714285714285714,0.16,0.19714285714285715,0.0,37.20857142857143,0.22285714285714286,0.0,2.8298078533969593e-18,0.11965123479911033,11.794285714285714,0.012174395974242878,0.024054751458558843,0.15730463758454571,0.08,0,0.22332530936921818,0.4295859738680521,9.16707881639386,1.16199311670916,0.0,1.0,0.0,0.1,0.0,0.9999999999999999,0.3,0.08,0.16,0.5024348791948485,0.2524348791948486
292,0.9283095142614239,0.532682496716771,0.9283095142614239,0.532682496716771,0.2583334033732473,0.5426348910302512,0.5514285714285714,0.41369213648095743,0.3823149819573991,0.09714285714285714,0.5514285714285714,0.41369213648095743,0.3823149819573991,0.09714285714285714,0.1742857142857143,0.2057142857142857,0.0,37.357142857142854,0.22285714285714286,0.0,2.8320181789542678e-18,0.11961268822960806,11.794285714285714,0.011809164095015591,0.02334159838973804,0.15708549845700934,0.08,0,0.2234653971080864,0.4274380439987118,9.189451525780267,1.1387532543749768,0.0,0.9861111111111112,0.0,0.1,0.0,0.9999999999999999,0.3,0.08,0.1742857142857143,0.5023618328190032,0.2523618328190031
293,0.9300352508976165,0.5333581802934482,0.9300352508976165,0.5333581802934482,0.2583334033732473,0.5427080175248495,0.5371428571428571,0.4138064221952431,0.3824864105288277,0.1,0.5371428571428571,0.4138064221952431,0.3824864105288277,0.1,0.16285714285714287,0.18857142857142858,0.0,37.51428571428571,0.22,0.0,2.8341688995091016e-18,0.11957529805719093,11.794285714285714,0.011454889172165124,0.022649342009860907,0.15687293350329906,0.08,0,0.22391935583683165,0.42530085377871824,9.19423392383609,1.1159781892874772,0.0,0.9696969696969697,0.0,0.1,0.0,0.9999999999999999,0.3,0.08,0.16285714285714287,0.502290977834433,0.25229097783443305
294,0.9309069217901714,0.5334904301987795,0.9309069217901714,0.5334904301987795,0.2583334033732473,0.5426420152120597,0.5342857142857143,0.4138064221952431,0.3824864105288277,0.1,0.5342857142857143,0.4138064221952431,0.3824864105288277,0.1,0.1742857142857143,0.2057142857142857,0.0,37.691428571428574,0.22285714285714286,0.0,2.8362614227212398e-18,0.11953902958994632,11.794285714285714,0.011111242497000169,0.021977384512174902,0.1566667454982001,0.08,0,0.22368461691479033,0.4231743495098247,9.216063531073656,1.0936586255017275,0.0,1.0,0.0,0.1,0.0,0.9999999999999999,0.3,0.08,0.1742857142857143,0.5022222484994,0.25222224849940006
295,0.9313723757338412,0.5327926452784449,0.9313723757338412,0.5327926452784449,0.2583334033732473,0.54249790716947,0.5657142857142857,0.41386356505238603,0.38252926767168477,0.1,0.5657142857142857,0.41386356505238603,0.38252926767168477,0.1,0.14285714285714285,0.15714285714285714,0.0,37.84,0.22,0.0,2.8382971351541746e-18,0.11950384917671905,11.794285714285714,0.010777905222090163,0.021325144333474655,0.1564667431332541,0.08,0,0.2236231938302164,0.42105847776227556,9.188885117595039,1.071785452991693,0.0,0.9818181818181818,0.0,0.1,0.0,0.9999999999999999,0.3,0.08,0.14285714285714285,0.502155581044418,0.25215558104441804
296,0.930682624555629,0.5331844079596219,0.930682624555629,0.5331844079596219,0.2583334033732473,0.5423361323825571,0.5885714285714285,0.41386356505238603,0.38252926767168477,0.1,0.5885714285714285,0.41386356505238603,0.38252926767168477,0.1,0.18285714285714286,0.20857142857142857,0.0,37.96,0.2257142857142857,0.0,2.8402774017745607e-18,0.11946972417588861,11.794285714285714,0.010454568065427458,0.020692055764222284,0.15627274083925646,0.08,0,0.22347522143249388,0.4189531853734642,9.213678843814566,1.0503497439318592,0.0,1.0,0.0,0.1,0.0,0.9999999999999999,0.3,0.08,0.18285714285714286,0.5020909136130854,0.2520909136130855
297,0.9314727264048832,0.5334537410898846,0.9314727264048832,0.5334537410898846,0.2583334033732473,0.5421758449464935,0.5542857142857143,0.41392070790952884,0.382572124814542,0.1,0.5542857142857143,0.41392070790952884,0.382572124814542,0.1,0.16857142857142857,0.2,0.0,38.097142857142856,0.22,0.0,2.842203565523897e-18,0.11943662292508302,11.794285714285714,0.010140931023464634,0.02007756856482179,0.15608455861407877,0.08,0,0.22352913103961713,0.4168584194465969,9.229405266938274,1.0293427490532219,0.0,0.9857142857142858,0.0,0.1,0.0,0.9999999999999999,0.3,0.08,0.16857142857142857,0.5020281862046929,0.2520281862046929
298,0.9294168690683866,0.533535979468346,0.9294168690683866,0.533535979468346,0.2583334033732473,0.5420021268025431,0.5142857142857142,0.4140349936238146,0.38265783910025625,0.1,0.5142857142857142,0.4140349936238146,0.38265783910025625,0.1,0.1657142857142857,0.20857142857142857,0.0,38.254285714285714,0.22,0.0,2.844076946957674e-18,0.11940451471180166,11.794285714285714,0.009836703092760694,0.019481147588170877,0.1559020218556564,0.08,0,0.22409648609870472,0.41655282622974954,9.253388590170939,1.110986302872012,0.0,0.9726027397260274,0.0,0.1,0.0,0.9999999999999999,0.3,0.08,0.1657142857142857,0.5019673406185522,0.25196734061855214
299,0.9282258021485794,0.5335447142209506,0.9282258021485794,0.5335447142209506,0.2583334033732473,0.5419892212002138,0.5257142857142857,0.4141492793381003,0.38274355338597055,0.1,0.5257142857142857,0.4141492793381003,0.38274355338597055,0.1,0.1457142857142857,0.17714285714285713,0.0,38.40571428571429,0.22285714285714286,0.0,2.8458988439475335e-18,0.1193733697449187,11.794285714285714,0.009541601999977873,0.018902272408594767,0.15572496119998672,0.08,0,0.22414714652535406,0.4144700620986008,9.245463675510377,1.2390624318838974,0.0,0.9838709677419355,0.0,0.1,0.0,0.9999999999999999,0.3,0.08,0.1457142857142857,0.5019083203999956,0.25190832039999556
300,0.9287367798548991,0.5335812518239962,0.9287367798548991,0.5335812518239962,0.2583334033732473,0.5419613494849159,0.5314285714285715,0.4142064221952432,0.3827864105288277,0.1,0.5314285714285715,0.4142064221952432,0.3827864105288277,0.1,0.14857142857142858,0.16857142857142857,0.0,38.56,0.2257142857142857,0.0,2.847670531442103e-18,0.11934315912704234,11.794285714285714,0.009255353939978537,0.01834043695724641,0.15555321236398711,0.08,0,0.2242542686498702,0.4123977117881078,9.229125830571597,1.2142811832462195,0.0,0.9830508474576272,0.0,0.1,0.0,0.9999999999999999,0.3,0.08,0.14857142857142858,0.5018510707879957,0.25185107078799573
301,0.9286513509471237,0.5341446649380157,0.9286513509471237,0.5341446649380157,0.2583334033732473,0.5418367395336229,0.5371428571428571,0.4142064221952432,0.3827864105288277,0.1,0.5371428571428571,0.4142064221952432,0.3827864105288277,0.1,0.14857142857142858,0.18571428571428572,0.0,38.69714285714286,0.2257142857142857,0.0,2.8493932612824846e-18,0.11931385482770217,11.794285714285714,0.00897769332177918,0.017795149164042123,0.1553866159930675,0.08,0,0.2239039973066208,0.4103357232291673,9.230257599674452,1.189995559581295,0.0,1.0,0.0,0.1,0.0,0.9999999999999999,0.3,0.08,0.14857142857142858,0.5017955386643559,0.25179553866435583
302,0.927002300266885,0.5349658809338298,0.927002300266885,0.5349658809338298,0.2583334033732473,0.5416489065134262,0.5685714285714286,0.4143778507666717,0.38291498195739915,0.1,0.5685714285714286,0.4143778507666717,0.38291498195739915,0.1,0.17714285714285713,0.2057142857142857,0.0,38.86,0.22857142857142856,0.0,2.8510682620685044e-18,0.11928542965734222,11.794285714285714,0.008708362522125803,0.017265930606182978,0.15522501751327547,0.08,0,0.22452605160223055,0.4082840446130215,9.251366733395246,1.1661956483896692,0.0,0.9722222222222222,0.0,0.1,0.0,0.9999999999999999,0.3,0.08,0.17714285714285713,0.5017416725044251,0.25174167250442514
303,0.9257058005266341,0.5343870372670437,0.9257058005266341,0.5343870372670437,0.2583334033732473,0.5414385204082738,0.5257142857142857,0.4143778507666717,0.38291498195739915,0.1,0.5257142857142857,0.4143778507666717,0.38291498195739915,0.1,0.1742857142857143,0.20857142857142857,0.0,39.02857142857143,0.2342857142857143,0.0,2.8526967390720735e-18,0.11925785724209305,11.794285714285714,0.008447111646462028,0.016752316163297643,0.1550682669878772,0.08,0,0.22423156420136228,0.4062426243899564,9.274910827298772,1.1428717354218756,0.0,1.0,0.0,0.1,0.0,0.9999999999999999,0.3,0.08,0.1742857142857143,0.5016894223292924,0.2516894223292924
304,0.9245295508403433,0.5345074775606682,0.9245295508403433,0.5345074775606682,0.2583334033732473,0.5411872255758892,0.5057142857142857,0.4143778507666717,0.38291498195739915,0.1,0.5057142857142857,0.4143778507666717,0.38291498195739915,0.1,0.15714285714285714,0.17714285714285713,0.0,39.17142857142857,0.22857142857142856,0.0,2.8542798741941796e-18,0.11923111199930134,11.794285714285714,0.008193698297068168,0.01625385367923049,0.1549162189782409,0.08,0,0.22379597780892688,0.40421141126800664,9.26655546789565,1.1200143007134382,0.0,1.0,0.0,0.1,0.0,0.9999999999999999,0.3,0.08,0.15714285714285714,0.5016387396594136,0.25163873965941363
305,0.9254020516120404,0.5351774792238578,0.9254020516120404,0.5351774792238578,0.2583334033732473,0.541029914310612,0.5542857142857143,0.41449213648095745,0.38300069624311345,0.1,0.5542857142857143,0.41449213648095745,0.38300069624311345,0.1,0.17142857142857143,0.20285714285714285,0.0,39.35142857142857,0.2342857142857143,0.0,2.8558188259622303e-18,0.11920516911379346,11.794285714285714,0.007947887348156123,0.01577010363048381,0.15476873240889366,0.08,0,0.2239902843484537,0.4021903542116666,9.284081501394882,1.0976140146991693,0.0,0.9859154929577465,0.0,0.1,0.0,0.9999999999999999,0.3,0.08,0.17142857142857143,0.5015895774696312,0.25158957746963123
306,0.924506904259341,0.5355636241748666,0.924506904259341,0.5355636241748666,0.2583334033732473,0.5409504170868853,0.5428571428571428,0.4147207079095288,0.383172124814542,0.1,0.5428571428571428,0.4147207079095288,0.383172124814542,0.1,0.14857142857142858,0.17714285714285713,0.0,39.47428571428571,0.23142857142857143,0.0,2.8573147295646314e-18,0.11918000451485077,11.794285714285714,0.0077094507277114385,0.015300638801311273,0.15462567043662687,0.08,0,0.22449847578385426,0.42190014728480035,9.275542728509842,1.267041826724979,0.0,0.967741935483871,0.0,0.1,0.0,0.9999999999999999,0.3,0.08,0.14857142857142858,0.5015418901455423,0.2515418901455423
307,0.923778640277645,0.5355137103786197,0.923778640277645,0.5355137103786197,0.2583334033732473,0.5408910038580363,0.56,0.41477785076667173,0.3832149819573991,0.1,0.56,0.41477785076667173,0.3832149819573991,0.1,0.14,0.18,0.0,39.645714285714284,0.24,0.0,2.8587686969196632e-18,0.11915559485387628,11.794285714285714,0.007478167205880095,0.0148450439654505,0.15448690032352805,0.08,0,0.22454684054779214,0.41979064654837633,9.270031873939645,1.2417009901904794,0.0,0.9841269841269841,0.0,0.1,0.0,0.9999999999999999,0.3,0.08,0.14,0.501495633441176,0.25149563344117604
308,0.9253547589659774,0.5351783334461052,0.9253547589659774,0.5351783334461052,0.2583334033732473,0.5407709707366251,0.5457142857142857,0.4148349936238146,0.3832578391002562,0.1,0.5457142857142857,0.4148349936238146,0.3832578391002562,0.1,0.15714285714285714,0.20857142857142857,0.0,39.76,0.23714285714285716,0.0,2.8601818167758997e-18,0.11913191748273115,11.794285714285714,0.007253822189703692,0.014402915574471264,0.15435229331382222,0.08,0,0.22476624920219604,0.41769169331563444,9.293202665032279,1.2168669703866697,0.0,0.9863013698630136,0.0,0.1,0.0,0.9999999999999999,0.3,0.08,0.15714285714285714,0.5014507644379408,0.25145076443794073
309,0.9259504025212186,0.535570479303354,0.9259504025212186,0.535570479303354,0.2583334033732473,0.5406990284315139,0.47714285714285715,0.4148349936238146,0.3832578391002562,0.1,0.47714285714285715,0.4148349936238146,0.3832578391002562,0.1,0.1657142857142857,0.19428571428571428,0.0,39.917142857142856,0.24,0.0,2.8615551548415214e-18,0.11910895043272031,11.794285714285714,0.007036207524012581,0.01397386145270807,0.15422172451440755,0.08,0,0.2244134186704708,0.41560323484905626,9.301624326017349,1.1925296309789364,0.0,1.0,0.0,0.1,0.0,0.9999999999999999,0.3,0.08,0.1657142857142857,0.5014072415048025,0.25140724150480254
310,0.925661545149337,0.5366394149515679,0.925661545149337,0.5366394149515679,0.2583334033732473,0.5406238406265018,0.5685714285714286,0.4149492793381004,0.3833435533859706,0.1,0.5685714285714286,0.4149492793381004,0.3833435533859706,0.1,0.15428571428571428,0.17142857142857143,0.0,40.0,0.2342857142857143,0.0,2.8628897539400837e-18,0.11908667239420985,11.794285714285714,0.006825121298292203,0.013557500498734498,0.15409507277897533,0.08,0,0.2244053515771184,0.42663826854326503,9.287020410925571,1.2293012999353368,0.0,0.9833333333333333,0.0,0.1,0.0,0.9999999999999999,0.3,0.08,0.15428571428571428,0.5013650242596585,0.25136502425965845
311,0.9248331168343709,0.5366313240551682,0.9248331168343709,0.5366313240551682,0.2583334033732473,0.5404379230614398,0.5,0.4150064221952432,0.38338641052882766,0.1,0.5,0.4150064221952432,0.38338641052882766,0.1,0.15714285714285714,0.18857142857142858,0.0,40.12285714285714,0.23714285714285716,0.0,2.8641866341904097e-18,0.11906506269685467,11.794285714285714,0.006620367659343437,0.013153462393335258,0.15397222059560606,0.08,0,0.22462503981923282,0.42450507720054875,9.289851431278489,1.20471527393663,0.0,0.9848484848484849,0.0,0.1,0.0,0.9999999999999999,0.3,0.08,0.15714285714285714,0.5013240735318687,0.2513240735318687
312,0.9263488773373401,0.5354568683775359,0.9263488773373401,0.5354568683775359,0.2583334033732473,0.540361305799305,0.49142857142857144,0.4150064221952432,0.38338641052882766,0.1,0.49142857142857144,0.4150064221952432,0.38338641052882766,0.1,0.1657142857142857,0.18571428571428572,0.0,40.285714285714285,0.23142857142857143,0.0,2.86544679320843e-18,0.11904410129042015,11.794285714285714,0.006421756629563133,0.012761387313916961,0.15385305397773788,0.08,0,0.22427291462013665,0.422382551814546,9.289768688367204,1.1806209684578972,0.0,1.0,0.0,0.1,0.0,0.9999999999999999,0.3,0.08,0.1657142857142857,0.5012843513259126,0.25128435132591265
313,0.9247342802048422,0.5361757952764837,0.9247342802048422,0.5361757952764837,0.2583334033732473,0.5402651528321168,0.5714285714285714,0.4150064221952432,0.38338641052882766,0.1,0.5714285714285714,0.4150064221952432,0.38338641052882766,0.1,0.13428571428571429,0.15714285714285714,0.0,40.39142857142857,0.2342857142857143,0.0,2.8666712063289015e-18,0.1190237687261786,11.794285714285714,0.006229103930676239,0.012380925655299913,0.15373746235840574,0.08,0,0.2238368357613217,0.42027063905547324,9.261116171742719,1.1570085490887392,0.0,1.0,0.0,0.1,0.0,0.9999999999999999,0.3,0.08,0.13428571428571429,0.5012458207861352,0.2512458207861352
314,0.9248519949413415,0.5361628840810684,0.9248519949413415,0.5361628840810684,0.2583334033732473,0.5402921586888413,0.54,0.4151207079095289,0.38347212481454196,0.1,0.54,0.4151207079095289,0.38347212481454196,0.1,0.16857142857142857,0.2057142857142857,0.0,40.537142857142854,0.23142857142857143,0.0,2.8678608268450958e-18,0.1190040461388644,11.794285714285714,0.006042230812755952,0.012011737756823071,0.15362533848765356,0.08,0,0.2240593665825151,0.41816928586019586,9.28160813402215,1.1338683781069643,0.0,0.9861111111111112,0.0,0.1,0.0,0.9999999999999999,0.3,0.08,0.16857142857142857,0.5012084461625512,0.25120844616255117
315,0.924523977165969,0.5358809605583752,0.924523977165969,0.5358809605583752,0.2583334033732473,0.5402701414228387,0.5057142857142857,0.41534927933810034,0.38364355338597056,0.1,0.5057142857142857,0.41534927933810034,0.38364355338597056,0.1,0.1457142857142857,0.18,0.0,40.674285714285716,0.2342857142857143,0.0,2.8690165862646478e-18,0.11898491522916958,11.794285714285714,0.005860963888373273,0.011653493635690682,0.15351657833302396,0.08,0,0.22451021260674536,0.41607843943089484,9.275975971341706,1.111191010544825,0.0,0.9682539682539683,0.0,0.1,0.0,0.9999999999999999,0.3,0.08,0.1457142857142857,0.5011721927776747,0.25117219277767466
316,0.9243997962454131,0.5355980139633594,0.9243997962454131,0.5355980139633594,0.2583334033732473,0.5400705188599191,0.5342857142857143,0.4155207079095289,0.3837721248145419,0.1,0.5342857142857143,0.4155207079095289,0.3837721248145419,0.1,0.18285714285714286,0.22285714285714286,0.0,40.82857142857143,0.2342857142857143,0.0,2.8701393945798517e-18,0.11896635824676557,11.794285714285714,0.005685134971722075,0.011305872726485089,0.15341108098303324,0.08,0,0.2252148072544259,0.47234461730607963,9.313313594772016,1.2863867303364065,0.0,0.9743589743589743,0.0,0.1,0.0,0.9999999999999999,0.3,0.08,0.18285714285714286,0.5011370269943444,0.2511370269943444
317,0.9242467697785003,0.5359424715778205,0.9242467697785003,0.5359424715778205,0.2583334033732473,0.5398898847844131,0.5457142857142857,0.4156349936238147,0.3838578391002562,0.1,0.5457142857142857,0.4156349936238147,0.3838578391002562,0.1,0.15428571428571428,0.18,0.0,40.925714285714285,0.2342857142857143,0.0,2.871230140550845e-18,0.11894835797383375,11.794285714285714,0.005514580922570412,0.010968563626765016,0.15330874855354223,0.08,0,0.22517444750386809,0.4699828942195492,9.307047322876576,1.2833836498989062,0.0,0.9841269841269841,0.0,0.1,0.0,0.9999999999999999,0.3,0.08,0.15428571428571428,0.5011029161845141,0.2511029161845141
318,0.9244954215475683,0.5361885267870482,0.9244954215475683,0.5361885267870482,0.2583334033732473,0.5397850977894844,0.5142857142857142,0.4158064221952433,0.38398641052882765,0.1,0.5142857142857142,0.4158064221952433,0.38398641052882765,0.1,0.19428571428571428,0.22285714285714286,0.0,41.06,0.23714285714285716,0.0,2.8722896920001753e-18,0.11893089770908984,11.794285714285714,0.0053491434948933,0.010641263848666926,0.15320948609693597,0.08,0,0.22584757598063449,0.46763297974845147,9.343763519276186,1.2577159769009283,0.0,0.9743589743589743,0.0,0.1,0.0,0.9999999999999999,0.3,0.08,0.19428571428571428,0.5010698286989786,0.25106982869897865
319,0.9254998111068773,0.5373432035716075,0.9254998111068773,0.5373432035716075,0.2583334033732473,0.5395571135995605,0.52,0.4158635650523861,0.3840292676716848,0.1,0.52,0.4158635650523861,0.3840292676716848,0.1,0.16857142857142857,0.19714285714285715,0.0,41.19428571428571,0.2342857142857143,0.0,2.8733188961173787e-18,0.11891396125228827,11.794285714285714,0.005188669190046501,0.010323679576421774,0.1531132015140279,0.08,0,0.225889623815017,0.4652948148497092,9.354031106033519,1.2325616573629095,0.0,0.9855072463768116,0.0,0.1,0.0,0.9999999999999999,0.3,0.08,0.16857142857142857,0.5010377338380093,0.2510377338380093
320,0.9251266864123685,0.5376259290858684,0.9251266864123685,0.5376259290858684,0.2583334033732473,0.5393757354115063,0.5342857142857143,0.41592070790952884,0.384072124814542,0.1,0.5342857142857143,0.41592070790952884,0.384072124814542,0.1,0.1457142857142857,0.16,0.0,41.371428571428574,0.24,0.0,2.874318579772255e-18,0.11889753288919074,11.794285714285714,0.005033009114345106,0.010015525429698746,0.15301980546860705,0.08,0,0.22581703283879903,0.4857104490459667,9.326950483912848,1.3094752861184862,0.0,0.9821428571428571,0.0,0.1,0.0,0.9999999999999999,0.3,0.08,0.1457142857142857,0.501006601822869,0.25100660182286905
321,0.9240433123394655,0.5366286782049089,0.9240433123394655,0.5366286782049089,0.2583334033732473,0.5391667508776041,0.5342857142857143,0.41609213648095744,0.38420069624311337,0.1,0.5342857142857143,0.41609213648095744,0.38420069624311337,0.1,0.17714285714285713,0.18857142857142858,0.0,41.488571428571426,0.24,0.0,2.4508330426979394e-18,0.12945153205918283,11.794285714285714,0.10503300911434511,0.18946926559954713,0.21301980546860705,0.08,0,0.22637266267460507,0.5055027579205708,9.32898290280602,1.3906693724316241,0.0,0.9696969696969697,0.0,0.1,0.0,0.9999999999999999,0.3,0.08,0.17714285714285713,0.5210066018228691,0.271006601822869
322,0.9231024999837054,0.5367326295561786,0.9231024999837054,0.5367326295561786,0.2583334033732473,0.5388625777937406,0.5428571428571428,0.41626356505238604,0.3843292676716848,0.1,0.5428571428571428,0.41626356505238604,0.3843292676716848,0.1,0.16285714285714287,0.2,0.0,41.64,0.24285714285714285,0.0,2.4589626159738825e-18,0.12911897657187846,11.794285714285714,0.10188201884091476,0.1843451877176906,0.21112921130454884,0.08,0,0.22703923007551774,0.502975244130968,9.3424032447499,1.394702129002283,0.0,0.9714285714285714,0.0,0.1,0.0,0.9999999999999999,0.3,0.08,0.16285714285714287,0.520376403768183,0.27037640376818295
323,0.9250356253188353,0.5369665383520904,0.9250356253188353,0.5369665383520904,0.2583334033732473,0.5386740990504432,0.5257142857142857,0.4163778507666718,0.38441498195739915,0.1,0.5257142857142857,0.4163778507666718,0.38441498195739915,0.1,0.16285714285714287,0.19142857142857142,0.0,41.77428571428572,0.23714285714285716,0.0,2.4670951026837197e-18,0.12879639774919327,11.794285714285714,0.09882555827568731,0.17934388346528107,0.2092953349654124,0.08,0,0.2275037482108544,0.5037885478695847,9.346983751283473,1.4603304175536183,0.0,0.9701492537313433,0.0,0.1,0.0,0.9999999999999999,0.3,0.08,0.16285714285714287,0.5197651116551375,0.26976511165513745
324,0.9251357397960873,0.5363881220896904,0.9251357397960873,0.5363881220896904,0.2583334033732473,0.5386715632003098,0.5257142857142857,0.4163778507666718,0.38441498195739915,0.1,0.5257142857142857,0.4163778507666718,0.38441498195739915,0.1,0.16285714285714287,0.19428571428571428,0.0,41.9,0.23714285714285716,0.0,2.475221975036634e-18,0.12848349629118852,11.794285714285714,0.0958607915274167,0.17446332010095666,0.20751647491645,0.08,0,0.2271655158983716,0.5012696051302368,9.354329790543517,1.4311238092025458,0.0,1.0,0.0,0.1,0.0,0.9999999999999999,0.3,0.08,0.16285714285714287,0.5191721583054834,0.26917215830548336
325,0.9255026483837402,0.53635835903153,0.9255026483837402,0.53635835903153,0.2583334033732473,0.5385577889052288,0.5485714285714286,0.4163778507666718,0.38441498195739915,0.1,0.5485714285714286,0.4163778507666718,0.38441498195739915,0.1,0.18285714285714286,0.21142857142857144,0.0,42.034285714285716,0.23714285714285716,0.0,2.483335035777569e-18,0.12817998187692403,11.794285714285714,0.0929849677815942,0.16970144293480105,0.2057909806689565,0.08,0,0.226943117604594,0.4987632571045856,9.378671766161217,1.402501333018495,0.0,1.0,0.0,0.1,0.0,0.9999999999999999,0.3,0.08,0.18285714285714286,0.5185969935563188,0.26859699355631883
326,0.92541688487552,0.5369390121558038,0.92541688487552,0.5369390121558038,0.2583334033732473,0.5383659214023878,0.5228571428571429,0.4166064221952432,0.38458641052882775,0.1,0.5228571428571429,0.4166064221952432,0.38458641052882775,0.1,0.17714285714285713,0.20285714285714285,0.0,42.182857142857145,0.23714285714285716,0.0,2.4914264289485415e-18,0.1278855728950874,11.794285714285714,0.09019541874814636,0.16505617971978281,0.2041172512488878,0.08,0,0.2278368305879996,0.4962694408190627,9.393955473695138,1.374451306358125,0.0,0.9577464788732394,0.0,0.1,0.0,0.9999999999999999,0.3,0.08,0.17714285714285713,0.5180390837496293,0.26803908374962926
327,0.9238114572568215,0.5379199757844964,0.9238114572568215,0.5379199757844964,0.2583334033732473,0.5382184138630056,0.5057142857142857,0.41677785076667173,0.38471498195739906,0.1,0.5057142857142857,0.41677785076667173,0.38471498195739906,0.1,0.18285714285714286,0.21714285714285714,0.0,42.34,0.2342857142857143,0.0,2.499488648126881e-18,0.12759999618270587,11.794285714285714,0.08748955618570196,0.16052544478119457,0.20249373371142118,0.08,0,0.22838293214934532,0.49378809361496734,9.423219221364091,1.3469622802309624,0.0,0.9736842105263158,0.0,0.1,0.0,0.9999999999999999,0.3,0.08,0.18285714285714286,0.5174979112371404,0.2674979112371404
328,0.9232998255408377,0.5380144400668597,0.9232998255408377,0.5380144400668597,0.2583334033732473,0.5380042733259635,0.5114285714285715,0.41677785076667173,0.38471498195739906,0.1,0.5114285714285715,0.41677785076667173,0.38471498195739906,0.1,0.1657142857142857,0.2057142857142857,0.0,42.45142857142857,0.2342857142857143,0.0,2.5075145423172047e-18,0.12732298677169582,11.794285714285714,0.0848648695001309,0.15610714289299887,0.20091892170007852,0.08,0,0.22804073177431292,0.4913191531468925,9.440469122651097,1.3200230346263433,0.0,1.0,0.0,0.1,0.0,0.9999999999999999,0.3,0.08,0.1657142857142857,0.5169729739000262,0.26697297390002617
329,0.9233022038714778,0.5383348596278216,0.9233022038714778,0.5383348596278216,0.2583334033732473,0.5376811153007548,0.5428571428571428,0.41677785076667173,0.38471498195739906,0.1,0.5428571428571428,0.41677785076667173,0.38471498195739906,0.1,0.13428571428571429,0.17142857142857143,0.0,42.61142857142857,0.2342857142857143,0.0,2.515497319674498e-18,0.12705428764301607,11.794285714285714,0.08231892341512698,0.15179917291011336,0.19939135404907618,0.08,0,0.22755752811544133,0.4888625573811581,9.423088311626644,1.2936225739338165,0.0,1.0,0.0,0.1,0.0,0.9999999999999999,0.3,0.08,0.13428571428571429,0.5164637846830253,0.2664637846830254
330,0.9240048495780895,0.53775890457297,0.9240048495780895,0.53775890457297,0.2583334033732473,0.5374370489058897,0.5171428571428571,0.4168921364809575,0.3848006962431134,0.1,0.5171428571428571,0.4168921364809575,0.3848006962431134,0.1,0.14,0.16857142857142857,0.0,42.722857142857144,0.23142857142857143,0.0,2.523430549234375e-18,0.12679364948819669,11.794285714285714,0.07984935571267317,0.14759943116573326,0.19790961342760388,0.08,0,0.22764745547486412,0.48641824459425226,9.40319797396554,1.2677501224551402,0.0,0.9830508474576272,0.0,0.1,0.0,0.9999999999999999,0.3,0.08,0.14,0.5159698711425347,0.2659698711425346
331,0.924181135279867,0.5371379585390988,0.924181135279867,0.5371379585390988,0.2583334033732473,0.5372404990812636,0.54,0.41694927933810033,0.38484355338597054,0.1,0.54,0.41694927933810033,0.38484355338597054,0.1,0.16,0.18571428571428572,0.0,42.84285714285714,0.23714285714285716,0.0,2.531308160823594e-18,0.12654083047802187,11.794285714285714,0.07745387504129297,0.14350581464281253,0.19647232502477577,0.08,0,0.22779379105463265,0.48426877071449276,9.400848300200515,1.2423951200060372,0.0,0.9846153846153847,0.0,0.1,0.0,0.9999999999999999,0.3,0.08,0.16,0.5154907750082586,0.2654907750082586
332,0.9249999220054156,0.5372730143034742,0.9249999220054156,0.5372730143034742,0.2583334033732473,0.5369506980847234,0.5371428571428571,0.41712070790952893,0.38497212481454196,0.1,0.5371428571428571,0.41712070790952893,0.38497212481454196,0.1,0.16857142857142857,0.2,0.0,42.96857142857143,0.2342857142857143,0.0,2.5391244433196035e-18,0.12629559603815238,11.794285714285714,0.07513025879005418,0.13951622392880558,0.1950781552740325,0.08,0,0.2283682513850738,0.4818474268609203,9.412831334196504,1.2925714341727623,0.0,0.9714285714285714,0.0,0.1,0.0,0.9999999999999999,0.3,0.08,0.16857142857142857,0.5150260517580109,0.26502605175801086
333,0.9257857089694663,0.5367467283080164,0.9257857089694663,0.5367467283080164,0.2583334033732473,0.5365649508432392,0.58,0.41717785076667174,0.3850149819573991,0.1,0.58,0.41717785076667174,0.3850149819573991,0.1,0.1657142857142857,0.18857142857142858,0.0,43.09142857142857,0.23142857142857143,0.0,2.546874041422409e-18,0.12605771863147888,11.794285714285714,0.07287635102635255,0.13562856596270934,0.1937258106158115,0.08,0,0.22842598155671986,0.47943818972661567,9.413146136084002,1.2667200054893073,0.0,0.9848484848484849,0.0,0.1,0.0,0.9999999999999999,0.3,0.08,0.1657142857142857,0.5145752702052705,0.2645752702052705
334,0.9258864973066377,0.5366285297539211,0.9258864973066377,0.5366285297539211,0.2583334033732473,0.53610142329361,0.5542857142857143,0.4172921364809575,0.3851006962431134,0.1,0.5542857142857143,0.4172921364809575,0.3851006962431134,0.1,0.1457142857142857,0.15714285714285714,0.0,43.22,0.22857142857142856,0.0,2.554551951095723e-18,0.12582697754700561,11.794285714285714,0.07069006049556198,0.1318407565833598,0.19241403629733717,0.08,0,0.22925485164893628,0.47704099877798256,9.38202607050518,1.2566039835622143,0.0,0.9454545454545454,0.0,0.1,0.0,0.9999999999999999,0.3,0.08,0.1457142857142857,0.5141380120991124,0.2641380120991124
335,0.9251171058584237,0.5359814825178228,0.9251171058584237,0.5359814825178228,0.2583334033732473,0.5356387023462748,0.5057142857142857,0.4172921364809575,0.3851006962431134,0.1,0.5057142857142857,0.4172921364809575,0.3851006962431134,0.1,0.15142857142857144,0.17714285714285713,0.0,43.35142857142857,0.2257142857142857,0.0,2.5621535138273166e-18,0.12560315869506655,11.794285714285714,0.06856935868069512,0.12815072288781204,0.19114161520841708,0.08,0,0.22885072024783443,0.47465579378409267,9.371528406237932,1.23147190389097,0.0,1.0,0.0,0.1,0.0,0.9999999999999999,0.3,0.08,0.15142857142857144,0.513713871736139,0.263713871736139
336,0.9239207615272611,0.5359750624947263,0.9239207615272611,0.5359750624947263,0.2583334033732473,0.5351076158898198,0.5142857142857142,0.4173492793381003,0.38514355338597056,0.1,0.5142857142857142,0.4173492793381003,0.38514355338597056,0.1,0.17142857142857143,0.19714285714285715,0.0,43.48285714285714,0.2257142857142857,0.0,2.569674409850928e-18,0.12538605440868578,11.794285714285714,0.06651227792027427,0.12455640540849067,0.18990736675216455,0.08,0,0.2290760416430238,0.4722825148151722,9.38124069525603,1.2068424658131507,0.0,0.9855072463768116,0.0,0.1,0.0,0.9999999999999999,0.3,0.08,0.17142857142857143,0.5133024555840549,0.26330245558405485
337,0.9236569437881014,0.5365429410275887,0.9236569437881014,0.5365429410275887,0.2583334033732473,0.5346269031093474,0.5057142857142857,0.41763499362381457,0.3853578391002562,0.1,0.5057142857142857,0.41763499362381457,0.3853578391002562,0.1,0.1657142857142857,0.19714285714285715,0.0,43.62571428571429,0.22857142857142856,0.0,2.577110650464183e-18,0.1251754632508963,11.794285714285714,0.06451690958266604,0.12105576011762875,0.1887101457495996,0.08,0,0.2300156621490944,0.4699211022410963,9.390758738493766,1.2237111433431933,0.0,0.9565217391304348,0.0,0.1,0.0,0.9999999999999999,0.3,0.08,0.1657142857142857,0.5129033819165332,0.26290338191653323
338,0.923778733770042,0.5374261694661174,0.923778733770042,0.5374261694661174,0.2583334033732473,0.5342297580795111,0.5114285714285715,0.41780642219524317,0.3854864105288277,0.1,0.5114285714285715,0.41780642219524317,0.3854864105288277,0.1,0.13714285714285715,0.17142857142857143,0.0,43.74857142857143,0.2257142857142857,0.0,2.5844585695688334e-18,0.12497118982784049,11.794285714285714,0.06258140229518605,0.11764676026733134,0.1875488413771116,0.08,0,0.23043629883834893,0.48458273436147153,9.374372135152463,1.221265004627259,0.0,0.9666666666666667,0.0,0.1,0.0,0.9999999999999999,0.3,0.08,0.13714285714285715,0.5125162804590372,0.2625162804590372
339,0.9233225196505448,0.5375023655382322,0.9233225196505448,0.5375023655382322,0.2583334033732473,0.5338609527460261,0.5028571428571429,0.41786356505238603,0.3855292676716848,0.1,0.5028571428571429,0.41786356505238603,0.3855292676716848,0.1,0.15428571428571428,0.18,0.0,43.871428571428574,0.22857142857142856,0.0,2.5917148145514074e-18,0.12477304460747639,11.794285714285714,0.06070396022633047,0.11432739807339232,0.18642237613579826,0.08,0,0.23059711805844293,0.4821598206896642,9.366884692449414,1.24170200232005,0.0,0.9841269841269841,0.0,0.1,0.0,0.9999999999999999,0.3,0.08,0.15428571428571428,0.5121407920452661,0.2621407920452661
340,0.9238990752073593,0.537579799358494,0.9238990752073593,0.537579799358494,0.2583334033732473,0.533523705218998,0.5485714285714286,0.41786356505238603,0.3855292676716848,0.1,0.5485714285714286,0.41786356505238603,0.3855292676716848,0.1,0.16,0.19428571428571428,0.0,44.011428571428574,0.22857142857142856,0.0,2.5988763366141057e-18,0.12458084374372323,11.794285714285714,0.05888284141954055,0.11109568625078814,0.18532970485172434,0.08,0,0.23030056103957927,0.47974902158621585,9.37383271288614,1.216867962273649,0.0,1.0,0.0,0.1,0.0,0.9999999999999999,0.3,0.08,0.16,0.5117765682839082,0.2617765682839081
341,0.922273835713669,0.5374890394209123,0.922273835713669,0.5374890394209123,0.2583334033732473,0.5333367995069793,0.5514285714285714,0.41792070790952884,0.38557212481454195,0.1,0.5514285714285714,0.41792070790952884,0.38557212481454195,0.1,0.1742857142857143,0.21142857142857144,0.0,44.097142857142856,0.23142857142857143,0.0,2.605940380657658e-18,0.12439440890588263,11.794285714285714,0.05711635617695433,0.10794965940854029,0.1842698137061726,0.08,0,0.23040591537723848,0.4773502764782847,9.39778463005699,1.2686665323162454,0.0,0.9864864864864865,0.0,0.1,0.0,0.9999999999999999,0.3,0.08,0.1742857142857143,0.5114232712353909,0.2614232712353909
342,0.9222515890794446,0.5372738170263837,0.9222515890794446,0.5372738170263837,0.2583334033732473,0.5331969670012863,0.5428571428571428,0.41792070790952884,0.38557212481454195,0.1,0.5428571428571428,0.41792070790952884,0.38557212481454195,0.1,0.16285714285714287,0.19714285714285715,0.0,44.22,0.23142857142857143,0.0,2.612904474809843e-18,0.12421356711317724,11.794285714285714,0.0554028654916457,0.10488737531141057,0.18324171929498742,0.08,0,0.23008202937178088,0.4749635250958933,9.406971794598705,1.2432932016699203,0.0,1.0,0.0,0.1,0.0,0.9999999999999999,0.3,0.08,0.16285714285714287,0.5110805730983291,0.26108057309832916
343,0.9207775055567567,0.5362755377335245,0.9207775055567567,0.5362755377335245,0.2583334033732473,0.5329666721510348,0.5885714285714285,0.41792070790952884,0.38557212481454195,0.1,0.5885714285714285,0.41792070790952884,0.38557212481454195,0.1,0.14857142857142858,0.16857142857142857,0.0,44.34,0.23142857142857143,0.0,2.6197664196856143e-18,0.12403815057425305,11.794285714285714,0.05374077952689633,0.10190691601565216,0.18224446771613778,0.08,0,0.229588619224922,0.4725887074704138,9.38740378727816,1.218427337636522,0.0,1.0,0.0,0.1,0.0,0.9999999999999999,0.3,0.08,0.14857142857142858,0.5107481559053793,0.26074815590537925
344,0.9208747088402636,0.5360620128493835,0.9208747088402636,0.5360620128493835,0.2583334033732473,0.5327625892275744,0.5914285714285714,0.41792070790952884,0.38557212481454195,0.1,0.5914285714285714,0.41792070790952884,0.38557212481454195,0.1,0.15142857142857144,0.17714285714285713,0.0,44.48,0.22857142857142856,0.0,2.6265242774572463e-18,0.12386799653149658,11.794285714285714,0.05212855614108944,0.0990063888857986,0.18127713368465365,0.08,0,0.2292399618430831,0.47022576393306176,9.376798568675452,1.1940587908837914,0.0,1.0,0.0,0.1,0.0,0.9999999999999999,0.3,0.08,0.15142857142857144,0.5104257112282179,0.2604257112282179
345,0.9207776100245695,0.535802596729943,0.9207776100245695,0.535802596729943,0.2583334033732473,0.5323955744283416,0.5428571428571428,0.4179778507666717,0.3856149819573991,0.1,0.5428571428571428,0.4179778507666717,0.3856149819573991,0.1,0.1457142857142857,0.17714285714285713,0.0,44.61714285714286,0.22857142857142856,0.0,2.6331763608057412e-18,0.12370294711002279,11.794285714285714,0.05056469945685675,0.09618392749922455,0.18033881967411405,0.08,0,0.2292929056052962,0.5014712718717167,9.3664054544448,1.234142986625866,0.0,0.9838709677419355,0.0,0.1,0.0,0.9999999999999999,0.3,0.08,0.1457142857142857,0.5101129398913713,0.26011293989137135
346,0.9207524172171033,0.5352349074897157,0.9207524172171033,0.5352349074897157,0.2583334033732473,0.5320119231602034,0.5371428571428571,0.4179778507666717,0.3856149819573991,0.1,0.5371428571428571,0.4179778507666717,0.3856149819573991,0.1,0.15714285714285714,0.18857142857142858,0.0,44.72857142857143,0.2257142857142857,0.0,2.6397212218177927e-18,0.1235428491711932,11.794285714285714,0.04904775847315105,0.09343769244496569,0.1794286550838906,0.08,0,0.2290310132201269,0.4989639155123581,9.367648773927334,1.2094601268933485,0.0,1.0,0.0,0.1,0.0,0.9999999999999999,0.3,0.08,0.15714285714285714,0.5098095516946302,0.2598095516946302
347,0.9203686235138312,0.5350594336921565,0.9203686235138312,0.5350594336921565,0.2583334033732473,0.531677548073396,0.5228571428571429,0.4179778507666717,0.3856149819573991,0.1,0.5228571428571429,0.4179778507666717,0.3856149819573991,0.1,0.14857142857142858,0.18,0.0,44.88,0.2257142857142857,0.0,2.6461576408861213e-18,0.12338755417052852,11.794285714285714,0.047576325718956515,0.09076587202303954,0.1785457954313739,0.08,0,0.22911385815402627,0.49646909593479627,9.360295798448787,1.1852709243554815,0.0,0.9841269841269841,0.0,0.1,0.0,0.9999999999999999,0.3,0.08,0.14857142857142858,0.5095152651437913,0.2595152651437913
348,0.9206510574438148,0.535201686645373,0.9206510574438148,0.535201686645373,0.2583334033732473,0.5314770579683575,0.54,0.4179778507666717,0.3856149819573991,0.1,0.54,0.4179778507666717,0.3856149819573991,0.1,0.1742857142857143,0.2,0.0,44.99142857142857,0.23142857142857143,0.0,2.6524846156647887e-18,0.1232369180198838,11.794285714285714,0.04614903594738782,0.08816668285025797,0.17768942156843268,0.08,0,0.22882486029182758,0.4939867504551223,9.37308988247981,1.1615655058683718,0.0,1.0,0.0,0.1,0.0,0.9999999999999999,0.3,0.08,0.1742857142857143,0.5092298071894775,0.2592298071894776
349,0.9217762810171437,0.533958790355905,0.9217762810171437,0.533958790355905,0.2583334033732473,0.5314491500519549,0.5,0.4181492793381003,0.3857435533859705,0.1,0.5,0.4181492793381003,0.3857435533859705,0.1,0.16,0.18571428571428572,0.0,45.11714285714286,0.22857142857142856,0.0,2.658701350125279e-18,0.12309080095375838,11.794285714285714,0.044764564868966183,0.08563837037828248,0.1768587389213797,0.08,0,0.2292518788475113,0.4915168167028467,9.3713423705445,1.2330652193166154,0.0,0.9692307692307692,0.0,0.1,0.0,0.9999999999999999,0.3,0.08,0.16,0.5089529129737932,0.25895291297379325
350,0.9223798099701308,0.5350163862783672,0.9223798099701308,0.5350163862783672,0.2583334033732473,0.5314321463506494,0.5514285714285714,0.41832070790952885,0.385872124814542,0.1,0.5514285714285714,0.41832070790952885,0.385872124814542,0.1,0.16,0.19142857142857142,0.0,45.23714285714286,0.23142857142857143,0.0,2.66480724375371e-18,0.12294906739961675,11.794285714285714,0.043421627922897194,0.08317920932942868,0.17605297675373832,0.08,0,0.22970519088184513,0.4890592326193325,9.375344094562182,1.208403914930283,0.0,0.9701492537313433,0.0,0.1,0.0,0.9999999999999999,0.3,0.08,0.16,0.5086843255845794,0.25868432558457943
351,0.9229612703092662,0.5356877768589527,0.9229612703092662,0.5356877768589527,0.2583334033732473,0.5314848764063934,0.5714285714285714,0.4185492793381003,0.3860435533859706,0.1,0.5714285714285714,0.4185492793381003,0.3860435533859706,0.1,0.1742857142857143,0.2,0.0,45.35142857142857,0.22857142857142856,0.0,2.6708018809244626e-18,0.12281158585209936,11.794285714285714,0.04211897908521028,0.08078750405548829,0.17527138745112616,0.08,0,0.2302700942131502,0.4977605125762917,9.387837212670936,1.4291139384764753,0.0,0.9714285714285714,0.0,0.1,0.0,0.9999999999999999,0.3,0.08,0.1742857142857143,0.508423795817042,0.25842379581704206
352,0.9235183430212617,0.5351544756553546,0.9235183430212617,0.5351544756553546,0.2583334033732473,0.5315806930525065,0.5714285714285714,0.41866356505238594,0.3861292676716849,0.1,0.5714285714285714,0.41866356505238594,0.3861292676716849,0.1,0.1657142857142857,0.19428571428571428,0.0,45.488571428571426,0.2257142857142857,0.0,2.6766850204807587e-18,0.12267822875100752,11.794285714285714,0.040855409712653966,0.07846158882460419,0.17451324582759237,0.08,0,0.23114702945637017,0.53983234289702,9.394366182703234,1.5144043732913837,0.0,0.9558823529411765,0.0,0.1,0.0,0.9999999999999999,0.3,0.08,0.1657142857142857,0.5081710819425308,0.2581710819425308
353,0.9227238585592048,0.535840717793142,0.9227238585592048,0.535840717793142,0.2583334033732473,0.5317853924893855,0.5314285714285715,0.41877785076667173,0.3862149819573991,0.1,0.5314285714285715,0.41877785076667173,0.3862149819573991,0.1,0.17714285714285713,0.2057142857142857,0.0,45.6,0.2257142857142857,0.0,2.6824565855484182e-18,0.12254887236294841,11.794285714285714,0.03962974742127435,0.07619982804100356,0.17377784845276462,0.08,0,0.2313323014341062,0.537133181182535,9.412193144763455,1.5924047716929297,0.0,0.9861111111111112,0.0,0.1,0.0,0.9999999999999999,0.3,0.08,0.17714285714285713,0.5079259494842548,0.25792594948425485
354,0.9227920350292746,0.535649256642252,0.9227920350292746,0.535649256642252,0.2583334033732473,0.5320311185178378,0.5685714285714286,0.4188427615488847,0.3863864105288277,0.1,0.5685714285714286,0.4188427615488847,0.3863864105288277,0.1,0.12,0.14,0.0,45.7,0.2257142857142857,0.0,2.6881166536049355e-18,0.12242339666653103,11.794285714285714,0.038440854998636115,0.07400061640217215,0.17306451299918166,0.08,0,0.23163249706979283,0.5344475152766223,9.363949281868186,1.560556676259071,0.0,0.9591836734693877,0.0,0.1,0.0,0.9999999999999999,0.3,0.08,0.12,0.5076881709997272,0.25768817099972724
355,0.922709942342048,0.5353175704244799,0.922709942342048,0.5353175704244799,0.2583334033732473,0.5323109589496918,0.5171428571428571,0.4188427615488847,0.3863864105288277,0.1,0.5171428571428571,0.4188427615488847,0.3863864105288277,0.1,0.15142857142857144,0.1657142857142857,0.0,45.822857142857146,0.22285714285714286,0.0,2.6936654468223853e-18,0.12230168524100622,11.794285714285714,0.03728762934867703,0.07186237899783066,0.1723725776092062,0.08,0,0.23115947744158669,0.5317752777002391,9.342384581945108,1.5293455427338898,0.0,1.0,0.0,0.1,0.0,0.9999999999999999,0.3,0.08,0.15142857142857144,0.5074575258697354,0.2574575258697354
356,0.923936695865821,0.5353095433165043,0.923936695865821,0.5353095433165043,0.2583334033732473,0.5327622717965489,0.5542857142857143,0.41895704726317046,0.3864721248145419,0.1,0.5542857142857143,0.41895704726317046,0.3864721248145419,0.1,0.15714285714285714,0.18,0.0,45.94,0.22285714285714286,0.0,2.6991033226992298e-18,0.12218362515824713,11.794285714285714,0.036169000468216715,0.06978357135486657,0.17170140028093003,0.08,0,0.23140139933652157,0.529116401311738,9.335536890306203,1.4987586318792119,0.0,0.9841269841269841,0.0,0.1,0.0,0.9999999999999999,0.3,0.08,0.15714285714285714,0.5072338000936434,0.25723380009364333
357,0.9250698912067657,0.5355604147824935,0.9250698912067657,0.5355604147824935,0.2583334033732473,0.5331361173267717,0.5371428571428571,0.4190141901203133,0.38651498195739903,0.1,0.5371428571428571,0.4190141901203133,0.38651498195739903,0.1,0.16857142857142857,0.2,0.0,46.05714285714286,0.22285714285714286,0.0,2.7044307649930658e-18,0.12206910687797087,11.794285714285714,0.035083930454170215,0.06776267943216419,0.17105035827250212,0.08,0,0.23161396805055331,0.5264708193051792,9.348826152500077,1.4687834592416276,0.0,0.9857142857142858,0.0,0.1,0.0,0.9999999999999999,0.3,0.08,0.16857142857142857,0.507016786090834,0.25701678609083406
358,0.9244723236239119,0.5356180205300364,0.9244723236239119,0.5356180205300364,0.2583334033732473,0.5334250878347775,0.5628571428571428,0.4190141901203133,0.38651498195739903,0.1,0.5628571428571428,0.4190141901203133,0.38651498195739903,0.1,0.15714285714285714,0.18,0.0,46.18571428571428,0.22,0.0,2.7096483749635405e-18,0.12195802414610288,11.794285714285714,0.034031412540545106,0.06579821956907816,0.17041884752432707,0.08,0,0.23125546963887197,0.5238384652086533,9.34184962945008,1.439407790056795,0.0,1.0,0.0,0.1,0.0,0.9999999999999999,0.3,0.08,0.15714285714285714,0.506806282508109,0.256806282508109
359,0.9256495530030867,0.5356799360425015,0.9256495530030867,0.5356799360425015,0.2583334033732473,0.5338351454179127,0.6028571428571429,0.419128475834599,0.3866006962431134,0.1,0.6028571428571429,0.419128475834599,0.3866006962431134,0.1,0.14285714285714285,0.16,0.0,46.32,0.22,0.0,2.7147568629321346e-18,0.12185027389619088,11.794285714285714,0.03301047016432875,0.06388873839110187,0.16980628209859724,0.08,0,0.2311561922906776,0.5212192728826099,9.315012636861075,1.4106196342556592,0.0,0.9821428571428571,0.0,0.1,0.0,0.9999999999999999,0.3,0.08,0.14285714285714285,0.5066020940328657,0.25660209403286577
360,0.923791288879136,0.5354278654706174,0.923791288879136,0.5354278654706174,0.2583334033732473,0.5342684461826587,0.5742857142857143,0.4192427615488847,0.38668641052882763,0.1,0.5742857142857143,0.4192427615488847,0.38668641052882763,0.1,0.17714285714285713,0.2057142857142857,0.0,46.457142857142856,0.22,0.0,2.7197570401632477e-18,0.12174575615377628,11.794285714285714,0.03202015605939889,0.062032812676094284,0.16921209363563933,0.08,0,0.23182741275779567,0.5186131765181969,9.33442666983814,1.382407241570546,0.0,0.9722222222222222,0.0,0.1,0.0,0.9999999999999999,0.3,0.08,0.17714285714285713,0.5064040312118798,0.25640403121187977
361,0.9236869607406324,0.5354508772036887,0.9236869607406324,0.5354508772036887,0.2583334033732473,0.5345535071198952,0.5971428571428572,0.41935704726317047,0.386772124814542,0.1,0.5971428571428572,0.41935704726317047,0.386772124814542,0.1,0.15142857142857144,0.18,0.0,46.59142857142857,0.21714285714285714,0.0,2.7246498110690038e-18,0.12164437394363412,11.794285714285714,0.03105955137761692,0.060229049184251204,0.16863573082657016,0.08,0,0.23229641855114952,0.516020110635606,9.327738136441377,1.4311262820314345,0.0,0.9682539682539683,0.0,0.1,0.0,0.9999999999999999,0.3,0.08,0.15142857142857144,0.5062119102755234,0.25621191027552337
362,0.9239270506395436,0.5349399656661763,0.9239270506395436,0.5349399656661763,0.2583334033732473,0.5347919721438732,0.5885714285714285,0.41935704726317047,0.386772124814542,0.1,0.5885714285714285,0.41935704726317047,0.386772124814542,0.1,0.16857142857142857,0.20285714285714285,0.0,46.71142857142857,0.21714285714285714,0.0,2.7294361657383404e-18,0.12154603319979616,11.794285714285714,0.030127764836288415,0.05847608445482888,0.16807665890177304,0.08,0,0.23196293645839375,0.513440010082428,9.344040516569693,1.4025037563908058,0.0,1.0,0.0,0.1,0.0,0.9999999999999999,0.3,0.08,0.16857142857142857,0.5060255529672577,0.2560255529672577
363,0.9230405929759156,0.5347221164005924,0.9230405929759156,0.5347221164005924,0.2583334033732473,0.5348884878271902,0.54,0.4194141901203133,0.38681498195739905,0.1,0.54,0.4194141901203133,0.38681498195739905,0.1,0.1657142857142857,0.19428571428571428,0.0,46.84571428571429,0.21714285714285714,0.0,2.734117172789381e-18,0.12145064267827341,11.794285714285714,0.02922393189119976,0.05677258457246703,0.16753435913471984,0.08,0,0.23200269320467323,0.5108728100320158,9.351445420524012,1.4174934787700515,0.0,0.9852941176470589,0.0,0.1,0.0,0.9999999999999999,0.3,0.08,0.1657142857142857,0.5058447863782399,0.25584478637823993
364,0.9227698680255633,0.5337471126282123,0.9227698680255633,0.5337471126282123,0.2583334033732473,0.534958285609938,0.5314285714285715,0.4194713329774561,0.3868578391002562,0.1,0.5314285714285715,0.4194713329774561,0.3868578391002562,0.1,0.15714285714285714,0.17714285714285713,0.0,46.94857142857143,0.21714285714285714,0.0,2.7386939725426594e-18,0.1213581138723963,11.794285714285714,0.028347213934463766,0.05511724490579173,0.16700832836067825,0.08,0,0.23207067973864984,0.5083184459818557,9.34155936925639,1.3891436091946505,0.0,0.9838709677419355,0.0,0.1,0.0,0.9999999999999999,0.3,0.08,0.15714285714285714,0.5056694427868927,0.25566944278689274
365,0.9216468226833314,0.5336637774428903,0.9216468226833314,0.5336637774428903,0.2583334033732473,0.5349365769647946,0.5857142857142857,0.4196427615488847,0.38698641052882765,0.10285714285714286,0.5857142857142857,0.4196427615488847,0.38698641052882765,0.10285714285714286,0.16857142857142857,0.2,0.0,47.065714285714286,0.21714285714285714,0.0,2.7431677705115196e-18,0.1212683609306955,11.794285714285714,0.027496797516429854,0.053508789820830516,0.1664980785098579,0.08,0,0.23262404062567088,0.5294436422324307,9.354728181871259,1.437737492104769,0.0,0.9714285714285714,0.0,0.1,0.0,0.9999999999999999,0.3,0.08,0.16857142857142857,0.505499359503286,0.25549935950328595
366,0.9215720756635869,0.5328720911919889,0.9215720756635869,0.5328720911919889,0.2583334033732473,0.5347993519874626,0.5714285714285714,0.4196427615488847,0.38698641052882765,0.10285714285714286,0.5714285714285714,0.4196427615488847,0.38698641052882765,0.10285714285714286,0.1657142857142857,0.18857142857142858,0.0,47.19714285714286,0.21714285714285714,0.0,2.7475398312049387e-18,0.12118130057724577,11.794285714285714,0.026671893590936958,0.05194597237162091,0.16600313615456216,0.08,0,0.23220349185111397,0.5267964240212685,9.356205046805265,1.4089827422626735,0.0,1.0,0.0,0.1,0.0,0.9999999999999999,0.3,0.08,0.1657142857142857,0.5053343787181874,0.25533437871818737
367,0.9211796794189291,0.532910840173804,0.9211796794189291,0.532910840173804,0.2583334033732473,0.5344549648978969,0.5571428571428572,0.41969990440602756,0.38702926767168483,0.10285714285714286,0.5571428571428572,0.41969990440602756,0.38702926767168483,0.10285714285714286,0.1457142857142857,0.16857142857142857,0.0,47.325714285714284,0.21714285714285714,0.0,2.751811472237116e-18,0.12109685203439956,11.794285714285714,0.025871736783208848,0.050427573970253325,0.1655230420699253,0.08,0,0.23218490296328695,0.5241624419011622,9.337652374440587,1.38080308741742,0.0,0.9830508474576272,0.0,0.1,0.0,0.9999999999999999,0.3,0.08,0.1457142857142857,0.5051743473566418,0.2551743473566418
368,0.9221345575119025,0.5328730386116766,0.9221345575119025,0.5328730386116766,0.2583334033732473,0.5340856559645335,0.6085714285714285,0.41981419012031324,0.38711498195739913,0.10285714285714286,0.6085714285714285,0.41981419012031324,0.38711498195739913,0.10285714285714286,0.14857142857142858,0.1742857142857143,0.0,47.425714285714285,0.21714285714285714,0.0,2.7559840587373484e-18,0.12101493694783863,11.794285714285714,0.025095584679712582,0.048952404038457686,0.16505735080782755,0.08,0,0.23225155059132768,0.5215416296916564,9.325185041237491,1.3531870256690717,0.0,0.9836065573770492,0.0,0.1,0.0,0.9999999999999999,0.3,0.08,0.14857142857142858,0.5050191169359425,0.25501911693594254
369,0.9228277564955787,0.5334054363676155,0.9228277564955787,0.5334054363676155,0.2583334033732473,0.5338261812505127,0.5885714285714285,0.41981419012031324,0.38711498195739913,0.10285714285714286,0.5885714285714285,0.41981419012031324,0.38711498195739913,0.10285714285714286,0.13142857142857142,0.16285714285714287,0.0,47.574285714285715,0.21714285714285714,0.0,2.7600589980530624e-18,0.12093547931387462,11.794285714285714,0.024342717139321204,0.04751929964270851,0.1646056302835927,0.08,0,0.2318891506955139,0.5189339215431982,9.301538483269885,1.3261232851556901,0.0,1.0,0.0,0.1,0.0,0.9999999999999999,0.3,0.08,0.13142857142857142,0.5048685434278642,0.25486854342786425
370,0.9229619371780349,0.533932041916857,0.9229619371780349,0.533932041916857,0.2583334033732473,0.5336052845591763,0.5628571428571428,0.41981419012031324,0.38711498195739913,0.10285714285714286,0.5628571428571428,0.41981419012031324,0.38711498195739913,0.10285714285714286,0.15142857142857144,0.18,0.0,47.73428571428571,0.21714285714285714,0.0,2.7640377347383342e-18,0.12085840540892946,11.794285714285714,0.023612435625141568,0.04612712511470596,0.16416746137508492,0.08,0,0.23161441922775064,0.5163392519354821,9.295507713604486,1.299600819452576,0.0,1.0,0.0,0.1,0.0,0.9999999999999999,0.3,0.08,0.15142857142857144,0.5047224871250283,0.2547224871250283
371,0.9219880578795168,0.533937155112081,0.9219880578795168,0.533937155112081,0.2583334033732473,0.5334913348739955,0.5914285714285714,0.42009990440602757,0.3873292676716848,0.10285714285714286,0.5914285714285714,0.42009990440602757,0.3873292676716848,0.10285714285714286,0.1742857142857143,0.2057142857142857,0.0,47.857142857142854,0.21142857142857144,0.0,2.767921745819741e-18,0.12078364372113272,11.794285714285714,0.02290406255638732,0.04477477165897081,0.16374243753383239,0.08,0,0.23262720427446895,0.524959695201537,9.315311845046681,1.4431870567825966,0.0,0.9583333333333334,0.0,0.1,0.0,0.9999999999999999,0.3,0.08,0.1742857142857143,0.5045808125112775,0.25458081251127745
372,0.9223358405906015,0.5341226122382062,0.9223358405906015,0.5341226122382062,0.2583334033732473,0.5333802667048814,0.5685714285714286,0.4202141901203133,0.3874149819573991,0.10285714285714286,0.5685714285714286,0.4202141901203133,0.3874149819573991,0.10285714285714286,0.15714285714285714,0.19428571428571428,0.0,47.962857142857146,0.21142857142857144,0.0,2.7717125363310746e-18,0.12071112488396986,11.794285714285714,0.0222169406796957,0.043461156949179625,0.16333016440781742,0.08,0,0.23300678253881094,0.5223348967255292,9.32329132243146,1.4291670233392157,0.0,0.9705882352941176,0.0,0.1,0.0,0.9999999999999999,0.3,0.08,0.15714285714285714,0.5044433881359391,0.25444338813593914
373,0.9218769739702174,0.5341393988427543,0.9218769739702174,0.5341393988427543,0.2583334033732473,0.5332902259396053,0.6057142857142858,0.42044276154888477,0.3875864105288277,0.10285714285714286,0.6057142857142858,0.42044276154888477,0.3875864105288277,0.10285714285714286,0.13714285714285715,0.15428571428571428,0.0,48.065714285714286,0.21142857142857144,0.0,2.7754116351081545e-18,0.12064078161192188,11.794285714285714,0.021550432459304828,0.042185224714760716,0.1629302594755829,0.08,0,0.23332703434040256,0.5197232222419015,9.291111210268546,1.4005836828724314,0.0,0.9629629629629629,0.0,0.1,0.0,0.9999999999999999,0.3,0.08,0.13714285714285715,0.5043100864918609,0.254310086491861
374,0.9218912775090101,0.5339518865557159,0.9218912775090101,0.5339518865557159,0.2583334033732473,0.5330963278612738,0.5628571428571428,0.42044276154888477,0.3875864105288277,0.10285714285714286,0.5628571428571428,0.42044276154888477,0.3875864105288277,0.10285714285714286,0.1657142857142857,0.2,0.0,48.168571428571425,0.21142857142857144,0.0,2.7790205908347463e-18,0.12057254863803532,11.794285714285714,0.020903919485525682,0.040945944319172756,0.1625423516913154,0.08,0,0.2331588291687006,0.517124606130692,9.305288986063175,1.372572009214983,0.0,1.0,0.0,0.1,0.0,0.9999999999999999,0.3,0.08,0.1657142857142857,0.5041807838971052,0.25418078389710513
375,0.9225847834967489,0.534119365404468,0.9225847834967489,0.534119365404468,0.2583334033732473,0.5328293329865956,0.5257142857142857,0.4206713329774561,0.38775783910025624,0.10285714285714286,0.5257142857142857,0.4206713329774561,0.38775783910025624,0.10285714285714286,0.18,0.22,0.0,48.29142857142857,0.21142857142857144,0.0,2.782540968330543e-18,0.12050636265336538,11.794285714285714,0.02027680190095991,0.03974231033118736,0.16216608114057593,0.08,0,0.2337350364514285,0.5145389831000385,9.339183206341913,1.345120569030683,0.0,0.974025974025974,0.0,0.1,0.0,0.9999999999999999,0.3,0.08,0.18,0.5040553603801919,0.254055360380192
376,0.9223491776672142,0.5342913013728124,0.9223491776672142,0.5342913013728124,0.2583334033732473,0.5325288684956148,0.5485714285714286,0.4206713329774561,0.38775783910025624,0.10285714285714286,0.5485714285714286,0.4206713329774561,0.38775783910025624,0.10285714285714286,0.14,0.17142857142857143,0.0,48.42,0.20857142857142857,0.0,2.7859743450719916e-18,0.12044216224823552,11.794285714285714,0.019668497843931113,0.03857334209041252,0.16180109870635867,0.08,0,0.23325193269774278,0.5119662881845384,9.323828113643644,1.3182181576500693,0.0,1.0,0.0,0.1,0.0,0.9999999999999999,0.3,0.08,0.14,0.5039336995687862,0.2539336995687862
377,0.921419151310803,0.534204240835562,0.921419151310803,0.534204240835562,0.2583334033732473,0.5323144092836182,0.5571428571428572,0.4207284758345991,0.3878006962431134,0.10285714285714286,0.5571428571428572,0.4207284758345991,0.3878006962431134,0.10285714285714286,0.18571428571428572,0.2,0.0,48.55714285714286,0.21428571428571427,0.0,2.7893223079368193e-18,0.12037988785525958,11.794285714285714,0.01907844290861318,0.03743808326820253,0.1614470657451679,0.08,0,0.2333422444628255,0.5094064567436156,9.337351551370773,1.2918537944970678,0.0,0.9857142857142858,0.0,0.1,0.0,0.9999999999999999,0.3,0.08,0.18571428571428572,0.5038156885817227,0.25381568858172265
378,0.922136906604298,0.5341744484496382,0.922136906604298,0.5341744484496382,0.2583334033732473,0.532124597834148,0.5685714285714286,0.4207284758345991,0.3878006962431134,0.10285714285714286,0.5685714285714286,0.4207284758345991,0.3878006962431134,0.10285714285714286,0.16,0.18,0.0,48.682857142857145,0.21428571428571427,0.0,2.792586450163074e-18,0.1203194816940729,11.794285714285714,0.018506089621354783,0.03633560142501968,0.16110365377281285,0.08,0,0.23297481966908282,0.5068594244598975,9.330604520343357,1.2660167186071265,0.0,1.0,0.0,0.1,0.0,0.9999999999999999,0.3,0.08,0.16,0.5037012179242709,0.25370121792427097
379,0.9219891334219447,0.5334910445547871,0.9219891334219447,0.5334910445547871,0.2583334033732473,0.5318632503210157,0.5571428571428572,0.4207284758345991,0.3878006962431134,0.10285714285714286,0.5571428571428572,0.4207284758345991,0.3878006962431134,0.10285714285714286,0.1457142857142857,0.18285714285714286,0.0,48.83714285714286,0.21428571428571427,0.0,2.7957683685136012e-18,0.12026088771772184,11.794285714285714,0.01795090693271414,0.03526498756523999,0.1607705441596285,0.08,0,0.23255237414216598,0.504325127337598,9.326849572793632,1.2406963842349839,0.0,1.0,0.0,0.1,0.0,0.9999999999999999,0.3,0.08,0.1457142857142857,0.5035901813865429,0.2535901813865428
380,0.9211004141847301,0.5328719059924797,0.9211004141847301,0.5328719059924797,0.2583334033732473,0.5316619518284816,0.5742857142857143,0.4207856186917419,0.38784355338597054,0.10285714285714286,0.5742857142857143,0.4207856186917419,0.38784355338597054,0.10285714285714286,0.19142857142857142,0.2,0.0,48.98285714285714,0.21142857142857144,0.0,2.7988696606369653e-18,0.12020405156066129,11.794285714285714,0.017412379724732717,0.03422535569031393,0.16044742783483962,0.08,0,0.23264618370002657,0.50180350170091,9.34031258133776,1.2158824565502842,0.0,0.9857142857142858,0.0,0.1,0.0,0.9999999999999999,0.3,0.08,0.19142857142857142,0.5034824759449466,0.25348247594494655
381,0.9214964846419748,0.5336201712328819,0.9214964846419748,0.5336201712328819,0.2583334033732473,0.531411038040995,0.56,0.4208427615488847,0.3878864105288277,0.10285714285714286,0.56,0.4208427615488847,0.3878864105288277,0.10285714285714286,0.14857142857142858,0.1742857142857143,0.0,49.11142857142857,0.21428571428571427,0.0,2.8018919226159543e-18,0.12014892048831256,11.794285714285714,0.016890008332990734,0.033215842351134284,0.16013400499979444,0.08,0,0.23262552421009786,0.49929448419240546,9.327792043996718,1.1915648074192786,0.0,0.9836065573770492,0.0,0.1,0.0,0.9999999999999999,0.3,0.08,0.14857142857142858,0.5033780016665982,0.25337800166659813
382,0.9210613903651363,0.533233976294425,0.9210613903651363,0.533233976294425,0.2583334033732473,0.5312155968676576,0.5685714285714286,0.42095704726317046,0.387972124814542,0.10285714285714286,0.5685714285714286,0.42095704726317046,0.387972124814542,0.10285714285714286,0.17714285714285713,0.2057142857142857,0.0,49.24285714285714,0.21142857142857144,0.0,2.8048367466949833e-18,0.12009544334813428,11.794285714285714,0.01638330808300101,0.032235606200388345,0.1598299848498006,0.08,0,0.23286040371406524,0.49679801177144345,9.346950488831068,1.1677335112708929,0.0,0.9861111111111112,0.0,0.1,0.0,0.9999999999999999,0.3,0.08,0.17714285714285713,0.5032766616166002,0.25327666161660023
383,0.919700547855214,0.5329651095917861,0.919700547855214,0.5329651095917861,0.2583334033732473,0.5310482289620745,0.58,0.4210713329774562,0.3880578391002563,0.10285714285714286,0.58,0.4210713329774562,0.3880578391002563,0.10285714285714286,0.14,0.16285714285714287,0.0,49.371428571428574,0.21428571428571427,0.0,2.8077057191778593e-18,0.1200435705221614,11.794285714285714,0.01589180884051098,0.03128382754561865,0.15953508530430657,0.08,0,0.23278167312406636,0.49431402171258626,9.322868621911592,1.144378841045475,0.0,0.9824561403508771,0.0,0.1,0.0,0.9999999999999999,0.3,0.08,0.14,0.5031783617681022,0.2531783617681022
384,0.9200698869112154,0.5329814192505624,0.9200698869112154,0.5329814192505624,0.2583334033732473,0.5307948209921369,0.5714285714285714,0.42118561869174187,0.3881435533859705,0.10285714285714286,0.5714285714285714,0.42118561869174187,0.3881435533859705,0.10285714285714286,0.15428571428571428,0.18,0.0,49.52857142857143,0.21142857142857144,0.0,2.810500418487632e-18,0.1199932538809676,11.794285714285714,0.01541505457529565,0.030359707903652278,0.15924903274517738,0.08,0,0.23333090832987455,0.4918424516040233,9.316411249473358,1.1497655405974714,0.0,0.9682539682539683,0.0,0.1,0.0,0.9999999999999999,0.3,0.08,0.15428571428571428,0.5030830109150591,0.25308301091505914
385,0.9196724706569128,0.5326243449199171,0.9196724706569128,0.5326243449199171,0.2583334033732473,0.5305482951819578,0.6,0.42118561869174187,0.3881435533859705,0.10285714285714286,0.6,0.42118561869174187,0.3881435533859705,0.10285714285714286,0.16285714285714287,0.19142857142857142,0.0,49.68,0.21142857142857144,0.0,2.813222413380375e-18,0.11994444673900977,11.794285714285714,0.01495260293803678,0.029462469557007154,0.15897156176282207,0.08,0,0.23302068235965376,0.48938323934600314,9.321511595912463,1.1267702297855218,0.0,1.0,0.0,0.1,0.0,0.9999999999999999,0.3,0.08,0.16285714285714287,0.5029905205876074,0.25299052058760735
386,0.9198005862841478,0.5327051836779965,0.9198005862841478,0.5327051836779965,0.2583334033732473,0.5303082795848646,0.6,0.42124276154888485,0.3881864105288277,0.10285714285714286,0.6,0.42124276154888485,0.3881864105288277,0.10285714285714286,0.16857142857142857,0.18285714285714286,0.0,49.81428571428572,0.21428571428571427,0.0,2.8158732613050895e-18,0.11989710381131054,11.794285714285714,0.014504024849895677,0.02859135511283384,0.1587024149099374,0.08,0,0.23299815037642693,0.48693632314927315,9.317938506851357,1.1306009427841863,0.0,0.984375,0.0,0.1,0.0,0.9999999999999999,0.3,0.08,0.16857142857142857,0.5029008049699791,0.25290080496997913
387,0.9200371165407438,0.5322352993693273,0.9200371165407438,0.5322352993693273,0.2583334033732473,0.530158121042906,0.5742857142857143,0.42129990440602766,0.3882292676716848,0.10285714285714286,0.5742857142857143,0.42129990440602766,0.3882292676716848,0.10285714285714286,0.1657142857142857,0.20285714285714285,0.0,49.934285714285714,0.21428571428571427,0.0,2.8184545069020325e-18,0.11985118117144238,11.794285714285714,0.014068904104398806,0.02774562706489825,0.15844134246263927,0.08,0,0.23317501748168765,0.48450164153352676,9.334436879571472,1.1216923552328648,0.0,0.9859154929577465,0.0,0.1,0.0,0.9999999999999999,0.3,0.08,0.1657142857142857,0.5028137808208798,0.25281378082087974
388,0.9190404950970592,0.5319319879231519,0.9190404950970592,0.5319319879231519,0.2583334033732473,0.5299911724190083,0.58,0.4214141901203132,0.3883149819573991,0.10285714285714286,0.58,0.4214141901203132,0.3883149819573991,0.10285714285714286,0.16,0.19714285714285715,0.0,50.074285714285715,0.21428571428571427,0.0,2.8209676806321266e-18,0.11980663621077017,11.794285714285714,0.013646836981266841,0.02692456735907056,0.1581881021887601,0.08,0,0.2332374281085649,0.4820791333258591,9.3448909991229,1.0992585081282074,0.0,0.9855072463768116,0.0,0.1,0.0,0.9999999999999999,0.3,0.08,0.16,0.5027293673962534,0.25272936739625335
389,0.9189655002197201,0.5327170169456851,0.9189655002197201,0.5327170169456851,0.2583334033732473,0.5297259948657833,0.54,0.4216999044060276,0.38852926767168483,0.10285714285714286,0.54,0.4216999044060276,0.38852926767168483,0.10285714285714286,0.1742857142857143,0.21142857142857144,0.0,50.22571428571428,0.21714285714285714,0.0,2.8234142975302908e-18,0.11976342759891821,11.794285714285714,0.013237431871828836,0.026127476962740204,0.1579424591230973,0.08,0,0.23412809811087926,0.4796687376592298,9.369421750569012,1.1884665587374033,0.0,0.9594594594594594,0.0,0.1,0.0,0.9999999999999999,0.3,0.08,0.1742857142857143,0.5026474863743657,0.2526474863743658
390,0.9194929839144677,0.5334444184116963,0.9194929839144677,0.5334444184116963,0.2583334033732473,0.5296309454362534,0.5885714285714285,0.4219856186917419,0.38874355338597055,0.10285714285714286,0.5885714285714285,0.4219856186917419,0.38874355338597055,0.10285714285714286,0.18,0.21142857142857144,0.0,50.357142857142854,0.21714285714285714,0.0,2.825795856075803e-18,0.11972151524542178,11.794285714285714,0.01284030891567397,0.025353675438536172,0.15770418534940436,0.08,0,0.23507131476318197,0.48420947129222186,9.393461886986204,1.2913672282937885,0.0,0.9594594594594594,0.0,0.1,0.0,0.9999999999999999,0.3,0.08,0.18,0.5025680617831348,0.2525680617831348
391,0.9207093783935008,0.5320156413010256,0.9207093783935008,0.5320156413010256,0.2583334033732473,0.5296253063755312,0.5828571428571429,0.4219856186917419,0.38874355338597055,0.10285714285714286,0.5828571428571429,0.4219856186917419,0.38874355338597055,0.10285714285714286,0.13142857142857142,0.15428571428571428,0.0,50.5,0.21714285714285714,0.0,2.8281138371730695e-18,0.11968086026253025,11.794285714285714,0.012455099648203752,0.02460250052269808,0.15747305978892223,0.08,0,0.23452424390365179,0.48178842393576077,9.359878363532195,1.2655398837279128,0.0,1.0,0.0,0.1,0.0,0.9999999999999999,0.3,0.08,0.13142857142857142,0.5024910199296407,0.25249101992964074
392,0.921374764701094,0.5319434839150957,0.921374764701094,0.5319434839150957,0.2583334033732473,0.5295003896324638,0.5685714285714286,0.42221419012031336,0.3889149819573991,0.10285714285714286,0.5685714285714286,0.42221419012031336,0.3889149819573991,0.10285714285714286,0.15142857142857144,0.1657142857142857,0.0,50.65714285714286,0.22,0.0,2.830369703236423e-18,0.11964142492912544,11.794285714285714,0.01208144665875764,0.023873307708403013,0.1572488679952546,0.08,0,0.23546476554127638,0.479379481816082,9.338395081975834,1.247797997806199,0.0,0.9482758620689655,0.0,0.1,0.0,0.9999999999999999,0.3,0.08,0.15142857142857144,0.5024162893317515,0.25241628933175153
393,0.9212450055990783,0.5312479189200894,0.9212450055990783,0.5312479189200894,0.2583334033732473,0.529491662389955,0.6228571428571429,0.4222713329774561,0.3889578391002562,0.10285714285714286,0.6228571428571429,0.4222713329774561,0.3889578391002562,0.10285714285714286,0.15142857142857144,0.18571428571428572,0.0,50.80571428571429,0.22,0.0,2.8325648973728212e-18,0.11960317265572273,11.794285714285714,0.01171900325899491,0.02316546983432588,0.15703140195539694,0.08,0,0.23560072742785573,0.48657426474918997,9.337341466050603,1.301172041858321,0.0,0.9846153846153847,0.0,0.1,0.0,0.9999999999999999,0.3,0.08,0.15142857142857144,0.502343800651799,0.25234380065179896
394,0.922897433482967,0.5311535224421169,0.922897433482967,0.5311535224421169,0.2583334033732473,0.5294146077761303,0.5742857142857143,0.4224427615488847,0.3890864105288277,0.10571428571428572,0.5742857142857143,0.4224427615488847,0.3890864105288277,0.10571428571428572,0.16285714285714287,0.18,0.0,50.94571428571429,0.22,0.0,2.8347008426565867e-18,0.11956606795052221,11.794285714285714,0.011367433161225063,0.022478376678675915,0.15682045989673504,0.08,0,0.23605072379071645,0.48414139342544404,9.330594636729591,1.3674114537072521,0.0,0.9682539682539683,0.0,0.1,0.0,0.9999999999999999,0.3,0.08,0.16285714285714287,0.502273486632245,0.252273486632245
395,0.923170526980398,0.5311308368622939,0.923170526980398,0.5311308368622939,0.2583334033732473,0.5293426824792334,0.5714285714285714,0.4226713329774562,0.3892578391002563,0.10571428571428572,0.5714285714285714,0.4226713329774562,0.3892578391002563,0.10571428571428572,0.16285714285714287,0.19714285714285715,0.0,51.08571428571429,0.22,0.0,2.836778941490548e-18,0.1195300763864777,11.794285714285714,0.01102641016638831,0.02181143455892587,0.15661584609983298,0.08,0,0.23692718445747712,0.4817206864583168,9.341125601137858,1.340063224633107,0.0,0.9565217391304348,0.0,0.1,0.0,0.9999999999999999,0.3,0.08,0.16285714285714287,0.5022052820332776,0.2522052820332777
396,0.9239322581245872,0.5316004184484546,0.9239322581245872,0.5316004184484546,0.2583334033732473,0.5292466457613119,0.5657142857142857,0.4227580724261116,0.3893435533859705,0.10571428571428572,0.5657142857142857,0.4227580724261116,0.3893435533859705,0.10571428571428572,0.14285714285714285,0.16857142857142857,0.0,51.24857142857143,0.22285714285714286,0.0,2.83880057504823e-18,0.11949516456935448,11.794285714285714,0.01069561786139666,0.02116406593742237,0.15641737071683798,0.08,0,0.23688469210661833,0.4793120830260252,9.322874517686529,1.313261960140445,0.0,0.9830508474576272,0.0,0.1,0.0,0.9999999999999999,0.3,0.08,0.14285714285714285,0.5021391235722793,0.25213912357227936
397,0.9226637533398984,0.5318360117764611,0.9226637533398984,0.5318360117764611,0.2583334033732473,0.5293158823339915,0.54,0.42287235814039725,0.38942926767168484,0.10571428571428572,0.54,0.42287235814039725,0.38942926767168484,0.10571428571428572,0.18285714285714286,0.21428571428571427,0.0,51.417142857142856,0.22285714285714286,0.0,2.8407671027919393e-18,0.11946130010674494,11.794285714285714,0.01037474932555476,0.020535709033042693,0.15622484959533284,0.08,0,0.2371271286425138,0.4769155226108951,9.350702741618512,1.286996720937636,0.0,0.9866666666666667,0.0,0.1,0.0,0.9999999999999999,0.3,0.08,0.18285714285714286,0.5020749498651109,0.252074949865111
398,0.9231398923872793,0.5317502422982074,0.9231398923872793,0.5317502422982074,0.2583334033732473,0.5294364254738216,0.4857142857142857,0.4229295009975402,0.38947212481454196,0.10571428571428572,0.4857142857142857,0.4229295009975402,0.38947212481454196,0.10571428571428572,0.16857142857142857,0.19428571428571428,0.0,51.52571428571429,0.22285714285714286,0.0,2.8426798620618556e-18,0.11942845157801373,11.794285714285714,0.010063506845788116,0.01992581743903754,0.15603810410747287,0.08,0,0.23714120728501553,0.48864854403446145,9.357974401071855,1.6144546120392027,0.0,0.9852941176470589,0.0,0.1,0.0,0.9999999999999999,0.3,0.08,0.16857142857142857,0.5020127013691577,0.2520127013691576
399,0.9220565319276265,0.5325933841712047,0.9220565319276265,0.5325933841712047,0.2583334033732473,0.5297444915355805,0.5514285714285714,0.42304378671182585,0.38955783910025626,0.10857142857142857,0.5514285714285714,0.42304378671182585,0.38955783910025626,0.10857142857142857,0.15142857142857144,0.17714285714285713,0.0,51.674285714285716,0.22857142857142856,0.0,2.844540167731451e-18,0.11939658850514445,11.794285714285714,0.009761601640414473,0.01933385974717905,0.15585696098424867,0.08,0,0.23709807267716185,0.4862053013142892,9.347957770193277,1.5821655197984186,0.0,0.9838709677419355,0.0,0.1,0.0,0.9999999999999999,0.3,0.08,0.15142857142857144,0.5019523203280829,0.2519523203280829
400,0.920610702320161,0.5323165052156008,0.920610702320161,0.5323165052156008,0.2583334033732473,0.5300385772632,0.5628571428571428,0.42304378671182585,0.38955783910025626,0.10857142857142857,0.5628571428571428,0.42304378671182585,0.38955783910025626,0.10857142857142857,0.15714285714285714,0.18857142857142858,0.0,51.80285714285714,0.22857142857142856,0.0,2.846349311924803e-18,0.11936568132446122,11.794285714285714,0.009468753591202039,0.01875931917831508,0.15568125215472123,0.08,0,0.23665501088520463,0.48377427480771773,9.349570043360838,1.5505222094024502,0.0,1.0,0.0,0.1,0.0,0.9999999999999999,0.3,0.08,0.15714285714285714,0.5018937507182404,0.2518937507182404
401,0.9211557529274731,0.5329920322344234,0.9211557529274731,0.5329920322344234,0.2583334033732473,0.5303187902004187,0.54,0.42315807242611153,0.3896435533859705,0.10857142857142857,0.54,0.42315807242611153,0.3896435533859705,0.10857142857142857,0.1457142857142857,0.1742857142857143,0.0,51.93714285714286,0.2342857142857143,0.0,2.848108563791561e-18,0.11933570135919845,11.794285714285714,0.009184690983465978,0.01820169321940779,0.1555108145900796,0.08,0,0.2372128822557786,0.4813554034336791,9.336864356779335,1.5579426281233981,0.0,0.9672131147540983,0.0,0.1,0.0,0.9999999999999999,0.3,0.08,0.1457142857142857,0.5018369381966932,0.25183693819669317
402,0.9220994473331244,0.5333537060119485,0.9220994473331244,0.5333537060119485,0.2583334033732473,0.5307114197586,0.52,0.42315807242611153,0.3896435533859705,0.10857142857142857,0.52,0.42315807242611153,0.3896435533859705,0.10857142857142857,0.13714285714285715,0.16,0.0,52.065714285714286,0.23142857142857143,0.0,2.849819169335565e-18,0.11930662079289367,11.794285714285714,0.008909150253961998,0.01766049326712238,0.1553454901523772,0.08,0,0.236740532130214,0.4789486264165107,9.31012706964375,1.5267837755609301,0.0,1.0,0.0,0.1,0.0,0.9999999999999999,0.3,0.08,0.13714285714285715,0.5017818300507924,0.2517818300507924
403,0.9222547365331213,0.5334326773845806,0.9222547365331213,0.5334326773845806,0.2583334033732473,0.5309552658720652,0.5571428571428572,0.4232723581403973,0.3897292676716848,0.10857142857142857,0.5571428571428572,0.4232723581403973,0.3897292676716848,0.10857142857142857,0.1457142857142857,0.17142857142857143,0.0,52.2,0.2342857142857143,0.0,2.8514823512932805e-18,0.11927841264357796,11.794285714285714,0.008641875746343139,0.017135244278011386,0.15518512544780588,0.08,0,0.23669925804099148,0.47655388328442816,9.295353099679446,1.5151119875189896,0.0,0.9833333333333333,0.0,0.1,0.0,0.9999999999999999,0.3,0.08,0.1457142857142857,0.5017283751492686,0.2517283751492686
404,0.9215148944613992,0.5333334433956356,0.9215148944613992,0.5333334433956356,0.2583334033732473,0.5313360530675552,0.5342857142857143,0.42338664385468294,0.3898149819573991,0.10857142857142857,0.5342857142857143,0.42338664385468294,0.3898149819573991,0.10857142857142857,0.15428571428571428,0.19428571428571428,0.0,52.357142857142854,0.23714285714285716,0.0,2.85309930905846e-18,0.11925105073874168,11.794285714285714,0.008382619473952845,0.01662548442532863,0.1550295716843717,0.08,0,0.23742762389007224,0.474171113868006,9.303731751971572,1.4848097477686095,0.0,0.9705882352941176,0.0,0.1,0.0,0.9999999999999999,0.3,0.08,0.15428571428571428,0.5016765238947906,0.25167652389479056
405,0.9209647908865047,0.5327572156661108,0.9209647908865047,0.5327572156661108,0.2583334033732473,0.5315707413586017,0.5028571428571429,0.4235009295689687,0.3899006962431134,0.10857142857142857,0.5028571428571429,0.4235009295689687,0.3899006962431134,0.10857142857142857,0.15428571428571428,0.17714285714285713,0.0,52.48571428571429,0.2342857142857143,0.0,2.8546712186495915e-18,0.11922450969105057,11.794285714285714,0.008131140889734259,0.016130764762490424,0.15487868453384054,0.08,0,0.23738305719919334,0.47180025829866595,9.294799974074996,1.4551135528132375,0.0,0.9838709677419355,0.0,0.1,0.0,0.9999999999999999,0.3,0.08,0.15428571428571428,0.5016262281779469,0.25162622817794683
406,0.9205287839582521,0.5319010665401179,0.9205287839582521,0.5319010665401179,0.2583334033732473,0.5316475264193781,0.5428571428571428,0.4235009295689687,0.3899006962431134,0.10857142857142857,0.5428571428571428,0.4235009295689687,0.3899006962431134,0.10857142857142857,0.16,0.18285714285714286,0.0,52.605714285714285,0.23142857142857143,0.0,2.8561992327168925e-18,0.11919876487479018,11.794285714285714,0.007887206663042231,0.015650648893192565,0.15473232399782533,0.08,0,0.23742414191319736,0.4694412570071726,9.291761117450637,1.4888717450551392,0.0,0.984375,0.0,0.1,0.0,0.9999999999999999,0.3,0.08,0.16,0.5015774413326084,0.25157744133260845
407,0.9213477187616037,0.5315116523659064,0.9213477187616037,0.5315116523659064,0.2583334033732473,0.531724296479073,0.5485714285714286,0.4236723581403973,0.39007212481454195,0.10857142857142857,0.5485714285714286,0.4236723581403973,0.39007212481454195,0.10857142857142857,0.19428571428571428,0.21714285714285714,0.0,52.745714285714286,0.23142857142857143,0.0,2.8576844805857958e-18,0.11917379240301759,11.794285714285714,0.007650590463150964,0.01518471264817578,0.15459035427789058,0.08,0,0.2383790219179171,0.4670940507221367,9.323068752244483,1.662173081730935,0.0,0.9605263157894737,0.0,0.1,0.0,0.9999999999999999,0.3,0.08,0.19428571428571428,0.5015301180926302,0.2515301180926302
408,0.9210345031321845,0.5313260966116786,0.9210345031321845,0.5313260966116786,0.2583334033732473,0.531887453091061,0.52,0.42378664385468295,0.39015783910025625,0.10857142857142857,0.52,0.42378664385468295,0.39015783910025625,0.10857142857142857,0.1657142857142857,0.19714285714285715,0.0,52.88,0.22857142857142856,0.0,2.8591280683340134e-18,0.11914956910539815,11.794285714285714,0.0074210727492564355,0.014732543768625317,0.15445264364955386,0.08,0,0.23841526966547041,0.46475858046852603,9.33375023434245,1.6289296200963161,0.0,0.9855072463768116,0.0,0.1,0.0,0.9999999999999999,0.3,0.08,0.1657142857142857,0.5014842145498513,0.25148421454985126
409,0.9205398695587272,0.5308089194435311,0.9205398695587272,0.5308089194435311,0.2583334033732473,0.5320154700366935,0.52,0.4238789440367618,0.39024355338597055,0.11142857142857143,0.52,0.4238789440367618,0.39024355338597055,0.11142857142857143,0.16,0.20285714285714285,0.0,52.98285714285714,0.22857142857142856,0.0,2.8605310788994597e-18,0.11912607250670736,11.794285714285714,0.007198440566778742,0.014293741596179688,0.15431906434006723,0.08,0,0.23887990760285732,0.4624347875661834,9.349932372512745,1.6278568503678033,0.0,0.971830985915493,0.0,0.1,0.0,0.9999999999999999,0.3,0.08,0.16,0.5014396881133557,0.25143968811335576
410,0.9210340916002289,0.5308918951428806,0.9210340916002289,0.5308918951428806,0.2583334033732473,0.53217088061472,0.54,0.4238789440367618,0.39024355338597055,0.11142857142857143,0.54,0.4238789440367618,0.39024355338597055,0.11142857142857143,0.19714285714285715,0.21142857142857144,0.0,53.082857142857144,0.22857142857142856,0.0,2.8618945722164597e-18,0.11910328080597724,11.794285714285714,0.0069824873497753796,0.013867916769512711,0.1541894924098652,0.08,0,0.23851365092198587,0.4601226136283525,9.37436229649106,1.5952997133604472,0.0,1.0,0.0,0.1,0.0,0.9999999999999999,0.3,0.08,0.19714285714285715,0.5013964974699551,0.25139649746995507
411,0.9205797937971918,0.5306746041855557,0.9205797937971918,0.5306746041855557,0.2583334033732473,0.5323043728892562,0.5371428571428571,0.42410751546533315,0.39041498195739915,0.11428571428571428,0.5371428571428571,0.42410751546533315,0.39041498195739915,0.11428571428571428,0.1657142857142857,0.2057142857142857,0.0,53.20857142857143,0.22857142857142856,0.0,2.8632195853777906e-18,0.11908117285626904,11.794285714285714,0.006773012729282118,0.013454690927448443,0.15406380763756927,0.08,0,0.23894936838166164,0.4578220005602107,9.392589336275526,1.5977086569954513,0.0,0.9722222222222222,0.0,0.1,0.0,0.9999999999999999,0.3,0.08,0.1657142857142857,0.5013546025458564,0.2513546025458564
412,0.9205193044325032,0.5300674162804329,0.9205193044325032,0.5300674162804329,0.2583334033732473,0.5324287531916029,0.5485714285714286,0.4241646583224761,0.3904578391002562,0.11428571428571428,0.5485714285714286,0.4241646583224761,0.3904578391002562,0.11428571428571428,0.1742857142857143,0.20857142857142857,0.0,53.31428571428572,0.2257142857142857,0.0,2.864507132820304e-18,0.11905972814505204,11.794285714285714,0.006569822347403655,0.013053696418557914,0.1539418934084422,0.08,0,0.23898290725403906,0.568630350933773,9.413308978121444,1.5966440268680269,0.0,0.9863013698630136,0.0,0.1,0.0,0.9999999999999999,0.3,0.08,0.1742857142857143,0.5013139644694807,0.25131396446948073
413,0.9215449397217945,0.5298439448774491,0.9215449397217945,0.5298439448774491,0.2583334033732473,0.53240691339327,0.5228571428571429,0.4242789440367618,0.3905435533859705,0.11428571428571428,0.5228571428571429,0.4242789440367618,0.3905435533859705,0.11428571428571428,0.15142857142857144,0.17714285714285713,0.0,53.465714285714284,0.22285714285714286,0.0,2.8657582065319497e-18,0.11903892677517161,11.794285714285714,0.006372727676981545,0.01266457601718185,0.15382363660618892,0.08,0,0.2389588505749117,0.5657871991791041,9.402185655701873,1.5647111463306662,0.0,0.9838709677419355,0.0,0.1,0.0,0.9999999999999999,0.3,0.08,0.15142857142857144,0.5012745455353963,0.2512745455353963
414,0.9208679124908257,0.5300746335835126,0.9208679124908257,0.5300746335835126,0.2583334033732473,0.5323419838242243,0.5628571428571428,0.42451527720786814,0.3907578391002563,0.11714285714285715,0.5628571428571428,0.42451527720786814,0.3907578391002563,0.11714285714285715,0.16285714285714287,0.20285714285714285,0.0,53.57714285714286,0.2257142857142857,0.0,2.8669737762781966e-18,0.11901874944638761,11.794285714285714,0.006181545846672099,0.012286982645817623,0.15370892750800325,0.08,0,0.23990619917918002,0.5810278481053754,9.416999085444978,1.5473512306335264,0.0,0.9577464788732394,0.0,0.1,0.0,0.9999999999999999,0.3,0.08,0.16285714285714287,0.5012363091693344,0.2512363091693344
415,0.9213004142685812,0.5301360874305971,0.9213004142685812,0.5301360874305971,0.2583334033732473,0.532300109712977,0.5371428571428571,0.42451527720786814,0.3907578391002563,0.11714285714285715,0.5371428571428571,0.42451527720786814,0.3907578391002563,0.11714285714285715,0.15428571428571428,0.18,0.0,53.71142857142857,0.2257142857142857,0.0,2.8681547898459537e-18,0.11899917743746706,11.794285714285714,0.005996099471271936,0.011920579103801288,0.15359765968276315,0.08,0,0.23944909675471268,0.5781227088648486,9.408659103736076,1.516404206020856,0.0,1.0,0.0,0.1,0.0,0.9999999999999999,0.3,0.08,0.15428571428571428,0.5011992198942544,0.25119921989425437
416,0.9225537397730292,0.5297926325570385,0.9225537397730292,0.5297926325570385,0.2583334033732473,0.5321997638564192,0.5657142857142857,0.424572420065011,0.39080069624311337,0.11714285714285715,0.5657142857142857,0.424572420065011,0.39080069624311337,0.11714285714285715,0.18,0.19714285714285715,0.0,53.84571428571429,0.2257142857142857,0.0,2.869302173303205e-18,0.11898019258881418,11.794285714285714,0.005816216487133778,0.011565037802213185,0.15348972989228027,0.08,0,0.2394798512709391,0.5752320953205243,9.417628778804213,1.4860761219004386,0.0,0.9855072463768116,0.0,0.1,0.0,0.9999999999999999,0.3,0.08,0.18,0.5011632432974268,0.25116324329742673
417,0.9220929668728844,0.5301405674285484,0.9220929668728844,0.5301405674285484,0.2583334033732473,0.5320055091101098,0.5457142857142857,0.4246867057792967,0.3909292676716848,0.11714285714285715,0.5457142857142857,0.4246867057792967,0.3909292676716848,0.11714285714285715,0.18857142857142858,0.21714285714285714,0.0,53.962857142857146,0.22,0.0,2.8704168312726976e-18,0.11896177728562086,11.794285714285714,0.005641729992519764,0.011220040504929751,0.15338503799551184,0.08,0,0.24005302415744154,0.5723559348439217,9.446419060370985,1.4563545994624298,0.0,0.9736842105263158,0.0,0.1,0.0,0.9999999999999999,0.3,0.08,0.18857142857142858,0.501128345998504,0.251128345998504
418,0.92184591738607,0.5300665394323326,0.92184591738607,0.5300665394323326,0.2583334033732473,0.5316958496121966,0.5171428571428571,0.42480099149358247,0.39101498195739914,0.12,0.5171428571428571,0.42480099149358247,0.39101498195739914,0.12,0.16285714285714287,0.2057142857142857,0.0,54.09142857142857,0.22285714285714286,0.0,2.8714996472181238e-18,0.11894391444152336,11.794285714285714,0.005472478092744171,0.010885278075740024,0.1532834868556465,0.08,0,0.24048118760808296,0.569494155169702,9.463204964877852,1.7966975297765235,0.0,0.9722222222222222,0.0,0.1,0.0,0.9999999999999999,0.3,0.08,0.16285714285714287,0.5010944956185488,0.25109449561854885
419,0.9217361727531956,0.5309097422698652,0.9217361727531956,0.5309097422698652,0.2583334033732473,0.5314266139757376,0.5514285714285714,0.42480099149358247,0.39101498195739914,0.12,0.5514285714285714,0.42480099149358247,0.39101498195739914,0.12,0.15428571428571428,0.18,0.0,54.23142857142857,0.22,0.0,2.8725514837413354e-18,0.11892658748274877,11.794285714285714,0.0053083037499618456,0.01056045023144403,0.1531849822499771,0.08,0,0.23996435309861394,0.5666466843938536,9.453940865580293,1.760763579180993,0.0,1.0,0.0,0.1,0.0,0.9999999999999999,0.3,0.08,0.15428571428571428,0.5010616607499924,0.25106166074999237
420,0.9197819072843614,0.5309725180878617,0.9197819072843614,0.5309725180878617,0.2583334033732473,0.5311628747134065,0.5771428571428572,0.4250295629221538,0.39118641052882774,0.12,0.5771428571428572,0.4250295629221538,0.39118641052882774,0.12,0.17714285714285713,0.20857142857142857,0.0,54.357142857142854,0.22285714285714286,0.0,2.873573182889224e-18,0.11890978033273744,11.794285714285714,0.00514905463746299,0.01024526530084413,0.15308943278247777,0.08,0,0.24053496061883517,0.5638134509718843,9.473433476840116,1.7255483075973732,0.0,0.9726027397260274,0.0,0.1,0.0,0.9999999999999999,0.3,0.08,0.17714285714285713,0.5010298109274925,0.2510298109274926
421,0.9198712107450808,0.5320006401900943,0.9198712107450808,0.5320006401900943,0.2583334033732473,0.5309380980967034,0.5657142857142857,0.42508670577929675,0.3912292676716848,0.12,0.5657142857142857,0.42508670577929675,0.3912292676716848,0.12,0.14285714285714285,0.15714285714285714,0.0,54.47714285714286,0.22285714285714286,0.0,2.874565566469006e-18,0.11889347739722637,11.794285714285714,0.0049945829983391,0.009939439989540277,0.15299674979900346,0.08,0,0.24033214295859812,0.5609943837170248,9.44110766444617,1.6910373414454258,0.0,0.9818181818181818,0.0,0.1,0.0,0.9999999999999999,0.3,0.08,0.14285714285714285,0.5009989165996678,0.25099891659966783
422,0.9202239096771255,0.5315010319931207,0.9202239096771255,0.5315010319931207,0.2583334033732473,0.5306463243732154,0.5285714285714286,0.4252009914935824,0.3913149819573991,0.12,0.5285714285714286,0.4252009914935824,0.3913149819573991,0.12,0.15714285714285714,0.18285714285714286,0.0,54.58,0.2257142857142857,0.0,2.875529436370718e-18,0.11887766354978072,11.794285714285714,0.004844745508388927,0.00964269915043725,0.15290684730503334,0.08,0,0.24087205438666226,0.5581894117984397,9.43514265401439,1.7810381288175452,0.0,0.96875,0.0,0.1,0.0,0.9999999999999999,0.3,0.08,0.15714285714285714,0.5009689491016778,0.2509689491016778
423,0.9204321760274703,0.5319882581763389,0.9204321760274703,0.5319882581763389,0.2583334033732473,0.5304141906029994,0.5628571428571428,0.4252009914935824,0.3913149819573991,0.12,0.5628571428571428,0.4252009914935824,0.3913149819573991,0.12,0.13428571428571429,0.15428571428571428,0.0,54.668571428571425,0.22285714285714286,0.0,2.8764655748958198e-18,0.1188623241177584,11.794285714285714,0.0046994031431372586,0.009354775559869521,0.15281964188588235,0.08,0,0.2403812662575861,0.5553984647394475,9.400725515219817,1.7454173662411943,0.0,1.0,0.0,0.1,0.0,0.9999999999999999,0.3,0.08,0.13428571428571429,0.5009398806286275,0.25093988062862743
424,0.9204427804418027,0.5309359575051205,0.9204427804418027,0.5309359575051205,0.2583334033732473,0.5302700724961846,0.58,0.4252009914935824,0.3913149819573991,0.12,0.58,0.4252009914935824,0.3913149819573991,0.12,0.16857142857142857,0.20857142857142857,0.0,54.79714285714286,0.22,0.0,2.8773747450908776e-18,0.11884744486869678,11.794285714285714,0.0045584210488431405,0.00907540969924825,0.15273505262930587,0.08,0,0.2402345063512982,0.5526214724157503,9.421282433486846,1.7105090189163703,0.0,1.0,0.0,0.1,0.0,0.9999999999999999,0.3,0.08,0.16857142857142857,0.5009116842097686,0.2509116842097686
425,0.9201441246580752,0.5312479512758868,0.9201441246580752,0.5312479512758868,0.2583334033732473,0.5300073303928822,0.5885714285714285,0.4252009914935824,0.3913149819573991,0.12,0.5885714285714285,0.4252009914935824,0.3913149819573991,0.12,0.15142857142857144,0.18,0.0,54.93142857142857,0.22285714285714286,0.0,2.878257691085382e-18,0.11883301199710701,11.794285714285714,0.004421668417377846,0.008804349542133605,0.1526530010504267,0.08,0,0.2396903338195417,0.5498583650536716,9.412856784817109,1.676298838538043,0.0,1.0,0.0,0.1,0.0,0.9999999999999999,0.3,0.08,0.15142857142857144,0.5008843336834756,0.25088433368347557
426,0.9199833922597958,0.5311918331609575,0.9199833922597958,0.5311918331609575,0.2583334033732473,0.529983151979836,0.5942857142857143,0.4252581343507253,0.3913578391002563,0.12,0.5942857142857143,0.4252581343507253,0.3913578391002563,0.12,0.16,0.20285714285714285,0.0,55.06285714285714,0.2257142857142857,0.0,2.8791151384328045e-18,0.11881901211166487,11.794285714285714,0.004289018364856511,0.008541350346634835,0.1525734110189139,0.08,0,0.23977688215044396,0.5471090732284033,9.427456791977912,1.642772861767282,0.0,0.9859154929577465,0.0,0.1,0.0,0.9999999999999999,0.3,0.08,0.16,0.5008578036729713,0.2508578036729713
427,0.9194977435542698,0.5318316070465222,0.9194977435542698,0.5318316070465222,0.2583334033732473,0.5298959967016779,0.5685714285714286,0.42542956292215384,0.3914864105288276,0.12,0.5685714285714286,0.42542956292215384,0.3914864105288276,0.12,0.15428571428571428,0.18857142857142858,0.0,55.18857142857143,0.2257142857142857,0.0,2.87994779445408e-18,0.11880543222278606,11.794285714285714,0.0041603478139108155,0.008286174453038697,0.15249620868834649,0.08,0,0.24012071202540605,0.5443735278622612,9.427479084709782,1.6099174045319367,0.0,0.9696969696969697,0.0,0.1,0.0,0.9999999999999999,0.3,0.08,0.15428571428571428,0.5008320695627821,0.25083206956278215
428,0.9203175528944143,0.5314700633042834,0.9203175528944143,0.5314700633042834,0.2583334033732473,0.5297490910715442,0.58,0.4256009914935824,0.3916149819573991,0.12,0.58,0.4256009914935824,0.3916149819573991,0.12,0.16,0.19142857142857142,0.0,55.29714285714286,0.22285714285714286,0.0,2.880756348582756e-18,0.11879225973057359,11.794285714285714,0.004035537379493491,0.008038591086568347,0.1524213224276961,0.08,0,0.24108982631885043,0.5416516602229499,9.430358074444158,1.593884427161084,0.0,0.9552238805970149,0.0,0.1,0.0,0.9999999999999999,0.3,0.08,0.16,0.5008071074758987,0.2508071074758987
429,0.9215777457639908,0.5311370245129291,0.9215777457639908,0.5311370245129291,0.2583334033732473,0.5294862132432655,0.5657142857142857,0.4256581343507253,0.39165783910025626,0.12,0.5657142857142857,0.4256581343507253,0.39165783910025626,0.12,0.1457142857142857,0.1742857142857143,0.0,55.434285714285714,0.22285714285714286,0.0,2.8815414727111017e-18,0.1187794824131275,11.794285714285714,0.003914471258108686,0.007798376165171983,0.1523486827548652,0.08,0,0.24105537718725617,0.5389434019218351,9.416036627240988,1.5620067386178622,0.0,0.9836065573770492,0.0,0.1,0.0,0.9999999999999999,0.3,0.08,0.1457142857142857,0.5007828942516217,0.25078289425162176
430,0.9212903575223442,0.5317376628863696,0.9212903575223442,0.5317376628863696,0.2583334033732473,0.5291597508432176,0.56,0.4256581343507253,0.3917006962431134,0.12,0.56,0.4256581343507253,0.3917006962431134,0.12,0.16285714285714287,0.2,0.0,55.57142857142857,0.22,0.0,2.8823038215365537e-18,0.11876708841520477,11.794285714285714,0.0037970371203654256,0.007565312112242317,0.15227822227221924,0.08,0,0.24119210101560562,0.5465127048595654,9.42771589469617,1.5401460840346024,0.0,0.9857142857142858,0.0,0.1,0.0,0.9999999999999999,0.3,0.08,0.16285714285714287,0.5007594074240731,0.2507594074240731
431,0.9202307316402435,0.5309807046373972,0.9202307316402435,0.5309807046373972,0.2583334033732473,0.5289582794715297,0.5571428571428572,0.425772420065011,0.3917864105288277,0.12,0.5571428571428572,0.425772420065011,0.3917864105288277,0.12,0.1457142857142857,0.16857142857142857,0.0,55.73714285714286,0.22,0.0,2.8830440329078604e-18,0.11875506623721975,11.794285714285714,0.0036831260067544625,0.007339187674166858,0.15220987560405266,0.08,0,0.24107100050695615,0.5437801413352676,9.407733005373672,1.5093431623539104,0.0,0.9830508474576272,0.0,0.1,0.0,0.9999999999999999,0.3,0.08,0.1457142857142857,0.5007366252013509,0.25073662520135087
432,0.9207176586108387,0.5311388354426949,0.9207176586108387,0.5311388354426949,0.2583334033732473,0.5287752475346097,0.5571428571428572,0.425772420065011,0.3917864105288277,0.12,0.5571428571428572,0.425772420065011,0.3917864105288277,0.12,0.13714285714285715,0.15142857142857144,0.0,55.854285714285716,0.22,0.0,2.8837627281704362e-18,0.11874340472457427,11.794285714285714,0.0035726322265518286,0.007119797742611067,0.1521435793359311,0.08,0,0.2406077883615642,0.5410612406285913,9.371006916694771,1.479156299106832,0.0,1.0,0.0,0.1,0.0,0.9999999999999999,0.3,0.08,0.13714285714285715,0.5007145264453103,0.2507145264453104
433,0.9209137242563071,0.5308801498062112,0.9209137242563071,0.5308801498062112,0.2583334033732473,0.5285612761780103,0.5771428571428572,0.425772420065011,0.3917864105288277,0.12,0.5771428571428572,0.425772420065011,0.3917864105288277,0.12,0.16285714285714287,0.19142857142857142,0.0,56.005714285714284,0.22,0.0,2.8844605125103725e-18,0.11873209305730817,11.794285714285714,0.0034654532597552736,0.006906943181432812,0.15207927195585316,0.08,0,0.2403458944197564,0.5383559344254484,9.375015349789447,1.4495731731246955,0.0,1.0,0.0,0.1,0.0,0.9999999999999999,0.3,0.08,0.16285714285714287,0.500693090651951,0.25069309065195106
434,0.92198297056296,0.5309568758001649,0.92198297056296,0.5309568758001649,0.2583334033732473,0.5284061366750631,0.5457142857142857,0.42582956292215385,0.39182926767168486,0.12285714285714286,0.5457142857142857,0.42582956292215385,0.39182926767168486,0.12285714285714286,0.16857142857142857,0.2,0.0,56.168571428571425,0.22,0.0,2.8851379752966795e-18,0.11872112074006004,11.794285714285714,0.0033614896619626154,0.006700430658132306,0.15201689379717756,0.08,0,0.2404005942333719,0.6349085041911597,9.387515042793659,1.4693629776407786,0.0,0.9857142857142858,0.0,0.1,0.0,0.9999999999999999,0.3,0.08,0.16857142857142857,0.5006722979323925,0.25067229793239254
435,0.922530983485073,0.5305012680051625,0.922530983485073,0.5305012680051625,0.2583334033732473,0.528304346827667,0.5342857142857143,0.42588670577929666,0.391872124814542,0.12285714285714286,0.5342857142857143,0.42588670577929666,0.391872124814542,0.12285714285714286,0.16857142857142857,0.19714285714285715,0.0,56.29714285714286,0.21714285714285714,0.0,2.885795690421327e-18,0.11871047759232937,11.794285714285714,0.003260644972103737,0.006500072479738717,0.15195638698326225,0.08,0,0.24045502054791934,0.631733961670204,9.396907599080643,1.439975718087963,0.0,0.9855072463768116,0.0,0.1,0.0,0.9999999999999999,0.3,0.08,0.16857142857142857,0.5006521289944208,0.25065212899442074
436,0.9246616079235015,0.5304831144398817,0.9246616079235015,0.5304831144398817,0.2583334033732473,0.5282374207686867,0.5371428571428571,0.4259438486364395,0.39191498195739916,0.12285714285714286,0.5371428571428571,0.4259438486364395,0.39191498195739916,0.12285714285714286,0.15714285714285714,0.18,0.0,56.434285714285714,0.21714285714285714,0.0,2.8864342166367136e-18,0.11870015373903059,11.794285714285714,0.0031628256229406246,0.006305686433034863,0.15189769537376438,0.08,0,0.24042374544517972,0.6285752918618529,9.388969447099027,1.411176203726204,0.0,0.9841269841269841,0.0,0.1,0.0,0.9999999999999999,0.3,0.08,0.15714285714285714,0.5006325651245881,0.25063256512458815
437,0.9247056624850383,0.5301051570409397,0.9247056624850383,0.5301051570409397,0.2583334033732473,0.5281214080792404,0.58,0.42600099149358245,0.3919578391002563,0.12285714285714286,0.58,0.42600099149358245,0.3919578391002563,0.12285714285714286,0.15142857142857144,0.18,0.0,56.56285714285714,0.22,0.0,2.887054097890207e-18,0.11869013960133076,11.794285714285714,0.0030679408542524057,0.0061170956290268474,0.15184076451255143,0.08,0,0.24050662671795384,0.6254324154025437,9.381190058157049,1.3829526796516798,0.0,0.9841269841269841,0.0,0.1,0.0,0.9999999999999999,0.3,0.08,0.15142857142857144,0.5006135881708504,0.2506135881708505
438,0.9247979293320319,0.5299371199699572,0.9247979293320319,0.5299371199699572,0.2583334033732473,0.5280477299022102,0.5342857142857143,0.4261152772078681,0.3920435533859705,0.12285714285714286,0.5342857142857143,0.4261152772078681,0.3920435533859705,0.12285714285714286,0.15714285714285714,0.19428571428571428,0.0,56.70285714285714,0.21714285714285714,0.0,2.887655863655448e-18,0.11868042588776198,11.794285714285714,0.0029759026286248335,0.005934128351560153,0.1517855415771749,0.08,0,0.24050366501293552,0.622305253325531,9.387851971279622,1.3552936260586461,0.0,0.9852941176470589,0.0,0.1,0.0,0.9999999999999999,0.3,0.08,0.15714285714285714,0.5005951805257249,0.250595180525725
439,0.9245802711402116,0.5300499816655013,0.9245802711402116,0.5300499816655013,0.2583334033732473,0.5280189658222909,0.5314285714285715,0.4261152772078681,0.3920435533859705,0.12285714285714286,0.5314285714285715,0.4261152772078681,0.3920435533859705,0.12285714285714286,0.14,0.16285714285714287,0.0,56.831428571428575,0.21714285714285714,0.0,2.8882400292601493e-18,0.11867100358560022,11.794285714285714,0.0028866255497660884,0.005756617909990158,0.15173197532985966,0.08,0,0.2400148609735851,0.6191937270589034,9.36295207471117,1.328187753537473,0.0,1.0,0.0,0.1,0.0,0.9999999999999999,0.3,0.08,0.14,0.5005773251099532,0.25057732510995323
440,0.9253740813733191,0.5298151869986544,0.9253740813733191,0.5298151869986544,0.2583334033732473,0.5278855511073788,0.58,0.4261152772078681,0.3920435533859705,0.12285714285714286,0.58,0.4261152772078681,0.3920435533859705,0.12285714285714286,0.1657142857142857,0.2,0.0,56.96,0.21714285714285714,0.0,2.8888070962101066e-18,0.1186618639525033,11.794285714285714,0.002800026783273106,0.0055844024958126015,0.15168001606996387,0.08,0,0.2397567866687172,0.6160977584236088,9.375693033216946,1.3016239984667237,0.0,1.0,0.0,0.1,0.0,0.9999999999999999,0.3,0.08,0.1657142857142857,0.5005600053566546,0.2505600053566546
441,0.9248011952906703,0.5308248061980051,0.9248011952906703,0.5308248061980051,0.2583334033732473,0.5278873034260299,0.5714285714285714,0.4262295629221538,0.3921292676716848,0.12285714285714286,0.5714285714285714,0.4262295629221538,0.3921292676716848,0.12285714285714286,0.15714285714285714,0.20285714285714285,0.0,57.065714285714286,0.21714285714285714,0.0,2.8893575525092286e-18,0.11865299850839932,11.794285714285714,0.0027160259797749126,0.00541732504316228,0.15162961558786495,0.08,0,0.23978614630680217,0.6130172696314908,9.391036315409751,1.4326649161968144,0.0,0.9859154929577465,0.0,0.1,0.0,0.9999999999999999,0.3,0.08,0.15714285714285714,0.500543205195955,0.25054320519595497
442,0.9262478193658246,0.530608925108636,0.9262478193658246,0.530608925108636,0.2583334033732473,0.5278958976583347,0.5628571428571428,0.4262867057792966,0.3922149819573991,0.12285714285714286,0.5628571428571428,0.4262867057792966,0.3922149819573991,0.12285714285714286,0.15428571428571428,0.18,0.0,57.182857142857145,0.21714285714285714,0.0,2.889891872975369e-18,0.11864439902761847,11.794285714285714,0.002634545200381665,0.005255233093089617,0.151580727120229,0.08,0,0.240158358432411,0.6099521832833333,9.383215589101557,1.4504907652069337,0.0,0.9682539682539683,0.0,0.1,0.0,0.9999999999999999,0.3,0.08,0.15428571428571428,0.5005269090400764,0.25052690904007635
443,0.9269673052783596,0.5308546295860301,0.9269673052783596,0.5308546295860301,0.2583334033732473,0.5277719093645039,0.5571428571428572,0.4262867057792966,0.3922149819573991,0.12285714285714286,0.5571428571428572,0.4262867057792966,0.3922149819573991,0.12285714285714286,0.1742857142857143,0.20285714285714285,0.0,57.31142857142857,0.21714285714285714,0.0,2.890410519551779e-18,0.11863605753126101,11.794285714285714,0.002555508844370215,0.005097978661524283,0.15153330530662212,0.08,0,0.23975699521167754,0.6069024223669166,9.398408420176667,1.421480949902795,0.0,1.0,0.0,0.1,0.0,0.9999999999999999,0.3,0.08,0.1742857142857143,0.500511101768874,0.25051110176887403
444,0.9279016073524781,0.5307269399429357,0.9279016073524781,0.5307269399429357,0.2583334033732473,0.5276809838266543,0.5428571428571428,0.4263438486364395,0.39225783910025624,0.12285714285714286,0.5428571428571428,0.4263438486364395,0.39225783910025624,0.12285714285714286,0.13142857142857142,0.15428571428571428,0.0,57.434285714285714,0.21714285714285714,0.0,2.8909139416140327e-18,0.11862796627979429,11.794285714285714,0.0024788435790391084,0.004945418110839261,0.15148730614742345,0.08,0,0.2397003538070477,0.603867910255082,9.364725966058849,1.393051330904739,0.0,0.9814814814814815,0.0,0.1,0.0,0.9999999999999999,0.3,0.08,0.13142857142857142,0.5004957687158078,0.2504957687158078
445,0.9260674828895006,0.5301012333653182,0.9260674828895006,0.5301012333653182,0.2583334033732473,0.5275921713406911,0.5771428571428572,0.4263438486364395,0.39225783910025624,0.12285714285714286,0.5771428571428572,0.4263438486364395,0.39225783910025624,0.12285714285714286,0.12,0.15714285714285714,0.0,57.537142857142854,0.21428571428571427,0.0,2.8914025762722956e-18,0.11862011776587161,11.794285714285714,0.002404478271667935,0.004797412024927561,0.15144268696300076,0.08,0,0.23924385203801252,0.6008485707038066,9.33457430388053,1.3651903042866442,0.0,1.0,0.0,0.1,0.0,0.9999999999999999,0.3,0.08,0.12,0.5004808956543336,0.25048089565433357
446,0.9260611754207062,0.5307027297625543,0.9260611754207062,0.5307027297625543,0.2583334033732473,0.527351155423545,0.5885714285714285,0.4263438486364395,0.39225783910025624,0.12285714285714286,0.5885714285714285,0.4263438486364395,0.39225783910025624,0.12285714285714286,0.14,0.16285714285714287,0.0,57.628571428571426,0.21428571428571427,0.0,2.8918768486688063e-18,0.11861250470736653,11.794285714285714,0.002332343923517897,0.004653825087704844,0.15139940635411073,0.08,0,0.2389032070599653,0.5978443278502875,9.31073996066006,1.337886498200911,0.0,1.0,0.0,0.1,0.0,0.9999999999999999,0.3,0.08,0.14,0.5004664687847036,0.2504664687847036
447,0.9255999313849236,0.531088377495331,0.9255999313849236,0.531088377495331,0.2583334033732473,0.5272095857526434,0.5457142857142857,0.4263438486364395,0.39225783910025624,0.12285714285714286,0.5457142857142857,0.4263438486364395,0.39225783910025624,0.12285714285714286,0.1457142857142857,0.16857142857142857,0.0,57.76,0.21428571428571427,0.0,2.8923371722704766e-18,0.11860512004061666,11.794285714285714,0.0022623736058123597,0.00451452596495705,0.1513574241634874,0.08,0,0.23893626316752262,0.5948551062110361,9.293096590018287,1.311128768236893,0.0,0.9830508474576272,0.0,0.1,0.0,0.9999999999999999,0.3,0.08,0.1457142857142857,0.5004524747211625,0.2504524747211625
448,0.92572181696247,0.5310968724303161,0.92572181696247,0.5310968724303161,0.2583334033732473,0.5271887768683534,0.58,0.42657242006501095,0.3924292676716848,0.12285714285714286,0.58,0.42657242006501095,0.3924292676716848,0.12285714285714286,0.15142857142857144,0.18571428571428572,0.0,57.871428571428574,0.21428571428571427,0.0,2.8927839491565417e-18,0.11859795691386929,11.794285714285714,0.002194502397637989,0.0043793871894469705,0.15131670143858278,0.08,0,0.23945444184811354,0.5918808306799809,9.292948943932208,1.3104754704716015,0.0,0.9692307692307692,0.0,0.1,0.0,0.9999999999999999,0.3,0.08,0.15142857142857144,0.5004389004795275,0.2504389004795276
449,0.9263986378106799,0.530589726293778,0.9263986378106799,0.530589726293778,0.2583334033732473,0.5270918426483883,0.5685714285714286,0.42662956292215376,0.39247212481454197,0.12285714285714286,0.5685714285714286,0.42662956292215376,0.39247212481454197,0.12285714285714286,0.13428571428571429,0.1742857142857143,0.0,57.994285714285716,0.21428571428571427,0.0,2.8932175703011685e-18,0.11859100868092434,11.794285714285714,0.002128667325708849,0.004248285049200606,0.1512772003954253,0.08,0,0.23948474178173013,0.5889214265265809,9.281375679339277,1.2842659610621694,0.0,0.9836065573770492,0.0,0.1,0.0,0.9999999999999999,0.3,0.08,0.13428571428571429,0.5004257334651417,0.25042573346514174
