t,mean_x,mean_y,mean_x_all,mean_y_all,mean_L,y0,mean_epc,mean_r,mean_b,fund_prevalence,mean_epc_all,mean_r_all,mean_b_all,fund_prevalence_all,punish_rate,mean_punished,exit_rate,mean_exit_intent,exit_attempt_rate,exit_success_rate,p_opp_mean,stay_value,mean_degree_active,threat,A,budget,enforcer_frac,n_cadre_fallback,cap_mean,cap_p90,service_mean,service_p90,monopoly_on,enforcer_punish_share_step,alpha_punish_revalue,delta_outside_degrade,mu_membership_reward,current_delta,eta_delta_drift,punish_floor,punish_intensity_step,pi_reward,lam_punish
0,0.3483538480409222,0.4992015919707739,0.3483538480409222,0.4992015919707739,0.24830207056625644,0.5,0.0,0.33522000105062927,0.3325494323499846,0.005714285714285714,0.0,0.33522000105062927,0.3325494323499846,0.005714285714285714,0.0,0.0,0.0,0.0,0.0,0.0,0.5,0.0,11.794285714285714,0.0,0.0,0.0,0.0,0,0.0,0.0,0.0,0.0,0.0,0.0,0.0,0.3,0.0,0.3,0.0,0.08,0.0,0.25,0.25
1,0.35771000247156604,0.500060232873732,0.35771000247156604,0.500060232873732,0.24830207056625644,0.5086839575508583,0.6085714285714285,0.33624857247920076,0.33332086092141316,0.005714285714285714,0.6085714285714285,0.33624857247920076,0.33332086092141316,0.005714285714285714,0.02857142857142857,0.02857142857142857,0.0,0.025714285714285714,0.0,0.0,0.02247452149513449,0.11836634914903713,11.794285714285714,0.0,0.0,0.15,0.08,28,0.004285714285714286,0.0,0.02857142857142857,0.0,0.0,0.9,0.0,0.3,0.0,0.3,0.0,0.08,0.02857142857142857,0.25,0.25
2,0.3669660219375056,0.5004914491178989,0.3669660219375056,0.5004914491178989,0.24830207056625644,0.5169400037987637,0.84,0.33727714390777214,0.3340922894928417,0.005714285714285714,0.84,0.33727714390777214,0.3340922894928417,0.005714285714285714,0.025714285714285714,0.025714285714285714,0.0,0.04857142857142857,0.0,0.0,0.02247452149513449,0.11836634914903713,11.794285714285714,0.0,0.0,0.15,0.08,25,0.008121428571428573,0.0,0.053714285714285714,0.0,0.0,1.0,0.0,0.3,0.0,0.3,0.0,0.08,0.025714285714285714,0.25,0.25
3,0.37730184867557504,0.5010084119725409,0.37730184867557504,0.5010084119725409,0.24830207056625644,0.5249107544630188,0.8657142857142858,0.33922000105062927,0.33554943234998463,0.005714285714285714,0.8657142857142858,0.33922000105062927,0.33554943234998463,0.005714285714285714,0.05142857142857143,0.05142857142857143,0.0,0.014285714285714285,0.0,0.0,0.02247452149513449,0.11836634914903713,11.794285714285714,0.0,0.0,0.15,0.08,22,0.015795107142857142,0.0,0.10406857142857143,0.0,0.0,0.9444444444444444,0.0,0.3,0.0,0.3,0.0,0.08,0.05142857142857143,0.25,0.25
4,0.3850693419230589,0.5006241867977135,0.3850693419230589,0.5006241867977135,0.24830207056625644,0.5323720785351307,0.9142857142857143,0.34013428676491503,0.33623514663569887,0.005714285714285714,0.9142857142857143,0.34013428676491503,0.33623514663569887,0.005714285714285714,0.025714285714285714,0.025714285714285714,0.0,0.02,0.0,0.0,0.02247452149513449,0.11836634914903713,11.794285714285714,0.0,0.0,0.15,0.08,18,0.019573274464285716,0.0,0.12770148571428572,0.0,0.0,1.0,0.0,0.3,0.0,0.3,0.0,0.08,0.025714285714285714,0.25,0.25
5,0.392940942787946,0.5008458608650833,0.392940942787946,0.5008458608650833,0.24830207056625644,0.5392511321652508,0.88,0.34053428676491504,0.3365351466356989,0.005714285714285714,0.88,0.34053428676491504,0.3365351466356989,0.005714285714285714,0.011428571428571429,0.011428571428571429,0.0,0.04,0.0,0.0,0.02247452149513449,0.11836634914903713,11.794285714285714,0.0,0.0,0.15,0.08,15,0.02118969380625,0.0,0.13657602742857142,0.0,0.0,1.0,0.0,0.3,0.0,0.3,0.0,0.08,0.011428571428571429,0.25,0.25
6,0.4035254651115016,0.5020859310440359,0.4035254651115016,0.5020859310440359,0.24830207056625644,0.5452983176293283,0.8971428571428571,0.34144857247920074,0.3372208609214132,0.008571428571428572,0.8971428571428571,0.34144857247920074,0.3372208609214132,0.008571428571428572,0.022857142857142857,0.022857142857142857,0.0,0.03142857142857143,0.0,0.0,0.02247452149513449,0.11836634914903713,11.794285714285714,0.0,0.0,0.15,0.08,14,0.024512316765790184,0.0,0.15670164973714285,0.0,0.0,1.0,0.0,0.3,0.0,0.3,0.0,0.08,0.022857142857142857,0.25,0.25
7,0.41308524830921445,0.502660774850358,0.41308524830921445,0.502660774850358,0.24830207056625644,0.5494725680437139,0.9057142857142857,0.3420200010506293,0.3376494323499846,0.008571428571428572,0.9057142857142857,0.3420200010506293,0.3376494323499846,0.008571428571428572,0.014285714285714285,0.014285714285714285,0.0,0.022857142857142857,0.0,0.0,0.02247452149513449,0.11836634914903713,11.794285714285714,0.0,0.0,0.15,0.08,11,0.02653261232481837,0.0,0.16785333102811426,0.0,0.0,1.0,0.0,0.3,0.0,0.3,0.0,0.08,0.014285714285714285,0.25,0.25
8,0.4228058564492541,0.5032823644765123,0.4228058564492541,0.5032823644765123,0.24830207056625644,0.55281423945298,0.9028571428571428,0.3433914296220579,0.33867800377855606,0.008571428571428572,0.9028571428571428,0.3433914296220579,0.33867800377855606,0.008571428571428572,0.03428571428571429,0.03428571428571429,0.0,0.022857142857142857,0.0,0.0,0.02247452149513449,0.11836634914903713,11.794285714285714,0.0,0.0,0.15,0.08,11,0.03154280640605142,0.0,0.19878197869326628,0.0,0.0,0.9166666666666666,0.0,0.3,0.0,0.3,0.0,0.08,0.03428571428571429,0.25,0.25
9,0.4330265833960099,0.5040488481459525,0.4330265833960099,0.5040488481459525,0.24830207056625644,0.5557476405854175,0.88,0.344134286764915,0.33923514663569887,0.008571428571428572,0.88,0.344134286764915,0.33923514663569887,0.008571428571428572,0.02,0.02,0.0,0.011428571428571429,0.0,0.0,0.02247452149513449,0.11836634914903713,11.794285714285714,0.0,0.0,0.15,0.08,9,0.03438509237402116,0.0,0.21480633911940092,0.0,0.0,1.0,0.0,0.3,0.0,0.3,0.0,0.08,0.02,0.25,0.25
10,0.4420775569008292,0.5040160059637471,0.4420775569008292,0.5040160059637471,0.24830207056625644,0.5582352433428682,0.8685714285714285,0.34504857247920073,0.3399208609214132,0.011428571428571429,0.8685714285714285,0.34504857247920073,0.3399208609214132,0.011428571428571429,0.025714285714285714,0.025714285714285714,0.0,0.022857142857142857,0.0,0.0,0.02247452149513449,0.11836634914903713,11.794285714285714,0.0,0.0,0.15,0.08,9,0.03807030976929392,0.0,0.2362244980512986,0.0,0.0,0.8888888888888888,0.0,0.3,0.0,0.3,0.0,0.08,0.025714285714285714,0.25,0.25
11,0.45067326510305405,0.5056796521697902,0.45067326510305405,0.5056796521697902,0.24830207056625644,0.5591420335223919,0.8771428571428571,0.3455057153363436,0.34026371806427025,0.014285714285714285,0.8771428571428571,0.3455057153363436,0.34026371806427025,0.014285714285714285,0.014285714285714285,0.014285714285714285,0.0,0.03142857142857143,0.0,0.0,0.02247452149513449,0.11836634914903713,11.794285714285714,0.0,0.0,0.15,0.08,7,0.040022815363304584,0.0,0.24578572237598695,0.0,0.0,0.8,0.0,0.3,0.0,0.3,0.0,0.08,0.014285714285714285,0.25,0.25
12,0.4607563175182361,0.5073485178624352,0.4607563175182361,0.5073485178624352,0.24830207056625644,0.5610475874307514,0.8771428571428571,0.3464771439077722,0.3409922894928417,0.014285714285714285,0.8771428571428571,0.3464771439077722,0.3409922894928417,0.014285714285714285,0.025714285714285714,0.025714285714285714,0.0,0.011428571428571429,0.0,0.0,0.02247452149513449,0.11836634914903713,11.794285714285714,0.0,0.0,0.15,0.08,7,0.04367984414363092,0.0,0.2665842936427529,0.0,0.0,1.0,0.0,0.3,0.0,0.3,0.0,0.08,0.025714285714285714,0.25,0.25
13,0.47195121630272274,0.5084140481155817,0.47195121630272274,0.5084140481155817,0.24830207056625644,0.5629526451344318,0.9085714285714286,0.3481256330550267,0.342278003778556,0.014285714285714285,0.9085714285714286,0.3481256330550267,0.342278003778556,0.014285714285714285,0.04,0.045714285714285714,0.0,0.02857142857142857,0.0,0.0,0.02247452149513449,0.11836634914903713,11.794285714285714,0.0,0.0,0.15,0.08,7,0.05031858778005563,0.0,0.3069668934841836,0.0,0.0,1.0,0.0,0.3,0.0,0.3,0.0,0.08,0.04,0.25,0.25
14,0.4806048975680465,0.5092541201351971,0.4806048975680465,0.5092541201351971,0.24830207056625644,0.5645219217753665,0.9028571428571428,0.3496684901978838,0.34360657520712745,0.017142857142857144,0.9028571428571428,0.3496684901978838,0.34360657520712745,0.017142857142857144,0.04857142857142857,0.04857142857142857,0.0,0.014285714285714285,0.0,0.0,0.02247452149513449,0.11836634914903713,11.794285714285714,0.0,0.0,0.15,0.08,6,0.0568567225262249,0.0,0.34939898418592846,0.0,0.0,0.8823529411764706,0.0,0.3,0.0,0.3,0.0,0.08,0.04857142857142857,0.25,0.25
15,0.48859827202944983,0.5100800561729086,0.48859827202944983,0.5100800561729086,0.24830207056625644,0.5650922067805888,0.9342857142857143,0.3505256330550267,0.34450657520712746,0.02,0.9342857142857143,0.3505256330550267,0.34450657520712746,0.02,0.03428571428571429,0.03428571428571429,0.0,0.025714285714285714,0.0,0.0,0.02247452149513449,0.11836634914903713,11.794285714285714,0.0,0.0,0.15,0.08,6,0.06108825912306209,0.0,0.3766967187879242,0.0,0.0,0.9166666666666666,0.0,0.3,0.0,0.3,0.0,0.08,0.03428571428571429,0.25,0.25
16,0.4981431797906496,0.5110956252014739,0.4981431797906496,0.5110956252014739,0.24830207056625644,0.5644973387965904,0.9114285714285715,0.35126849019788386,0.3453208609214132,0.025714285714285714,0.9114285714285715,0.35126849019788386,0.3453208609214132,0.025714285714285714,0.03142857142857143,0.03142857142857143,0.0,0.025714285714285714,0.0,0.0,0.02247452149513449,0.11836634914903713,11.794285714285714,0.0,0.0,0.15,0.08,6,0.06472553211316105,0.0,0.40059135584073713,0.0,0.0,1.0,0.0,0.3,0.0,0.3,0.0,0.08,0.03142857142857143,0.25,0.25
17,0.5085130716660611,0.5122576795613816,0.5085130716660611,0.5122576795613816,0.24830207056625644,0.5636091362088874,0.8971428571428571,0.3523884096351676,0.3464351466356989,0.025714285714285714,0.8971428571428571,0.3523884096351676,0.3464351466356989,0.025714285714285714,0.04,0.04,0.0,0.017142857142857144,0.0,0.0,0.02247452149513449,0.11836634914903713,11.794285714285714,0.0,0.0,0.15,0.08,5,0.06957333302402381,0.0,0.43257952872392236,0.0,0.0,1.0,0.0,0.3,0.0,0.3,0.0,0.08,0.04,0.25,0.25
18,0.5193504523205832,0.5129399380302376,0.5193504523205832,0.5129399380302376,0.24830207056625644,0.562990799812723,0.9,0.35442045935736294,0.3484494323499846,0.03428571428571429,0.9,0.35442045935736294,0.3484494323499846,0.03428571428571429,0.07142857142857142,0.07428571428571429,0.0,0.022857142857142857,0.0,0.0,0.02247452149513449,0.11836634914903713,11.794285714285714,0.0,0.0,0.15,0.08,4,0.0777749200020933,0.0,0.49821365243515825,0.0,0.0,1.0,0.0,0.3,0.0,0.3,0.0,0.08,0.07142857142857142,0.25,0.25
19,0.5288186530308097,0.514261336530281,0.5288186530308097,0.514261336530281,0.24830207056625644,0.5623849122631569,0.9228571428571428,0.35693474507164863,0.3510382030535199,0.037142857142857144,0.9228571428571428,0.35693474507164863,0.3510382030535199,0.037142857142857144,0.08571428571428572,0.1,0.0,0.037142857142857144,0.0,0.0,0.02247452149513449,0.11836634914903713,11.794285714285714,0.0,0.0,0.15,0.08,3,0.08806036060414135,0.0,0.588249379386455,0.0,0.0,1.0,0.0,0.3,0.0,0.3,0.0,0.08,0.08571428571428572,0.25,0.25
20,0.5380463802229444,0.5155053784465841,0.5380463802229444,0.5155053784465841,0.24830207056625644,0.561182574717204,0.9342857142857143,0.3576901457198523,0.35194463703036677,0.037142857142857144,0.9342857142857143,0.3576901457198523,0.35194463703036677,0.037142857142857144,0.04285714285714286,0.04285714285714286,0.0,0.037142857142857144,0.0,0.0,0.02247452149513449,0.11836634914903713,11.794285714285714,0.0,0.0,0.15,0.08,2,0.09018771112611329,0.0,0.6193415346558687,0.0,0.0,1.0,0.0,0.3,0.0,0.3,0.0,0.08,0.04285714285714286,0.25,0.25
21,0.5457817641630179,0.5158945769251883,0.5457817641630179,0.5158945769251883,0.24830207056625644,0.5600476111857018,0.9085714285714286,0.3596515433303951,0.35392038929627795,0.04,0.9085714285714286,0.3596515433303951,0.35392038929627795,0.04,0.08285714285714285,0.08571428571428572,0.0,0.04285714285714286,0.0,0.0,0.02247452149513449,0.11836634914903713,11.794285714285714,0.0,0.0,0.15,0.08,1,0.09722234399905415,0.0,0.6926689896770372,0.0,0.0,0.9333333333333333,0.0,0.3,0.0,0.3,0.0,0.08,0.08285714285714285,0.25,0.25
22,0.5553352484185482,0.5174088393947868,0.5553352484185482,0.5174088393947868,0.24830207056625644,0.5584462989341408,0.8771428571428571,0.3611262489911609,0.35546324643913507,0.04285714285714286,0.8771428571428571,0.3611262489911609,0.35546324643913507,0.04285714285714286,0.06857142857142857,0.07142857142857142,0.0,0.054285714285714284,0.0,0.0,0.02247452149513449,0.11836634914903713,11.794285714285714,0.0,0.0,0.15,0.08,0,0.10324924574561213,0.1368604374173573,0.7502441813120677,0.6915810341893852,0.0,0.92,0.0,0.3,0.0,0.3,0.0,0.08,0.06857142857142857,0.25,0.25
23,0.5651816773587993,0.5177889689699834,0.5651816773587993,0.5177889689699834,0.24830207056625644,0.5565170133429624,0.8657142857142858,0.3621548204197323,0.35662038929627793,0.04857142857142857,0.8657142857142858,0.3621548204197323,0.35662038929627793,0.04857142857142857,0.05714285714285714,0.06285714285714286,0.0,0.06285714285714286,0.0,0.0,0.02247452149513449,0.11836634914903713,11.794285714285714,0.0,0.0,0.15,0.08,0,0.10724699951688407,0.14345548873190211,0.7980964405429694,0.8354492881753136,0.0,0.9090909090909091,0.0,0.3,0.0,0.3,0.0,0.08,0.05714285714285714,0.25,0.25
24,0.5766955621805817,0.5178560318329338,0.5766955621805817,0.5178560318329338,0.24830207056625644,0.5550069980594281,0.9314285714285714,0.3631162982452516,0.35794896072484933,0.05142857142857143,0.9314285714285714,0.3631162982452516,0.35794896072484933,0.05142857142857143,0.06857142857142857,0.07428571428571429,0.0,0.08,0.0,0.0,0.02247452149513449,0.11836634914903713,11.794285714285714,0.0,0.0,0.15,0.08,0,0.11155396353213747,0.1427382112882426,0.8564202260178242,0.8187403024118074,0.0,1.0,0.0,0.3,0.0,0.3,0.0,0.08,0.06857142857142857,0.25,0.25
25,0.5864497404665922,0.5185841055379918,0.5864497404665922,0.5185841055379918,0.24830207056625644,0.5533956174533654,0.9285714285714286,0.3646020125309659,0.35983467501056365,0.05142857142857143,0.9285714285714286,0.3646020125309659,0.35983467501056365,0.05142857142857143,0.07714285714285714,0.08285714285714285,0.0,0.10285714285714286,0.0,0.0,0.02247452149513449,0.11836634914903713,11.794285714285714,0.0,0.0,0.15,0.08,0,0.11675982843990318,0.14202452023180137,0.9221489643546106,0.8023654963635712,0.0,1.0,0.0,0.3,0.0,0.3,0.0,0.08,0.07714285714285714,0.25,0.25
26,0.5957681631803199,0.5184197144720301,0.5957681631803199,0.5184197144720301,0.24830207056625644,0.5517790701249496,0.9228571428571428,0.3662020125309659,0.3612545180197686,0.054285714285714284,0.9228571428571428,0.3662020125309659,0.3612545180197686,0.054285714285714284,0.06857142857142857,0.07714285714285714,0.0,0.11714285714285715,0.0,0.0,0.02247452149513449,0.11836634914903713,11.794285714285714,0.0,0.0,0.15,0.08,0,0.1215758864405608,0.14636082418082813,0.9808488422103756,0.9057655331200002,0.0,0.8888888888888888,0.0,0.3,0.0,0.3,0.0,0.08,0.06857142857142857,0.25,0.25
27,0.6050862522754261,0.5187595920795735,0.6050862522754261,0.5187595920795735,0.24830207056625644,0.5499281827022888,0.9342857142857143,0.3679903150123209,0.36287415746062873,0.05714285714285714,0.9342857142857143,0.3679903150123209,0.36287415746062873,0.05714285714285714,0.08285714285714285,0.08571428571428572,0.0,0.17714285714285713,0.0,0.0,0.02247452149513449,0.11836634914903713,11.794285714285714,0.0,0.0,0.15,0.08,0,0.12726612611578259,0.14628731296828124,1.0469461510804536,0.9039207967999998,0.0,0.9666666666666667,0.0,0.3,0.0,0.3,0.0,0.08,0.08285714285714285,0.25,0.25
28,0.6129002787091293,0.5190101712251325,0.6129002787091293,0.5190101712251325,0.24830207056625644,0.5482750988700862,0.9114285714285715,0.3691607099704147,0.36463130031777163,0.05714285714285714,0.9114285714285715,0.3691607099704147,0.36463130031777163,0.05714285714285714,0.06857142857142857,0.07714285714285714,0.0,0.2,0.0,0.0,0.02247452149513449,0.11836634914903713,11.794285714285714,0.0,0.0,0.15,0.08,0,0.13247787835536814,0.14555587640343984,1.1031500852017015,0.8858423808639998,0.0,1.0,0.0,0.3,0.0,0.3,0.0,0.08,0.06857142857142857,0.25,0.25
29,0.622096405397861,0.5193106902297442,0.622096405397861,0.5193106902297442,0.24830207056625644,0.546611355544699,0.9057142857142857,0.3705202983268136,0.3660531690317238,0.05714285714285714,0.9057142857142857,0.3705202983268136,0.3660531690317238,0.05714285714285714,0.08285714285714285,0.08285714285714285,0.0,0.23142857142857143,0.0,0.0,0.02247452149513449,0.11836634914903713,11.794285714285714,0.0,0.0,0.15,0.08,0,0.1351944593384118,0.14482809702142263,1.1639442263548105,0.8681255332467198,0.0,1.0,0.0,0.3,0.0,0.3,0.0,0.08,0.08285714285714285,0.25,0.25
30,0.6290572017709735,0.5200216824544063,0.6290572017709735,0.5200216824544063,0.24830207056625644,0.544957216617892,0.8914285714285715,0.37097744118395654,0.36670441046937674,0.06,0.8914285714285715,0.37097744118395654,0.36670441046937674,0.06,0.05142857142857143,0.054285714285714284,0.0,0.24571428571428572,0.0,0.0,0.02247452149513449,0.11836634914903713,11.794285714285714,0.0,0.0,0.15,0.08,0,0.1365466298988626,0.14410395653631553,1.1949510561134284,0.8507630225817854,0.0,1.0,0.0,0.3,0.0,0.3,0.0,0.08,0.05142857142857143,0.25,0.25
31,0.6386181345982327,0.5201016922706369,0.6386181345982327,0.5201016922706369,0.24830207056625644,0.5433606943914012,0.9057142857142857,0.371369702769014,0.3674995849591727,0.06,0.9057142857142857,0.371369702769014,0.3674995849591727,0.06,0.08,0.08285714285714285,0.0,0.3,0.0,0.0,0.02247452149513449,0.11836634914903713,11.794285714285714,0.0,0.0,0.15,0.08,0,0.138176612463654,0.14345548873190211,1.253909177848303,0.8354492881753136,0.0,0.9655172413793104,0.0,0.3,0.0,0.3,0.0,0.08,0.08,0.25,0.25
32,0.6478338272351585,0.5205802802844635,0.6478338272351585,0.5205802802844635,0.24830207056625644,0.5418899121713597,0.92,0.3722839884832997,0.36846206982099156,0.06285714285714286,0.92,0.3722839884832997,0.36846206982099156,0.06285714285714286,0.09428571428571429,0.09714285714285714,0.0,0.3142857142857143,0.0,0.0,0.02247452149513449,0.11836634914903713,11.794285714285714,0.0,0.0,0.15,0.08,0,0.14208558654419287,0.14338343675363394,1.3259738514341939,0.8337477621301497,0.0,0.9705882352941176,0.0,0.3,0.0,0.3,0.0,0.08,0.09428571428571429,0.25,0.25
33,0.6565113915456168,0.5204159609263163,0.6565113915456168,0.5204159609263163,0.24830207056625644,0.5405945259214852,0.8628571428571429,0.37362134398194347,0.3699629200783528,0.06571428571428571,0.8628571428571429,0.37362134398194347,0.3699629200783528,0.06571428571428571,0.10285714285714286,0.11428571428571428,0.0,0.34285714285714286,0.0,0.0,0.02247452149513449,0.11836634914903713,11.794285714285714,0.0,0.0,0.15,0.08,0,0.14580705832584462,0.14482809702142263,1.4137400886912244,0.8681255332467198,0.0,0.95,0.0,0.3,0.0,0.3,0.0,0.08,0.10285714285714286,0.25,0.25
34,0.6658322712596492,0.521243017349823,0.6658322712596492,0.521243017349823,0.24830207056625644,0.5393086636011327,0.8828571428571429,0.37540082189581775,0.37120773628772125,0.07428571428571429,0.8828571428571429,0.37540082189581775,0.37120773628772125,0.07428571428571429,0.10857142857142857,0.11428571428571428,0.0,0.37142857142857144,0.0,0.0,0.02247452149513449,0.11836634914903713,11.794285714285714,0.0,0.0,0.15,0.08,0,0.15081880869506561,0.14410395653631553,1.499751001203114,0.8507630225817854,0.0,0.975,0.0,0.3,0.0,0.3,0.0,0.08,0.10857142857142857,0.25,0.25
35,0.6740918614729907,0.521073766234401,0.6741793382298185,0.5215324109683003,0.24830207056625644,0.538363726435588,0.8739255014326648,0.37663668942714873,0.3726011606620971,0.07736389684813753,0.8714285714285714,0.37696672777431617,0.3723648791448641,0.07714285714285714,0.0830945558739255,0.09714285714285714,0.002857142857142857,0.38857142857142857,0.0,0.002857142857142857,0.022522758057664755,0.11836634914903713,11.512893982808023,0.0,0.0,0.15,0.08022922636103152,0,0.15440714322301885,0.14338343675363394,1.5668988383219087,0.8337477621301497,0.0,1.0,0.0,0.3,0.0,0.3,0.0,0.08,0.08571428571428572,0.25,0.25
36,0.6829026302417914,0.5223093703543347,0.6829649333735656,0.5227954868091964,0.24830207056625644,0.5374128896842638,0.9169054441260746,0.3778985186973837,0.3735467194013521,0.07736389684813753,0.9142857142857143,0.37822495181806476,0.3733077362877212,0.07714285714285714,0.11174785100286533,0.12571428571428572,0.002857142857142857,0.43142857142857144,0.0028653295128939827,0.0,0.022575354911963757,0.11836634914903713,11.512893982808023,0.0,0.0,0.15,0.08022922636103152,0,0.1570195755925983,0.14367382437509874,1.6612751472697564,0.8407650655971363,0.0,0.9545454545454546,0.0,0.3,0.0,0.3,0.0,0.08,0.11174785100286533,0.25,0.25
37,0.6937783165777516,0.5237335358937157,0.692925314474892,0.5242727812932773,0.24830207056625644,0.536573204906048,0.9109195402298851,0.379233019439352,0.37446288582295684,0.08045977011494253,0.9057142857142857,0.37913404035742465,0.37420773628772125,0.08,0.08908045977011494,0.09714285714285714,0.005714285714285714,0.44,0.0028735632183908046,0.002857142857142857,0.022591465087412662,0.11836634914903711,11.471264367816092,0.0,0.0,0.15,0.08045977011494253,0,0.1582305708656136,0.14295545525322323,1.7251925014672185,0.8239497642851935,0.0,1.0,0.0,0.3,0.0,0.3,0.0,0.08,0.09169054441260745,0.25,0.25
38,0.7022071232651761,0.5245473882588946,0.701305956552674,0.5250801764471957,0.24830207056625644,0.5357119587491175,0.8936781609195402,0.3795776739556533,0.37567660015032767,0.08045977011494253,0.8885714285714286,0.379476725419347,0.37541451510464996,0.08,0.10057471264367816,0.11714285714285715,0.005714285714285714,0.48857142857142855,0.005747126436781609,0.0,0.022603219903133097,0.11836634914903711,11.471264367816092,0.0,0.0,0.15,0.08045977011494253,0,0.1585974626602037,0.1422406779769571,1.807831508580731,0.8074707689994897,0.0,1.0,0.0,0.3,0.0,0.3,0.0,0.08,0.10057471264367816,0.25,0.25
39,0.7116628686422672,0.5255436430952206,0.7107076690990389,0.5260086406075518,0.24830207056625644,0.5348977283428573,0.8908045977011494,0.37986882032832625,0.37653866911584494,0.08045977011494253,0.8857142857142857,0.3797662080984619,0.3762716579617928,0.08,0.08908045977011494,0.1,0.005714285714285714,0.5571428571428572,0.008620689655172414,0.0,0.022603219903133097,0.11836634914903711,11.471264367816092,0.0,0.0,0.15,0.08045977011494253,0,0.15894619106118837,0.14152947458707232,1.8716748784091166,0.7913213536194998,0.0,1.0,0.0,0.3,0.0,0.3,0.0,0.08,0.08908045977011494,0.25,0.25
40,0.7199343255409277,0.5255551538192792,0.718931860529707,0.5260749214852817,0.24830207056625644,0.5342619261353251,0.8735632183908046,0.38044353297200445,0.3772714277365346,0.08045977011494253,0.8685714285714285,0.38033763666989057,0.37700022939036426,0.08,0.09770114942528736,0.10285714285714286,0.005714285714285714,0.6228571428571429,0.008620689655172414,0.0,0.022603219903133097,0.11836634914903711,11.471264367816092,0.0,0.0,0.15,0.08045977011494253,0,0.1600653172487396,0.14082182721413697,1.9370985236980771,0.7754949265471098,0.0,1.0,0.0,0.3,0.0,0.3,0.0,0.08,0.09770114942528736,0.25,0.25
41,0.7265519632581201,0.5267726500013128,0.7255116831742299,0.5272545706933996,0.24830207056625644,0.533687876856462,0.8649425287356322,0.3808663249540122,0.37783177256412076,0.08333333333333333,0.86,0.38075801269771536,0.37755737224750713,0.08285714285714285,0.10344827586206896,0.10857142857142857,0.005714285714285714,0.6657142857142857,0.008620689655172414,0.0,0.022603219903133097,0.11836634914903711,11.471264367816092,0.0,0.0,0.15,0.08045977011494253,0,0.16152127923035306,0.14011771807806625,2.006927981795544,0.7599850280161676,0.0,1.0,0.0,0.3,0.0,0.3,0.0,0.08,0.10344827586206896,0.25,0.25
42,0.7359121585137699,0.526868074844927,0.7350673836030586,0.527250086384541,0.24830207056625644,0.5330967332054719,0.8530259365994236,0.38141044921951356,0.3793803938076057,0.08357348703170028,0.8457142857142858,0.38115801269771543,0.3788728773134637,0.08285714285714285,0.12103746397694524,0.12857142857142856,0.008571428571428572,0.7285714285714285,0.011527377521613832,0.002857142857142857,0.022599393319436743,0.11836634914903714,11.463976945244957,0.0,0.0,0.15,0.08069164265129683,0,0.16312071189487004,0.1427382112882426,2.095360850731062,0.8187403024118074,0.0,0.9555555555555556,0.0,0.3,0.0,0.3,0.0,0.08,0.1206896551724138,0.25,0.25
43,0.7435758132279615,0.5270584720332213,0.741941872624356,0.5276094676648821,0.24830207056625644,0.5324713994449962,0.8554913294797688,0.3822387511626977,0.37990506047228895,0.0838150289017341,0.8457142857142858,0.3813865841262868,0.37947287731346363,0.08285714285714285,0.11560693641618497,0.12571428571428572,0.011428571428571429,0.7771428571428571,0.008670520231213872,0.002857142857142857,0.022688196826403096,0.11836634914903713,11.300578034682081,0.0,0.0,0.15,0.08092485549132948,0,0.16344725119253853,0.14266651956986576,2.1791679194307263,0.8170728068875467,0.0,0.9772727272727273,0.0,0.3,0.0,0.3,0.0,0.08,0.11527377521613832,0.25,0.25
44,0.7502329902376362,0.5277632619012605,0.7485229676110631,0.5283008109835371,0.24830207056625644,0.5319209447622891,0.8554913294797688,0.38258557197194626,0.38041062692703165,0.0838150289017341,0.8457142857142858,0.38172944126914393,0.3799726658658665,0.08285714285714285,0.10982658959537572,0.12,0.011428571428571429,0.8657142857142858,0.011560693641618497,0.0,0.022691120645743388,0.11836634914903713,11.300578034682081,0.0,0.0,0.15,0.08092485549132948,0,0.16377201565086158,0.14195318697201642,2.2555845610421117,0.8007313507497957,0.0,1.0,0.0,0.3,0.0,0.3,0.0,0.08,0.10982658959537572,0.25,0.25
45,0.7581289289465596,0.5281090094550367,0.7563286670204559,0.5287290445123404,0.24830207056625644,0.5314793794235738,0.8526011560693642,0.3828167858447786,0.3808042389606433,0.0838150289017341,0.8428571428571429,0.38195801269771534,0.3803617794762368,0.08285714285714285,0.12427745664739884,0.15142857142857144,0.011428571428571429,0.9514285714285714,0.017341040462427744,0.0,0.022691120645743388,0.11836634914903713,11.300578034682081,0.0,0.0,0.15,0.08092485549132948,0,0.16463787057260726,0.14209621195017821,2.3619014412498407,0.8040329918878318,0.0,0.9622641509433962,0.0,0.3,0.0,0.3,0.0,0.08,0.12427745664739884,0.25,0.25
46,0.7645366211446545,0.528126374320818,0.7626631284505726,0.5287441542915312,0.24830207056625644,0.5310585499273395,0.8526011560693642,0.38322141012223526,0.38136782277567216,0.0838150289017341,0.8428571428571429,0.3823580126977153,0.3809189223333797,0.08285714285714285,0.11560693641618497,0.12285714285714286,0.011428571428571429,1.0114285714285713,0.02023121387283237,0.0,0.022691120645743388,0.11836634914903713,11.300578034682081,0.0,0.0,0.15,0.08092485549132948,0,0.16575654121617278,0.14266651956986576,2.4375205552819867,0.8170728068875467,0.0,0.9767441860465116,0.0,0.3,0.0,0.3,0.0,0.08,0.11560693641618497,0.25,0.25
47,0.772380330592881,0.5279686731259071,0.7704171955051049,0.5285247184583935,0.24830207056625644,0.5306585214530862,0.8554913294797688,0.3835417908385192,0.3816712909837647,0.0838150289017341,0.8457142857142858,0.38267473192009893,0.3812189223333797,0.08285714285714285,0.11560693641618497,0.13142857142857142,0.011428571428571429,1.082857142857143,0.02023121387283237,0.0,0.022691120645743388,0.11836634914903713,11.300578034682081,0.0,0.0,0.15,0.08092485549132948,0,0.1665551877958062,0.14195318697201642,2.5201987156049186,0.8007313507497957,0.0,1.0,0.0,0.3,0.0,0.3,0.0,0.08,0.11560693641618497,0.25,0.25
48,0.7797343136665559,0.5288336010883723,0.777687133057938,0.5293422257677246,0.24830207056625644,0.5302185900585098,0.8265895953757225,0.38400421858418393,0.38201811179301326,0.08670520231213873,0.8171428571428572,0.3831318747772418,0.3815617794762368,0.08571428571428572,0.11849710982658959,0.14,0.011428571428571429,1.1485714285714286,0.023121387283236993,0.0,0.022691120645743388,0.11836634914903713,11.300578034682081,0.0,0.0,0.15,0.08092485549132948,0,0.1681499839996843,0.14124342103715634,2.6097947412928204,0.7847167237347998,0.0,1.0,0.0,0.3,0.0,0.3,0.0,0.08,0.11849710982658959,0.25,0.25
49,0.7874513127877153,0.5295928031556596,0.785315937903427,0.5301556232974219,0.24830207056625644,0.5301481850499358,0.8236994219653179,0.38423543245701625,0.38253834300688605,0.08670520231213873,0.8142857142857143,0.38336044620581317,0.38207606519052256,0.08571428571428572,0.12138728323699421,0.14,0.011428571428571429,1.2314285714285715,0.023121387283236993,0.0,0.022691120645743388,0.11836634914903713,11.300578034682081,0.0,0.0,0.15,0.08092485549132948,0,0.16906174999119636,0.14490087495962437,2.697598846466964,0.8698972180084482,0.0,0.9591836734693877,0.0,0.3,0.0,0.3,0.0,0.08,0.12138728323699421,0.25,0.25
50,0.7937135765223239,0.5301047588349578,0.7915066329096397,0.5307334157362171,0.24830207056625644,0.5301788543592821,0.8554913294797688,0.38487127060730536,0.3831107792280266,0.08670520231213873,0.8457142857142858,0.3839890176343846,0.3826419592834215,0.08571428571428572,0.12138728323699421,0.13428571428571429,0.011428571428571429,1.3085714285714285,0.03757225433526012,0.0,0.022691120645743388,0.11836634914903713,11.300578034682081,0.0,0.0,0.15,0.08092485549132948,0,0.17030101409838322,0.14636082418082813,2.7779325838233384,0.9057655331200002,0.0,0.9361702127659575,0.0,0.3,0.0,0.3,0.0,0.08,0.12138728323699421,0.25,0.25
51,0.7992170434484597,0.5302145771882418,0.7961843178956516,0.5310863959878626,0.24830207056625644,0.5300775286324563,0.7565217391304347,0.38559722145116854,0.3843522266304974,0.08695652173913043,0.7457142857142857,0.38450330334867033,0.38295175899538864,0.08571428571428572,0.1391304347826087,0.1657142857142857,0.014285714285714285,1.44,0.03768115942028986,0.002857142857142857,0.02268801102883501,0.11836634914903711,11.292753623188405,0.0,0.0,0.15,0.08115942028985507,0,0.17164850974217705,0.14850375,2.8880882178611573,0.9603999999999999,0.0,0.9655172413793104,0.0,0.3,0.0,0.3,0.0,0.08,0.1416184971098266,0.25,0.25
52,0.8060868999192767,0.5307062081414052,0.8029560335597425,0.5315741111754846,0.24830207056625644,0.5299719248757943,0.7971014492753623,0.3856263547509333,0.3843522266304974,0.08695652173913043,0.7857142857142857,0.38453202045843843,0.38295175899538864,0.08571428571428572,0.13043478260869565,0.1457142857142857,0.014285714285714285,1.56,0.04057971014492753,0.0,0.022697168777574786,0.11836634914903711,11.292753623188405,0.0,0.0,0.15,0.08115942028985507,0,0.17150441005060899,0.14776123124999999,2.9760407392182198,0.9411919999999999,0.0,1.0,0.0,0.3,0.0,0.3,0.0,0.08,0.13043478260869565,0.25,0.25
53,0.8156451925412473,0.5310083166647495,0.810605050007935,0.5317524065287731,0.24830207056625644,0.5298261231035999,0.8197674418604651,0.38442884947763545,0.38489826904479757,0.0872093023255814,0.8057142857142857,0.38453202045843843,0.38311763661075865,0.08571428571428572,0.1511627906976744,0.1657142857142857,0.017142857142857144,1.6914285714285715,0.0436046511627907,0.002857142857142857,0.02276749620610315,0.11836634914903714,10.866279069767442,0.0,0.0,0.15,0.08139534883720931,0,0.1714464594289274,0.14702242509375,3.0822342101481413,0.9223681599999999,0.0,1.0,0.0,0.3,0.0,0.3,0.0,0.08,0.1536231884057971,0.25,0.25
54,0.8224703063522846,0.53154015786871,0.817313161867926,0.532309358016529,0.24830207056625644,0.5298072284569766,0.7848837209302325,0.38466140761717027,0.38498547834712316,0.0872093023255814,0.7714285714285715,0.38476059188700984,0.38320335089647284,0.08571428571428572,0.09302325581395349,0.10571428571428572,0.017142857142857144,1.782857142857143,0.046511627906976744,0.0,0.022847273832300084,0.11836634914903714,10.866279069767442,0.0,0.0,0.15,0.08139534883720931,0,0.1719603699889256,0.14636082418082813,3.126303811659464,0.9057655331200002,0.0,0.972972972972973,0.0,0.3,0.0,0.3,0.0,0.08,0.09302325581395349,0.25,0.25
55,0.8286805433214248,0.531718876106085,0.8234169376318811,0.532588369712091,0.24830207056625644,0.5297767322479764,0.7877906976744186,0.38466140761717027,0.38498547834712316,0.0872093023255814,0.7742857142857142,0.38476059188700984,0.38320335089647284,0.08571428571428572,0.12790697674418605,0.1457142857142857,0.017142857142857144,1.8685714285714285,0.0436046511627907,0.0,0.022847273832300084,0.11836634914903714,10.866279069767442,0.0,0.0,0.15,0.08139534883720931,0,0.17201356813898097,0.14562902005992398,3.20949202114056,0.8876502224576002,0.0,1.0,0.0,0.3,0.0,0.3,0.0,0.08,0.12790697674418605,0.25,0.25
56,0.8337511630990444,0.5314613830446528,0.8284006324990272,0.5324046240867467,0.24830207056625644,0.5298588636372761,0.7965116279069767,0.3847776866869378,0.3850726876494487,0.0872093023255814,0.7828571428571428,0.3848748776012956,0.3832890651821872,0.08571428571428572,0.1308139534883721,0.15428571428571428,0.017142857142857144,1.9657142857142857,0.05232558139534884,0.0,0.022847273832300084,0.11836634914903714,10.866279069767442,0.0,0.0,0.15,0.08139534883720931,0,0.1724095017268575,0.14555587640343984,3.2995878950034636,0.8858423808639998,0.0,0.9814814814814815,0.0,0.3,0.0,0.3,0.0,0.08,0.1308139534883721,0.25,0.25
57,0.8376991500612831,0.5311284590953704,0.832744656398881,0.5321526350691946,0.24830207056625644,0.5298294562099163,0.7755102040816326,0.38555613935933186,0.3848872009252551,0.08746355685131195,0.76,0.3849320204584384,0.3833319223250443,0.08571428571428572,0.13119533527696792,0.15142857142857144,0.02,2.0685714285714285,0.04956268221574344,0.002857142857142857,0.022868634263391457,0.11836634914903713,10.822157434402332,0.0,0.0,0.15,0.08163265306122448,0,0.17274702564679464,0.14490087495962437,3.3850247085319656,0.8698972180084482,0.0,0.9811320754716981,0.0,0.3,0.0,0.3,0.0,0.08,0.1308139534883721,0.25,0.25
58,0.8426719872908491,0.5301360935776668,0.8376180368838555,0.5310682298673765,0.24830207056625644,0.5299120651348537,0.7784256559766763,0.38555613935933186,0.3848872009252551,0.08746355685131195,0.7628571428571429,0.3849320204584384,0.3833319223250443,0.08571428571428572,0.13702623906705538,0.1457142857142857,0.02,2.2314285714285713,0.05539358600583091,0.0,0.02287923998083927,0.11836634914903713,10.822157434402332,0.0,0.0,0.15,0.07871720116618076,0,0.17262543408998926,0.14417637058482624,3.4630385000756125,0.8524992736482793,0.0,1.0,0.0,0.3,0.0,0.3,0.0,0.08,0.13702623906705538,0.25,0.25
59,0.8476007094696504,0.5297013732793366,0.8423332192480344,0.5308361896727973,0.24830207056625644,0.5300938220172422,0.7602339181286549,0.38546057154875535,0.3856319109254446,0.08771929824561403,0.7428571428571429,0.3849891633155813,0.3833747794679015,0.08571428571428572,0.14619883040935672,0.16285714285714287,0.022857142857142857,2.354285714285714,0.06140350877192982,0.002857142857142857,0.02288323874114419,0.11836634914903711,10.812865497076023,0.0,0.0,0.15,0.07894736842105263,0,0.17299030691953926,0.14410395653631553,3.5566348729312423,0.8507630225817854,0.0,0.9824561403508771,0.0,0.3,0.0,0.3,0.0,0.08,0.14868804664723032,0.25,0.25
60,0.8503884717648789,0.5289803103039689,0.8447569659848982,0.5301562216068711,0.24830207056625644,0.5304344421927893,0.7331378299120235,0.385969176077418,0.38564109051947554,0.08797653958944282,0.7142857142857143,0.3849891633155813,0.3833747794679015,0.08571428571428572,0.12903225806451613,0.1457142857142857,0.025714285714285714,2.494285714285714,0.06451612903225806,0.002857142857142857,0.02289634927023362,0.11836634914903714,10.780058651026392,0.0,0.0,0.15,0.07917888563049853,0,0.17286749895637016,0.14338343675363394,3.6312164611869036,0.8337477621301497,0.0,1.0,0.0,0.3,0.0,0.3,0.0,0.08,0.13157894736842105,0.25,0.25
61,0.8568933243025175,0.5285106184003977,0.85024332475446,0.5297653967679933,0.24830207056625644,0.5308118773144411,0.6941176470588235,0.38695148155083076,0.38676932169282885,0.08823529411764706,0.6742857142857143,0.3849891633155813,0.3833747794679015,0.08571428571428572,0.13823529411764707,0.15142857142857144,0.02857142857142857,2.597142857142857,0.06764705882352941,0.002857142857142857,0.02291220004371654,0.11836634914903713,10.74705882352941,0.0,0.0,0.15,0.07941176470588235,0,0.17274559003301687,0.14266651956986576,3.7100207033917365,0.8170728068875467,0.0,1.0,0.0,0.3,0.0,0.3,0.0,0.08,0.1378299120234604,0.25,0.25
62,0.8634016431600001,0.5287506801132607,0.8565039316469217,0.5301138522932848,0.24830207056625644,0.5311435154732672,0.696165191740413,0.3874775921243403,0.387720283430773,0.08849557522123894,0.6742857142857143,0.385103449029867,0.3834604937536158,0.08571428571428572,0.13569321533923304,0.1457142857142857,0.03142857142857143,2.6685714285714286,0.07079646017699115,0.002857142857142857,0.023027057691058297,0.11836634914903711,10.448377581120944,0.0,0.0,0.15,0.07964601769911504,0,0.17308072065428037,0.14195318697201642,3.7815345750381884,0.8007313507497957,0.0,0.9803921568627451,0.0,0.3,0.0,0.3,0.0,0.08,0.13823529411764707,0.25,0.25
63,0.8686630374687169,0.5292385303574643,0.8615999678487929,0.5305126111935172,0.24830207056625644,0.5316239245722969,0.696165191740413,0.3874775921243403,0.387720283430773,0.08849557522123894,0.6742857142857143,0.385103449029867,0.3834604937536158,0.08571428571428572,0.14749262536873156,0.18,0.03142857142857143,2.797142857142857,0.07669616519174041,0.0,0.02304737329027462,0.11836634914903711,10.448377581120944,0.0,0.0,0.15,0.07964601769911504,0,0.17307160276529468,0.14124342103715634,3.885903883537424,0.7847167237347998,0.0,1.0,0.0,0.3,0.0,0.3,0.0,0.08,0.14749262536873156,0.25,0.25
64,0.8736505351974421,0.529020216600309,0.8664307156489011,0.5303301864458302,0.24830207056625644,0.5322044696034324,0.7109144542772862,0.3876545832747828,0.3878530267936048,0.08849557522123894,0.6885714285714286,0.3852748776012956,0.3835890651821872,0.08571428571428572,0.13569321533923304,0.1457142857142857,0.03142857142857143,2.9085714285714284,0.09144542772861357,0.0,0.02304737329027462,0.11836634914903711,10.448377581120944,0.0,0.0,0.15,0.07964601769911504,0,0.17380581618003962,0.14075013549576013,3.953900091580961,0.7738274310228492,0.0,0.9607843137254902,0.0,0.3,0.0,0.3,0.0,0.08,0.13569321533923304,0.25,0.25
65,0.8780436751131081,0.5301551129046134,0.8706857854529321,0.5313664947791494,0.24830207056625644,0.5326920748408971,0.7315634218289085,0.3876545832747828,0.3878530267936048,0.08849557522123894,0.7085714285714285,0.3852748776012956,0.3835890651821872,0.08571428571428572,0.11799410029498525,0.13142857142857142,0.03142857142857143,3.0228571428571427,0.10029498525073746,0.0,0.02304737329027462,0.11836634914903711,10.448377581120944,0.0,0.0,0.15,0.07964601769911504,0,0.17365064424199658,0.1400463848182813,4.006250661177913,0.7583508824023922,0.0,1.0,0.0,0.3,0.0,0.3,0.0,0.08,0.11799410029498525,0.25,0.25
66,0.8817072697263283,0.530510521880896,0.8742342385211652,0.5317326346222052,0.24830207056625644,0.5332881965141573,0.7138643067846607,0.3877725773750778,0.3879415223688261,0.08849557522123894,0.6914285714285714,0.3853891633155813,0.38367477946790146,0.08571428571428572,0.14454277286135694,0.16,0.03142857142857143,3.157142857142857,0.10619469026548672,0.0,0.02304737329027462,0.11836634914903711,10.448377581120944,0.0,0.0,0.15,0.07964601769911504,0,0.17401010602078662,0.14145742260880415,4.086125647954355,0.7896198275743359,0.0,0.9821428571428571,0.0,0.3,0.0,0.3,0.0,0.08,0.14454277286135694,0.25,0.25
67,0.886016809964462,0.5305928389859716,0.8784083360661004,0.5318696453784791,0.24830207056625644,0.533611546343997,0.7197640117994101,0.3877725773750778,0.3879415223688261,0.08849557522123894,0.6971428571428572,0.3853891633155813,0.38367477946790146,0.08571428571428572,0.14454277286135694,0.15428571428571428,0.03142857142857143,3.3,0.10324483775811209,0.0,0.02304737329027462,0.11836634914903711,10.448377581120944,0.0,0.0,0.15,0.07964601769911504,0,0.17388219906211125,0.14075013549576013,4.158688849280982,0.7738274310228492,0.0,1.0,0.0,0.3,0.0,0.3,0.0,0.08,0.14454277286135694,0.25,0.25
68,0.889847728139169,0.5314068437021687,0.8819441487796299,0.5324978320595029,0.24830207056625644,0.533969653731595,0.7189349112426036,0.38833107783609194,0.38863273844365054,0.08875739644970414,0.6942857142857143,0.38550344902986705,0.38376049375361576,0.08571428571428572,0.15680473372781065,0.16857142857142857,0.03428571428571429,3.4485714285714284,0.11538461538461539,0.002857142857142857,0.023084316276545044,0.11836634914903714,10.390532544378699,0.0,0.0,0.15,0.07988165680473373,0,0.17424050306680067,0.14209621195017821,4.244086500866791,0.8040329918878318,0.0,0.9830508474576272,0.0,0.3,0.0,0.3,0.0,0.08,0.1592920353982301,0.25,0.25
69,0.8934738738282952,0.5315325672200887,0.8854459694737002,0.5327229825307658,0.24830207056625644,0.5342911769715556,0.7366863905325444,0.38833107783609194,0.38863273844365054,0.08875739644970414,0.7114285714285714,0.38550344902986705,0.38376049375361576,0.08571428571428572,0.13609467455621302,0.16,0.03428571428571429,3.6228571428571428,0.11242603550295859,0.0,0.023090143878922262,0.11836634914903714,10.390532544378699,0.0,0.0,0.15,0.07988165680473373,0,0.1741970155514667,0.1413857308904273,4.3192047708494545,0.7879523320500753,0.0,1.0,0.0,0.3,0.0,0.3,0.0,0.08,0.13609467455621302,0.25,0.25
70,0.896243947521245,0.5320373696308801,0.8881210692114636,0.5333408532817373,0.24830207056625644,0.5346400427303951,0.7130177514792899,0.38833107783609194,0.38863273844365054,0.08875739644970414,0.6885714285714286,0.38550344902986705,0.38376049375361576,0.08571428571428572,0.15088757396449703,0.15428571428571428,0.03428571428571429,3.74,0.11538461538461539,0.0,0.023090143878922262,0.11836634914903714,10.390532544378699,0.0,0.0,0.15,0.07988165680473373,0,0.1740398876165665,0.14067880223597518,4.38710638971818,0.7721932854090737,0.0,1.0,0.0,0.3,0.0,0.3,0.0,0.08,0.15088757396449703,0.25,0.25
71,0.8986794526356263,0.5325647656309364,0.8904730712933516,0.5338471039915658,0.24830207056625644,0.5349498925181084,0.665680473372781,0.3883902494337251,0.3886771171418753,0.08875739644970414,0.6428571428571429,0.3855605918870099,0.38380335089647294,0.08571428571428572,0.14497041420118342,0.16857142857142857,0.03428571428571429,3.8914285714285715,0.12130177514792899,0.0,0.023090143878922262,0.11836634914903714,10.390532544378699,0.0,0.0,0.15,0.07988165680473373,0,0.17439768817848364,0.14160188863558304,4.467935690495245,0.7930576046859937,0.0,0.9830508474576272,0.0,0.3,0.0,0.3,0.0,0.08,0.14497041420118342,0.25,0.25
72,0.8997414201247025,0.5321572352078392,0.8917850815538746,0.5338726082204562,0.24830207056625644,0.535388513957129,0.6646884272997032,0.3892224582485819,0.3886690494231577,0.08902077151335312,0.64,0.3855605918870099,0.38380335089647294,0.08571428571428572,0.13353115727002968,0.16,0.037142857142857144,4.017142857142857,0.12166172106824925,0.002857142857142857,0.023102051021578637,0.11836634914903711,10.332344213649852,0.0,0.0,0.15,0.08011869436201781,0,0.17429641473759122,0.14089387919240515,4.53857697668534,0.7771964525922738,0.0,1.0,0.0,0.3,0.0,0.3,0.0,0.08,0.13609467455621302,0.25,0.25
73,0.8995686361726191,0.5317068068554138,0.8914038070069302,0.5333929939396977,0.24830207056625644,0.5357199495151402,0.7014925373134329,0.3900155657705242,0.3890403601293359,0.08955223880597014,0.6714285714285714,0.38590344902986706,0.38406049375361584,0.08571428571428572,0.1253731343283582,0.14285714285714285,0.04285714285714286,4.134285714285714,0.12238805970149254,0.005714285714285714,0.0231936663061033,0.11836634914903711,10.22089552238806,0.0,0.0,0.15,0.08059701492537313,0,0.17531036123533186,0.14650895667145317,4.590662580008775,0.9056785705042988,0.0,0.94,0.0,0.3,0.0,0.3,0.0,0.08,0.13056379821958458,0.25,0.25
74,0.9029838682142416,0.532344719273865,0.8946726719610547,0.533985865346684,0.24830207056625644,0.5361674137076348,0.7223880597014926,0.3901946702481362,0.3891746884875449,0.09253731343283582,0.6914285714285714,0.38607487760129566,0.3841890651821872,0.08857142857142856,0.12835820895522387,0.1457142857142857,0.04285714285714286,4.277142857142858,0.12238805970149254,0.0,0.023198781507782203,0.11836634914903711,10.22089552238806,0.0,0.0,0.15,0.08059701492537313,0,0.17608966728629802,0.14925,4.644563614122886,0.9450728000000008,0.0,0.9607843137254902,0.0,0.3,0.0,0.3,0.0,0.08,0.12835820895522387,0.25,0.25
75,0.9057569722088457,0.5318993887178886,0.8971445122581989,0.5335374593359116,0.24830207056625644,0.5366504998766711,0.7095808383233533,0.39092443662242504,0.38948650679180175,0.09281437125748503,0.6771428571428572,0.3861320204584385,0.38423192232504433,0.08857142857142856,0.15269461077844312,0.17142857142857143,0.045714285714285714,4.414285714285715,0.12275449101796407,0.002857142857142857,0.023277303371317205,0.11836634914903711,10.035928143712574,0.0,0.0,0.15,0.08083832335329341,0,0.17660750751772372,0.148578375,4.723100913269,0.9603999999999999,0.0,0.9833333333333333,0.0,0.3,0.0,0.3,0.0,0.08,0.15522388059701492,0.25,0.25
76,0.9075601848260104,0.5316682451243347,0.898865292298579,0.5331179483808159,0.24830207056625644,0.5370271408919145,0.7125748502994012,0.39092443662242504,0.38948650679180175,0.09281437125748503,0.68,0.3861320204584385,0.38423192232504433,0.08857142857142856,0.1467065868263473,0.15428571428571428,0.045714285714285714,4.56,0.12574850299401197,0.0,0.023299685833890922,0.11836634914903711,10.035928143712574,0.0,0.0,0.15,0.08083832335329341,0,0.17638161283727796,0.147835483125,4.782924609289333,0.9411919999999999,0.0,1.0,0.0,0.3,0.0,0.3,0.0,0.08,0.1467065868263473,0.25,0.25
77,0.9087282247639444,0.5314076833737708,0.900185239943441,0.5329430219253349,0.24830207056625644,0.5373595730268962,0.7087087087087087,0.39079733087827623,0.38944315984664774,0.09309309309309309,0.6742857142857143,0.38618916331558134,0.3842747794679015,0.08857142857142856,0.14414414414414414,0.16285714285714287,0.04857142857142857,4.691428571428571,0.12312312312312312,0.002857142857142857,0.023322600783614606,0.11836634914903713,10.006006006006006,0.0,0.0,0.15,0.08108108108108109,0,0.17675570620166298,0.14776123124999999,4.850123259960689,0.9242505440000003,0.0,0.9824561403508771,0.0,0.3,0.0,0.3,0.0,0.08,0.1467065868263473,0.25,0.25
78,0.9105552833921882,0.5306642293705468,0.9019235557240274,0.532229962605204,0.24830207056625644,0.5376725987480352,0.6456456456456456,0.39079733087827623,0.38944315984664774,0.09309309309309309,0.6142857142857143,0.38618916331558134,0.3842747794679015,0.08857142857142856,0.18018018018018017,0.19428571428571428,0.04857142857142857,4.828571428571428,0.12912912912912913,0.0,0.023322600783614606,0.11836634914903713,10.006006006006006,0.0,0.0,0.15,0.08108108108108109,0,0.1767284990992261,0.14702242509375,4.94740650904719,0.9057655331200002,0.0,1.0,0.0,0.3,0.0,0.3,0.0,0.08,0.18018018018018017,0.25,0.25
79,0.9119020034914315,0.5307695973786052,0.9036463072074898,0.5322480295898392,0.24830207056625644,0.538001158863908,0.6344410876132931,0.3914176680696481,0.38927701906497353,0.09365558912386707,0.6,0.3862463061727242,0.38431763661075863,0.08857142857142856,0.13595166163141995,0.14857142857142858,0.054285714285714284,4.934285714285714,0.12386706948640483,0.005714285714285714,0.023329852568136664,0.11836634914903711,9.957703927492448,0.0,0.0,0.15,0.08157099697885196,0,0.17687328517515855,0.14636082418082813,4.997029807437675,0.9039207967999998,0.0,0.9807692307692307,0.0,0.3,0.0,0.3,0.0,0.08,0.13813813813813813,0.25,0.25
80,0.9127811206513389,0.5316352791718544,0.9041101738541404,0.5331447647912335,0.24830207056625644,0.5383182117015481,0.6575757575757576,0.39213801709486507,0.3892510971708584,0.09393939393939393,0.62,0.3862463061727242,0.38431763661075863,0.08857142857142856,0.14242424242424243,0.15428571428571428,0.05714285714285714,5.057142857142857,0.12121212121212122,0.002857142857142857,0.023370359543323768,0.11836634914903713,9.921212121212122,0.0,0.0,0.15,0.07878787878787878,0,0.17675949017785417,0.14562902005992398,5.051374925574635,0.8858423808639998,0.0,1.0,0.0,0.3,0.0,0.3,0.0,0.08,0.1419939577039275,0.25,0.25
81,0.9162078216821014,0.531304332975509,0.9065926724655569,0.5329512535879659,0.24830207056625644,0.5386880975829742,0.6585365853658537,0.3922148621768265,0.38988278992684583,0.09451219512195122,0.6171428571428571,0.3864177347441528,0.3844462080393301,0.08857142857142856,0.14634146341463414,0.15714285714285714,0.06285714285714286,5.18,0.12804878048780488,0.005714285714285714,0.023387587944948492,0.11836634914903711,9.884146341463415,0.0,0.0,0.15,0.07926829268292683,0,0.17758897915553631,0.14865337500000003,5.107490284206,0.8932981427776016,0.0,0.9636363636363636,0.0,0.3,0.0,0.3,0.0,0.08,0.1484848484848485,0.25,0.25
82,0.9185780964650228,0.5322450684830609,0.9086914453264324,0.5339092665331854,0.24830207056625644,0.5389755883629199,0.6391437308868502,0.39151238561489327,0.3906627896481473,0.09480122324159021,0.5971428571428572,0.3864748776012956,0.3844890651821873,0.08857142857142856,0.1559633027522936,0.1657142857142857,0.06571428571428571,5.2942857142857145,0.12538226299694188,0.002857142857142857,0.023418151835890865,0.11836634914903711,9.859327217125383,0.0,0.0,0.15,0.07951070336391437,0,0.17784360568833008,0.14925,5.171054764236167,0.9449407470897095,0.0,0.9827586206896551,0.0,0.3,0.0,0.3,0.0,0.08,0.15853658536585366,0.25,0.25
83,0.9198442115407856,0.5319806460190812,0.9099816698578331,0.5341845150524765,0.24830207056625644,0.5394274479947263,0.6646153846153846,0.39273842505067075,0.39076258798192276,0.09538461538461539,0.6171428571428571,0.3864748776012956,0.3844890651821873,0.08857142857142856,0.16615384615384615,0.19428571428571428,0.07142857142857142,5.474285714285714,0.13230769230769232,0.005714285714285714,0.023489742267522616,0.11836634914903711,9.735384615384616,0.0,0.0,0.15,0.08,0,0.17775395908845984,0.14850375,5.2619193832371565,0.9260419321479153,0.0,1.0,0.0,0.3,0.0,0.3,0.0,0.08,0.1712538226299694,0.25,0.25
84,0.921490405902058,0.5318107575726722,0.9106968656600527,0.5340769990288364,0.24830207056625644,0.539832284772502,0.6419753086419753,0.3934640513981878,0.3918029019061924,0.09567901234567901,0.5942857142857143,0.38658916331558135,0.38457477946790153,0.08857142857142856,0.1111111111111111,0.1457142857142857,0.07428571428571429,5.5685714285714285,0.12345679012345678,0.002857142857142857,0.023537707623427086,0.11836634914903711,9.604938271604938,0.0,0.0,0.15,0.08024691358024691,0,0.17795076072158897,0.147835483125,5.3023952812866995,0.9400505874646063,0.0,0.9803921568627451,0.0,0.3,0.0,0.3,0.0,0.08,0.11384615384615385,0.25,0.25
85,0.9226204110173478,0.5320182077312207,0.9117429275382067,0.5342596240664468,0.24830207056625644,0.5403010158863712,0.6419753086419753,0.39364923658337303,0.3919417907950813,0.09567901234567901,0.5942857142857143,0.38676059188700995,0.38470335089647295,0.08857142857142856,0.12654320987654322,0.13714285714285715,0.07428571428571429,5.662857142857143,0.12654320987654322,0.0,0.023590216266770683,0.11836634914903711,9.604938271604938,0.0,0.0,0.15,0.08024691358024691,0,0.17854629263226676,0.15,5.333490232803822,0.9242505440000003,0.0,0.9583333333333334,0.0,0.3,0.0,0.3,0.0,0.08,0.12654320987654322,0.25,0.25
86,0.9246059989989633,0.5317478549385377,0.9135810146983309,0.5340008838761405,0.24830207056625644,0.5407373447668871,0.6697530864197531,0.39364923658337303,0.3919417907950813,0.09567901234567901,0.62,0.38676059188700995,0.38470335089647295,0.08857142857142856,0.12654320987654322,0.13428571428571429,0.07428571428571429,5.777142857142858,0.12037037037037036,0.0,0.023590216266770683,0.11836634914903711,9.604938271604938,0.0,0.0,0.15,0.08024691358024691,0,0.17848084759767682,0.14925,5.36110614243346,0.9057655331200002,0.0,1.0,0.0,0.3,0.0,0.3,0.0,0.08,0.12654320987654322,0.25,0.25
87,0.925693205568217,0.5312814874962334,0.9145874573510114,0.5333241466813373,0.24830207056625644,0.5411075606418448,0.6635802469135802,0.3937109649784347,0.39198808709137756,0.09567901234567901,0.6142857142857143,0.38681773474415276,0.38474620803933013,0.08857142857142856,0.14506172839506173,0.15714285714285714,0.07428571428571429,5.882857142857143,0.12345679012345678,0.0,0.023590216266770683,0.11836634914903711,9.604938271604938,0.0,0.0,0.15,0.08024691358024691,0,0.17873058621683133,0.14865337500000003,5.4110268767276475,0.9095687171200011,0.0,0.9818181818181818,0.0,0.3,0.0,0.3,0.0,0.08,0.14506172839506173,0.25,0.25
88,0.9272108540139541,0.5318591486800318,0.9159923661979222,0.5338764221089313,0.24830207056625644,0.5414541631105124,0.6327160493827161,0.39395787855868164,0.3921732722765628,0.09567901234567901,0.5857142857142857,0.38704630617272423,0.38491763661075873,0.08857142857142856,0.12654320987654322,0.15714285714285714,0.07428571428571429,5.988571428571428,0.12962962962962962,0.0,0.023590216266770683,0.11836634914903711,9.604938271604938,0.0,0.0,0.15,0.08024691358024691,0,0.1798647904286043,0.2305080093163683,5.459949196335952,0.9820000000000004,0.0,0.9454545454545454,0.0,0.3,0.0,0.3,0.0,0.08,0.12654320987654322,0.25,0.25
89,0.9307609616507917,0.5323697862885348,0.9189370536332145,0.5341811374527534,0.24830207056625644,0.541806462681841,0.6428571428571429,0.394543547986745,0.39335570784213925,0.09627329192546584,0.5914285714285714,0.3871605918870099,0.385003350896473,0.08857142857142856,0.12732919254658384,0.15428571428571428,0.08,6.094285714285714,0.12732919254658384,0.005714285714285714,0.02370813538341209,0.11836634914903711,9.341614906832298,0.0,0.0,0.15,0.08074534161490683,0,0.18022161004788984,0.22935546926978645,5.505035926694947,0.9820000000000004,0.0,0.9814814814814815,0.0,0.3,0.0,0.3,0.0,0.08,0.13271604938271606,0.25,0.25
90,0.9318745475993429,0.5317447693476867,0.9199615527058816,0.5336143879535924,0.24830207056625644,0.5421079339506834,0.6925465838509317,0.39460565978798723,0.39340229169307095,0.09627329192546584,0.6371428571428571,0.3872177347441527,0.3850462080393301,0.08857142857142856,0.13975155279503104,0.16,0.08,6.188571428571429,0.12732919254658384,0.0,0.023750503544349145,0.11836634914903711,9.341614906832298,0.0,0.0,0.15,0.08074534161490683,0,0.18040593056907897,0.2423550746193405,5.554935208161048,0.9865220283930403,0.0,0.9821428571428571,0.0,0.3,0.0,0.3,0.0,0.08,0.13975155279503104,0.25,0.25
91,0.9356663600950291,0.5317755949680092,0.9211287248483752,0.5336253364412826,0.24830207056625644,0.5423537104161741,0.7,0.39448670605034275,0.39402728136238274,0.096875,0.64,0.3872748776012956,0.3850890651821872,0.08857142857142856,0.11875,0.13142857142857142,0.08571428571428572,6.271428571428571,0.121875,0.005714285714285714,0.02382666563861636,0.11836634914903713,9.04375,0.0,0.0,0.15,0.08125,0,0.1806459016305193,0.2411432992462438,5.5752650754263975,1.0024315878251786,0.0,0.9782608695652174,0.0,0.3,0.0,0.3,0.0,0.08,0.12111801242236025,0.25,0.25
92,0.9349009655731004,0.5316469396982105,0.9200985295413485,0.5335193498336075,0.24830207056625644,0.5424981367929905,0.7012578616352201,0.3944976842856626,0.3951461637648898,0.09748427672955975,0.6371428571428571,0.3872748776012956,0.3850890651821872,0.08857142857142856,0.14779874213836477,0.14285714285714285,0.09142857142857143,6.368571428571428,0.12264150943396226,0.005714285714285714,0.023912173748215002,0.11836634914903711,9.031446540880504,0.0,0.0,0.15,0.08176100628930817,0,0.18051310140808097,0.23993758275001256,5.606616916775013,0.982382956068675,0.0,1.0,0.0,0.3,0.0,0.3,0.0,0.08,0.153125,0.25,0.25
93,0.9358745206052054,0.5315262848506479,0.9209830738276612,0.5335038075135909,0.24830207056625644,0.5427548773838151,0.6981132075471698,0.3946234704491846,0.3952405033875313,0.09748427672955975,0.6342857142857142,0.3873891633155813,0.3851747794679015,0.08857142857142856,0.12578616352201258,0.12857142857142856,0.09142857142857143,6.4314285714285715,0.1289308176100629,0.0,0.02391559637123391,0.11836634914903711,9.031446540880504,0.0,0.0,0.15,0.07861635220125786,0,0.18075253661532628,0.2387378948362625,5.623056007010942,0.9627352969473014,0.0,0.9777777777777777,0.0,0.3,0.0,0.3,0.0,0.08,0.12578616352201258,0.25,0.25
94,0.9355896478282829,0.5312759973274316,0.9207242465617718,0.5332361291200564,0.24830207056625644,0.5428965441351896,0.7232704402515723,0.39487504277622865,0.3954291826328143,0.09748427672955975,0.6571428571428571,0.3876177347441528,0.38534620803933006,0.08857142857142856,0.16666666666666666,0.16,0.09142857142857143,6.542857142857143,0.12578616352201258,0.0,0.02391559637123391,0.11836634914903711,9.031446540880504,0.0,0.0,0.15,0.07861635220125786,0,0.1815620603608211,0.23754420536208118,5.670594886870722,1.0,0.0,0.9642857142857143,0.0,0.3,0.0,0.3,0.0,0.08,0.16666666666666666,0.25,0.25
95,0.9366659655248715,0.5321463997740978,0.9216915875442938,0.5340275992723519,0.24830207056625644,0.5430128942687062,0.6624605678233438,0.3943477870676334,0.39560500863425274,0.09779179810725552,0.6,0.3876177347441528,0.38534620803933006,0.08857142857142856,0.12933753943217666,0.14285714285714285,0.09428571428571429,6.631428571428572,0.11987381703470032,0.002857142857142857,0.023943570827320314,0.11836634914903711,8.990536277602523,0.0,0.0,0.15,0.07886435331230283,0,0.18125410720187413,0.23635648433527076,5.700040131990451,0.98,0.0,1.0,0.0,0.3,0.0,0.3,0.0,0.08,0.1320754716981132,0.25,0.25
96,0.9392075574389366,0.5314395934605692,0.922812326016522,0.5336953224833247,0.24830207056625644,0.54306710797127,0.726984126984127,0.39484603459600004,0.39639354155826206,0.09841269841269841,0.6542857142857142,0.3876177347441528,0.38534620803933006,0.08857142857142856,0.11746031746031746,0.12857142857142856,0.1,6.748571428571428,0.11746031746031746,0.005714285714285714,0.023968256559756016,0.11836634914903713,8.952380952380953,0.0,0.0,0.15,0.07936507936507936,0,0.18103297952300762,0.2351747019135944,5.71461075792207,0.9603999999999999,0.0,1.0,0.0,0.3,0.0,0.3,0.0,0.08,0.12302839116719243,0.25,0.25
97,0.9404760221601962,0.5316370303842431,0.9239539442656556,0.5340428412765431,0.24830207056625644,0.5430059438593307,0.7142857142857143,0.39484603459600004,0.39639354155826206,0.09841269841269841,0.6428571428571429,0.3876177347441528,0.38534620803933006,0.08857142857142856,0.13333333333333333,0.13714285714285715,0.1,6.862857142857143,0.11428571428571428,0.0,0.02397819117613875,0.11836634914903713,8.952380952380953,0.0,0.0,0.15,0.07936507936507936,0,0.18078410105396397,0.23399882840402644,5.737461399906485,0.9411919999999999,0.0,1.0,0.0,0.3,0.0,0.3,0.0,0.08,0.13333333333333333,0.25,0.25
98,0.9444517209222744,0.5323326888426747,0.9261683236478365,0.5347484688282024,0.24830207056625644,0.5430824544282826,0.7197452229299363,0.39547475832234946,0.3974346966833559,0.09872611464968153,0.6457142857142857,0.38773202045843846,0.38543192232504436,0.08857142857142856,0.12101910828025478,0.12,0.10285714285714286,6.957142857142857,0.11464968152866242,0.002857142857142857,0.02408926165442196,0.11836634914903711,8.757961783439491,0.0,0.0,0.15,0.07961783439490445,0,0.18102218054869418,0.2328288342620063,5.742712171908355,0.9224533726152597,0.0,0.9761904761904762,0.0,0.3,0.0,0.3,0.0,0.08,0.12063492063492064,0.25,0.25
99,0.9448547691209789,0.5322837880657969,0.9264116741355672,0.5350176506839401,0.24830207056625644,0.5432276046112414,0.7507987220447284,0.39616361394108185,0.39727691812417093,0.09904153354632587,0.6714285714285714,0.38784630617272414,0.38551763661075866,0.08857142857142856,0.1501597444089457,0.15428571428571428,0.10571428571428572,7.094285714285714,0.1182108626198083,0.002857142857142857,0.024191931880983557,0.1183663491490371,8.575079872204473,0.0,0.0,0.15,0.07987220447284345,0,0.18134492678880787,0.23166469009069626,5.782143642755902,0.9122802923865929,0.0,0.9814814814814815,0.0,0.3,0.0,0.3,0.0,0.08,0.15286624203821655,0.25,0.25
100,0.943994277340212,0.5327683229042559,0.925642148628767,0.5357104503784197,0.24830207056625644,0.5433140093695101,0.7220447284345048,0.39616361394108185,0.39727691812417093,0.09904153354632587,0.6457142857142857,0.38784630617272414,0.38551763661075866,0.08857142857142856,0.13738019169329074,0.13714285714285715,0.10571428571428572,7.182857142857143,0.1182108626198083,0.0,0.024204979796728893,0.1183663491490371,8.575079872204473,0.0,0.0,0.15,0.07987220447284345,0,0.18143805929772094,0.23050636664024277,5.803643627043642,0.8940346865388611,0.0,0.9791666666666666,0.0,0.3,0.0,0.3,0.0,0.08,0.13738019169329074,0.25,0.25
101,0.9439797676425725,0.5335768564869304,0.9256291728134495,0.5361983893233188,0.24830207056625644,0.543547125612674,0.7124600638977636,0.3964192049953949,0.3974686114149057,0.09904153354632587,0.6371428571428571,0.3880748776012956,0.3856890651821872,0.08857142857142856,0.14696485623003194,0.14857142857142858,0.10571428571428572,7.268571428571429,0.1182108626198083,0.0,0.018031026535604486,0.12892034831902927,8.575079872204473,0.1,0.18126924692201818,0.21,0.07987220447284345,0,0.18247329757266093,0.22935383480704155,5.836142183074197,1.0,0.0,0.9423076923076923,0.0,0.3,0.0,0.3,0.0,0.08,0.14696485623003194,0.27,0.27
102,0.9445968429180308,0.5337836761906479,0.9261810144169307,0.5365142120607237,0.24830207056625644,0.5437716119783894,0.7060702875399361,0.39654700052255143,0.39756445806027313,0.09904153354632587,0.6314285714285715,0.3881891633155813,0.3857747794679015,0.08857142857142856,0.1501597444089457,0.15428571428571428,0.10571428571428572,7.36,0.11501597444089456,0.0,0.018152385076023007,0.12860372834392944,8.575079872204473,0.097,0.17634209573142312,0.2082,0.07987220447284345,0,0.18278836108479762,0.22820706563300636,5.873705053698428,0.98,0.0,0.9814814814814815,0.0,0.3,0.0,0.3,0.0,0.08,0.1501597444089457,0.2694,0.2694
103,0.9463023065936587,0.533825998306168,0.9277061862182779,0.5366278313830016,0.24830207056625644,0.5440611689787505,0.7188498402555911,0.39680259157686454,0.39775615135100795,0.09904153354632587,0.6428571428571429,0.38841773474415275,0.3859462080393301,0.08857142857142856,0.1597444089456869,0.15428571428571428,0.10571428571428572,7.474285714285714,0.1182108626198083,0.0,0.01827314282129204,0.12829660696808265,8.575079872204473,0.09409000000000001,0.1715344299918684,0.206454,0.07987220447284345,0,0.18335999070794506,0.22706603030484132,5.910516666910174,0.9820000000000004,0.0,0.9629629629629629,0.0,0.3,0.0,0.3,0.0,0.08,0.1597444089456869,0.268818,0.268818
104,0.9465460080688983,0.5336617593580488,0.9279241249661352,0.5366266790496357,0.24830207056625644,0.5442395049692756,0.6869009584664537,0.39680259157686454,0.39775615135100795,0.09904153354632587,0.6142857142857143,0.38841773474415275,0.3859462080393301,0.08857142857142856,0.14057507987220447,0.14857142857142858,0.10571428571428572,7.5685714285714285,0.12140575079872204,0.0,0.018393196615776375,0.12799869923351134,8.575079872204473,0.09126730000000001,0.16684418376162757,0.20476038,0.07987220447284345,0,0.18315676289726246,0.22593070015331712,5.940877762143399,0.9623600000000003,0.0,1.0,0.0,0.3,0.0,0.3,0.0,0.08,0.14057507987220447,0.26825346,0.26825346
105,0.9458740895719082,0.5340752396387053,0.9273232378531125,0.5370876140391163,0.24830207056625644,0.5444219677050897,0.7156549520766773,0.39680259157686454,0.39775615135100795,0.09904153354632587,0.64,0.38841773474415275,0.3859462080393301,0.08857142857142856,0.1597444089456869,0.16,0.10571428571428572,7.6657142857142855,0.12779552715654952,0.0,0.01851244912966039,0.12770972873097713,8.575079872204473,0.088529281,0.16226927610018926,0.2031175686,0.07987220447284345,0,0.18295497908277614,0.22480104665255055,5.98206020690053,0.9431128000000003,0.0,1.0,0.0,0.3,0.0,0.3,0.0,0.08,0.1597444089456869,0.2677058562,0.2677058562
106,0.9462689874714436,0.5348901385026267,0.9277673582885267,0.5376334069722434,0.24830207056625644,0.5445799284322534,0.7083333333333334,0.3972048359708686,0.3988254506351113,0.09935897435897435,0.6314285714285715,0.38858916331558135,0.3860747794679016,0.08857142857142856,0.125,0.14285714285714285,0.10857142857142857,7.771428571428571,0.1282051282051282,0.002857142857142857,0.018684597636864024,0.12742942734351886,8.33974358974359,0.08587340257,0.15780761504170115,0.201524041542,0.08012820512820513,0,0.183611204901648,0.2236770414192878,6.005276145619662,0.9470728000000013,0.0,0.96,0.0,0.3,0.0,0.3,0.0,0.08,0.12779552715654952,0.267174680514,0.267174680514
107,0.948069378816444,0.5345096772042021,0.9286861770889524,0.5366004603436804,0.24830207056625644,0.5447388499386319,0.7032258064516129,0.3986433391269292,0.39814467379867907,0.1,0.6228571428571429,0.38858916331558135,0.3860747794679016,0.08857142857142856,0.15161290322580645,0.15714285714285714,0.11428571428571428,7.871428571428571,0.12258064516129032,0.005714285714285714,0.018841387440258955,0.12715753499768442,8.238709677419354,0.08329720049289999,0.15345710132083934,0.19997832029573998,0.08064516129032258,0,0.18335014887713974,0.22255865621219137,6.042313479850127,0.9281313440000012,0.0,1.0,0.0,0.3,0.0,0.3,0.0,0.08,0.15064102564102563,0.26665944009858,0.26665944009858
108,0.9490712549724514,0.534338535862168,0.9295735531128446,0.5362071659544226,0.24830207056625644,0.544821302810143,0.7258064516129032,0.3986433391269292,0.39814467379867907,0.1,0.6428571428571429,0.38858916331558135,0.3860747794679016,0.08857142857142856,0.12903225806451613,0.12857142857142856,0.11428571428571428,7.9714285714285715,0.12258064516129032,0.0,0.018975336873536558,0.12689379942222503,8.238709677419354,0.08079828447811299,0.14921563186018072,0.1984789706868678,0.08064516129032258,0,0.1830045409898969,0.2214458629311304,6.050038638824552,0.9095687171200011,0.0,1.0,0.0,0.3,0.0,0.3,0.0,0.08,0.12903225806451613,0.2661596568956226,0.2661596568956226
109,0.952266959361782,0.5349173682217262,0.9307544545788299,0.5368734874792815,0.24830207056625644,0.5448402056520893,0.7249190938511327,0.39964292625855113,0.3980547118474628,0.10032362459546926,0.64,0.38858916331558135,0.3860747794679016,0.08857142857142856,0.11326860841423948,0.11714285714285715,0.11714285714285715,8.085714285714285,0.11974110032362459,0.002857142857142857,0.019106222413016356,0.1266379759140294,8.207119741100323,0.0783743359437696,0.14508110302819666,0.19702460156626175,0.08090614886731391,0,0.182745946856376,0.22033863361647474,6.046180723190918,0.8913773427776011,0.0,1.0,0.0,0.3,0.0,0.3,0.0,0.08,0.11612903225806452,0.26567486718875394,0.26567486718875394
110,0.9518883169183395,0.534976104958208,0.930420167393048,0.5369510995125383,0.24830207056625644,0.5449589388889581,0.6828478964401294,0.39964292625855113,0.3980547118474628,0.10032362459546926,0.6028571428571429,0.38858916331558135,0.3860747794679016,0.08857142857142856,0.11974110032362459,0.12857142857142856,0.11714285714285715,8.162857142857144,0.11650485436893204,0.0,0.01922277572270888,0.12638982711107963,8.207119741100323,0.0760231058654565,0.1410514136769826,0.1956138635192739,0.08090614886731391,0,0.18257407497923697,0.21923694044839237,6.053828537298528,0.8735497959220491,0.0,1.0,0.0,0.3,0.0,0.3,0.0,0.08,0.11974110032362459,0.2652046211730913,0.2652046211730913
111,0.9515799963605713,0.534019249351909,0.9301479643863325,0.5363851566815694,0.24830207056625644,0.5449600575508197,0.7508090614886731,0.39964292625855113,0.3980547118474628,0.10032362459546926,0.6628571428571428,0.38858916331558135,0.3860747794679016,0.08857142857142856,0.13592233009708737,0.13428571428571429,0.11714285714285715,8.234285714285715,0.11974110032362459,0.0,0.019338025973451467,0.12614912277221837,8.207119741100323,0.0737424126894928,0.13712446796878974,0.19424544761369567,0.08090614886731391,0,0.1824032053186265,0.21814075574615038,6.067037680838273,0.856078800003608,0.0,1.0,0.0,0.3,0.0,0.3,0.0,0.08,0.13592233009708737,0.26474848253789857,0.26474848253789857
112,0.9535421633770035,0.5343656222922095,0.931433343674553,0.5369658386157112,0.24830207056625644,0.5449192095094751,0.7142857142857143,0.40064772917010494,0.3992973275962591,0.10064935064935066,0.6285714285714286,0.3888177347441527,0.38624620803933013,0.08857142857142856,0.1331168831168831,0.1457142857142857,0.12,8.345714285714285,0.11363636363636363,0.002857142857142857,0.0194512804788962,0.12591563956352295,8.194805194805195,0.07153014030880801,0.13329817800035182,0.1929180841852848,0.08116883116883117,0,0.18306218929203338,0.21705005196741964,6.0914112129357925,0.8874131802526593,0.0,0.9607843137254902,0.0,0.3,0.0,0.3,0.0,0.08,0.13592233009708737,0.2643060280617616,0.2643060280617616
113,0.9522809423402236,0.5360453048414745,0.9303234691621866,0.5386313879139443,0.24830207056625644,0.5447310989994046,0.7467532467532467,0.4007775992999751,0.3993947301936617,0.10064935064935066,0.6571428571428571,0.38893202045843844,0.3863319223250444,0.08857142857142856,0.12012987012987013,0.12,0.12,8.425714285714285,0.11688311688311688,0.0,0.019572148572096427,0.12568916085108836,8.194805194805195,0.06938423609954376,0.1295704662338868,0.19163054165972626,0.08116883116883117,0,0.18306116405985892,0.21596480170758253,6.089582988677076,0.8895214858579479,0.0,0.9761904761904762,0.0,0.3,0.0,0.3,0.0,0.08,0.12012987012987013,0.26387684721990873,0.26387684721990873
114,0.9531635054996115,0.5355111874434315,0.9311001247424481,0.5380498961926345,0.24830207056625644,0.5446393047819323,0.7532467532467533,0.4007775992999751,0.3993947301936617,0.10064935064935066,0.6628571428571428,0.38893202045843844,0.3863319223250444,0.08857142857142856,0.13636363636363635,0.13714285714285715,0.12,8.542857142857143,0.11363636363636363,0.0,0.01968328257680367,0.1254694765000268,8.194805194805195,0.06730270901655745,0.1259392677435177,0.19038162540993447,0.08116883116883117,0,0.18291614466813103,0.2148849776990446,6.104934186046391,0.8717310561407888,0.0,1.0,0.0,0.3,0.0,0.3,0.0,0.08,0.13636363636363635,0.26346054180331147,0.26346054180331147
115,0.9516122310473643,0.5366536728808746,0.9297815611567681,0.538642088001504,0.24830207056625644,0.5445776462747773,0.752442996742671,0.4006596429787138,0.4001419545945493,0.10097719869706841,0.66,0.3889891633155813,0.38637477946790155,0.08857142857142856,0.14332247557003258,0.14,0.12285714285714286,8.625714285714286,0.12052117263843648,0.002857142857142857,0.01978918388420039,0.12525638267949707,8.188925081433224,0.06528362774606072,0.12240253228570042,0.1891701766476364,0.08143322475570032,0,0.18320042394121897,0.2138105528105494,6.122835502325463,0.9096779126324582,0.0,0.9795918367346939,0.0,0.3,0.0,0.3,0.0,0.08,0.14285714285714285,0.26305672554921217,0.26305672554921217
116,0.9526176063219154,0.5363059957353776,0.9306634188975886,0.5382208302676326,0.24830207056625644,0.544670211579518,0.7263843648208469,0.40078993613832287,0.4002396744642561,0.10097719869706841,0.6371428571428571,0.3891034490298671,0.38646049375361585,0.08857142857142856,0.1498371335504886,0.1457142857142857,0.12285714285714286,8.705714285714286,0.11726384364820847,0.0,0.019899603684257843,0.1250496816735833,8.188925081433224,0.0633251189136789,0.11895822620206453,0.18799507134820734,0.08143322475570032,0,0.18376956539294143,0.22145812842077323,6.14609307799324,0.9223681599999999,0.0,0.9607843137254902,0.0,0.3,0.0,0.3,0.0,0.08,0.1498371335504886,0.26266502378273576,0.26266502378273576
117,0.9521444767692325,0.5377289338807241,0.9303851467563231,0.5398890797974277,0.24830207056625644,0.5448864189632716,0.7679738562091504,0.4013326123648834,0.40059278433398227,0.10130718954248366,0.6714285714285714,0.38927487760129564,0.3865890651821872,0.08857142857142856,0.12418300653594772,0.12857142857142856,0.12571428571428572,8.797142857142857,0.12418300653594772,0.002857142857142857,0.02001036425903442,0.12484918169784696,8.169934640522875,0.06142536534626853,0.1156043341628803,0.1868552192077611,0.08169934640522876,0,0.184364431851691,0.22277281274871508,6.151742645004804,0.9252482680854267,0.0,0.9555555555555556,0.0,0.3,0.0,0.3,0.0,0.08,0.1270358306188925,0.2622850730692537,0.2622850730692537
118,0.9532189478034443,0.5380823534201656,0.9314499592355983,0.5400900117961984,0.24830207056625644,0.5452274034368605,0.7245901639344262,0.4013950080625049,0.4008542723352449,0.10163934426229508,0.6314285714285715,0.38927487760129564,0.3865890651821872,0.08857142857142856,0.09180327868852459,0.10857142857142857,0.12857142857142856,8.891428571428571,0.12131147540983607,0.002857142857142857,0.02011597817585669,0.12465469672138263,8.163934426229508,0.05958260438588047,0.11233886075915511,0.18574956263152828,0.07868852459016394,0,0.18407018183528973,0.2216589486849715,6.137279220676137,0.9067433027237181,0.0,1.0,0.0,0.3,0.0,0.3,0.0,0.08,0.09477124183006536,0.2619165208771761,0.2619165208771761
119,0.9535469774333953,0.5384365149068486,0.9317358136274128,0.5403829224198337,0.24830207056625644,0.5456311856919454,0.7147540983606557,0.40185402445594753,0.4011985346303269,0.10163934426229508,0.6228571428571429,0.3896748776012956,0.3868890651821873,0.08857142857142856,0.14426229508196722,0.13714285714285715,0.12857142857142856,8.982857142857142,0.12459016393442623,0.0,0.020220903982643913,0.12446604629421223,8.163934426229508,0.05779512625430405,0.10915983195114243,0.1846770757525824,0.07868852459016394,0,0.1856916880689704,0.2410515241910537,6.15167649340547,0.9643600000000009,0.0,0.9166666666666666,0.0,0.3,0.0,0.3,0.0,0.08,0.14426229508196722,0.26155902525086083,0.26155902525086083
120,0.95501534007912,0.5389093914453106,0.9330153867901154,0.5407074779988127,0.24830207056625644,0.5459884434840686,0.7213114754098361,0.40185402445594753,0.4011985346303269,0.10163934426229508,0.6285714285714286,0.3896748776012956,0.3868890651821873,0.08857142857142856,0.10819672131147541,0.10285714285714286,0.12857142857142856,9.054285714285715,0.12459016393442623,0.0,0.020322525633125893,0.12428305537985705,8.163934426229508,0.05606127246667493,0.1060652963808163,0.18363676348000496,0.07868852459016394,0,0.18530551605719697,0.23984626657009842,6.131500106394504,0.9450728000000008,0.0,1.0,0.0,0.3,0.0,0.3,0.0,0.08,0.10819672131147541,0.26121225449333496,0.26121225449333496
121,0.9546325097854194,0.5390020354689953,0.9328071395920402,0.5408662347610563,0.24830207056625644,0.5464026200097705,0.7664473684210527,0.4019982832768057,0.40161990681328374,0.10197368421052631,0.6657142857142857,0.3896748776012956,0.3868890651821873,0.08857142857142856,0.11513157894736842,0.12,0.13142857142857142,9.142857142857142,0.12171052631578948,0.002857142857142857,0.020464079894897298,0.12410555419293243,8.032894736842104,0.05437943429267468,0.10305332655562971,0.1826276605756048,0.07894736842105263,0,0.18506384561976813,0.23864703523724792,6.128870104266613,0.9261713440000008,0.0,1.0,0.0,0.3,0.0,0.3,0.0,0.08,0.11475409836065574,0.2608758868585349,0.2608758868585349
122,0.9555556750525387,0.5389660079254571,0.9336547237647537,0.5403418670140792,0.24830207056625644,0.5469385041911389,0.7392739273927392,0.40164475832461266,0.40177573365852104,0.10231023102310231,0.64,0.3896748776012956,0.3868890651821873,0.08857142857142856,0.12211221122112212,0.11714285714285715,0.13428571428571429,9.245714285714286,0.1188118811881188,0.002857142857142857,0.02057350124872388,0.12393337804161554,8.026402640264026,0.05274805126389444,0.10012201991063052,0.18164883075833665,0.07920792079207921,0,0.18482324210595502,0.23745380006106168,6.123435559324138,0.9076479171200007,0.0,1.0,0.0,0.3,0.0,0.3,0.0,0.08,0.12171052631578948,0.2605496102527789,0.2605496102527789
123,0.9554162714149763,0.5393125878926822,0.9335340400442352,0.5408134237307602,0.24830207056625644,0.5473600479317718,0.66996699669967,0.40164475832461266,0.40177573365852104,0.10231023102310231,0.58,0.3896748776012956,0.3868890651821873,0.08857142857142856,0.1353135313531353,0.12285714285714286,0.13428571428571429,9.362857142857143,0.12211221122112212,0.0,0.020671399025397975,0.12376636717483819,8.026402640264026,0.051165609725977605,0.09726949975576782,0.18069936583558655,0.07920792079207921,0,0.1846404137525681,0.23626653106075637,6.123823990994798,0.8894949587776007,0.0,1.0,0.0,0.3,0.0,0.3,0.0,0.08,0.1353135313531353,0.26023312194519554,0.26023312194519554
124,0.9559845744041895,0.5381174033350811,0.9337311630268953,0.5397246563757127,0.24830207056625644,0.5477585873935481,0.6887417218543046,0.4021301341835806,0.40157940347209875,0.10264900662251655,0.5942857142857143,0.3896748776012956,0.3868890651821873,0.08857142857142856,0.11589403973509933,0.12285714285714286,0.13714285714285715,9.448571428571428,0.11920529801324503,0.002857142857142857,0.02077271623565334,0.12360436663406417,8.013245033112582,0.04963064143419828,0.09449391611497016,0.17977838486051895,0.07947019867549669,0,0.1843166402552338,0.23508519840545258,6.124204654032046,0.8717050596020486,0.0,1.0,0.0,0.3,0.0,0.3,0.0,0.08,0.11551155115511551,0.25992612828683964,0.25992612828683964
125,0.9554451308105044,0.5378151264888117,0.9332657002689156,0.5395778668173606,0.24830207056625644,0.5481128631188824,0.7350993377483444,0.4021301341835806,0.40157940347209875,0.10264900662251655,0.6342857142857142,0.3896748776012956,0.3868890651821873,0.08857142857142856,0.13245033112582782,0.11714285714285715,0.13714285714285715,9.502857142857144,0.12251655629139073,0.0,0.020869242405836864,0.12344722610951336,8.013245033112582,0.048141722191172326,0.09179344646333287,0.1788850333147034,0.07947019867549669,0,0.18413648705395766,0.2339097724134253,6.118863418094261,0.8542709584100077,0.0,1.0,0.0,0.3,0.0,0.3,0.0,0.08,0.13245033112582782,0.25962834443823446,0.25962834443823446
126,0.9575053894923985,0.538547451974655,0.9349043743091685,0.5397984634996233,0.24830207056625644,0.5484083014672777,0.7142857142857143,0.4029269439115633,0.401812870097297,0.10299003322259136,0.6142857142857143,0.3897320204584384,0.38693192232504436,0.08857142857142856,0.12624584717607973,0.12285714285714286,0.14,9.582857142857144,0.11627906976744186,0.002857142857142857,0.02096947562132702,0.12329479980069907,7.98671096345515,0.04669747052543716,0.08916629636850315,0.1780184823152623,0.07973421926910298,0,0.18432951890440213,0.23464292371425796,6.119343292589519,0.8681255332467198,0.0,0.9767441860465116,0.0,0.3,0.0,0.3,0.0,0.08,0.12582781456953643,0.25933949410508744,0.25933949410508744
127,0.9595492267898426,0.5401592427903852,0.9359824164083307,0.5408515128094498,0.24830207056625644,0.5487291352830935,0.6722408026755853,0.4051434602858794,0.4014910762879691,0.10367892976588629,0.5742857142857143,0.3897320204584384,0.38693192232504436,0.08857142857142856,0.1605351170568562,0.15428571428571428,0.1457142857142857,9.691428571428572,0.11036789297658862,0.005714285714285714,0.021083364025369714,0.12314694628114922,7.933110367892977,0.04529654640967404,0.08661070004210591,0.1771779278458044,0.0802675585284281,0,0.1842348748777373,0.23346970909568668,6.151242141023443,0.8507630225817854,0.0,1.0,0.0,0.3,0.0,0.3,0.0,0.08,0.16279069767441862,0.2590593092819348,0.2590593092819348
128,0.9610721918171126,0.5398510099719277,0.9372834636744842,0.5408464526056407,0.24830207056625644,0.5490095475386022,0.7491638795986622,0.4051434602858794,0.4014910762879691,0.10367892976588629,0.64,0.3897320204584384,0.38693192232504436,0.08857142857142856,0.12374581939799331,0.12,0.1457142857142857,9.802857142857142,0.11371237458193979,0.0,0.021188721108537235,0.12300352836718585,7.933110367892977,0.04393765001738382,0.08412492080681178,0.17636259001043028,0.0802675585284281,0,0.18385627193192006,0.23230236055020825,6.148217298202974,0.8337477621301497,0.0,1.0,0.0,0.3,0.0,0.3,0.0,0.08,0.12374581939799331,0.25878753000347676,0.25878753000347676
129,0.959915527473467,0.5397116959796739,0.9362953418494839,0.5407188853360057,0.24830207056625644,0.5493658539769385,0.7759197324414716,0.4052772395500934,0.40159141073612964,0.10367892976588629,0.6628571428571428,0.3898463061727242,0.38701763661075866,0.08857142857142856,0.15384615384615385,0.15428571428571428,0.1457142857142857,9.897142857142857,0.11705685618729098,0.0,0.021276020143615907,0.12286441299064134,7.933110367892977,0.042619520516862304,0.08170725148440683,0.17557171231011737,0.0802675585284281,0,0.18413627628654614,0.23406306433988217,6.1795386665246275,0.8288208092018429,0.0,0.9814814814814815,0.0,0.3,0.0,0.3,0.0,0.08,0.15384615384615385,0.25852390410337245,0.25852390410337245
130,0.9602646554034409,0.540614961398772,0.9361146595208858,0.5415803035588516,0.24830207056625644,0.5496669979337664,0.7348993288590604,0.4051374104062922,0.4030188774338774,0.1040268456375839,0.6257142857142857,0.3899605918870099,0.38710335089647296,0.08857142857142856,0.12080536912751678,0.13142857142857142,0.14857142857142858,9.977142857142857,0.11409395973154363,0.002857142857142857,0.021389772541648946,0.12272947107539324,7.798657718120805,0.04134093490135644,0.07935601470998999,0.17480456094081387,0.08053691275167785,0,0.1841298806193991,0.23612785151182536,6.187376464622707,0.9318994838790635,0.0,0.9782608695652174,0.0,0.3,0.0,0.3,0.0,0.08,0.12374581939799331,0.25826818698027126,0.25826818698027126
131,0.9612305805107564,0.540450828086897,0.9369370757551145,0.5415292339929815,0.24830207056625644,0.5499793395196441,0.7583892617449665,0.4053387526881713,0.4031698841452868,0.1040268456375839,0.6457142857142857,0.39013202045843837,0.38723192232504444,0.08857142857142856,0.1342281879194631,0.14285714285714285,0.14857142857142858,10.031428571428572,0.11073825503355705,0.0,0.021507464662687305,0.12259857741760258,7.798657718120805,0.04010070685431574,0.07706956317719249,0.17406042411258943,0.08053691275167785,0,0.18477937692701638,0.24698053115550245,6.206486078187395,1.0594996550151923,0.0,0.96,0.0,0.3,0.0,0.3,0.0,0.08,0.1342281879194631,0.25802014137086315,0.25802014137086315
132,0.9608863048548326,0.5411960278524773,0.9366439496252136,0.5420524003324231,0.24830207056625644,0.5502210235698725,0.7449664429530202,0.4053387526881713,0.4031698841452868,0.1040268456375839,0.6342857142857142,0.39013202045843837,0.38723192232504444,0.08857142857142856,0.15100671140939598,0.14285714285714285,0.14857142857142858,10.111428571428572,0.10738255033557047,0.0,0.02159012607935633,0.12247161056954561,7.798657718120805,0.03889768564868627,0.07484627981908543,0.17333861138921175,0.08053691275167785,0,0.18451233718523846,0.24574562849972492,6.225213499480791,1.0383096619148886,0.0,1.0,0.0,0.3,0.0,0.3,0.0,0.08,0.15100671140939598,0.2577795371297373,0.2577795371297373
133,0.962148877216203,0.5419305739275819,0.9377189398071804,0.5424735226276323,0.24830207056625644,0.5504273601462308,0.7483221476510067,0.4053387526881713,0.4031698841452868,0.1040268456375839,0.6371428571428571,0.39013202045843837,0.38723192232504444,0.08857142857142856,0.13758389261744966,0.14,0.14857142857142858,10.211428571428572,0.1040268456375839,0.0,0.021671045283766226,0.12234845272693035,7.798657718120805,0.037730755079225686,0.07268457792922522,0.17263845304753542,0.08053691275167785,0,0.1843594954921694,0.24451690035722629,6.240709229491175,1.0175434686765907,0.0,1.0,0.0,0.3,0.0,0.3,0.0,0.08,0.13758389261744966,0.25754615101584516,0.25754615101584516
134,0.961250384866393,0.5426237991566796,0.9371753641215343,0.5431193908890553,0.24830207056625644,0.5505342750407327,0.75,0.4051702409065237,0.4026928075876345,0.10472972972972973,0.6342857142857142,0.39030344902986697,0.3873604937536158,0.08857142857142856,0.14864864864864866,0.1457142857142857,0.15428571428571428,10.291428571428572,0.09797297297297297,0.005714285714285714,0.021831758556538305,0.1222289896195936,7.641891891891892,0.036598832426848915,0.0705829012270679,0.17195929945610935,0.08108108108108109,0,0.18495169801470857,0.24573789211190827,6.261609330615637,1.0445163114130116,0.0,0.9607843137254902,0.0,0.3,0.0,0.3,0.0,0.08,0.15436241610738255,0.2573197664853698,0.2573197664853698
135,0.9611234752450791,0.5430453274450873,0.9370680348417945,0.5430614505064196,0.24830207056625644,0.5506813462786533,0.7702702702702703,0.4051702409065237,0.4026928075876345,0.10472972972972973,0.6514285714285715,0.39030344902986697,0.3873604937536158,0.08857142857142856,0.13513513513513514,0.12285714285714286,0.15428571428571428,10.388571428571428,0.09797297297297297,0.0,0.02192147185306682,0.12211311040547686,7.641891891891892,0.03550086745404345,0.06853972387177543,0.17130052047242605,0.08108108108108109,0,0.18459808238177788,0.24450920265134873,6.259234286860466,1.0236259851847513,0.0,1.0,0.0,0.3,0.0,0.3,0.0,0.08,0.13513513513513514,0.2571001734908087,0.2571001734908087
136,0.9637032089874271,0.543505998102943,0.9369411895614393,0.5430778896074738,0.24830207056625644,0.5508105515971985,0.7627118644067796,0.40531987939412284,0.40296533605089374,0.10508474576271186,0.6428571428571429,0.39030344902986697,0.3873604937536158,0.08857142857142856,0.13898305084745763,0.13428571428571429,0.15714285714285714,10.462857142857143,0.09830508474576272,0.002857142857142857,0.02202113450708958,0.12200070756778368,7.511864406779661,0.034435841430422144,0.06655355042823763,0.17066150485825327,0.08135593220338982,0,0.18433166339844043,0.24328665663809199,6.268335315408972,1.0031534654810563,0.0,1.0,0.0,0.3,0.0,0.3,0.0,0.08,0.14189189189189189,0.25688716828608443,0.25688716828608443
137,0.9635406145357523,0.5437096573368533,0.9368041456664564,0.5433520031780408,0.24830207056625644,0.5509780437183923,0.7559322033898305,0.4053876760042923,0.40301618350852086,0.10508474576271186,0.6371428571428571,0.39036059188700983,0.38740335089647293,0.08857142857142856,0.10508474576271186,0.10857142857142857,0.15714285714285714,10.554285714285715,0.09830508474576272,0.0,0.022145200183495223,0.12189167681522127,7.511864406779661,0.03340276618750948,0.06462291578893375,0.17004165971250568,0.08135593220338982,0,0.18435257651001966,0.24440587254890522,6.251540037672221,1.0419563370273637,0.0,0.9736842105263158,0.0,0.3,0.0,0.3,0.0,0.08,0.10508474576271186,0.2566805532375019,0.2566805532375019
138,0.9633433010499246,0.5436190252002578,0.9366378385855445,0.543096718062989,0.24830207056625644,0.5510776323791853,0.7627118644067796,0.4053876760042923,0.40301618350852086,0.10508474576271186,0.6428571428571429,0.39036059188700983,0.38740335089647293,0.08857142857142856,0.16610169491525423,0.16,0.15714285714285714,10.648571428571428,0.09830508474576272,0.0,0.022218974141936097,0.12178591698523573,7.511864406779661,0.032400683201884196,0.06274638505506869,0.16944040992113052,0.08135593220338982,0,0.18425824291318385,0.24318384318616068,6.286509236918777,1.0211172102868162,0.0,1.0,0.0,0.3,0.0,0.3,0.0,0.08,0.16610169491525423,0.25648013664037683,0.25648013664037683
139,0.9634966224133565,0.5435083973807748,0.9367670665918656,0.5430950198021688,0.24830207056625644,0.5512724798837096,0.7661016949152543,0.4055232692246313,0.4031178784237751,0.10508474576271186,0.6457142857142857,0.39047487760129557,0.3874890651821873,0.08857142857142856,0.14576271186440679,0.14,0.15714285714285714,10.757142857142858,0.09830508474576272,0.0,0.02229107419825563,0.12168332995014983,7.511864406779661,0.03142866270582767,0.06092255338024011,0.1688571976234966,0.08135593220338982,0,0.18433695169861794,0.24196792397022987,6.3007790521804,1.0012611493788792,0.0,0.9795918367346939,0.0,0.3,0.0,0.3,0.0,0.08,0.14576271186440679,0.25628573254116555,0.25628573254116555
140,0.9648500316165721,0.5433710165755073,0.9377165473133514,0.5430646905770186,0.24830207056625644,0.5515486010984217,0.7235494880546075,0.4054752028297661,0.4036161181349476,0.10580204778156997,0.6057142857142858,0.39047487760129557,0.3874890651821873,0.08857142857142856,0.14675767918088736,0.15428571428571428,0.16285714285714287,10.837142857142856,0.09556313993174062,0.005714285714285714,0.022374883842856956,0.12158382052611638,7.460750853242321,0.03048580282465284,0.059150045779710836,0.1682914816947917,0.08191126279863481,0,0.18410069551155342,0.24075808435037874,6.329049185422507,0.9812359263913015,0.0,1.0,0.0,0.3,0.0,0.3,0.0,0.08,0.14915254237288136,0.2560971605649306,0.2560971605649306
141,0.9648711080161902,0.5437996106614927,0.9377341912707464,0.5437378648503268,0.24830207056625644,0.5518636228050308,0.7133105802047781,0.4054752028297661,0.4036161181349476,0.10580204778156997,0.5971428571428572,0.39047487760129557,0.3874890651821873,0.08857142857142856,0.10580204778156997,0.09428571428571429,0.16285714285714287,10.925714285714285,0.09897610921501707,0.0,0.02246362933650017,0.12148729638480406,7.460750853242321,0.029571228739913254,0.057427516908195475,0.16774273724394795,0.07849829351535836,0,0.18366590631970992,0.23955429392862684,6.296753915999772,0.9616112078634754,0.0,1.0,0.0,0.3,0.0,0.3,0.0,0.08,0.10580204778156997,0.25591424574798266,0.25591424574798266
142,0.9654799816280086,0.5449942251100457,0.9371250118481002,0.5441907059387524,0.24830207056625644,0.5520524887019029,0.7482758620689656,0.4070209507567017,0.40310775562646894,0.10689655172413794,0.62,0.39047487760129557,0.3874890651821873,0.08857142857142856,0.1206896551724138,0.11428571428571428,0.17142857142857143,11.01142857142857,0.0896551724137931,0.008571428571428572,0.02256365133498738,0.121393667967731,7.393103448275862,0.028684091877715857,0.055753650808906485,0.16721045512662952,0.07931034482758621,0,0.1834041482166828,0.2383565224589837,6.285104551965491,0.942378983706206,0.0,1.0,0.0,0.3,0.0,0.3,0.0,0.08,0.12627986348122866,0.2557368183755432,0.2557368183755432
143,0.9665165377495993,0.5456840486448722,0.9379838726345611,0.5444709094985465,0.24830207056625644,0.5521669369406851,0.7655172413793103,0.4070209507567017,0.40310775562646894,0.10689655172413794,0.6342857142857142,0.39047487760129557,0.3874890651821873,0.08857142857142856,0.1206896551724138,0.11428571428571428,0.17142857142857143,11.097142857142858,0.09310344827586207,0.0,0.022648438081555224,0.1213028484031702,7.393103448275862,0.02782356912138438,0.05412716063644807,0.16669414147283063,0.07931034482758621,0,0.18308655676131366,0.2371647398466888,6.273688175211894,0.9235314040320818,0.0,1.0,0.0,0.3,0.0,0.3,0.0,0.08,0.1206896551724138,0.25556471382427687,0.25556471382427687
144,0.9665236889171998,0.5450636631942143,0.9376815143272444,0.5441570712610394,0.24830207056625644,0.5524510617408492,0.754325259515571,0.40784743178770744,0.40316744081810046,0.10726643598615918,0.6228571428571429,0.39047487760129557,0.3874890651821873,0.08857142857142856,0.11418685121107267,0.11714285714285715,0.1742857142857143,11.182857142857143,0.08650519031141868,0.002857142857142857,0.022707622553140298,0.12121475342554622,7.384083044982699,0.02698886204774285,0.05254678835599624,0.1661933172286457,0.07958477508650519,0,0.1828845532632214,0.23597891614745534,6.265357268850513,0.9050607759514401,0.0,1.0,0.0,0.3,0.0,0.3,0.0,0.08,0.11724137931034483,0.2553977724095486,0.2553977724095486
145,0.9670294936478235,0.5443641997746742,0.9371963555034605,0.54385633008488,0.24830207056625644,0.5526030728776901,0.735191637630662,0.4094562362199243,0.40418521869648294,0.10801393728222997,0.6028571428571429,0.39053202045843843,0.3875319223250444,0.08857142857142856,0.156794425087108,0.15428571428571428,0.18,11.265714285714285,0.08710801393728224,0.005714285714285714,0.022856860898210346,0.12112930129725094,7.073170731707317,0.026179196186310563,0.05101130442106161,0.16570751771178632,0.08013937282229965,0,0.18305555906833385,0.23479902156671806,6.294335837759216,0.8985833892458999,0.0,0.9814814814814815,0.0,0.3,0.0,0.3,0.0,0.08,0.16262975778546712,0.2552358392372621,0.2552358392372621
146,0.9677183007257729,0.5451700118882946,0.9376903557135444,0.5443300622398708,0.24830207056625644,0.5526575617000337,0.7482517482517482,0.4092348608980277,0.40406434668388436,0.10839160839160839,0.6114285714285714,0.39053202045843843,0.3875319223250444,0.08857142857142856,0.10839160839160839,0.10857142857142857,0.18285714285714286,11.334285714285715,0.08391608391608392,0.002857142857142857,0.02297629028031117,0.12104641273280456,7.062937062937063,0.025393820300721244,0.04951950743199218,0.16523629218043273,0.08041958041958042,0,0.18265442413013505,0.23362502645888447,6.277020549575461,0.8806117214609819,0.0,1.0,0.0,0.3,0.0,0.3,0.0,0.08,0.11149825783972125,0.25507876406014424,0.25507876406014424
147,0.96804897913087,0.5460010924389505,0.9366979140067496,0.545062478943697,0.24830207056625644,0.5526292434754493,0.7640845070422535,0.41131959256494444,0.40588511505228375,0.10915492957746478,0.62,0.3907605918870099,0.38770335089647295,0.08857142857142856,0.13380281690140844,0.12857142857142856,0.18857142857142858,11.434285714285714,0.08098591549295775,0.005714285714285714,0.023039284106985303,0.1209660108252915,7.042253521126761,0.024632005691699606,0.048070223777244014,0.16477920341501975,0.08098591549295775,0,0.18331186629519863,0.23245690132659005,6.280051567155381,0.9261605570247707,0.0,0.9555555555555556,0.0,0.3,0.0,0.3,0.0,0.08,0.13986013986013987,0.2549264011383399,0.2549264011383399
148,0.9690213988895859,0.546506864532156,0.9375754734712805,0.5454126647580247,0.24830207056625644,0.5525432094312962,0.7703180212014135,0.41158166264854307,0.40513456232257117,0.10954063604240283,0.6228571428571429,0.3908748776012956,0.38778906518218725,0.08857142857142856,0.13427561837455831,0.13142857142857142,0.19142857142857142,11.51142857142857,0.0812720848056537,0.002857142857142857,0.023138953447678166,0.12088802097500387,6.996466431095406,0.023893045520948616,0.04666230725932252,0.16433582731256915,0.0812720848056537,0,0.18390930696372265,0.23282320455573227,6.285879107240844,0.9450728000000008,0.0,0.9565217391304348,0.0,0.3,0.0,0.3,0.0,0.08,0.13732394366197184,0.2547786091041897,0.2547786091041897
149,0.9698455271393374,0.5469892636421105,0.938241840027508,0.5457632843336263,0.24830207056625644,0.5525085847482005,0.7597173144876325,0.4117230054047268,0.405240569389709,0.10954063604240283,0.6142857142857143,0.39098916331558126,0.38787477946790155,0.08857142857142856,0.13780918727915195,0.12,0.19142857142857142,11.577142857142857,0.08480565371024736,0.0,0.02321166767358156,0.12081237082022489,6.996466431095406,0.023176254155320156,0.045294638707175316,0.1639057524931921,0.0812720848056537,0,0.18398961757176122,0.2326919327594927,6.280161525096028,0.9603999999999999,0.0,0.9761904761904762,0.0,0.3,0.0,0.3,0.0,0.08,0.13780918727915195,0.25463525083106403,0.25463525083106403
150,0.9708857131369166,0.5470135623028275,0.9390829047055504,0.5460130483311294,0.24830207056625644,0.5525998731057523,0.7561837455830389,0.4118643481609105,0.40534657645684674,0.10954063604240283,0.6114285714285714,0.39110344902986705,0.38796049375361585,0.08857142857142856,0.15547703180212014,0.14857142857142858,0.19142857142857142,11.631428571428572,0.08480565371024736,0.0,0.023268417831199435,0.12073899017008924,6.996466431095406,0.022480966530660552,0.04396612557670909,0.16348857991839633,0.0812720848056537,0,0.18412652662675952,0.23152847309569524,6.303129723165535,0.9431128000000003,0.0,0.9807692307692307,0.0,0.3,0.0,0.3,0.0,0.08,0.15547703180212014,0.2544961933061321,0.2544961933061321
151,0.9691816852855178,0.5469494307890894,0.9377050764714195,0.5459727683999126,0.24830207056625644,0.5525883606429737,0.7455830388692579,0.4119350195390024,0.40539957999041565,0.10954063604240283,0.6028571428571429,0.39116059188700986,0.388003350896473,0.08857142857142856,0.1413427561837456,0.12857142857142856,0.19142857142857142,11.645714285714286,0.08480565371024736,0.0,0.023323745851136224,0.12066781093945766,6.996466431095406,0.021806537534740735,0.042675701540988875,0.16308392252084444,0.0812720848056537,0,0.18466260899362572,0.23037083073021675,6.305638557273653,0.9428335763089055,0.0,0.9555555555555556,0.0,0.3,0.0,0.3,0.0,0.08,0.1413427561837456,0.25436130750694813,0.25436130750694813
152,0.9708945021957157,0.5474434509537089,0.9390900112873796,0.5462404659222563,0.24830207056625644,0.5524728355245366,0.7809187279151943,0.4120763622951861,0.40550558705755346,0.11307420494699646,0.6314285714285715,0.39127487760129553,0.3880890651821872,0.09142857142857143,0.11307420494699646,0.11142857142857143,0.19142857142857142,11.7,0.0812720848056537,0.0,0.023377678801103193,0.12059876708574505,6.996466431095406,0.021152341408698514,0.04142232607157981,0.1626914048452191,0.0812720848056537,0,0.18473901023437186,0.24093702467349684,6.2909543575567515,0.9406500470445447,0.0,0.9743589743589743,0.0,0.3,0.0,0.3,0.0,0.08,0.11307420494699646,0.25423046828173973,0.25423046828173973
153,0.9696617764168035,0.5482311495359962,0.9380932644432877,0.5467110130989469,0.24830207056625644,0.5523778738311943,0.7561837455830389,0.4122177050513699,0.4056115941246913,0.11307420494699646,0.6114285714285714,0.3913891633155812,0.3881747794679015,0.09142857142857143,0.13427561837455831,0.12285714285714286,0.19142857142857142,11.74,0.0812720848056537,0.0,0.023430243774768655,0.12053179454764382,6.996466431095406,0.02051777116643756,0.040204984012392475,0.16231066269986252,0.0812720848056537,0,0.1849854608939143,0.23973233955012938,6.287992413262758,0.9420925098072499,0.0,0.9767441860465116,0.0,0.3,0.0,0.3,0.0,0.08,0.13427561837455831,0.2541035542332875,0.2541035542332875
154,0.9706731616548735,0.5482392980157195,0.93891104165007,0.5470924043710078,0.24830207056625644,0.5523884821505701,0.7102473498233216,0.4123590478075536,0.4057176011918291,0.11307420494699646,0.5742857142857143,0.391503449029867,0.3882604937536158,0.09142857142857143,0.12367491166077739,0.11428571428571428,0.19142857142857142,11.811428571428571,0.07773851590106007,0.0,0.02348146784861803,0.12046683118568562,6.996466431095406,0.019902238031444433,0.03902268514729912,0.16194134281886666,0.0812720848056537,0,0.18500324787515907,0.23853367785237872,6.276518279283218,0.9321930404999431,0.0,0.975,0.0,0.3,0.0,0.3,0.0,0.08,0.12367491166077739,0.2539804476062889,0.2539804476062889
155,0.9715346931201172,0.548005530366873,0.9396076513776813,0.5469504120248514,0.24830207056625644,0.5523591685090995,0.7491166077738516,0.4124297191856455,0.405770604725398,0.11307420494699646,0.6057142857142858,0.3915605918870098,0.38830335089647294,0.09142857142857143,0.13780918727915195,0.12571428571428572,0.19142857142857142,11.891428571428571,0.0812720848056537,0.0,0.02353137804200457,0.12040381672458621,6.996466431095406,0.0193051708905011,0.03787446376270165,0.16158310253430067,0.0812720848056537,0,0.1851346609214975,0.23734100946311681,6.276702199411838,0.9135491796899443,0.0,0.9772727272727273,0.0,0.3,0.0,0.3,0.0,0.08,0.13780918727915195,0.25386103417810024,0.25386103417810024
156,0.971982639529114,0.5474021791864718,0.9399698480455275,0.5461125539735777,0.24830207056625644,0.5523009529896699,0.7491166077738516,0.4125710619418293,0.4058766117925358,0.11307420494699646,0.6057142857142858,0.3916748776012956,0.3883890651821872,0.09142857142857143,0.12367491166077739,0.12,0.19142857142857142,11.94,0.08480565371024736,0.0,0.023580001280233694,0.12034269269731968,6.996466431095406,0.018726015763786068,0.03675937820614861,0.16123560945827164,0.0812720848056537,0,0.18526555975974718,0.23719040985438114,6.271168155423602,0.9077230957695758,0.0,0.9761904761904762,0.0,0.3,0.0,0.3,0.0,0.08,0.12367491166077739,0.2537452031527572,0.2537452031527572
157,0.9702600423595393,0.5470911775744871,0.9385770051912713,0.5455540409619581,0.24830207056625644,0.5522859989821092,0.7420494699646644,0.412712404698013,0.4059826188596736,0.11307420494699646,0.6,0.39178916331558133,0.3884747794679015,0.09142857142857143,0.13427561837455831,0.12571428571428572,0.19142857142857142,12.031428571428572,0.08480565371024736,0.0,0.023627364360528025,0.12028340239087124,6.996466431095406,0.018164235290872487,0.035676510442018805,0.16089854117452349,0.0812720848056537,0,0.1853386612466627,0.23690058541014442,6.271459078029416,0.9249136196892527,0.0,0.9772727272727273,0.0,0.3,0.0,0.3,0.0,0.08,0.13427561837455831,0.2536328470581745,0.2536328470581745
158,0.9700806479052788,0.5459499484635089,0.9379588622808774,0.5444498440752514,0.24830207056625644,0.5522639874894388,0.7188612099644128,0.4147890376334495,0.4070821600060436,0.11387900355871886,0.5771428571428572,0.39178916331558133,0.3884747794679015,0.09142857142857143,0.1423487544483986,0.12571428571428572,0.19714285714285715,12.134285714285713,0.07473309608540925,0.005714285714285714,0.02370823491200458,0.12022589079361619,6.911032028469751,0.017619308232146313,0.03462496560521677,0.16057158493928778,0.08185053380782918,0,0.18518154649401872,0.2357160824830937,6.271744182183113,0.9064153472954676,0.0,1.0,0.0,0.3,0.0,0.3,0.0,0.08,0.1413427561837456,0.25352386164642926,0.25352386164642926
159,0.9720019063593489,0.5459766813294133,0.9381972679688534,0.5446414943720382,0.24830207056625644,0.5521494850756469,0.7168458781362007,0.41276387208460374,0.40613420817424695,0.1111111111111111,0.5714285714285714,0.39190344902986696,0.3885604937536158,0.09142857142857143,0.1003584229390681,0.09428571428571429,0.20285714285714285,12.202857142857143,0.07168458781362007,0.005714285714285714,0.02382840067761253,0.12017010454427882,6.795698924731183,0.01709072898518192,0.03360387155375133,0.16025443739110914,0.07885304659498207,0,0.18525506804726286,0.24718270864325922,6.240595012825166,0.9083931392319862,0.0,0.9696969696969697,0.0,0.3,0.0,0.3,0.0,0.08,0.10320284697508897,0.25341814579703636,0.25341814579703636
160,0.9729417877622125,0.5462275034273307,0.9389464877157077,0.5443996008834598,0.24830207056625644,0.5520219204949098,0.6881720430107527,0.41276387208460374,0.40613420817424695,0.1111111111111111,0.5485714285714286,0.39190344902986696,0.3885604937536158,0.09142857142857143,0.10752688172043011,0.10571428571428572,0.20285714285714285,12.254285714285714,0.08243727598566308,0.0,0.02391348097955976,0.12011599188242157,6.795698924731183,0.016578007115626462,0.03261237842100484,0.15994680426937588,0.07885304659498207,0,0.184928364135598,0.24594679510004291,6.221497398282947,0.8902252764473464,0.0,1.0,0.0,0.3,0.0,0.3,0.0,0.08,0.10752688172043011,0.2533156014231253,0.2533156014231253
161,0.9737417131920486,0.5461406647690668,0.9395978696865804,0.543838053635903,0.24830207056625644,0.5519834957324004,0.7410071942446043,0.41291195266624,0.40627637748831447,0.11151079136690648,0.5885714285714285,0.39190344902986696,0.3885604937536158,0.09142857142857143,0.1223021582733813,0.11142857142857143,0.2057142857142857,12.311428571428571,0.07913669064748201,0.002857142857142857,0.02397581535204447,0.12006350260042001,6.76978417266187,0.01608066690215767,0.03164965816843801,0.15964840014129458,0.07913669064748201,0,0.18468829517206287,0.2447170611245427,6.2084960217458605,0.8724207709183995,0.0,1.0,0.0,0.3,0.0,0.3,0.0,0.08,0.12186379928315412,0.25321613338043153,0.25321613338043153
162,0.9743215152784205,0.5464631402960418,0.9382356245000733,0.544243520547764,0.24830207056625644,0.5519432498917964,0.7427536231884058,0.4139205078730818,0.4061182290808281,0.11231884057971014,0.5857142857142857,0.3919605918870099,0.38860335089647297,0.09142857142857143,0.13768115942028986,0.12857142857142856,0.21142857142857144,12.377142857142857,0.06884057971014493,0.005714285714285714,0.024082506305151345,0.12001258799687854,6.5144927536231885,0.015598246895092939,0.03071490413941258,0.15935894813705576,0.07971014492753623,0,0.1848787108390597,0.24349347581891997,6.212897529882372,0.9001507273016442,0.0,0.9777777777777777,0.0,0.3,0.0,0.3,0.0,0.08,0.14028776978417265,0.2531196493790186,0.2531196493790186
163,0.9741386334173825,0.5469878560139594,0.9380914090896548,0.5446065173997829,0.24830207056625644,0.5518848536442812,0.7789855072463768,0.4139929716411977,0.4061725769069151,0.11594202898550725,0.6142857142857143,0.39201773474415275,0.3886462080393301,0.09428571428571429,0.10869565217391304,0.09714285714285714,0.21142857142857144,12.428571428571429,0.07246376811594203,0.0,0.024211910848054987,0.11996320083144334,6.5144927536231885,0.01513029948824015,0.029807330614762373,0.15907817969294408,0.07971014492753623,0,0.18492531799915013,0.24227600843982536,6.18578243642758,0.9498356944959763,0.0,0.9705882352941176,0.0,0.3,0.0,0.3,0.0,0.08,0.10869565217391304,0.25302605989764804,0.25302605989764804
164,0.9727443971086082,0.5471533143292426,0.9366332594603713,0.5449793155223341,0.24830207056625644,0.5519976913492564,0.7563636363636363,0.41459377957063637,0.40650081492770557,0.11636363636363636,0.5942857142857143,0.3921320204584384,0.38873192232504444,0.09428571428571429,0.09818181818181818,0.08571428571428572,0.21428571428571427,12.465714285714286,0.07272727272727272,0.002857142857142857,0.0242749859317984,0.11991529528097115,6.48,0.014676390503592944,0.02892617237068884,0.15880583430215575,0.08,0,0.18494311998058294,0.24106462839762624,6.147781073413315,0.9615283432241217,0.0,0.9666666666666667,0.0,0.3,0.0,0.3,0.0,0.08,0.10144927536231885,0.2529352781007186,0.2529352781007186
165,0.9716520069491726,0.5469712053543765,0.9357371688620791,0.5450018295550361,0.24830207056625644,0.5522260933990288,0.7627737226277372,0.4140338816308739,0.40630979474177475,0.11678832116788321,0.5971428571428572,0.3925891633155813,0.38907477946790153,0.09428571428571429,0.13138686131386862,0.12571428571428572,0.21714285714285714,12.52,0.06934306569343066,0.002857142857142857,0.02433968974213161,0.1198688268970131,6.430656934306569,0.014236098788485156,0.02807068423950665,0.15854165927309108,0.08029197080291971,0,0.18695983438068,0.26759306885622036,6.150539737659334,1.0183496322885859,0.0,0.8863636363636364,0.0,0.3,0.0,0.3,0.0,0.08,0.13090909090909092,0.25284721975769703,0.25284721975769703
166,0.9716998959875974,0.5478530642648636,0.9352445166306423,0.5456311797351138,0.24830207056625644,0.5525157868789167,0.7252747252747253,0.41445527364970663,0.40663080846400046,0.11721611721611722,0.5657142857142857,0.3925891633155813,0.38907477946790153,0.09428571428571429,0.1391941391941392,0.12,0.22,12.582857142857144,0.08058608058608059,0.002857142857142857,0.024378395495847634,0.11982375256457381,6.43956043956044,0.013809015824830602,0.027240140673720603,0.15828540949489836,0.08058608058608059,0,0.18665303592306234,0.2662551035119392,6.147528942906148,0.9979826396428141,0.0,1.0,0.0,0.3,0.0,0.3,0.0,0.08,0.14233576642335766,0.2527618031649661,0.2527618031649661
167,0.9740234190876816,0.546863642646254,0.9370568646487079,0.544780184220802,0.24830207056625644,0.5526946406400222,0.717948717948718,0.4145285337229667,0.40668575351894554,0.11721611721611722,0.56,0.39264630617272417,0.3891176366107587,0.09428571428571429,0.12087912087912088,0.11142857142857143,0.22,12.662857142857144,0.07692307692307693,0.0,0.02442476046588475,0.11978003046210774,6.43956043956044,0.013394745350085684,0.02643383531387067,0.1580368472100514,0.08058608058608059,0,0.18671934217201844,0.3426255898519626,6.136006935476596,0.9867585184356013,0.0,0.9743589743589743,0.0,0.3,0.0,0.3,0.0,0.08,0.12087912087912088,0.25267894907001714,0.25267894907001714
168,0.9735807853638718,0.5473210282460172,0.9365636195469003,0.5452285693823915,0.24830207056625644,0.5527118766377849,0.7279411764705882,0.41485945615228165,0.4074490712951518,0.11764705882352941,0.5657142857142857,0.39264630617272417,0.3891176366107587,0.09428571428571429,0.09926470588235294,0.08857142857142856,0.22285714285714286,12.734285714285715,0.08455882352941177,0.002857142857142857,0.02445298904768746,0.11973762002271562,6.4411764705882355,0.012992902989583112,0.02565108056053944,0.15779574179374986,0.08088235294117647,0,0.18632831688972978,0.3409124619027028,6.101858225338492,0.9670233480668893,0.0,1.0,0.0,0.3,0.0,0.3,0.0,0.08,0.0989010989010989,0.2525985805979166,0.2525985805979166
169,0.9757590236634694,0.5479051335269272,0.9382256529297968,0.5462278906574901,0.24830207056625644,0.5528644373724277,0.7490774907749077,0.4154941288558906,0.40704181600809963,0.11808118081180811,0.58,0.39264630617272417,0.3891176366107587,0.09428571428571429,0.14022140221402213,0.12857142857142856,0.2257142857142857,12.768571428571429,0.08487084870848709,0.002857142857142857,0.024529192725019897,0.11969648189650525,6.339483394833948,0.012603115899895618,0.024891207150881223,0.15756186953993737,0.08118081180811808,0,0.18602453316242398,0.3392078995931893,6.108392489403151,0.9476828811055514,0.0,1.0,0.0,0.3,0.0,0.3,0.0,0.08,0.13970588235294118,0.25252062317997914,0.25252062317997914
170,0.9754712949832964,0.5479147794919261,0.9380028687231486,0.5461432915214397,0.24830207056625644,0.5531206079877776,0.7638376383763837,0.41578933180792005,0.40726321822212175,0.11808118081180811,0.5914285714285714,0.39287487760129564,0.3892890651821872,0.09428571428571429,0.1070110701107011,0.1,0.2257142857142857,12.82,0.08487084870848709,0.0,0.024592291152536607,0.11965657791408124,6.339483394833948,0.01222502242289875,0.024153563739992,0.15733501345373924,0.08118081180811808,0,0.1869791276358976,0.3375118600952234,6.086224639615088,1.1537048668837333,0.0,0.9142857142857143,0.0,0.3,0.0,0.3,0.0,0.08,0.1070110701107011,0.25244500448457974,0.25244500448457974
171,0.9748177117597959,0.548779938977096,0.9374968085700954,0.5473678715101702,0.24830207056625644,0.5532086068730802,0.7490774907749077,0.41578933180792005,0.40726321822212175,0.11808118081180811,0.58,0.39287487760129564,0.3892890651821872,0.09428571428571429,0.11439114391143912,0.09714285714285714,0.2257142857142857,12.885714285714286,0.08856088560885608,0.0,0.024625931229176466,0.11961787105112989,6.339483394833948,0.011858271750211787,0.02343751648740955,0.15711496305012707,0.08118081180811808,0,0.18661523199771807,0.33582430079474723,6.061643003965645,1.1306307695460585,0.0,1.0,0.0,0.3,0.0,0.3,0.0,0.08,0.11439114391143912,0.2523716543500424,0.2523716543500424
172,0.9747560496626622,0.5486300269334183,0.9375211900615643,0.5480679798670874,0.24830207056625644,0.5532708551652087,0.725925925925926,0.4166232867252223,0.40811275546713366,0.11851851851851852,0.56,0.39287487760129564,0.3892890651821872,0.09428571428571429,0.11851851851851852,0.10571428571428572,0.22857142857142856,12.928571428571429,0.08518518518518518,0.002857142857142857,0.024662508804470733,0.11958032539406704,6.333333333333333,0.011502523597705433,0.02274244864899877,0.15690151415862325,0.08148148148148149,0,0.1863381586913009,0.3341451792907735,6.046124429600616,1.1080181541551373,0.0,1.0,0.0,0.3,0.0,0.3,0.0,0.08,0.12177121771217712,0.2523005047195411,0.2523005047195411
173,0.9743801043401995,0.5481385297317658,0.9372311750985214,0.5473572855398157,0.24830207056625644,0.5532314160166175,0.7481481481481481,0.4166232867252223,0.40811275546713366,0.11851851851851852,0.5771428571428572,0.39287487760129564,0.3892890651821872,0.09428571428571429,0.13703703703703704,0.11714285714285715,0.22857142857142856,12.977142857142857,0.08518518518518518,0.0,0.024696654512556235,0.11954390610671624,6.333333333333333,0.011157447889774269,0.02206776017444878,0.15669446873386456,0.08148148148148149,0,0.18606289718355873,0.33247445339431964,6.04234479815146,1.0858577910720344,0.0,1.0,0.0,0.3,0.0,0.3,0.0,0.08,0.13703703703703704,0.2522314895779548,0.2522314895779548
174,0.973290186016311,0.548577810841596,0.9363903809629504,0.5476115724584151,0.24830207056625644,0.5530743047893736,0.762962962962963,0.4166232867252223,0.40811275546713366,0.11851851851851852,0.5885714285714285,0.39287487760129564,0.3892890651821872,0.09428571428571429,0.09259259259259259,0.07714285714285714,0.22857142857142856,13.051428571428572,0.08888888888888889,0.0,0.024727605446037058,0.1195085793979858,6.333333333333333,0.01082272445308104,0.021412867310581674,0.15649363467184862,0.08148148148148149,0,0.18564658269764092,0.33081208112734806,5.9986407593312885,1.0641406352505938,0.0,1.0,0.0,0.3,0.0,0.3,0.0,0.08,0.09259259259259259,0.2521645448906162,0.2521645448906162
175,0.973785538076094,0.5490679164506785,0.9367646008455666,0.5473822615051221,0.24830207056625644,0.5529288063389954,0.724907063197026,0.41716788220525747,0.40868628750195574,0.11895910780669144,0.5571428571428572,0.39298916331558126,0.3893747794679015,0.09428571428571429,0.12639405204460966,0.10857142857142857,0.23142857142857143,13.088571428571429,0.08921933085501858,0.002857142857142857,0.024782311903574994,0.11947431249051735,6.297397769516729,0.010498042719488608,0.020777202210646273,0.15629882563169317,0.08178438661710037,0,0.18568920692700983,0.3291580207217113,5.987239372716091,1.0621941947441964,0.0,0.9736842105263158,0.0,0.3,0.0,0.3,0.0,0.08,0.12962962962962962,0.25209960854389774,0.25209960854389774
176,0.9723464437299396,0.5505192050733019,0.9356585540480936,0.548453551441036,0.24830207056625644,0.5528866167494811,0.7620817843866171,0.41716788220525747,0.40868628750195574,0.11895910780669144,0.5857142857142857,0.39298916331558126,0.3893747794679015,0.09428571428571429,0.13011152416356878,0.11142857142857143,0.23142857142857143,13.165714285714285,0.08921933085501858,0.0,0.024817476719754976,0.11944107359027298,6.297397769516729,0.01018310143790395,0.02016021254974565,0.15610986086274237,0.08178438661710037,0,0.18547390446380335,0.3275122306181027,5.978923156690341,1.0409503108493123,0.0,1.0,0.0,0.3,0.0,0.3,0.0,0.08,0.13011152416356878,0.2520366202875808,0.2520366202875808
177,0.9734810312754053,0.5499694648942685,0.9364507508936845,0.5479075948223109,0.24830207056625644,0.5529093790099846,0.753731343283582,0.4181951421027007,0.4072369680187326,0.11940298507462686,0.5771428571428572,0.393103449029867,0.3894604937536158,0.09428571428571429,0.11940298507462686,0.10571428571428572,0.2342857142857143,13.208571428571428,0.08582089552238806,0.002857142857142857,0.02486229707831553,0.11940883185703591,6.268656716417911,0.00987760839476683,0.01956136114652751,0.1559265650368601,0.08208955223880597,0,0.18551782065577008,0.3258746694650122,5.965058979270819,1.0740113302562189,0.0,0.972972972972973,0.0,0.3,0.0,0.3,0.0,0.08,0.11895910780669144,0.2519755216789534,0.2519755216789534
178,0.971505863392621,0.5496527887525372,0.9342958456754159,0.5479666407725837,0.24830207056625644,0.5528832178858099,0.7490636704119851,0.41716842869935833,0.4083974315298626,0.1198501872659176,0.5714285714285714,0.393103449029867,0.3894604937536158,0.09428571428571429,0.1198501872659176,0.10857142857142857,0.23714285714285716,13.242857142857142,0.08614232209737828,0.002857142857142857,0.024915851469118632,0.11937755737579588,6.239700374531835,0.009581280142923825,0.018980125591242847,0.1557487680857543,0.07865168539325842,0,0.18524680369534832,0.32424529611768715,5.954329228256832,1.0525311036510945,0.0,1.0,0.0,0.3,0.0,0.3,0.0,0.08,0.11940298507462686,0.25191625602858475,0.25191625602858475
179,0.9711189076252547,0.5499030810155047,0.9336835779411711,0.5480183477515016,0.24830207056625644,0.5528676501012335,0.793233082706767,0.41826208457675124,0.4085964834104455,0.12030075187969924,0.6028571428571429,0.393103449029867,0.3894604937536158,0.09428571428571429,0.13909774436090225,0.12571428571428572,0.24,13.308571428571428,0.08270676691729323,0.002857142857142857,0.02495617293633119,0.1193472211289932,6.18796992481203,0.00929384173863611,0.018415997880260826,0.15557630504318165,0.07894736842105263,0,0.1849768582447288,0.3226240696370987,5.960956929405981,1.0314804815780725,0.0,1.0,0.0,0.3,0.0,0.3,0.0,0.08,0.14232209737827714,0.25185876834772725,0.25185876834772725
180,0.9713832037017143,0.5511942203142093,0.9338844429592804,0.5495653939272664,0.24830207056625644,0.5528844506607031,0.7518796992481203,0.41841246051660086,0.40870926536533275,0.12030075187969924,0.5714285714285714,0.3932177347441528,0.38954620803933004,0.09428571428571429,0.09022556390977443,0.08,0.24,13.371428571428572,0.08270676691729323,0.0,0.025009018913530048,0.11931779496959449,6.18796992481203,0.009015026486477026,0.017868484057111056,0.15540901589188622,0.07894736842105263,0,0.18493754538207652,0.32101094928891327,5.92173779081786,1.010850871946511,0.0,0.9642857142857143,0.0,0.3,0.0,0.3,0.0,0.08,0.09022556390977443,0.2518030052972954,0.2518030052972954
181,0.9714991718984554,0.5507548506432176,0.9339725787888038,0.5493540056757762,0.24830207056625644,0.5528130026245448,0.7368421052631579,0.4185628364564504,0.40882204732022,0.12030075187969924,0.56,0.39333202045843846,0.38963192232504434,0.09428571428571429,0.11278195488721804,0.10285714285714286,0.24,13.425714285714285,0.08646616541353383,0.0,0.02503463143087,0.11928925159497773,6.18796992481203,0.008744575691882715,0.017337103860104452,0.15524674541512962,0.07894736842105263,0,0.18509785765516612,0.31940589454246865,5.906160177858645,1.0427893962876196,0.0,0.9722222222222222,0.0,0.3,0.0,0.3,0.0,0.08,0.11278195488721804,0.25174891513837655,0.25174891513837655
182,0.9710868737919877,0.5503335595594177,0.9336473547174918,0.5491873964299752,0.24830207056625644,0.5527280783094501,0.7924528301886793,0.4190490655107389,0.4097772417719504,0.12075471698113208,0.6,0.3934463061727242,0.38971763661075864,0.09428571428571429,0.13962264150943396,0.12285714285714286,0.24285714285714285,13.477142857142857,0.0830188679245283,0.002857142857142857,0.025062625179156577,0.11926156452159954,6.166037735849057,0.008482238421126234,0.016821390376573375,0.15508934305267574,0.07924528301886792,0,0.18525736908117604,0.3178088650697563,5.910894117158615,1.021933608361867,0.0,0.9767441860465116,0.0,0.3,0.0,0.3,0.0,0.08,0.14285714285714285,0.2516964476842252,0.2516964476842252
183,0.9701284547879712,0.5512587228953056,0.9329216946144507,0.5495732568292514,0.24830207056625644,0.5523543049776323,0.769811320754717,0.41912453720885207,0.40983384554553526,0.12075471698113208,0.5828571428571429,0.39350344902986695,0.3897604937536158,0.09428571428571429,0.13962264150943396,0.11714285714285715,0.24285714285714285,13.548571428571428,0.07924528301886792,0.0,0.025097259620683366,0.11923470806042266,6.166037735849057,0.008227771268492447,0.016320889703752672,0.15493666276109547,0.07924528301886792,0,0.18533079652148443,0.3162198207444076,5.9098190919583,1.0014949361946297,0.0,0.975609756097561,0.0,0.3,0.0,0.3,0.0,0.08,0.13962264150943396,0.2516455542536985,0.2516455542536985
184,0.972246758520226,0.5515943044532046,0.933414529142293,0.54975878290413,0.24830207056625644,0.5520185895465037,0.8060836501901141,0.4187532573659371,0.41177838360846947,0.12167300380228137,0.6057142857142858,0.39350344902986695,0.3897604937536158,0.09428571428571429,0.11026615969581749,0.09714285714285714,0.24857142857142858,13.6,0.07224334600760456,0.005714285714285714,0.025261051997204336,0.11920865729308106,5.961977186311787,0.007980938130437673,0.015835160616315624,0.1547885628782626,0.07984790874524715,0,0.18494671396744844,0.3146387216406855,5.888765567261992,0.9814650374707371,0.0,1.0,0.0,0.3,0.0,0.3,0.0,0.08,0.1169811320754717,0.25159618762608754,0.25159618762608754
185,0.9719112214805045,0.5519018933148727,0.9331623970238734,0.5502980575715698,0.24830207056625644,0.5517169428108095,0.779467680608365,0.4187532573659371,0.41177838360846947,0.12167300380228137,0.5857142857142857,0.39350344902986695,0.3897604937536158,0.09428571428571429,0.11026615969581749,0.09714285714285714,0.24857142857142858,13.634285714285713,0.07224334600760456,0.0,0.025287806836184167,0.1191833880487598,5.961977186311787,0.007741509986524542,0.01536377424056179,0.15464490599191472,0.07984790874524715,0,0.18462155182618264,0.31306552803248205,5.868133113059609,0.9618357367213223,0.0,1.0,0.0,0.3,0.0,0.3,0.0,0.08,0.11026615969581749,0.25154830199730494,0.25154830199730494
186,0.9736912320200508,0.5520450684379046,0.9342389056467533,0.5499539629305978,0.24830207056625644,0.5514347439391374,0.8084291187739464,0.41886316351633796,0.41339653264716403,0.12260536398467432,0.6028571428571429,0.39356059188700987,0.389803350896473,0.09428571428571429,0.09961685823754789,0.09142857142857143,0.2542857142857143,13.662857142857144,0.06513409961685823,0.005714285714285714,0.02535128481729187,0.1191588768817681,5.885057471264368,0.007509264686928806,0.014906313735245869,0.15450555881215727,0.08045977011494253,0,0.18472587549205172,0.3115002003923196,5.842199022226988,0.9490439461950266,0.0,0.96875,0.0,0.3,0.0,0.3,0.0,0.08,0.09885931558935361,0.25150185293738575,0.25150185293738575
187,0.974862793320656,0.5522482921361547,0.9351125556452042,0.5502814951369497,0.24830207056625644,0.5511436676379909,0.7969348659003831,0.4189397918688284,0.4134540039115318,0.12260536398467432,0.5942857142857143,0.39361773474415274,0.3898462080393301,0.09428571428571429,0.13026819923371646,0.10857142857142857,0.2542857142857143,13.728571428571428,0.06896551724137931,0.0,0.025399727375874242,0.11913510104978615,5.885057471264368,0.007283986746320942,0.014462373979026721,0.15437039204779257,0.08045977011494253,0,0.18477324611459145,0.30994269939035807,5.833926470353878,0.9820000000000004,0.0,0.9736842105263158,0.0,0.3,0.0,0.3,0.0,0.08,0.13026819923371646,0.2514567973492642,0.2514567973492642
188,0.9765710952364891,0.5507031429408425,0.9363086087268182,0.5494048477479843,0.24830207056625644,0.5508408572763243,0.7961538461538461,0.41898307803908486,0.41492357647688943,0.12307692307692308,0.5914285714285714,0.39367487760129555,0.38988906518218724,0.09428571428571429,0.1076923076923077,0.09714285714285714,0.2571428571428571,13.788571428571428,0.06923076923076923,0.002857142857142857,0.025417706468675243,0.11911203849276372,5.884615384615385,0.007065467143931314,0.014031561264504666,0.15423928028635878,0.08076923076923077,0,0.18493395274116137,0.30839298589340625,5.814390798089657,0.9823092706639289,0.0,0.9705882352941176,0.0,0.3,0.0,0.3,0.0,0.08,0.1111111111111111,0.25141309342878626,0.25141309342878626
189,0.9752281635718795,0.5506647220908765,0.9353110023473941,0.5491794811806596,0.24830207056625644,0.5504512462457957,0.8076923076923077,0.41929077034677714,0.41515434570765863,0.12307692307692308,0.6,0.393903449029867,0.3900604937536158,0.09428571428571429,0.12307692307692308,0.1,0.2571428571428571,13.857142857142858,0.07307692307692308,0.0,0.025446097839953837,0.11908966781245192,5.884615384615385,0.006853503129613374,0.013613492998807541,0.15411210187776803,0.08076923076923077,0,0.18552271226316983,0.3142794062083693,5.798102982127864,1.0361308803158398,0.0,0.9428571428571428,0.0,0.3,0.0,0.3,0.0,0.08,0.12307692307692308,0.25137070062592265,0.25137070062592265
190,0.97437671621407,0.550819182400097,0.9346784985958783,0.5491043076192532,0.24830207056625644,0.5501167441605499,0.7846153846153846,0.41929077034677714,0.41515434570765863,0.12307692307692308,0.5828571428571429,0.393903449029867,0.3900604937536158,0.09428571428571429,0.12307692307692308,0.10285714285714286,0.2571428571428571,13.925714285714285,0.07307692307692308,0.0,0.02546621779834126,0.11906796825254948,5.884615384615385,0.006647898035724973,0.013207797410680344,0.153988738821435,0.08076923076923077,0,0.185166098701854,0.31270800917732744,5.784998065342449,1.0154082627095231,0.0,1.0,0.0,0.3,0.0,0.3,0.0,0.08,0.12307692307692308,0.25132957960714497,0.25132957960714497
191,0.9754232306138755,0.5498316422590586,0.9348935953608286,0.5482718646986152,0.24830207056625644,0.5497466676159876,0.7644787644787645,0.41929165194506457,0.41626203140405327,0.12355212355212356,0.5657142857142857,0.393903449029867,0.3900604937536158,0.09428571428571429,0.1274131274131274,0.11142857142857143,0.26,13.991428571428571,0.0694980694980695,0.002857142857142857,0.025501752652404168,0.1190469196794441,5.837837837837838,0.006448461094653224,0.012814113264022264,0.15386907665679192,0.08108108108108109,0,0.18489683963691614,0.31114446913144084,5.780726675464171,0.9951000974553327,0.0,1.0,0.0,0.3,0.0,0.3,0.0,0.08,0.13076923076923078,0.25128969221893066,0.25128969221893066
192,0.9748983134357184,0.5503082254661747,0.9345051566489925,0.5491433741160175,0.24830207056625644,0.5494588936054017,0.7992277992277992,0.4193688720222846,0.4163199464619683,0.12355212355212356,0.5914285714285714,0.3939605918870098,0.39010335089647297,0.09428571428571429,0.11196911196911197,0.09428571428571429,0.26,14.054285714285715,0.07335907335907337,0.0,0.0255400396338529,0.11902650256353191,5.837837837837838,0.006255007261813627,0.012432089577813055,0.15375300435708816,0.08108108108108109,0,0.184800926867303,0.30958874678578363,5.759397856240602,0.9785980887698563,0.0,0.9696969696969697,0.0,0.3,0.0,0.3,0.0,0.08,0.11196911196911197,0.25125100145236273,0.25125100145236273
193,0.9754384743191523,0.5502090242409505,0.93469797013595,0.549184063922969,0.24830207056625644,0.5490726463668609,0.7751937984496124,0.4204801977147484,0.4158567135851758,0.12403100775193798,0.5714285714285714,0.3939605918870098,0.39010335089647297,0.09428571428571429,0.10852713178294573,0.08857142857142856,0.26285714285714284,14.102857142857143,0.06976744186046512,0.002857142857142857,0.025559960391232164,0.11900669796109706,5.829457364341085,0.006067357043959218,0.01206138535236212,0.15364041422637553,0.08139534883720931,0,0.1844474943758236,0.3080408030518547,5.732781327687218,0.9590261269944591,0.0,1.0,0.0,0.3,0.0,0.3,0.0,0.08,0.11196911196911197,0.25121347140879186,0.25121347140879186
194,0.9764384999559619,0.5493565606709734,0.9349073027002143,0.5485852896576159,0.24830207056625644,0.548666191417444,0.81640625,0.4224155957567217,0.4174027674121635,0.125,0.5971428571428572,0.3939605918870098,0.39010335089647297,0.09428571428571429,0.10546875,0.09142857142857143,0.26857142857142857,14.162857142857144,0.0625,0.005714285714285714,0.025674074315064892,0.11898748749673521,5.671875,0.005885336332640441,0.011701669301808493,0.15353120179958427,0.08203125,0,0.18429468975751595,0.30650059903659543,5.709554272562046,0.93984560445457,0.0,1.0,0.0,0.3,0.0,0.3,0.0,0.08,0.10852713178294573,0.2511770672665281,0.2511770672665281
195,0.976902329257641,0.5489840279737928,0.9352465607037282,0.5482460359611261,0.24830207056625644,0.5482395222764198,0.8203125,0.4224155957567217,0.4174027674121635,0.125,0.6,0.3939605918870098,0.39010335089647297,0.09428571428571429,0.08203125,0.07428571428571429,0.26857142857142857,14.222857142857142,0.06640625,0.0,0.02571512387436136,0.11896885334630426,5.671875,0.0057087762426612275,0.011352619592798652,0.15342526574559673,0.078125,0,0.18391535988015692,0.30496809604141245,5.669648901396518,0.9210486923654785,0.0,1.0,0.0,0.3,0.0,0.3,0.0,0.08,0.08203125,0.2511417552485323,0.2511417552485323
196,0.9767115147679897,0.5487893475101409,0.9351069935341547,0.5477868323583942,0.24830207056625644,0.547896867173109,0.84375,0.4224155957567217,0.4174027674121635,0.125,0.6171428571428571,0.3939605918870098,0.39010335089647297,0.09428571428571429,0.078125,0.06571428571428571,0.26857142857142857,14.282857142857143,0.0625,0.0,0.02573221570361699,0.11895077822038626,5.671875,0.005537512955381391,0.011013923589260899,0.15332250777322884,0.078125,0,0.18396664022361328,0.3034432555612054,5.621970209082874,0.9026277185181689,0.0,0.9565217391304348,0.0,0.3,0.0,0.3,0.0,0.08,0.078125,0.2511075025910763,0.2511075025910763
197,0.9757539439874843,0.5483062890673627,0.934468525491028,0.5469339846543079,0.24830207056625644,0.5475038303555757,0.8352941176470589,0.42383167029287894,0.41729578243058074,0.12549019607843137,0.6085714285714285,0.3941320204584384,0.3902319223250444,0.09428571428571429,0.09411764705882353,0.08285714285714285,0.2714285714285714,14.32,0.058823529411764705,0.002857142857142857,0.02576122893512228,0.1189332453482458,5.654901960784314,0.005371387566719949,0.010685277603193044,0.15322283254003197,0.0784313725490196,0,0.18450309345106664,0.30192603928339934,5.5923879477583585,0.9059539831928657,0.0,0.9310344827586207,0.0,0.3,0.0,0.3,0.0,0.08,0.09765625,0.251074277513344,0.251074277513344
198,0.9758412257839765,0.5482486598011308,0.9345321165141868,0.5467570642840736,0.24830207056625644,0.5471062383436449,0.792156862745098,0.4239885330379769,0.41741342948940424,0.12549019607843137,0.5771428571428572,0.3942463061727241,0.3903176366107587,0.09428571428571429,0.08235294117647059,0.07428571428571429,0.2714285714285714,14.38,0.06274509803921569,0.0,0.025777362187748884,0.11891623846226954,5.654901960784314,0.0052102459397183505,0.010366386651379123,0.153126147563831,0.0784313725490196,0,0.18449443512666847,0.30041640908698236,5.554825903088905,0.9144425429865983,0.0,0.9615384615384616,0.0,0.3,0.0,0.3,0.0,0.08,0.08235294117647059,0.25104204918794365,0.25104204918794365
199,0.9753230028006665,0.5490650054719383,0.9340436278546911,0.5469001898558401,0.24830207056625644,0.5468201085657238,0.8385826771653543,0.42429572170533997,0.4179445174416686,0.12598425196850394,0.6085714285714285,0.3942463061727241,0.3903176366107587,0.09428571428571429,0.0984251968503937,0.08,0.2742857142857143,14.428571428571429,0.06299212598425197,0.002857142857142857,0.025851689249062608,0.11889974178287256,5.566929133858268,0.0050539385615268,0.01005696421794422,0.15303236313691607,0.07874015748031496,0,0.18408582009389224,0.2989143270415474,5.523729385027129,0.8961536921268665,0.0,1.0,0.0,0.3,0.0,0.3,0.0,0.08,0.09803921568627451,0.25101078771230534,0.25101078771230534
200,0.9728950822597292,0.5492148484459898,0.9322816512335538,0.5466523780715178,0.24830207056625644,0.5466615328821492,0.8228346456692913,0.42429572170533997,0.4179445174416686,0.12598425196850394,0.5971428571428572,0.3942463061727241,0.3903176366107587,0.09428571428571429,0.09448818897637795,0.08,0.2742857142857143,14.485714285714286,0.06692913385826772,0.0,0.025886119205900265,0.11888374000385751,5.566929133858268,0.004902320404680996,0.009756732022657477,0.1529413922428086,0.07874015748031496,0,0.18382039883272638,0.2974197554063397,5.493254797326585,0.878230618284329,0.0,1.0,0.0,0.3,0.0,0.3,0.0,0.08,0.09448818897637795,0.2509804640809362,0.2509804640809362
201,0.9723547345305616,0.549143345924983,0.9318895131672436,0.5472592608110347,0.24830207056625644,0.546440062731316,0.8149606299212598,0.4244532020203006,0.4180626276778891,0.12598425196850394,0.5914285714285714,0.39436059188700984,0.39040335089647293,0.09428571428571429,0.1062992125984252,0.08285714285714285,0.2742857142857143,14.548571428571428,0.06692913385826772,0.0,0.025900973634015893,0.11886821827821288,5.566929133858268,0.004755250792540566,0.00946541979488924,0.15285315047552434,0.07874015748031496,0,0.18424372540999132,0.3029371818987306,5.4662468442371965,0.9407341222514867,0.0,0.9310344827586207,0.0,0.3,0.0,0.3,0.0,0.08,0.1062992125984252,0.2509510501585081,0.2509510501585081
202,0.9717813846981018,0.5483961614832242,0.9314734250031154,0.5466777237081171,0.24830207056625644,0.5462482795631463,0.7874015748031497,0.4244532020203006,0.4180626276778891,0.12598425196850394,0.5714285714285714,0.39436059188700984,0.39040335089647293,0.09428571428571429,0.09055118110236221,0.07142857142857142,0.2742857142857143,14.582857142857144,0.07086614173228346,0.0,0.02591539709367669,0.11885316220433764,5.566929133858268,0.004612593268764349,0.00918276505312765,0.1527675559612586,0.07874015748031496,0,0.18386479249722706,0.3014224959892369,5.428350478781023,0.9219194398064569,0.0,1.0,0.0,0.3,0.0,0.3,0.0,0.08,0.09055118110236221,0.25092251865375287,0.25092251865375287
203,0.9726892177251579,0.5477916838590362,0.9317114997204331,0.5464053259672836,0.24830207056625644,0.5461656159596047,0.7944664031620553,0.423328384150612,0.4191192234076664,0.12648221343873517,0.5742857142857143,0.39441773474415276,0.39044620803933006,0.09428571428571429,0.09881422924901186,0.09714285714285714,0.27714285714285714,14.608571428571429,0.06719367588932806,0.002857142857142857,0.025949118422811442,0.11883855781267864,5.509881422924901,0.004474215470701419,0.008908512889958198,0.15268452928242085,0.07905138339920949,0,0.18405847138831238,0.2999153835092907,5.41692632634826,0.9606814038088073,0.0,0.9705882352941176,0.0,0.3,0.0,0.3,0.0,0.08,0.0984251968503937,0.2508948430941403,0.2508948430941403
204,0.9729736870489312,0.5477675004798179,0.9319171304030461,0.5458405587886328,0.24830207056625644,0.5459510628238397,0.849802371541502,0.423328384150612,0.4191192234076664,0.12648221343873517,0.6142857142857143,0.39441773474415276,0.39044620803933006,0.09428571428571429,0.07509881422924901,0.06285714285714286,0.27714285714285714,14.662857142857144,0.06719367588932806,0.0,0.025991804326591598,0.11882439155276937,5.509881422924901,0.004339989006580377,0.008642415762409206,0.15260399340394823,0.07905138339920949,0,0.18353803617422793,0.29841580659174427,5.371444942678438,0.9414677757326312,0.0,1.0,0.0,0.3,0.0,0.3,0.0,0.08,0.07509881422924901,0.2508679978013161,0.2508679978013161
205,0.9745876384703323,0.5474791823568724,0.9318194053484914,0.5451293075357923,0.24830207056625644,0.5457296273742489,0.8015873015873016,0.42305199430239787,0.41956389104304553,0.12698412698412698,0.5771428571428572,0.39441773474415276,0.39044620803933006,0.09428571428571429,0.11507936507936507,0.10285714285714286,0.28,14.742857142857142,0.06746031746031746,0.002857142857142857,0.026038313712445856,0.1188106502806574,5.420634920634921,0.004209789336382965,0.008384233287564102,0.1525258736018298,0.07936507936507936,0,0.18327663170764252,0.2969237275587855,5.366873186682012,0.9226384202179785,0.0,1.0,0.0,0.3,0.0,0.3,0.0,0.08,0.11857707509881422,0.2508419578672766,0.2508419578672766
206,0.9747659875289905,0.5475123662516769,0.9312523700243639,0.546104296600803,0.24830207056625644,0.545419437234783,0.7689243027888446,0.42307133316765155,0.41931664836500154,0.12749003984063745,0.5514285714285714,0.39441773474415276,0.39044620803933006,0.09428571428571429,0.10358565737051793,0.08857142857142856,0.28285714285714286,14.8,0.06374501992031872,0.002857142857142857,0.02612556224171571,0.1187973212467088,5.354581673306773,0.004083495656291476,0.008133732043342223,0.15245009739377488,0.0796812749003984,0,0.1828742485491043,0.29543910892099157,5.3481071515198,0.9041856518136189,0.0,1.0,0.0,0.3,0.0,0.3,0.0,0.08,0.10714285714285714,0.2508166991312583,0.2508166991312583
207,0.9756582517124862,0.5465979052897749,0.9314925920244201,0.5452839921730385,0.24830207056625644,0.5451525672057991,0.824,0.42307394099164847,0.41863047124903585,0.128,0.5885714285714285,0.39441773474415276,0.39044620803933006,0.09428571428571429,0.1,0.08,0.2857142857142857,14.848571428571429,0.064,0.002857142857142857,0.026172800590246275,0.11878439208377864,5.352,0.003960990786602732,0.007890685374348227,0.15237659447196164,0.08,0,0.18241659159207305,0.2939619133763866,5.321145008489403,0.8861019387773464,0.0,1.0,0.0,0.3,0.0,0.3,0.0,0.08,0.10358565737051793,0.25079219815732057,0.25079219815732057
208,0.9749341801495925,0.5466165303046366,0.9309753980509248,0.5451775780392119,0.24830207056625644,0.5448534951859355,0.796,0.4233139409916484,0.4188104712490358,0.128,0.5685714285714286,0.39458916331558125,0.39057477946790153,0.09428571428571429,0.112,0.1,0.2857142857142857,14.902857142857142,0.064,0.0,0.026189598732899968,0.1187718507957364,5.352,0.00384216106300465,0.007654873202690871,0.1523052966378028,0.08,0,0.18293250863411273,0.299589588271724,5.314722108319615,0.9068538030774238,0.0,0.9428571428571428,0.0,0.3,0.0,0.3,0.0,0.08,0.112,0.2507684322126009,0.2507684322126009
209,0.9748494106923149,0.5465080132416291,0.9309148484385835,0.5451294117731526,0.24830207056625644,0.5445245864106827,0.796,0.4233939409916484,0.4188704712490358,0.128,0.5685714285714286,0.3946463061727242,0.39061763661075866,0.09428571428571429,0.128,0.1,0.2857142857142857,14.942857142857143,0.064,0.0,0.026201488531733038,0.11875968574633541,5.352,0.0037268962311145103,0.007426081843671994,0.1522361377386687,0.08,0,0.18298870394808497,0.29809164033036534,5.308427666153223,0.9158033586053054,0.0,0.9714285714285714,0.0,0.3,0.0,0.3,0.0,0.08,0.128,0.2507453792462229,0.2507453792462229
210,0.9757258182083599,0.5461081846752555,0.9310225321271688,0.5449919352923186,0.24830207056625644,0.5442348432973951,0.7951807228915663,0.42364503659172525,0.4188354137604398,0.1285140562248996,0.5657142857142857,0.3946463061727242,0.39061763661075866,0.09428571428571429,0.10040160642570281,0.08,0.2885714285714286,15.002857142857144,0.05622489959839357,0.002857142857142857,0.026266432258443013,0.11874788564841648,5.236947791164659,0.003615089344181075,0.007204103826245034,0.15216905360650865,0.08032128514056225,0,0.18258776042834457,0.2966011821287135,5.282259112830158,0.8974872914331993,0.0,1.0,0.0,0.3,0.0,0.3,0.0,0.08,0.104,0.2507230178688362,0.2507230178688362
211,0.9748312158856424,0.5454786302369673,0.9303860864747211,0.544631262886921,0.24830207056625644,0.5440430616323768,0.8313253012048193,0.42364503659172525,0.4188354137604398,0.1285140562248996,0.5914285714285714,0.3946463061727242,0.39061763661075866,0.09428571428571429,0.08032128514056225,0.06285714285714286,0.2885714285714286,15.065714285714286,0.05622489959839357,0.0,0.026324328975524214,0.1187364395534351,5.236947791164659,0.0035066366638556424,0.006988737718145566,0.15210398199831338,0.08032128514056225,0,0.18204610734048857,0.29511817621806996,5.239471073430699,0.8795375456045352,0.0,1.0,0.0,0.3,0.0,0.3,0.0,0.08,0.08032128514056225,0.2507013273327711,0.2507013273327711
212,0.9743930899118333,0.5454064847194324,0.9300743911390684,0.5444310517112623,0.24830207056625644,0.5439744939109418,0.7630522088353414,0.42364503659172525,0.4188354137604398,0.1285140562248996,0.5428571428571428,0.3946463061727242,0.39061763661075866,0.09428571428571429,0.08433734939759036,0.07142857142857142,0.2885714285714286,15.128571428571428,0.060240963855421686,0.0,0.026335282364715933,0.11872533684130318,5.236947791164659,0.003401437563939973,0.006779787955592975,0.152040862538364,0.08032128514056225,0,0.18170630608950042,0.2936425853369796,5.206110223390656,0.8619467946924445,0.0,1.0,0.0,0.3,0.0,0.3,0.0,0.08,0.08433734939759036,0.250680287512788,0.250680287512788
213,0.9750479536812542,0.5458342290573495,0.9305402799350279,0.5449560059009889,0.24830207056625644,0.5440011074250308,0.7871485943775101,0.4237253578768658,0.41889565472429524,0.1285140562248996,0.56,0.39470344902986704,0.39066049375361583,0.09428571428571429,0.07630522088353414,0.05714285714285714,0.2885714285714286,15.182857142857143,0.0642570281124498,0.0,0.026345914823806073,0.11871456721053518,5.236947791164659,0.0032993944370217736,0.006577064677468769,0.15197963666221306,0.08032128514056225,0,0.18159720384476719,0.2921743724102947,5.1591308760657,0.8615701743222941,0.0,0.95,0.0,0.3,0.0,0.3,0.0,0.08,0.07630522088353414,0.2506598788874044,0.2506598788874044
214,0.9766191885100199,0.5466415286315081,0.9315625941083805,0.5453220279301927,0.24830207056625644,0.5440393195675471,0.8104838709677419,0.42280870639659784,0.4199082585072426,0.12903225806451613,0.5742857142857143,0.39470344902986704,0.39066049375361583,0.09428571428571429,0.10080645161290322,0.08,0.2914285714285714,15.225714285714286,0.06048387096774194,0.002857142857142857,0.02635518111339401,0.11870412066869025,5.217741935483871,0.0032004126039111205,0.006380383563869163,0.15192024756234668,0.08064516129032258,0,0.18134493353982906,0.2907135005482432,5.135948258544386,0.8443387708358483,0.0,1.0,0.0,0.3,0.0,0.3,0.0,0.08,0.10040160642570281,0.25064008252078224,0.25064008252078224
215,0.9760598568399269,0.5470274733931814,0.9311662676678573,0.5460488274141277,0.24830207056625644,0.5441918499248642,0.7338709677419355,0.4230506418804688,0.4200897101201459,0.12903225806451613,0.52,0.3948748776012956,0.3907890651821872,0.09428571428571429,0.12096774193548387,0.09714285714285714,0.2914285714285714,15.257142857142858,0.06048387096774194,0.0,0.026381554763791833,0.1186939875231006,5.217741935483871,0.0031044002257937867,0.006189565678940356,0.15186264013547626,0.08064516129032258,0,0.18175206672927277,0.289259933045502,5.130372150516354,0.9154932555634521,0.0,0.9411764705882353,0.0,0.3,0.0,0.3,0.0,0.08,0.12096774193548387,0.25062088004515876,0.25062088004515876
216,0.9760873547860572,0.5468869224169177,0.9311857519268297,0.545997153936536,0.24830207056625644,0.5443857106682453,0.7701612903225806,0.4232119322030495,0.4202106778620814,0.12903225806451613,0.5457142857142857,0.3949891633155813,0.3908747794679015,0.09428571428571429,0.08064516129032258,0.06285714285714286,0.2914285714285714,15.291428571428572,0.06048387096774194,0.0,0.02639128839224124,0.11868415837187873,5.217741935483871,0.003011268219019973,0.006004437317897682,0.151806760931412,0.08064516129032258,0,0.1820715921099121,0.2878136333802745,5.090621850363171,0.9683023962332645,0.0,0.9090909090909091,0.0,0.3,0.0,0.3,0.0,0.08,0.08064516129032258,0.250602253643804,0.250602253643804
217,0.9746372540271907,0.5472639031075566,0.9301582519605472,0.5463540659451257,0.24830207056625644,0.5444901774993132,0.7661290322580645,0.4233732225256301,0.42033164560401687,0.12903225806451613,0.5428571428571428,0.395103449029867,0.3909604937536158,0.09428571428571429,0.11693548387096774,0.09142857142857143,0.2914285714285714,15.354285714285714,0.06048387096774194,0.0,0.026400736040057042,0.1186746240951935,5.217741935483871,0.0029209301724493738,0.005824829858134151,0.15175255810346963,0.08064516129032258,0,0.18221638413152327,0.2863745652133731,5.080237984784477,0.9643600000000009,0.0,0.96875,0.0,0.3,0.0,0.3,0.0,0.08,0.11693548387096774,0.2505841860344899,0.2505841860344899
218,0.9750114633921947,0.5482288361791029,0.9304234060248927,0.5468819219351636,0.24830207056625644,0.5446150579339922,0.8024193548387096,0.42361515800950106,0.4205130972169201,0.12903225806451613,0.5685714285714286,0.39527487760129554,0.3910890651821873,0.09428571428571429,0.10080645161290322,0.07714285714285714,0.2914285714285714,15.4,0.06048387096774194,0.0,0.02640990593288635,0.1186653758468088,5.217741935483871,0.0028333022672758926,0.0056505796143262454,0.15169998136036553,0.08064516129032258,0,0.1825335879251514,0.2898759622019889,5.055776082231645,1.0061761412006598,0.0,0.9259259259259259,0.0,0.3,0.0,0.3,0.0,0.08,0.10080645161290322,0.25056666045345516,0.25056666045345516
219,0.976244490707696,0.5475008057025441,0.9312970939513052,0.5468850052830065,0.24830207056625644,0.5448100849900521,0.7741935483870968,0.42385709349337203,0.4206945488298233,0.12903225806451613,0.5485714285714286,0.39544630617272414,0.39121763661075865,0.09428571428571429,0.10080645161290322,0.07714285714285714,0.2914285714285714,15.43142857142857,0.06854838709677419,0.0,0.026418806070296976,0.11865640504587562,5.217741935483871,0.0027483031992576157,0.005481527697443478,0.15164898191955456,0.08064516129032258,0,0.18321736564277555,0.3132349167869015,5.03180341772987,1.0071059123625317,0.0,0.9259259259259259,0.0,0.3,0.0,0.3,0.0,0.08,0.10080645161290322,0.2505496606398515,0.2505496606398515
220,0.9766727936478031,0.5473247304447371,0.931600577177438,0.546932938673009,0.24830207056625644,0.5449649538238517,0.7620967741935484,0.42385709349337203,0.4206945488298233,0.12903225806451613,0.54,0.39544630617272414,0.39121763661075865,0.09428571428571429,0.10483870967741936,0.08,0.2914285714285714,15.494285714285715,0.06854838709677419,0.0,0.02642744423135614,0.11864770336897051,5.217741935483871,0.0026658541032798873,0.005317519877569565,0.15159951246196793,0.08064516129032258,0,0.1829004223859902,0.31166874220296703,5.011167349375272,0.986963794115281,0.0,1.0,0.0,0.3,0.0,0.3,0.0,0.08,0.10483870967741936,0.25053317082065596,0.25053317082065596
221,0.9766118503398188,0.5468093007176998,0.9315573944906379,0.5465934738514623,0.24830207056625644,0.5451365997289574,0.7782258064516129,0.42385709349337203,0.4206945488298233,0.12903225806451613,0.5514285714285714,0.39544630617272414,0.39121763661075865,0.09428571428571429,0.11290322580645161,0.09142857142857143,0.2914285714285714,15.522857142857143,0.06451612903225806,0.0,0.019023946656669195,0.12920170253896263,5.217741935483871,0.1026658541032799,0.1856228639758878,0.21159951246196793,0.08064516129032258,0,0.18249992027406028,0.3101103984919522,5.002372573816338,0.9672245182329754,0.0,1.0,0.0,0.3,0.0,0.3,0.0,0.08,0.11290322580645161,0.270533170820656,0.270533170820656
222,0.9742915555360268,0.5465638184001488,0.9299132998868082,0.5463219400440971,0.24830207056625644,0.5454197110014091,0.7298387096774194,0.42393773865466244,0.4206945488298233,0.12903225806451613,0.5171428571428571,0.39550344902986695,0.39121763661075865,0.09428571428571429,0.10080645161290322,0.07714285714285714,0.2914285714285714,15.565714285714286,0.06451612903225806,0.0,0.0191756620112743,0.12887664193726486,5.217741935483871,0.0995858784801815,0.18059085797776442,0.2097515270881089,0.08064516129032258,0,0.18241570638697568,0.3085598464994924,4.97946797948287,0.9593487995681761,0.0,0.9629629629629629,0.0,0.3,0.0,0.3,0.0,0.08,0.10080645161290322,0.2699171756960363,0.2699171756960363
223,0.9743662854119649,0.5468633293476931,0.9299662513417586,0.5466610067881337,0.24830207056625644,0.5456692732289569,0.7338709677419355,0.42401838381595275,0.420755032700791,0.12903225806451613,0.52,0.3955605918870099,0.3912604937536158,0.09428571428571429,0.13709677419354838,0.10857142857142857,0.2914285714285714,15.622857142857143,0.06854838709677419,0.0,0.019326605336108534,0.12856133315361798,5.217741935483871,0.09659830212577605,0.1756801065889334,0.20795898127546564,0.08064516129032258,0,0.18256005642646936,0.3070170472669949,4.988450048464641,0.9634846581895058,0.0,0.9736842105263158,0.0,0.3,0.0,0.3,0.0,0.08,0.13709677419354838,0.2693196604251552,0.2693196604251552
224,0.9733154722369604,0.5477547860485648,0.929221675149184,0.5477949758360731,0.24830207056625644,0.5459678870537582,0.7540322580645161,0.42409902897724305,0.42081551657175875,0.12903225806451613,0.5342857142857143,0.39561773474415274,0.39130335089647295,0.09428571428571429,0.11693548387096774,0.09142857142857143,0.2914285714285714,15.668571428571429,0.06451612903225806,0.0,0.01947664737819452,0.12825548363348058,5.217741935483871,0.09370035306200276,0.17088856021819543,0.20622021183720166,0.08064516129032258,0,0.18256111400147987,0.30548196203065997,4.980109618923919,0.9580270375123797,0.0,0.96875,0.0,0.3,0.0,0.3,0.0,0.08,0.11693548387096774,0.2687400706124006,0.2687400706124006
225,0.974031201563304,0.548440788843548,0.9297288205004218,0.5481696550763492,0.24830207056625644,0.5462275659879123,0.7741935483870968,0.42417967413853336,0.4208760004427265,0.12903225806451613,0.5485714285714286,0.3956748776012955,0.39134620803933007,0.09428571428571429,0.09274193548387097,0.06857142857142857,0.2914285714285714,15.72,0.06854838709677419,0.0,0.019625666315407637,0.12795880959894726,5.217741935483871,0.09088934247014267,0.16621415063728118,0.2045336054820856,0.08064516129032258,0,0.18244802271718677,0.30487999921987147,4.949078855116869,0.9623600000000003,0.0,0.9583333333333334,0.0,0.3,0.0,0.3,0.0,0.08,0.09274193548387097,0.2681778684940285,0.2681778684940285
226,0.9741253734188043,0.5486961388935889,0.9296020289679479,0.5480498603921872,0.24830207056625644,0.5464202942885917,0.7804878048780488,0.4245902659923209,0.4225339527376028,0.13008130081300814,0.5485714285714286,0.3957320204584384,0.39138906518218725,0.09428571428571429,0.09349593495934959,0.07142857142857142,0.29714285714285715,15.774285714285714,0.06910569105691057,0.005714285714285714,0.019777101686243293,0.12767103578545,5.162601626016261,0.0881626621960384,0.16165479517538206,0.20289759731762302,0.08130081300813008,0,0.18244935403217227,0.30335559922377214,4.9215258494431025,0.96268559559268,0.0,0.96,0.0,0.3,0.0,0.3,0.0,0.08,0.0967741935483871,0.2676325324392077,0.2676325324392077
227,0.9732074964734352,0.5481547437124672,0.9289568926006312,0.5480773487662145,0.24830207056625644,0.5464838040131803,0.7967479674796748,0.4245902659923209,0.4225339527376028,0.13008130081300814,0.56,0.3957320204584384,0.39138906518218725,0.09428571428571429,0.1016260162601626,0.07428571428571429,0.29714285714285715,15.808571428571428,0.07317073170731707,0.0,0.019945762834285015,0.12739189518635755,5.162601626016261,0.08551778233015725,0.1572084006583333,0.20131066939809433,0.08130081300813008,0,0.18207839654415425,0.30183882122765326,4.897381046739955,0.9434318836808264,0.0,1.0,0.0,0.3,0.0,0.3,0.0,0.08,0.1016260162601626,0.26710355646603146,0.26710355646603146
228,0.9730529095406456,0.5492856562543245,0.9288482400707276,0.5491834105347878,0.24830207056625644,0.5465551046460018,0.7845528455284553,0.4245902659923209,0.4225339527376028,0.13008130081300814,0.5514285714285714,0.3957320204584384,0.39138906518218725,0.09428571428571429,0.11382113821138211,0.08571428571428572,0.29714285714285715,15.831428571428571,0.07317073170731707,0.0,0.020091594956380115,0.1271211288052379,5.162601626016261,0.08295224886025253,0.15287286710145354,0.1997713493161515,0.08130081300813008,0,0.18171029027571922,0.300329627121515,4.8851477115194415,0.9245632460072098,0.0,1.0,0.0,0.3,0.0,0.3,0.0,0.08,0.11382113821138211,0.2665904497720505,0.2665904497720505
229,0.9721425172788084,0.5494562329841928,0.9282083643666936,0.5496544820308862,0.24830207056625644,0.5465780132288356,0.7926829268292683,0.42467156680532914,0.42259492834735884,0.13008130081300814,0.5571428571428572,0.3957891633155813,0.3914319223250444,0.09428571428571429,0.0975609756097561,0.08571428571428572,0.29714285714285715,15.88,0.07723577235772358,0.0,0.020235981841293132,0.1268584854155519,5.162601626016261,0.08046368139444494,0.1486460911651306,0.19827820883666697,0.08130081300813008,0,0.18205888168148343,0.2988279789859074,4.873159043003338,0.9270085757035876,0.0,0.9333333333333333,0.0,0.3,0.0,0.3,0.0,0.08,0.0975609756097561,0.26609273627888896,0.26609273627888896
230,0.9726965801706368,0.5502417080151288,0.9285977914278072,0.5499781611090234,0.24830207056625644,0.5465871397682374,0.7723577235772358,0.42467156680532914,0.42259492834735884,0.13008130081300814,0.5428571428571428,0.3957891633155813,0.3914319223250444,0.09428571428571429,0.1016260162601626,0.07714285714285714,0.29714285714285715,15.925714285714285,0.07723577235772358,0.0,0.020378837326781113,0.12660372132755654,5.162601626016261,0.07804977095261159,0.14452596938226991,0.19682986257156695,0.08130081300813008,0,0.18206548345982615,0.2973338390909779,4.852838719286129,0.9084684041895158,0.0,1.0,0.0,0.3,0.0,0.3,0.0,0.08,0.1016260162601626,0.2656099541905223,0.2656099541905223
231,0.9730249874046932,0.5500839376118007,0.928273930451098,0.5498691286770971,0.24830207056625644,0.5467105224163422,0.7714285714285715,0.42496581321194776,0.42316798136161027,0.1306122448979592,0.54,0.3957891633155813,0.3914319223250444,0.09428571428571429,0.11020408163265306,0.08,0.3,15.968571428571428,0.07346938775510205,0.002857142857142857,0.020526169342517116,0.12635660016220093,5.151020408163265,0.07570827782403323,0.1405104011667173,0.19542496669441994,0.08163265306122448,0,0.18166830175324133,0.295847169895523,4.835781944900405,0.8902990361057255,0.0,1.0,0.0,0.3,0.0,0.3,0.0,0.08,0.10975609756097561,0.2651416555648066,0.2651416555648066
232,0.9726939981641465,0.5507196506555903,0.9280422379827152,0.5501736017119913,0.24830207056625644,0.5467023204887772,0.7591836734693878,0.42521071117113146,0.423351654830998,0.1346938775510204,0.5314285714285715,0.3959605918870099,0.39156049375361585,0.09714285714285714,0.08979591836734693,0.07428571428571429,0.3,15.985714285714286,0.07346938775510205,0.0,0.02066659983870676,0.12611689263180598,5.151020408163265,0.07343702948931223,0.1365972916117163,0.19406221769358734,0.08163265306122448,0,0.18204524595876082,0.29594587432107394,4.813352020288112,0.8955700436971717,0.0,0.9230769230769231,0.0,0.3,0.0,0.3,0.0,0.08,0.08979591836734693,0.26468740589786244,0.26468740589786244
233,0.9732754492770168,0.5512266255099263,0.9283053669844507,0.5504712915436755,0.24830207056625644,0.5468089985343046,0.7991803278688525,0.42293698457757056,0.4210498173507972,0.13114754098360656,0.5571428571428572,0.3960177347441527,0.391603350896473,0.09714285714285714,0.11475409836065574,0.08857142857142856,0.3028571428571429,16.02,0.06147540983606557,0.002857142857142857,0.02085254209077859,0.12588437632732294,5.065573770491803,0.07123391860463286,0.13278455408737522,0.1927403511627797,0.08196721311475409,0,0.1821341633003956,0.29446614494946854,4.805656408453778,0.9671109661106061,0.0,0.967741935483871,0.0,0.3,0.0,0.3,0.0,0.08,0.11836734693877551,0.2642467837209266,0.2642467837209266
234,0.975388985317284,0.5517174792408961,0.9297788035382369,0.5509229670152623,0.24830207056625644,0.5469224715649443,0.7909836065573771,0.42318288621691486,0.42123424358030537,0.13114754098360656,0.5514285714285714,0.39618916331558124,0.3917319223250444,0.09714285714285714,0.09836065573770492,0.07428571428571429,0.3028571428571429,16.05142857142857,0.06557377049180328,0.0,0.020990381794887613,0.12565883551197432,5.065573770491803,0.06909690104649388,0.12907011264601032,0.19145814062789632,0.08196721311475409,0,0.18298418373123582,0.30272813737069976,4.783828994570417,0.9830791075450741,0.0,0.9230769230769231,0.0,0.3,0.0,0.3,0.0,0.08,0.09836065573770492,0.2638193802092988,0.2638193802092988
235,0.9754806635175086,0.5522634526643067,0.9296857563421717,0.5511270121201852,0.24830207056625644,0.5470816822142621,0.823045267489712,0.4221600752386167,0.42232567486431166,0.13168724279835392,0.5714285714285714,0.39618916331558124,0.3917319223250444,0.09714285714285714,0.0823045267489712,0.06,0.3057142857142857,16.10857142857143,0.05761316872427984,0.002857142857142857,0.02111921767898531,0.1254400609210862,5.061728395061729,0.06702399401509906,0.12545190424408792,0.19021439640905943,0.0823045267489712,0,0.18244040566972247,0.30121449668384626,4.748152414679008,0.9634175253941726,0.0,1.0,0.0,0.3,0.0,0.3,0.0,0.08,0.0860655737704918,0.2634047988030198,0.2634047988030198
236,0.9759122095122502,0.5520016885677623,0.9297110397836972,0.5505916669772467,0.24830207056625644,0.5471808907315716,0.8140495867768595,0.42252189320271255,0.42231792397257084,0.1322314049586777,0.5628571428571428,0.39618916331558124,0.3917319223250444,0.09714285714285714,0.09917355371900827,0.07428571428571429,0.30857142857142855,16.13714285714286,0.05785123966942149,0.002857142857142857,0.02126461573372221,0.1252278495679247,5.049586776859504,0.06501327419464609,0.12192788078932892,0.18900796451678764,0.07851239669421488,0,0.18212706221280245,0.299708424200427,4.727475080671142,0.944149174886289,0.0,1.0,0.0,0.3,0.0,0.3,0.0,0.08,0.102880658436214,0.2630026548389292,0.2630026548389292
237,0.9744401405974309,0.5520474335376948,0.928693209276879,0.5498467366807642,0.24830207056625644,0.5471930034359089,0.8099173553719008,0.42252189320271255,0.42231792397257084,0.1322314049586777,0.56,0.39618916331558124,0.3917319223250444,0.09714285714285714,0.09504132231404959,0.07428571428571429,0.30857142857142855,16.185714285714287,0.05371900826446281,0.0,0.021401742943000287,0.1250220045553581,5.049586776859504,0.0630628759688067,0.11849601102135776,0.18783772558128403,0.07851239669421488,0,0.18178614546959554,0.2982098820794249,4.707211293343433,0.9252661913885633,0.0,1.0,0.0,0.3,0.0,0.3,0.0,0.08,0.09504132231404959,0.26261257519376136,0.26261257519376136
238,0.9747476493173888,0.5514777093854504,0.9289058295918213,0.549355641969167,0.24830207056625644,0.5472004750391262,0.7851239669421488,0.42260453783081164,0.4223799074436452,0.1322314049586777,0.5428571428571428,0.3962463061727242,0.39177477946790157,0.09714285714285714,0.11570247933884298,0.08285714285714285,0.30857142857142855,16.222857142857144,0.05371900826446281,0.0,0.021531094278302822,0.1248223348931685,5.049586776859504,0.0611709896897425,0.11515428223408042,0.1867025938138455,0.07851239669421488,0,0.18193364331367617,0.2967188326690277,4.695924210333708,0.9294949672942635,0.0,0.9655172413793104,0.0,0.3,0.0,0.3,0.0,0.08,0.11570247933884298,0.2622341979379485,0.2622341979379485
239,0.9744991652404829,0.5515773662492075,0.9279540580492917,0.549733084675651,0.24830207056625644,0.547093929185325,0.7925311203319502,0.4239666496704791,0.42138121074136287,0.13278008298755187,0.5457142857142857,0.3962463061727242,0.39177477946790157,0.09714285714285714,0.11203319502074689,0.08285714285714285,0.31142857142857144,16.257142857142856,0.04979253112033195,0.002857142857142857,0.02167585476128417,0.1246286553208446,4.962655601659751,0.05933585999905022,0.11190070184776524,0.18560151599943012,0.07883817427385892,0,0.18148097509710778,0.2952352385056826,4.684862868984176,0.9109050679483782,0.0,1.0,0.0,0.3,0.0,0.3,0.0,0.08,0.11570247933884298,0.26186717199981,0.26186717199981
240,0.9748441554262086,0.5507858359762277,0.9282490706968637,0.5493853615494498,0.24830207056625644,0.5469381223411119,0.8291666666666667,0.42357535283822034,0.4220288787898732,0.13333333333333333,0.5685714285714286,0.396303449029867,0.3918176366107587,0.09714285714285714,0.10833333333333334,0.07714285714285714,0.3142857142857143,16.3,0.04583333333333333,0.002857142857142857,0.021836819592886005,0.12444078613569037,4.95,0.05755578419907871,0.10873329883857896,0.1845334705194472,0.07916666666666666,0,0.1813734273644794,0.3079206522250044,4.66830846874735,0.8965707807170009,0.0,0.9629629629629629,0.0,0.3,0.0,0.3,0.0,0.08,0.11203319502074689,0.26151115683981574,0.26151115683981574
241,0.9755060482643851,0.5508006740168909,0.9287029400716132,0.5495162411335535,0.24830207056625644,0.5466993963455657,0.8,0.4236586861715537,0.4220913787898732,0.13333333333333333,0.5485714285714286,0.39636059188700984,0.3918604937536158,0.09714285714285714,0.0875,0.06571428571428571,0.3142857142857143,16.31142857142857,0.04583333333333333,0.0,0.021967188094805752,0.12425855302609069,4.95,0.05582911067310635,0.1056501250330999,0.1834974664038638,0.07916666666666666,0,0.1813518459419427,0.31629175575460394,4.640656585086688,0.9125264150019572,0.0,0.9565217391304348,0.0,0.3,0.0,0.3,0.0,0.08,0.0875,0.26116582213462125,0.26116582213462125
242,0.9741051904498188,0.5508355703486715,0.9277423518559106,0.5492054855299657,0.24830207056625644,0.5465394397697103,0.8166666666666667,0.42407535283822034,0.42240387878987323,0.13333333333333333,0.56,0.3966463061727242,0.39207477946790154,0.09714285714285714,0.10833333333333334,0.07714285714285714,0.3142857142857143,16.34285714285714,0.04583333333333333,0.0,0.02208900057839709,0.12408178690977917,4.95,0.05415423735291316,0.1026492562750918,0.1824925424117479,0.07916666666666666,0,0.18224394670866154,0.31471029697583097,4.624986310527812,1.0746831906275964,0.0,0.8888888888888888,0.0,0.3,0.0,0.3,0.0,0.08,0.10833333333333334,0.2608308474705826,0.2608308474705826
243,0.97352071861981,0.549898906264526,0.9273415711724758,0.5491276666185254,0.24830207056625644,0.5464303736617504,0.8416666666666667,0.42407535283822034,0.42240387878987323,0.13333333333333333,0.5771428571428572,0.3966463061727242,0.39207477946790154,0.09714285714285714,0.1125,0.07714285714285714,0.3142857142857143,16.39142857142857,0.04583333333333333,0.0,0.022208663185775062,0.12391032377695682,4.95,0.05252961023232576,0.0997287934715827,0.18151776613939546,0.07916666666666666,0,0.18178944126083255,0.3131367454909518,4.609629441460113,1.0531895268150444,0.0,1.0,0.0,0.3,0.0,0.3,0.0,0.08,0.1125,0.26050592204646517,0.26050592204646517
244,0.9742636514540549,0.5503736079741542,0.927623084934348,0.5492244571172038,0.24830207056625644,0.5463502589881674,0.8284518828451883,0.4234646440597569,0.42241574621659467,0.13389121338912133,0.5657142857142857,0.3966463061727242,0.39207477946790154,0.09714285714285714,0.0794979079497908,0.06,0.3171428571428571,16.425714285714285,0.04184100418410042,0.002857142857142857,0.022329410291493185,0.12374400453811928,4.920502092050209,0.05095372192535599,0.09688686352504317,0.1805722331552136,0.0794979079497908,0,0.1812232083402427,0.311571061763497,4.57743685263091,1.0321257362787435,0.0,1.0,0.0,0.3,0.0,0.3,0.0,0.08,0.08333333333333333,0.26019074438507117,0.26019074438507117
245,0.9750126371314245,0.5504229893725514,0.9281345351540374,0.5492036615545584,0.24830207056625644,0.5462722279408653,0.7866108786610879,0.4234646440597569,0.42241574621659467,0.13389121338912133,0.5371428571428571,0.3966463061727242,0.39207477946790154,0.09714285714285714,0.09623430962343096,0.07142857142857142,0.3171428571428571,16.46857142857143,0.04602510460251046,0.0,0.022457924509433003,0.12358267487644684,4.920502092050209,0.04942511026759531,0.09412162015821623,0.17965506616055718,0.0794979079497908,0,0.18102740431677294,0.3100132064546795,4.557316687006864,1.0114832215531686,0.0,1.0,0.0,0.3,0.0,0.3,0.0,0.08,0.09623430962343096,0.25988502205351904,0.25988502205351904
246,0.9744201972746582,0.5496161408887623,0.9274312040253981,0.5488822173563331,0.24830207056625644,0.5462625896284669,0.8151260504201681,0.4231999146048199,0.4229068500695448,0.13445378151260504,0.5542857142857143,0.3966463061727242,0.39207477946790154,0.09714285714285714,0.07983193277310924,0.06,0.32,16.497142857142858,0.046218487394957986,0.002857142857142857,0.02257764031369891,0.12342618510462455,4.882352941176471,0.047942356959567445,0.09143124463789898,0.17876541417574046,0.07983193277310924,0,0.18052212443804624,0.3084631404224061,4.526170353266725,0.9912535571221052,0.0,1.0,0.0,0.3,0.0,0.3,0.0,0.08,0.08368200836820083,0.2595884713919135,0.2595884713919135
247,0.9768035159336638,0.5505167702643987,0.9285744458922393,0.5492416753226389,0.24830207056625644,0.5462196575856256,0.8227848101265823,0.42378314079823565,0.4217634414847637,0.1350210970464135,0.5571428571428572,0.3966463061727242,0.39207477946790154,0.09714285714285714,0.0759493670886076,0.054285714285714284,0.32285714285714284,16.55142857142857,0.04219409282700422,0.002857142857142857,0.022715275847699133,0.12327439002595691,4.852320675105485,0.04650408625078042,0.08881394640373375,0.17790245175046823,0.08016877637130802,0,0.18016051952299886,0.3069208247202941,4.489932660487106,0.9714284859796631,0.0,1.0,0.0,0.3,0.0,0.3,0.0,0.08,0.07983193277310924,0.2593008172501561,0.2593008172501561
248,0.9763615603406932,0.5510358822498769,0.9280087121674644,0.5494963422489619,0.24830207056625644,0.5462394193767416,0.8177966101694916,0.42301557966572384,0.42288198534824195,0.13559322033898305,0.5514285714285714,0.3968177347441528,0.39220335089647296,0.09714285714285714,0.08050847457627118,0.06,0.32571428571428573,16.605714285714285,0.038135593220338986,0.002857142857142857,0.02286861761861232,0.12312714879964928,4.805084745762712,0.04510896366325701,0.08626796360781619,0.1770653781979542,0.08050847457627118,0,0.1806017176396696,0.3053862205966926,4.460134007277363,1.0191942426923102,0.0,0.9047619047619048,0.0,0.3,0.0,0.3,0.0,0.08,0.08438818565400844,0.2590217927326514,0.2590217927326514
249,0.9762635313993125,0.5513207562834285,0.9278274698421332,0.549680260293273,0.24830207056625644,0.5461460712857501,0.8297872340425532,0.423611727433186,0.42342775103324337,0.13617021276595745,0.5571428571428572,0.3968177347441528,0.39220335089647296,0.09714285714285714,0.09361702127659574,0.07142857142857142,0.32857142857142857,16.634285714285713,0.03404255319148936,0.002857142857142857,0.022985315606938596,0.12298432481013098,4.8,0.043755694753359296,0.08379156357069062,0.17625341685201557,0.08085106382978724,0,0.18015542333718554,0.3038592894937091,4.442359898560387,0.9988103578384641,0.0,1.0,0.0,0.3,0.0,0.3,0.0,0.08,0.09745762711864407,0.25875113895067187,0.25875113895067187
250,0.9761186977229479,0.5513261997709543,0.9277302243737169,0.5495170461232524,0.24830207056625644,0.5461315910309432,0.8340425531914893,0.4238670465821221,0.4236192403949456,0.13617021276595745,0.56,0.3969891633155813,0.39233192232504444,0.09714285714285714,0.09787234042553192,0.06857142857142857,0.32857142857142857,16.674285714285713,0.03404255319148936,0.0,0.02309451213999977,0.12284578554029807,4.8,0.042443023910758514,0.08138304315905875,0.1754658143464551,0.08085106382978724,0,0.18051164622049962,0.3023399930462406,4.422084129160608,1.0001658510427665,0.0,0.9166666666666666,0.0,0.3,0.0,0.3,0.0,0.08,0.09787234042553192,0.2584886047821517,0.2584886047821517
251,0.9756360614063567,0.5514293255933198,0.9274061685611484,0.5495842966917334,0.24830207056625644,0.5461780592552636,0.8127659574468085,0.4238670465821221,0.4236192403949456,0.13617021276595745,0.5457142857142857,0.3969891633155813,0.39233192232504444,0.09714285714285714,0.059574468085106386,0.045714285714285714,0.32857142857142857,16.697142857142858,0.03829787234042553,0.0,0.023197903621840668,0.12271140244856028,4.8,0.04116973319343576,0.07904072909029669,0.17470183991606145,0.08085106382978724,0,0.17992323084653997,0.30082829308100933,4.379356732291682,0.9801625340219111,0.0,1.0,0.0,0.3,0.0,0.3,0.0,0.08,0.059574468085106386,0.25823394663868715,0.25823394663868715
252,0.9780321596508963,0.550741505965683,0.9285567423955279,0.5491035983449193,0.24830207056625644,0.5462913108280045,0.8034188034188035,0.42379005604619574,0.4240549272454402,0.13675213675213677,0.5371428571428571,0.3969891633155813,0.39233192232504444,0.09714285714285714,0.07692307692307693,0.054285714285714284,0.3314285714285714,16.745714285714286,0.03418803418803419,0.002857142857142857,0.023353523038523814,0.12258105084957462,4.6581196581196584,0.03993464119763269,0.07676297816864242,0.17396078471857962,0.0811965811965812,0,0.17956391463884286,0.2993241516156043,4.346055311931563,0.9605592833414729,0.0,1.0,0.0,0.3,0.0,0.3,0.0,0.08,0.08085106382978724,0.2579869282395265,0.2579869282395265
253,0.9787214243636979,0.5498524589877507,0.9290175650892295,0.5486481369472851,0.24830207056625644,0.546394007361053,0.8333333333333334,0.42396099621713595,0.42418313237364524,0.13675213675213677,0.5571428571428572,0.39710344902986705,0.39241763661075874,0.09714285714285714,0.05555555555555555,0.04,0.3314285714285714,16.748571428571427,0.03418803418803419,0.0,0.023492326772781073,0.12245460979855842,4.6581196581196584,0.038736601961703705,0.07454817745769149,0.17324196117702223,0.0811965811965812,0,0.17963397356577357,0.2978275308575263,4.299134205692932,0.9413480976746433,0.0,0.9285714285714286,0.0,0.3,0.0,0.3,0.0,0.08,0.05555555555555555,0.2577473203923407,0.2577473203923407
254,0.9789840280379409,0.5489518520203324,0.9291931344028665,0.547715018855713,0.24830207056625644,0.546458442759226,0.8333333333333334,0.42404646630260595,0.4242472349377478,0.13675213675213677,0.5571428571428572,0.3971605918870099,0.3924604937536158,0.09714285714285714,0.08547008547008547,0.06,0.3314285714285714,16.785714285714285,0.03418803418803419,0.0,0.023590140600992206,0.12233196197907283,4.6581196581196584,0.03757450390285259,0.07239474439361815,0.17254470234171154,0.0811965811965812,0,0.17973395083723043,0.2963383932032386,4.273151521579073,0.9307537759759344,0.0,0.9523809523809523,0.0,0.3,0.0,0.3,0.0,0.08,0.08547008547008547,0.25751490078057054,0.25751490078057054
255,0.977826230893865,0.5486371428823368,0.9284190643122557,0.5477499146325817,0.24830207056625644,0.5465464017394681,0.8418803418803419,0.42404646630260595,0.4242472349377478,0.13675213675213677,0.5628571428571428,0.3971605918870099,0.3924604937536158,0.09714285714285714,0.06837606837606838,0.045714285714285714,0.3314285714285714,16.805714285714284,0.029914529914529916,0.0,0.0236858266308931,0.1222129935941718,4.6581196581196584,0.03644726878576701,0.07030112684332634,0.1718683612714602,0.0811965811965812,0,0.17920613894018714,0.29485670123722246,4.233402776861777,0.9121387004564157,0.0,1.0,0.0,0.3,0.0,0.3,0.0,0.08,0.06837606837606838,0.2572894537571534,0.2572894537571534
256,0.9781669721996751,0.5479441428476299,0.9286468742138543,0.5473720670650633,0.24830207056625644,0.5465523619227975,0.7777777777777778,0.42404646630260595,0.4242472349377478,0.13675213675213677,0.52,0.3971605918870099,0.3924604937536158,0.09714285714285714,0.06837606837606838,0.04857142857142857,0.3314285714285714,16.84285714285714,0.029914529914529916,0.0,0.023779405674709556,0.12209759426081779,4.6581196581196584,0.035353850722194,0.06826580311152597,0.1712123104333164,0.0811965811965812,0,0.17882353753120048,0.2933824177310363,4.19730614989597,0.8938959264472873,0.0,1.0,0.0,0.3,0.0,0.3,0.0,0.08,0.06837606837606838,0.2570707701444388,0.2570707701444388
257,0.9788775055654408,0.5473491170497922,0.929121916521252,0.5470932256815716,0.24830207056625644,0.5466077974592712,0.8247863247863247,0.42404646630260595,0.4242472349377478,0.13675213675213677,0.5514285714285714,0.3971605918870099,0.3924604937536158,0.09714285714285714,0.0641025641025641,0.04285714285714286,0.3314285714285714,16.874285714285715,0.03418803418803419,0.0,0.02387090006623111,0.12198565690746428,4.6581196581196584,0.034293235200528176,0.06628728190052913,0.1705759411203169,0.0811965811965812,0,0.1783557197900801,0.2919155056423811,4.156217169755193,0.8760180079183416,0.0,1.0,0.0,0.3,0.0,0.3,0.0,0.08,0.0641025641025641,0.25685864704010564,0.25685864704010564
258,0.9808249785782147,0.547965860305652,0.9293281856917522,0.5478361473885762,0.24830207056625644,0.5466486445263636,0.7801724137931034,0.423531766071862,0.42341454615212504,0.1336206896551724,0.5171428571428571,0.39721773474415273,0.392503350896473,0.09714285714285714,0.06465517241379311,0.05142857142857143,0.33714285714285713,16.877142857142857,0.03017241379310345,0.005714285714285714,0.023964437784559138,0.12187707767471152,4.637931034482759,0.033264438144512326,0.06436410222636424,0.16995866288670738,0.08189655172413793,0,0.17840537261612968,0.2904559281141692,4.12452139778866,0.9184874224726716,0.0,0.9444444444444444,0.0,0.3,0.0,0.3,0.0,0.08,0.0641025641025641,0.2566528876289025,0.2566528876289025
259,0.9793686001974342,0.5470049644493686,0.9283628148793495,0.5469725713663875,0.24830207056625644,0.546608899320816,0.8103448275862069,0.4236179729684137,0.4234792013245389,0.1336206896551724,0.5371428571428571,0.3972748776012956,0.3925462080393301,0.09714285714285714,0.07758620689655173,0.05142857142857143,0.33714285714285713,16.894285714285715,0.03017241379310345,0.0,0.024056189521835403,0.12177175581894126,4.637931034482759,0.03226650500017696,0.06249483329462158,0.16935990300010617,0.08189655172413793,0,0.17842649003876335,0.33043845224409285,4.093459541261458,0.9281851778156229,0.0,0.9444444444444444,0.0,0.3,0.0,0.3,0.0,0.08,0.07758620689655173,0.2564533010000354,0.2564533010000354
260,0.9805752498483986,0.5460264897961568,0.9291626512194171,0.546314432436191,0.24830207056625644,0.5465149363339634,0.875,0.4236179729684137,0.4234792013245389,0.1336206896551724,0.58,0.3972748776012956,0.3925462080393301,0.09714285714285714,0.08189655172413793,0.054285714285714284,0.33714285714285713,16.914285714285715,0.02586206896551724,0.0,0.024141641202901937,0.12166959361884412,4.637931034482759,0.031298509850171644,0.06067807433925587,0.16877910591010298,0.08189655172413793,0,0.17807664330285522,0.32878625998287236,4.065876064721944,0.9096214742593105,0.0,1.0,0.0,0.3,0.0,0.3,0.0,0.08,0.08189655172413793,0.25625970197003434,0.25625970197003434
261,0.9817270076466096,0.5460938294867393,0.9299261021028027,0.5462876551183576,0.24830207056625644,0.5462784120964632,0.8103448275862069,0.4236179729684137,0.4234792013245389,0.1336206896551724,0.5371428571428571,0.3972748776012956,0.3925462080393301,0.09714285714285714,0.07758620689655173,0.05142857142857143,0.33714285714285713,16.928571428571427,0.02586206896551724,0.0,0.0242251085338202,0.12157049628474993,4.637931034482759,0.030359554554666494,0.058912454427401895,0.16821573273279988,0.08189655172413793,0,0.17764254865419807,0.32714232868295806,4.035987114856075,0.8914290447741242,0.0,1.0,0.0,0.3,0.0,0.3,0.0,0.08,0.07758620689655173,0.2560719109109333,0.2560719109109333
262,0.9802367867797155,0.5461385131239107,0.9289382985567471,0.5456410485042016,0.24830207056625644,0.5462701908027302,0.8060344827586207,0.4237903867615172,0.4236085116693665,0.1336206896551724,0.5342857142857143,0.3973891633155813,0.3926319223250444,0.09714285714285714,0.07327586206896551,0.054285714285714284,0.33714285714285713,16.925714285714285,0.02586206896551724,0.0,0.02430661953409236,0.12147437187067854,4.637931034482759,0.0294487679180265,0.05719663223308802,0.1676692607508159,0.08189655172413793,0,0.17755419305378425,0.32550661703954326,4.009553086844669,0.8888299722100779,0.0,0.9473684210526315,0.0,0.3,0.0,0.3,0.0,0.08,0.07327586206896551,0.25588975358360533,0.25588975358360533
263,0.9793367269613275,0.5463942441009016,0.92834168747713,0.5455154730868362,0.24830207056625644,0.5462735813389136,0.8275862068965517,0.4240490074511723,0.42380247718660785,0.13793103448275862,0.5485714285714286,0.3975605918870099,0.39276049375361577,0.1,0.0603448275862069,0.04,0.33714285714285713,16.945714285714285,0.03017241379310345,0.0,0.02438620301153232,0.12138113118902932,4.637931034482759,0.028565304880485705,0.05552929578256993,0.1671391829282914,0.08189655172413793,0,0.17783742280280104,0.3238790839543455,3.9693620251077757,0.9497878806477192,0.0,0.8571428571428571,0.0,0.3,0.0,0.3,0.0,0.08,0.0603448275862069,0.25571306097609714,0.25571306097609714
264,0.979406986467623,0.5468628765008754,0.9283882594927316,0.5458646712669031,0.24830207056625644,0.5462499993893031,0.8146551724137931,0.4240490074511723,0.42380247718660785,0.13793103448275862,0.54,0.3975605918870099,0.39276049375361577,0.1,0.05172413793103448,0.037142857142857144,0.33714285714285713,16.942857142857143,0.03017241379310345,0.0,0.024463888462206075,0.12129068772782951,4.637931034482759,0.027708345734071133,0.05390916217385344,0.16662500744044267,0.08189655172413793,0,0.1773755242566442,0.3222596885345738,3.927117641748477,0.9307921230347648,0.0,1.0,0.0,0.3,0.0,0.3,0.0,0.08,0.05172413793103448,0.2555416691468142,0.2555416691468142
265,0.980466096189031,0.5475135188001535,0.9289131689109135,0.5463121186204627,0.24830207056625644,0.5463234780278756,0.7878787878787878,0.42430065015715035,0.4245735014177934,0.13852813852813853,0.52,0.3975605918870099,0.39276049375361577,0.1,0.08658008658008658,0.06,0.34,16.97142857142857,0.025974025974025976,0.002857142857142857,0.024564588901444657,0.12120295757046577,4.58008658008658,0.026877095362049,0.052334977272824657,0.1661262572172294,0.08225108225108226,0,0.17705836448893236,0.3206483900919009,3.9085752889135073,0.9121762805740695,0.0,1.0,0.0,0.3,0.0,0.3,0.0,0.08,0.09051724137931035,0.2553754190724098,0.2553754190724098
266,0.981183583559958,0.5475349954138429,0.9293867105757252,0.5460076974646828,0.24830207056625644,0.5465642150517683,0.8311688311688312,0.4243872302437304,0.4246384364827285,0.13852813852813853,0.5485714285714286,0.3976177347441527,0.3928033508964729,0.1,0.05627705627705628,0.04,0.34,16.954285714285714,0.025974025974025976,0.0,0.024661213702504518,0.12111785931782287,4.58008658008658,0.026070782501187526,0.05080551538826483,0.1656424695007125,0.07792207792207792,0,0.1770000797915056,0.3190451481414414,3.870403783135237,0.8997554223558091,0.0,0.9285714285714286,0.0,0.3,0.0,0.3,0.0,0.08,0.05627705627705628,0.2552141565002375,0.2552141565002375
267,0.9822243761406608,0.5482533499046403,0.9300736336789891,0.5464789241252183,0.24830207056625644,0.5468097641652022,0.8311688311688312,0.42447381033031045,0.4247033715476635,0.13852813852813853,0.5485714285714286,0.39767487760129555,0.39284620803933007,0.1,0.06926406926406926,0.045714285714285714,0.34,16.951428571428572,0.025974025974025976,0.0,0.024733663685808028,0.12103531401275934,4.58008658008658,0.025288659026151898,0.04931957892788941,0.16517319541569114,0.07792207792207792,0,0.17714179724611948,0.3174499224007342,3.838709993186818,0.9120152037503432,0.0,0.9375,0.0,0.3,0.0,0.3,0.0,0.08,0.06926406926406926,0.2550577318052304,0.2550577318052304
268,0.9839644750570155,0.5488363071565321,0.931222098963783,0.5470011183853654,0.24830207056625644,0.5471046241382317,0.8614718614718615,0.42447381033031045,0.4247033715476635,0.13852813852813853,0.5685714285714286,0.39767487760129555,0.39284620803933007,0.1,0.05627705627705628,0.04285714285714286,0.34,16.96,0.021645021645021644,0.0,0.024804331549952503,0.12095524506684763,4.58008658008658,0.024529999255367342,0.04787599803742004,0.1647179995532204,0.07792207792207792,0,0.17659865968846034,0.3158626727887306,3.804792936180225,0.8937748996753363,0.0,1.0,0.0,0.3,0.0,0.3,0.0,0.08,0.05627705627705628,0.2549059998510735,0.2549059998510735
269,0.9830531608726538,0.5489301332655812,0.930611085345687,0.5471319043538797,0.24830207056625644,0.5473657282042852,0.8478260869565217,0.4256170254554319,0.4247981333439568,0.1391304347826087,0.5571428571428572,0.39767487760129555,0.39284620803933007,0.1,0.07391304347826087,0.05142857142857143,0.34285714285714286,16.97142857142857,0.021739130434782608,0.002857142857142857,0.02490572970695073,0.12087757818931338,4.539130434782609,0.023794099277706322,0.04647363022457851,0.1642764595666238,0.0782608695652174,0,0.1762008092471609,0.3142833594247869,3.7801256488851913,0.8758994016818296,0.0,1.0,0.0,0.3,0.0,0.3,0.0,0.08,0.07792207792207792,0.2547588198555413,0.2547588198555413
270,0.9812392575199046,0.5497206131066809,0.9294190917138804,0.5477875043340611,0.24830207056625644,0.5476906073704998,0.8521739130434782,0.425703981977171,0.4248633507352611,0.1391304347826087,0.56,0.3977320204584385,0.39288906518218725,0.1,0.07391304347826087,0.05142857142857143,0.34285714285714286,16.974285714285713,0.017391304347826087,0.0,0.02497309983915517,0.12080224131810506,4.539130434782609,0.023080276299375133,0.045111359969765674,0.16384816577962508,0.0782608695652174,0,0.17617552661165722,0.312711942627663,3.7559517073360587,0.8583814136481929,0.0,0.9444444444444444,0.0,0.3,0.0,0.3,0.0,0.08,0.07391304347826087,0.254616055259875,0.254616055259875
271,0.9811110616345688,0.55051176887872,0.9293348487035169,0.5482888303951692,0.24830207056625644,0.5479966963322769,0.8217391304347826,0.425703981977171,0.4248633507352611,0.1391304347826087,0.54,0.3977320204584385,0.39288906518218725,0.1,0.0782608695652174,0.054285714285714284,0.34285714285714286,16.96857142857143,0.021739130434782608,0.0,0.025038779251387373,0.12072916455303305,4.539130434782609,0.02238786801039388,0.04378809832508257,0.16343272080623633,0.0782608695652174,0,0.17572250683574175,0.3111483829145247,3.735118387475052,0.8412137853752291,0.0,1.0,0.0,0.3,0.0,0.3,0.0,0.08,0.0782608695652174,0.2544775736020788,0.2544775736020788
272,0.9816029357168146,0.5505674012589062,0.9296580802432783,0.5486349665546144,0.24830207056625644,0.5483078207412306,0.8217391304347826,0.4257909384989102,0.4249285681265655,0.1391304347826087,0.54,0.3977891633155813,0.39293192232504437,0.1,0.07391304347826087,0.04857142857142857,0.34285714285714286,16.985714285714284,0.017391304347826087,0.0,0.025102800247095602,0.12065828009091312,4.539130434782609,0.021716231970082062,0.04250278250323991,0.16302973918204924,0.0782608695652174,0,0.1757001807301345,0.30959264099995204,3.708987448296979,0.8346993170331353,0.0,0.9411764705882353,0.0,0.3,0.0,0.3,0.0,0.08,0.07391304347826087,0.2543432463940164,0.2543432463940164
273,0.9819990425312461,0.5500920467335773,0.9299183790070479,0.5485713579321876,0.24830207056625644,0.5486359100760619,0.8217391304347826,0.42596485154238845,0.4250590029091742,0.1391304347826087,0.54,0.397903449029867,0.3930176366107587,0.1,0.06521739130434782,0.045714285714285714,0.34285714285714286,17.014285714285716,0.021739130434782608,0.0,0.02516519515345114,0.12058952216265689,4.539130434782609,0.0210647450109796,0.04125437545780075,0.16263884700658776,0.0782608695652174,0,0.17562110839791237,0.3080446777949523,3.680521985045325,0.8323424785295245,0.0,0.9375,0.0,0.3,0.0,0.3,0.0,0.08,0.06521739130434782,0.25421294900219593,0.25421294900219593
274,0.9810865139705361,0.550817995753434,0.9293187173814382,0.5491529187389418,0.24830207056625644,0.5489510433642524,0.8347826086956521,0.4260518080641276,0.4251242203004785,0.1391304347826087,0.5485714285714286,0.39796059188700983,0.39306049375361585,0.1,0.07391304347826087,0.04857142857142857,0.34285714285714286,17.037142857142857,0.013043478260869565,0.0,0.02522599627018526,0.12052282697224827,4.539130434782609,0.02043280266065021,0.040041865456103776,0.16225968159639012,0.0782608695652174,0,0.1756814718926346,0.30650445440597757,3.655482973915847,0.8813129799220508,0.0,0.9411764705882353,0.0,0.3,0.0,0.3,0.0,0.08,0.07391304347826087,0.25408656053213,0.25408656053213
275,0.980198390866082,0.5504348870469129,0.9283126115874134,0.5491162939330374,0.24830207056625644,0.5494524086544935,0.8427947598253275,0.42380749281549934,0.42281035226685615,0.13537117903930132,0.5514285714285714,0.39813202045843843,0.3931890651821872,0.1,0.06986899563318777,0.05142857142857143,0.3457142857142857,17.03142857142857,0.013100436681222707,0.002857142857142857,0.025303871701200624,0.12045813263755195,4.5152838427947595,0.019819818580830706,0.038864265646124774,0.16189189114849842,0.07860262008733625,0,0.1762583531046,0.3117321963573144,3.6338018858661014,0.993673262504255,0.0,0.8888888888888888,0.0,0.3,0.0,0.3,0.0,0.08,0.07391304347826087,0.25396396371616614,0.25396396371616614
276,0.9794704480850193,0.5510082943126768,0.9278363290249467,0.5493569016049147,0.24830207056625644,0.5496719032750615,0.8777292576419214,0.42398216530458227,0.4229413566336684,0.13537117903930132,0.5742857142857143,0.3982463061727241,0.3932747794679015,0.1,0.06986899563318777,0.04857142857142857,0.3457142857142857,17.03142857142857,0.013100436681222707,0.0,0.02536165964778548,0.12039537913289645,4.5152838427947595,0.019225224023405783,0.037720613618443255,0.16153513441404346,0.07860262008733625,0,0.17623363348193416,0.31017353537552783,3.6096972767202087,0.981172615865518,0.0,0.9411764705882353,0.0,0.3,0.0,0.3,0.0,0.08,0.06986899563318777,0.2538450448046812,0.2538450448046812
277,0.9805322124740748,0.5505944941917509,0.928531026296643,0.5487133303362876,0.24830207056625644,0.5498439274532025,0.8733624454148472,0.42398216530458227,0.4229413566336684,0.13537117903930132,0.5714285714285714,0.3982463061727241,0.3932747794679015,0.1,0.048034934497816595,0.03142857142857143,0.3457142857142857,17.057142857142857,0.013100436681222707,0.0,0.025417947965694573,0.12033450823338067,4.5152838427947595,0.01864846730270361,0.036609970964401994,0.16118908038162216,0.07860262008733625,0,0.1756094653145245,0.3086226676986502,3.568931902614375,0.9615491635482075,0.0,1.0,0.0,0.3,0.0,0.3,0.0,0.08,0.048034934497816595,0.2537296934605407,0.2537296934605407
278,0.9799240037674789,0.5506910078946129,0.9281330840286134,0.5490238392431337,0.24830207056625644,0.5500049808065199,0.8427947598253275,0.42415683779366525,0.4230723610004805,0.13973799126637554,0.5514285714285714,0.3983605918870098,0.3933604937536158,0.10285714285714286,0.08733624454148471,0.05714285714285714,0.3457142857142857,17.045714285714286,0.013100436681222707,0.0,0.025472768457562845,0.12027546346085041,4.5152838427947595,0.0180890132836225,0.03553142283146549,0.1608534079701735,0.07860262008733625,0,0.1758710043630589,0.3114427331271463,3.5546961217049446,0.9428301012076851,0.0,0.95,0.0,0.3,0.0,0.3,0.0,0.08,0.08733624454148471,0.2536178026567245,0.2536178026567245
279,0.979043157708846,0.5502038431644286,0.9275567590359648,0.5489576089756976,0.24830207056625644,0.5500577012301016,0.8384279475982532,0.42415683779366525,0.4230723610004805,0.13973799126637554,0.5485714285714286,0.3983605918870098,0.3933604937536158,0.10285714285714286,0.06550218340611354,0.05142857142857143,0.3457142857142857,17.065714285714286,0.013100436681222707,0.0,0.025526152695490974,0.12021819003149602,4.5152838427947595,0.017546342885113825,0.03448407747671345,0.16052780573106828,0.07860262008733625,0,0.1753627921983865,0.30988551946151055,3.5350307706994175,0.9239734991835313,0.0,1.0,0.0,0.3,0.0,0.3,0.0,0.08,0.06550218340611354,0.2535092685770228,0.2535092685770228
280,0.9794714606997716,0.5508628297445031,0.9278369915643134,0.5493818175632152,0.24830207056625644,0.550105556772086,0.8165938864628821,0.42415683779366525,0.4230723610004805,0.13973799126637554,0.5342857142857143,0.3983605918870098,0.3933604937536158,0.10285714285714286,0.056768558951965066,0.04,0.3457142857142857,17.074285714285715,0.013100436681222707,0.0,0.02557813199001177,0.12016263480502222,4.5152838427947595,0.01701995259856041,0.03346706581933134,0.16021197155913625,0.07860262008733625,0,0.17482854966596598,0.308336091864203,3.504330155285429,0.9054940291998607,0.0,1.0,0.0,0.3,0.0,0.3,0.0,0.08,0.056768558951965066,0.2534039905197121,0.2534039905197121
281,0.9805259808029652,0.5507365395929216,0.9278777079633833,0.5496338496980453,0.24830207056625644,0.5500686867818046,0.868421052631579,0.4248305672037747,0.424498348495361,0.14035087719298245,0.5657142857142857,0.3983605918870098,0.3933604937536158,0.10285714285714286,0.07017543859649122,0.04857142857142857,0.3485714285714286,17.077142857142857,0.008771929824561403,0.002857142857142857,0.025718336127992434,0.1201087462353427,4.4035087719298245,0.0165093540206036,0.03247954099289663,0.15990561241236215,0.07894736842105263,0,0.1744085746501534,0.30679441140488206,3.4828149807511486,0.8873841486158635,0.0,1.0,0.0,0.3,0.0,0.3,0.0,0.08,0.07423580786026202,0.2533018708041207,0.2533018708041207
282,0.9815754085490801,0.5504719209937536,0.9285613351808527,0.5496109433770169,0.24830207056625644,0.5501086528562463,0.868421052631579,0.4249182865020203,0.4245641379690452,0.14035087719298245,0.5657142857142857,0.39841773474415276,0.393403350896473,0.10285714285714286,0.07017543859649122,0.045714285714285714,0.3485714285714286,17.097142857142856,0.008771929824561403,0.0,0.02577780259262596,0.12005647432275347,4.4035087719298245,0.01601407339998549,0.03152067789819646,0.15960844403999128,0.07894736842105263,0,0.17442082105904547,0.3052604393478577,3.4588729668504117,0.8848252814274313,0.0,0.9375,0.0,0.3,0.0,0.3,0.0,0.08,0.07017543859649122,0.2532028146799971,0.2532028146799971
283,0.9804094101905877,0.5505863360464441,0.9278017705358917,0.5492238815281338,0.24830207056625644,0.5501641948580648,0.8333333333333334,0.42509372509851157,0.4246957169164136,0.14035087719298245,0.5428571428571428,0.3985320204584384,0.3934890651821872,0.10285714285714286,0.08333333333333333,0.054285714285714284,0.3485714285714286,17.1,0.008771929824561403,0.0,0.025826102604019744,0.12000577056754205,4.4035087719298245,0.015533651197985924,0.030589672757253217,0.15932019071879155,0.07894736842105263,0,0.17463115835733953,0.310076115150159,3.4439812217991177,0.891040685617435,0.0,0.9473684210526315,0.0,0.3,0.0,0.3,0.0,0.08,0.08333333333333333,0.2531067302395972,0.2531067302395972
284,0.9798258974778516,0.5501552719249224,0.9274216536830237,0.5489633751033463,0.24830207056625644,0.5501612096866442,0.8771929824561403,0.42509372509851157,0.4246957169164136,0.14035087719298245,0.5714285714285714,0.3985320204584384,0.3934890651821872,0.10285714285714286,0.06578947368421052,0.045714285714285714,0.3485714285714286,17.114285714285714,0.008771929824561403,0.0,0.025873110110370235,0.11995658792498688,4.4035087719298245,0.015067641662046346,0.02968574266917945,0.1590405849972278,0.07894736842105263,0,0.1740437168512671,0.3085257345744082,3.420815883077421,0.8732198719050862,0.0,1.0,0.0,0.3,0.0,0.3,0.0,0.08,0.06578947368421052,0.25301352833240925,0.25301352833240925
285,0.9790727860152239,0.5499374342442285,0.9269310553587976,0.5487078328176208,0.24830207056625644,0.550242909914096,0.8464912280701754,0.42509372509851157,0.4246957169164136,0.14035087719298245,0.5514285714285714,0.3985320204584384,0.3934890651821872,0.10285714285714286,0.043859649122807015,0.02857142857142857,0.3485714285714286,17.117142857142856,0.008771929824561403,0.0,0.025918854979876848,0.11990888076170836,4.4035087719298245,0.014615612412184955,0.028808125168431453,0.15876936744731096,0.07894736842105263,0,0.1736573596920108,0.30698310590153616,3.380970993987301,0.8557554744669845,0.0,1.0,0.0,0.3,0.0,0.3,0.0,0.08,0.043859649122807015,0.252923122482437,0.252923122482437
286,0.9778185995634499,0.5497043539355762,0.9261140424702136,0.5485353826827504,0.24830207056625644,0.5502324153213715,0.8596491228070176,0.4255323215897396,0.4250246642848347,0.14035087719298245,0.56,0.3988177347441527,0.39370335089647296,0.10285714285714286,0.07017543859649122,0.05714285714285714,0.3485714285714286,17.14,0.013157894736842105,0.0,0.025963366681408296,0.11986260481332824,4.4035087719298245,0.014177144039819406,0.027956077785981637,0.15850628642389164,0.07894736842105263,0,0.17447435860783644,0.30544819037202847,3.3704944312504126,1.002973974021337,0.0,0.85,0.0,0.3,0.0,0.3,0.0,0.08,0.07017543859649122,0.2528354288079639,0.2528354288079639
287,0.9780794374365,0.5499305189224477,0.9262839597132291,0.5486709118258187,0.24830207056625644,0.550175869962956,0.8552631578947368,0.4255323215897396,0.4250246642848347,0.14035087719298245,0.5571428571428572,0.3988177347441527,0.39370335089647296,0.10285714285714286,0.08771929824561403,0.06,0.3485714285714286,17.12,0.013157894736842105,0.0,0.026006674269697237,0.11981771714339956,4.4035087719298245,0.013751829718624823,0.027128877613884494,0.1582510978311749,0.07894736842105263,0,0.17408670252908295,0.30392094942016834,3.363084542625404,0.9829144945409104,0.0,1.0,0.0,0.3,0.0,0.3,0.0,0.08,0.08771929824561403,0.25275036594372496,0.25275036594372496
288,0.9787675982140644,0.551158394029585,0.9267322473054709,0.5491548149323412,0.24830207056625644,0.5501346256371457,0.8728070175438597,0.4257077601862308,0.425156243232203,0.14035087719298245,0.5685714285714286,0.3989320204584385,0.39378906518218726,0.10285714285714286,0.06578947368421052,0.045714285714285714,0.3485714285714286,17.142857142857142,0.013157894736842105,0.0,0.02604880637234036,0.11977417610356865,4.4035087719298245,0.013339274827066079,0.026325820873665307,0.15800356489623965,0.07894736842105263,0,0.17401484757002686,0.3024013446730675,3.341537137487181,0.9968541631508001,0.0,0.9375,0.0,0.3,0.0,0.3,0.0,0.08,0.06578947368421052,0.2526678549654132,0.2526678549654132
289,0.9781505250240558,0.5511154055181655,0.9263302681988369,0.5494566992686207,0.24830207056625644,0.5502751690570449,0.8464912280701754,0.42579547948447644,0.4252220327058873,0.14035087719298245,0.5514285714285714,0.3989891633155813,0.3938319223250444,0.10285714285714286,0.08333333333333333,0.054285714285714284,0.3485714285714286,17.154285714285713,0.013157894736842105,0.0,0.026089791178488295,0.11973194129493271,4.4035087719298245,0.012939096582254096,0.025546222488924686,0.15776345794935245,0.07894736842105263,0,0.17408648904646243,0.30088933794970213,3.328992109023152,1.0505696411676726,0.0,0.9473684210526315,0.0,0.3,0.0,0.3,0.0,0.08,0.08333333333333333,0.2525878193164508,0.2525878193164508
290,0.9784368601359893,0.5514959946341812,0.9265167950717537,0.549903087853585,0.24830207056625644,0.5503833913294582,0.7982456140350878,0.42579547948447644,0.4252220327058873,0.14035087719298245,0.52,0.3989891633155813,0.3938319223250444,0.10285714285714286,0.06140350877192982,0.04285714285714286,0.3485714285714286,17.185714285714287,0.008771929824561403,0.0,0.026129656429115217,0.11969097353055581,4.4035087719298245,0.012550923684786473,0.02478941566250792,0.15753055421087186,0.07894736842105263,0,0.17358691445837296,0.29938489125995366,3.305269409699832,1.029558248344319,0.0,1.0,0.0,0.3,0.0,0.3,0.0,0.08,0.06140350877192982,0.2525101847369573,0.2525101847369573
291,0.9790393290881096,0.5518933401642139,0.9269092605605631,0.5504916358252518,0.24830207056625644,0.550513054880637,0.8377192982456141,0.4258831987827221,0.42528782217957145,0.14035087719298245,0.5457142857142857,0.39904630617272413,0.39387477946790145,0.10285714285714286,0.05263157894736842,0.03428571428571429,0.3485714285714286,17.21142857142857,0.013157894736842105,0.0,0.0261684294087635,0.11965123479911033,4.4035087719298245,0.012174395974242878,0.024054751458558843,0.15730463758454571,0.07894736842105263,0,0.17343241131108109,0.3086415016278378,3.2734497357915493,1.0453911421280058,0.0,0.9166666666666666,0.0,0.3,0.0,0.3,0.0,0.08,0.05263157894736842,0.2524348791948486,0.2524348791948486
292,0.9796083845919654,0.5532146002964402,0.9272799595745034,0.5512002729618766,0.24830207056625644,0.5506214727180334,0.8201754385964912,0.42597091808096765,0.42535361165325575,0.14035087719298245,0.5342857142857143,0.399103449029867,0.3939176366107586,0.10285714285714286,0.08771929824561403,0.06285714285714286,0.3485714285714286,17.214285714285715,0.008771929824561403,0.0,0.026206136938663586,0.11961268822960805,4.4035087719298245,0.011809164095015591,0.02334159838973804,0.15708549845700934,0.07894736842105263,0,0.17353539354023997,0.30709829411969863,3.270837883932861,1.0247991743929505,0.0,0.9545454545454546,0.0,0.3,0.0,0.3,0.0,0.08,0.08771929824561403,0.2523618328190031,0.2523618328190031
293,0.9787091273906705,0.5540962494218367,0.9266941577405172,0.5516898529325345,0.24830207056625644,0.5509228069168655,0.8289473684210527,0.4260586373792133,0.4254194011269399,0.14035087719298245,0.54,0.39916059188700986,0.3939604937536158,0.10285714285714286,0.07017543859649122,0.05142857142857143,0.3485714285714286,17.257142857142856,0.008771929824561403,0.0,0.026242805371134652,0.11957529805719093,4.4035087719298245,0.011454889172165124,0.022649342009860907,0.15687293350329906,0.07894736842105263,0,0.17346728871539593,0.30556280264910013,3.256849697682775,1.0220720002674195,0.0,0.9444444444444444,0.0,0.3,0.0,0.3,0.0,0.08,0.07017543859649122,0.25229097783443305,0.25229097783443305
294,0.9803901421593844,0.5544488913374348,0.9277892187898507,0.5520449322321569,0.24830207056625644,0.5512612909162256,0.8245614035087719,0.4260586373792133,0.4254194011269399,0.14035087719298245,0.5371428571428571,0.39916059188700986,0.3939604937536158,0.10285714285714286,0.043859649122807015,0.02857142857142857,0.3485714285714286,17.245714285714286,0.008771929824561403,0.0,0.026278460585176282,0.11953902958994633,4.4035087719298245,0.011111242497000169,0.021977384512174902,0.1566667454982001,0.07894736842105263,0,0.17288538084324753,0.3040349886358546,3.2202841323005487,1.0016305602620712,0.0,1.0,0.0,0.3,0.0,0.3,0.0,0.08,0.043859649122807015,0.25222224849940006,0.25222224849940006
295,0.980268778296315,0.554220923748527,0.9277101589019086,0.5519869266031733,0.24830207056625644,0.5515850065858824,0.8377192982456141,0.4260586373792133,0.4254194011269399,0.14035087719298245,0.5457142857142857,0.39916059188700986,0.3939604937536158,0.10285714285714286,0.05263157894736842,0.03428571428571429,0.3485714285714286,17.254285714285714,0.008771929824561403,0.0,0.026313127983166117,0.11950384917671905,4.4035087719298245,0.010777905222090163,0.021325144333474655,0.1564667431332541,0.07894736842105263,0,0.17258783954638826,0.30251481369267536,3.1901641639402514,0.9815979490568297,0.0,1.0,0.0,0.3,0.0,0.3,0.0,0.08,0.05263157894736842,0.25215558104441804,0.25215558104441804
296,0.980771508657633,0.5543592549937225,0.9280376518229956,0.5515419834196379,0.24830207056625644,0.5518026026976312,0.7982456140350878,0.4260586373792133,0.4254194011269399,0.14035087719298245,0.52,0.39916059188700986,0.3939604937536158,0.10285714285714286,0.07017543859649122,0.045714285714285714,0.3485714285714286,17.24,0.008771929824561403,0.0,0.02634683248858288,0.11946972417588861,4.4035087719298245,0.010454568065427458,0.020692055764222284,0.15627274083925646,0.07894736842105263,0,0.17229490177722773,0.30100223962421196,3.172075166375732,0.9619659900756931,0.0,1.0,0.0,0.3,0.0,0.3,0.0,0.08,0.07017543859649122,0.2520909136130855,0.2520909136130855
297,0.9796081945722849,0.5540564126870555,0.9272798357902544,0.5514411541076223,0.24830207056625644,0.5520849179634858,0.8157894736842105,0.4260586373792133,0.4254194011269399,0.14035087719298245,0.5314285714285715,0.39916059188700986,0.3939604937536158,0.10285714285714286,0.05701754385964912,0.037142857142857144,0.3485714285714286,17.248571428571427,0.008771929824561403,0.0,0.026379598544678726,0.119436622925083,4.4035087719298245,0.010140931023464634,0.02007756856482179,0.15608455861407877,0.07894736842105263,0,0.17183243012191302,0.2994972284260909,3.1457765201910743,0.9427266702741791,0.0,1.0,0.0,0.3,0.0,0.3,0.0,0.08,0.05701754385964912,0.2520281862046929,0.2520281862046929
298,0.9785986034729917,0.5534818777901177,0.9266221593027151,0.5512690581361752,0.24830207056625644,0.5524473537610226,0.8377192982456141,0.4261463566774589,0.4254851906006241,0.14035087719298245,0.5457142857142857,0.3992177347441527,0.3940033508964729,0.10285714285714286,0.07894736842105263,0.05142857142857143,0.3485714285714286,17.271428571428572,0.008771929824561403,0.0,0.026411450114028602,0.11940451471180168,4.4035087719298245,0.009836703092760694,0.019481147588170877,0.1559020218556564,0.07894736842105263,0,0.17165869654273203,0.2979997422839604,3.134289561215825,0.9238721368686955,0.0,0.9444444444444444,0.0,0.3,0.0,0.3,0.0,0.08,0.07894736842105263,0.25196734061855214,0.25196734061855214
299,0.9791891967447086,0.552587364646962,0.927006888634005,0.5512350041505423,0.24830207056625644,0.5529562565812695,0.8552631578947368,0.4261463566774589,0.4254851906006241,0.14035087719298245,0.5571428571428572,0.3992177347441527,0.3940033508964729,0.10285714285714286,0.06578947368421052,0.04285714285714286,0.3485714285714286,17.277142857142856,0.008771929824561403,0.0,0.026442410678889087,0.11937336974491869,4.4035087719298245,0.009541601999977873,0.018902272408594767,0.15572496119998672,0.07894736842105263,0,0.1711709752028755,0.2965097435725406,3.114460912848651,0.9053946941313216,0.0,1.0,0.0,0.3,0.0,0.3,0.0,0.08,0.06578947368421052,0.25190832039999556,0.25190832039999556
300,0.9774707575825966,0.553955347937976,0.9258874482655433,0.5516944829629327,0.24830207056625644,0.5533646303193246,0.8552631578947368,0.42632179527395014,0.42561676954799255,0.14035087719298245,0.5571428571428572,0.39933202045843846,0.3940890651821872,0.10285714285714286,0.05263157894736842,0.03428571428571429,0.3485714285714286,17.297142857142855,0.008771929824561403,0.0,0.026472503242301923,0.11934315912704235,4.4035087719298245,0.009255353939978537,0.01834043695724641,0.15555321236398711,0.07894736842105263,0,0.17125541601973612,0.29502719485467793,3.0864574088773926,0.9142351063470797,0.0,0.9166666666666666,0.0,0.3,0.0,0.3,0.0,0.08,0.05263157894736842,0.25185107078799573,0.25185107078799573
301,0.9763832574202,0.5544716480273688,0.925179019588325,0.5519659669042059,0.24830207056625644,0.5537862309825508,0.8464912280701754,0.42640951457219567,0.42568255902167673,0.14035087719298245,0.5514285714285714,0.3993891633155813,0.39413192232504435,0.10285714285714286,0.07456140350877193,0.05142857142857143,0.3485714285714286,17.32857142857143,0.008771929824561403,0.0,0.026501750329882296,0.11931385482770217,4.4035087719298245,0.00897769332177918,0.017795149164042123,0.1553866159930675,0.07894736842105263,0,0.1713119996503517,0.29355205888040453,3.0761568321284156,0.9780346770582196,0.0,0.9444444444444444,0.0,0.3,0.0,0.3,0.0,0.08,0.07456140350877193,0.25179553866435583,0.25179553866435583
302,0.9776968762670052,0.5547847441235827,0.9260347484371008,0.5520342844275068,0.24830207056625644,0.554173739703942,0.8157894736842105,0.42640951457219567,0.42568255902167673,0.14035087719298245,0.5314285714285715,0.3993891633155813,0.39413192232504435,0.10285714285714286,0.04824561403508772,0.03428571428571429,0.3485714285714286,17.30857142857143,0.008771929824561403,0.0,0.02653017399223443,0.11928542965734222,4.4035087719298245,0.008708362522125803,0.017265930606182978,0.15522501751327547,0.07894736842105263,0,0.17085458393781425,0.2920842985860025,3.0489194097715613,0.9584739835170552,0.0,1.0,0.0,0.3,0.0,0.3,0.0,0.08,0.04824561403508772,0.25174167250442514,0.25174167250442514
303,0.9783433799455199,0.5548858942934177,0.9264558994048191,0.5521398904712876,0.24830207056625644,0.5545080263284564,0.868421052631579,0.42640951457219567,0.42568255902167673,0.14035087719298245,0.5657142857142857,0.3993891633155813,0.39413192232504435,0.10285714285714286,0.06578947368421052,0.045714285714285714,0.3485714285714286,17.33142857142857,0.008771929824561403,0.0,0.02655779580794114,0.11925785724209305,4.4035087719298245,0.008447111646462028,0.016752316163297643,0.1550682669878772,0.07894736842105263,0,0.17037116887526801,0.2906238770930725,3.033655307290416,0.9393045038467139,0.0,1.0,0.0,0.3,0.0,0.3,0.0,0.08,0.06578947368421052,0.2516894223292924,0.2516894223292924
304,0.9773308407231185,0.5555452474175755,0.9257963024256547,0.5527205059881827,0.24830207056625644,0.55475446070753,0.8640350877192983,0.426584953168687,0.42581413796904516,0.14035087719298245,0.5628571428571428,0.39950344902986695,0.3942176366107586,0.10285714285714286,0.07456140350877193,0.054285714285714284,0.3485714285714286,17.325714285714287,0.008771929824561403,0.0,0.026584636887076768,0.11923111199930132,4.4035087719298245,0.008193698297068168,0.01625385367923049,0.1549162189782409,0.07894736842105263,0,0.1705446236205518,0.3068204120687764,3.027267915430322,0.9391488151775591,0.0,0.9473684210526315,0.0,0.3,0.0,0.3,0.0,0.08,0.07456140350877193,0.25163873965941363,0.25163873965941363
305,0.9787352423262519,0.5562365073352042,0.9267111697556957,0.5531022705958658,0.24830207056625644,0.5550943128333056,0.793859649122807,0.4267603917651782,0.4259457169164136,0.14035087719298245,0.5171428571428571,0.39961773474415263,0.3943033508964729,0.10285714285714286,0.07017543859649122,0.045714285714285714,0.3485714285714286,17.325714285714287,0.008771929824561403,0.0,0.026610717875196015,0.11920516911379345,4.4035087719298245,0.007947887348156123,0.01577010363048381,0.15476873240889366,0.07894736842105263,0,0.17063304906673474,0.32845534935690757,3.012436842836001,0.9249184391180277,0.0,0.9375,0.0,0.3,0.0,0.3,0.0,0.08,0.07017543859649122,0.25158957746963123,0.25158957746963123
306,0.9798192904690616,0.5560292042623453,0.9274173496887262,0.5532735946611698,0.24830207056625644,0.5554400812477779,0.8333333333333334,0.4267603917651782,0.4259457169164136,0.14035087719298245,0.5428571428571428,0.39961773474415263,0.3943033508964729,0.10285714285714286,0.05701754385964912,0.037142857142857144,0.3485714285714286,17.33142857142857,0.013157894736842105,0.0,0.026636058957754526,0.11918000451485077,4.4035087719298245,0.0077094507277114385,0.015300638801311273,0.15462567043662687,0.07894736842105263,0,0.17009388382140106,0.32681307261012305,2.9893309631221383,0.9064200703356671,0.0,1.0,0.0,0.3,0.0,0.3,0.0,0.08,0.05701754385964912,0.2515418901455423,0.2515418901455423
307,0.9796211876108377,0.5560669208450054,0.9272882998267975,0.5533141377692475,0.24830207056625644,0.555850866026566,0.7850877192982456,0.4267603917651782,0.4259457169164136,0.14035087719298245,0.5114285714285715,0.39961773474415263,0.3943033508964729,0.10285714285714286,0.08771929824561403,0.06,0.3485714285714286,17.345714285714287,0.013157894736842105,0.0,0.026660679864918962,0.11915559485387628,4.4035087719298245,0.007478167205880095,0.0148450439654505,0.15448690032352805,0.07894736842105263,0,0.1697569858308655,0.32517900724707244,2.989544343859695,0.8882916689289537,0.0,1.0,0.0,0.3,0.0,0.3,0.0,0.08,0.08771929824561403,0.25149563344117604,0.25149563344117604
308,0.9801589656966876,0.5569344539243845,0.9276386238370082,0.5533026896005564,0.24830207056625644,0.5563711514218592,0.7894736842105263,0.4267603917651782,0.4259457169164136,0.14035087719298245,0.5142857142857142,0.39961773474415263,0.3943033508964729,0.10285714285714286,0.06140350877192982,0.045714285714285714,0.3485714285714286,17.34857142857143,0.017543859649122806,0.0,0.026684599876728003,0.11913191748273116,4.4035087719298245,0.007253822189703692,0.014402915574471264,0.15435229331382222,0.07894736842105263,0,0.169165343758854,0.3235531122108371,2.975467742696787,0.8705258355503747,0.0,1.0,0.0,0.3,0.0,0.3,0.0,0.08,0.06140350877192982,0.25145076443794073,0.25145076443794073
309,0.9794471488691118,0.5575225000208126,0.9271749260179016,0.5537277860040323,0.24830207056625644,0.5569960619609945,0.8464912280701754,0.4269358303616694,0.426077295863782,0.14035087719298245,0.5514285714285714,0.3997320204584384,0.3943890651821872,0.10285714285714286,0.06578947368421052,0.045714285714285714,0.3485714285714286,17.334285714285713,0.017543859649122806,0.0,0.026707837828567248,0.11910895043272031,4.4035087719298245,0.007036207524012581,0.01397386145270807,0.15422172451440755,0.07894736842105263,0,0.1697175241650776,0.3219353466497829,2.9616726735571373,0.8746589187973851,0.0,0.875,0.0,0.3,0.0,0.3,0.0,0.08,0.06578947368421052,0.25140724150480254,0.25140724150480254
310,0.9818715632275221,0.5576837682639465,0.9287542587999519,0.553701496794362,0.24830207056625644,0.5576495393182281,0.8464912280701754,0.4269358303616694,0.426077295863782,0.14035087719298245,0.5514285714285714,0.3997320204584384,0.3943890651821872,0.10285714285714286,0.07017543859649122,0.04857142857142857,0.3485714285714286,17.36,0.021929824561403508,0.0,0.026730412116924004,0.11908667239420986,4.4035087719298245,0.006825121298292203,0.013557500498734498,0.15409507277897533,0.07894736842105263,0,0.16932493939782364,0.320325669916534,2.951010648657423,0.8571657404214373,0.0,1.0,0.0,0.3,0.0,0.3,0.0,0.08,0.07017543859649122,0.25136502425965845,0.25136502425965845
311,0.9814445278542535,0.5572732524533911,0.9284760757567941,0.5536579088669563,0.24830207056625644,0.5582237465248049,0.8157894736842105,0.42702354965991507,0.4261430853374662,0.14035087719298245,0.5314285714285715,0.39978916331558123,0.3944319223250443,0.10285714285714286,0.06578947368421052,0.04285714285714286,0.3485714285714286,17.354285714285716,0.017543859649122806,0.0,0.02675234070538997,0.11906506269685464,4.4035087719298245,0.006620367659343437,0.013153462393335258,0.15397222059560606,0.07894736842105263,0,0.16927788612940595,0.31872404156695133,2.9348475785414174,0.8440762230010094,0.0,0.9333333333333333,0.0,0.3,0.0,0.3,0.0,0.08,0.06578947368421052,0.2513240735318687,0.2513240735318687
312,0.9794754476546073,0.5581357895045155,0.9271933606553102,0.554111188652741,0.24830207056625644,0.5586802886539107,0.8245614035087719,0.42702354965991507,0.4261430853374662,0.14035087719298245,0.5371428571428571,0.39978916331558123,0.3944319223250443,0.10285714285714286,0.05263157894736842,0.03428571428571429,0.3485714285714286,17.34857142857143,0.021929824561403508,0.0,0.026773641130881667,0.11904410129042016,4.4035087719298245,0.006421756629563133,0.012761387313916961,0.15385305397773788,0.07894736842105263,0,0.1686599252701875,0.31713042135911657,2.9104363412563035,0.8271946985409891,0.0,1.0,0.0,0.3,0.0,0.3,0.0,0.08,0.05263157894736842,0.25128435132591265,0.25128435132591265
313,0.980408050510275,0.559027199020536,0.9278008848012881,0.5552458795878704,0.24830207056625644,0.559099213009188,0.8289473684210527,0.42702354965991507,0.4261430853374662,0.14035087719298245,0.54,0.39978916331558123,0.3944319223250443,0.10285714285714286,0.04824561403508772,0.03428571428571429,0.3485714285714286,17.365714285714287,0.021929824561403508,0.0,0.026794330510051225,0.1190237687261786,4.4035087719298245,0.006229103930676239,0.012380925655299913,0.15373746235840574,0.07894736842105263,0,0.168385491340283,0.31554476925232094,2.8865133287168914,0.8106508045701694,0.0,1.0,0.0,0.3,0.0,0.3,0.0,0.08,0.04824561403508772,0.2512458207861352,0.2512458207861352
314,0.9806439439336041,0.5584535435850774,0.9279545525170566,0.5546778648468225,0.24830207056625644,0.559444605014514,0.8377192982456141,0.42702354965991507,0.4261430853374662,0.14035087719298245,0.5457142857142857,0.39978916331558123,0.3944319223250443,0.10285714285714286,0.05701754385964912,0.037142857142857144,0.3485714285714286,17.365714285714287,0.021929824561403508,0.0,0.026814425545861054,0.11900404613886438,4.4035087719298245,0.006042230812755952,0.012011737756823071,0.15362533848765356,0.07894736842105263,0,0.16811299673715302,0.31396704540605935,2.8659259192854103,0.794437788478766,0.0,1.0,0.0,0.3,0.0,0.3,0.0,0.08,0.05701754385964912,0.25120844616255117,0.25120844616255117
315,0.9797360201710257,0.5585359213346718,0.9273631050374342,0.5550100644418409,0.24830207056625644,0.5598457657251026,0.8070175438596491,0.42702354965991507,0.4261430853374662,0.14035087719298245,0.5257142857142857,0.39978916331558123,0.3944319223250443,0.10285714285714286,0.06578947368421052,0.045714285714285714,0.3485714285714286,17.34,0.021929824561403508,0.0,0.026833942534298737,0.11898491522916957,4.4035087719298245,0.005860963888373273,0.011653493635690682,0.15351657833302396,0.07894736842105263,0,0.16770057461061008,0.31239721017902905,2.854321686613988,0.7785490327091906,0.0,1.0,0.0,0.3,0.0,0.3,0.0,0.08,0.06578947368421052,0.25117219277767466,0.25117219277767466
316,0.9796762758118664,0.5574815101053845,0.9273241858548962,0.5540157273394252,0.24830207056625644,0.560155874883551,0.8552631578947368,0.42702354965991507,0.4261430853374662,0.14035087719298245,0.5571428571428572,0.39978916331558123,0.3944319223250443,0.10285714285714286,0.06140350877192982,0.04285714285714286,0.3485714285714286,17.345714285714287,0.021929824561403508,0.0,0.026852897371209244,0.11896635824676556,4.4035087719298245,0.005685134971722075,0.011305872726485089,0.15341108098303324,0.07894736842105263,0,0.16723307245184274,0.3108352241281339,2.8400923957388513,0.7629780520550068,0.0,1.0,0.0,0.3,0.0,0.3,0.0,0.08,0.06140350877192982,0.2511370269943444,0.2511370269943444
317,0.9797855633921244,0.5578323243533518,0.9273953789071785,0.5542597327586695,0.24830207056625644,0.5602851344842121,0.8201754385964912,0.42737442685289745,0.42640624323220305,0.14035087719298245,0.5342857142857143,0.40001773474415275,0.39460335089647286,0.10285714285714286,0.06578947368421052,0.045714285714285714,0.3485714285714286,17.345714285714287,0.021929824561403508,0.0,0.026871305559223988,0.11894835797383375,4.4035087719298245,0.005514580922570412,0.010968563626765016,0.15330874855354223,0.07894736842105263,0,0.1676534792324407,0.3092810480074933,2.8290048335383595,0.8370740125490128,0.0,0.875,0.0,0.3,0.0,0.3,0.0,0.08,0.06578947368421052,0.2511029161845141,0.2511029161845141
318,0.9790407013501569,0.5564451849819336,0.9269101544912683,0.5531368748398547,0.24830207056625644,0.5604145770336633,0.8114035087719298,0.42737442685289745,0.42640624323220305,0.14035087719298245,0.5285714285714286,0.40001773474415275,0.39460335089647286,0.10285714285714286,0.07456140350877193,0.04857142857142857,0.3485714285714286,17.345714285714287,0.021929824561403508,0.0,0.026889182214767174,0.11893089770908988,4.4035087719298245,0.0053491434948933,0.010641263848666926,0.15320948609693597,0.07894736842105263,0,0.16715707183270706,0.3077346427674558,2.8209961654390208,0.8203325322980325,0.0,1.0,0.0,0.3,0.0,0.3,0.0,0.08,0.07456140350877193,0.25106982869897865,0.25106982869897865
319,0.9779830490047672,0.5569455219593217,0.926221169534843,0.553551816703657,0.24830207056625644,0.5604746226703324,0.8114035087719298,0.42737442685289745,0.42640624323220305,0.14035087719298245,0.5285714285714286,0.40001773474415275,0.39460335089647286,0.10285714285714286,0.05263157894736842,0.03428571428571429,0.3485714285714286,17.345714285714287,0.008771929824561403,0.0,0.02690654207512163,0.11891396125228826,4.4035087719298245,0.005188669190046501,0.010323679576421774,0.1531132015140279,0.07894736842105263,0,0.16680585861640065,0.30619596955361855,2.7988619564159545,0.8039258816520719,0.0,1.0,0.0,0.3,0.0,0.3,0.0,0.08,0.05263157894736842,0.2510377338380093,0.2510377338380093
320,0.9791818598083059,0.5576947381623969,0.9270021091440054,0.5535880533242409,0.24830207056625644,0.5604162306424205,0.7894736842105263,0.42737442685289745,0.42640624323220305,0.14035087719298245,0.5142857142857142,0.40001773474415275,0.39460335089647286,0.10285714285714286,0.07017543859649122,0.04857142857142857,0.3485714285714286,17.32,0.013157894736842105,0.0,0.026923399505537536,0.11889753288919076,4.4035087719298245,0.005033009114345106,0.010015525429698746,0.15301980546860705,0.07894736842105263,0,0.16634282932331865,0.30466498970585043,2.7914561458590637,0.7878473640190304,0.0,1.0,0.0,0.3,0.0,0.3,0.0,0.08,0.07017543859649122,0.25100660182286905,0.25100660182286905
321,0.9782130320511038,0.5569521975865463,0.9263709870621707,0.5533372001705319,0.24830207056625644,0.5603861202263097,0.8464912280701754,0.4274621461511431,0.42647203270588724,0.14035087719298245,0.5514285714285714,0.40007487760129556,0.39464620803933004,0.10285714285714286,0.04824561403508772,0.037142857142857144,0.3485714285714286,17.325714285714287,0.008771929824561403,0.0,0.019249371901038575,0.12945153205918286,4.4035087719298245,0.10503300911434511,0.18946926559954713,0.21301980546860705,0.07894736842105263,0,0.1661966866052735,0.3115253936130502,2.7727698800847396,0.78729174066349,0.0,0.9230769230769231,0.0,0.3,0.0,0.3,0.0,0.08,0.04824561403508772,0.271006601822869,0.271006601822869
322,0.9786786052762213,0.556616530166616,0.9266742747631044,0.5528734462632093,0.24830207056625644,0.5602736824341376,0.7850877192982456,0.4274621461511431,0.42647203270588724,0.14035087719298245,0.5114285714285715,0.40007487760129556,0.39464620803933004,0.10285714285714286,0.06140350877192982,0.045714285714285714,0.3485714285714286,17.32857142857143,0.013157894736842105,0.0,0.019410806593360176,0.12911897657187849,4.4035087719298245,0.10188201884091476,0.1843451877176906,0.21112921130454884,0.07894736842105263,0,0.16584984959724713,0.30996776664498493,2.763028768197331,0.7715459058502201,0.0,1.0,0.0,0.3,0.0,0.3,0.0,0.08,0.06140350877192982,0.27037640376818295,0.27037640376818295
323,0.9789630113871334,0.5565826275931198,0.9268595450296415,0.552787470233455,0.24830207056625644,0.5601646699259574,0.8245614035087719,0.4276375847476343,0.42660361165325567,0.14473684210526316,0.5371428571428571,0.40018916331558135,0.39473192232504434,0.10571428571428572,0.06140350877192982,0.04285714285714286,0.3485714285714286,17.334285714285713,0.0043859649122807015,0.0,0.019571485428461113,0.12879639774919324,4.4035087719298245,0.09882555827568731,0.17934388346528107,0.2092953349654124,0.07894736842105263,0,0.16610121438240125,0.31295514958473786,2.7506253356905264,0.7790068360257123,0.0,0.9333333333333333,0.0,0.3,0.0,0.3,0.0,0.08,0.06140350877192982,0.26976511165513745,0.26976511165513745
324,0.9791027867184325,0.5568252610939315,0.9269505986740307,0.553634574539652,0.24830207056625644,0.559975572464587,0.8245614035087719,0.4276375847476343,0.42660361165325567,0.14473684210526316,0.5371428571428571,0.40018916331558135,0.39473192232504434,0.10571428571428572,0.06578947368421052,0.045714285714285714,0.3485714285714286,17.325714285714287,0.0043859649122807015,0.0,0.019731267156599244,0.12848349629118852,4.4035087719298245,0.0958607915274167,0.17446332010095666,0.20751647491645,0.07894736842105263,0,0.16572656830691782,0.3113903738368142,2.741327114691002,0.763426699305198,0.0,1.0,0.0,0.3,0.0,0.3,0.0,0.08,0.06578947368421052,0.26917215830548336,0.26917215830548336
325,0.9780284001675729,0.5572048150944247,0.926250712578042,0.5534156129873994,0.24830207056625644,0.5598125260082895,0.8508771929824561,0.4276375847476343,0.42660361165325567,0.14473684210526316,0.5542857142857143,0.40018916331558135,0.39473192232504434,0.10571428571428572,0.08333333333333333,0.054285714285714284,0.3485714285714286,17.35142857142857,0.0043859649122807015,0.0,0.019890018479123167,0.128179981876924,4.4035087719298245,0.0929849677815942,0.16970144293480105,0.2057909806689565,0.07894736842105263,0,0.16529750689395464,0.30983342196763014,2.7407862866828965,0.7481581653190941,0.0,1.0,0.0,0.3,0.0,0.3,0.0,0.08,0.08333333333333333,0.26859699355631883,0.26859699355631883
326,0.9779933496558786,0.5579808867681562,0.9262278796732812,0.5537453380805647,0.24830207056625644,0.5596433193321343,0.8070175438596491,0.4276375847476343,0.42660361165325567,0.14473684210526316,0.5257142857142857,0.40018916331558135,0.39473192232504434,0.10571428571428572,0.07894736842105263,0.054285714285714284,0.3485714285714286,17.354285714285716,0.0043859649122807015,0.0,0.020047614012258602,0.1278855728950874,4.4035087719298245,0.09019541874814636,0.16505617971978281,0.2041172512488878,0.07894736842105263,0,0.1649557350737706,0.308284254857792,2.740256275234952,0.7331950020127121,0.0,1.0,0.0,0.3,0.0,0.3,0.0,0.08,0.07894736842105263,0.26803908374962926,0.26803908374962926
327,0.9784707834968632,0.5580389713491821,0.9265388937182656,0.5537424098898701,0.24830207056625644,0.5597490900745122,0.8552631578947368,0.4276375847476343,0.42660361165325567,0.14473684210526316,0.5571428571428572,0.40018916331558135,0.39473192232504434,0.10571428571428572,0.04824561403508772,0.03428571428571429,0.3485714285714286,17.35142857142857,0.0043859649122807015,0.0,0.020203936215287256,0.1275999961827059,4.4035087719298245,0.08748955618570196,0.16052544478119457,0.20249373371142118,0.07894736842105263,0,0.1642738135412589,0.306742833583503,2.719736864015968,0.7185311019724578,0.0,1.0,0.0,0.3,0.0,0.3,0.0,0.08,0.04824561403508772,0.2674979112371404,0.2674979112371404
328,0.9791206068142728,0.557986033548782,0.926061607316837,0.5538924899780521,0.24830207056625644,0.5598710901091772,0.8149779735682819,0.4251161644161261,0.4240776363741952,0.14096916299559473,0.5285714285714286,0.40018916331558135,0.39473192232504434,0.10571428571428572,0.05286343612334802,0.037142857142857144,0.3514285714285714,17.322857142857142,0.004405286343612335,0.002857142857142857,0.02037863494581468,0.12732298677169582,4.343612334801762,0.0848648695001309,0.15610714289299887,0.20091892170007852,0.07929515418502203,0,0.1639648766128383,0.30520911941558554,2.7024849838785054,0.7041604799330087,0.0,1.0,0.0,0.3,0.0,0.3,0.0,0.08,0.05701754385964912,0.26697297390002617,0.26697297390002617
329,0.978792915390277,0.5565918284460206,0.9258490760218454,0.5526345300284122,0.24830207056625644,0.5602437734925085,0.8237885462555066,0.4251161644161261,0.4240776363741952,0.14096916299559473,0.5342857142857143,0.40018916331558135,0.39473192232504434,0.10571428571428572,0.05726872246696035,0.04,0.3514285714285714,17.31142857142857,0.004405286343612335,0.0,0.020543638273797776,0.12705428764301607,4.343612334801762,0.08231892341512698,0.15179917291011336,0.19939135404907618,0.07929515418502203,0,0.1636289136547741,0.3036830738185076,2.6884352842009354,0.6900772703343485,0.0,1.0,0.0,0.3,0.0,0.3,0.0,0.08,0.05726872246696035,0.2664637846830254,0.2664637846830254
330,0.9802277578752745,0.5567716577732312,0.9267796738621153,0.5525670479776933,0.24830207056625644,0.5605611949526552,0.8061674008810573,0.4252923758698707,0.42420979496450356,0.14096916299559473,0.5228571428571429,0.400303449029867,0.39481763661075864,0.10571428571428572,0.06607929515418502,0.04285714285714286,0.3514285714285714,17.291428571428572,0.004405286343612335,0.0,0.020696147081483315,0.12679364948819669,4.343612334801762,0.07984935571267317,0.14759943116573326,0.19790961342760388,0.07929515418502203,0,0.16403848408650024,0.3021646584494151,2.6775237213740595,0.7016442916698863,0.0,0.8666666666666667,0.0,0.3,0.0,0.3,0.0,0.08,0.06607929515418502,0.2659698711425346,0.2659698711425346
331,0.9791700595718178,0.5566259679125157,0.9260936809624448,0.5520823270351829,0.24830207056625644,0.5608670656012739,0.7841409691629956,0.4254685873236151,0.4243419535548119,0.14096916299559473,0.5085714285714286,0.4004177347441527,0.39490335089647294,0.10571428571428572,0.05726872246696035,0.037142857142857144,0.3514285714285714,17.302857142857142,0.004405286343612335,0.0,0.020846978865916542,0.12654083047802187,4.343612334801762,0.07745387504129297,0.14350581464281253,0.19647232502477577,0.07929515418502203,0,0.16413044236251417,0.30065383515716804,2.661116104089435,0.6876114058364886,0.0,0.9230769230769231,0.0,0.3,0.0,0.3,0.0,0.08,0.05726872246696035,0.2654907750082586,0.2654907750082586
332,0.9797851977476248,0.5582021435635794,0.9264926420078966,0.5529123914808193,0.24830207056625644,0.5612342762671318,0.8590308370044053,0.42564479877735956,0.4244741121451203,0.14096916299559473,0.5571428571428572,0.4005320204584385,0.39498906518218724,0.10571428571428572,0.07929515418502203,0.05142857142857143,0.3514285714285714,17.291428571428572,0.004405286343612335,0.0,0.020996053040004188,0.1262955960381524,4.343612334801762,0.07513025879005418,0.13951622392880558,0.1950781552740325,0.07929515418502203,0,0.16427964943641588,0.2991505659813822,2.659322353436218,0.7252416342198609,0.0,0.9444444444444444,0.0,0.3,0.0,0.3,0.0,0.08,0.07929515418502203,0.26502605175801086,0.26502605175801086
333,0.9792949808854756,0.5590678724388396,0.9261747013573027,0.5533743530404598,0.24830207056625644,0.5615495534882889,0.8414096916299559,0.42564479877735956,0.4244741121451203,0.14096916299559473,0.5457142857142857,0.4005320204584385,0.39498906518218724,0.10571428571428572,0.05726872246696035,0.037142857142857144,0.3514285714285714,17.31142857142857,0.004405286343612335,0.0,0.021143295917527213,0.12605771863147888,4.343612334801762,0.07287635102635255,0.13562856596270934,0.1937258106158115,0.07929515418502203,0,0.1637152511892338,0.2976548131514753,2.6432787635103505,0.7107368015354636,0.0,1.0,0.0,0.3,0.0,0.3,0.0,0.08,0.05726872246696035,0.2645752702052705,0.2645752702052705
334,0.9790030556419207,0.5595396659109984,0.9259853669850543,0.5536034393334521,0.24830207056625644,0.5619030990045609,0.8722466960352423,0.425821010231104,0.42460627073542867,0.14096916299559473,0.5657142857142857,0.4006463061727242,0.3950747794679015,0.10571428571428572,0.07488986784140969,0.04857142857142857,0.3514285714285714,17.28857142857143,0.00881057268722467,0.0,0.02128864049033052,0.12582697754700561,4.343612334801762,0.07069006049556198,0.1318407565833598,0.19241403629733717,0.07929515418502203,0,0.16386681921900192,0.2961665390857179,2.6389846168115723,0.7097493688788484,0.0,0.9411764705882353,0.0,0.3,0.0,0.3,0.0,0.08,0.07488986784140969,0.2641380120991124,0.2641380120991124
335,0.9798822464084428,0.5594187109137523,0.9265555849964845,0.553161780298265,0.24830207056625644,0.5622259989776407,0.8590308370044053,0.4259091159579763,0.4246723500305828,0.14096916299559473,0.5571428571428572,0.400703449029867,0.3951176366107586,0.10571428571428572,0.048458149779735685,0.03142857142857143,0.3514285714285714,17.302857142857142,0.004405286343612335,0.0,0.02143202619574609,0.12560315869506655,4.343612334801762,0.06856935868069512,0.12815072288781204,0.19114161520841708,0.07929515418502203,0,0.16384592081935337,0.2957613130647777,2.617633495903912,0.7020812118008916,0.0,0.9090909090909091,0.0,0.3,0.0,0.3,0.0,0.08,0.048458149779735685,0.263713871736139,0.263713871736139
336,0.9812601666130981,0.5601355452913429,0.9274492646720751,0.5539162535146769,0.24830207056625644,0.5623718642755093,0.8766519823788547,0.4259091159579763,0.4246723500305828,0.14096916299559473,0.5685714285714286,0.400703449029867,0.3951176366107586,0.10571428571428572,0.05726872246696035,0.037142857142857144,0.3514285714285714,17.305714285714284,0.00881057268722467,0.0,0.02157339867649584,0.12538605440868578,4.343612334801762,0.06651227792027427,0.12455640540849067,0.18990736675216455,0.07929515418502203,0,0.1634539797831137,0.29428250649945376,2.602423683128691,0.6880395875648737,0.0,1.0,0.0,0.3,0.0,0.3,0.0,0.08,0.05726872246696035,0.26330245558405485,0.26330245558405485
337,0.9803200854585787,0.5599574133533067,0.9268395548947154,0.5541800280488249,0.24830207056625644,0.5624604959574089,0.9162995594713657,0.4259091159579763,0.4246723500305828,0.14096916299559473,0.5942857142857143,0.400703449029867,0.3951176366107586,0.10571428571428572,0.06607929515418502,0.04285714285714286,0.3514285714285714,17.297142857142855,0.00881057268722467,0.0,0.021712709535115674,0.1251754632508963,4.343612334801762,0.06451690958266604,0.12105576011762875,0.1887101457495996,0.07929515418502203,0,0.1629221384556267,0.2928110939669565,2.59323235232326,0.6742787958135762,0.0,1.0,0.0,0.3,0.0,0.3,0.0,0.08,0.06607929515418502,0.26290338191653323,0.26290338191653323
338,0.9801504695457831,0.5607925747209838,0.9267295468598451,0.5551034595436859,0.24830207056625644,0.562415401860698,0.8722466960352423,0.4260853274117208,0.4246723500305828,0.14096916299559473,0.5657142857142857,0.4008177347441527,0.3951176366107586,0.10571428571428572,0.05726872246696035,0.037142857142857144,0.3514285714285714,17.297142857142855,0.00881057268722467,0.0,0.02184991608474623,0.12497118982784049,4.343612334801762,0.06258140229518605,0.11764676026733134,0.1875488413771116,0.07929515418502203,0,0.16279309919192003,0.29134703849712174,2.578510562419652,0.6958754187151553,0.0,0.9230769230769231,0.0,0.3,0.0,0.3,0.0,0.08,0.05726872246696035,0.2625162804590372,0.2625162804590372
339,0.9808874977986705,0.5597461577045774,0.9272075623267177,0.5548087233708936,0.24830207056625644,0.5624608316596883,0.8634361233480177,0.4260853274117208,0.4246723500305828,0.14096916299559473,0.56,0.4008177347441527,0.3951176366107586,0.10571428571428572,0.06607929515418502,0.04285714285714286,0.3514285714285714,17.282857142857143,0.00881057268722467,0.0,0.021984981097950253,0.12477304460747639,4.343612334801762,0.06070396022633047,0.11432739807339232,0.18642237613579826,0.07929515418502203,0,0.16266100651742468,0.2898903033046361,2.5697974940284016,0.6819579103408522,0.0,1.0,0.0,0.3,0.0,0.3,0.0,0.08,0.06607929515418502,0.2621407920452661,0.2621407920452661
340,0.9803685660021255,0.5591566507273311,0.9268709979901015,0.5541421909334228,0.24830207056625644,0.5625876566346182,0.8678414096916299,0.42617343313859307,0.4247384293257371,0.14096916299559473,0.5628571428571428,0.4008748776012955,0.3951604937536158,0.10571428571428572,0.06607929515418502,0.04857142857142857,0.3514285714285714,17.30857142857143,0.00881057268722467,0.0,0.02211787255504023,0.12458084374372323,4.343612334801762,0.05888284141954055,0.11109568625078814,0.18532970485172434,0.07929515418502203,0,0.16267470860985545,0.2884408517881129,2.5669729727192623,0.770088639908626,0.0,0.9411764705882353,0.0,0.3,0.0,0.3,0.0,0.08,0.06607929515418502,0.2617765682839081,0.2617765682839081
341,0.9811587507882229,0.5592738044454589,0.9273834892656562,0.5546378474478451,0.24830207056625644,0.562744994492204,0.8766519823788547,0.42617343313859307,0.4247384293257371,0.14096916299559473,0.5685714285714286,0.4008748776012955,0.3951604937536158,0.10571428571428572,0.08370044052863436,0.05714285714285714,0.3514285714285714,17.297142857142855,0.00881057268722467,0.0,0.022248563393235356,0.12439440890588262,4.343612334801762,0.05711635617695433,0.10794965940854029,0.1842698137061726,0.07929515418502203,0,0.1624865027993234,0.28699864752917237,2.5727763704077344,0.7546868671104534,0.0,1.0,0.0,0.3,0.0,0.3,0.0,0.08,0.08370044052863436,0.2614232712353909,0.2614232712353909
342,0.980227263872528,0.5591324255216509,0.9267098538583972,0.5550573248442927,0.24830207056625644,0.5628921863727641,0.9026548672566371,0.4273328135075025,0.425174140281481,0.1415929203539823,0.5828571428571429,0.40110344902986705,0.3953319223250444,0.10571428571428572,0.06637168141592921,0.045714285714285714,0.35428571428571426,17.28857142857143,0.008849557522123894,0.002857142857142857,0.022417823571243528,0.12421356711317723,4.256637168141593,0.0554028654916457,0.10488737531141057,0.18324171929498742,0.07964601769911504,0,0.16287321599604107,0.28556365429152647,2.5670351287138655,0.7526555245807781,0.0,0.875,0.0,0.3,0.0,0.3,0.0,0.08,0.07048458149779736,0.26108057309832916,0.26108057309832916
343,0.9822375840513919,0.5589805814855796,0.9280079463167492,0.5546850941217781,0.24830207056625644,0.5629807053313838,0.8584070796460177,0.4273328135075025,0.425174140281481,0.1415929203539823,0.5542857142857143,0.40110344902986705,0.3953319223250444,0.10571428571428572,0.05752212389380531,0.04,0.35428571428571426,17.291428571428572,0.008849557522123894,0.0,0.02256196946545158,0.12403815057425309,4.256637168141593,0.05374077952689633,0.10190691601565216,0.18224446771613778,0.07964601769911504,0,0.162429138483918,0.2841358360200688,2.5556944261395875,0.7376024140891625,0.0,1.0,0.0,0.3,0.0,0.3,0.0,0.08,0.05752212389380531,0.26074815590537925,0.26074815590537925
344,0.9806547591841949,0.5586388778277726,0.9269858936882163,0.5541237841435271,0.24830207056625644,0.5630875556293853,0.8628318584070797,0.42742130908272374,0.4252405119628969,0.1415929203539823,0.5571428571428572,0.40116059188700987,0.39537477946790156,0.10571428571428572,0.07079646017699115,0.045714285714285714,0.35428571428571426,17.265714285714285,0.008849557522123894,0.0,0.02268667839504765,0.12386799653149659,4.256637168141593,0.05212855614108944,0.0990063888857986,0.18127713368465365,0.07964601769911504,0,0.1624729942200698,0.2827151568399685,2.5502948233310816,0.7228503658073793,0.0,0.9375,0.0,0.3,0.0,0.3,0.0,0.08,0.07079646017699115,0.2604257112282179,0.2604257112282179
345,0.9809196074166578,0.5592400495282932,0.9271569099754638,0.5547783219111878,0.24830207056625644,0.5631915878860434,0.8539823008849557,0.42742130908272374,0.4252405119628969,0.1415929203539823,0.5514285714285714,0.40116059188700987,0.39537477946790156,0.10571428571428572,0.05309734513274336,0.03428571428571429,0.35428571428571426,17.262857142857143,0.004424778761061947,0.0,0.022809107657729883,0.1237029471100228,4.256637168141593,0.05056469945685675,0.09618392749922455,0.18033881967411405,0.07964601769911504,0,0.16208734781682663,0.28130158105576863,2.533574641150174,0.7083933584912316,0.0,1.0,0.0,0.3,0.0,0.3,0.0,0.08,0.05309734513274336,0.26011293989137135,0.26011293989137135
346,0.9799829183142218,0.5602756620277937,0.926552076440748,0.5558940687944679,0.24830207056625644,0.5632330614576444,0.8584070796460177,0.42742130908272374,0.4252405119628969,0.1415929203539823,0.5542857142857143,0.40116059188700987,0.39537477946790156,0.10571428571428572,0.05309734513274336,0.03428571428571429,0.35428571428571426,17.262857142857143,0.004424778761061947,0.0,0.022929251411560263,0.1235428491711932,4.256637168141593,0.04904775847315105,0.09343769244496569,0.1794286550838906,0.07964601769911504,0,0.16167605464917106,0.2798950731504898,2.5171888626128847,0.694225491321407,0.0,1.0,0.0,0.3,0.0,0.3,0.0,0.08,0.05309734513274336,0.2598095516946302,0.2598095516946302
347,0.9802214100686012,0.5607967817143741,0.9267060739735759,0.5562813337347968,0.24830207056625644,0.563361320464583,0.8230088495575221,0.42742130908272374,0.4252405119628969,0.1415929203539823,0.5314285714285715,0.40116059188700987,0.39537477946790156,0.10571428571428572,0.05752212389380531,0.037142857142857144,0.35428571428571426,17.268571428571427,0.004424778761061947,0.0,0.023047107355771368,0.12338755417052852,4.256637168141593,0.047576325718956515,0.09076587202303954,0.1785457954313739,0.07964601769911504,0,0.16143682222949665,0.27849559778473737,2.503987942503484,0.6803409814949789,0.0,1.0,0.0,0.3,0.0,0.3,0.0,0.08,0.05752212389380531,0.2595152651437913,0.2595152651437913
348,0.9789089893239943,0.561035452651519,0.9258586251499153,0.5561819939410863,0.24830207056625644,0.5636119759903833,0.8230088495575221,0.42759830023316625,0.4253732553257288,0.1415929203539823,0.5314285714285715,0.40127487760129554,0.39546049375361575,0.10571428571428572,0.04424778761061947,0.02857142857142857,0.35428571428571426,17.251428571428573,0.004424778761061947,0.0,0.02316267650963976,0.12323691801988379,4.256637168141593,0.04614903594738782,0.08816668285025797,0.17768942156843268,0.07964601769911504,0,0.16177192454692058,0.2833589088769476,2.4824796122248434,0.7093970886615324,0.0,0.8,0.0,0.3,0.0,0.3,0.0,0.08,0.04424778761061947,0.2592298071894776,0.2592298071894776
349,0.9790748047783454,0.5609449652335535,0.925965694557582,0.5561308446484662,0.24830207056625644,0.5638238319425909,0.8539823008849557,0.4276867958083875,0.4254396270071447,0.1415929203539823,0.5514285714285714,0.4013320204584384,0.3955033508964729,0.10571428571428572,0.06637168141592921,0.04285714285714286,0.35428571428571426,17.251428571428573,0.004424778761061947,0.0,0.023275962998109564,0.12309080095375836,4.256637168141593,0.044764564868966183,0.08563837037828248,0.1768587389213797,0.07964601769911504,0,0.161791064924186,0.2819421143325629,2.475687162837489,0.6952091468883018,0.0,0.9333333333333333,0.0,0.3,0.0,0.3,0.0,0.08,0.06637168141592921,0.25895291297379325,0.25895291297379325
350,0.9801631299754993,0.5613061200740808,0.9266684416848872,0.5559522096729443,0.24830207056625644,0.5639393626342215,0.8407079646017699,0.42812927368449366,0.42577148541422427,0.1415929203539823,0.5428571428571428,0.4016177347441527,0.3957176366107587,0.10571428571428572,0.07079646017699115,0.045714285714285714,0.35428571428571426,17.271428571428572,0.004424778761061947,0.0,0.023386973844454137,0.12294906739961675,4.256637168141593,0.043421627922897194,0.08317920932942868,0.17605297675373832,0.07964601769911504,0,0.16266682673885074,0.28053240376090005,2.4718877052950248,0.8005545161709532,0.0,0.8125,0.0,0.3,0.0,0.3,0.0,0.08,0.07079646017699115,0.25868432558457943,0.25868432558457943
351,0.9810302509571395,0.5599865002547116,0.927273803280805,0.5549425302199787,0.24830207056625644,0.5639859617292248,0.8533333333333334,0.42913094654592904,0.4268125641076417,0.14222222222222222,0.5485714285714286,0.4016748776012956,0.3957604937536158,0.10571428571428572,0.07111111111111111,0.04857142857142857,0.35714285714285715,17.302857142857142,0.0,0.002857142857142857,0.023493022266885242,0.12281158585209934,4.257777777777778,0.04211897908521028,0.08078750405548829,0.17527138745112616,0.08,0,0.16279336399804936,0.2791297417420956,2.4710213797605527,0.8340859117136599,0.0,0.9411764705882353,0.0,0.3,0.0,0.3,0.0,0.08,0.07079646017699115,0.25842379581704206,0.25842379581704206
352,0.9811954151526107,0.5598368560301431,0.9273799802636078,0.5551436625515294,0.24830207056625644,0.5639619187711794,0.8622222222222222,0.4293087243237068,0.42694589744097494,0.14222222222222222,0.5542857142857143,0.40178916331558134,0.3958462080393301,0.10571428571428572,0.06222222222222222,0.04,0.35714285714285715,17.31714285714286,0.0,0.0,0.023599487570776345,0.12267822875100753,4.257777777777778,0.040855409712653966,0.07846158882460419,0.17451324582759237,0.08,0,0.16275011217805913,0.32282256384652686,2.461600952165342,0.823025326937486,0.0,0.9285714285714286,0.0,0.3,0.0,0.3,0.0,0.08,0.06222222222222222,0.2581710819425308,0.2581710819425308
353,0.9808464258990222,0.559225863836411,0.927155630029158,0.5548493619804542,0.24830207056625644,0.5639759319864965,0.8577777777777778,0.4293087243237068,0.42694589744097494,0.14222222222222222,0.5514285714285714,0.40178916331558134,0.3958462080393301,0.10571428571428572,0.05333333333333334,0.03428571428571429,0.35714285714285715,17.32857142857143,0.0,0.0,0.023703714329276076,0.12254887236294841,4.257777777777778,0.03962974742127435,0.07619982804100356,0.17377784845276462,0.08,0,0.1622785051885974,0.32120845102729423,2.4466546474077493,0.8065648203987362,0.0,1.0,0.0,0.3,0.0,0.3,0.0,0.08,0.05333333333333334,0.25792594948425485,0.25792594948425485
354,0.9805916433462446,0.5593471806481385,0.9269918412452296,0.5552238291570796,0.24830207056625644,0.5639236416628827,0.8133333333333334,0.4294865021014846,0.4270792307743083,0.14222222222222222,0.5228571428571429,0.40190344902986697,0.39593192232504437,0.10571428571428572,0.06666666666666667,0.04285714285714286,0.35714285714285715,17.36,0.0044444444444444444,0.0,0.02380571922467399,0.12242339666653106,4.257777777777778,0.038440854998636115,0.07400061640217215,0.17306451299918166,0.08,0,0.1623515440876544,0.31960240877215773,2.4405786973167367,0.8135483629924507,0.0,0.9333333333333333,0.0,0.3,0.0,0.3,0.0,0.08,0.06666666666666667,0.25768817099972724,0.25768817099972724
355,0.9793547424811322,0.5592707773924273,0.9261966906890857,0.5555105014452889,0.24830207056625644,0.5638386121550206,0.8266666666666667,0.4294865021014846,0.4270792307743083,0.14222222222222222,0.5314285714285715,0.40190344902986697,0.39593192232504437,0.10571428571428572,0.057777777777777775,0.037142857142857144,0.35714285714285715,17.374285714285715,0.008888888888888889,0.0,0.023905520911727072,0.12230168524100621,4.257777777777778,0.03728762934867703,0.07186237899783066,0.1723725776092062,0.08,0,0.1618816463636447,0.31800439672829695,2.428909980513259,0.7972773957326017,0.0,1.0,0.0,0.3,0.0,0.3,0.0,0.08,0.057777777777777775,0.2574575258697354,0.2574575258697354
356,0.9788511397542111,0.5604630918117742,0.9258729460789226,0.5565700771087443,0.24830207056625644,0.5637374945543383,0.8444444444444444,0.4295753909903735,0.42714589744097503,0.14222222222222222,0.5428571428571428,0.40196059188700983,0.3959747794679015,0.10571428571428572,0.07555555555555556,0.04857142857142857,0.35714285714285715,17.374285714285715,0.0044444444444444444,0.0,0.02400313985518312,0.12218362515824711,4.257777777777778,0.036169000468216715,0.06978357135486657,0.17170140028093003,0.08,0,0.16190009598896934,0.31641437474465545,2.4289032094744227,0.7813318478179496,0.0,0.9411764705882353,0.0,0.3,0.0,0.3,0.0,0.08,0.07555555555555556,0.25723380009364333,0.25723380009364333
357,0.9773194856622218,0.5602725980788013,0.9248883113055006,0.5567158643015845,0.24830207056625644,0.5637173336910967,0.8577777777777778,0.4296642798792623,0.42721256410764163,0.14222222222222222,0.5514285714285714,0.40201773474415275,0.39601763661075867,0.10571428571428572,0.05333333333333334,0.037142857142857144,0.35714285714285715,17.39142857142857,0.008888888888888889,0.0,0.024098598174761857,0.12206910687797087,4.257777777777778,0.035083930454170215,0.06776267943216419,0.17105035827250212,0.08,0,0.16197375331270297,0.3224521957976455,2.4174680024277913,0.7698193237781583,0.0,0.9230769230769231,0.0,0.3,0.0,0.3,0.0,0.08,0.05333333333333334,0.25701678609083406,0.25701678609083406
358,0.9815117012911041,0.5612922028663667,0.927583307066925,0.557182443348157,0.24830207056625644,0.563734497566932,0.7955555555555556,0.4296642798792623,0.42721256410764163,0.14222222222222222,0.5114285714285715,0.40201773474415275,0.39601763661075867,0.10571428571428572,0.06222222222222222,0.045714285714285714,0.35714285714285715,17.39142857142857,0.013333333333333334,0.0,0.02419191949749674,0.12195802414610289,4.257777777777778,0.034031412540545106,0.06579821956907816,0.17041884752432707,0.08,0,0.16164831597113946,0.32083993481865725,2.4148329280935212,0.7544229373025951,0.0,1.0,0.0,0.3,0.0,0.3,0.0,0.08,0.06222222222222222,0.256806282508109,0.256806282508109
359,0.9817194446428991,0.5619612640936625,0.9277168563645075,0.5577005271490201,0.24830207056625644,0.563777403164345,0.8088888888888889,0.4296642798792623,0.42721256410764163,0.14222222222222222,0.52,0.40201773474415275,0.39601763661075867,0.10571428571428572,0.07555555555555556,0.04857142857142857,0.35714285714285715,17.408571428571427,0.013333333333333334,0.0,0.024283128817314238,0.12185027389619087,4.257777777777778,0.03301047016432875,0.06388873839110187,0.16980628209859724,0.08,0,0.16118278867699803,0.319235735144564,2.4151076981030797,0.7393344785565432,0.0,1.0,0.0,0.3,0.0,0.3,0.0,0.08,0.07555555555555556,0.25660209403286577,0.25660209403286577
360,0.982419014940766,0.5612778745601542,0.927951453660252,0.557341326663727,0.24830207056625644,0.5639761428369569,0.8482142857142857,0.4297433107199865,0.4281208974654406,0.14285714285714285,0.5428571428571428,0.40201773474415275,0.39601763661075867,0.10571428571428572,0.06696428571428571,0.04285714285714286,0.36,17.422857142857143,0.004464285714285714,0.002857142857142857,0.024370508320206295,0.12174575615377627,4.241071428571429,0.03202015605939889,0.062032812676094284,0.16921209363563933,0.08035714285714286,0,0.16066216116218449,0.3176395564688412,2.4096626869981606,0.7245477889854124,0.0,1.0,0.0,0.3,0.0,0.3,0.0,0.08,0.06666666666666667,0.25640403121187977,0.25640403121187977
361,0.9803703542666092,0.5615689763819486,0.9266403108287916,0.5575224419208016,0.24830207056625644,0.5639697832647401,0.875,0.429921882148558,0.42825482603686915,0.14285714285714285,0.56,0.4021320204584384,0.39610335089647297,0.10571428571428572,0.08928571428571429,0.06,0.36,17.451428571428572,0.013392857142857142,0.0,0.024471727192611935,0.12164437394363413,4.241071428571429,0.03105955137761692,0.060229049184251204,0.16863573082657016,0.08035714285714286,0,0.16110253610257125,0.316051358686497,2.421469433258197,0.7304093629614099,0.0,0.9523809523809523,0.0,0.3,0.0,0.3,0.0,0.08,0.08928571428571429,0.25621191027552337,0.25621191027552337
362,0.9793109444392113,0.5618573225738617,0.9259622885392569,0.5577304131408428,0.24830207056625644,0.5641865478769503,0.8303571428571429,0.429921882148558,0.42825482603686915,0.14285714285714285,0.5314285714285715,0.4021320204584384,0.39610335089647297,0.10571428571428572,0.05803571428571429,0.037142857142857144,0.36,17.46,0.004464285714285714,0.0,0.024556847944265037,0.12154603319979618,4.241071428571429,0.030127764836288415,0.05847608445482888,0.16807665890177304,0.08035714285714286,0,0.16058230985062982,0.3144711018930645,2.4101829017358907,0.7158011757021816,0.0,1.0,0.0,0.3,0.0,0.3,0.0,0.08,0.05803571428571429,0.2560255529672577,0.2560255529672577
363,0.9817148746704717,0.5610793497722245,0.9275008038872637,0.5578667925452734,0.24830207056625644,0.5644515051452766,0.8348214285714286,0.429921882148558,0.42825482603686915,0.14285714285714285,0.5342857142857143,0.4021320204584384,0.39610335089647297,0.10571428571428572,0.05803571428571429,0.04,0.36,17.48,0.008928571428571428,0.0,0.024639965616336527,0.1214506426782734,4.241071428571429,0.02922393189119976,0.05677258457246703,0.16753435913471984,0.08035714285714286,0,0.16023525829780527,0.31289874638359916,2.401979243701173,0.701485152188138,0.0,1.0,0.0,0.3,0.0,0.3,0.0,0.08,0.05803571428571429,0.25584478637823993,0.25584478637823993
364,0.9811355404072793,0.5606680530257183,0.9271300299588205,0.5579670856204476,0.24830207056625644,0.5645286121980042,0.8482142857142857,0.429921882148558,0.42825482603686915,0.14285714285714285,0.5428571428571428,0.4021320204584384,0.39610335089647297,0.10571428571428572,0.05357142857142857,0.03428571428571429,0.36,17.49142857142857,0.013392857142857142,0.0,0.024721110214115605,0.12135811387239627,4.241071428571429,0.028347213934463766,0.05511724490579173,0.16700832836067825,0.08035714285714286,0,0.15977636843488766,0.3113342526516812,2.388225373112863,0.6874554491443753,0.0,1.0,0.0,0.3,0.0,0.3,0.0,0.08,0.05357142857142857,0.25566944278689274,0.25566944278689274
365,0.9804154125122361,0.5596394616063607,0.9266691481059928,0.5570966817428286,0.24830207056625644,0.5645947145899199,0.8392857142857143,0.429921882148558,0.42825482603686915,0.14285714285714285,0.5371428571428571,0.4021320204584384,0.39610335089647297,0.10571428571428572,0.05803571428571429,0.037142857142857144,0.36,17.48,0.013392857142857142,0.0,0.024800312410194512,0.1212683609306955,4.241071428571429,0.027496797516429854,0.053508789820830516,0.1664980785098579,0.08035714285714286,0,0.15937606158914178,0.30977758138842276,2.3776037227934634,0.6737063401614878,0.0,1.0,0.0,0.3,0.0,0.3,0.0,0.08,0.05803571428571429,0.25549935950328595,0.25549935950328595
366,0.9798446391928601,0.5595805567655081,0.9263038531815924,0.5573877107102837,0.24830207056625644,0.5645866854391668,0.84375,0.429921882148558,0.42825482603686915,0.14285714285714285,0.54,0.4021320204584384,0.39610335089647297,0.10571428571428572,0.07142857142857142,0.045714285714285714,0.36,17.502857142857142,0.013392857142857142,0.0,0.024877603449789638,0.12118130057724576,4.241071428571429,0.026671893590936958,0.05194597237162091,0.16600313615456216,0.08035714285714286,0,0.15922787011083356,0.30822869348148063,2.3757659340518793,0.660232213358258,0.0,1.0,0.0,0.3,0.0,0.3,0.0,0.08,0.07142857142857142,0.25533437871818737,0.25533437871818737
367,0.9806645920363819,0.558911395404832,0.9268286230014462,0.5568675999510414,0.24830207056625644,0.5644944807346551,0.8258928571428571,0.429921882148558,0.42825482603686915,0.14285714285714285,0.5285714285714286,0.4021320204584384,0.39610335089647297,0.10571428571428572,0.05803571428571429,0.037142857142857144,0.36,17.525714285714287,0.017857142857142856,0.0,0.024953015061800126,0.12109685203439956,4.241071428571429,0.025871736783208848,0.050427573970253325,0.1655230420699253,0.08035714285714286,0,0.15871687433170795,0.3066875500140732,2.365393472513699,0.6470275690910928,0.0,1.0,0.0,0.3,0.0,0.3,0.0,0.08,0.05803571428571429,0.2551743473566418,0.2551743473566418
368,0.9794833497969394,0.5596127167773002,0.9260726279682029,0.5573705961462848,0.24830207056625644,0.564435316252085,0.8482142857142857,0.429921882148558,0.42825482603686915,0.14285714285714285,0.5428571428571428,0.4021320204584384,0.39610335089647297,0.10571428571428572,0.0625,0.04,0.36,17.537142857142857,0.013392857142857142,0.0,0.0250265793753859,0.12101493694783862,4.241071428571429,0.025095584679712582,0.048952404038457686,0.16505735080782755,0.08035714285714286,0,0.15846400852790654,0.30515411226400285,2.358085603063425,0.634087017709271,0.0,1.0,0.0,0.3,0.0,0.3,0.0,0.08,0.0625,0.25501911693594254,0.25501911693594254
369,0.9797439401504545,0.5597629032133076,0.9262394057944526,0.5572379864519695,0.24830207056625644,0.5642680266512727,0.7991071428571429,0.429921882148558,0.42825482603686915,0.14285714285714285,0.5114285714285715,0.4021320204584384,0.39610335089647297,0.10571428571428572,0.0625,0.04285714285714286,0.36,17.545714285714286,0.017857142857142856,0.0,0.02509832884184615,0.1209354793138746,4.241071428571429,0.024342717139321204,0.04751929964270851,0.1646056302835927,0.08035714285714286,0,0.15815470343180263,0.3036283417026828,2.3537810338592995,0.6214052773550856,0.0,1.0,0.0,0.3,0.0,0.3,0.0,0.08,0.0625,0.25486854342786425,0.25486854342786425
370,0.9789803377466797,0.5596641534298418,0.9257507002560367,0.5577097262599703,0.24830207056625644,0.5642599059835457,0.7991071428571429,0.429921882148558,0.42825482603686915,0.14285714285714285,0.5114285714285715,0.4021320204584384,0.39610335089647297,0.10571428571428572,0.05803571428571429,0.037142857142857144,0.36,17.548571428571428,0.008928571428571428,0.0,0.02516829616157997,0.12085840540892946,4.241071428571429,0.023612435625141568,0.04612712511470596,0.16416746137508492,0.08035714285714286,0,0.15773464491464362,0.3021101999941694,2.3438482703249703,0.6089771718079838,0.0,1.0,0.0,0.3,0.0,0.3,0.0,0.08,0.05803571428571429,0.2547224871250283,0.2547224871250283
371,0.9809426798673174,0.5594698153783655,0.9270065992132449,0.5576724110151543,0.24830207056625644,0.5642618715099914,0.8125,0.429921882148558,0.42825482603686915,0.14285714285714285,0.52,0.4021320204584384,0.39610335089647297,0.10571428571428572,0.044642857142857144,0.02857142857142857,0.36,17.548571428571428,0.017857142857142856,0.0,0.025236514215912085,0.12078364372113272,4.241071428571429,0.02290406255638732,0.04477477165897081,0.16374243753383239,0.08035714285714286,0,0.15728783168649899,0.30059964899419855,2.3255427334899,0.5967976283718242,0.0,1.0,0.0,0.3,0.0,0.3,0.0,0.08,0.044642857142857144,0.25458081251127745,0.25458081251127745
372,0.9799558844629173,0.5597376866061008,0.9263750501544288,0.5576753903135577,0.24830207056625644,0.5642599494463688,0.8035714285714286,0.429921882148558,0.42825482603686915,0.14285714285714285,0.5142857142857142,0.4021320204584384,0.39610335089647297,0.10571428571428572,0.0625,0.04,0.36,17.55142857142857,0.013392857142857142,0.0,0.025303016003569375,0.12071112488396984,4.241071428571429,0.0222169406796957,0.043461156949179625,0.16333016440781742,0.08035714285714286,0,0.15695696752449506,0.2990966507492276,2.319031878820102,0.5848616758043876,0.0,1.0,0.0,0.3,0.0,0.3,0.0,0.08,0.0625,0.25444338813593914,0.25444338813593914
373,0.9811409144328653,0.5602267153717863,0.9271334693351956,0.5583303574240607,0.24830207056625644,0.564374580765416,0.8125,0.429921882148558,0.42825482603686915,0.14285714285714285,0.52,0.4021320204584384,0.39610335089647297,0.10571428571428572,0.05803571428571429,0.037142857142857144,0.36,17.537142857142857,0.008928571428571428,0.0,0.025367834581596697,0.12064078161192189,4.241071428571429,0.021550432459304828,0.042185224714760716,0.1629302594755829,0.08035714285714286,0,0.15657075768330114,0.29760116749548143,2.309794098386557,0.5731644422883,0.0,1.0,0.0,0.3,0.0,0.3,0.0,0.08,0.05803571428571429,0.254310086491861,0.254310086491861
374,0.9795814098957288,0.5599185765812845,0.9261353864314282,0.5577227761828141,0.24830207056625644,0.5645153866869599,0.8258928571428571,0.43010045357712945,0.42838875460829773,0.14285714285714285,0.5285714285714286,0.4022463061727241,0.39618906518218727,0.10571428571428572,0.07589285714285714,0.04857142857142857,0.36,17.52285714285714,0.004464285714285714,0.0,0.025431003010504726,0.12057254863803533,4.241071428571429,0.020903919485525682,0.040945944319172756,0.1625423516913154,0.08035714285714286,0,0.1566157617520275,0.34323747147943257,2.3121696449902545,0.6157803365090782,0.0,0.9411764705882353,0.0,0.3,0.0,0.3,0.0,0.08,0.07589285714285714,0.25418078389710513,0.25418078389710513
375,0.979475740251915,0.5605189501408452,0.9260677578593873,0.5589434926043098,0.24830207056625644,0.5645415554857746,0.7946428571428571,0.43010045357712945,0.42838875460829773,0.14285714285714285,0.5085714285714286,0.4022463061727241,0.39618906518218727,0.10571428571428572,0.0625,0.04,0.36,17.497142857142858,0.008928571428571428,0.0,0.0254925543034468,0.12050636265336535,4.241071428571429,0.02027680190095991,0.03974231033118736,0.16216608114057593,0.08035714285714286,0,0.15614639794326735,0.3415212841220354,2.305926252090449,0.6034647297788965,0.0,1.0,0.0,0.3,0.0,0.3,0.0,0.08,0.0625,0.254055360380192,0.254055360380192
376,0.9801704621759129,0.5596684129017351,0.926512379890746,0.5580530340151247,0.24830207056625644,0.564806231467888,0.8660714285714286,0.43010045357712945,0.42838875460829773,0.14285714285714285,0.5542857142857143,0.4022463061727241,0.39618906518218727,0.10571428571428572,0.07589285714285714,0.05142857142857143,0.36,17.49142857142857,0.008928571428571428,0.0,0.025552521379226478,0.12044216224823552,4.241071428571429,0.019668497843931113,0.03857334209041252,0.16180109870635867,0.08035714285714286,0,0.15582152594997958,0.33981367770142523,2.3112362984772115,0.5913954351833186,0.0,1.0,0.0,0.3,0.0,0.3,0.0,0.08,0.07589285714285714,0.2539336995687862,0.2539336995687862
377,0.9795603147101334,0.5596733643607368,0.9261218855126471,0.5578874346187035,0.24830207056625644,0.5648783281409953,0.8035714285714286,0.43018973929141513,0.428455718894012,0.14285714285714285,0.5142857142857142,0.4023034490298669,0.39623192232504434,0.10571428571428572,0.06696428571428571,0.045714285714285714,0.36,17.465714285714284,0.008928571428571428,0.0,0.025610937018943254,0.12037988785525956,4.241071428571429,0.01907844290861318,0.03743808326820253,0.1614470657451679,0.08035714285714286,0,0.15603593186042528,0.3381146093129181,2.310725858221953,0.5795675264796523,0.0,0.9375,0.0,0.3,0.0,0.3,0.0,0.08,0.06696428571428571,0.25381568858172265,0.25381568858172265
378,0.9791358299706202,0.559976715279046,0.9258502152793585,0.5576763308506448,0.24830207056625644,0.5649197186019437,0.84375,0.43054688214855796,0.42872357603686917,0.14285714285714285,0.54,0.4025320204584384,0.39640335089647294,0.10571428571428572,0.0625,0.04285714285714286,0.36,17.49142857142857,0.004464285714285714,0.0,0.025667833826088702,0.1203194816940729,4.241071428571429,0.018506089621354783,0.03633560142501968,0.16110365377281285,0.08035714285714286,0,0.15682675291540887,0.33642403626635353,2.307368483914657,0.691853963091792,0.0,0.8,0.0,0.3,0.0,0.3,0.0,0.08,0.0625,0.25370121792427097,0.25370121792427097
379,0.9794967372487281,0.5599554729736177,0.9260811959373477,0.5576906435301372,0.24830207056625644,0.564938839465604,0.8616071428571429,0.43054688214855796,0.42872357603686917,0.14285714285714285,0.5514285714285714,0.4025320204584384,0.39640335089647294,0.10571428571428572,0.06696428571428571,0.04285714285714286,0.36,17.5,0.004464285714285714,0.0,0.02572324418991199,0.12026088771772182,4.241071428571429,0.01795090693271414,0.03526498756523999,0.1607705441596285,0.08035714285714286,0,0.15677923816970435,0.33474191608502174,2.3040782570935066,0.6780168838299562,0.0,1.0,0.0,0.3,0.0,0.3,0.0,0.08,0.06696428571428571,0.2535901813865428,0.2535901813865428
380,0.9790712825413446,0.5608246917575498,0.9258089049246222,0.5579295663178225,0.24830207056625644,0.5649997249039057,0.8258928571428571,0.4306361678628437,0.42879054032258346,0.14285714285714285,0.5285714285714286,0.40258916331558126,0.3964462080393301,0.10571428571428572,0.05803571428571429,0.04,0.36,17.502857142857142,0.004464285714285714,0.0,0.02577720025187887,0.12020405156066129,4.241071428571429,0.017412379724732717,0.03422535569031393,0.16044742783483962,0.08035714285714286,0,0.1567657734038558,0.3330682065045967,2.2979966919516364,0.6939395024654464,0.0,0.9285714285714286,0.0,0.3,0.0,0.3,0.0,0.08,0.05803571428571429,0.25348247594494655,0.25348247594494655
381,0.9783453372442479,0.5606549503407232,0.9253442999344804,0.5577128741619318,0.24830207056625644,0.565165385065402,0.84375,0.4306361678628437,0.42879054032258346,0.14285714285714285,0.54,0.40258916331558126,0.3964462080393301,0.10571428571428572,0.06696428571428571,0.045714285714285714,0.36,17.482857142857142,0.008928571428571428,0.0,0.025829733875054797,0.12014892048831259,4.241071428571429,0.016890008332990734,0.033215842351134284,0.16013400499979444,0.08035714285714286,0,0.15646637453683654,0.33140286547207365,2.2977510438268895,0.6800607124161375,0.0,1.0,0.0,0.3,0.0,0.3,0.0,0.08,0.06696428571428571,0.25337800166659813,0.25337800166659813
382,0.979280662275581,0.5610913857429959,0.9259429079545336,0.5575624416991136,0.24830207056625644,0.5652834955840776,0.8348214285714286,0.4306361678628437,0.42879054032258346,0.14285714285714285,0.5342857142857143,0.40258916331558126,0.3964462080393301,0.10571428571428572,0.05803571428571429,0.04,0.36,17.485714285714284,0.013392857142857142,0.0,0.02588087661624905,0.12009544334813428,4.241071428571429,0.01638330808300101,0.032235606200388345,0.1598299848498006,0.08035714285714286,0,0.15611118908915234,0.3297458511447133,2.2917960229503516,0.6664594981678148,0.0,1.0,0.0,0.3,0.0,0.3,0.0,0.08,0.05803571428571429,0.25327666161660023,0.25327666161660023
383,0.981001737284261,0.561373610852593,0.9270443959600888,0.5578869154672996,0.24830207056625644,0.5655210647103551,0.875,0.4306361678628437,0.42879054032258346,0.14285714285714285,0.56,0.40258916331558126,0.3964462080393301,0.10571428571428572,0.07589285714285714,0.05142857142857143,0.36,17.494285714285713,0.013392857142857142,0.0,0.025930659700762453,0.1200435705221614,4.241071428571429,0.01589180884051098,0.03128382754561865,0.15953508530430657,0.08035714285714286,0,0.15575820600084941,0.3280971218889897,2.2973886739199156,0.6531303082044585,0.0,1.0,0.0,0.3,0.0,0.3,0.0,0.08,0.07589285714285714,0.2531783617681022,0.2531783617681022
384,0.9804561369833179,0.5610156997737675,0.9266952117674851,0.5572473151127133,0.24830207056625644,0.5657120260607893,0.8169642857142857,0.4306361678628437,0.42879054032258346,0.14285714285714285,0.5228571428571429,0.40258916331558126,0.3964462080393301,0.10571428571428572,0.06696428571428571,0.045714285714285714,0.36,17.48857142857143,0.008928571428571428,0.0,0.025979113999588053,0.11999325388096761,4.241071428571429,0.01541505457529565,0.030359707903652278,0.15924903274517738,0.08035714285714286,0,0.1552934149708452,0.32645663627954474,2.297155186155803,0.6400677020403693,0.0,1.0,0.0,0.3,0.0,0.3,0.0,0.08,0.06696428571428571,0.25308301091505914,0.25308301091505914
385,0.9816946030197373,0.5604878539459484,0.9274878300307936,0.5570638867363897,0.24830207056625644,0.5658838720662436,0.8214285714285714,0.4306361678628437,0.42879054032258346,0.14285714285714285,0.5257142857142857,0.40258916331558126,0.3964462080393301,0.10571428571428572,0.05357142857142857,0.03428571428571429,0.36,17.5,0.008928571428571428,0.0,0.026026270008919907,0.11994444673900977,4.241071428571429,0.01495260293803678,0.029462469557007154,0.15897156176282207,0.08035714285714286,0,0.1550570993138481,0.324824353098147,2.285497796718402,0.627266347999562,0.0,1.0,0.0,0.3,0.0,0.3,0.0,0.08,0.05357142857142857,0.25299052058760735,0.25299052058760735
386,0.9831323120418519,0.5603702654231842,0.9284079638049466,0.5572389327775816,0.24830207056625644,0.5659769780849027,0.8392857142857143,0.4306361678628437,0.42879054032258346,0.14285714285714285,0.5371428571428571,0.40258916331558126,0.3964462080393301,0.10571428571428572,0.05803571428571429,0.037142857142857144,0.36,17.505714285714287,0.013392857142857142,0.0,0.0260721578318313,0.11989710381131057,4.241071428571429,0.014504024849895677,0.02859135511283384,0.1587024149099374,0.08035714285714286,0,0.15468081524585028,0.3232002313326563,2.27693069792689,0.6147210210395707,0.0,1.0,0.0,0.3,0.0,0.3,0.0,0.08,0.05803571428571429,0.25290080496997913,0.25290080496997913
387,0.9803619768850993,0.5604229318796873,0.9266349493046252,0.557155011933282,0.24830207056625644,0.5660083566616032,0.8214285714285714,0.4306361678628437,0.42879054032258346,0.14285714285714285,0.5257142857142857,0.40258916331558126,0.3964462080393301,0.10571428571428572,0.03125,0.02,0.36,17.51142857142857,0.013392857142857142,0.0,0.02611680716198988,0.11985118117144238,4.241071428571429,0.014068904104398806,0.02774562706489825,0.15844134246263927,0.08035714285714286,0,0.15419241188390678,0.321584230175993,2.2513920839683528,0.6024266006187793,0.0,1.0,0.0,0.3,0.0,0.3,0.0,0.08,0.03125,0.25281378082087974,0.25281378082087974
388,0.980114000781027,0.5594812271379228,0.926476244598019,0.5559325351546635,0.24830207056625644,0.5660634807552524,0.7946428571428571,0.4306361678628437,0.42879054032258346,0.14285714285714285,0.5085714285714286,0.40258916331558126,0.3964462080393301,0.10571428571428572,0.05803571428571429,0.037142857142857144,0.36,17.525714285714287,0.013392857142857142,0.0,0.026160247269282868,0.11980663621077016,4.241071428571429,0.013646836981266841,0.02692456735907056,0.1581881021887601,0.08035714285714286,0,0.1539061648244872,0.3199763090251131,2.2435070994318425,0.5903780686064037,0.0,1.0,0.0,0.3,0.0,0.3,0.0,0.08,0.05803571428571429,0.25272936739625335,0.25272936739625335
389,0.9813805506773213,0.5595739055859347,0.9272868365316475,0.5560749933241889,0.24830207056625644,0.5657731265195525,0.8258928571428571,0.4306361678628437,0.42879054032258346,0.14285714285714285,0.5285714285714286,0.40258916331558126,0.3964462080393301,0.10571428571428572,0.07589285714285714,0.04857142857142857,0.36,17.534285714285716,0.013392857142857142,0.0,0.02620250698723146,0.11976342759891818,4.241071428571429,0.013237431871828836,0.026127476962740204,0.1579424591230973,0.08035714285714286,0,0.15353577828607906,0.3183764274799875,2.2472083860146346,0.5785705072342756,0.0,1.0,0.0,0.3,0.0,0.3,0.0,0.08,0.07589285714285714,0.2526474863743658,0.2526474863743658
390,0.9833130900146,0.5607006199791609,0.9285236617075059,0.5563992032299973,0.24830207056625644,0.5654288509462716,0.84375,0.4308147392914151,0.42892446889401203,0.14285714285714285,0.54,0.40270344902986704,0.3965319223250444,0.10571428571428572,0.0625,0.04,0.36,17.54,0.013392857142857142,0.0,0.026243614702079247,0.11972151524542181,4.241071428571429,0.01284030891567397,0.025353675438536172,0.15770418534940436,0.08035714285714286,0,0.15402297076975574,0.31678454534258754,2.2422642182943417,0.6239545156944588,0.0,0.8571428571428571,0.0,0.3,0.0,0.3,0.0,0.08,0.0625,0.2525680617831348,0.2525680617831348
391,0.9836626219325689,0.5597498539493251,0.9287473621350059,0.5557302405691986,0.24830207056625644,0.5651947329475697,0.8348214285714286,0.4308147392914151,0.42892446889401203,0.14285714285714285,0.5342857142857143,0.40270344902986704,0.3965319223250444,0.10571428571428572,0.0625,0.04,0.36,17.534285714285716,0.017857142857142856,0.0,0.026283598343444608,0.11968086026253026,4.241071428571429,0.012455099648203752,0.02460250052269808,0.15747305978892223,0.08035714285714286,0,0.1535379994873355,0.3152006226158746,2.237418933928455,0.6114754253805696,0.0,1.0,0.0,0.3,0.0,0.3,0.0,0.08,0.0625,0.25249101992964074,0.25249101992964074
392,0.9833898940881985,0.5599219892299455,0.9285728163146089,0.5560888466457287,0.24830207056625644,0.5649287691929898,0.7946428571428571,0.4308147392914151,0.42892446889401203,0.14285714285714285,0.5085714285714286,0.40270344902986704,0.3965319223250444,0.10571428571428572,0.049107142857142856,0.03142857142857143,0.36,17.55142857142857,0.017857142857142856,0.0,0.02632248537643312,0.1196414249291254,4.241071428571429,0.01208144665875764,0.023873307708403013,0.1572488679952546,0.08035714285714286,0,0.1532232063837535,0.31362461950279524,2.224099126678457,0.5992459168729583,0.0,1.0,0.0,0.3,0.0,0.3,0.0,0.08,0.049107142857142856,0.25241628933175153,0.25241628933175153
393,0.9819929008064493,0.5607006104368913,0.9276787406142892,0.5561617514888058,0.24830207056625644,0.564602394781947,0.8705357142857143,0.4308147392914151,0.42892446889401203,0.14285714285714285,0.5571428571428572,0.40270344902986704,0.3965319223250444,0.10571428571428572,0.0625,0.04,0.36,17.562857142857144,0.013392857142857142,0.0,0.026360302795110313,0.11960317265572275,4.241071428571429,0.01171900325899491,0.02316546983432588,0.15703140195539694,0.08035714285714286,0,0.15282695461970972,0.31205649640528127,2.219617144144888,0.587260998535499,0.0,1.0,0.0,0.3,0.0,0.3,0.0,0.08,0.0625,0.25234380065179896,0.25234380065179896
394,0.9829582635847373,0.5598683419584153,0.9282965727923936,0.555816731055186,0.24830207056625644,0.5642800562053267,0.8348214285714286,0.4308147392914151,0.42892446889401203,0.14285714285714285,0.5342857142857143,0.40270344902986704,0.3965319223250444,0.10571428571428572,0.07142857142857142,0.045714285714285714,0.36,17.571428571428573,0.013392857142857142,0.0,0.026397077117240948,0.1195660679505222,4.241071428571429,0.011367433161225063,0.022478376678675915,0.15682045989673504,0.08035714285714286,0,0.15265897980736118,0.3104962139232549,2.220939086976276,0.575515778564789,0.0,1.0,0.0,0.3,0.0,0.3,0.0,0.08,0.07142857142857142,0.252273486632245,0.252273486632245
395,0.9833232387291281,0.5606072793842862,0.9283708485653701,0.5555462729323549,0.24830207056625644,0.5640062853917447,0.7892376681614349,0.4291816035701144,0.4301699565912787,0.14349775784753363,0.5028571428571429,0.40281773474415267,0.3966176366107587,0.10571428571428572,0.06278026905829596,0.04,0.3628571428571429,17.591428571428573,0.0,0.002857142857142857,0.02643080067411097,0.11953007638647767,4.2242152466367715,0.01102641016638831,0.02181143455892587,0.15661584609983298,0.08071748878923767,0,0.15277841627986,0.30894373285363863,2.21652030523675,0.5757733240126774,0.0,0.9285714285714286,0.0,0.3,0.0,0.3,0.0,0.08,0.0625,0.2522052820332777,0.2522052820332777
396,0.9836645058342912,0.5604994745915836,0.9285882844638028,0.5550150074387993,0.24830207056625644,0.5637558297444261,0.8430493273542601,0.4291816035701144,0.4301699565912787,0.14349775784753363,0.5371428571428571,0.40281773474415267,0.3966176366107587,0.10571428571428572,0.08968609865470852,0.05714285714285714,0.3628571428571429,17.591428571428573,0.004484304932735426,0.0,0.026479788626904293,0.11949516456935448,4.2242152466367715,0.01069561786139666,0.02116406593742237,0.15641737071683798,0.08071748878923767,0,0.15275424775205,0.30739901418937043,2.2293327562748724,0.564257857532424,0.0,1.0,0.0,0.3,0.0,0.3,0.0,0.08,0.08968609865470852,0.25213912357227936,0.25213912357227936
397,0.9854728683742633,0.5617402230634828,0.9297404697392707,0.555832681510841,0.24830207056625644,0.5636597029150952,0.8116591928251121,0.4291816035701144,0.4301699565912787,0.14349775784753363,0.5171428571428571,0.40281773474415267,0.3966176366107587,0.10571428571428572,0.06278026905829596,0.04285714285714286,0.3628571428571429,17.602857142857143,0.004484304932735426,0.0,0.026513616982933648,0.11946130010674497,4.2242152466367715,0.01037474932555476,0.020535709033042693,0.15622484959533284,0.08071748878923767,0,0.15230447651328974,0.3058620191184236,2.2276032440065174,0.5529727003817754,0.0,1.0,0.0,0.3,0.0,0.3,0.0,0.08,0.06278026905829596,0.252074949865111,0.252074949865111
398,0.9864897675100391,0.5628189011353936,0.9299067937457588,0.55627953470302,0.24830207056625644,0.5635364433810707,0.8288288288288288,0.43044035343667136,0.4304676683005828,0.14414414414414414,0.5257142857142857,0.40281773474415267,0.3966176366107587,0.10571428571428572,0.05405405405405406,0.037142857142857144,0.3657142857142857,17.62857142857143,0.0,0.002857142857142857,0.026603342934971335,0.11942845157801371,4.162162162162162,0.010063506845788116,0.01992581743903754,0.15603810410747287,0.08108108108108109,0,0.15182838270215185,0.30433270902283144,2.2201940362692447,0.5419132463741398,0.0,1.0,0.0,0.3,0.0,0.3,0.0,0.08,0.05829596412556054,0.2520127013691576,0.2520127013691576
399,0.9854814014102169,0.5621164294101508,0.9292672015338715,0.5556436051392933,0.24830207056625644,0.5635858684644796,0.8243243243243243,0.43044035343667136,0.4304676683005828,0.14414414414414414,0.5228571428571429,0.40281773474415267,0.3966176366107587,0.10571428571428572,0.04954954954954955,0.03142857142857143,0.3657142857142857,17.645714285714284,0.0,0.0,0.02663543326087849,0.11939658850514447,4.162162162162162,0.009761601640414473,0.01933385974717905,0.15585696098424867,0.08108108108108109,0,0.15146824221721253,0.3028110454777173,2.207218726972431,0.5310749814466571,0.0,1.0,0.0,0.3,0.0,0.3,0.0,0.08,0.04954954954954955,0.2519523203280829,0.2519523203280829
400,0.985300135459561,0.563945249846002,0.9291522271308843,0.5569645967225197,0.24830207056625644,0.5636069438795605,0.8063063063063063,0.4305304435267614,0.4305352358681504,0.14414414414414414,0.5114285714285715,0.40287487760129553,0.3966604937536158,0.10571428571428572,0.04954954954954955,0.03428571428571429,0.3657142857142857,17.65142857142857,0.0045045045045045045,0.0,0.026666625145738518,0.11936568132446125,4.162162162162162,0.009468753591202039,0.01875931917831508,0.15568125215472123,0.08108108108108109,0,0.15162290742755505,0.3012969902503287,2.1973600667186965,0.5204534818177239,0.0,0.9166666666666666,0.0,0.3,0.0,0.3,0.0,0.08,0.04954954954954955,0.2518937507182404,0.2518937507182404
401,0.9864346137955773,0.5642813848442223,0.9298718105325859,0.5572401653862775,0.24830207056625644,0.5636959970446004,0.8378378378378378,0.4305304435267614,0.4305352358681504,0.14414414414414414,0.5314285714285715,0.40287487760129553,0.3966604937536158,0.10571428571428572,0.06306306306306306,0.04,0.3657142857142857,17.645714285714284,0.0045045045045045045,0.0,0.026696941830168987,0.11933570135919844,4.162162162162162,0.009184690983465978,0.01820169321940779,0.1555108145900796,0.08108108108108109,0,0.15134893931541726,0.2997905052990771,2.1934128653843223,0.5100444121813695,0.0,1.0,0.0,0.3,0.0,0.3,0.0,0.08,0.06306306306306306,0.25183693819669317,0.25183693819669317
402,0.9838269801042914,0.5650626029100585,0.9282178257341134,0.5574718267585619,0.24830207056625644,0.5638402474389519,0.8063063063063063,0.4308007137970317,0.4307379385708531,0.14414414414414414,0.5114285714285715,0.40304630617272413,0.39678906518218726,0.10571428571428572,0.08558558558558559,0.05714285714285714,0.3657142857142857,17.65142857142857,0.0045045045045045045,0.0,0.026726406069524537,0.11930662079289367,4.162162162162162,0.008909150253961998,0.01766049326712238,0.1553454901523772,0.08108108108108109,0,0.15190548176169733,0.2982915527725817,2.206687465219493,0.5283738131836253,0.0,0.9,0.0,0.3,0.0,0.3,0.0,0.08,0.08558558558558559,0.2517818300507924,0.2517818300507924
403,0.9827958126034411,0.5650945405284064,0.9275637709192883,0.5575679214600682,0.24830207056625644,0.5639567648724282,0.8063063063063063,0.4308007137970317,0.4307379385708531,0.14414414414414414,0.5114285714285715,0.40304630617272413,0.39678906518218726,0.10571428571428572,0.06306306306306306,0.045714285714285714,0.3657142857142857,17.645714285714284,0.0045045045045045045,0.0,0.026755040136577025,0.11927841264357794,4.162162162162162,0.008641875746343139,0.017135244278011386,0.15518512544780588,0.08108108108108109,0,0.15148824078146025,0.2968000950087188,2.208268001629389,0.5178063369199528,0.0,1.0,0.0,0.3,0.0,0.3,0.0,0.08,0.06306306306306306,0.2517283751492686,0.2517283751492686
404,0.9822470785824382,0.5637662794422305,0.9272157167688236,0.5567466167363198,0.24830207056625644,0.5641290187991391,0.7747747747747747,0.4308007137970317,0.4307379385708531,0.14414414414414414,0.49142857142857144,0.40304630617272413,0.39678906518218726,0.10571428571428572,0.1036036036036036,0.06571428571428571,0.3657142857142857,17.64,0.0045045045045045045,0.0,0.026782865824760853,0.11925105073874166,4.162162162162162,0.008382619473952845,0.01662548442532863,0.1550295716843717,0.08108108108108109,0,0.15141409313114224,0.2953160945336752,2.229816927311087,0.5074502101815538,0.0,1.0,0.0,0.3,0.0,0.3,0.0,0.08,0.1036036036036036,0.25167652389479056,0.25167652389479056
405,0.9811417766201956,0.5635523544137201,0.9265146395242011,0.5569199567708789,0.24830207056625644,0.5644033293330079,0.7747747747747747,0.4308007137970317,0.4307379385708531,0.14414414414414414,0.49142857142857144,0.40304630617272413,0.39678906518218726,0.10571428571428572,0.04504504504504504,0.02857142857142857,0.3657142857142857,17.67142857142857,0.0045045045045045045,0.0,0.026809904451933386,0.11922450969105056,4.162162162162162,0.008131140889734259,0.016130764762490424,0.15487868453384054,0.08108108108108109,0,0.1508284512369151,0.29383951406100683,2.2137920173362935,0.4973012059779227,0.0,1.0,0.0,0.3,0.0,0.3,0.0,0.08,0.04504504504504504,0.25162622817794683,0.25162622817794683
406,0.9823364169688675,0.5636809698755848,0.9272723828310729,0.557533039289861,0.24830207056625644,0.5647508711393358,0.7747747747747747,0.4308007137970317,0.4307379385708531,0.14414414414414414,0.49142857142857144,0.40304630617272413,0.39678906518218726,0.10571428571428572,0.03153153153153153,0.02,0.3657142857142857,17.64857142857143,0.0045045045045045045,0.0,0.02683617686460312,0.11919876487479016,4.162162162162162,0.007887206663042231,0.015650648893192565,0.15473232399782533,0.08108108108108109,0,0.15027402326644482,0.2923703164907018,2.189516176989568,0.48735518185836424,0.0,1.0,0.0,0.3,0.0,0.3,0.0,0.08,0.03153153153153153,0.25157744133260845,0.25157744133260845
407,0.9812549211823215,0.5629990452928036,0.9265864055036065,0.5570967889530366,0.24830207056625644,0.5652189744885584,0.7837837837837838,0.4308007137970317,0.4307379385708531,0.14414414414414414,0.49714285714285716,0.40304630617272413,0.39678906518218726,0.10571428571428572,0.07657657657657657,0.04857142857142857,0.3657142857142857,17.64,0.0045045045045045045,0.0,0.026861703442581434,0.11917379240301762,4.162162162162162,0.007650590463150964,0.01518471264817578,0.15459035427789058,0.08108108108108109,0,0.1499499402929697,0.2909084649082483,2.194297282021205,0.477608078221197,0.0,1.0,0.0,0.3,0.0,0.3,0.0,0.08,0.07657657657657657,0.2515301180926302,0.2515301180926302
408,0.9798728115491623,0.5635799743466975,0.9257097531077172,0.5578090504508834,0.24830207056625644,0.5655369086098048,0.8648648648648649,0.4308007137970317,0.4307379385708531,0.14414414414414414,0.5485714285714286,0.40304630617272413,0.39678906518218726,0.10571428571428572,0.04954954954954955,0.03142857142857143,0.3657142857142857,17.625714285714285,0.009009009009009009,0.0,0.026886504104016322,0.11914956910539813,4.162162162162162,0.0074210727492564355,0.014732543768625317,0.15445264364955386,0.08108108108108109,0,0.14988177770580846,0.28945392258370706,2.181839907809352,0.46805591665677304,0.0,1.0,0.0,0.3,0.0,0.3,0.0,0.08,0.04954954954954955,0.25148421454985126,0.25148421454985126
409,0.9820029040433659,0.5640691854966282,0.9270608403468977,0.5576753151952912,0.24830207056625644,0.5659114442774756,0.8288288288288288,0.43098089397721184,0.43087307370598815,0.14414414414414414,0.5257142857142857,0.4031605918870098,0.3968747794679015,0.10571428571428572,0.05405405405405406,0.037142857142857144,0.3657142857142857,17.611428571428572,0.009009009009009009,0.0,0.02691059831076934,0.11912607250670737,4.162162162162162,0.007198440566778742,0.014293741596179688,0.15431906434006723,0.08108108108108109,0,0.1498460838172794,0.2880066529707885,2.175345966796022,0.4586947983236376,0.0,0.9230769230769231,0.0,0.3,0.0,0.3,0.0,0.08,0.05405405405405406,0.25143968811335576,0.25143968811335576
410,0.9796840410624295,0.563966948644083,0.9253380302519494,0.5579538672003458,0.24830207056625644,0.5661450343642369,0.8190045248868778,0.4308194271645982,0.4323340237331039,0.14479638009049775,0.5171428571428571,0.4033320204584384,0.397003350896473,0.10571428571428572,0.08597285067873303,0.05714285714285714,0.36857142857142855,17.622857142857143,0.004524886877828055,0.002857142857142857,0.026948872902436496,0.11910328080597725,4.144796380090498,0.0069824873497753796,0.013867916769512711,0.1541894924098652,0.08144796380090498,0,0.15060772620187146,0.28656661970593456,2.188981904602959,0.5246196718283482,0.0,0.9,0.0,0.3,0.0,0.3,0.0,0.08,0.09009009009009009,0.25139649746995507,0.25139649746995507
411,0.9781202082115953,0.5646310696928121,0.924350581508994,0.5587076145318639,0.24830207056625644,0.5664684065160804,0.8371040723981901,0.4308194271645982,0.4323340237331039,0.14479638009049775,0.5285714285714286,0.4033320204584384,0.397003350896473,0.10571428571428572,0.03619909502262444,0.022857142857142857,0.36857142857142855,17.617142857142856,0.004524886877828055,0.0,0.026971632736527952,0.11908117285626907,4.144796380090498,0.006773012729282118,0.013454690927448443,0.15406380763756927,0.08144796380090498,0,0.1500545447137193,0.28513378660740485,2.168059409368043,0.5141272783917813,0.0,1.0,0.0,0.3,0.0,0.3,0.0,0.08,0.03619909502262444,0.2513546025458564,0.2513546025458564
412,0.9793873395302878,0.5649701496374235,0.9251506844273684,0.559504905397982,0.24830207056625644,0.5667433064282099,0.8416289592760181,0.4308194271645982,0.4323340237331039,0.14479638009049775,0.5314285714285715,0.4033320204584384,0.397003350896473,0.10571428571428572,0.04524886877828054,0.02857142857142857,0.36857142857142855,17.6,0.004524886877828055,0.0,0.026993741185514883,0.11905972814505206,4.144796380090498,0.006569822347403655,0.013053696418557914,0.1539418934084422,0.08144796380090498,0,0.14961741770086495,0.2837081176743678,2.1532696497521098,0.5038447328239457,0.0,1.0,0.0,0.3,0.0,0.3,0.0,0.08,0.04524886877828054,0.25131396446948073,0.25131396446948073
413,0.9787552890347495,0.5654172915706496,0.9247515896859,0.5595591233660101,0.24830207056625644,0.567119534471496,0.8190045248868778,0.4310004226397113,0.4324697703394387,0.14479638009049775,0.5171428571428571,0.4034463061727241,0.39708906518218723,0.10571428571428572,0.06787330316742081,0.045714285714285714,0.36857142857142855,17.591428571428573,0.00904977375565611,0.0,0.0270152159633209,0.11903892677517164,4.144796380090498,0.006372727676981545,0.01266457601718185,0.15382363660618892,0.08144796380090498,0,0.14995205416594992,0.282289577085996,2.155918542471354,0.5014219101718597,0.0,0.9375,0.0,0.3,0.0,0.3,0.0,0.08,0.06787330316742081,0.2512745455353963,0.2512745455353963
414,0.9809062147799209,0.5645501242708817,0.9261097456564225,0.5588286736298584,0.24830207056625644,0.5675460100088344,0.8506787330316742,0.4310004226397113,0.4324697703394387,0.14479638009049775,0.5371428571428571,0.4034463061727241,0.39708906518218723,0.10571428571428572,0.058823529411764705,0.037142857142857144,0.36857142857142855,17.6,0.013574660633484163,0.0,0.027036074357963208,0.11901874944638763,4.144796380090498,0.006181545846672099,0.012286982645817623,0.15370892750800325,0.08144796380090498,0,0.1494878653236916,0.28087812920056604,2.1499430287647843,0.4913934719684224,0.0,1.0,0.0,0.3,0.0,0.3,0.0,0.08,0.058823529411764705,0.2512363091693344,0.2512363091693344
415,0.9818173302800827,0.5649551095245279,0.9266850500150959,0.5595038192008155,0.24830207056625644,0.5678635693354508,0.8371040723981901,0.4310004226397113,0.4324697703394387,0.14479638009049775,0.5285714285714286,0.4034463061727241,0.39708906518218723,0.10571428571428572,0.07239819004524888,0.045714285714285714,0.36857142857142855,17.588571428571427,0.01809954751131222,0.0,0.027056333238311983,0.11899917743746706,4.144796380090498,0.005996099471271936,0.011920579103801288,0.15359765968276315,0.08144796380090498,0,0.14916785742207314,0.2794737385545632,2.152658453903774,0.481565602529054,0.0,1.0,0.0,0.3,0.0,0.3,0.0,0.08,0.07239819004524888,0.25119921989425437,0.25119921989425437
416,0.9825694390593105,0.5643374571938766,0.9272097545898105,0.5590272245505633,0.24830207056625644,0.5681093861468243,0.8545454545454545,0.43049966946316226,0.4330017774007752,0.14545454545454545,0.5371428571428571,0.4034463061727241,0.39708906518218723,0.10571428571428572,0.045454545454545456,0.03142857142857143,0.37142857142857144,17.602857142857143,0.013636363636363636,0.002857142857142857,0.02707424705694728,0.11898019258881415,4.136363636363637,0.005816216487133778,0.011565037802213185,0.15348972989228027,0.08181818181818182,0,0.14876416170639134,0.2780763698617904,2.1410338562542695,0.4719342904784729,0.0,1.0,0.0,0.3,0.0,0.3,0.0,0.08,0.04524886877828054,0.25116324329742673,0.25116324329742673
417,0.9821406432523118,0.5631453109892004,0.9269402257968399,0.5585319202030915,0.24830207056625644,0.5683319842177152,0.85,0.4306814876449805,0.4331381410371388,0.14545454545454545,0.5342857142857143,0.40356059188700977,0.39717477946790153,0.10571428571428572,0.07727272727272727,0.04857142857142857,0.37142857142857144,17.60857142857143,0.013636363636363636,0.0,0.027108329986916792,0.11896177728562086,4.136363636363637,0.005641729992519764,0.011220040504929751,0.15338503799551184,0.08181818181818182,0,0.14918440552423126,0.27668598801248145,2.1467846077006127,0.46249560466890344,0.0,0.9411764705882353,0.0,0.3,0.0,0.3,0.0,0.08,0.07727272727272727,0.251128345998504,0.251128345998504
418,0.983569135016979,0.5640552154481442,0.9278381349060593,0.5593074643446513,0.24830207056625644,0.568594476112575,0.8045454545454546,0.43086330582679866,0.4332745046735025,0.14545454545454545,0.5057142857142857,0.40367487760129556,0.39726049375361583,0.10571428571428572,0.05454545454545454,0.037142857142857144,0.37142857142857144,17.63142857142857,0.013636363636363636,0.0,0.02712690259551059,0.11894391444152336,4.136363636363637,0.005472478092744171,0.010885278075740024,0.1532834868556465,0.08181818181818182,0,0.14969448492518153,0.27530255807241905,2.1409917726894574,0.5469572962104963,0.0,0.8461538461538461,0.0,0.3,0.0,0.3,0.0,0.08,0.05454545454545454,0.25109449561854885,0.25109449561854885
419,0.9843103383551689,0.5636200791372517,0.9283040341472072,0.5592494425964827,0.24830207056625644,0.5689137794138507,0.8318181818181818,0.43086330582679866,0.4332745046735025,0.14545454545454545,0.5228571428571429,0.40367487760129556,0.39726049375361583,0.10571428571428572,0.07272727272727272,0.04857142857142857,0.37142857142857144,17.622857142857143,0.01818181818181818,0.0,0.02714493867007944,0.11892658748274876,4.136363636363637,0.0053083037499618456,0.01056045023144403,0.1531849822499771,0.08181818181818182,0,0.14943101250055563,0.27392604528205694,2.146743365807097,0.5360181502862863,0.0,1.0,0.0,0.3,0.0,0.3,0.0,0.08,0.07272727272727272,0.25106166074999237,0.25106166074999237
420,0.9827202857836843,0.563887104259847,0.9273045725308455,0.5599897086884621,0.24830207056625644,0.569176159893957,0.8363636363636363,0.43086330582679866,0.4332745046735025,0.14545454545454545,0.5257142857142857,0.40367487760129556,0.39726049375361583,0.10571428571428572,0.08636363636363636,0.054285714285714284,0.37142857142857144,17.622857142857143,0.01818181818181818,0.0,0.027162453101723227,0.11890978033273746,4.136363636363637,0.00514905463746299,0.01024526530084413,0.15308943278247777,0.08181818181818182,0,0.14905485815233857,0.27255641505564665,2.1580942127766694,0.5252977872805606,0.0,1.0,0.0,0.3,0.0,0.3,0.0,0.08,0.08636363636363636,0.2510298109274926,0.2510298109274926
421,0.9824326332939974,0.5641120747216721,0.9271237623944707,0.5595455141934164,0.24830207056625644,0.5694031477620797,0.8727272727272727,0.4309542149177077,0.4333426864916844,0.14545454545454545,0.5485714285714286,0.4037320204584384,0.397303350896473,0.10571428571428572,0.09090909090909091,0.05714285714285714,0.37142857142857144,17.634285714285713,0.01818181818181818,0.0,0.027179460404698094,0.11889347739722637,4.136363636363637,0.0049945829983391,0.009939439989540277,0.15299674979900346,0.08181818181818182,0,0.14927930527230904,0.27119363298036847,2.172075185663993,0.5402368137884249,0.0,0.95,0.0,0.3,0.0,0.3,0.0,0.08,0.09090909090909091,0.25099891659966783,0.25099891659966783
422,0.9821154940731567,0.5643841544088052,0.926924417741371,0.5595310297966252,0.24830207056625644,0.5696625338149754,0.8454545454545455,0.4311360330995259,0.433479050128048,0.14545454545454545,0.5314285714285715,0.40384630617272416,0.39738906518218725,0.10571428571428572,0.06363636363636363,0.04,0.37142857142857144,17.65142857142857,0.01818181818181818,0.0,0.02719597472370655,0.11887766354978072,4.136363636363637,0.004844745508388927,0.00964269915043725,0.15290684730503334,0.08181818181818182,0,0.1492184801745189,0.2995941491420336,2.1686336819507135,0.5294320775126563,0.0,0.9285714285714286,0.0,0.3,0.0,0.3,0.0,0.08,0.06363636363636363,0.2509689491016778,0.2509689491016778
423,0.9810923432631263,0.5647158148313606,0.9262812943750662,0.5596584318053939,0.24830207056625644,0.5699532161453728,0.7863636363636364,0.4311360330995259,0.433479050128048,0.14545454545454545,0.4942857142857143,0.40384630617272416,0.39738906518218725,0.10571428571428572,0.06363636363636363,0.04,0.37142857142857144,17.662857142857142,0.013636363636363636,0.0,0.027212009841196073,0.11886232411775842,4.136363636363637,0.0046994031431372586,0.009354775559869521,0.15281964188588235,0.08181818181818182,0,0.1488136806129499,0.2980961783963234,2.1652610083116985,0.5188434359624032,0.0,1.0,0.0,0.3,0.0,0.3,0.0,0.08,0.06363636363636363,0.25093988062862743,0.25093988062862743
424,0.9810052682323418,0.564261332830502,0.9262265614985731,0.5591462637052541,0.24830207056625644,0.5702504514566161,0.7863636363636364,0.431226942190435,0.4335472319462298,0.14545454545454545,0.4942857142857143,0.403903449029867,0.39743192232504443,0.10571428571428572,0.06363636363636363,0.04285714285714286,0.37142857142857144,17.68,0.013636363636363636,0.0,0.027227579184653412,0.11884744486869676,4.136363636363637,0.0045584210488431405,0.00907540969924825,0.15273505262930587,0.08181818181818182,0,0.1490391864955994,0.2966056975043418,2.1648129310026074,0.5232096709862415,0.0,0.9333333333333333,0.0,0.3,0.0,0.3,0.0,0.08,0.06363636363636363,0.2509116842097686,0.2509116842097686
425,0.9797985579557437,0.5641666447607492,0.92546805789614,0.559281329153423,0.24830207056625644,0.5704392035380711,0.8727272727272727,0.431226942190435,0.4335472319462298,0.14545454545454545,0.5485714285714286,0.403903449029867,0.39743192232504443,0.10571428571428572,0.05,0.03428571428571429,0.37142857142857144,17.7,0.013636363636363636,0.0,0.027242695833883047,0.11883301199710701,4.136363636363637,0.004421668417377846,0.008804349542133605,0.1526530010504267,0.08181818181818182,0,0.14860727913097857,0.2951226690168201,2.15580238666827,0.5127454775665166,0.0,1.0,0.0,0.3,0.0,0.3,0.0,0.08,0.05,0.25088433368347557,0.25088433368347557
426,0.9810366612534032,0.564672823334017,0.9262462942546686,0.55966887920368,0.24830207056625644,0.5707477706352045,0.8409090909090909,0.431226942190435,0.4335472319462298,0.14545454545454545,0.5285714285714286,0.403903449029867,0.39743192232504443,0.10571428571428572,0.05909090909090909,0.037142857142857144,0.37142857142857144,17.717142857142857,0.00909090909090909,0.0,0.02725737252825863,0.11881901211166486,4.136363636363637,0.004289018364856511,0.008541350346634835,0.1525734110189139,0.08181818181818182,0,0.14823453130318082,0.293647055671736,2.1498291960777616,0.5024905680151862,0.0,1.0,0.0,0.3,0.0,0.3,0.0,0.08,0.05909090909090909,0.2508578036729713,0.2508578036729713
427,0.9804406149743196,0.5650150341146027,0.9257819133127371,0.5599293031303758,0.24830207056625644,0.5712518670478197,0.8356164383561644,0.43179890660723363,0.4334912384811621,0.1461187214611872,0.5228571428571429,0.403903449029867,0.39743192232504443,0.10571428571428572,0.0228310502283105,0.017142857142857144,0.3742857142857143,17.731428571428573,0.0136986301369863,0.002857142857142857,0.027269887047504517,0.11880543222278606,4.136986301369863,0.0041603478139108155,0.008286174453038697,0.15249620868834649,0.0821917808219178,0,0.14774921935737917,0.2921788203933773,2.1239754692990633,0.4924407566548825,0.0,1.0,0.0,0.3,0.0,0.3,0.0,0.08,0.02727272727272727,0.25083206956278215,0.25083206956278215
428,0.980740593232399,0.5659431475010337,0.9259696139942211,0.5605551063950932,0.24830207056625644,0.5717887625353774,0.821917808219178,0.43179890660723363,0.4334912384811621,0.1461187214611872,0.5142857142857142,0.403903449029867,0.39743192232504443,0.10571428571428572,0.0639269406392694,0.04,0.3742857142857143,17.714285714285715,0.0182648401826484,0.0,0.02729314445700474,0.11879225973057359,4.136986301369863,0.004035537379493491,0.008038591086568347,0.1524213224276961,0.0821917808219178,0,0.14763577392141364,0.2907179262914104,2.121495959913082,0.48259194152178486,0.0,1.0,0.0,0.3,0.0,0.3,0.0,0.08,0.0639269406392694,0.2508071074758987,0.2508071074758987
429,0.9806460936399233,0.5670569647254379,0.9259104842492148,0.5618711197886004,0.24830207056625644,0.5723523913142873,0.8356164383561644,0.43198155500906016,0.433628224782532,0.1461187214611872,0.5228571428571429,0.4040177347441527,0.3975176366107587,0.10571428571428572,0.0730593607305936,0.045714285714285714,0.3742857142857143,17.72,0.0136986301369863,0.0,0.027306580679224687,0.11877948241312748,4.136986301369863,0.003914471258108686,0.007798376165171983,0.1523486827548652,0.0821917808219178,0,0.14780988860539587,0.2892643366599534,2.1247803264291063,0.5198103915556072,0.0,0.9375,0.0,0.3,0.0,0.3,0.0,0.08,0.0730593607305936,0.25078289425162176,0.25078289425162176
430,0.9807382925553102,0.5675642598690331,0.9259681744277,0.5616014634100776,0.24830207056625644,0.5729077946642874,0.863013698630137,0.43198155500906016,0.433628224782532,0.1461187214611872,0.54,0.4040177347441527,0.3975176366107587,0.10571428571428572,0.0867579908675799,0.054285714285714284,0.3742857142857143,17.757142857142856,0.0136986301369863,0.0,0.027319624459035605,0.11876708841520477,4.136986301369863,0.0037970371203654256,0.007565312112242317,0.15227822227221924,0.0821917808219178,0,0.1474418391623689,0.2878180149766536,2.136570434186239,0.509414183724495,0.0,1.0,0.0,0.3,0.0,0.3,0.0,0.08,0.0867579908675799,0.2507594074240731,0.2507594074240731
431,0.9799844763946441,0.5674994910758956,0.9254965008871688,0.5614716738577227,0.24830207056625644,0.5736095756128249,0.8584474885844748,0.4321642034108866,0.433628224782532,0.1461187214611872,0.5371428571428571,0.4041320204584384,0.3975176366107587,0.10571428571428572,0.0730593607305936,0.04857142857142857,0.3742857142857143,17.762857142857143,0.0182648401826484,0.0,0.02733228694618661,0.11875506623721974,4.136986301369863,0.0036831260067544625,0.007339187674166858,0.15220987560405266,0.0821917808219178,0,0.1477563833598956,0.2863789249017703,2.142410454073942,0.5253840930112403,0.0,0.9411764705882353,0.0,0.3,0.0,0.3,0.0,0.08,0.0730593607305936,0.25073662520135087,0.25073662520135087
432,0.9790846158263499,0.5680936028941115,0.9249334452744361,0.5617266366970692,0.24830207056625644,0.5742194878488591,0.8401826484018264,0.43225552761179986,0.43369671793321696,0.1461187214611872,0.5257142857142857,0.4041891633155813,0.3975604937536158,0.10571428571428572,0.0867579908675799,0.06,0.3742857142857143,17.782857142857143,0.0182648401826484,0.0,0.02734457899230013,0.11874340472457429,4.136986301369863,0.0035726322265518286,0.007119797742611067,0.1521435793359311,0.0821917808219178,0,0.14798788787166756,0.2849470302772615,2.1595622449924634,0.5285612179699247,0.0,0.9523809523809523,0.0,0.3,0.0,0.3,0.0,0.08,0.0867579908675799,0.2507145264453104,0.2507145264453104
433,0.9783997720023256,0.5684573271398168,0.9245049287102609,0.5625656754617311,0.24830207056625644,0.574861671788972,0.8127853881278538,0.43225552761179986,0.43369671793321696,0.1461187214611872,0.5085714285714286,0.4041891633155813,0.3975604937536158,0.10571428571428572,0.0410958904109589,0.025714285714285714,0.3742857142857143,17.768571428571427,0.0182648401826484,0.0,0.027356511157708745,0.11873209305730818,4.136986301369863,0.0034654532597552736,0.006906943181432812,0.15207927195585316,0.0821917808219178,0,0.1474479484323092,0.2835222951258752,2.1420852858068997,0.5179899936105262,0.0,1.0,0.0,0.3,0.0,0.3,0.0,0.08,0.0410958904109589,0.25069309065195106,0.25069309065195106
434,0.977944199889627,0.5686903365541387,0.9242198707311723,0.5628325369092658,0.24830207056625644,0.5754603558328804,0.8264840182648402,0.43225552761179986,0.43369671793321696,0.1461187214611872,0.5171428571428571,0.4041891633155813,0.3975604937536158,0.10571428571428572,0.0547945205479452,0.03428571428571429,0.3742857142857143,17.751428571428573,0.0182648401826484,0.0,0.027368093718207663,0.11872112074006004,4.136986301369863,0.0033614896619626154,0.006700430658132306,0.15201689379717756,0.0821917808219178,0,0.1470809958330048,0.28210468365024577,2.133529294376476,0.5076301937383156,0.0,1.0,0.0,0.3,0.0,0.3,0.0,0.08,0.0547945205479452,0.25067229793239254,0.25067229793239254
435,0.978808745868153,0.5688100884175552,0.9243146218726945,0.5634261497315675,0.24830207056625644,0.5759964619466866,0.8119266055045872,0.4313328996523807,0.4324885455925149,0.14678899082568808,0.5057142857142857,0.4041891633155813,0.3975604937536158,0.10571428571428572,0.05504587155963303,0.03428571428571429,0.37714285714285717,17.771428571428572,0.013761467889908258,0.002857142857142857,0.027410896165591593,0.11871047759232936,4.08256880733945,0.003260644972103737,0.006500072479738717,0.15195638698326225,0.08256880733944955,0,0.14665902013955406,0.28069416023199456,2.1251444227746603,0.4974775898635494,0.0,1.0,0.0,0.3,0.0,0.3,0.0,0.08,0.0547945205479452,0.25065212899442074,0.25065212899442074
436,0.9788240987400035,0.5680210904301656,0.9243241845185901,0.5631060028420395,0.24830207056625644,0.5765299401454377,0.7798165137614679,0.4313328996523807,0.4324885455925149,0.14678899082568808,0.4857142857142857,0.4041891633155813,0.3975604937536158,0.10571428571428572,0.0779816513761468,0.04857142857142857,0.37714285714285717,17.791428571428572,0.01834862385321101,0.0,0.02745379178007082,0.1187001537390306,4.08256880733945,0.0031628256229406246,0.006305686433034863,0.15189769537376438,0.0779816513761468,0,0.14663616715673128,0.27929068943083457,2.131212962890596,0.48752803806627837,0.0,1.0,0.0,0.3,0.0,0.3,0.0,0.08,0.0779816513761468,0.25063256512458815,0.25063256512458815
437,0.9764873162251021,0.5690489257811258,0.9228687028378801,0.5641522431892195,0.24830207056625644,0.5771553703759426,0.8256880733944955,0.4313328996523807,0.4324885455925149,0.14678899082568808,0.5142857142857142,0.4041891633155813,0.3975604937536158,0.10571428571428572,0.06422018348623854,0.04,0.37714285714285717,17.822857142857142,0.022935779816513763,0.0,0.02746442707657751,0.11869013960133075,4.08256880733945,0.0030679408542524057,0.0061170956290268474,0.15184076451255143,0.0779816513761468,0,0.1462738441780905,0.2778942359836804,2.1285887036327837,0.4777774773049528,0.0,1.0,0.0,0.3,0.0,0.3,0.0,0.08,0.06422018348623854,0.2506135881708505,0.2506135881708505
438,0.9765586245578852,0.5685807905256708,0.9229131177422992,0.5640424411231143,0.24830207056625644,0.5777765316992037,0.8486238532110092,0.4313328996523807,0.4324885455925149,0.14678899082568808,0.5285714285714286,0.4041891633155813,0.3975604937536158,0.10571428571428572,0.07339449541284404,0.045714285714285714,0.37714285714285717,17.825714285714287,0.022935779816513763,0.0,0.02747474989794627,0.118680425887762,4.08256880733945,0.0029759026286248335,0.005934128351560153,0.1517855415771749,0.0779816513761468,0,0.14596990638220006,0.276504764803762,2.1317312152744137,0.46822192775885374,0.0,1.0,0.0,0.3,0.0,0.3,0.0,0.08,0.07339449541284404,0.250595180525725,0.250595180525725
439,0.9791242332123126,0.5696023570935421,0.9241895111920676,0.5646560367300316,0.24830207056625644,0.5784621397285429,0.8433179723502304,0.4308965086713054,0.43155278496014104,0.14746543778801843,0.5228571428571429,0.4041891633155813,0.3975604937536158,0.10571428571428572,0.08755760368663594,0.05714285714285714,0.38,17.825714285714287,0.018433179723502304,0.002857142857142857,0.027502124271258484,0.11867100358560022,4.064516129032258,0.0028866255497660884,0.005756617909990158,0.15173197532985966,0.07834101382488479,0,0.14572491470743193,0.2751222409797432,2.1462394481117832,0.45885748920367664,0.0,1.0,0.0,0.3,0.0,0.3,0.0,0.08,0.09174311926605505,0.25057732510995323,0.25057732510995323
440,0.9801806603278124,0.568968428018871,0.9248444960036776,0.5641680333811034,0.24830207056625644,0.5791404289327379,0.8341013824884793,0.43108084046854045,0.4316910338080673,0.14746543778801843,0.5171428571428571,0.40430344902986703,0.39764620803933015,0.10571428571428572,0.08294930875576037,0.05142857142857143,0.38,17.857142857142858,0.013824884792626729,0.0,0.027511859303268552,0.11866186395250329,4.064516129032258,0.002800026783273106,0.0055844024958126015,0.15168001606996387,0.07834101382488479,0,0.14573914727675188,0.2737466297748445,2.1547432305781187,0.4641381400945469,0.0,0.9444444444444444,0.0,0.3,0.0,0.3,0.0,0.08,0.08294930875576037,0.2505600053566546,0.2505600053566546
441,0.9803636770184752,0.5683476351343646,0.9249579663518885,0.5640395245981947,0.24830207056625644,0.5797349151081083,0.880184331797235,0.43126517226577554,0.4318292826559936,0.14746543778801843,0.5457142857142857,0.40441773474415266,0.3977319223250444,0.10571428571428572,0.05069124423963134,0.03142857142857143,0.38,17.865714285714287,0.013824884792626729,0.0,0.02752130777948783,0.11865299850839932,4.064516129032258,0.0027160259797749126,0.00541732504316228,0.15162961558786495,0.07834101382488479,0,0.14601045154036812,0.29806400098235236,2.1430769373951275,0.46337223740300026,0.0,0.8181818181818182,0.0,0.3,0.0,0.3,0.0,0.08,0.05069124423963134,0.25054320519595497,0.25054320519595497
442,0.9799987992969419,0.5695497915367308,0.9247317421645377,0.5648012289691918,0.24830207056625644,0.5803588789528322,0.8294930875576036,0.43126517226577554,0.4318292826559936,0.14746543778801843,0.5142857142857142,0.40441773474415266,0.3977319223250444,0.10571428571428572,0.055299539170506916,0.037142857142857144,0.38,17.874285714285715,0.013824884792626729,0.0,0.027530477973861125,0.11864439902761847,4.064516129032258,0.002634545200381665,0.005255233093089617,0.151580727120229,0.07834101382488479,0,0.14582140285052345,0.2965736809774406,2.137358255790082,0.45410479265494025,0.0,1.0,0.0,0.3,0.0,0.3,0.0,0.08,0.055299539170506916,0.25052690904007635,0.25052690904007635
443,0.9802173105412224,0.5707341513384823,0.9248672191359918,0.565407212653991,0.24830207056625644,0.5807660333469847,0.8018433179723502,0.4313573381643929,0.4318984070799568,0.14746543778801843,0.49714285714285716,0.4044748776012956,0.3977747794679016,0.10571428571428572,0.06912442396313365,0.04857142857142857,0.38,17.874285714285715,0.013824884792626729,0.0,0.02753937793101054,0.11863605753126102,4.064516129032258,0.002555508844370215,0.005097978661524283,0.15153330530662212,0.07834101382488479,0,0.14617235610279905,0.2950908125725534,2.1431825192457095,0.518574057870529,0.0,0.9411764705882353,0.0,0.3,0.0,0.3,0.0,0.08,0.06912442396313365,0.25051110176887403,0.25051110176887403
444,0.9799953942894821,0.5704108985051434,0.9247296310599127,0.5649736088210715,0.24830207056625644,0.581181630283376,0.8018433179723502,0.4313573381643929,0.4318984070799568,0.14746543778801843,0.49714285714285716,0.4044748776012956,0.3977747794679016,0.10571428571428572,0.059907834101382486,0.037142857142857144,0.38,17.897142857142857,0.013824884792626729,0.0,0.027548015472013906,0.11862796627979429,4.064516129032258,0.0024788435790391084,0.004945418110839261,0.15148730614742345,0.07834101382488479,0,0.14581079426882068,0.2936153585096906,2.1374617260036524,0.5082025767131183,0.0,1.0,0.0,0.3,0.0,0.3,0.0,0.08,0.059907834101382486,0.2504957687158078,0.2504957687158078
445,0.9809033859082674,0.5709014459128643,0.9252925858635597,0.5653188884573134,0.24830207056625644,0.5815228703701778,0.8202764976958525,0.4313573381643929,0.4318984070799568,0.14746543778801843,0.5085714285714286,0.4044748776012956,0.3977747794679016,0.10571428571428572,0.059907834101382486,0.04,0.38,17.897142857142857,0.013824884792626729,0.0,0.02755639820007359,0.11862011776587161,4.064516129032258,0.002404478271667935,0.004797412024927561,0.15144268696300076,0.07834101382488479,0,0.14565074813678017,0.29214728171714216,2.1347124914835787,0.49803852517885594,0.0,1.0,0.0,0.3,0.0,0.3,0.0,0.08,0.059907834101382486,0.25048089565433357,0.25048089565433357
446,0.9800874407839673,0.5706990360299579,0.9247866998864935,0.5647472491573504,0.24830207056625644,0.581721663640817,0.8018433179723502,0.431541669961628,0.432036655927883,0.14746543778801843,0.49714285714285716,0.4045891633155813,0.3978604937536159,0.10571428571428572,0.055299539170506916,0.03428571428571429,0.38,17.882857142857144,0.013824884792626729,0.0,0.027564533506075368,0.11861250470736652,4.064516129032258,0.002332343923517897,0.004653825087704844,0.15139940635411073,0.07834101382488479,0,0.14609349439609623,0.2953105675836901,2.1263039559396213,0.5584563609392518,0.0,0.8333333333333334,0.0,0.3,0.0,0.3,0.0,0.08,0.055299539170506916,0.2504664687847036,0.2504664687847036
447,0.9811243610389984,0.5703222603993584,0.9254295904446128,0.5642718649136583,0.24830207056625644,0.5819253135651272,0.8294930875576036,0.43172600175886305,0.4321749047758093,0.15207373271889402,0.5142857142857142,0.40470344902986694,0.3979462080393301,0.10857142857142857,0.06451612903225806,0.04285714285714286,0.38,17.882857142857144,0.013824884792626729,0.0,0.027572428574037144,0.11860512004061664,4.064516129032258,0.0022623736058123597,0.00451452596495705,0.1513574241634874,0.07834101382488479,0,0.1466193133526872,0.30997109150140884,2.126635019677972,0.6177454634670748,0.0,0.8666666666666667,0.0,0.3,0.0,0.3,0.0,0.08,0.06451612903225806,0.2504524747211625,0.2504524747211625
448,0.982064441730921,0.5722035913617829,0.9260124404736049,0.565388819296564,0.24830207056625644,0.5820168645507912,0.8525345622119815,0.43172600175886305,0.4321749047758093,0.15207373271889402,0.5285714285714286,0.40470344902986694,0.3979462080393301,0.10857142857142857,0.06451612903225806,0.04,0.38,17.917142857142856,0.013824884792626729,0.0,0.02758009038644758,0.1185979569138693,4.064516129032258,0.002194502397637989,0.0043793871894469705,0.15131670143858278,0.07834101382488479,0,0.1463982246252273,0.30842123604390176,2.1241023192844124,0.6053905541977334,0.0,1.0,0.0,0.3,0.0,0.3,0.0,0.08,0.06451612903225806,0.2504389004795276,0.2504389004795276
449,0.9814826060264259,0.5717447252102782,0.9256517023368178,0.5652138399278835,0.24830207056625644,0.582276850295444,0.815668202764977,0.43181816765748054,0.4322440291997724,0.15207373271889402,0.5057142857142857,0.4047605918870098,0.39798906518218724,0.10857142857142857,0.06912442396313365,0.045714285714285714,0.38,17.911428571428573,0.018433179723502304,0.0,0.027587525729494935,0.11859100868092433,4.064516129032258,0.002128667325708849,0.004248285049200606,0.1512772003954253,0.07834101382488479,0,0.14652294778781547,0.30687912986368227,2.1273345586130104,0.6134366008772872,0.0,0.9375,0.0,0.3,0.0,0.3,0.0,0.08,0.06912442396313365,0.25042573346514174,0.25042573346514174
