t,mean_x,mean_y,mean_x_all,mean_y_all,mean_L,y0,mean_epc,mean_r,mean_b,fund_prevalence,mean_epc_all,mean_r_all,mean_b_all,fund_prevalence_all,punish_rate,mean_punished,exit_rate,mean_exit_intent,exit_attempt_rate,exit_success_rate,p_opp_mean,stay_value,mean_degree_active,threat,A,budget,enforcer_frac,n_cadre_fallback,cap_mean,cap_p90,service_mean,service_p90,monopoly_on,enforcer_punish_share_step,alpha_punish_revalue,delta_outside_degrade,mu_membership_reward,current_delta,eta_delta_drift,punish_floor,punish_intensity_step,pi_reward,lam_punish
0,0.3564580703777704,0.48999219874818195,0.3564580703777704,0.48999219874818195,0.23380311223024616,0.5,0.0,0.3276908841355114,0.340961521975352,0.005714285714285714,0.0,0.3276908841355114,0.340961521975352,0.005714285714285714,0.0,0.0,0.0,0.0,0.0,0.0,0.5,0.0,11.794285714285714,0.0,0.0,0.0,0.0,0,0.0,0.0,0.0,0.0,0.0,0.0,0.0,0.2,0.0,0.2,0.05,0.08,0.0,0.5,0.25
1,0.36626519961743464,0.490087570392444,0.36626519961743464,0.490087570392444,0.23380311223024616,0.49977913893067233,0.6657142857142857,0.32837659842122563,0.34147580768963776,0.008571428571428572,0.6657142857142857,0.32837659842122563,0.34147580768963776,0.008571428571428572,0.02,0.022857142857142857,0.0,0.022857142857142857,0.0,0.0,0.03331708662755978,0.08436634914903715,11.794285714285714,0.0,0.0,0.15,0.08,28,0.0034285714285714284,0.0,0.022857142857142857,0.0,0.0,1.0,0.0,0.2,0.0,0.2,0.05,0.08,0.02,0.5,0.25
2,0.37533656287217876,0.48973411227015623,0.37533656287217876,0.48973411227015623,0.23380311223024616,0.500915500245209,0.8371428571428572,0.3296908841355114,0.342461521975352,0.008571428571428572,0.8371428571428572,0.3296908841355114,0.342461521975352,0.008571428571428572,0.037142857142857144,0.037142857142857144,0.0,0.025714285714285714,0.0,0.0,0.03331708662755978,0.08436634914903715,11.794285714285714,0.0,0.0,0.15,0.08,25,0.008982857142857143,0.0,0.05954285714285714,0.0,0.0,1.0,0.0,0.2,0.0,0.2,0.05,0.08,0.037142857142857144,0.5,0.25
3,0.3851677598778795,0.48971197766219154,0.3851677598778795,0.48971197766219154,0.23380311223024616,0.5021369079095888,0.8942857142857142,0.3312337412783685,0.3436186648324949,0.017142857142857144,0.8942857142857142,0.3312337412783685,0.3436186648324949,0.017142857142857144,0.04857142857142857,0.04857142857142857,0.0,0.037142857142857144,0.0,0.0,0.03331708662755978,0.08436634914903715,11.794285714285714,0.0,0.0,0.15,0.08,21,0.016223657142857142,0.0,0.10692342857142857,0.0,0.0,0.8235294117647058,0.0,0.2,0.0,0.2,0.05,0.08,0.04857142857142857,0.5,0.25
4,0.39429633446840845,0.48908792926536504,0.39429633446840845,0.48908792926536504,0.23380311223024616,0.5026365836442531,0.9257142857142857,0.3329480269926542,0.3449043791182092,0.017142857142857144,0.9257142857142857,0.3329480269926542,0.3449043791182092,0.017142857142857144,0.04857142857142857,0.04857142857142857,0.0,0.04285714285714286,0.0,0.0,0.03331708662755978,0.08436634914903715,11.794285714285714,0.0,0.0,0.15,0.08,19,0.023428253142857142,0.0,0.15335638857142855,0.0,0.0,1.0,0.0,0.2,0.0,0.2,0.05,0.08,0.04857142857142857,0.5,0.25
5,0.40504887836803033,0.4894112390828001,0.40504887836803033,0.4894112390828001,0.23380311223024616,0.5030250256474603,0.8914285714285715,0.3343788216215406,0.34600081647625824,0.017142857142857144,0.8914285714285715,0.3343788216215406,0.34600081647625824,0.017142857142857144,0.045714285714285714,0.04857142857142857,0.0,0.06857142857142857,0.0,0.0,0.03331708662755978,0.08436634914903715,11.794285714285714,0.0,0.0,0.15,0.08,15,0.030596826162857138,0.0,0.19886068937142853,0.0,0.0,0.9411764705882353,0.0,0.2,0.0,0.2,0.05,0.08,0.045714285714285714,0.5,0.25
6,0.41383996610876783,0.4894423106804441,0.41383996610876783,0.4894423106804441,0.23380311223024616,0.5031053951844026,0.9028571428571428,0.3361336298980168,0.3471602634209343,0.02,0.9028571428571428,0.3361336298980168,0.3471602634209343,0.02,0.06571428571428571,0.06571428571428571,0.0,0.06285714285714286,0.0,0.0,0.03331708662755978,0.08436634914903715,11.794285714285714,0.0,0.0,0.15,0.08,12,0.039234800832402675,0.0,0.2605977612982857,0.0,0.0,0.9130434782608695,0.0,0.2,0.0,0.2,0.05,0.08,0.06571428571428571,0.5,0.25
7,0.42371884742273325,0.490009320683402,0.42371884742273325,0.490009320683402,0.23380311223024616,0.5026144001051687,0.9171428571428571,0.33756220132658826,0.3482316919923628,0.02,0.9171428571428571,0.33756220132658826,0.3482316919923628,0.02,0.05714285714285714,0.05714285714285714,0.0,0.08,0.0,0.0,0.03331708662755978,0.08436634914903715,11.794285714285714,0.0,0.0,0.15,0.08,12,0.04550400940949736,0.0,0.31252866321517714,0.0,0.0,1.0,0.0,0.2,0.0,0.2,0.05,0.08,0.05714285714285714,0.5,0.25
8,0.4312081676608922,0.49034521116444174,0.4312081676608922,0.49034521116444174,0.23380311223024616,0.5020686691256339,0.9257142857142857,0.340032163308505,0.35007454913522,0.02,0.9257142857142857,0.340032163308505,0.35007454913522,0.02,0.08285714285714285,0.08857142857142856,0.0,0.09428571428571429,0.0,0.0,0.03316839031729802,0.08436634914903715,11.794285714285714,0.0,0.0,0.15,0.08,10,0.05647648936244987,0.0,0.3948495185223021,0.0,0.0,0.9032258064516129,0.0,0.2,0.0,0.21242857142857144,0.05,0.08,0.08285714285714285,0.5,0.25
9,0.44083027253652013,0.4899830889230775,0.44083027253652013,0.4899830889230775,0.23380311223024616,0.5014012808623415,0.9314285714285714,0.34140359187993363,0.3512959295409823,0.022857142857142857,0.9314285714285714,0.34140359187993363,0.3512959295409823,0.022857142857142857,0.054285714285714284,0.06571428571428571,0.0,0.09714285714285714,0.0,0.0,0.03316839031729802,0.08436634914903715,11.794285714285714,0.0,0.0,0.15,0.08,8,0.06230824977278048,0.0,0.4526668138661418,0.0,0.0,1.0,0.0,0.2,0.0,0.21242857142857144,0.05,0.08,0.054285714285714284,0.5,0.25
10,0.4484926834160962,0.4897436315898077,0.4484926834160962,0.4897436315898077,0.23380311223024616,0.5007648485373425,0.9171428571428571,0.34218370738771925,0.3518961038709337,0.022857142857142857,0.9171428571428571,0.34218370738771925,0.3518961038709337,0.022857142857142857,0.045714285714285714,0.04857142857142857,0.0,0.1457142857142857,0.0,0.0,0.03316839031729802,0.08436634914903715,11.794285714285714,0.0,0.0,0.15,0.08,6,0.06656113267607548,0.0,0.49218490616024757,0.0,0.0,0.8823529411764706,0.0,0.2,0.0,0.21242857142857144,0.05,0.08,0.045714285714285714,0.5,0.25
11,0.45818314639460334,0.48993557831698875,0.45818314639460334,0.48993557831698875,0.23380311223024616,0.49997101386425774,0.92,0.34275513595914786,0.35237770924137735,0.025714285714285714,0.92,0.34275513595914786,0.35237770924137735,0.025714285714285714,0.05142857142857143,0.054285714285714284,0.0,0.15142857142857144,0.0,0.0,0.03316839031729802,0.08436634914903715,11.794285714285714,0.0,0.0,0.15,0.08,6,0.069608166141864,0.0,0.5366269223227568,0.0,0.0,0.8947368421052632,0.0,0.2,0.0,0.21242857142857144,0.05,0.08,0.05142857142857143,0.5,0.25
12,0.46986999355461795,0.4903010326855694,0.46986999355461795,0.4903010326855694,0.23380311223024616,0.4986788665170251,0.8828571428571429,0.34304085024486214,0.352591994955663,0.025714285714285714,0.8828571428571429,0.34304085024486214,0.352591994955663,0.025714285714285714,0.025714285714285714,0.025714285714285714,0.0,0.17142857142857143,0.0,0.0,0.03316839031729802,0.08436634914903715,11.794285714285714,0.0,0.0,0.15,0.08,5,0.07065998245401184,0.0,0.5516086695905875,0.0,0.0,1.0,0.0,0.2,0.0,0.21242857142857144,0.05,0.08,0.025714285714285714,0.5,0.25
13,0.4808809629789686,0.490831724971709,0.4808809629789686,0.490831724971709,0.23380311223024616,0.49751416546785593,0.9114285714285715,0.34384085024486216,0.35319199495566306,0.025714285714285714,0.9114285714285715,0.34384085024486216,0.35319199495566306,0.025714285714285714,0.05142857142857143,0.05142857142857143,0.0,0.20285714285714285,0.0,0.0,0.03316839031729802,0.08436634914903715,11.794285714285714,0.0,0.0,0.15,0.08,4,0.07430639682745606,0.014266651956989819,0.5920050676273472,0.08170728068877324,0.0,0.9444444444444444,0.0,0.2,0.0,0.21242857142857144,0.05,0.08,0.05142857142857143,0.5,0.25
14,0.49034124175165267,0.4916698858156459,0.49034124175165267,0.4916698858156459,0.23380311223024616,0.49643515116825254,0.9171428571428571,0.34555513595914783,0.35447770924137734,0.03142857142857143,0.9171428571428571,0.34555513595914783,0.35447770924137734,0.03142857142857143,0.07142857142857142,0.08571428571428572,0.0,0.23142857142857143,0.0,0.0,0.03316839031729802,0.08436634914903715,11.794285714285714,0.0,0.0,0.15,0.08,4,0.08166972711681501,0.14490087495962437,0.6658792519890858,0.8698972180084482,0.0,0.8666666666666667,0.0,0.2,0.0,0.21242857142857144,0.05,0.08,0.07142857142857142,0.5,0.25
15,0.5014639522805521,0.49183827395413254,0.5014639522805521,0.49183827395413254,0.23380311223024616,0.4955041759397665,0.8971428571428571,0.3468479762823805,0.35554913781280584,0.03142857142857143,0.8971428571428571,0.3468479762823805,0.35554913781280584,0.03142857142857143,0.06857142857142857,0.07142857142857142,0.0,0.32,0.0,0.0,0.03316839031729802,0.08436634914903715,11.794285714285714,0.0,0.0,0.15,0.08,3,0.08616928886718972,0.14482809702142263,0.7239902383778756,0.8681255332467198,0.0,0.92,0.0,0.2,0.0,0.21242857142857144,0.05,0.08,0.06857142857142857,0.5,0.25
16,0.5128413423701265,0.49157880754527605,0.5128413423701265,0.49157880754527605,0.23380311223024616,0.4944261695842294,0.8942857142857142,0.34814398528161705,0.35667645378589435,0.03142857142857143,0.8942857142857142,0.34814398528161705,0.35667645378589435,0.03142857142857143,0.07142857142857142,0.07428571428571429,0.0,0.4142857142857143,0.0,0.0,0.03316839031729802,0.08436634914903715,11.794285714285714,0.0,0.0,0.15,0.08,3,0.09025230027999662,0.14643470479645315,0.7837961478960324,0.9076479171200007,0.0,0.9230769230769231,0.0,0.2,0.0,0.21242857142857144,0.05,0.08,0.07142857142857142,0.5,0.25
17,0.5205967909465186,0.49166778238012754,0.5205967909465186,0.49166778238012754,0.23380311223024616,0.4936827680691928,0.9085714285714286,0.3492433613091684,0.35753359664303724,0.03142857142857143,0.9085714285714286,0.3492433613091684,0.35753359664303724,0.03142857142857143,0.06,0.06,0.0,0.4142857142857143,0.0,0.0,0.03316839031729802,0.08436634914903715,11.794285714285714,0.0,0.0,0.15,0.08,2,0.09260075306431093,0.14570253127247088,0.8281202249381118,0.8894949587776007,0.0,1.0,0.0,0.2,0.0,0.21242857142857144,0.05,0.08,0.06,0.5,0.25
18,0.5292375913236763,0.49212536261432605,0.5292375913236763,0.49212536261432605,0.23380311223024616,0.4930739580050938,0.8914285714285715,0.3509185922465975,0.35918111579472173,0.03428571428571429,0.8914285714285715,0.3509185922465975,0.35918111579472173,0.03428571428571429,0.08857142857142856,0.1,0.0,0.4685714285714286,0.0,0.0,0.0330183084008961,0.08436634914903715,11.794285714285714,0.0,0.0,0.15,0.08,1,0.09970860715613221,0.14702242509375,0.9115578204393494,0.9223681599999999,0.0,0.9428571428571428,0.0,0.2,0.0,0.22509285714285715,0.05,0.08,0.08857142857142856,0.5,0.25
19,0.5379462156400299,0.4931038630533238,0.5379462156400299,0.4931038630533238,0.23380311223024616,0.4922623090024656,0.9,0.3521809551261659,0.3604239729375789,0.037142857142857144,0.9,0.3521809551261659,0.3604239729375789,0.037142857142857144,0.10857142857142857,0.11142857142857143,0.0,0.5857142857142857,0.008571428571428572,0.0,0.03284204339389389,0.08436634914903715,11.794285714285714,0.0,0.0,0.15,0.08,1,0.10579268122739124,0.14636082418082813,1.0047552354591338,0.9057655331200002,0.0,0.9230769230769231,0.0,0.2,0.0,0.24012392857142859,0.05,0.08,0.10857142857142857,0.5,0.25
20,0.5460737124011753,0.49285155578400996,0.5460737124011753,0.49285155578400996,0.23380311223024616,0.49267356143103364,0.8742857142857143,0.3528095265547373,0.3610410881429257,0.037142857142857144,0.8742857142857143,0.3528095265547373,0.3610410881429257,0.037142857142857144,0.07714285714285714,0.07714285714285714,0.0,0.6828571428571428,0.008571428571428572,0.0,0.03284204339389389,0.08436634914903715,11.794285714285714,0.0,0.0,0.15,0.08,1,0.10809214639268287,0.14628731296828124,1.0618029878928084,0.9039207967999998,0.0,0.9629629629629629,0.0,0.2,0.0,0.24012392857142859,0.05,0.08,0.07714285714285714,0.5,0.25
21,0.5546161781644301,0.49339670450536466,0.5546161781644301,0.49339670450536466,0.23380311223024616,0.492937485009907,0.8857142857142857,0.35395238369759446,0.36211251671435424,0.04285714285714286,0.8857142857142857,0.35395238369759446,0.36211251671435424,0.04285714285714286,0.06571428571428571,0.07142857142857142,0.0,0.7485714285714286,0.008571428571428572,0.0,0.03284204339389389,0.08436634914903715,11.794285714285714,0.0,0.0,0.15,0.08,0,0.11252282851786231,0.14562902005992398,1.1119954995635235,0.8876502224576002,0.0,0.96,0.0,0.2,0.0,0.24012392857142859,0.05,0.08,0.06571428571428571,0.5,0.25
22,0.5637833014390925,0.49383699859461166,0.5637833014390925,0.49383699859461166,0.23380311223024616,0.49276867143048225,0.8771428571428571,0.35594165195921357,0.3635268024286399,0.05142857142857143,0.8771428571428571,0.35594165195921357,0.3635268024286399,0.05142857142857143,0.1,0.10857142857142857,0.0,0.8942857142857142,0.011428571428571429,0.0,0.032691288083579614,0.08436634914903715,11.794285714285714,0.0,0.0,0.15,0.08,0,0.12081692866098728,0.14490087495962437,1.1983270181436816,0.8698972180084482,0.0,1.0,0.0,0.2,0.0,0.25311773214285715,0.05,0.08,0.1,0.5,0.25
23,0.572744807071031,0.49302112542097876,0.572744807071031,0.49302112542097876,0.23380311223024616,0.49331233145091624,0.8371428571428572,0.3574845091020707,0.3649410881429257,0.05142857142857143,0.8371428571428572,0.3574845091020707,0.3649410881429257,0.05142857142857143,0.12,0.12285714285714286,0.0,0.9914285714285714,0.014285714285714285,0.0,0.032515182094944785,0.08436634914903715,11.794285714285714,0.0,0.0,0.15,0.08,0,0.1267261451365328,0.14417637058482624,1.2972176206379509,0.8524992736482793,0.0,1.0,0.0,0.2,0.0,0.2684618455357143,0.05,0.08,0.12,0.5,0.25
24,0.5809358527907086,0.49355383742567255,0.5809358527907086,0.49355383742567255,0.23380311223024616,0.49382248563899767,0.8514285714285714,0.35849924812685374,0.3660553738572114,0.05142857142857143,0.8514285714285714,0.35849924812685374,0.3660553738572114,0.05142857142857143,0.08857142857142856,0.09714285714285714,0.0,1.0742857142857143,0.017142857142857144,0.0,0.032403076393607955,0.08436634914903715,11.794285714285714,0.0,0.0,0.15,0.08,0,0.1288647255396672,0.14424914852302798,1.368416125368049,0.8542709584100077,0.0,0.9705882352941176,0.0,0.2,0.0,0.27832446754464285,0.05,0.08,0.08857142857142856,0.5,0.25
25,0.589611311383199,0.49309300056726413,0.589611311383199,0.49309300056726413,0.23380311223024616,0.49431331551153485,0.8171428571428572,0.3599278195554252,0.3675982310000685,0.05714285714285714,0.8171428571428572,0.3599278195554252,0.3675982310000685,0.05714285714285714,0.11142857142857143,0.12,0.0,1.2914285714285714,0.014285714285714285,0.0,0.03225886521781971,0.08436634914903715,11.794285714285714,0.0,0.0,0.15,0.08,0,0.13287095057526385,0.14482809702142263,1.4610478028606881,0.8681255332467198,0.0,0.9761904761904762,0.0,0.2,0.0,0.2911225298816964,0.05,0.08,0.11142857142857143,0.5,0.25
26,0.5980326909619005,0.4937967905195256,0.5980326909619005,0.4937967905195256,0.23380311223024616,0.4951421290059267,0.8085714285714286,0.36059378005948284,0.3683268024286399,0.05714285714285714,0.8085714285714286,0.36059378005948284,0.3683268024286399,0.05714285714285714,0.07714285714285714,0.08,0.0,1.457142857142857,0.017142857142857144,0.0,0.03225886521781971,0.08436634914903715,11.794285714285714,0.0,0.0,0.15,0.08,0,0.1346350243938161,0.14417637058482624,1.5118268468034743,0.8524992736482793,0.0,0.9642857142857143,0.0,0.2,0.0,0.2911225298816964,0.05,0.08,0.07714285714285714,0.5,0.25
27,0.6048987319013402,0.4926985490961567,0.6048987319013402,0.4926985490961567,0.23380311223024616,0.4960187577172064,0.7714285714285715,0.3620356204915422,0.36993118843292655,0.05714285714285714,0.7714285714285715,0.3620356204915422,0.36993118843292655,0.05714285714285714,0.13428571428571429,0.1457142857142857,0.0,1.6571428571428573,0.022857142857142857,0.0,0.03208514032883424,0.08436634914903715,11.794285714285714,0.0,0.0,0.15,0.08,0,0.13952942420207254,0.14410395653631553,1.6273045955816905,0.8507630225817854,0.0,0.9607843137254902,0.0,0.2,0.0,0.3067092605304687,0.05,0.08,0.13428571428571429,0.5,0.25
28,0.6122458954042148,0.4930639915849324,0.6122458954042148,0.4930639915849324,0.23380311223024616,0.4969254622338468,0.7485714285714286,0.3638641919201136,0.3717036349289564,0.05714285714285714,0.7485714285714286,0.3638641919201136,0.3717036349289564,0.05714285714285714,0.13142857142857142,0.14857142857142858,0.0,1.8457142857142856,0.03142857142857143,0.0,0.03192672297698761,0.08436634914903715,11.794285714285714,0.0,0.0,0.15,0.08,0,0.1444313492239193,0.14338343675363394,1.7433299322414852,0.8337477621301497,0.0,1.0,0.0,0.2,0.0,0.321088083218231,0.05,0.08,0.13142857142857142,0.5,0.25
29,0.6221702457055516,0.4930628489554244,0.621460093989686,0.49290967783249584,0.23380311223024616,0.49788903480685204,0.7593123209169055,0.3650387646015213,0.37396144737033427,0.0659025787965616,0.7571428571428571,0.3654990200822695,0.3732036349289565,0.06571428571428571,0.11174785100286533,0.13428571428571429,0.002857142857142857,2.0514285714285716,0.03724928366762178,0.002857142857142857,0.03184551621285459,0.08436634914903715,11.656160458452723,0.0,0.0,0.15,0.08022922636103152,0,0.14973676675994257,0.14432229217951215,1.8427490478823698,0.856078800003608,0.0,0.9574468085106383,0.0,0.2,0.0,0.3317479647716052,0.05,0.08,0.11142857142857143,0.5,0.25
30,0.6305928429674859,0.49244950619468325,0.629858626688015,0.49229590019962527,0.23380311223024616,0.4986201674309003,0.7048710601719198,0.3655545239138422,0.3746061465107355,0.0659025787965616,0.7028571428571428,0.3660133057965552,0.37384649207181353,0.06571428571428571,0.11461318051575932,0.12285714285714286,0.002857142857142857,2.3057142857142856,0.04297994269340974,0.0,0.03178927179788815,0.08436634914903715,11.656160458452723,0.0,0.0,0.15,0.08022922636103152,0,0.15207294078328573,0.14562902005992398,1.928751209781865,0.8876502224576002,0.0,0.9767441860465116,0.0,0.2,0.0,0.3423525436103888,0.05,0.08,0.11461318051575932,0.5,0.25
31,0.6377652535722599,0.4922098447283223,0.637010544691061,0.4920687504106273,0.23380311223024616,0.4992612365998417,0.6934097421203438,0.3671018018508049,0.37663503362517725,0.06876790830945559,0.6914285714285714,0.36755616293941235,0.3758695823659284,0.06857142857142857,0.12320916905444126,0.14,0.002857142857142857,2.5342857142857143,0.06017191977077364,0.0,0.031666467000003716,0.08436634914903715,11.656160458452723,0.0,0.0,0.15,0.08022922636103152,0,0.1572083255231588,0.14562902005992398,2.030176185586228,0.8876502224576002,0.0,0.9795918367346939,0.0,0.2,0.0,0.35371629178803554,0.05,0.08,0.12320916905444126,0.5,0.25
32,0.6454591390942764,0.49280427118298376,0.6436285580979476,0.49255438857642814,0.23380311223024616,0.49965312455689653,0.6628242074927954,0.36934256844917546,0.37726577258999516,0.069164265129683,0.6571428571428571,0.36812759151084096,0.37680076029197873,0.06857142857142857,0.12968299711815562,0.14,0.008571428571428572,2.797142857142857,0.06051873198847262,0.005714285714285714,0.031555057289301115,0.08436634914903715,11.636887608069165,0.0,0.0,0.15,0.08069164265129683,0,0.15723527324157138,0.14490087495962437,2.1295726618745032,0.8698972180084482,0.0,1.0,0.0,0.2,0.0,0.3653714514106682,0.05,0.08,0.12893982808022922,0.5,0.25
33,0.652828069802552,0.49281477355730446,0.6509343265430094,0.49248238678036843,0.23380311223024616,0.5000055918129153,0.6657060518731989,0.37061057997655306,0.3787900536064459,0.07204610951008646,0.66,0.3693847343679837,0.37831197604257427,0.07142857142857142,0.1440922190201729,0.17142857142857143,0.008571428571428572,3.1028571428571428,0.07492795389048991,0.0,0.03141589063984283,0.08436634914903715,11.636887608069165,0.0,0.0,0.15,0.08069164265129683,0,0.15811551243083571,0.14417637058482624,2.258409780065585,0.8524992736482793,0.0,1.0,0.0,0.2,0.0,0.3787167116931607,0.05,0.08,0.1440922190201729,0.5,0.25
34,0.6609025948540396,0.4922650588421849,0.65893964137977,0.49191976478055444,0.23380311223024616,0.5004609545454017,0.6484149855907781,0.37186485475868003,0.3798707452490973,0.07204610951008646,0.6428571428571429,0.3706282582234069,0.3793834046140029,0.07142857142857142,0.15561959654178675,0.1657142857142857,0.008571428571428572,3.3114285714285714,0.08645533141210375,0.0,0.03126455814944818,0.08436634914903715,11.636887608069165,0.0,0.0,0.15,0.08069164265129683,0,0.1604390777258244,0.14417637058482624,2.3789558701785585,0.8524992736482793,0.0,0.9827586206896551,0.0,0.2,0.0,0.39312381558977066,0.05,0.08,0.15561959654178675,0.5,0.25
35,0.6670606765112139,0.49209187126281734,0.6650929993739308,0.49179911645165003,0.23380311223024616,0.5009360595062036,0.5884057971014492,0.37265921306367855,0.3799714113850533,0.07246376811594203,0.58,0.3710246419638705,0.37981936236281577,0.07142857142857142,0.13043478260869565,0.14285714285714285,0.014285714285714285,3.58,0.10144927536231885,0.005714285714285714,0.031147771729004136,0.08436634914903716,11.634782608695652,0.0,0.0,0.15,0.08115942028985507,0,0.16063659662290955,0.14410395653631553,2.47423389563213,0.8507630225817854,0.0,0.98,0.0,0.2,0.0,0.4029200743780055,0.05,0.08,0.12968299711815562,0.5,0.25
36,0.6719857461312561,0.4925733949401896,0.6699743829461813,0.4920295561391045,0.23380311223024616,0.5013052105180013,0.563953488372093,0.37252822359650817,0.3805189677350395,0.07267441860465117,0.5542857142857143,0.37131035624958486,0.38050570318742627,0.07142857142857142,0.1569767441860465,0.17714285714285713,0.017142857142857144,3.8,0.11046511627906977,0.002857142857142857,0.031068996416561957,0.08436634914903716,11.529069767441861,0.0,0.0,0.15,0.08139534883720931,0,0.16186084363979503,0.14352790278041283,2.6018920748623446,0.8371855392418075,0.0,0.9838709677419355,0.0,0.2,0.0,0.4162523315286704,0.05,0.08,0.1565217391304348,0.5,0.25
37,0.6774739313990411,0.49331962180580746,0.6753684850379471,0.49271004997162804,0.23380311223024616,0.5015805721318982,0.5087209302325582,0.3729933398755779,0.3811294328513186,0.0755813953488372,0.5,0.3717674991067277,0.3811057031874263,0.07428571428571429,0.14534883720930233,0.14857142857142858,0.017142857142857144,4.0285714285714285,0.13662790697674418,0.0,0.030979401916553292,0.08436634914903716,11.529069767441861,0.0,0.0,0.15,0.08139534883720931,0,0.16370853942159605,0.14281026326651078,2.698425661936526,0.8204418284569713,0.0,1.0,0.0,0.2,0.0,0.42724204053363224,0.05,0.08,0.14534883720930233,0.5,0.25
38,0.6825044364332667,0.4931024129077929,0.6803127528430147,0.4923212311871006,0.23380311223024616,0.5016056868079317,0.5436046511627907,0.37347972564685,0.3816691450991226,0.07848837209302326,0.5342857142857143,0.3722455468362065,0.38163616322526794,0.07714285714285714,0.12790697674418605,0.14,0.017142857142857144,4.277142857142858,0.14825581395348839,0.0,0.030899660094963623,0.08436634914903716,11.529069767441861,0.0,0.0,0.15,0.08139534883720931,0,0.16515296941371244,0.14209621195017821,2.784457148697796,0.8040329918878318,0.0,0.9795918367346939,0.0,0.2,0.0,0.4350659850185785,0.05,0.08,0.12790697674418605,0.5,0.25
39,0.6871496640624614,0.49304266744933095,0.6855289409592967,0.492486950635148,0.23380311223024616,0.5019880630139096,0.5233918128654971,0.3738506144468097,0.3826838352578321,0.07894736842105263,0.5114285714285715,0.3724169754076351,0.38193616322526786,0.07714285714285714,0.13157894736842105,0.15428571428571428,0.022857142857142857,4.448571428571428,0.14327485380116958,0.005714285714285714,0.030887478164794716,0.08436634914903715,11.32748538011696,0.0,0.0,0.15,0.08187134502923976,0,0.16621249028092958,0.1427382112882426,2.883053720009554,0.8187403024118074,0.0,0.9814814814814815,0.0,0.2,0.0,0.4433708253025333,0.05,0.08,0.13372093023255813,0.5,0.25
40,0.6922318199298677,0.4925190949501681,0.6906396632928072,0.4923218194684405,0.23380311223024616,0.5023581887626836,0.49853372434017595,0.3743072375401198,0.38401114787367796,0.07917888563049853,0.4857142857142857,0.3727026896933494,0.38236473465383936,0.07714285714285714,0.1436950146627566,0.1657142857142857,0.025714285714285714,4.694285714285714,0.16129032258064516,0.002857142857142857,0.03088471709544169,0.08436634914903715,11.249266862170089,0.0,0.0,0.15,0.07917888563049853,0,0.16729514282952493,0.14202452023180137,2.9911069313236482,0.8023654963635712,0.0,1.0,0.0,0.2,0.0,0.45313210859881015,0.05,0.08,0.14619883040935672,0.5,0.25
41,0.6963220175001628,0.49177596816599184,0.6949318224136056,0.4925495492762741,0.23380311223024616,0.5026129534797853,0.5236686390532544,0.37450840808749936,0.38350126048953886,0.07988165680473373,0.5057142857142857,0.3729312611219208,0.38279330608241074,0.07714285714285714,0.12721893491124261,0.13428571428571429,0.03428571428571429,4.922857142857143,0.15680473372781065,0.008571428571428572,0.030956203552795058,0.08436634914903716,11.04733727810651,0.0,0.0,0.15,0.07988165680473373,0,0.16791424566896657,0.14131439763064235,3.06557050698289,0.7863181864362998,0.0,1.0,0.0,0.2,0.0,0.45983034187854704,0.05,0.08,0.12903225806451613,0.5,0.25
42,0.703253103101008,0.49183920752881316,0.7016365577702396,0.49251762212861977,0.23380311223024616,0.5029299150180574,0.5370919881305638,0.3743161748275631,0.3844342579872854,0.08011869436201781,0.5171428571428571,0.3729312611219208,0.3830504489395536,0.07714285714285714,0.10682492581602374,0.11428571428571428,0.037142857142857144,5.102857142857143,0.17804154302670624,0.002857142857142857,0.03096578751198918,0.08436634914903716,11.032640949554896,0.0,0.0,0.15,0.08011869436201781,0,0.16755996015490748,0.14060782564248914,3.1185448111289467,0.7705918227075738,0.0,1.0,0.0,0.2,0.0,0.46281515614556645,0.05,0.08,0.10650887573964497,0.5,0.25
43,0.7091694863292779,0.4927180394462158,0.7067507039068394,0.4932764608120178,0.23380311223024616,0.5031807356530644,0.5059523809523809,0.3732654988694359,0.3849921232558023,0.08035714285714286,0.4857142857142857,0.37298840397906363,0.3833075917966965,0.07714285714285714,0.13392857142857142,0.14857142857142858,0.04,5.328571428571428,0.17261904761904762,0.002857142857142857,0.030992521018130232,0.08436634914903715,10.904761904761905,0.0,0.0,0.15,0.08035714285714286,0,0.16780687535413294,0.14060782564248914,3.204745343477796,0.7705918227075738,0.0,0.9807692307692307,0.0,0.2,0.0,0.4697040719287926,0.05,0.08,0.13353115727002968,0.5,0.25
44,0.717835499959846,0.4927028430022706,0.7144333928635318,0.493424624539496,0.23380311223024616,0.5033807599829357,0.4820359281437126,0.3742060840705444,0.38511117624121965,0.08083832335329341,0.46,0.37298840397906363,0.3833653790380753,0.07714285714285714,0.11377245508982035,0.12,0.045714285714285714,5.554285714285714,0.17964071856287425,0.005714285714285714,0.030961540477632898,0.08436634914903715,10.880239520958083,0.0,0.0,0.15,0.08083832335329341,0,0.16759484454521942,0.13990478651427668,3.26065043660824,0.7551799862534223,0.0,1.0,0.0,0.2,0.0,0.47362958261806726,0.05,0.08,0.11607142857142858,0.5,0.25
45,0.7232725676721771,0.492446853682816,0.7199149974550444,0.4934324089706884,0.23380311223024616,0.5036833952770203,0.4789156626506024,0.37381821783876934,0.3827751877365446,0.08132530120481928,0.4542857142857143,0.37355983255049213,0.3839653790380753,0.08,0.16265060240963855,0.1742857142857143,0.05142857142857143,5.76,0.18373493975903615,0.005714285714285714,0.031096869108047594,0.08436634914903716,10.337349397590362,0.0,0.0,0.15,0.0783132530120482,0,0.16813966772761904,0.1392052625817053,3.3697231421617895,0.7400763865283538,0.0,1.0,0.0,0.2,0.0,0.4850978040859663,0.05,0.08,0.16766467065868262,0.5,0.25
46,0.7316887136497905,0.4924926886343337,0.7268983267758072,0.4933701527197941,0.23380311223024616,0.5038465990168746,0.5166163141993958,0.37206441475983903,0.38113704630976686,0.07854984894259819,0.48857142857142855,0.37369032673059305,0.38417966475236104,0.08,0.11782477341389729,0.1457142857142857,0.054285714285714284,6.0,0.18429003021148035,0.002857142857142857,0.03112585983895097,0.08436634914903715,10.308157099697885,0.0,0.0,0.15,0.07854984894259819,0,0.16786997010326665,0.13850923626879677,3.4480429650328395,0.7252748587977867,0.0,1.0,0.0,0.2,0.0,0.4889152030382945,0.05,0.08,0.12048192771084337,0.5,0.25
47,0.7405746960331697,0.492200532100909,0.7337955995781418,0.49296840209647885,0.23380311223024616,0.5041620273358834,0.48787878787878786,0.3722226503793052,0.3808337597408389,0.07878787878787878,0.46,0.37369032673059305,0.3843510933237896,0.08,0.12424242424242424,0.1457142857142857,0.05714285714285714,6.24,0.18787878787878787,0.002857142857142857,0.03110363860305608,0.08436634914903715,10.284848484848485,0.0,0.0,0.15,0.07878787878787878,0,0.1676016202527503,0.1378166900874528,3.5247963914464684,0.710769361621831,0.0,1.0,0.0,0.2,0.0,0.4930495033093405,0.05,0.08,0.12386706948640483,0.5,0.25
48,0.7466366408737531,0.4929045029081508,0.739511147570692,0.49366042737817567,0.23380311223024616,0.5043912257350298,0.4636363636363636,0.3722832564399113,0.38156103246811157,0.07878787878787878,0.43714285714285717,0.37374746958773586,0.38503680760950393,0.08,0.16363636363636364,0.17142857142857143,0.05714285714285714,6.482857142857143,0.19696969696969696,0.0,0.031009843563753525,0.08436634914903715,10.284848484848485,0.0,0.0,0.15,0.07878787878787878,0,0.1687911842943437,0.13795617501907034,3.62572903504611,0.7137537837100723,0.0,0.9833333333333333,0.0,0.2,0.0,0.5029424826893281,0.05,0.08,0.16363636363636364,0.5,0.25
49,0.7524596373470368,0.49264505422879595,0.7450983649741323,0.49307764261680476,0.23380311223024616,0.5046360588557725,0.48615384615384616,0.37229819006408965,0.38348736413898304,0.08,0.4514285714285714,0.37380461244487884,0.3853483623246199,0.08,0.14153846153846153,0.16857142857142857,0.07142857142857142,6.6571428571428575,0.18769230769230769,0.014285714285714285,0.031051384939711425,0.08436634914903715,10.061538461538461,0.0,0.0,0.15,0.08,0,0.16900408551572915,0.1392052625817053,3.7217858829166164,0.7400763865283538,0.0,0.9830508474576272,0.0,0.2,0.0,0.509158994918498,0.05,0.08,0.14242424242424243,0.5,0.25
50,0.758394670711402,0.49235168884177505,0.7512088583211834,0.49274144312752743,0.23380311223024616,0.5047475132172151,0.4674922600619195,0.3732393723171122,0.3836980025563333,0.0804953560371517,0.43142857142857144,0.37386175530202165,0.385391219467477,0.08,0.14241486068111456,0.16,0.07714285714285714,6.9,0.18885448916408668,0.005714285714285714,0.031100357332711742,0.08436634914903715,9.962848297213622,0.0,0.0,0.15,0.0804953560371517,0,0.1691873508024362,0.13941712948767593,3.807350165258284,0.7447853274558442,0.0,0.9821428571428571,0.0,0.2,0.0,0.5153933528648809,0.05,0.08,0.14461538461538462,0.5,0.25
51,0.7650456208456621,0.4923514314893491,0.7571843501418709,0.49277112794761574,0.23380311223024616,0.5049138097806567,0.5217391304347826,0.3724848734804459,0.3847301919028469,0.08074534161490683,0.48,0.3739188981591644,0.3854340766103342,0.08,0.14906832298136646,0.15714285714285714,0.08,7.0685714285714285,0.20186335403726707,0.002857142857142857,0.03106590622868978,0.08436634914903715,9.956521739130435,0.0,0.0,0.15,0.08074534161490683,0,0.1693981283341383,0.14189520205844086,3.8883460190959758,0.8003642513613234,0.0,0.9818181818181818,0.0,0.2,0.0,0.5223791031782932,0.05,0.08,0.15170278637770898,0.5,0.25
52,0.7728525756491033,0.49165170968021227,0.7627800394394074,0.49204124720237963,0.23380311223024616,0.5048693379477485,0.5141065830721003,0.3733651511214569,0.38592839396401446,0.08150470219435736,0.4685714285714286,0.3739760410163074,0.38547693375319136,0.08,0.14106583072100312,0.14857142857142858,0.08857142857142856,7.265714285714286,0.2006269592476489,0.008571428571428572,0.0310741938167158,0.08436634914903716,9.836990595611285,0.0,0.0,0.15,0.08150470219435736,0,0.16957928054961047,0.147096305709375,3.9591505272854843,0.9242505440000003,0.0,0.9807692307692307,0.0,0.2,0.0,0.5276887194479499,0.05,0.08,0.14285714285714285,0.5,0.25
53,0.7795471438669082,0.4912912321743224,0.7677924787950651,0.4916091071037405,0.23380311223024616,0.504801173744612,0.49206349206349204,0.3746992022646606,0.3875066195457788,0.08253968253968254,0.44285714285714284,0.3739760410163074,0.38547693375319136,0.08,0.13333333333333333,0.15714285714285714,0.1,7.425714285714286,0.19365079365079366,0.011428571428571429,0.031136312135255008,0.08436634914903715,9.39047619047619,0.0,0.0,0.15,0.08253968253968254,0,0.16935952700400528,0.14636082418082813,4.037110373882632,0.9057655331200002,0.0,1.0,0.0,0.2,0.0,0.532464158083703,0.05,0.08,0.14106583072100312,0.5,0.25
54,0.7862446228705874,0.49167996929175506,0.7724728439363798,0.4923328034715697,0.23380311223024616,0.504688637227384,0.48562300319488816,0.3754977487391379,0.38748265002835597,0.08626198083067092,0.4342857142857143,0.3740331838734502,0.3855197908960485,0.08285714285714285,0.13099041533546327,0.13428571428571429,0.10571428571428572,7.577142857142857,0.19169329073482427,0.005714285714285714,0.03129151857570125,0.08436634914903716,9.361022364217252,0.0,0.0,0.15,0.07987220447284345,0,0.1694268722261281,0.14636082418082813,4.090653880690693,0.9057655331200002,0.0,0.9787234042553191,0.0,0.2,0.0,0.5358409501795178,0.05,0.08,0.13333333333333333,0.5,0.25
55,0.7914132454821223,0.4915426363838796,0.7769365657170294,0.49195706206307216,0.23380311223024616,0.5046160981834977,0.5288461538461539,0.37642151407119356,0.3868199744963003,0.08653846153846154,0.4714285714285714,0.374090326730593,0.38556264803890566,0.08285714285714285,0.1282051282051282,0.13428571428571429,0.10857142857142857,7.785714285714286,0.19230769230769232,0.002857142857142857,0.03130721378878824,0.08436634914903716,9.333333333333334,0.0,0.0,0.15,0.08012820512820513,0,0.16963574071856888,0.1466585816714532,4.143126517362594,0.913528717120002,0.0,0.9787234042553191,0.0,0.2,0.0,0.5382182317440244,0.05,0.08,0.12779552715654952,0.5,0.25
56,0.797898306910959,0.4911151441075308,0.7811955224520888,0.4915351209551378,0.23380311223024616,0.5045312028126174,0.5307443365695793,0.37693623774882495,0.38763870540293327,0.08737864077669903,0.4685714285714286,0.374090326730593,0.38556264803890566,0.08285714285714285,0.13592233009708737,0.13714285714285715,0.11714285714285715,7.88,0.18770226537216828,0.008571428571428572,0.03134933661037898,0.08436634914903715,9.242718446601941,0.0,0.0,0.15,0.08090614886731391,0,0.16933013344354747,0.14592528876309593,4.197406844158198,0.895258142777602,0.0,1.0,0.0,0.2,0.0,0.5419803970799001,0.05,0.08,0.13782051282051283,0.5,0.25
57,0.8046442216216436,0.4913971894131382,0.7857552267715772,0.4914430300766545,0.23380311223024616,0.5044666966916905,0.512987012987013,0.37782764303677957,0.3884156206477771,0.08766233766233766,0.4514285714285714,0.374090326730593,0.38556264803890566,0.08285714285714285,0.1266233766233766,0.12285714285714286,0.12,8.08,0.19155844155844157,0.002857142857142857,0.031372732324348056,0.08436634914903715,9.175324675324676,0.0,0.0,0.15,0.08116883116883117,0,0.1691957741977583,0.14519566231928044,4.236315850132177,0.87735297992205,0.0,1.0,0.0,0.2,0.0,0.5442988529540604,0.05,0.08,0.12944983818770225,0.5,0.25
58,0.8097777735524838,0.49160934469627865,0.7898912043202106,0.4916008723900643,0.23380311223024616,0.5044125402584125,0.5504885993485342,0.377563940635355,0.388441908885097,0.08794788273615635,0.4828571428571429,0.3742046124448788,0.38564836232461985,0.08285714285714285,0.14006514657980457,0.15714285714285714,0.12285714285714286,8.24,0.18241042345276873,0.002857142857142857,0.031360369057406384,0.08436634914903715,9.166123778501628,0.0,0.0,0.15,0.08143322475570032,0,0.1698635096124838,0.15,4.308732390272391,0.9784956763238153,0.0,0.9636363636363636,0.0,0.2,0.0,0.5485124817349288,0.05,0.08,0.14285714285714285,0.5,0.25
59,0.8135796918832496,0.492877691266652,0.7933316124165413,0.49229227919927976,0.23380311223024616,0.5044474987511179,0.506578947368421,0.3762035275899556,0.38706434914039783,0.08552631578947369,0.44,0.3742046124448788,0.38564836232461985,0.08285714285714285,0.13815789473684212,0.14285714285714285,0.13142857142857142,8.411428571428571,0.18092105263157895,0.008571428571428572,0.031437150231264595,0.08436634914903715,8.861842105263158,0.0,0.0,0.15,0.07894736842105263,0,0.16958533492156422,0.14925,4.365414885324087,0.9589257627973389,0.0,1.0,0.0,0.2,0.0,0.5525852289836872,0.05,0.08,0.14332247557003258,0.5,0.25
60,0.820783040408719,0.49324444094040687,0.7979041012869337,0.4924492737599446,0.23380311223024616,0.5045630579457612,0.5252525252525253,0.3797290169335772,0.38558011617998156,0.08754208754208755,0.44571428571428573,0.3742617553020216,0.38569121946747703,0.08285714285714285,0.1414141414141414,0.15142857142857144,0.15142857142857144,8.6,0.16498316498316498,0.02,0.03165535826558386,0.08436634914903715,8.478114478114477,0.0,0.0,0.15,0.08080808080808081,0,0.16996173371223966,0.15846559422955767,4.429535159046177,0.9603999999999999,0.0,0.9811320754716981,0.0,0.2,0.0,0.558146757008187,0.05,0.08,0.15460526315789475,0.5,0.25
61,0.825541431215358,0.49266775710987354,0.8009364154034538,0.49237937114564645,0.23380311223024616,0.5046478757284559,0.5423728813559322,0.3818244964257178,0.38534258974064345,0.08813559322033898,0.45714285714285713,0.37443318387345015,0.38581979089604845,0.08285714285714285,0.13559322033898305,0.1457142857142857,0.15714285714285714,8.725714285714286,0.16271186440677965,0.005714285714285714,0.031857032282313645,0.08436634914903715,8.216949152542373,0.0,0.0,0.15,0.08135593220338982,0,0.17102549718653556,0.2576916655796925,4.486658741579538,1.111393076810517,0.0,0.9411764705882353,0.0,0.2,0.0,0.5609464898648484,0.05,0.08,0.13804713804713806,0.5,0.25
62,0.8292554719603098,0.49309564621761354,0.8040668211741993,0.4925313344742853,0.23380311223024616,0.5047901822018914,0.5389830508474577,0.38196008964605677,0.3854442846558977,0.08813559322033898,0.4542857142857143,0.37454746958773594,0.38590550518176275,0.08285714285714285,0.13220338983050847,0.13142857142857142,0.15714285714285714,8.86,0.16271186440677965,0.0,0.031868946968790106,0.08436634914903715,8.216949152542373,0.0,0.0,0.15,0.08135593220338982,0,0.17159851255774575,0.2646856913914525,4.528354138176519,1.2158387916599462,0.0,0.9565217391304348,0.0,0.2,0.0,0.5627296738461822,0.05,0.08,0.13220338983050847,0.5,0.25
63,0.8332996884973449,0.49374524291655913,0.8067316244468439,0.4931294681472634,0.23380311223024616,0.5050884598618587,0.5408163265306123,0.38151935221309,0.3859713928699725,0.08843537414965986,0.4542857142857143,0.37454746958773594,0.38590550518176275,0.08285714285714285,0.14285714285714285,0.16,0.16,9.005714285714285,0.16666666666666666,0.002857142857142857,0.03183370423808928,0.08436634914903715,8.204081632653061,0.0,0.0,0.15,0.08163265306122448,0,0.1714542342806713,0.2633622629344952,4.597787055412988,1.1915220158267474,0.0,1.0,0.0,0.2,0.0,0.5664575969335341,0.05,0.08,0.14576271186440679,0.5,0.25
64,0.8381045095046046,0.4935972938069152,0.8105688599678852,0.49243557985743036,0.23380311223024616,0.505374820677736,0.5376712328767124,0.3827162829272457,0.38658657765438925,0.08904109589041095,0.44857142857142857,0.37460461244487875,0.38594836232461993,0.08285714285714285,0.1506849315068493,0.1657142857142857,0.1657142857142857,9.2,0.16095890410958905,0.005714285714285714,0.03183660250657143,0.08436634914903715,8.102739726027398,0.0,0.0,0.15,0.0821917808219178,0,0.17162553453783938,0.2620454516198228,4.671545600019014,1.1676915755102124,0.0,0.9827586206896551,0.0,0.2,0.0,0.5710939007603268,0.05,0.08,0.15306122448979592,0.5,0.25
65,0.8415661869317852,0.4947360676765858,0.8129409468794003,0.4931791597384478,0.23380311223024616,0.5056261230576262,0.5259515570934256,0.38265306629788043,0.38672628200911247,0.08996539792387544,0.4342857142857143,0.37460461244487875,0.38594836232461993,0.08285714285714285,0.13494809688581316,0.12,0.1742857142857143,9.345714285714285,0.15570934256055363,0.008571428571428572,0.0318481715365996,0.08436634914903715,8.076124567474048,0.0,0.0,0.15,0.07958477508650519,0,0.17119597829372163,0.2607352243617237,4.698114688018633,1.1443377440000082,0.0,1.0,0.0,0.2,0.0,0.572573452297653,0.05,0.08,0.13356164383561644,0.5,0.25
66,0.8449554267955426,0.49544170708673874,0.8160793613866593,0.493678016250136,0.23380311223024616,0.5058697087615536,0.5138888888888888,0.3836026773224595,0.3880342210121863,0.09027777777777778,0.4228571428571429,0.3746617553020216,0.38599121946747705,0.08285714285714285,0.1423611111111111,0.14,0.17714285714285713,9.51142857142857,0.1701388888888889,0.002857142857142857,0.03194305478283823,0.08436634914903715,7.784722222222222,0.0,0.0,0.15,0.0798611111111111,0,0.17145356983082444,0.25986777016418633,4.744152394258261,1.1966806632115243,0.0,0.9795918367346939,0.0,0.2,0.0,0.5757440876412478,0.05,0.08,0.1453287197231834,0.5,0.25
67,0.8488811399565698,0.495782336827338,0.8191265690409354,0.49374111758012335,0.23380311223024616,0.5060562050930957,0.5609756097560976,0.3846109394318795,0.38810510465280507,0.09059233449477352,0.46,0.3748331838734502,0.3861197908960485,0.08285714285714285,0.13240418118466898,0.13714285714285715,0.18,9.645714285714286,0.1672473867595819,0.002857142857142857,0.0320063788546652,0.08436634914903715,7.770034843205575,0.0,0.0,0.15,0.08013937282229965,0,0.17248144555309888,0.2645702152883408,4.786412203515952,1.2349877078473466,0.0,0.9375,0.0,0.2,0.0,0.5772693832591854,0.05,0.08,0.13541666666666666,0.5,0.25
68,0.8530028665401179,0.4966617917510771,0.822652023068374,0.4940835989955891,0.23380311223024616,0.5062645969710492,0.5734265734265734,0.3849415912781948,0.3879653603408482,0.09090909090909091,0.4685714285714286,0.3748903267305931,0.3861626480389056,0.08285714285714285,0.13986013986013987,0.14,0.18285714285714286,9.794285714285714,0.16083916083916083,0.002857142857142857,0.03198273953594509,0.08436634914903715,7.7622377622377625,0.0,0.0,0.15,0.08041958041958042,0,0.1726473240396191,0.2632473642118991,4.830683959445634,1.2102879536903997,0.0,0.9795918367346939,0.0,0.2,0.0,0.5798344855247975,0.05,0.08,0.14285714285714285,0.5,0.25
69,0.8549794628767047,0.4973350893504913,0.8242671846462709,0.49459089426545333,0.23380311223024616,0.5065254712737215,0.534965034965035,0.38501152134812483,0.38801780789329576,0.09090909090909091,0.43714285714285717,0.3749474695877359,0.3862055051817627,0.08285714285714285,0.13986013986013987,0.14,0.18285714285714286,9.897142857142857,0.16783216783216784,0.0,0.031965597625505174,0.08436634914903715,7.7622377622377625,0.0,0.0,0.15,0.08041958041958042,0,0.17278365956227815,0.2621782272682437,4.8740702802567215,1.2100381171724808,0.0,0.9795918367346939,0.0,0.2,0.0,0.5818217822275786,0.05,0.08,0.13986013986013987,0.5,0.25
70,0.8572955389715506,0.49882747167672487,0.826430356302376,0.494960136419019,0.23380311223024616,0.5067542811778448,0.5473684210526316,0.385860493677186,0.38854360488292866,0.0912280701754386,0.44571428571428573,0.3749474695877359,0.3862055051817627,0.08285714285714285,0.14385964912280702,0.14,0.18571428571428572,10.025714285714285,0.1649122807017544,0.002857142857142857,0.03197076588131426,0.08436634914903714,7.670175438596491,0.0,0.0,0.15,0.08070175438596491,0,0.17257617055018107,0.26086733613190244,4.916588874651587,1.185837354829031,0.0,1.0,0.0,0.2,0.0,0.5842341896196962,0.05,0.08,0.14335664335664336,0.5,0.25
71,0.8604377129804746,0.4986405114155606,0.8288138895408438,0.4948867615926931,0.23380311223024616,0.5070108150814542,0.519434628975265,0.38709235003848574,0.3882959068308154,0.09187279151943463,0.42,0.3751188981591645,0.3863340766103342,0.08285714285714285,0.14487632508833923,0.1457142857142857,0.19142857142857142,10.185714285714285,0.1625441696113074,0.005714285714285714,0.03204416788355032,0.08436634914903715,7.575971731448763,0.0,0.0,0.15,0.0812720848056537,0,0.1735987182688587,0.26118091284029255,4.963971382872841,1.2404571562153364,0.0,0.9411764705882353,0.0,0.2,0.0,0.5871277432966061,0.05,0.08,0.14736842105263157,0.5,0.25
72,0.8648079402047277,0.5000753677117736,0.8324761587085885,0.49535070344248594,0.23380311223024616,0.5072733188028479,0.5851063829787234,0.3876004889438413,0.38798683169901527,0.09219858156028368,0.4714285714285714,0.3752331838734502,0.3864197908960484,0.08285714285714285,0.13829787234042554,0.13142857142857142,0.19428571428571428,10.24,0.16666666666666666,0.002857142857142857,0.03203293511195498,0.08436634914903715,7.588652482269503,0.0,0.0,0.15,0.08156028368794327,0,0.17410201039180012,0.2622140514771364,4.9961205266439555,1.2454332141375763,0.0,0.9565217391304348,0.0,0.2,0.0,0.5889727695593376,0.05,0.08,0.1413427561837456,0.5,0.25
73,0.8674802350657594,0.49964557766722634,0.8346292648537623,0.49491499994917537,0.23380311223024616,0.5076569421832552,0.5780141843971631,0.38767141092965685,0.38804002318837694,0.09219858156028368,0.4657142857142857,0.37529032673059304,0.38646264803890557,0.08285714285714285,0.14184397163120568,0.12857142857142856,0.19428571428571428,10.405714285714286,0.1702127659574468,0.0,0.03202089892017708,0.08436634914903715,7.588652482269503,0.0,0.0,0.15,0.08156028368794327,0,0.174316358196984,0.2673624244146694,5.024769544682504,1.3527315882766726,0.0,0.9777777777777777,0.0,0.2,0.0,0.5908007268260516,0.05,0.08,0.14184397163120568,0.5,0.25
74,0.8705249910379377,0.4994030132496162,0.8363361263772114,0.4948605956777271,0.23380311223024616,0.5077463999184839,0.5658362989323843,0.3874830719192184,0.3889820329378807,0.09252669039145907,0.4542857142857143,0.37534746958773596,0.38650550518176274,0.08285714285714285,0.11387900355871886,0.10857142857142857,0.19714285714285715,10.514285714285714,0.16725978647686832,0.002857142857142857,0.03206056738257247,0.08436634914903715,7.572953736654804,0.0,0.0,0.15,0.08185053380782918,0,0.1743586335488562,0.266025612292596,5.032845582360282,1.3256769565111393,0.0,0.9736842105263158,0.0,0.2,0.0,0.5888138819741107,0.05,0.08,0.11702127659574468,0.5,0.25
75,0.874092060352934,0.49941110504335545,0.8381056030254435,0.4945461409295219,0.23380311223024616,0.5078802616489758,0.5392857142857143,0.38793315698713726,0.38923980212948106,0.09285714285714286,0.43142857142857144,0.3754046124448788,0.38654836232461987,0.08285714285714285,0.125,0.11428571428571428,0.2,10.594285714285714,0.16785714285714284,0.002857142857142857,0.03208187594080314,0.08436634914903716,7.542857142857143,0.0,0.0,0.15,0.07857142857142857,0,0.1745716975239691,0.2646954842311331,5.046474384998791,1.2991634173809163,0.0,0.975,0.0,0.2,0.0,0.588590269725939,0.05,0.08,0.12811387900355872,0.5,0.25
76,0.8764245256228961,0.49994189513460197,0.8399715752414133,0.4947727769034733,0.23380311223024616,0.5078352690028944,0.5464285714285714,0.3880045855585658,0.3892933735580525,0.09285714285714286,0.43714285714285717,0.37546175530202164,0.386591219467477,0.08285714285714285,0.125,0.13142857142857142,0.2,10.802857142857142,0.16785714285714284,0.0,0.03210583884562108,0.08436634914903716,7.542857142857143,0.0,0.0,0.15,0.07857142857142857,0,0.1747552683220635,0.2776859221479687,5.076973468727386,1.4675322781844489,0.0,0.9782608695652174,0.0,0.2,0.0,0.5879107562396421,0.05,0.08,0.125,0.5,0.25
77,0.8789907523132698,0.5015518738820145,0.8415341098352385,0.49630670257684284,0.23380311223024616,0.50775792339299,0.5376344086021505,0.3877320780126587,0.38998703703495413,0.0931899641577061,0.42857142857142855,0.37546175530202164,0.386591219467477,0.08285714285714285,0.10752688172043011,0.10857142857142857,0.20285714285714285,10.948571428571428,0.16129032258064516,0.002857142857142857,0.032182229244472386,0.08436634914903714,7.469534050179211,0.0,0.0,0.15,0.07885304659498207,0,0.17433849198045318,0.2762974925372289,5.084005427924267,1.43818163262076,0.0,1.0,0.0,0.2,0.0,0.5851223612848028,0.05,0.08,0.11071428571428571,0.5,0.25
78,0.8818775404202482,0.5014169344330707,0.8431237621652872,0.4963238585752989,0.23380311223024616,0.5076776742872244,0.5487364620938628,0.38918121626553887,0.3916408151851903,0.09386281588447654,0.4342857142857143,0.37546175530202164,0.386591219467477,0.08285714285714285,0.10108303249097472,0.1,0.20857142857142857,11.082857142857144,0.1552346570397112,0.005714285714285714,0.03241451044160644,0.08436634914903715,7.1985559566787005,0.0,0.0,0.15,0.07942238267148015,0,0.17406551665983663,0.2749160050745427,5.082325319365782,1.4094179999683447,0.0,1.0,0.0,0.2,0.0,0.581457641070025,0.05,0.08,0.1039426523297491,0.5,0.25
79,0.8824995929995771,0.5020463343256968,0.8435916970034608,0.4967205307443626,0.23380311223024616,0.5075240367750065,0.5760869565217391,0.3899737288966027,0.39103716820309686,0.09420289855072464,0.4542857142857143,0.37546175530202164,0.386591219467477,0.08285714285714285,0.11231884057971014,0.10571428571428572,0.21142857142857144,11.177142857142858,0.15579710144927536,0.002857142857142857,0.03249986687892206,0.08436634914903715,7.1521739130434785,0.0,0.0,0.15,0.07971014492753623,0,0.173851332647966,0.27354142504917,5.086393098692752,1.3812296399689779,0.0,1.0,0.0,0.2,0.0,0.5797132788721193,0.05,0.08,0.11552346570397112,0.5,0.25
80,0.884608356745123,0.5015956270431324,0.8452546078428054,0.49649627920965744,0.23380311223024616,0.5073273181535637,0.5144927536231884,0.3900461926647186,0.3910915160291838,0.09420289855072464,0.4057142857142857,0.3755188981591645,0.3866340766103342,0.08285714285714285,0.13043478260869565,0.11714285714285715,0.21142857142857144,11.302857142857142,0.16304347826086957,0.0,0.03252308944064454,0.08436634914903715,7.1521739130434785,0.0,0.0,0.15,0.07971014492753623,0,0.1739816474132976,0.27217371792392414,5.101808093861754,1.3536050471695982,0.0,0.975609756097561,0.0,0.2,0.0,0.5802928323198177,0.05,0.08,0.13043478260869565,0.5,0.25
81,0.886989524860572,0.5016560555475975,0.8471707223919048,0.4965174363956117,0.23380311223024616,0.5070511022877939,0.5490909090909091,0.39127944956746125,0.39069662494533414,0.09454545454545454,0.43142857142857144,0.3756903267305931,0.38676264803890553,0.08285714285714285,0.10545454545454545,0.10571428571428572,0.21428571428571427,11.36,0.15636363636363637,0.002857142857142857,0.03256287485045755,0.08436634914903715,7.141818181818182,0.0,0.0,0.15,0.08,0,0.17493988203337402,0.27848918603241474,5.105486217698804,1.4869410890733576,0.0,0.918918918918919,0.0,0.2,0.0,0.5770390602690442,0.05,0.08,0.10507246376811594,0.5,0.25
82,0.8884821161272897,0.5003294281727553,0.8486217742115711,0.49579680441641616,0.23380311223024616,0.5068013103887117,0.5364963503649635,0.3914990805444209,0.39073896868424846,0.0948905109489051,0.42,0.3758046124448788,0.38684836232461994,0.08285714285714285,0.12408759124087591,0.11714285714285715,0.21714285714285714,11.565714285714286,0.16423357664233576,0.002857142857142857,0.03265187344476283,0.08436634914903715,7.0583941605839415,0.0,0.0,0.15,0.08029197080291971,0,0.17509332548034998,0.2866477404776936,5.120519350487685,1.4630338789433806,0.0,0.975609756097561,0.0,0.2,0.0,0.577278016346501,0.05,0.08,0.12727272727272726,0.5,0.25
83,0.8914114251749521,0.5005602498043952,0.8500857017026434,0.4958180195380498,0.23380311223024616,0.5063795849819491,0.5531135531135531,0.3919323650370102,0.39179966670876937,0.09523809523809523,0.43142857142857144,0.3758046124448788,0.38684836232461994,0.08285714285714285,0.12454212454212454,0.12,0.22,11.688571428571429,0.17216117216117216,0.002857142857142857,0.03267823234261443,0.08436634914903716,7.0256410256410255,0.0,0.0,0.15,0.08058608058608059,0,0.17478914456723393,0.28521450177530516,5.138108963477932,1.4337732013645128,0.0,1.0,0.0,0.2,0.0,0.5775746994707818,0.05,0.08,0.12773722627737227,0.5,0.25
84,0.8948979527837757,0.4994725687757272,0.8526473522170748,0.49512505602548346,0.23380311223024616,0.5059958050268761,0.5430711610486891,0.39370823754459877,0.39278940784760086,0.09737827715355805,0.4142857142857143,0.3758046124448788,0.38684836232461994,0.08285714285714285,0.06741573033707865,0.07142857142857142,0.23714285714285716,11.742857142857142,0.15730337078651685,0.017142857142857144,0.03269856438785118,0.08436634914903716,6.943820224719101,0.0,0.0,0.15,0.08239700374531835,0,0.17431519884439778,0.2837884292664286,5.106775355636944,1.4050977373372227,0.0,1.0,0.0,0.2,0.0,0.5775746994707818,0.05,0.08,0.07692307692307693,0.5,0.25
85,0.8971671566713315,0.4994939998902849,0.8533739755846991,0.4957483883494118,0.23380311223024616,0.5056874902808871,0.571969696969697,0.39394572347929246,0.39482772207740136,0.09848484848484848,0.43142857142857144,0.3758046124448788,0.38684836232461994,0.08285714285714285,0.10606060606060606,0.10571428571428572,0.24571428571428572,11.848571428571429,0.14772727272727273,0.008571428571428572,0.032850025580282986,0.08436634914903716,6.840909090909091,0.0,0.0,0.15,0.07954545454545454,0,0.1740716228501758,0.28236948712009646,5.110354134238491,1.376995782590478,0.0,1.0,0.0,0.2,0.0,0.5744263015758944,0.05,0.08,0.10486891385767791,0.5,0.25
86,0.900728398838854,0.5007406984101479,0.8548998834518183,0.49626243871013337,0.23380311223024616,0.5053880245357465,0.5534351145038168,0.39345017789911946,0.39458959934958715,0.09923664122137404,0.4142857142857143,0.3758046124448788,0.38684836232461994,0.08285714285714285,0.09923664122137404,0.10857142857142857,0.25142857142857145,11.92,0.1450381679389313,0.005714285714285714,0.03293469491628728,0.08436634914903715,6.809160305343512,0.0,0.0,0.15,0.08015267175572519,0,0.17377226545021063,0.280957639684496,5.11671848012515,1.3494558669386685,0.0,1.0,0.0,0.2,0.0,0.5716140774061905,0.05,0.08,0.10606060606060606,0.5,0.25
87,0.9000749851663795,0.5010053527608839,0.8544107566455659,0.49629161132764693,0.23380311223024616,0.5051189910359932,0.5534351145038168,0.3936028496548446,0.39470410316638105,0.09923664122137404,0.4142857142857143,0.37591889815916446,0.38693407661033413,0.08285714285714285,0.1183206106870229,0.1,0.25142857142857145,12.031428571428572,0.14885496183206107,0.0,0.03296407961308878,0.08436634914903715,6.809160305343512,0.0,0.0,0.15,0.08015267175572519,0,0.17392900042690537,0.2795528514860735,5.1143841105226455,1.322466749599895,0.0,0.9714285714285714,0.0,0.2,0.0,0.5707814651389345,0.05,0.08,0.1183206106870229,0.5,0.25
88,0.9008278978813041,0.5007755715277634,0.8549743655921667,0.4962161906391546,0.23380311223024616,0.5050005452576508,0.5458015267175572,0.39367918553270725,0.394761355074778,0.09923664122137404,0.4085714285714286,0.3759760410163074,0.3869769337531913,0.08285714285714285,0.11068702290076336,0.11428571428571428,0.25142857142857145,12.142857142857142,0.14885496183206107,0.0,0.032987032364495295,0.08436634914903715,6.809160305343512,0.0,0.0,0.15,0.08015267175572519,0,0.17411564185334227,0.2781550872286431,5.126382142597908,1.296017414607897,0.0,0.975,0.0,0.2,0.0,0.5688454453171022,0.05,0.08,0.11068702290076336,0.5,0.25
89,0.9010388262151,0.5015819160433573,0.8551322605163224,0.4968298571377443,0.23380311223024616,0.5047696328440098,0.5916030534351145,0.39367918553270725,0.394761355074778,0.09923664122137404,0.44285714285714284,0.3759760410163074,0.3869769337531913,0.08285714285714285,0.11068702290076336,0.10857142857142857,0.25142857142857145,12.225714285714286,0.14885496183206107,0.0,0.0330088691264368,0.08436634914903715,6.809160305343512,0.0,0.0,0.15,0.08015267175572519,0,0.17378763507264702,0.2767643117924999,5.132425928317378,1.2700970663157392,0.0,1.0,0.0,0.2,0.0,0.5670062264863617,0.05,0.08,0.11068702290076336,0.5,0.25
90,0.9043134604851361,0.5027661985584353,0.8556578873034323,0.49710528139318977,0.23380311223024616,0.5046987016626253,0.5637065637065637,0.39549661644602285,0.3959678082120599,0.10038610038610038,0.41714285714285715,0.37609032673059306,0.3870626480389056,0.08285714285714285,0.10810810810810811,0.11428571428571428,0.26,12.294285714285714,0.13513513513513514,0.008571428571428572,0.03306408348669035,0.08436634914903716,6.749034749034749,0.0,0.0,0.15,0.08108108108108109,0,0.1744032711794266,0.2753804902335374,5.1440631240367445,1.2446951249894243,0.0,0.95,0.0,0.2,0.0,0.5652589685971581,0.05,0.08,0.11068702290076336,0.5,0.25
91,0.9102553626044753,0.5019756460586505,0.8583312409827413,0.4967111864155734,0.23380311223024616,0.5048432310857582,0.5486381322957199,0.39664984332072767,0.3954217819271381,0.10116731517509728,0.40285714285714286,0.37620461244487874,0.3871483623246199,0.08285714285714285,0.10505836575875487,0.11428571428571428,0.26571428571428574,12.425714285714285,0.1245136186770428,0.005714285714285714,0.03311659034681461,0.08436634914903715,6.7315175097276265,0.0,0.0,0.15,0.08171206225680934,0,0.1750165405378152,0.35783131236666527,5.155467575841724,1.2846320654623293,0.0,0.95,0.0,0.2,0.0,0.5632122363835164,0.05,0.08,0.10810810810810811,0.5,0.25
92,0.9112905560896335,0.5032386597127357,0.8578122523587639,0.49743756224808,0.23380311223024616,0.5048447310717419,0.5787401574803149,0.3986719366159075,0.3947205166155834,0.10236220472440945,0.42,0.3763188981591645,0.38723407661033415,0.08285714285714285,0.0984251968503937,0.10857142857142857,0.2742857142857143,12.51142857142857,0.1141732283464567,0.008571428571428572,0.03323264377006499,0.08436634914903716,6.5984251968503935,0.0,0.0,0.15,0.08267716535433071,0,0.17548417212084041,0.3560421558048319,5.160929652896318,1.2589394241530827,0.0,0.9473684210526315,0.0,0.2,0.0,0.5608103794281538,0.05,0.08,0.10505836575875487,0.5,0.25
93,0.911814075057025,0.5037577916105629,0.8573700806171751,0.4979057077602011,0.23380311223024616,0.5047903934901815,0.541501976284585,0.3986824112444745,0.3937399907433062,0.10276679841897234,0.3914285714285714,0.37637604101630734,0.3872769337531913,0.08285714285714285,0.1067193675889328,0.1,0.27714285714285714,12.548571428571428,0.11067193675889328,0.002857142857142857,0.03343368624203049,0.08436634914903715,6.1976284584980235,0.0,0.0,0.15,0.07905138339920949,0,0.17557775126023617,0.35426194502580777,5.157711059838391,1.233760635670021,0.0,0.9714285714285714,0.0,0.2,0.0,0.5593052935276123,0.05,0.08,0.11023622047244094,0.5,0.25
94,0.910635245959352,0.5042845605509286,0.8565179555837144,0.49833046432086464,0.23380311223024616,0.5047213120729179,0.6442687747035574,0.39876146262787376,0.3937992792808556,0.10276679841897234,0.4657142857142857,0.3764331838734502,0.38731979089604845,0.08285714285714285,0.09486166007905138,0.08857142857142856,0.27714285714285714,12.622857142857143,0.11067193675889328,0.0,0.03362865484455462,0.08436634914903715,6.1976284584980235,0.0,0.0,0.15,0.07905138339920949,0,0.175556862503935,0.3524906353006787,5.1431282672130525,1.2090854229566204,0.0,0.967741935483871,0.0,0.2,0.0,0.5555692778630894,0.05,0.08,0.09486166007905138,0.5,0.25
95,0.9152539738483702,0.503785063279143,0.8587230110960555,0.4979062656356509,0.23380311223024616,0.5046894858955853,0.5912698412698413,0.39645496049544465,0.3917568748493884,0.0992063492063492,0.4257142857142857,0.376490326730593,0.38736264803890563,0.08285714285714285,0.11507936507936507,0.1,0.28,12.714285714285714,0.1111111111111111,0.002857142857142857,0.033635085227772574,0.08436634914903715,6.182539682539683,0.0,0.0,0.15,0.07936507936507936,0,0.1757066510485582,0.3507281821241753,5.140265701868791,1.1849037144974879,0.0,0.9714285714285714,0.0,0.2,0.0,0.555577375234757,0.05,0.08,0.11857707509881422,0.5,0.25
96,0.9166850380210436,0.5038976025428551,0.8597533773003806,0.4977771946144589,0.23380311223024616,0.5049097306605128,0.6388888888888888,0.39645496049544465,0.3917568748493884,0.0992063492063492,0.46,0.376490326730593,0.38736264803890563,0.08285714285714285,0.09126984126984126,0.08571428571428572,0.28,12.785714285714286,0.11507936507936507,0.0,0.03369335449307586,0.08436634914903715,6.182539682539683,0.0,0.0,0.15,0.07936507936507936,0,0.17525654636474397,0.3489745412135544,5.1231746735457,1.1612056402075384,0.0,1.0,0.0,0.2,0.0,0.5514889826634953,0.05,0.08,0.09126984126984126,0.5,0.25
97,0.9197757477227252,0.5042488162055172,0.8603618066442494,0.49773387083910986,0.23380311223024616,0.5051066613275246,0.642570281124498,0.3975151925926605,0.39543141006141086,0.10040160642570281,0.45714285714285713,0.376490326730593,0.38736264803890563,0.08285714285714285,0.08433734939759036,0.08571428571428572,0.2885714285714286,12.925714285714285,0.10843373493975904,0.008571428571428572,0.033921425100511736,0.08436634914903715,5.863453815261044,0.0,0.0,0.15,0.08032128514056225,0,0.17486554934720597,0.34722966850748666,5.106425465789072,1.1379815274033875,0.0,1.0,0.0,0.2,0.0,0.5482002478160348,0.05,0.08,0.09523809523809523,0.5,0.25
98,0.9214606660608047,0.5033461041282764,0.8615605056904831,0.49695315746045376,0.23380311223024616,0.5052794832726317,0.6184738955823293,0.3975151925926605,0.39543141006141086,0.10040160642570281,0.44,0.376490326730593,0.38736264803890563,0.08285714285714285,0.0963855421686747,0.07714285714285714,0.2885714285714286,12.951428571428572,0.11244979919678715,0.0,0.034069375664241223,0.08436634914903715,5.863453815261044,0.0,0.0,0.15,0.08032128514056225,0,0.17444807874332707,0.3454935201649492,5.081439813616147,1.1152218968553196,0.0,1.0,0.0,0.2,0.0,0.5452480667505343,0.05,0.08,0.0963855421686747,0.5,0.25
99,0.9227185261389944,0.5035826029387253,0.862509957670489,0.49708988168581236,0.23380311223024616,0.5054665892767022,0.6234817813765182,0.3962371588906593,0.3927130470371003,0.09716599190283401,0.44,0.376490326730593,0.38736264803890563,0.08285714285714285,0.08502024291497975,0.08571428571428572,0.29428571428571426,13.04,0.10526315789473684,0.005714285714285714,0.03411841369826021,0.08436634914903719,5.838056680161944,0.0,0.0,0.15,0.08097165991902834,0,0.174004266921039,0.34376605256412446,5.06552530305811,1.0929174589182133,0.0,1.0,0.0,0.2,0.0,0.5418410850997546,0.05,0.08,0.09236947791164658,0.5,0.25
100,0.9231035573929348,0.5042752137373792,0.8629198008476059,0.4973072430880241,0.23380311223024616,0.5058524977336394,0.5934959349593496,0.39494617046096986,0.3924424686696252,0.0975609756097561,0.41714285714285715,0.3765474695877359,0.38740550518176275,0.08285714285714285,0.07723577235772358,0.06285714285714286,0.29714285714285715,13.111428571428572,0.0975609756097561,0.002857142857142857,0.034247027999533816,0.08436634914903718,5.7560975609756095,0.0,0.0,0.15,0.08130081300813008,0,0.17393381772929095,0.34204722230130385,5.027071939854091,1.071059109739849,0.0,0.9545454545454546,0.0,0.2,0.0,0.5368947798326211,0.05,0.08,0.08097165991902834,0.5,0.25
101,0.9215659561386148,0.5042189038367233,0.8618390868231409,0.4971515097918142,0.23380311223024616,0.5063729458909528,0.6260162601626016,0.39502747127397797,0.3925034442793812,0.0975609756097561,0.44,0.3766046124448788,0.3874483623246199,0.08285714285714285,0.1016260162601626,0.08857142857142856,0.29714285714285715,13.185714285714285,0.0975609756097561,0.0,0.03430898402434372,0.08436634914903718,5.7560975609756095,0.0,0.0,0.15,0.08130081300813008,0,0.17412029221207306,0.3403369861897973,5.015101929628437,1.049637927545052,0.0,0.967741935483871,0.0,0.2,0.0,0.5352939432800145,0.05,0.08,0.1016260162601626,0.5,0.25
102,0.928160522187608,0.5040704208019549,0.8635123554306282,0.4966981322313567,0.23380311223024616,0.5068184323733871,0.6721311475409836,0.39598941309057656,0.39376398144588615,0.09836065573770492,0.4685714285714286,0.3767188981591645,0.38753407661033423,0.08285714285714285,0.0860655737704918,0.08857142857142856,0.3028571428571429,13.314285714285715,0.09016393442622951,0.005714285714285714,0.03437724059851015,0.08436634914903718,5.713114754098361,0.0,0.0,0.15,0.08196721311475409,0,0.17447826217958415,0.33863530125884833,5.0033713196072975,1.028645168994151,0.0,0.9354838709677419,0.0,0.2,0.0,0.5325536363599161,0.05,0.08,0.09349593495934959,0.5,0.25
103,0.9307942968778932,0.5038334301079862,0.8641888870084865,0.496191370442358,0.23380311223024616,0.5071975300314842,0.6049382716049383,0.39454895539791685,0.3934048006666961,0.09876543209876543,0.42,0.3767188981591645,0.38753407661033423,0.08285714285714285,0.07818930041152264,0.07714285714285714,0.3057142857142857,13.371428571428572,0.09053497942386832,0.002857142857142857,0.034485661992645446,0.08436634914903718,5.670781893004115,0.0,0.0,0.15,0.0823045267489712,0,0.17403415658297194,0.3369421247525541,4.980446750358008,1.008072265614268,0.0,1.0,0.0,0.2,0.0,0.5282210365091334,0.05,0.08,0.08196721311475409,0.5,0.25
104,0.931468772332952,0.5052292750693542,0.8635416340822631,0.49743403612152975,0.23380311223024616,0.507625437033921,0.6446280991735537,0.39250202552149144,0.39278866158697906,0.09504132231404959,0.44571428571428573,0.3767188981591645,0.38753407661033423,0.08285714285714285,0.06611570247933884,0.05714285714285714,0.30857142857142855,13.405714285714286,0.09090909090909091,0.002857142857142857,0.03451970284484577,0.08436634914903716,5.644628099173554,0.0,0.0,0.15,0.07851239669421488,0,0.17356341508577136,0.33525741412879134,4.937980672493706,0.9879108203019826,0.0,1.0,0.0,0.2,0.0,0.5282210365091334,0.05,0.08,0.06995884773662552,0.5,0.25
105,0.9321094747718188,0.5051846416250513,0.8639846340542798,0.497720782654028,0.23380311223024616,0.5080900648098634,0.6074380165289256,0.39258467014959064,0.39285064505805345,0.09504132231404959,0.42,0.37677604101630735,0.38757693375319135,0.08285714285714285,0.06198347107438017,0.04857142857142857,0.30857142857142855,13.462857142857143,0.09090909090909091,0.0,0.03453189247078157,0.08436634914903716,5.644628099173554,0.0,0.0,0.15,0.07851239669421488,0,0.17346674086748537,0.3335811270581474,4.887792487615259,0.9985051802632594,0.0,0.9411764705882353,0.0,0.2,0.0,0.5282210365091334,0.05,0.08,0.06198347107438017,0.5,0.25
106,0.9324159409797367,0.5050060404484329,0.8641807962837937,0.4975344829267814,0.23380311223024616,0.5085182493647266,0.6265560165975104,0.3933331877876424,0.39332192070229915,0.0954356846473029,0.43142857142857144,0.3768903267305931,0.3876626480389056,0.08285714285714285,0.07053941908713693,0.06857142857142857,0.31142857142857144,13.508571428571429,0.0912863070539419,0.002857142857142857,0.03452353428560741,0.08436634914903716,5.634854771784233,0.0,0.0,0.15,0.07883817427385892,0,0.17394140787743365,0.3319132214228567,4.858608066434383,1.0,0.0,0.9166666666666666,0.0,0.2,0.0,0.5282210365091334,0.05,0.08,0.07024793388429752,0.5,0.25
107,0.9363877573483338,0.5040124767982587,0.8669156755547419,0.4967671286063685,0.23380311223024616,0.5089489146149213,0.6431535269709544,0.3934161753395096,0.39338416136619964,0.0954356846473029,0.44285714285714284,0.37694746958773595,0.38770550518176283,0.08285714285714285,0.07468879668049792,0.07142857142857142,0.31142857142857144,13.537142857142857,0.0912863070539419,0.0,0.03454465500165067,0.08436634914903716,5.634854771784233,0.0,0.0,0.15,0.07883817427385892,0,0.17387155798090365,0.3302536553157424,4.832864476534266,0.9947121695361256,0.0,0.96,0.0,0.2,0.0,0.5282210365091334,0.05,0.08,0.07468879668049792,0.5,0.25
108,0.9353987913739997,0.5040060676672611,0.8659767565171738,0.4970872206457881,0.23380311223024616,0.5093483186289144,0.5791666666666667,0.3943545296696153,0.3929486510707359,0.09583333333333334,0.39714285714285713,0.37694746958773595,0.38770550518176283,0.08285714285714285,0.07083333333333333,0.06285714285714286,0.3142857142857143,13.62,0.09166666666666666,0.002857142857142857,0.034587831217999986,0.08436634914903716,5.575,0.0,0.0,0.15,0.07916666666666666,0,0.17345877233385626,0.3286023870391637,4.799064329860724,0.9748179261454031,0.0,1.0,0.0,0.2,0.0,0.5282210365091334,0.05,0.08,0.07468879668049792,0.5,0.25
109,0.9396918233842124,0.5045245330852358,0.8675390346766257,0.4967164092478798,0.23380311223024616,0.5095651735654009,0.6218487394957983,0.39531569252022986,0.3941862958083755,0.09663865546218488,0.4228571428571429,0.37694746958773595,0.38770550518176283,0.08285714285714285,0.05042016806722689,0.04285714285714286,0.32,13.648571428571428,0.07983193277310924,0.005714285714285714,0.03462033954155499,0.08436634914903718,5.546218487394958,0.0,0.0,0.15,0.07983193277310924,0,0.1728770499007584,0.3269593751039679,4.745940186120653,0.955321567622495,0.0,1.0,0.0,0.2,0.0,0.5282210365091334,0.05,0.08,0.05416666666666667,0.5,0.25
110,0.9403985304200002,0.5055709277013442,0.8677959798775877,0.49711613297047846,0.23380311223024616,0.5096439243311476,0.70042194092827,0.39276428194014645,0.3916301198413223,0.09282700421940929,0.4742857142857143,0.37694746958773595,0.38770550518176283,0.08285714285714285,0.07172995780590717,0.07142857142857142,0.32285714285714284,13.711428571428572,0.07172995780590717,0.002857142857142857,0.03464154260162327,0.08436634914903718,5.527426160337553,0.0,0.0,0.15,0.08016877637130802,0,0.17255480750839747,0.32532457822844807,4.7224499538268105,0.936215136270045,0.0,1.0,0.0,0.2,0.0,0.5282210365091334,0.05,0.08,0.07563025210084033,0.5,0.25
111,0.9400971794567334,0.5055950584659863,0.8675919222253186,0.49672556022641384,0.23380311223024616,0.5100332062344166,0.6160337552742616,0.39284867012580044,0.3916934109805628,0.09282700421940929,0.41714285714285715,0.3770046124448788,0.3877483623246199,0.08285714285714285,0.06329113924050633,0.06285714285714286,0.32285714285714284,13.794285714285714,0.08016877637130802,0.0,0.0346584421318228,0.08436634914903718,5.527426160337553,0.0,0.0,0.15,0.08016877637130802,0,0.17246346204228405,0.32369795533730583,4.690858097607418,1.0039621164246422,0.0,0.9545454545454546,0.0,0.2,0.0,0.5282210365091334,0.05,0.08,0.06329113924050633,0.5,0.25
112,0.9418800001774765,0.5067240415913181,0.8672079357668461,0.4974998750100927,0.23380311223024616,0.510418819747171,0.6822033898305084,0.39266642348476427,0.392235744115179,0.09322033898305085,0.46,0.3770046124448788,0.3877483623246199,0.08285714285714285,0.0635593220338983,0.06285714285714286,0.32571428571428573,13.902857142857142,0.07203389830508475,0.002857142857142857,0.03470610206730695,0.08436634914903718,5.440677966101695,0.0,0.0,0.15,0.08050847457627118,0,0.1720008590177869,0.32207946556061934,4.659898078512412,0.9838828740961493,0.0,1.0,0.0,0.2,0.0,0.5282210365091334,0.05,0.08,0.06751054852320675,0.5,0.25
113,0.9457317839115129,0.5063605044427211,0.8695465262695966,0.4975755580498033,0.23380311223024616,0.5108937998072806,0.6553191489361702,0.393013817716475,0.39247295373077135,0.09361702127659574,0.44,0.3770046124448788,0.3877483623246199,0.08285714285714285,0.059574468085106386,0.06285714285714286,0.32857142857142857,13.94,0.07234042553191489,0.002857142857142857,0.034824410224256676,0.08436634914903718,5.259574468085106,0.0,0.0,0.15,0.08085106382978724,0,0.17154056900841227,0.32046906823281623,4.629557259799307,0.9642052166142262,0.0,1.0,0.0,0.2,0.0,0.5282210365091334,0.05,0.08,0.0635593220338983,0.5,0.25
114,0.9471431697808724,0.5065872874301921,0.8704941710675952,0.4979791264754299,0.23380311223024616,0.5112642701899801,0.6468085106382979,0.3930989240994537,0.39253678351800547,0.09361702127659574,0.4342857142857143,0.37706175530202163,0.387791219467477,0.08285714285714285,0.06808510638297872,0.05142857142857143,0.32857142857142857,13.96,0.07659574468085106,0.0,0.03491664934361236,0.08436634914903718,5.259574468085106,0.0,0.0,0.15,0.08085106382978724,0,0.17142558044908449,0.31886672289165213,4.588394686031892,0.97899694504464,0.0,0.9444444444444444,0.0,0.2,0.0,0.5282210365091334,0.05,0.08,0.06808510638297872,0.5,0.25
115,0.947917347865502,0.5057675157591287,0.8710139763529892,0.49733785984385204,0.23380311223024616,0.5116751711113605,0.6297872340425532,0.3930989240994537,0.39253678351800547,0.09361702127659574,0.4228571428571429,0.37706175530202163,0.387791219467477,0.08285714285714285,0.06382978723404255,0.04857142857142857,0.32857142857142857,14.045714285714286,0.07659574468085106,0.0,0.03491664934361236,0.08436634914903718,5.259574468085106,0.0,0.0,0.15,0.08085106382978724,0,0.17091116683255334,0.31727238927719387,4.545198220882682,0.9594170061437473,0.0,1.0,0.0,0.2,0.0,0.5282210365091334,0.05,0.08,0.06382978723404255,0.5,0.25
116,0.9492898429362919,0.5065422697389498,0.8709701506936065,0.49713649020276746,0.23380311223024616,0.5119435321750916,0.6538461538461539,0.3938164362223351,0.3928233585299605,0.09401709401709402,0.43714285714285717,0.37711889815916444,0.3878340766103342,0.08285714285714285,0.04700854700854701,0.04857142857142857,0.3314285714285714,14.065714285714286,0.06837606837606838,0.002857142857142857,0.034959220868238,0.08436634914903716,5.170940170940171,0.0,0.0,0.15,0.0811965811965812,0,0.1708843267126763,0.3156860273308079,4.502865685036458,0.9498242115764581,0.0,0.9411764705882353,0.0,0.2,0.0,0.5282210365091334,0.05,0.08,0.05106382978723404,0.5,0.25
117,0.9523135578650139,0.5049632082372542,0.8716463232248519,0.49609404609579477,0.23380311223024616,0.5123413028835861,0.6137339055793991,0.3951407352049997,0.39365121276433923,0.0944206008583691,0.4085714285714286,0.3771760410163074,0.3878769337531913,0.08285714285714285,0.05150214592274678,0.06,0.3342857142857143,14.102857142857143,0.06437768240343347,0.002857142857142857,0.035082018331878566,0.08436634914903716,5.115879828326181,0.0,0.0,0.15,0.0815450643776824,0,0.17091519079339862,0.3141075971941539,4.472808371335727,0.9308277273449289,0.0,0.9523809523809523,0.0,0.2,0.0,0.5282210365091334,0.05,0.08,0.05555555555555555,0.5,0.25
118,0.9518623847400574,0.5047159740699162,0.8713459708302379,0.4961796603024569,0.23380311223024616,0.5127224813303484,0.648068669527897,0.3951407352049997,0.39365121276433923,0.0944206008583691,0.43142857142857144,0.3771760410163074,0.3878769337531913,0.08285714285714285,0.06437768240343347,0.05714285714285714,0.3342857142857143,14.188571428571429,0.06866952789699571,0.0,0.035082018331878566,0.08436634914903716,5.115879828326181,0.0,0.0,0.15,0.0815450643776824,0,0.17037490055371735,0.3125370592081831,4.44049506105187,0.9122111727980303,0.0,1.0,0.0,0.2,0.0,0.5282210365091334,0.05,0.08,0.06437768240343347,0.5,0.25
119,0.9507833248939034,0.505170978061816,0.8706276252755125,0.4967277658131177,0.23380311223024616,0.5131193801062391,0.6824034334763949,0.3951407352049997,0.39365121276433923,0.0944206008583691,0.4542857142857143,0.3771760410163074,0.3878769337531913,0.08285714285714285,0.055793991416309016,0.045714285714285714,0.3342857142857143,14.185714285714285,0.06866952789699571,0.0,0.035082018331878566,0.08436634914903716,5.115879828326181,0.0,0.0,0.15,0.0815450643776824,0,0.16980859747952018,0.31097437391214217,4.397399445545118,0.8939669493420697,0.0,1.0,0.0,0.2,0.0,0.5282210365091334,0.05,0.08,0.055793991416309016,0.5,0.25
120,0.9502377142829497,0.5046249863797715,0.8702644044973634,0.496128045211556,0.23380311223024616,0.5134363522058341,0.6738197424892703,0.3953124090247422,0.3937799681291461,0.0944206008583691,0.44857142857142857,0.37729032673059304,0.3879626480389056,0.08285714285714285,0.055793991416309016,0.04857142857142857,0.3342857142857143,14.185714285714285,0.06437768240343347,0.0,0.035082018331878566,0.08436634914903716,5.115879828326181,0.0,0.0,0.15,0.0815450643776824,0,0.17018769734926545,0.3143859833264803,4.358022885205645,0.928057963883811,0.0,0.8823529411764706,0.0,0.2,0.0,0.5282210365091334,0.05,0.08,0.055793991416309016,0.5,0.25
121,0.9485891385828866,0.5050230633718734,0.8691669241027499,0.49627040738276834,0.23380311223024616,0.513730206512491,0.6909871244635193,0.3954840828444846,0.393908723493953,0.0944206008583691,0.46,0.3774046124448788,0.38804836232461987,0.08285714285714285,0.060085836909871244,0.05142857142857143,0.3342857142857143,14.214285714285714,0.06437768240343347,0.0,0.035082018331878566,0.08436634914903716,5.115879828326181,0.0,0.0,0.15,0.0815450643776824,0,0.17056504457680483,0.3128140534098479,4.322290998930103,0.9659307015127795,0.0,0.8888888888888888,0.0,0.2,0.0,0.5282210365091334,0.05,0.08,0.060085836909871244,0.5,0.25
122,0.9496391246365241,0.5058710208804439,0.8692463682208125,0.49635728005744373,0.23380311223024616,0.5140052811937749,0.683982683982684,0.39550558504472194,0.3955942714965066,0.09523809523809523,0.4514285714285714,0.3775760410163074,0.38817693375319134,0.08285714285714285,0.06060606060606061,0.06285714285714286,0.34,14.3,0.05627705627705628,0.005714285714285714,0.03514692839493629,0.08436634914903718,5.021645021645021,0.0,0.0,0.15,0.08225108225108226,0,0.17131207649677796,0.31124998314279867,4.298702321808644,0.9820000000000004,0.0,0.8636363636363636,0.0,0.2,0.0,0.5282210365091334,0.05,0.08,0.06866952789699571,0.5,0.25
123,0.9504684163906845,0.506505194424441,0.8697937007785582,0.4966238202584187,0.23380311223024616,0.5142620584222766,0.6926406926406926,0.395592165131302,0.39565920656144166,0.09523809523809523,0.45714285714285713,0.3776331838734502,0.38821979089604847,0.08285714285714285,0.06060606060606061,0.054285714285714284,0.34,14.334285714285715,0.05627705627705628,0.0,0.03518405729431103,0.08436634914903718,5.021645021645021,0.0,0.0,0.15,0.07792207792207792,0,0.17125523040000834,0.31679569234511357,4.267013989658186,0.9623600000000003,0.0,0.9473684210526315,0.0,0.2,0.0,0.5282210365091334,0.05,0.08,0.06060606060606061,0.5,0.25
124,0.9505135563365597,0.5073639558641759,0.8698234931428358,0.49685317167321924,0.23380311223024616,0.5144679541619255,0.7229437229437229,0.395592165131302,0.39565920656144166,0.09523809523809523,0.47714285714285715,0.3776331838734502,0.38821979089604847,0.08285714285714285,0.047619047619047616,0.05142857142857143,0.34,14.34,0.06926406926406926,0.0,0.03518405729431103,0.08436634914903718,5.021645021645021,0.0,0.0,0.15,0.07792207792207792,0,0.170770239962294,0.315211713883388,4.233102281293593,0.9431128000000003,0.0,1.0,0.0,0.2,0.0,0.5282210365091334,0.05,0.08,0.047619047619047616,0.5,0.25
125,0.9506640915045644,0.5076611384594335,0.869922846353719,0.4969671174441085,0.23380311223024616,0.5147255868892598,0.6666666666666666,0.3957653253044622,0.39578907669131175,0.09523809523809523,0.44,0.377747469587736,0.38830550518176277,0.08285714285714285,0.047619047619047616,0.04285714285714286,0.34,14.397142857142857,0.06060606060606061,0.0,0.03518405729431103,0.08436634914903718,5.021645021645021,0.0,0.0,0.15,0.07792207792207792,0,0.17063067447676827,0.3136356553139711,4.1912973785248635,0.9411919999999999,0.0,0.9333333333333333,0.0,0.2,0.0,0.5282210365091334,0.05,0.08,0.047619047619047616,0.5,0.25
126,0.9526815158293008,0.5072232193136789,0.8712543464080451,0.49636518388006234,0.23380311223024616,0.5149060627688494,0.6926406926406926,0.3958519053910423,0.3958540117562468,0.09523809523809523,0.45714285714285713,0.37780461244487873,0.38834836232461983,0.08285714285714285,0.06060606060606061,0.05714285714285714,0.34,14.377142857142857,0.06493506493506493,0.0,0.03518405729431103,0.08436634914903718,5.021645021645021,0.0,0.0,0.15,0.07792207792207792,0,0.17060580681867013,0.31206747703740123,4.164614288097224,0.9281313440000012,0.0,0.95,0.0,0.2,0.0,0.5282210365091334,0.05,0.08,0.06060606060606061,0.5,0.25
127,0.9520818212470108,0.5059602037310619,0.8708585479837336,0.4958065668308528,0.23380311223024616,0.5151206202716992,0.7445887445887446,0.3958519053910423,0.3958540117562468,0.09523809523809523,0.49142857142857144,0.37780461244487873,0.38834836232461983,0.08285714285714285,0.047619047619047616,0.05142857142857143,0.34,14.44,0.06060606060606061,0.0,0.03518405729431103,0.08436634914903718,5.021645021645021,0.0,0.0,0.15,0.07792207792207792,0,0.1700670634988625,0.3105071396522142,4.13275057376385,0.9095687171200011,0.0,1.0,0.0,0.2,0.0,0.5282210365091334,0.05,0.08,0.047619047619047616,0.5,0.25
128,0.9573242870315275,0.5072299134586223,0.8720199701181962,0.49663004400525923,0.23380311223024616,0.5152541073562129,0.7130434782608696,0.39467044990307865,0.3949824926912869,0.09565217391304348,0.4685714285714286,0.37780461244487873,0.38834836232461983,0.08285714285714285,0.0391304347826087,0.04285714285714286,0.34285714285714286,14.462857142857143,0.05652173913043478,0.002857142857142857,0.03528668132437038,0.08436634914903718,4.626086956521739,0.0,0.0,0.15,0.0782608695652174,0,0.16953087103851103,0.3089546039539532,4.092952705145716,0.8913773427776011,0.0,1.0,0.0,0.2,0.0,0.5282210365091334,0.05,0.08,0.04329004329004329,0.5,0.25
129,0.9582089350203047,0.5089198022924142,0.8726013102251069,0.49818846375918885,0.23380311223024616,0.5152125461171928,0.7304347826086957,0.39467044990307865,0.3949824926912869,0.09565217391304348,0.48,0.37780461244487873,0.38834836232461983,0.08285714285714285,0.030434782608695653,0.022857142857142857,0.34285714285714286,14.494285714285715,0.05652173913043478,0.0,0.03547142065313717,0.08436634914903718,4.626086956521739,0.0,0.0,0.15,0.0782608695652174,0,0.16888321668331846,0.3074098309341834,4.033950793899945,0.8735497959220491,0.0,1.0,0.0,0.2,0.0,0.5282210365091334,0.05,0.08,0.030434782608695653,0.5,0.25
130,0.9576744642088951,0.5090252719921076,0.8722500865490378,0.498453923132243,0.23380311223024616,0.5150392769994119,0.7086956521739131,0.39467044990307865,0.3949824926912869,0.09565217391304348,0.4657142857142857,0.37780461244487873,0.38834836232461983,0.08285714285714285,0.034782608695652174,0.02857142857142857,0.34285714285714286,14.582857142857144,0.05652173913043478,0.0,0.03547142065313717,0.08436634914903718,4.626086956521739,0.0,0.0,0.15,0.0782608695652174,0,0.1683810870284733,0.3058727817795125,3.9818432065933744,0.856078800003608,0.0,1.0,0.0,0.2,0.0,0.5282210365091334,0.05,0.08,0.034782608695652174,0.5,0.25
131,0.9591037583143956,0.5093346513801632,0.8731893369612239,0.49853750061440044,0.23380311223024616,0.5149652350036663,0.7086956521739131,0.39467044990307865,0.3949824926912869,0.09565217391304348,0.4657142857142857,0.37780461244487873,0.38834836232461983,0.08285714285714285,0.043478260869565216,0.037142857142857144,0.34285714285714286,14.605714285714285,0.06086956521739131,0.0,0.03547142065313717,0.08436634914903718,4.626086956521739,0.0,0.0,0.15,0.0782608695652174,0,0.16788161087904524,0.3043434178706149,3.939349199604364,0.8389572240035359,0.0,1.0,0.0,0.2,0.0,0.5282210365091334,0.05,0.08,0.043478260869565216,0.5,0.25
132,0.9601851406437854,0.5095386839017024,0.8727584525377612,0.49911712571836625,0.23380311223024616,0.5148991266629819,0.7205240174672489,0.3954099712969945,0.39620307051331627,0.09606986899563319,0.4714285714285714,0.37780461244487873,0.38834836232461983,0.08285714285714285,0.039301310043668124,0.03428571428571429,0.3457142857142857,14.631428571428572,0.05240174672489083,0.002857142857142857,0.035585528376472164,0.08436634914903718,4.506550218340611,0.0,0.0,0.15,0.07860262008733625,0,0.16744078137823928,0.3028217007812618,3.8948479298979914,0.8221780795234651,0.0,1.0,0.0,0.2,0.0,0.5282210365091334,0.05,0.08,0.043478260869565216,0.5,0.25
133,0.9627353450914667,0.5106210564941007,0.8742934985125069,0.5001389192175582,0.23380311223024616,0.5148851739203919,0.6973684210526315,0.39637404791307884,0.3968211546724114,0.09649122807017543,0.4542857142857143,0.37780461244487873,0.38834836232461983,0.08285714285714285,0.043859649122807015,0.03428571428571429,0.3485714285714286,14.66,0.04824561403508772,0.002857142857142857,0.03560605433557841,0.08436634914903718,4.5,0.0,0.0,0.15,0.07894736842105263,0,0.16688914889991951,0.30130759227735554,3.851236685585745,0.8057345179329959,0.0,1.0,0.0,0.2,0.0,0.5282210365091334,0.05,0.08,0.048034934497816595,0.5,0.25
134,0.9659794920907437,0.5115001849784775,0.8759838141188724,0.5004038348610541,0.23380311223024616,0.5149810812000302,0.6299559471365639,0.39661353245010067,0.3974934195250921,0.09691629955947137,0.4085714285714286,0.37780461244487873,0.38834836232461983,0.08285714285714285,0.04405286343612335,0.03428571428571429,0.3514285714285714,14.742857142857142,0.048458149779735685,0.002857142857142857,0.035668350563886564,0.08436634914903716,4.4493392070484585,0.0,0.0,0.15,0.07929515418502203,0,0.16628327458399136,0.2998010543159687,3.8084976661597447,0.7896198275743359,0.0,1.0,0.0,0.2,0.0,0.5282210365091334,0.05,0.08,0.04824561403508772,0.5,0.25
135,0.9658946347622931,0.512113185892052,0.8759287780801346,0.5005047165849799,0.23380311223024616,0.5151557210088301,0.5991189427312775,0.39661353245010067,0.3974934195250921,0.09691629955947137,0.38857142857142857,0.37780461244487873,0.38834836232461983,0.08285714285714285,0.02643171806167401,0.022857142857142857,0.3514285714285714,14.811428571428571,0.048458149779735685,0.0,0.03567846496301715,0.08436634914903716,4.4493392070484585,0.0,0.0,0.15,0.07929515418502203,0,0.1657085732110714,0.2983020490443889,3.755184855693692,0.7738274310228492,0.0,1.0,0.0,0.2,0.0,0.5282210365091334,0.05,0.08,0.02643171806167401,0.5,0.25
136,0.9654934099480807,0.5124609030864877,0.8756685551292026,0.5006195574045401,0.23380311223024616,0.5153028110143443,0.6475770925110133,0.39661353245010067,0.3974934195250921,0.09691629955947137,0.42,0.37780461244487873,0.38834836232461983,0.08285714285714285,0.030837004405286344,0.025714285714285714,0.3514285714285714,14.834285714285715,0.048458149779735685,0.0,0.03567846496301715,0.08436634914903716,4.4493392070484585,0.0,0.0,0.15,0.07929515418502203,0,0.1651368874878732,0.29681053879916697,3.7057954442941043,0.7583508824023922,0.0,1.0,0.0,0.2,0.0,0.5282210365091334,0.05,0.08,0.030837004405286344,0.5,0.25
137,0.967659304843886,0.5135296362525171,0.8756735070450863,0.5007007202573587,0.23380311223024616,0.5154673623990124,0.7022222222222222,0.3981057977901527,0.3976973274813212,0.09777777777777778,0.4514285714285714,0.37780461244487873,0.38834836232461983,0.08285714285714285,0.02666666666666667,0.022857142857142857,0.35714285714285715,14.831428571428571,0.04,0.005714285714285714,0.03577252434162866,0.08436634914903718,4.222222222222222,0.0,0.0,0.15,0.08,0,0.16456806019329095,0.2953264861051711,3.6545366782653645,0.7431838647543443,0.0,1.0,0.0,0.2,0.0,0.5282210365091334,0.05,0.08,0.02643171806167401,0.5,0.25
138,0.9683870108914995,0.513418163495705,0.8761413180756951,0.5006663312090296,0.23380311223024616,0.515643638170425,0.6666666666666666,0.3981946866790416,0.3977639941479879,0.09777777777777778,0.42857142857142855,0.37786175530202165,0.38839121946747696,0.08285714285714285,0.044444444444444446,0.03428571428571429,0.35714285714285715,14.865714285714287,0.04,0.0,0.035905107623956066,0.08436634914903718,4.222222222222222,0.0,0.0,0.15,0.08,0,0.1644592198923245,0.2938498536746452,3.615731658985772,0.7705918227075738,0.0,0.9166666666666666,0.0,0.2,0.0,0.5282210365091334,0.05,0.08,0.044444444444444446,0.5,0.25
139,0.9709404100679776,0.5143340494522703,0.8772826958286325,0.5014756364050922,0.23380311223024616,0.5157925163146165,0.6875,0.3993229652312794,0.3967468372163741,0.09821428571428571,0.44,0.3779188981591645,0.38843407661033413,0.08285714285714285,0.03125,0.025714285714285714,0.36,14.897142857142857,0.03571428571428571,0.002857142857142857,0.03597003908824376,0.08436634914903716,4.107142857142857,0.0,0.0,0.15,0.08035714285714286,0,0.1642939237928629,0.292380604406272,3.5691313115203425,0.7901201503340982,0.0,0.8888888888888888,0.0,0.2,0.0,0.5282210365091334,0.05,0.08,0.035555555555555556,0.5,0.25
140,0.9733034701650213,0.5154265368266039,0.8768903569543411,0.5026428184684988,0.23380311223024616,0.5159674634692515,0.6936936936936937,0.3983560187823454,0.39705261936083786,0.0990990990990991,0.44,0.3779188981591645,0.38843407661033413,0.08285714285714285,0.03153153153153153,0.02857142857142857,0.3657142857142857,14.934285714285714,0.03153153153153153,0.005714285714285714,0.03612029181648827,0.08436634914903719,3.990990990990991,0.0,0.0,0.15,0.08108108108108109,0,0.16372931131675572,0.29091870138424064,3.526320113861364,0.7743177473274162,0.0,1.0,0.0,0.2,0.0,0.5282210365091334,0.05,0.08,0.03571428571428571,0.5,0.25
141,0.9730954316238063,0.5147805404922969,0.8767584010796278,0.5025035539861187,0.23380311223024616,0.5160043609089056,0.7072072072072072,0.3984461088724355,0.39712018692840545,0.0990990990990991,0.44857142857142857,0.37797604101630733,0.3884769337531913,0.08285714285714285,0.02252252252252252,0.017142857142857144,0.3657142857142857,14.94,0.03153153153153153,0.0,0.03616896114789068,0.08436634914903719,3.990990990990991,0.0,0.0,0.15,0.08108108108108109,0,0.16345352190302906,0.2894641078773194,3.4729365687269937,0.94308206277744,0.0,0.8333333333333334,0.0,0.2,0.0,0.5282210365091334,0.05,0.08,0.02252252252252252,0.5,0.25
142,0.9729748907598903,0.5151647725985486,0.8766819437316583,0.5027098854688745,0.23380311223024616,0.5160097750749763,0.6846846846846847,0.39862628905261566,0.39725532206354064,0.0990990990990991,0.4342857142857143,0.378090326730593,0.38856264803890556,0.08285714285714285,0.04504504504504504,0.02857142857142857,0.3657142857142857,14.974285714285715,0.03153153153153153,0.0,0.03616896114789068,0.08436634914903719,3.990990990990991,0.0,0.0,0.15,0.08108108108108109,0,0.1637213978649425,0.2880167873379328,3.4320492659238817,0.9447015748823803,0.0,0.8,0.0,0.2,0.0,0.5282210365091334,0.05,0.08,0.04504504504504504,0.5,0.25
143,0.9742683225665825,0.5157959127217858,0.8775023490490458,0.5035203397382059,0.23380311223024616,0.5161812436506352,0.7117117117117117,0.39862628905261566,0.39725532206354064,0.0990990990990991,0.4514285714285714,0.378090326730593,0.38856264803890556,0.08285714285714285,0.036036036036036036,0.025714285714285714,0.3657142857142857,15.028571428571428,0.03153153153153153,0.0,0.03616896114789068,0.08436634914903719,3.990990990990991,0.0,0.0,0.15,0.08108108108108109,0,0.16310264801847493,0.28657670340124314,3.38912256631969,0.9258075433847326,0.0,1.0,0.0,0.2,0.0,0.5282210365091334,0.05,0.08,0.036036036036036036,0.5,0.25
144,0.9735892724298055,0.5147680452584065,0.8770716372480045,0.5028296318725447,0.23380311223024616,0.516359133871448,0.6711711711711712,0.39862628905261566,0.39725532206354064,0.0990990990990991,0.4257142857142857,0.378090326730593,0.38856264803890556,0.08285714285714285,0.03153153153153153,0.022857142857142857,0.3657142857142857,15.082857142857144,0.03153153153153153,0.0,0.03616896114789068,0.08436634914903719,3.990990990990991,0.0,0.0,0.15,0.08108108108108109,0,0.16242999192123972,0.2851438198842369,3.3441972578504386,0.9072913925170379,0.0,1.0,0.0,0.2,0.0,0.5282210365091334,0.05,0.08,0.03153153153153153,0.5,0.25
145,0.9711405234334355,0.5142447727769632,0.875406874241894,0.5028824119482629,0.23380311223024616,0.516590407742679,0.6515837104072398,0.3976544814026669,0.397831582296981,0.09954751131221719,0.4114285714285714,0.37814746958773593,0.38860550518176273,0.08285714285714285,0.03619909502262444,0.025714285714285714,0.36857142857142855,15.148571428571428,0.027149321266968326,0.002857142857142857,0.03622617361886792,0.08436634914903718,3.936651583710407,0.0,0.0,0.15,0.08144796380090498,0,0.16224627053306206,0.2837181007848158,3.303027598407716,0.9211059970018693,0.0,0.8888888888888888,0.0,0.2,0.0,0.5282210365091334,0.05,0.08,0.036036036036036036,0.5,0.25
146,0.9721073764650677,0.5151531040238555,0.8760173728704389,0.5032134425816462,0.23380311223024616,0.5170383984303383,0.6334841628959276,0.39774497914022344,0.3978994556001484,0.09954751131221719,0.4,0.37820461244487874,0.3886483623246199,0.08285714285714285,0.01809954751131222,0.011428571428571429,0.36857142857142855,15.142857142857142,0.027149321266968326,0.0,0.03622617361886792,0.08436634914903718,3.936651583710407,0.0,0.0,0.15,0.08144796380090498,0,0.16194932489468247,0.2822995102808917,3.248395617868133,0.9281313440000012,0.0,0.75,0.0,0.2,0.0,0.5282210365091334,0.05,0.08,0.01809954751131222,0.5,0.25
147,0.9712795687053369,0.5151592735462194,0.8754946713992945,0.5032460449948153,0.23380311223024616,0.5174540727234627,0.7104072398190046,0.39783547687778004,0.39796732890331576,0.09954751131221719,0.44857142857142857,0.3782617553020216,0.38869121946747703,0.08285714285714285,0.04072398190045249,0.02857142857142857,0.36857142857142855,15.137142857142857,0.027149321266968326,0.0,0.03622617361886792,0.08436634914903718,3.936651583710407,0.0,0.0,0.15,0.08144796380090498,0,0.16182486398449478,0.2808880127294872,3.2119991340821987,0.9623600000000003,0.0,0.9,0.0,0.2,0.0,0.5282210365091334,0.05,0.08,0.04072398190045249,0.5,0.25
148,0.9711530734012358,0.5160449407687746,0.8754147986501334,0.5036751054940911,0.23380311223024616,0.5177021193645935,0.669683257918552,0.3979259746153366,0.3980352022064832,0.09954751131221719,0.4228571428571429,0.3783188981591645,0.3887340766103341,0.08285714285714285,0.027149321266968326,0.017142857142857144,0.36857142857142855,15.128571428571428,0.027149321266968326,0.0,0.03622617361886792,0.08436634914903718,3.936651583710407,0.0,0.0,0.15,0.08144796380090498,0,0.16155859680742946,0.2794835726658398,3.164902008543412,0.9620286233619235,0.0,0.8333333333333334,0.0,0.2,0.0,0.5282210365091334,0.05,0.08,0.027149321266968326,0.5,0.25
149,0.9707924749060622,0.5163913031871944,0.8751871064574667,0.5036296726267669,0.23380311223024616,0.5180235756250479,0.669683257918552,0.39810697009044976,0.39817094881281806,0.09954751131221719,0.4228571428571429,0.37843318387345015,0.3888197908960485,0.08285714285714285,0.03167420814479638,0.02,0.36857142857142855,15.142857142857142,0.027149321266968326,0.0,0.03622617361886792,0.08436634914903718,3.936651583710407,0.0,0.0,0.15,0.08144796380090498,0,0.16172208953767803,0.2780861548025106,3.1216039683725443,0.9806969053874596,0.0,0.7142857142857143,0.0,0.2,0.0,0.5282210365091334,0.05,0.08,0.03167420814479638,0.5,0.25
150,0.9699091950222738,0.5167717799274734,0.8746293783022747,0.5038812953878083,0.23380311223024616,0.5182660109248892,0.6561085972850679,0.39810697009044976,0.39817094881281806,0.09954751131221719,0.4142857142857143,0.37843318387345015,0.3888197908960485,0.08285714285714285,0.027149321266968326,0.02,0.36857142857142855,15.205714285714286,0.027149321266968326,0.0,0.03622617361886792,0.08436634914903718,3.936651583710407,0.0,0.0,0.15,0.08144796380090498,0,0.1610561933757039,0.27669572402849807,3.0791718890050923,0.9610829672797103,0.0,1.0,0.0,0.2,0.0,0.5282210365091334,0.05,0.08,0.027149321266968326,0.5,0.25
151,0.9696195908079749,0.5160751366118395,0.87444651392696,0.5040321877383449,0.23380311223024616,0.518484379946218,0.6832579185520362,0.3981974678280063,0.3982388221159855,0.09954751131221719,0.43142857142857144,0.3784903267305931,0.3888626480389056,0.08285714285714285,0.04072398190045249,0.02857142857142857,0.36857142857142855,15.211428571428572,0.027149321266968326,0.0,0.03622617361886792,0.08436634914903718,3.936651583710407,0.0,0.0,0.15,0.08144796380090498,0,0.16099248740525396,0.2753122454083555,3.0461598797964196,0.9491365714070443,0.0,0.9,0.0,0.2,0.0,0.5282210365091334,0.05,0.08,0.04072398190045249,0.5,0.25
152,0.969007159498223,0.5157885449996659,0.8740598072999454,0.5039602757136096,0.23380311223024616,0.518482987835814,0.665158371040724,0.39828796556556284,0.3983066954191529,0.09954751131221719,0.42,0.3785474695877359,0.3889055051817627,0.08285714285714285,0.02262443438914027,0.017142857142857144,0.36857142857142855,15.208571428571428,0.03167420814479638,0.0,0.03622617361886792,0.08436634914903718,3.936651583710407,0.0,0.0,0.15,0.08144796380090498,0,0.1607303821110848,0.27393568418131375,3.0023795393433477,0.9411919999999999,0.0,0.8333333333333334,0.0,0.2,0.0,0.5282210365091334,0.05,0.08,0.02262443438914027,0.5,0.25
153,0.9686793235623813,0.5163745598890279,0.8739193628187445,0.5037290048686133,0.23380311223024616,0.5184614509487563,0.6909090909090909,0.39942636605719123,0.39941186886154956,0.1,0.4342857142857143,0.3785474695877359,0.3889055051817627,0.08285714285714285,0.031818181818181815,0.025714285714285714,0.37142857142857144,15.251428571428571,0.02727272727272727,0.002857142857142857,0.03622658389060595,0.08436634914903716,3.9272727272727272,0.0,0.0,0.15,0.08181818181818182,0,0.16015501591481512,0.27256600576040724,2.968046234270767,0.9223681599999999,0.0,1.0,0.0,0.2,0.0,0.5282210365091334,0.05,0.08,0.03619909502262444,0.5,0.25
154,0.9693541744924976,0.5167210146235969,0.8743435548319605,0.504612253131925,0.23380311223024616,0.5186019473138601,0.6863636363636364,0.39942636605719123,0.39941186886154956,0.1,0.43142857142857144,0.3785474695877359,0.3889055051817627,0.08285714285714285,0.02727272727272727,0.02,0.37142857142857144,15.28,0.02727272727272727,0.0,0.03623093335966622,0.08436634914903716,3.9272727272727272,0.0,0.0,0.15,0.08181818181818182,0,0.1594970979780982,0.2712031757316052,2.928685309585352,0.9039207967999998,0.0,1.0,0.0,0.2,0.0,0.5282210365091334,0.05,0.08,0.02727272727272727,0.5,0.25
155,0.9694721825064135,0.5162855351738646,0.8744177312978504,0.5051692778783848,0.23380311223024616,0.5186434036836951,0.7090909090909091,0.39942636605719123,0.39941186886154956,0.1,0.44571428571428573,0.3785474695877359,0.3889055051817627,0.08285714285714285,0.01818181818181818,0.011428571428571429,0.37142857142857144,15.262857142857143,0.02727272727272727,0.0,0.03623093335966622,0.08436634914903716,3.9272727272727272,0.0,0.0,0.15,0.08181818181818182,0,0.15878532677392196,0.26984715985294716,2.881540174822216,0.8858423808639998,0.0,1.0,0.0,0.2,0.0,0.5282210365091334,0.05,0.08,0.01818181818181818,0.5,0.25
156,0.9686950794488005,0.5163499294425773,0.8739292665187794,0.5054650718731263,0.23380311223024616,0.5186931793652917,0.6772727272727272,0.39942636605719123,0.39941186886154956,0.1,0.4257142857142857,0.3785474695877359,0.3889055051817627,0.08285714285714285,0.02727272727272727,0.017142857142857144,0.37142857142857144,15.242857142857142,0.02727272727272727,0.0,0.03623093335966622,0.08436634914903716,3.9272727272727272,0.0,0.0,0.15,0.08181818181818182,0,0.15819082942576668,0.26849792405368245,2.841052228468629,0.8681255332467198,0.0,1.0,0.0,0.2,0.0,0.5282210365091334,0.05,0.08,0.02727272727272727,0.5,0.25
157,0.9680703539222176,0.5164387695784923,0.8735365819020701,0.5059471299439674,0.23380311223024616,0.5187539652826478,0.7090909090909091,0.39942636605719123,0.39941186886154956,0.1,0.44571428571428573,0.3785474695877359,0.3889055051817627,0.08285714285714285,0.022727272727272728,0.017142857142857144,0.37142857142857144,15.274285714285714,0.02727272727272727,0.0,0.03623093335966622,0.08436634914903716,3.9272727272727272,0.0,0.0,0.15,0.08181818181818182,0,0.15762787599292355,0.26715543443341405,2.8013740410421133,0.8507630225817854,0.0,1.0,0.0,0.2,0.0,0.5282210365091334,0.05,0.08,0.022727272727272728,0.5,0.25
158,0.9685375314065431,0.5148067304245086,0.8736718312833013,0.5051697394461828,0.23380311223024616,0.5186877765123583,0.7625570776255708,0.4004671573830521,0.40107182642601674,0.1004566210045662,0.47714285714285715,0.3786617553020216,0.38899121946747706,0.08285714285714285,0.0319634703196347,0.025714285714285714,0.3742857142857143,15.32,0.0273972602739726,0.002857142857142857,0.03628965186663473,0.08436634914903716,3.780821917808219,0.0,0.0,0.15,0.0821917808219178,0,0.15786816518438748,0.2746314828333734,2.7710608459355566,0.8365414753794682,0.0,0.7777777777777778,0.0,0.2,0.0,0.5282210365091334,0.05,0.08,0.03636363636363636,0.5,0.25
159,0.9693798624845299,0.5159445826246837,0.8736452740932412,0.5052218732661006,0.23380311223024616,0.5185796154210676,0.6834862385321101,0.40009922491593425,0.40112214823238673,0.10091743119266056,0.4257142857142857,0.3786617553020216,0.38899121946747706,0.08285714285714285,0.03211009174311927,0.025714285714285714,0.37714285714285717,15.32,0.022935779816513763,0.002857142857142857,0.036396938384077926,0.08436634914903718,3.761467889908257,0.0,0.0,0.15,0.08256880733944955,0,0.15727868150132268,0.2732583254192066,2.741353914731131,0.8198106458718789,0.0,1.0,0.0,0.2,0.0,0.5282210365091334,0.05,0.08,0.0365296803652968,0.5,0.25
160,0.9695253674418309,0.5161803052394509,0.8737359028952171,0.505170272413773,0.23380311223024616,0.5186072684793387,0.7064220183486238,0.40009922491593425,0.40112214823238673,0.10091743119266056,0.44,0.3786617553020216,0.38899121946747706,0.08285714285714285,0.03211009174311927,0.022857142857142857,0.37714285714285717,15.325714285714286,0.022935779816513763,0.0,0.036415675581932205,0.08436634914903718,3.761467889908257,0.0,0.0,0.15,0.0779816513761468,0,0.1566351452366732,0.2718920337921106,2.709383979293651,0.8034144329544413,0.0,1.0,0.0,0.2,0.0,0.5282210365091334,0.05,0.08,0.03211009174311927,0.5,0.25
161,0.9689804236553035,0.516100815964977,0.8733964807653228,0.5056225229165622,0.23380311223024616,0.5185876870917905,0.7752293577981652,0.40009922491593425,0.40112214823238673,0.10091743119266056,0.4828571428571429,0.3786617553020216,0.38899121946747706,0.08285714285714285,0.03211009174311927,0.022857142857142857,0.37714285714285717,15.348571428571429,0.022935779816513763,0.0,0.036415675581932205,0.08436634914903718,3.761467889908257,0.0,0.0,0.15,0.0779816513761468,0,0.15599482665334702,0.27053257362315,2.678053442564921,0.7873461442953524,0.0,1.0,0.0,0.2,0.0,0.5282210365091334,0.05,0.08,0.03211009174311927,0.5,0.25
162,0.9678780962774017,0.5173234516063644,0.8727098882842297,0.50642981502772,0.23380311223024616,0.5185802193692611,0.7018348623853211,0.40009922491593425,0.40112214823238673,0.10091743119266056,0.43714285714285717,0.3786617553020216,0.38899121946747706,0.08285714285714285,0.01834862385321101,0.014285714285714285,0.37714285714285717,15.385714285714286,0.022935779816513763,0.0,0.036415675581932205,0.08436634914903718,3.761467889908257,0.0,0.0,0.15,0.0779816513761468,0,0.15532913823436595,0.2691799107550342,2.638778087999337,0.7715992214094454,0.0,1.0,0.0,0.2,0.0,0.5282210365091334,0.05,0.08,0.01834862385321101,0.5,0.25
163,0.9710552604828839,0.5189580389486111,0.8746888077036445,0.5081986482980483,0.23380311223024616,0.5185218787530561,0.7064220183486238,0.4001909680352002,0.40119095557183626,0.10091743119266056,0.44,0.37871889815916443,0.3890340766103342,0.08285714285714285,0.027522935779816515,0.017142857142857144,0.37714285714285717,15.465714285714286,0.022935779816513763,0.0,0.036415675581932205,0.08436634914903718,3.761467889908257,0.0,0.0,0.15,0.0779816513761468,0,0.15509520682890843,0.26869713693706104,2.603145383382207,0.774928682798153,0.0,0.8333333333333334,0.0,0.2,0.0,0.5282210365091334,0.05,0.08,0.027522935779816515,0.5,0.25
164,0.9719286186193306,0.5193996214517036,0.8752327850572026,0.5084305341694771,0.23380311223024616,0.5184895863545063,0.6972477064220184,0.40037445427373236,0.4013285702507354,0.10091743119266056,0.4342857142857143,0.3788331838734502,0.38911979089604837,0.08285714285714285,0.04128440366972477,0.02857142857142857,0.37714285714285717,15.517142857142858,0.03211009174311927,0.0,0.036415675581932205,0.08436634914903718,3.761467889908257,0.0,0.0,0.15,0.0779816513761468,0,0.15537658793762105,0.26735365125237576,2.5796539042859914,0.7705918227075738,0.0,0.8,0.0,0.2,0.0,0.5282210365091334,0.05,0.08,0.04128440366972477,0.5,0.25
165,0.9709171467710821,0.5176565385637644,0.874602782591722,0.506999825229037,0.23380311223024616,0.5183441712576857,0.7018348623853211,0.40037445427373236,0.4013285702507354,0.10091743119266056,0.43714285714285717,0.3788331838734502,0.38911979089604837,0.08285714285714285,0.03211009174311927,0.022857142857142857,0.37714285714285717,15.562857142857142,0.027522935779816515,0.0,0.036415675581932205,0.08436634914903718,3.761467889908257,0.0,0.0,0.15,0.0779816513761468,0,0.15474256214079007,0.2660168829961139,2.5509179690574144,0.7551799862534223,0.0,1.0,0.0,0.2,0.0,0.5282210365091334,0.05,0.08,0.03211009174311927,0.5,0.25
166,0.9701820761587137,0.5169373322116508,0.8741449386103041,0.5062308748113178,0.23380311223024616,0.5180681455182206,0.6788990825688074,0.4005579405122645,0.40146618492963443,0.10091743119266056,0.4228571428571429,0.3789474695877359,0.3892055051817627,0.08285714285714285,0.03211009174311927,0.02,0.37714285714285717,15.605714285714285,0.027522935779816515,0.0,0.036415675581932205,0.08436634914903718,3.761467889908257,0.0,0.0,0.15,0.0779816513761468,0,0.15494027790151468,0.2704977656284258,2.5198996096762665,0.7851624931796138,0.0,0.7142857142857143,0.0,0.2,0.0,0.5282210365091334,0.05,0.08,0.03211009174311927,0.5,0.25
167,0.9704587724749428,0.518123475572404,0.8743172808872697,0.507072557123933,0.23380311223024616,0.5178768267305089,0.7064220183486238,0.4006496836315305,0.401534992269084,0.10091743119266056,0.44,0.3790046124448788,0.38924836232461985,0.08285714285714285,0.022935779816513763,0.017142857142857144,0.37714285714285717,15.64,0.027522935779816515,0.0,0.036415675581932205,0.08436634914903718,3.761467889908257,0.0,0.0,0.15,0.0779816513761468,0,0.15473686222629282,0.26914527680028366,2.486644474625598,0.8267049926523709,0.0,0.8333333333333334,0.0,0.2,0.0,0.5282210365091334,0.05,0.08,0.022935779816513763,0.5,0.25
168,0.9728341345955613,0.5187700553547281,0.8750745874359279,0.507606745598028,0.23380311223024616,0.5176649262772669,0.6866359447004609,0.40116150310182913,0.40219225148103893,0.10138248847926268,0.4257142857142857,0.3791188981591645,0.3893340766103342,0.08285714285714285,0.03225806451612903,0.025714285714285714,0.38,15.68,0.02304147465437788,0.002857142857142857,0.036434665909991885,0.08436634914903716,3.7235023041474653,0.0,0.0,0.15,0.07834101382488479,0,0.1549630350580185,0.2677995504162823,2.4626258708473716,0.9333259544405224,0.0,0.7777777777777778,0.0,0.2,0.0,0.5282210365091334,0.05,0.08,0.03669724770642202,0.5,0.25
169,0.9711927464411314,0.5188709803065962,0.8740569267801813,0.5083651396384236,0.23380311223024616,0.5177185589918906,0.6497695852534562,0.40125366900044657,0.4022613759050021,0.10138248847926268,0.40285714285714286,0.37917604101630736,0.3893769337531913,0.08285714285714285,0.02304147465437788,0.014285714285714285,0.38,15.74,0.02304147465437788,0.0,0.03645645798921027,0.08436634914903716,3.7235023041474653,0.0,0.0,0.15,0.07834101382488479,0,0.15475950559701412,0.2664605526642008,2.4276590677161383,0.9424936199177645,0.0,0.8,0.0,0.2,0.0,0.5282210365091334,0.05,0.08,0.02304147465437788,0.5,0.25
170,0.9705586915070201,0.5178012072518092,0.8736638127210324,0.5073320143965728,0.23380311223024616,0.5178038874464753,0.6267281105990783,0.40125366900044657,0.4022613759050021,0.10138248847926268,0.38857142857142857,0.37917604101630736,0.3893769337531913,0.08285714285714285,0.03225806451612903,0.022857142857142857,0.38,15.771428571428572,0.02304147465437788,0.0,0.03645645798921027,0.08436634914903716,3.7235023041474653,0.0,0.0,0.15,0.07834101382488479,0,0.15415699378331477,0.26512824990087985,2.4019630292189587,0.9236437475194091,0.0,1.0,0.0,0.2,0.0,0.5282210365091334,0.05,0.08,0.03225806451612903,0.5,0.25
171,0.9726528783672463,0.5178516957257835,0.8749622085743725,0.5075698809098967,0.23380311223024616,0.5180160208330202,0.631336405529954,0.40125366900044657,0.4022613759050021,0.10138248847926268,0.3914285714285714,0.37917604101630736,0.3893769337531913,0.08285714285714285,0.018433179723502304,0.011428571428571429,0.38,15.794285714285714,0.02304147465437788,0.0,0.03645645798921027,0.08436634914903716,3.7235023041474653,0.0,0.0,0.15,0.07834101382488479,0,0.15347192310011248,0.2638026086513754,2.365352340063151,0.9051708725690208,0.0,1.0,0.0,0.2,0.0,0.5282210365091334,0.05,0.08,0.018433179723502304,0.5,0.25
172,0.9715014754751877,0.5188345737606602,0.8743297631370814,0.5079542374895119,0.23380311223024616,0.5180703571152012,0.625,0.40179760529477354,0.40260063911078714,0.10185185185185185,0.38571428571428573,0.37917604101630736,0.3893769337531913,0.08285714285714285,0.027777777777777776,0.022857142857142857,0.38285714285714284,15.782857142857143,0.018518518518518517,0.002857142857142857,0.03646925052500321,0.08436634914903715,3.712962962962963,0.0,0.0,0.15,0.0787037037037037,0,0.1529042777703262,0.2624835956081185,2.3409024361190305,0.8870674551176404,0.0,1.0,0.0,0.2,0.0,0.5282210365091334,0.05,0.08,0.03225806451612903,0.5,0.25
173,0.975626066360557,0.5186716737730951,0.87494857135504,0.5078390265939915,0.23380311223024616,0.5180059092396213,0.6093023255813953,0.4017902732246103,0.40314867042590796,0.10232558139534884,0.3742857142857143,0.37917604101630736,0.3893769337531913,0.08285714285714285,0.023255813953488372,0.02,0.38571428571428573,15.737142857142857,0.013953488372093023,0.002857142857142857,0.03648158143177787,0.08436634914903719,3.683720930232558,0.0,0.0,0.15,0.07906976744186046,0,0.15228261352433173,0.26117117763007797,2.31408438739665,0.8693261060152876,0.0,1.0,0.0,0.2,0.0,0.5282210365091334,0.05,0.08,0.027777777777777776,0.5,0.25
174,0.9743438881752637,0.5192014991546755,0.8741609476126457,0.5081550266611071,0.23380311223024616,0.5177690872907097,0.6325581395348837,0.4017902732246103,0.40314867042590796,0.10232558139534884,0.38857142857142857,0.37917604101630736,0.3893769337531913,0.08285714285714285,0.023255813953488372,0.017142857142857144,0.38571428571428573,15.731428571428571,0.013953488372093023,0.0,0.03650249184106907,0.08436634914903719,3.683720930232558,0.0,0.0,0.15,0.07906976744186046,0,0.15163548617099576,0.25986532174192756,2.284945556791574,0.8519395838949818,0.0,1.0,0.0,0.2,0.0,0.5282210365091334,0.05,0.08,0.023255813953488372,0.5,0.25
175,0.9762277597181841,0.5192564983897193,0.8753748045392408,0.5084075417288951,0.23380311223024616,0.5175914322301997,0.6869158878504673,0.40194924190661374,0.40255827691596247,0.102803738317757,0.42,0.3792331838734502,0.38941979089604845,0.08285714285714285,0.02336448598130841,0.017142857142857144,0.38857142857142857,15.722857142857142,0.009345794392523364,0.002857142857142857,0.0365099906602729,0.08436634914903718,3.6728971962616823,0.0,0.0,0.15,0.0794392523364486,0,0.1513915944544265,0.25856599513321793,2.2563895027985996,0.8458265589577039,0.0,0.8333333333333334,0.0,0.2,0.0,0.5282210365091334,0.05,0.08,0.027906976744186046,0.5,0.25
176,0.9758324257030925,0.519141610242553,0.8751330860271563,0.5084204492699045,0.23380311223024616,0.5173775126647081,0.705607476635514,0.40204269985053903,0.40262837037390636,0.102803738317757,0.43142857142857144,0.37929032673059304,0.3894626480389056,0.08285714285714285,0.018691588785046728,0.014285714285714285,0.38857142857142857,15.691428571428572,0.014018691588785047,0.0,0.03651484134616679,0.08436634914903718,3.6728971962616823,0.0,0.0,0.15,0.0794392523364486,0,0.15117735076786865,0.25821766902826204,2.2255474270283417,0.8354492881753136,0.0,0.8,0.0,0.2,0.0,0.5282210365091334,0.05,0.08,0.018691588785046728,0.5,0.25
177,0.9758578569596648,0.5195417846266475,0.8751486354240319,0.5084440963921754,0.23380311223024616,0.5171636479468608,0.7476635514018691,0.40204269985053903,0.40262837037390636,0.102803738317757,0.45714285714285713,0.37929032673059304,0.3894626480389056,0.08285714285714285,0.018691588785046728,0.011428571428571429,0.38857142857142857,15.717142857142857,0.014018691588785047,0.0,0.03651484134616679,0.08436634914903718,3.6728971962616823,0.0,0.0,0.15,0.0794392523364486,0,0.1505071782997436,0.25692658068312074,2.1924650499163465,0.8187403024118074,0.0,1.0,0.0,0.2,0.0,0.5282210365091334,0.05,0.08,0.018691588785046728,0.5,0.25
178,0.9756959547284175,0.5191475373982603,0.8750496437740691,0.508105221546542,0.23380311223024616,0.5170775715381783,0.6728971962616822,0.4022296157383895,0.4027685572897942,0.102803738317757,0.4114285714285714,0.3794046124448788,0.3895483623246199,0.08285714285714285,0.018691588785046728,0.011428571428571429,0.38857142857142857,15.668571428571429,0.014018691588785047,0.0,0.03651484134616679,0.08436634914903718,3.6728971962616823,0.0,0.0,0.15,0.0794392523364486,0,0.1506403566939592,0.2556419477797051,2.1600443203465907,0.8187403024118074,0.0,0.5,0.0,0.2,0.0,0.5282210365091334,0.05,0.08,0.018691588785046728,0.5,0.25
179,0.975158542588145,0.5203764472792841,0.8747210546368741,0.5082486693514952,0.23380311223024616,0.516813823465053,0.719626168224299,0.4022296157383895,0.4027685572897942,0.102803738317757,0.44,0.3794046124448788,0.3895483623246199,0.08285714285714285,0.018691588785046728,0.014285714285714285,0.38857142857142857,15.665714285714285,0.018691588785046728,0.0,0.03651484134616679,0.08436634914903718,3.6728971962616823,0.0,0.0,0.15,0.0794392523364486,0,0.15002972633906078,0.2543637380408066,2.1311291482253734,0.8023654963635712,0.0,1.0,0.0,0.2,0.0,0.5282210365091334,0.05,0.08,0.018691588785046728,0.5,0.25
180,0.9744619200557622,0.5194377674233992,0.8742951197170743,0.507797060269876,0.23380311223024616,0.5165489753015361,0.6728971962616822,0.4023230736823147,0.40283865074773817,0.102803738317757,0.4114285714285714,0.3794617553020216,0.389591219467477,0.08285714285714285,0.02336448598130841,0.017142857142857144,0.38857142857142857,15.68,0.014018691588785047,0.0,0.03651484134616679,0.08436634914903718,3.6728971962616823,0.0,0.0,0.15,0.0794392523364486,0,0.1497938634216512,0.2613543411036589,2.105649422403723,0.8067151402738876,0.0,0.8333333333333334,0.0,0.2,0.0,0.5282210365091334,0.05,0.08,0.02336448598130841,0.5,0.25
181,0.9757790371396335,0.5194910207051529,0.8751004427340698,0.5080251846167241,0.23380311223024616,0.5162772400111182,0.7102803738317757,0.4024165316262399,0.40290874420568207,0.102803738317757,0.4342857142857143,0.37951889815916445,0.38963407661033417,0.08285714285714285,0.02336448598130841,0.017142857142857144,0.38857142857142857,15.668571428571429,0.014018691588785047,0.0,0.03651484134616679,0.08436634914903718,3.6728971962616823,0.0,0.0,0.15,0.0794392523364486,0,0.1499877512474001,0.2600475693981406,2.0806792910985057,0.846605768544477,0.0,0.6666666666666666,0.0,0.2,0.0,0.5282210365091334,0.05,0.08,0.02336448598130841,0.5,0.25
182,0.9756545240693364,0.5204760512326548,0.8750243118853739,0.5091364026596348,0.23380311223024616,0.5160851528459908,0.7149532710280374,0.4025099895701652,0.402978837663626,0.102803738317757,0.43714285714285717,0.3795760410163073,0.3896769337531913,0.08285714285714285,0.018691588785046728,0.014285714285714285,0.38857142857142857,15.688571428571429,0.014018691588785047,0.0,0.03651484134616679,0.08436634914903718,3.6728971962616823,0.0,0.0,0.15,0.0794392523364486,0,0.1501520982054488,0.2596756566525304,2.05335141956225,0.8593007307062571,0.0,0.8,0.0,0.2,0.0,0.5282210365091334,0.05,0.08,0.018691588785046728,0.5,0.25
183,0.9747976327619081,0.5209089765968951,0.8745003840574035,0.5096754952940832,0.23380311223024616,0.5158002367898815,0.7242990654205608,0.4025099895701652,0.402978837663626,0.102803738317757,0.44285714285714284,0.3795760410163073,0.3896769337531913,0.08285714285714285,0.018691588785046728,0.011428571428571429,0.38857142857142857,15.731428571428571,0.014018691588785047,0.0,0.03651484134616679,0.08436634914903718,3.6728971962616823,0.0,0.0,0.15,0.0794392523364486,0,0.14948690914299298,0.2583772783692677,2.0237129625995762,0.842114716092132,0.0,1.0,0.0,0.2,0.0,0.5282210365091334,0.05,0.08,0.018691588785046728,0.5,0.25
184,0.9729479401303307,0.5201476339541559,0.8733676080969748,0.5089797478608646,0.23380311223024616,0.5154640310427985,0.7276995305164319,0.4022802053002601,0.4032888093876954,0.10328638497652583,0.44285714285714284,0.3795760410163073,0.3896769337531913,0.08285714285714285,0.014084507042253521,0.014285714285714285,0.3914285714285714,15.714285714285714,0.014084507042253521,0.002857142857142857,0.03652887979241337,0.08436634914903716,3.643192488262911,0.0,0.0,0.15,0.07981220657276995,0,0.1492821888829923,0.2570853919774214,1.997524417633299,0.8252724217702894,0.0,1.0,0.0,0.2,0.0,0.5282210365091334,0.05,0.08,0.018691588785046728,0.5,0.25
185,0.9729020739224052,0.5204298129117949,0.8733396952332945,0.5094934448227093,0.23380311223024616,0.5150127746611892,0.7605633802816901,0.4023741020138751,0.40335923192290657,0.10328638497652583,0.46285714285714286,0.37963318387345013,0.38971979089604847,0.08285714285714285,0.014084507042253521,0.008571428571428572,0.3914285714285714,15.72,0.009389671361502348,0.0,0.03654427816335749,0.08436634914903716,3.643192488262911,0.0,0.0,0.15,0.07981220657276995,0,0.14942149222429163,0.2557999650175343,1.9661453578520613,0.8087669733348836,0.0,0.6666666666666666,0.0,0.2,0.0,0.5282210365091334,0.05,0.08,0.014084507042253521,0.5,0.25
186,0.9717769081310579,0.520710872449815,0.8726549514802745,0.5093859044093116,0.23380311223024616,0.5144918603669741,0.7511737089201878,0.4023741020138751,0.40335923192290657,0.10328638497652583,0.45714285714285713,0.37963318387345013,0.38971979089604847,0.08285714285714285,0.014084507042253521,0.011428571428571429,0.3914285714285714,15.771428571428572,0.009389671361502348,0.0,0.03654427816335749,0.08436634914903716,3.643192488262911,0.0,0.0,0.15,0.07981220657276995,0,0.1488169561917416,0.25452096519244666,1.9382510221235916,0.7925916338681859,0.0,1.0,0.0,0.2,0.0,0.5282210365091334,0.05,0.08,0.014084507042253521,0.5,0.25
187,0.9725986344648958,0.5215711927267338,0.873155030649153,0.5095150504113456,0.23380311223024616,0.5139467501926414,0.7136150234741784,0.4023741020138751,0.40335923192290657,0.10328638497652583,0.4342857142857143,0.37963318387345013,0.38971979089604847,0.08285714285714285,0.018779342723004695,0.014285714285714285,0.3914285714285714,15.765714285714285,0.009389671361502348,0.0,0.03654427816335749,0.08436634914903716,3.643192488262911,0.0,0.0,0.15,0.07981220657276995,0,0.14846071548360829,0.25324836036648446,1.9137717159668342,0.7767398011908221,0.0,1.0,0.0,0.2,0.0,0.5282210365091334,0.05,0.08,0.018779342723004695,0.5,0.25
188,0.9708199998543895,0.5218710817447251,0.8720726044433306,0.5100435086611398,0.23380311223024616,0.5135206677559674,0.6713615023474179,0.4024679987274902,0.4034296544581179,0.10328638497652583,0.4085714285714286,0.37969032673059305,0.3897626480389056,0.08285714285714285,0.023474178403755867,0.014285714285714285,0.3914285714285714,15.74,0.014084507042253521,0.0,0.03654427816335749,0.08436634914903716,3.643192488262911,0.0,0.0,0.15,0.07981220657276995,0,0.14823269762047594,0.251982118564652,1.8897819959332114,0.7724582172977599,0.0,0.8,0.0,0.2,0.0,0.5282210365091334,0.05,0.08,0.023474178403755867,0.5,0.25
189,0.9724950149038388,0.5207405340733229,0.8730919707448527,0.5096345801305012,0.23380311223024616,0.5133277199697415,0.6291079812206573,0.40265579215472014,0.40357049952854046,0.10328638497652583,0.38285714285714284,0.37980461244487873,0.38984836232461995,0.08285714285714285,0.018779342723004695,0.011428571428571429,0.3914285714285714,15.742857142857142,0.009389671361502348,0.0,0.03654427816335749,0.08436634914903716,3.643192488262911,0.0,0.0,0.15,0.07981220657276995,0,0.14837724841808786,0.2597584530104657,1.8634149274431187,0.7893462513819796,0.0,0.5,0.0,0.2,0.0,0.5282210365091334,0.05,0.08,0.018779342723004695,0.5,0.25
190,0.9725392492931842,0.5211599310295882,0.8731188905303686,0.5095472103572543,0.23380311223024616,0.5130119032274827,0.647887323943662,0.40265579215472014,0.40357049952854046,0.10328638497652583,0.3942857142857143,0.37980461244487873,0.38984836232461995,0.08285714285714285,0.018779342723004695,0.014285714285714285,0.3914285714285714,15.734285714285715,0.009389671361502348,0.0,0.03654427816335749,0.08436634914903716,3.643192488262911,0.0,0.0,0.15,0.07981220657276995,0,0.14786322003314026,0.2584596607454133,1.8404323431799707,0.7735593263543399,0.0,1.0,0.0,0.2,0.0,0.5282210365091334,0.05,0.08,0.018779342723004695,0.5,0.25
191,0.972857794853221,0.5216340501433926,0.8733127482569052,0.5095770213811749,0.23380311223024616,0.512647965621856,0.704225352112676,0.40265579215472014,0.40357049952854046,0.10328638497652583,0.42857142857142855,0.37980461244487873,0.38984836232461995,0.08285714285714285,0.018779342723004695,0.014285714285714285,0.3914285714285714,15.771428571428572,0.009389671361502348,0.0,0.03654427816335749,0.08436634914903716,3.643192488262911,0.0,0.0,0.15,0.07981220657276995,0,0.14723818964726026,0.25716736244168625,1.8179094106020857,0.758088139827253,0.0,1.0,0.0,0.2,0.0,0.5282210365091334,0.05,0.08,0.018779342723004695,0.5,0.25
192,0.9730521592461124,0.5221371333417293,0.8734310328731504,0.5098345296996348,0.23380311223024616,0.5123644808106421,0.7230046948356808,0.4028435855819502,0.403711344598963,0.10328638497652583,0.44,0.3799188981591645,0.38993407661033413,0.08285714285714285,0.023474178403755867,0.017142857142857144,0.3914285714285714,15.814285714285715,0.014084507042253521,0.0,0.03654427816335749,0.08436634914903716,3.643192488262911,0.0,0.0,0.15,0.07981220657276995,0,0.1474734272704525,0.2558815256294778,1.798694079532901,0.7974708431465806,0.0,0.6666666666666666,0.0,0.2,0.0,0.5282210365091334,0.05,0.08,0.023474178403755867,0.5,0.25
193,0.9719324279803052,0.5209799541483006,0.8727495964171021,0.5088292607560587,0.23380311223024616,0.5122085899495883,0.6619718309859155,0.4028435855819502,0.403711344598963,0.10328638497652583,0.40285714285714286,0.3799188981591645,0.38993407661033413,0.08285714285714285,0.018779342723004695,0.014285714285714285,0.3914285714285714,15.845714285714285,0.014084507042253521,0.0,0.03654427816335749,0.08436634914903716,3.643192488262911,0.0,0.0,0.15,0.07981220657276995,0,0.146850345848386,0.2546021180013304,1.777005912227957,0.781521426283649,0.0,1.0,0.0,0.2,0.0,0.5282210365091334,0.05,0.08,0.018779342723004695,0.5,0.25
194,0.9733119871657404,0.5213772935954071,0.8735891567213815,0.5093357321851039,0.23380311223024616,0.5122945426300931,0.704225352112676,0.4028435855819502,0.403711344598963,0.10328638497652583,0.42857142857142855,0.3799188981591645,0.38993407661033413,0.08285714285714285,0.018779342723004695,0.014285714285714285,0.3914285714285714,15.82857142857143,0.009389671361502348,0.0,0.03654427816335749,0.08436634914903716,3.643192488262911,0.0,0.0,0.15,0.07981220657276995,0,0.1462303798334298,0.25332910741132375,1.7557515082691122,0.765890997757976,0.0,1.0,0.0,0.2,0.0,0.5282210365091334,0.05,0.08,0.018779342723004695,0.5,0.25
195,0.9728593319223496,0.5222447711036123,0.8733136836732607,0.5100940186315495,0.23380311223024616,0.5121569250948594,0.7183098591549296,0.4028435855819502,0.403711344598963,0.10328638497652583,0.43714285714285717,0.3799188981591645,0.38993407661033413,0.08285714285714285,0.014084507042253521,0.011428571428571429,0.3914285714285714,15.84,0.014084507042253521,0.0,0.03654427816335749,0.08436634914903716,3.643192488262911,0.0,0.0,0.15,0.07981220657276995,0,0.14558494221997692,0.2520624618742671,1.7320650495323011,0.7505731778028164,0.0,1.0,0.0,0.2,0.0,0.5282210365091334,0.05,0.08,0.014084507042253521,0.5,0.25
196,0.972919793952435,0.5227366244412741,0.8733504791372841,0.5103038162401655,0.23380311223024616,0.5120013337521946,0.7089201877934272,0.40293748229556525,0.40378176713417424,0.10328638497652583,0.43142857142857144,0.3799760410163074,0.38997693375319126,0.08285714285714285,0.023474178403755867,0.017142857142857144,0.3914285714285714,15.831428571428571,0.009389671361502348,0.0,0.03654427816335749,0.08436634914903716,3.643192488262911,0.0,0.0,0.15,0.07981220657276995,0,0.14542830322316275,0.2508021495648958,1.7145666056845124,0.7355617142467601,0.0,0.8333333333333334,0.0,0.2,0.0,0.5282210365091334,0.05,0.08,0.023474178403755867,0.5,0.25
197,0.9739969122322565,0.5226338532017921,0.8740059825475753,0.5102002427923348,0.23380311223024616,0.5120259604729941,0.7136150234741784,0.4030313790091803,0.4038521896693856,0.10328638497652583,0.4342857142857143,0.3800331838734502,0.39001979089604843,0.08285714285714285,0.018779342723004695,0.011428571428571429,0.3914285714285714,15.871428571428572,0.018779342723004695,0.0,0.03654427816335749,0.08436634914903716,3.643192488262911,0.0,0.0,0.15,0.07981220657276995,0,0.14521544742133263,0.2768985426528911,1.6917038449993937,0.7255576983177803,0.0,0.75,0.0,0.2,0.0,0.5282210365091334,0.05,0.08,0.018779342723004695,0.5,0.25
198,0.975955908893884,0.5225002244507855,0.8751981719445088,0.5101581014021721,0.23380311223024616,0.5121347878313594,0.7230046948356808,0.4032191724364103,0.403993034739808,0.10328638497652583,0.44,0.3801474695877359,0.39010550518176274,0.08285714285714285,0.028169014084507043,0.02,0.3914285714285714,15.854285714285714,0.018779342723004695,0.0,0.03654427816335749,0.08436634914903716,3.643192488262911,0.0,0.0,0.15,0.07981220657276995,0,0.1454892273270831,0.27551404993962664,1.6778697680994057,0.8227669723749631,0.0,0.7142857142857143,0.0,0.2,0.0,0.5282210365091334,0.05,0.08,0.028169014084507043,0.5,0.25
199,0.9760996941939614,0.5221861246832008,0.8752856755699843,0.5103384665807511,0.23380311223024616,0.5122456359434374,0.7089201877934272,0.4033130691500254,0.4040634572750193,0.10328638497652583,0.43142857142857144,0.38020461244487874,0.39014836232461986,0.08285714285714285,0.018779342723004695,0.014285714285714285,0.3914285714285714,15.837142857142856,0.018779342723004695,0.0,0.03654427816335749,0.08436634914903716,3.643192488262911,0.0,0.0,0.15,0.07981220657276995,0,0.1452760669047334,0.2824922501938013,1.6585980870231316,0.8576933085984897,0.0,0.8,0.0,0.2,0.0,0.5282210365091334,0.05,0.08,0.018779342723004695,0.5,0.25
200,0.9752548017898971,0.5224266596547328,0.8747714981926538,0.5103535052870742,0.23380311223024616,0.5121911969796656,0.704225352112676,0.4033130691500254,0.4040634572750193,0.10328638497652583,0.42857142857142855,0.38020461244487874,0.39014836232461986,0.08285714285714285,0.018779342723004695,0.014285714285714285,0.3914285714285714,15.82857142857143,0.014084507042253521,0.0,0.03654427816335749,0.08436634914903716,3.643192488262911,0.0,0.0,0.15,0.07981220657276995,0,0.14469240085592402,0.28107978894283225,1.6397118395683834,0.8405394424265199,0.0,1.0,0.0,0.2,0.0,0.5282210365091334,0.05,0.08,0.018779342723004695,0.5,0.25
201,0.9756505693170837,0.522285041098503,0.8750123510020559,0.5099662485090983,0.23380311223024616,0.5121692282765253,0.7136150234741784,0.40340696586364033,0.4041338798102306,0.10328638497652583,0.4342857142857143,0.38026175530202166,0.39019121946747704,0.08285714285714285,0.009389671361502348,0.005714285714285714,0.3914285714285714,15.837142857142856,0.018779342723004695,0.0,0.03654427816335749,0.08436634914903716,3.643192488262911,0.0,0.0,0.15,0.07981220657276995,0,0.1444260817087873,0.28645696906386,1.6126318884913013,0.8337477621301497,0.0,0.5,0.0,0.2,0.0,0.5282210365091334,0.05,0.08,0.009389671361502348,0.5,0.25
202,0.9751972314828444,0.5217893744351797,0.8747364625486472,0.5098550607977059,0.23380311223024616,0.5121314870692675,0.6901408450704225,0.40340696586364033,0.4041338798102306,0.10328638497652583,0.42,0.38026175530202166,0.39019121946747704,0.08285714285714285,0.004694835680751174,0.002857142857142857,0.3914285714285714,15.808571428571428,0.014084507042253521,0.0,0.03654427816335749,0.08436634914903716,3.643192488262911,0.0,0.0,0.15,0.07981220657276995,0,0.14373252272881476,0.28502468421854066,1.583236393578618,0.8170728068875467,0.0,1.0,0.0,0.2,0.0,0.5282210365091334,0.05,0.08,0.004694835680751174,0.5,0.25
203,0.974262187463259,0.5204623431337383,0.874167421473871,0.5087998229535784,0.23380311223024616,0.5121111171122816,0.6431924882629108,0.4035008625772554,0.40420430234544186,0.10328638497652583,0.3914285714285714,0.3803188981591645,0.3902340766103342,0.08285714285714285,0.018779342723004695,0.014285714285714285,0.3914285714285714,15.851428571428572,0.014084507042253521,0.0,0.03654427816335749,0.08436634914903716,3.643192488262911,0.0,0.0,0.15,0.07981220657276995,0,0.1436415758294564,0.28359956079744797,1.56585737999276,0.8025711794519078,0.0,0.8,0.0,0.2,0.0,0.5282210365091334,0.05,0.08,0.018779342723004695,0.5,0.25
204,0.9731792046379558,0.5205561750850681,0.8735083490687583,0.5093963378885866,0.23380311223024616,0.5119795335585694,0.7276995305164319,0.4035947592908704,0.4042747248806531,0.10328638497652583,0.44285714285714284,0.38037604101630734,0.39027693375319134,0.08285714285714285,0.014084507042253521,0.011428571428571429,0.3914285714285714,15.845714285714285,0.014084507042253521,0.0,0.03654427816335749,0.08436634914903716,3.643192488262911,0.0,0.0,0.15,0.07981220657276995,0,0.14343765366459482,0.28218156299346075,1.5459688038214765,0.8056284765445468,0.0,0.75,0.0,0.2,0.0,0.5282210365091334,0.05,0.08,0.014084507042253521,0.5,0.25
205,0.9732394405630125,0.5200168810778454,0.8735450069317211,0.5089283531926281,0.23380311223024616,0.511860025431333,0.7230046948356808,0.4035947592908704,0.4042747248806531,0.10328638497652583,0.44,0.38037604101630734,0.39027693375319134,0.08285714285714285,0.009389671361502348,0.005714285714285714,0.3914285714285714,15.88,0.014084507042253521,0.0,0.03654427816335749,0.08436634914903716,3.643192488262911,0.0,0.0,0.15,0.07981220657276995,0,0.14274903682484327,0.2807706551784934,1.5207637134593324,0.7895159070136558,0.0,1.0,0.0,0.2,0.0,0.5282210365091334,0.05,0.08,0.009389671361502348,0.5,0.25
206,0.9738958037481354,0.5201292176930155,0.8738625451542027,0.5085921561166274,0.23380311223024616,0.5117701283611039,0.6981132075471698,0.4007815270233745,0.4014646999980146,0.09905660377358491,0.4228571428571429,0.38037604101630734,0.39027693375319134,0.08285714285714285,0.009433962264150943,0.008571428571428572,0.3942857142857143,15.917142857142856,0.009433962264150943,0.002857142857142857,0.03655713746805045,0.08436634914903718,3.650943396226415,0.0,0.0,0.15,0.07547169811320754,0,0.1421778630692905,0.279366801902601,1.4989198677615745,0.7737255888733827,0.0,1.0,0.0,0.2,0.0,0.5282210365091334,0.05,0.08,0.014084507042253521,0.5,0.25
207,0.9736568872087674,0.5200039789534835,0.8737178299932142,0.5081503366026896,0.23380311223024616,0.5119231111851844,0.7264150943396226,0.4007815270233745,0.4014646999980146,0.09905660377358491,0.44,0.38037604101630734,0.39027693375319134,0.08285714285714285,0.009433962264150943,0.008571428571428572,0.3942857142857143,15.928571428571429,0.009433962264150943,0.0,0.036563813316664355,0.08436634914903718,3.650943396226415,0.0,0.0,0.15,0.08018867924528301,0,0.14155268803965834,0.277969967893088,1.4775128989777715,0.7582510770959151,0.0,1.0,0.0,0.2,0.0,0.5282210365091334,0.05,0.08,0.009433962264150943,0.5,0.25
208,0.9738853965588987,0.5209765719478902,0.8738562413710081,0.5089423490907079,0.23380311223024616,0.512069739694489,0.6745283018867925,0.400875866646016,0.4015354547149958,0.09905660377358491,0.4085714285714286,0.38043318387345015,0.3903197908960484,0.08285714285714285,0.014150943396226415,0.011428571428571429,0.3942857142857143,15.974285714285715,0.009433962264150943,0.0,0.036563813316664355,0.08436634914903718,3.650943396226415,0.0,0.0,0.15,0.08018867924528301,0,0.14135921031374574,0.2765801180536225,1.4593912124267876,0.7731542175630626,0.0,0.75,0.0,0.2,0.0,0.5282210365091334,0.05,0.08,0.014150943396226415,0.5,0.25
209,0.974490759783741,0.5215539881968426,0.874222918524341,0.5089312547612898,0.23380311223024616,0.5121564306075274,0.7075471698113207,0.400875866646016,0.4015354547149958,0.09905660377358491,0.42857142857142855,0.38043318387345015,0.3903197908960484,0.08285714285714285,0.0047169811320754715,0.005714285714285714,0.3942857142857143,15.985714285714286,0.014150943396226415,0.0,0.036563813316664355,0.08436634914903718,3.650943396226415,0.0,0.0,0.15,0.08018867924528301,0,0.1407095571193199,0.2751972174633544,1.4359176738925372,0.7576911332118014,0.0,1.0,0.0,0.2,0.0,0.5282210365091334,0.05,0.08,0.0047169811320754715,0.5,0.25
210,0.974646046471968,0.5222327120055726,0.8743169778897812,0.5084928256803213,0.23380311223024616,0.5122289458298593,0.6886792452830188,0.4011588855139405,0.40174771886593913,0.09905660377358491,0.41714285714285715,0.3806046124448788,0.3904483623246199,0.08285714285714285,0.014150943396226415,0.011428571428571429,0.3942857142857143,16.097142857142856,0.014150943396226415,0.0,0.036563813316664355,0.08436634914903718,3.650943396226415,0.0,0.0,0.15,0.08018867924528301,0,0.14132029504800903,0.27382123137603764,1.418627891843258,0.8660266963321838,0.0,0.25,0.0,0.2,0.0,0.5282210365091334,0.05,0.08,0.014150943396226415,0.5,0.25
211,0.9784787494629812,0.5226166188573689,0.8742030167686826,0.5087580443173048,0.23380311223024616,0.5122284525262407,0.6777251184834123,0.40205433864052015,0.40192654767239383,0.0995260663507109,0.4085714285714286,0.3806046124448788,0.3904483623246199,0.08285714285714285,0.004739336492890996,0.008571428571428572,0.39714285714285713,16.111428571428572,0.009478672985781991,0.002857142857142857,0.03659762087342502,0.08436634914903718,3.6208530805687205,0.0,0.0,0.15,0.08056872037914692,0,0.1407845514299118,0.27245212521915746,1.3988267625778215,0.84870616240554,0.0,1.0,0.0,0.2,0.0,0.5282210365091334,0.05,0.08,0.009433962264150943,0.5,0.25
212,0.9761875225543496,0.5231764675553363,0.8728217342609076,0.509384561243306,0.23380311223024616,0.5123038986352976,0.6350710900473934,0.40205433864052015,0.40192654767239383,0.0995260663507109,0.38285714285714284,0.3806046124448788,0.3904483623246199,0.08285714285714285,0.0,0.0,0.39714285714285713,16.1,0.009478672985781991,0.0,0.03660901433253386,0.08436634914903718,3.6208530805687205,0.0,0.0,0.15,0.08056872037914692,0,0.14008062867276225,0.27108986459306167,1.370850227326265,0.8317320391574292,0.0,0.0,0.0,0.2,0.0,0.5282210365091334,0.05,0.08,0.0,0.5,0.25
213,0.9779006874505618,0.5232108501042181,0.8738545279554815,0.5093334114001922,0.23380311223024616,0.512372987910334,0.6635071090047393,0.40214912537037806,0.4019976377197872,0.0995260663507109,0.4,0.3806617553020216,0.390491219467477,0.08285714285714285,0.004739336492890996,0.002857142857142857,0.39714285714285713,16.102857142857143,0.014218009478672985,0.0,0.03660901433253386,0.08436634914903718,3.6208530805687205,0.0,0.0,0.15,0.08056872037914692,0,0.13980879695796988,0.2697344152700964,1.3462903656368825,0.8150973983742806,0.0,0.0,0.0,0.2,0.0,0.5282210365091334,0.05,0.08,0.004739336492890996,0.5,0.25
214,0.9792929082628329,0.5236969713105402,0.8746938382165932,0.5096634857343867,0.23380311223024616,0.5124816665469875,0.6255924170616114,0.4022439121002358,0.40206872776718056,0.0995260663507109,0.37714285714285717,0.3807188981591645,0.3905340766103342,0.08285714285714285,0.009478672985781991,0.005714285714285714,0.39714285714285713,16.057142857142857,0.009478672985781991,0.0,0.03660901433253386,0.08436634914903718,3.6208530805687205,0.0,0.0,0.15,0.08056872037914692,0,0.1396236108303229,0.26838574319374586,1.3250788440384305,0.798795450406795,0.0,0.5,0.0,0.2,0.0,0.5282210365091334,0.05,0.08,0.009478672985781991,0.5,0.25
215,0.9785252573569726,0.5230570653202367,0.8742310543847747,0.5094453088355327,0.23380311223024616,0.5126203326059688,0.7488151658767772,0.40233869883009366,0.4021398178145739,0.0995260663507109,0.4514285714285714,0.3807760410163074,0.39057693375319136,0.08285714285714285,0.009478672985781991,0.005714285714285714,0.39714285714285713,16.054285714285715,0.009478672985781991,0.0,0.03660901433253386,0.08436634914903718,3.6208530805687205,0.0,0.0,0.15,0.08056872037914692,0,0.1393826356333141,0.26704381447777714,1.3042915528719476,0.7863181864362998,0.0,0.5,0.0,0.2,0.0,0.5282210365091334,0.05,0.08,0.009478672985781991,0.5,0.25
216,0.9786237714096956,0.5231179243790048,0.8742904442851307,0.509102945327358,0.23380311223024616,0.5127630195679511,0.6872037914691943,0.40233869883009366,0.4021398178145739,0.0995260663507109,0.4142857142857143,0.3807760410163074,0.39057693375319136,0.08285714285714285,0.004739336492890996,0.002857142857142857,0.39714285714285713,16.077142857142857,0.014218009478672985,0.0,0.03660901433253386,0.08436634914903718,3.6208530805687205,0.0,0.0,0.15,0.08056872037914692,0,0.13871429388371898,0.26570859540538827,1.2810628646716513,0.7705918227075738,0.0,1.0,0.0,0.2,0.0,0.5282210365091334,0.05,0.08,0.004739336492890996,0.5,0.25
217,0.9787846073275115,0.5226110518265997,0.8743874053670139,0.5087918982789714,0.23380311223024616,0.5129115576545492,0.7109004739336493,0.40233869883009366,0.4021398178145739,0.0995260663507109,0.42857142857142855,0.3807760410163074,0.39057693375319136,0.08285714285714285,0.004739336492890996,0.002857142857142857,0.39714285714285713,15.971428571428572,0.009478672985781991,0.0,0.03660901433253386,0.08436634914903718,3.6208530805687205,0.0,0.0,0.15,0.08056872037914692,0,0.13804929384287182,0.2643800524283613,1.2582987502353613,0.7551799862534223,0.0,1.0,0.0,0.2,0.0,0.5282210365091334,0.05,0.08,0.004739336492890996,0.5,0.25
218,0.9780391692753205,0.5214975117257502,0.8739380127126929,0.5079106261839058,0.23380311223024616,0.5128275158308037,0.7535545023696683,0.40252827228980925,0.40228199790936064,0.0995260663507109,0.4542857142857143,0.3808903267305931,0.3906626480389056,0.08285714285714285,0.014218009478672985,0.008571428571428572,0.39714285714285713,15.977142857142857,0.009478672985781991,0.0,0.03660901433253386,0.08436634914903718,3.6208530805687205,0.0,0.0,0.15,0.08056872037914692,0,0.13824476165937172,0.2630581521662195,1.2417042038020827,0.8204418284569713,0.0,0.3333333333333333,0.0,0.2,0.0,0.5282210365091334,0.05,0.08,0.014218009478672985,0.5,0.25
219,0.9783776863820903,0.5215093065858806,0.8741420901684885,0.5083467365251116,0.23380311223024616,0.5127155962013129,0.7156398104265402,0.40262305901966705,0.40235308795675395,0.0995260663507109,0.43142857142857144,0.38094746958773595,0.3907055051817628,0.08285714285714285,0.009478672985781991,0.005714285714285714,0.39714285714285713,15.948571428571428,0.009478672985781991,0.0,0.03660901433253386,0.08436634914903718,3.6208530805687205,0.0,0.0,0.15,0.08056872037914692,0,0.1380106807082177,0.26174286140538844,1.2225844054403268,0.8337477621301497,0.0,0.5,0.0,0.2,0.0,0.5282210365091334,0.05,0.08,0.009478672985781991,0.5,0.25
220,0.9767865201570496,0.5224772022277067,0.8731828442442497,0.508731467504676,0.23380311223024616,0.5125573290600981,0.6303317535545023,0.40262305901966705,0.40235308795675395,0.0995260663507109,0.38,0.38094746958773595,0.3907055051817628,0.08285714285714285,0.004739336492890996,0.002857142857142857,0.39714285714285713,15.98,0.014218009478672985,0.0,0.03660901433253386,0.08436634914903718,3.6208530805687205,0.0,0.0,0.15,0.08056872037914692,0,0.13734919873324808,0.2604341470983615,1.2009898601886628,0.8170728068875467,0.0,1.0,0.0,0.2,0.0,0.5282210365091334,0.05,0.08,0.004739336492890996,0.5,0.25
221,0.9767674736734075,0.5224268433584548,0.8731713619355398,0.5084205899086793,0.23380311223024616,0.5123674658039034,0.6966824644549763,0.40262305901966705,0.40235308795675395,0.0995260663507109,0.42,0.38094746958773595,0.3907055051817628,0.08285714285714285,0.004739336492890996,0.002857142857142857,0.39714285714285713,15.991428571428571,0.004739336492890996,0.0,0.03660901433253386,0.08436634914903718,3.6208530805687205,0.0,0.0,0.15,0.08056872037914692,0,0.13669102416815324,0.25913197636286966,1.1798272058420325,0.8007313507497957,0.0,1.0,0.0,0.2,0.0,0.5282210365091334,0.05,0.08,0.004739336492890996,0.5,0.25
222,0.9770497325766473,0.5224304320852154,0.8733415237314931,0.5083421612588084,0.23380311223024616,0.5123920030039846,0.7203791469194313,0.40262305901966705,0.40235308795675395,0.0995260663507109,0.4342857142857143,0.38094746958773595,0.3907055051817628,0.08285714285714285,0.004739336492890996,0.002857142857142857,0.39714285714285713,15.985714285714286,0.004739336492890996,0.0,0.03660901433253386,0.08436634914903718,3.6208530805687205,0.0,0.0,0.15,0.08056872037914692,0,0.1360361404758839,0.2578363164810553,1.159087804582335,0.7847167237347998,0.0,1.0,0.0,0.2,0.0,0.5282210365091334,0.05,0.08,0.004739336492890996,0.5,0.25
223,0.976584873250613,0.5213150017077914,0.8730612799663693,0.5079047656636044,0.23380311223024616,0.5124158047887786,0.6729857819905213,0.40262305901966705,0.40235308795675395,0.0995260663507109,0.4057142857142857,0.38094746958773595,0.3907055051817628,0.08285714285714285,0.004739336492890996,0.002857142857142857,0.39714285714285713,16.01142857142857,0.004739336492890996,0.0,0.03660901433253386,0.08436634914903718,3.6208530805687205,0.0,0.0,0.15,0.08056872037914692,0,0.13538453120207594,0.25654713489865005,1.1387631913478309,0.7690223892601038,0.0,1.0,0.0,0.2,0.0,0.5282210365091334,0.05,0.08,0.004739336492890996,0.5,0.25
224,0.9767729776637161,0.5216312676939021,0.8731746800554115,0.5084823944232231,0.23380311223024616,0.5123720408874438,0.7109004739336493,0.4028126324793827,0.4024952680515407,0.0995260663507109,0.42857142857142855,0.38106175530202163,0.390791219467477,0.08285714285714285,0.014218009478672985,0.008571428571428572,0.39714285714285713,15.985714285714286,0.004739336492890996,0.0,0.03660901433253386,0.08436634914903718,3.6208530805687205,0.0,0.0,0.15,0.08056872037914692,0,0.13559332283177986,0.2577868009827639,1.1245593560923028,0.7698448209798505,0.0,0.3333333333333333,0.0,0.2,0.0,0.5282210365091334,0.05,0.08,0.014218009478672985,0.5,0.25
225,0.9761392086330986,0.5204516265187994,0.8727926078683819,0.507966729960243,0.23380311223024616,0.5124517900457934,0.7156398104265402,0.4028126324793827,0.4024952680515407,0.0995260663507109,0.43142857142857144,0.38106175530202163,0.390791219467477,0.08285714285714285,0.004739336492890996,0.002857142857142857,0.39714285714285713,16.034285714285716,0.004739336492890996,0.0,0.03660901433253386,0.08436634914903718,3.6208530805687205,0.0,0.0,0.15,0.08056872037914692,0,0.13494392764619237,0.25649786697785004,1.1049253118275997,0.7544479245602534,0.0,1.0,0.0,0.2,0.0,0.5282210365091334,0.05,0.08,0.004739336492890996,0.5,0.25
226,0.9765401117761119,0.5194720491704602,0.8730342951917416,0.5077176231622306,0.23380311223024616,0.5124093859570961,0.7061611374407583,0.4028126324793827,0.4024952680515407,0.0995260663507109,0.4257142857142857,0.38106175530202163,0.390791219467477,0.08285714285714285,0.004739336492890996,0.002857142857142857,0.39714285714285713,16.037142857142857,0.004739336492890996,0.0,0.03660901433253386,0.08436634914903718,3.6208530805687205,0.0,0.0,0.15,0.08056872037914692,0,0.13429777943653282,0.2552153776429608,1.0856839484481904,0.7393589660690484,0.0,1.0,0.0,0.2,0.0,0.5282210365091334,0.05,0.08,0.004739336492890996,0.5,0.25
227,0.9747239540407288,0.5189009180568551,0.8719394115284107,0.507285786535373,0.23380311223024616,0.5125283359112004,0.7440758293838863,0.40290741920924056,0.40256635809893415,0.0995260663507109,0.44857142857142857,0.38111889815916455,0.39083407661033415,0.08285714285714285,0.009478672985781991,0.005714285714285714,0.39714285714285713,16.005714285714287,0.004739336492890996,0.0,0.03660901433253386,0.08436634914903718,3.6208530805687205,0.0,0.0,0.15,0.08056872037914692,0,0.13408343339649303,0.253939300754746,1.0696845551935124,0.730334730262383,0.0,0.5,0.0,0.2,0.0,0.5282210365091334,0.05,0.08,0.009478672985781991,0.5,0.25
228,0.9753272863377275,0.5194505780854446,0.8723031347131727,0.5075396359960709,0.23380311223024616,0.5128058607458787,0.7061611374407583,0.40290741920924056,0.40256635809893415,0.0995260663507109,0.4257142857142857,0.38111889815916455,0.39083407661033415,0.08285714285714285,0.004739336492890996,0.002857142857142857,0.39714285714285713,15.982857142857142,0.004739336492890996,0.0,0.03660901433253386,0.08436634914903718,3.6208530805687205,0.0,0.0,0.15,0.08056872037914692,0,0.13344158765808198,0.2526696042509723,1.051148006946785,0.7157280356571354,0.0,1.0,0.0,0.2,0.0,0.5282210365091334,0.05,0.08,0.004739336492890996,0.5,0.25
229,0.9766431724563596,0.5199333821466409,0.8730964260589766,0.5068672946083534,0.23380311223024616,0.5130578451725308,0.7014218009478673,0.40290741920924056,0.40256635809893415,0.0995260663507109,0.4228571428571429,0.38111889815916455,0.39083407661033415,0.08285714285714285,0.004739336492890996,0.002857142857142857,0.39714285714285713,15.994285714285715,0.004739336492890996,0.0,0.03660901433253386,0.08436634914903718,3.6208530805687205,0.0,0.0,0.15,0.08056872037914692,0,0.132802951148363,0.2514062562297174,1.032982189664992,0.7014134749439928,0.0,1.0,0.0,0.2,0.0,0.5282210365091334,0.05,0.08,0.004739336492890996,0.5,0.25
230,0.9757424971441266,0.5197097779771637,0.872553447513602,0.5069607919326454,0.23380311223024616,0.5132250693781154,0.7345971563981043,0.4030022059390983,0.40263744814632746,0.0995260663507109,0.44285714285714284,0.38117604101630737,0.3908769337531913,0.08285714285714285,0.009478672985781991,0.005714285714285714,0.39714285714285713,16.042857142857144,0.004739336492890996,0.0,0.03660901433253386,0.08436634914903718,3.6208530805687205,0.0,0.0,0.15,0.08056872037914692,0,0.13259607924976402,0.2831541497027379,1.018036831585978,0.7302436783732761,0.0,0.5,0.0,0.2,0.0,0.5282210365091334,0.05,0.08,0.009478672985781991,0.5,0.25
231,0.9772567650764612,0.5198714114253048,0.8734663347528093,0.5069250259660947,0.23380311223024616,0.5134534061289856,0.7393364928909952,0.4030022059390983,0.40263744814632746,0.0995260663507109,0.44571428571428573,0.38117604101630737,0.3908769337531913,0.08285714285714285,0.004739336492890996,0.002857142857142857,0.39714285714285713,16.045714285714286,0.004739336492890996,0.0,0.03660901433253386,0.08436634914903718,3.6208530805687205,0.0,0.0,0.15,0.08056872037914692,0,0.13196167028208663,0.2817383789542242,1.0005332378114011,0.7156388048058105,0.0,1.0,0.0,0.2,0.0,0.5282210365091334,0.05,0.08,0.004739336492890996,0.5,0.25
232,0.9788875438795187,0.5197633922667043,0.8744494614026527,0.5066255078916397,0.23380311223024616,0.5137752589206268,0.6540284360189573,0.4030022059390983,0.40263744814632746,0.0995260663507109,0.3942857142857143,0.38117604101630737,0.3908769337531913,0.08285714285714285,0.004739336492890996,0.002857142857142857,0.39714285714285713,16.03142857142857,0.004739336492890996,0.0,0.03660901433253386,0.08436634914903718,3.6208530805687205,0.0,0.0,0.15,0.08056872037914692,0,0.13133043335924763,0.2803296870594531,0.9833797159123161,0.7013260287096944,0.0,1.0,0.0,0.2,0.0,0.5282210365091334,0.05,0.08,0.004739336492890996,0.5,0.25
233,0.9787895760285681,0.5195814567700071,0.8743904007839365,0.5062047846325858,0.23380311223024616,0.5140639021717089,0.7014218009478673,0.4030022059390983,0.40263744814632746,0.0995260663507109,0.4228571428571429,0.38117604101630737,0.3908769337531913,0.08285714285714285,0.004739336492890996,0.002857142857142857,0.39714285714285713,16.034285714285716,0.004739336492890996,0.0,0.03660901433253386,0.08436634914903718,3.6208530805687205,0.0,0.0,0.15,0.08056872037914692,0,0.13070235262102284,0.2789280386241558,0.9665692644512126,0.6872995081355006,0.0,1.0,0.0,0.2,0.0,0.5282210365091334,0.05,0.08,0.004739336492890996,0.5,0.25
234,0.9803586516013689,0.5202957901854284,0.875336329200682,0.5067109929316395,0.23380311223024616,0.5143013667089887,0.6540284360189573,0.4030022059390983,0.40263744814632746,0.0995260663507109,0.3942857142857143,0.38117604101630737,0.3908769337531913,0.08285714285714285,0.004739336492890996,0.002857142857142857,0.39714285714285713,16.05142857142857,0.004739336492890996,0.0,0.03660901433253386,0.08436634914903718,3.6208530805687205,0.0,0.0,0.15,0.08056872037914692,0,0.13007741228648914,0.277533398431035,0.950095022019331,0.6735535179727904,0.0,1.0,0.0,0.2,0.0,0.5282210365091334,0.05,0.08,0.004739336492890996,0.5,0.25
235,0.9806919376007402,0.5202456960070131,0.8755372530460175,0.5059813464573055,0.23380311223024616,0.5145214082225744,0.6445497630331753,0.4030969926689562,0.4027085381937208,0.0995260663507109,0.38857142857142857,0.38123318387345023,0.39091979089604845,0.08285714285714285,0.009478672985781991,0.005714285714285714,0.39714285714285713,16.06,0.004739336492890996,0.0,0.03660901433253386,0.08436634914903718,3.6208530805687205,0.0,0.0,0.15,0.08056872037914692,0,0.12988416808219955,0.2778116162758542,0.9368074072932302,0.6863796569516579,0.0,0.5,0.0,0.2,0.0,0.5282210365091334,0.05,0.08,0.009478672985781991,0.5,0.25
236,0.980225099246464,0.5191063892857578,0.8752558162095823,0.5051472559591572,0.23380311223024616,0.5146291240701041,0.7203791469194313,0.4030969926689562,0.4027085381937208,0.0995260663507109,0.4342857142857143,0.38123318387345023,0.39091979089604845,0.08285714285714285,0.004739336492890996,0.002857142857142857,0.39714285714285713,16.074285714285715,0.004739336492890996,0.0,0.03660901433253386,0.08436634914903718,3.6208530805687205,0.0,0.0,0.15,0.08056872037914692,0,0.12926331867035998,0.276422558194475,0.9209284020045083,0.6726520638126247,0.0,1.0,0.0,0.2,0.0,0.5282210365091334,0.05,0.08,0.004739336492890996,0.5,0.25
237,0.9819686915971315,0.5185924900542724,0.8763069533124135,0.5041110576879064,0.23380311223024616,0.5148205711096944,0.6635071090047393,0.4031917793988139,0.4027796282411142,0.0995260663507109,0.4,0.38129032673059304,0.3909626480389056,0.08285714285714285,0.009478672985781991,0.005714285714285714,0.39714285714285713,16.102857142857143,0.004739336492890996,0.0,0.03660901433253386,0.08436634914903718,3.6208530805687205,0.0,0.0,0.15,0.08056872037914692,0,0.12907414493415104,0.27504044540350264,0.908224119678704,0.6812326242398921,0.0,0.5,0.0,0.2,0.0,0.5282210365091334,0.05,0.08,0.009478672985781991,0.5,0.25
238,0.9813978005927787,0.5176936195639348,0.8759627875926465,0.5032511567228659,0.23380311223024616,0.5151184590132044,0.6492890995260664,0.4031917793988139,0.4027796282411142,0.0995260663507109,0.3914285714285714,0.38129032673059304,0.3909626480389056,0.08285714285714285,0.0,0.0,0.39714285714285713,16.122857142857143,0.004739336492890996,0.0,0.03660901433253386,0.08436634914903718,3.6208530805687205,0.0,0.0,0.15,0.08056872037914692,0,0.1284287742094803,0.2736652431764851,0.8900596372851298,0.6676079717550942,0.0,0.0,0.0,0.2,0.0,0.5282210365091334,0.05,0.08,0.0,0.5,0.25
239,0.9803224040490089,0.517659702000727,0.875314477104831,0.5032478607249585,0.23380311223024616,0.5153935159866849,0.6303317535545023,0.4032865661286718,0.40285071828850755,0.0995260663507109,0.38,0.3813474695877359,0.39100550518176275,0.08285714285714285,0.004739336492890996,0.002857142857142857,0.39714285714285713,16.134285714285713,0.004739336492890996,0.0,0.03660901433253386,0.08436634914903718,3.6208530805687205,0.0,0.0,0.15,0.08056872037914692,0,0.12821520176700432,0.2722969169606027,0.8751155873965701,0.6542558123199923,0.0,0.0,0.0,0.2,0.0,0.5282210365091334,0.05,0.08,0.004739336492890996,0.5,0.25
240,0.980337621530343,0.5182128150272435,0.8751011482371913,0.5031354118374048,0.23380311223024616,0.5154953403051448,0.638095238095238,0.4046562590030986,0.401823715772139,0.1,0.38285714285714284,0.3814046124448787,0.3910483623246199,0.08285714285714285,0.004761904761904762,0.005714285714285714,0.4,16.142857142857142,0.0,0.002857142857142857,0.03663726426806153,0.08436634914903716,3.6,0.0,0.0,0.15,0.08095238095238096,0,0.12808798361531215,0.2713386311541782,0.8633275613629244,0.6424792076982327,0.0,0.5,0.0,0.2,0.0,0.5282210365091334,0.05,0.08,0.009478672985781991,0.5,0.25
241,0.9830294370427367,0.518649965257778,0.8767162375446275,0.503293112537664,0.23380311223024616,0.5157841495899909,0.6523809523809524,0.4046562590030986,0.401823715772139,0.1,0.3914285714285714,0.3814046124448787,0.3910483623246199,0.08285714285714285,0.0,0.0,0.4,16.12857142857143,0.0,0.0,0.03663726426806153,0.08436634914903716,3.6,0.0,0.0,0.15,0.08095238095238096,0,0.12744754369723557,0.26998193799840736,0.8460610101356659,0.629629623544268,0.0,0.0,0.0,0.2,0.0,0.5282210365091334,0.05,0.08,0.0,0.5,0.25
242,0.9848154509881367,0.5190480363538851,0.8777878459118674,0.5033182708099733,0.23380311223024616,0.5161548453996128,0.6571428571428571,0.405037211384051,0.40210943005785327,0.1,0.3942857142857143,0.3816331838734502,0.39121979089604847,0.08285714285714285,0.01904761904761905,0.011428571428571429,0.4,16.097142857142856,0.0,0.0,0.03663726426806153,0.08436634914903716,3.6,0.0,0.0,0.15,0.08095238095238096,0,0.12852459169303512,0.269764005508403,0.840568361361524,0.7501321616716778,0.0,0.0,0.0,0.2,0.0,0.5282210365091334,0.05,0.08,0.01904761904761905,0.5,0.25
243,0.9847368850433671,0.517838356034863,0.8777407063450057,0.5022013386842462,0.23380311223024616,0.5166697184703022,0.5952380952380952,0.4052276875745272,0.40225228720071043,0.1,0.35714285714285715,0.38174746958773587,0.39130550518176277,0.08285714285714285,0.009523809523809525,0.005714285714285714,0.4,16.154285714285713,0.0,0.0,0.03663726426806153,0.08436634914903716,3.6,0.0,0.0,0.15,0.08095238095238096,0,0.1287391115917128,0.268415185480861,0.8294712798485794,0.8894494632605601,0.0,0.0,0.0,0.2,0.0,0.5282210365091334,0.05,0.08,0.009523809523809525,0.5,0.25
244,0.9832946410238483,0.517348377784378,0.8768753599332947,0.5019583881532136,0.23380311223024616,0.5171355688045186,0.6666666666666666,0.4053229256697653,0.402323715772139,0.1,0.4,0.3818046124448788,0.3913483623246199,0.08285714285714285,0.004761904761904762,0.002857142857142857,0.4,16.12857142857143,0.0,0.0,0.03663726426806153,0.08436634914903716,3.6,0.0,0.0,0.15,0.08095238095238096,0,0.12852398746232568,0.2779157839576398,0.8157389971087504,0.9091674466597032,0.0,0.0,0.0,0.2,0.0,0.5282210365091334,0.05,0.08,0.004761904761904762,0.5,0.25
245,0.984121065179901,0.5188913718469224,0.877371214426926,0.5026866701270462,0.23380311223024616,0.5177217007965156,0.6619047619047619,0.4053229256697653,0.402323715772139,0.1,0.39714285714285713,0.3818046124448788,0.3913483623246199,0.08285714285714285,0.0,0.0,0.4,16.117142857142856,0.0,0.0,0.03663726426806153,0.08436634914903716,3.6,0.0,0.0,0.15,0.08095238095238096,0,0.12788136752501403,0.2765262050378515,0.7994242171665754,0.8909840977265091,0.0,0.0,0.0,0.2,0.0,0.5282210365091334,0.05,0.08,0.0,0.5,0.25
246,0.9827628367767405,0.5185278546036732,0.8765562773850297,0.5027471369735287,0.23380311223024616,0.5181921831502303,0.7047619047619048,0.40541816376500334,0.4023951443435676,0.1,0.4228571428571429,0.38186175530202165,0.391391219467477,0.08285714285714285,0.004761904761904762,0.002857142857142857,0.4,16.06,0.0,0.0,0.03663726426806153,0.08436634914903716,3.6,0.0,0.0,0.15,0.08095238095238096,0,0.12767053211596038,0.28694852094677237,0.7862928756803869,0.92338684694296,0.0,0.0,0.0,0.2,0.0,0.5282210365091334,0.05,0.08,0.004761904761904762,0.5,0.25
247,0.9816158984828398,0.5177700378010137,0.8758681144086893,0.5023639424911409,0.23380311223024616,0.5186671322323603,0.7142857142857143,0.40541816376500334,0.4023951443435676,0.1,0.42857142857142855,0.38186175530202165,0.391391219467477,0.08285714285714285,0.0,0.0,0.4,16.097142857142856,0.004761904761904762,0.0,0.03663726426806153,0.08436634914903716,3.6,0.0,0.0,0.15,0.08095238095238096,0,0.12703217945538056,0.28551377834203856,0.7705670181667792,0.9049191100041007,0.0,0.0,0.0,0.2,0.0,0.5282210365091334,0.05,0.08,0.0,0.5,0.25
248,0.9826173087133249,0.5171039116257348,0.8764689605469805,0.5021088526939524,0.23380311223024616,0.5191214504812633,0.6761904761904762,0.4056086399554796,0.4025380014864247,0.1,0.4057142857142857,0.38197604101630733,0.39147693375319126,0.08285714285714285,0.004761904761904762,0.002857142857142857,0.4,16.13142857142857,0.004761904761904762,0.0,0.03663726426806153,0.08436634914903716,3.6,0.0,0.0,0.15,0.08095238095238096,0,0.12682558998667512,0.2840862094503283,0.7580128206605864,0.8975830325145384,0.0,0.0,0.0,0.2,0.0,0.5282210365091334,0.05,0.08,0.004761904761904762,0.5,0.25
249,0.9815018603951706,0.5172614961399761,0.8757996915560878,0.502667838507533,0.23380311223024616,0.5196222123553367,0.6476190476190476,0.40589435424119386,0.40275228720071043,0.1,0.38857142857142857,0.38214746958773593,0.39160550518176274,0.08285714285714285,0.014285714285714285,0.008571428571428572,0.4,16.13714285714286,0.004761904761904762,0.0,0.03663726426806153,0.08436634914903716,3.6,0.0,0.0,0.15,0.08095238095238096,0,0.12747717632245603,0.28266577840307666,0.7514239928188031,0.8982096016253495,0.0,0.0,0.0,0.2,0.0,0.5282210365091334,0.05,0.08,0.014285714285714285,0.5,0.25
250,0.9797232297252905,0.5179114668166821,0.8747325131541597,0.5034044612775405,0.23380311223024616,0.520012776357365,0.6619047619047619,0.40589435424119386,0.40275228720071043,0.1,0.39714285714285713,0.38214746958773593,0.39160550518176274,0.08285714285714285,0.0,0.0,0.4,16.16,0.0,0.0,0.03663726426806153,0.08436634914903716,3.6,0.0,0.0,0.15,0.08095238095238096,0,0.12683979044084376,0.28125244951106126,0.7363955129624271,0.8802454095928425,0.0,0.0,0.0,0.2,0.0,0.5282210365091334,0.05,0.08,0.0,0.5,0.25
251,0.9791180184470788,0.5188209739843727,0.8743693863872327,0.5039763842515183,0.23380311223024616,0.5204303018344525,0.6761904761904762,0.40589435424119386,0.40275228720071043,0.1,0.4057142857142857,0.38214746958773593,0.39160550518176274,0.08285714285714285,0.0,0.0,0.4,16.13714285714286,0.0,0.0,0.03663726426806153,0.08436634914903716,3.6,0.0,0.0,0.15,0.08095238095238096,0,0.12620559148863952,0.279846187263506,0.7216676027031785,0.8626405014009857,0.0,0.0,0.0,0.2,0.0,0.5282210365091334,0.05,0.08,0.0,0.5,0.25
252,0.9790424098802851,0.5191447926673356,0.8743240212471567,0.5039856273041096,0.23380311223024616,0.5207532740794382,0.6904761904761905,0.40598959233643195,0.40282371577213905,0.1,0.4142857142857143,0.3822046124448788,0.39164836232461986,0.08285714285714285,0.004761904761904762,0.002857142857142857,0.4,16.145714285714284,0.0,0.0,0.03663726426806153,0.08436634914903716,3.6,0.0,0.0,0.15,0.08095238095238096,0,0.12600313495976775,0.30220467562808656,0.7100913935062578,0.8569461408065038,0.0,0.0,0.0,0.2,0.0,0.5282210365091334,0.05,0.08,0.004761904761904762,0.5,0.25
253,0.9798647337335061,0.518158227199503,0.8748174155590891,0.5036511483745305,0.23380311223024616,0.521100354819963,0.7,0.40598959233643195,0.40282371577213905,0.1,0.42,0.3822046124448788,0.39164836232461986,0.08285714285714285,0.0,0.0,0.4,16.114285714285714,0.0,0.0,0.03663726426806153,0.08436634914903716,3.6,0.0,0.0,0.15,0.08095238095238096,0,0.12537311928496891,0.30069365224994615,0.6958895656361327,0.8398072179903737,0.0,0.0,0.0,0.2,0.0,0.5282210365091334,0.05,0.08,0.0,0.5,0.25
254,0.9789202957546931,0.5185358789065918,0.8742507527718013,0.5036407437105996,0.23380311223024616,0.5214354507223619,0.6666666666666666,0.40598959233643195,0.40282371577213905,0.1,0.4,0.3822046124448788,0.39164836232461986,0.08285714285714285,0.0,0.0,0.4,16.068571428571428,0.0,0.0,0.03663726426806153,0.08436634914903716,3.6,0.0,0.0,0.15,0.08095238095238096,0,0.12474625368854407,0.2991901839886964,0.68197177432341,0.8230110736305662,0.0,0.0,0.0,0.2,0.0,0.5282210365091334,0.05,0.08,0.0,0.5,0.25
255,0.9777625092655002,0.517532487405311,0.8735560808782855,0.503638254509584,0.23380311223024616,0.5218368107566838,0.680952380952381,0.40598959233643195,0.40282371577213905,0.1,0.4085714285714286,0.3822046124448788,0.39164836232461986,0.08285714285714285,0.0,0.0,0.4,16.042857142857144,0.0,0.0,0.03663726426806153,0.08436634914903716,3.6,0.0,0.0,0.15,0.08095238095238096,0,0.12412252242010137,0.2976942330687529,0.6683323388369418,0.806550852157955,0.0,0.0,0.0,0.2,0.0,0.5282210365091334,0.05,0.08,0.0,0.5,0.25
256,0.976703615216365,0.5181824814169973,0.8729207444488044,0.5042785746068125,0.23380311223024616,0.5220497654099225,0.7047619047619048,0.40598959233643195,0.40282371577213905,0.1,0.4228571428571429,0.3822046124448788,0.39164836232461986,0.08285714285714285,0.0,0.0,0.4,16.014285714285716,0.0,0.0,0.03663726426806153,0.08436634914903716,3.6,0.0,0.0,0.15,0.08095238095238096,0,0.12350190980800085,0.2962057619034092,0.6549656920602029,0.7904198351147959,0.0,0.0,0.0,0.2,0.0,0.5282210365091334,0.05,0.08,0.0,0.5,0.25
257,0.9771088153973547,0.517928447329911,0.8731638645573984,0.50425499216945,0.23380311223024616,0.5224406982211777,0.7238095238095238,0.4060848304316701,0.4028951443435676,0.1,0.4342857142857143,0.3822617553020216,0.39169121946747704,0.08285714285714285,0.004761904761904762,0.002857142857142857,0.4,16.034285714285716,0.0,0.0,0.03663726426806153,0.08436634914903716,3.6,0.0,0.0,0.15,0.08095238095238096,0,0.12331297168753227,0.2947247330938922,0.6447235210761417,0.7805252578514098,0.0,0.0,0.0,0.2,0.0,0.5282210365091334,0.05,0.08,0.004761904761904762,0.5,0.25
258,0.9769411552199656,0.5170918341949962,0.8730632684509648,0.503958477270304,0.23380311223024616,0.5228366246059941,0.6952380952380952,0.4061800685269081,0.40296657291499616,0.1,0.41714285714285715,0.3823188981591644,0.39173407661033416,0.08285714285714285,0.004761904761904762,0.002857142857142857,0.4,15.994285714285715,0.009523809523809525,0.0,0.03663726426806153,0.08436634914903716,3.6,0.0,0.0,0.15,0.08095238095238096,0,0.12312497825766602,0.29325110942842275,0.6346861935117617,0.7890283871100015,0.0,0.0,0.0,0.2,0.0,0.5282210365091334,0.05,0.08,0.004761904761904762,0.5,0.25
259,0.9770795250394433,0.5170322654290906,0.8731462903426513,0.5034724044656728,0.23380311223024616,0.5230373450499509,0.7238095238095238,0.4062753066221462,0.40303800148642477,0.1,0.4342857142857143,0.3823760410163073,0.39177693375319134,0.08285714285714285,0.004761904761904762,0.002857142857142857,0.4,15.96,0.004761904761904762,0.0,0.03663726426806153,0.08436634914903716,3.6,0.0,0.0,0.15,0.08095238095238096,0,0.12293792479494914,0.2917848538812806,0.6248496124986692,0.7880127398384941,0.0,0.0,0.0,0.2,0.0,0.5282210365091334,0.05,0.08,0.004761904761904762,0.5,0.25
260,0.976636906145993,0.5166174600841812,0.8728807190065813,0.5030127492419605,0.23380311223024616,0.5231359569217661,0.6666666666666666,0.40656102090786056,0.4032522872007105,0.1,0.4,0.38254746958773594,0.3919055051817627,0.08285714285714285,0.014285714285714285,0.008571428571428572,0.4,15.917142857142856,0.004761904761904762,0.0,0.03663726426806153,0.08436634914903716,3.6,0.0,0.0,0.15,0.08095238095238096,0,0.12360894945668867,0.2990754276458666,0.6209240488201245,0.8247037888920074,0.0,0.0,0.0,0.2,0.0,0.5282210365091334,0.05,0.08,0.014285714285714285,0.5,0.25
261,0.9770992088006166,0.5155021183486179,0.8731581005993556,0.5029453420358472,0.23380311223024616,0.523329184581731,0.6714285714285714,0.40665625900309854,0.403323715772139,0.1,0.40285714285714286,0.38260461244487876,0.3919483623246198,0.08285714285714285,0.004761904761904762,0.002857142857142857,0.4,15.874285714285714,0.0,0.0,0.03663726426806153,0.08436634914903716,3.6,0.0,0.0,0.15,0.08095238095238096,0,0.12341947613797666,0.302207871455374,0.6113627107008648,0.8082097131141672,0.0,0.0,0.0,0.2,0.0,0.5282210365091334,0.05,0.08,0.004761904761904762,0.5,0.25
262,0.9766709459044145,0.5161988933395494,0.8729011428616341,0.5039644682064455,0.23380311223024616,0.5234724257866452,0.7571428571428571,0.40665625900309854,0.403323715772139,0.1,0.4542857142857143,0.38260461244487876,0.3919483623246198,0.08285714285714285,0.0,0.0,0.4,15.888571428571428,0.0,0.0,0.03663726426806153,0.08436634914903716,3.6,0.0,0.0,0.15,0.08095238095238096,0,0.12280237875728678,0.3006968320980971,0.5991354564868475,0.7920455188518839,0.0,0.0,0.0,0.2,0.0,0.5282210365091334,0.05,0.08,0.0,0.5,0.25
263,0.9777877575230776,0.5166229832169508,0.873571229832832,0.5041208127470599,0.23380311223024616,0.5236973475861596,0.7857142857142857,0.4067514970983367,0.4033951443435676,0.1,0.4714285714285714,0.38266175530202157,0.3919912194674771,0.08285714285714285,0.004761904761904762,0.002857142857142857,0.4,15.92,0.0,0.0,0.03663726426806153,0.08436634914903716,3.6,0.0,0.0,0.15,0.08095238095238096,0,0.12261693829207178,0.29919334793760666,0.5900098902142533,0.7934792635576945,0.0,0.0,0.0,0.2,0.0,0.5282210365091334,0.05,0.08,0.004761904761904762,0.5,0.25
264,0.9783373715451267,0.5163591331929063,0.8739009982460616,0.5035241198674512,0.23380311223024616,0.523905876046399,0.7714285714285715,0.40684673519357484,0.4034665729149961,0.1,0.46285714285714286,0.38271889815916454,0.3920340766103342,0.08285714285714285,0.004761904761904762,0.002857142857142857,0.4,15.885714285714286,0.0,0.0,0.03663726426806153,0.08436634914903716,3.6,0.0,0.0,0.15,0.08095238095238096,0,0.12243242502918285,0.29769738119791866,0.5810668352671112,0.7935269773116895,0.0,0.0,0.0,0.2,0.0,0.5282210365091334,0.05,0.08,0.004761904761904762,0.5,0.25
265,0.9799210863199336,0.5146236148135193,0.8748512271109455,0.5029347618072113,0.23380311223024616,0.5240372655661292,0.7142857142857143,0.40684673519357484,0.4034665729149961,0.1,0.42857142857142855,0.38271889815916454,0.3920340766103342,0.08285714285714285,0.0,0.0,0.4,15.94,0.0,0.0,0.03663726426806153,0.08436634914903716,3.6,0.0,0.0,0.15,0.08095238095238096,0,0.12182026290403691,0.29620889429192904,0.5694454985617691,0.7776564377654557,0.0,0.0,0.0,0.2,0.0,0.5282210365091334,0.05,0.08,0.0,0.5,0.25
266,0.9801722437284696,0.5143953656858593,0.8750019215560672,0.5028300933175801,0.23380311223024616,0.5239705608732047,0.7571428571428571,0.40684673519357484,0.4034665729149961,0.1,0.4542857142857143,0.38271889815916454,0.3920340766103342,0.08285714285714285,0.0,0.0,0.4,15.925714285714285,0.0,0.0,0.03663726426806153,0.08436634914903716,3.6,0.0,0.0,0.15,0.08095238095238096,0,0.12121116158951675,0.2947278498204694,0.5580565885905336,0.7621033090101466,0.0,0.0,0.0,0.2,0.0,0.5282210365091334,0.05,0.08,0.0,0.5,0.25
267,0.9794002190310804,0.5147717249813629,0.8745387067376338,0.5030150908074545,0.23380311223024616,0.5239633338996725,0.7476190476190476,0.40684673519357484,0.4034665729149961,0.1,0.44857142857142857,0.38271889815916454,0.3920340766103342,0.08285714285714285,0.0,0.0,0.4,15.925714285714285,0.0,0.0,0.03663726426806153,0.08436634914903716,3.6,0.0,0.0,0.15,0.08095238095238096,0,0.12060510578156916,0.293254210571367,0.5468954568187229,0.7468612428299436,0.0,0.0,0.0,0.2,0.0,0.5282210365091334,0.05,0.08,0.0,0.5,0.25
268,0.9785859514672544,0.5137079663886731,0.8740501461993381,0.5016536997590719,0.23380311223024616,0.523827171339303,0.7619047619047619,0.4071324494792891,0.40368085862928194,0.1,0.45714285714285713,0.38289032673059314,0.3921626480389056,0.08285714285714285,0.014285714285714285,0.008571428571428572,0.4,15.942857142857143,0.004761904761904762,0.0,0.03663726426806153,0.08436634914903716,3.6,0.0,0.0,0.15,0.08095238095238096,0,0.1212877945383756,0.2917879395185102,0.544528976253777,0.8023654963635712,0.0,0.0,0.0,0.2,0.0,0.5282210365091334,0.05,0.08,0.014285714285714285,0.5,0.25
269,0.9783916106297618,0.5127929189165148,0.8739335416968425,0.5014900027242214,0.23380311223024616,0.5235414258257275,0.7904761904761904,0.4071324494792891,0.40368085862928194,0.1,0.4742857142857143,0.38289032673059314,0.3921626480389056,0.08285714285714285,0.0,0.0,0.4,16.002857142857142,0.004761904761904762,0.0,0.03663726426806153,0.08436634914903716,3.6,0.0,0.0,0.15,0.08095238095238096,0,0.12068135556568373,0.29032899982091764,0.5336383967287015,0.7863181864362998,0.0,0.0,0.0,0.2,0.0,0.5282210365091334,0.05,0.08,0.0,0.5,0.25
270,0.9770497475472436,0.5126387718486719,0.8731284238473316,0.5008495797310171,0.23380311223024616,0.5233349299966711,0.7285714285714285,0.4071324494792891,0.40368085862928194,0.1,0.43714285714285717,0.38289032673059314,0.3921626480389056,0.08285714285714285,0.0,0.0,0.4,16.02,0.004761904761904762,0.0,0.03663726426806153,0.08436634914903716,3.6,0.0,0.0,0.15,0.08095238095238096,0,0.1200779487878553,0.2888773548218131,0.5229656287941276,0.7705918227075738,0.0,0.0,0.0,0.2,0.0,0.5282210365091334,0.05,0.08,0.0,0.5,0.25
271,0.9783901814352611,0.5126699893502388,0.8739326841801422,0.5012312299787087,0.23380311223024616,0.5231225043405652,0.6952380952380952,0.4071324494792891,0.40368085862928194,0.1,0.41714285714285715,0.38289032673059314,0.3921626480389056,0.08285714285714285,0.0,0.0,0.4,16.045714285714286,0.004761904761904762,0.0,0.03663726426806153,0.08436634914903716,3.6,0.0,0.0,0.15,0.08095238095238096,0,0.119477559043916,0.287432968047704,0.5125063162182449,0.7551799862534223,0.0,0.0,0.0,0.2,0.0,0.5282210365091334,0.05,0.08,0.0,0.5,0.25
272,0.9795400040926193,0.5137611686832965,0.874622577774557,0.5020524849962142,0.23380311223024616,0.5228475461345674,0.6619047619047619,0.40722768757452715,0.40375228720071044,0.1,0.39714285714285713,0.3829474695877359,0.3922055051817628,0.08285714285714285,0.004761904761904762,0.002857142857142857,0.4,16.102857142857143,0.004761904761904762,0.0,0.03663726426806153,0.08436634914903716,3.6,0.0,0.0,0.15,0.08095238095238096,0,0.11930874267726785,0.2859958032074655,0.5051133327510228,0.7400763865283538,0.0,0.0,0.0,0.2,0.0,0.5282210365091334,0.05,0.08,0.004761904761904762,0.5,0.25
273,0.9799555448580832,0.5134448683442401,0.8748719022338355,0.5012359447704335,0.23380311223024616,0.5222992059063406,0.6571428571428571,0.40722768757452715,0.40375228720071044,0.1,0.3942857142857143,0.3829474695877359,0.3922055051817628,0.08285714285714285,0.0,0.0,0.4,16.114285714285714,0.0,0.0,0.03663726426806153,0.08436634914903716,3.6,0.0,0.0,0.15,0.08095238095238096,0,0.11871219896388152,0.2845658241914281,0.49501106609600243,0.7252748587977867,0.0,0.0,0.0,0.2,0.0,0.5282210365091334,0.05,0.08,0.0,0.5,0.25
274,0.9784595047640803,0.5135735088691222,0.8739742781774335,0.5014292480700171,0.23380311223024616,0.5217825915673635,0.6571428571428571,0.40722768757452715,0.40375228720071044,0.1,0.3942857142857143,0.3829474695877359,0.3922055051817628,0.08285714285714285,0.0,0.0,0.4,16.14,0.0,0.0,0.03663726426806153,0.08436634914903716,3.6,0.0,0.0,0.15,0.08095238095238096,0,0.1181186379690621,0.28314299507047097,0.4851108447740823,0.710769361621831,0.0,0.0,0.0,0.2,0.0,0.5282210365091334,0.05,0.08,0.0,0.5,0.25
275,0.9798898001273614,0.5139243911927636,0.8748324553954023,0.5013121373771251,0.23380311223024616,0.5210543622813523,0.6523809523809524,0.40722768757452715,0.40375228720071044,0.1,0.3914285714285714,0.3829474695877359,0.3922055051817628,0.08285714285714285,0.0,0.0,0.4,16.13714285714286,0.004761904761904762,0.0,0.03663726426806153,0.08436634914903716,3.6,0.0,0.0,0.15,0.08095238095238096,0,0.1175280447792168,0.28172728009511866,0.4754086278786006,0.6965539743893944,0.0,0.0,0.0,0.2,0.0,0.5282210365091334,0.05,0.08,0.0,0.5,0.25
276,0.979283475633986,0.5136476793347738,0.874468660699377,0.5011768263786536,0.23380311223024616,0.5205263429900153,0.7047619047619048,0.40722768757452715,0.40375228720071044,0.1,0.4228571428571429,0.3829474695877359,0.3922055051817628,0.08285714285714285,0.0,0.0,0.4,16.114285714285714,0.004761904761904762,0.0,0.03663726426806153,0.08436634914903716,3.6,0.0,0.0,0.15,0.08095238095238096,0,0.11694040455532072,0.28031864369464304,0.46590045532102864,0.6826228949016064,0.0,0.0,0.0,0.2,0.0,0.5282210365091334,0.05,0.08,0.0,0.5,0.25
277,0.978339749023146,0.5149338424724633,0.8739024247328732,0.501820436102252,0.23380311223024616,0.5199863733849769,0.7238095238095238,0.40722768757452715,0.40375228720071044,0.1,0.4342857142857143,0.3829474695877359,0.3922055051817628,0.08285714285714285,0.0,0.0,0.4,16.097142857142856,0.004761904761904762,0.0,0.03663726426806153,0.08436634914903716,3.6,0.0,0.0,0.15,0.08095238095238096,0,0.1163557025325441,0.2789170504761698,0.456582446214608,0.6689704370035743,0.0,0.0,0.0,0.2,0.0,0.5282210365091334,0.05,0.08,0.0,0.5,0.25
278,0.9790398580791542,0.5156560935033013,0.874322490166478,0.5016078364084331,0.23380311223024616,0.5195916938334605,0.6714285714285714,0.40722768757452715,0.40375228720071044,0.1,0.40285714285714286,0.3829474695877359,0.3922055051817628,0.08285714285714285,0.0,0.0,0.4,16.06,0.004761904761904762,0.0,0.03663726426806153,0.08436634914903716,3.6,0.0,0.0,0.15,0.08095238095238096,0,0.11577392401988139,0.27752246522378893,0.44745079729031584,0.6555910282635028,0.0,0.0,0.0,0.2,0.0,0.5282210365091334,0.05,0.08,0.0,0.5,0.25
279,0.9774519756168066,0.5162719681969352,0.8733697606890695,0.5022114862117906,0.23380311223024616,0.5192628365755855,0.7285714285714285,0.40722768757452715,0.40375228720071044,0.1,0.43714285714285717,0.3829474695877359,0.3922055051817628,0.08285714285714285,0.0,0.0,0.4,16.03142857142857,0.004761904761904762,0.0,0.03663726426806153,0.08436634914903716,3.6,0.0,0.0,0.15,0.08095238095238096,0,0.11519505439978198,0.27613485289767004,0.43850178134450957,0.6424792076982327,0.0,0.0,0.0,0.2,0.0,0.5282210365091334,0.05,0.08,0.0,0.5,0.25
280,0.9768792504250373,0.5160974204452293,0.873026125574008,0.502395566979886,0.23380311223024616,0.5188206694953046,0.7571428571428571,0.4073229256697653,0.403823715772139,0.1,0.4542857142857143,0.3830046124448787,0.3922483623246199,0.08285714285714285,0.004761904761904762,0.002857142857142857,0.4,16.017142857142858,0.004761904761904762,0.0,0.03663726426806153,0.08436634914903716,3.6,0.0,0.0,0.15,0.08095238095238096,0,0.11504765055635452,0.2747541786331817,0.43258888857476224,0.6424792076982327,0.0,0.0,0.0,0.2,0.0,0.5282210365091334,0.05,0.08,0.004761904761904762,0.5,0.25
281,0.9772551371174695,0.5153029792201509,0.8732516575894671,0.5016799451605974,0.23380311223024616,0.5184329672251219,0.7,0.4075134018602415,0.40396657291499616,0.1,0.42,0.3831188981591645,0.3923340766103341,0.08285714285714285,0.009523809523809525,0.005714285714285714,0.4,15.974285714285715,0.004761904761904762,0.0,0.03663726426806153,0.08436634914903716,3.6,0.0,0.0,0.15,0.08095238095238096,0,0.1153295551607156,0.27338040774001576,0.42965139651755263,0.6466344225422893,0.0,0.0,0.0,0.2,0.0,0.5282210365091334,0.05,0.08,0.009523809523809525,0.5,0.25
282,0.9774433124070347,0.514554008934725,0.8733645627632063,0.5010114041595881,0.23380311223024616,0.5179532773040181,0.7142857142857143,0.4075134018602415,0.40396657291499616,0.1,0.42857142857142855,0.3831188981591645,0.3923340766103341,0.08285714285714285,0.0,0.0,0.4,16.02285714285714,0.004761904761904762,0.0,0.03663726426806153,0.08436634914903716,3.6,0.0,0.0,0.15,0.08095238095238096,0,0.114752907384912,0.2720135057013157,0.4210583685872016,0.6337017340914435,0.0,0.0,0.0,0.2,0.0,0.5282210365091334,0.05,0.08,0.0,0.5,0.25
283,0.9769114410988271,0.5161870382257647,0.8730454399782818,0.5019421708157719,0.23380311223024616,0.5175294627341949,0.7238095238095238,0.4075134018602415,0.40396657291499616,0.1,0.4342857142857143,0.3831188981591645,0.3923340766103341,0.08285714285714285,0.0,0.0,0.4,16.077142857142857,0.004761904761904762,0.0,0.03663726426806153,0.08436634914903716,3.6,0.0,0.0,0.15,0.08095238095238096,0,0.11417914284798744,0.2706534381728091,0.4126372012154575,0.6210276994096147,0.0,0.0,0.0,0.2,0.0,0.5282210365091334,0.05,0.08,0.0,0.5,0.25
284,0.9767242775393687,0.5159780469776009,0.8729331418426068,0.501885668294986,0.23380311223024616,0.5172564722218688,0.7238095238095238,0.4075134018602415,0.40396657291499616,0.1,0.4342857142857143,0.3831188981591645,0.3923340766103341,0.08285714285714285,0.0,0.0,0.4,16.054285714285715,0.0,0.0,0.03663726426806153,0.08436634914903716,3.6,0.0,0.0,0.15,0.08095238095238096,0,0.11360824713374752,0.2693001709819451,0.4043844571911484,0.6086071454214224,0.0,0.0,0.0,0.2,0.0,0.5282210365091334,0.05,0.08,0.0,0.5,0.25
285,0.9790651851367064,0.51595320410072,0.8743376864010093,0.5021328787170819,0.23380311223024616,0.5168936905220897,0.7619047619047619,0.4076086399554796,0.4040380014864247,0.1,0.45714285714285713,0.3831760410163073,0.39237693375319127,0.08285714285714285,0.004761904761904762,0.002857142857142857,0.4,16.10857142857143,0.0,0.0,0.03663726426806153,0.08436634914903716,3.6,0.0,0.0,0.15,0.08095238095238096,0,0.11346877732665019,0.26795367012703536,0.3991539109044683,0.596435002512994,0.0,0.0,0.0,0.2,0.0,0.5282210365091334,0.05,0.08,0.004761904761904762,0.5,0.25
286,0.9788260766896701,0.5153467736731414,0.8741942213327876,0.5019411617094967,0.23380311223024616,0.5166508955845175,0.7523809523809524,0.4076086399554796,0.4040380014864247,0.1,0.4514285714285714,0.3831760410163073,0.39237693375319127,0.08285714285714285,0.0,0.0,0.4,16.102857142857143,0.0,0.0,0.03663726426806153,0.08436634914903716,3.6,0.0,0.0,0.15,0.08095238095238096,0,0.11290143344001694,0.2666139017764002,0.39117083268637887,0.5845063024627339,0.0,0.0,0.0,0.2,0.0,0.5282210365091334,0.05,0.08,0.0,0.5,0.25
287,0.9774391499032296,0.5162832732726381,0.8733620652609232,0.5021664408130682,0.23380311223024616,0.5163463364201367,0.7047619047619048,0.4077038780507177,0.40410943005785327,0.1,0.4228571428571429,0.3832331838734502,0.39241979089604845,0.08285714285714285,0.004761904761904762,0.002857142857142857,0.4,16.13142857142857,0.0,0.0,0.03663726426806153,0.08436634914903716,3.6,0.0,0.0,0.15,0.08095238095238096,0,0.1127654977013883,0.2714825553540601,0.38620455888979416,0.582008608759462,0.0,0.0,0.0,0.2,0.0,0.5282210365091334,0.05,0.08,0.004761904761904762,0.5,0.25
288,0.9799280235642487,0.516951946733134,0.8748553894575346,0.502710739237431,0.23380311223024616,0.5160931790870328,0.719047619047619,0.4077038780507177,0.40410943005785327,0.1,0.43142857142857144,0.3832331838734502,0.39241979089604845,0.08285714285714285,0.0,0.0,0.4,16.15714285714286,0.0,0.0,0.03663726426806153,0.08436634914903716,3.6,0.0,0.0,0.15,0.08095238095238096,0,0.11220167021288134,0.27012514257728976,0.37848046771199834,0.5703684365842727,0.0,0.0,0.0,0.2,0.0,0.5282210365091334,0.05,0.08,0.0,0.5,0.25
289,0.979422317103091,0.5168921587836319,0.8745519655808399,0.5026067178664064,0.23380311223024616,0.515808392289868,0.7095238095238096,0.4077038780507177,0.40410943005785327,0.1,0.4257142857142857,0.3832331838734502,0.39241979089604845,0.08285714285714285,0.0,0.0,0.4,16.165714285714287,0.0,0.0,0.03663726426806153,0.08436634914903716,3.6,0.0,0.0,0.15,0.08095238095238096,0,0.11164066186181694,0.26877451686440335,0.3709108583577582,0.5589610678525874,0.0,0.0,0.0,0.2,0.0,0.5282210365091334,0.05,0.08,0.0,0.5,0.25
290,0.9804948143062426,0.5176736732104089,0.875195463902731,0.5035380985592304,0.23380311223024616,0.5155013085322058,0.7,0.4077038780507177,0.40410943005785327,0.1,0.42,0.3832331838734502,0.39241979089604845,0.08285714285714285,0.0,0.0,0.4,16.202857142857145,0.0,0.0,0.03663726426806153,0.08436634914903716,3.6,0.0,0.0,0.15,0.08095238095238096,0,0.11108245855250785,0.26743064428008134,0.3634926411906031,0.5477818464955356,0.0,0.0,0.0,0.2,0.0,0.5282210365091334,0.05,0.08,0.0,0.5,0.25
291,0.9789393689185165,0.5173014802183842,0.8742621966700954,0.5035077108465277,0.23380311223024616,0.5152368078549482,0.719047619047619,0.4077038780507177,0.40410943005785327,0.1,0.43142857142857144,0.3832331838734502,0.39241979089604845,0.08285714285714285,0.0,0.0,0.4,16.197142857142858,0.0,0.0,0.03663726426806153,0.08436634914903716,3.6,0.0,0.0,0.15,0.08095238095238096,0,0.11052704625974534,0.2660934910586809,0.356222788366791,0.5368262095656249,0.0,0.0,0.0,0.2,0.0,0.5282210365091334,0.05,0.08,0.0,0.5,0.25
292,0.9781528425875876,0.5179859569046272,0.8737902808715381,0.5044180338766804,0.23380311223024616,0.5149052951062805,0.6666666666666666,0.4077038780507177,0.40410943005785327,0.1,0.4,0.3832331838734502,0.39241979089604845,0.08285714285714285,0.0,0.0,0.4,16.185714285714287,0.0,0.0,0.03663726426806153,0.08436634914903716,3.6,0.0,0.0,0.15,0.08095238095238096,0,0.10997441102844659,0.2647630236033875,0.3490983325994552,0.5260896853743123,0.0,0.0,0.0,0.2,0.0,0.5282210365091334,0.05,0.08,0.0,0.5,0.25
293,0.9760922053888983,0.5173427773610768,0.8725538985523245,0.5040299736334753,0.23380311223024616,0.5144808289618583,0.680952380952381,0.4077991161459557,0.4041808586292819,0.1,0.4085714285714286,0.383290326730593,0.39246264803890557,0.08285714285714285,0.004761904761904762,0.002857142857142857,0.4,16.208571428571428,0.0,0.0,0.03663726426806153,0.08436634914903716,3.6,0.0,0.0,0.15,0.08095238095238096,0,0.10985311040187579,0.2688378708919679,0.34497350880460903,0.5360750889612985,0.0,0.0,0.0,0.2,0.0,0.5282210365091334,0.05,0.08,0.004761904761904762,0.5,0.25
294,0.9755377326535272,0.5177491106669897,0.8722212149111017,0.5045333202681475,0.23380311223024616,0.513983864932828,0.6095238095238096,0.4077991161459557,0.4041808586292819,0.1,0.3657142857142857,0.383290326730593,0.39246264803890557,0.08285714285714285,0.0,0.0,0.4,16.22,0.0,0.0,0.03663726426806153,0.08436634914903716,3.6,0.0,0.0,0.15,0.08095238095238096,0,0.10930384484986641,0.2674936815375081,0.33807403862851676,0.5253535871820725,0.0,0.0,0.0,0.2,0.0,0.5282210365091334,0.05,0.08,0.0,0.5,0.25
295,0.9771797635980899,0.516837804707264,0.8732064334778394,0.5039878702453515,0.23380311223024616,0.5136234312251267,0.6285714285714286,0.4077991161459557,0.4041808586292819,0.1,0.37714285714285717,0.383290326730593,0.39246264803890557,0.08285714285714285,0.0,0.0,0.4,16.18285714285714,0.0,0.0,0.03663726426806153,0.08436634914903716,3.6,0.0,0.0,0.15,0.08095238095238096,0,0.10875732562561709,0.2661562131298206,0.3313125578559465,0.5148465154384311,0.0,0.0,0.0,0.2,0.0,0.5282210365091334,0.05,0.08,0.0,0.5,0.25
296,0.9762771184846407,0.5163743176392279,0.8726648464097698,0.5036473495109175,0.23380311223024616,0.5133174233812016,0.6761904761904762,0.407989592336432,0.404323715772139,0.1,0.4057142857142857,0.3834046124448788,0.39254836232461976,0.08285714285714285,0.009523809523809525,0.005714285714285714,0.4,16.2,0.0,0.0,0.03663726426806153,0.08436634914903716,3.6,0.0,0.0,0.15,0.08095238095238096,0,0.10907068185463184,0.27789638228188934,0.3304005924131132,0.610288660424157,0.0,0.0,0.0,0.2,0.0,0.5282210365091334,0.05,0.08,0.009523809523809525,0.5,0.25
297,0.9781872397371338,0.5158303905659117,0.8738109191612657,0.5031763823125238,0.23380311223024616,0.5127993527870603,0.680952380952381,0.407989592336432,0.404323715772139,0.1,0.4085714285714286,0.3834046124448788,0.39254836232461976,0.08285714285714285,0.0,0.0,0.4,16.177142857142858,0.004761904761904762,0.0,0.03663726426806153,0.08436634914903716,3.6,0.0,0.0,0.15,0.08095238095238096,0,0.1085253284453587,0.2765069003704799,0.32379258056485094,0.5980828872156738,0.0,0.0,0.0,0.2,0.0,0.5282210365091334,0.05,0.08,0.0,0.5,0.25
298,0.9766946743708708,0.5160774202527385,0.8729153799415079,0.5038678206553289,0.23380311223024616,0.5122402944557775,0.680952380952381,0.40808483043167004,0.4043951443435676,0.1,0.4085714285714286,0.38346175530202165,0.39259121946747705,0.08285714285714285,0.004761904761904762,0.002857142857142857,0.4,16.177142857142858,0.004761904761904762,0.0,0.03663726426806153,0.08436634914903716,3.6,0.0,0.0,0.15,0.08095238095238096,0,0.1084112732317033,0.28758230289132136,0.3201738718106968,0.7092777008540845,0.0,0.0,0.0,0.2,0.0,0.5282210365091334,0.05,0.08,0.004761904761904762,0.5,0.25
299,0.9766149892245597,0.5157236903823198,0.8728675688537213,0.5042786131082723,0.23380311223024616,0.5116550363774217,0.7142857142857143,0.40808483043167004,0.4043951443435676,0.1,0.42857142857142855,0.38346175530202165,0.39259121946747705,0.08285714285714285,0.0,0.0,0.4,16.22,0.004761904761904762,0.0,0.03663726426806153,0.08436634914903716,3.6,0.0,0.0,0.15,0.08095238095238096,0,0.1078692168655448,0.28614439137686476,0.31377039437448284,0.6950921468370027,0.0,0.0,0.0,0.2,0.0,0.5282210365091334,0.05,0.08,0.0,0.5,0.25
300,0.9764026260452037,0.5149453458773406,0.8727401509461077,0.5040376377493304,0.23380311223024616,0.5111186079453716,0.7095238095238096,0.40808483043167004,0.4043951443435676,0.1,0.4257142857142857,0.38346175530202165,0.39259121946747705,0.08285714285714285,0.0,0.0,0.4,16.234285714285715,0.004761904761904762,0.0,0.03663726426806153,0.08436634914903716,3.6,0.0,0.0,0.15,0.08095238095238096,0,0.1073298707812171,0.28471366941998044,0.30749498648699314,0.6811903039002627,0.0,0.0,0.0,0.2,0.0,0.5282210365091334,0.05,0.08,0.0,0.5,0.25
301,0.9759433436101507,0.5150192333211758,0.872464581485076,0.5045006414743208,0.23380311223024616,0.5104288748732264,0.6952380952380952,0.40827530662214634,0.4045380014864247,0.1,0.41714285714285715,0.38357604101630727,0.39267693375319124,0.08285714285714285,0.009523809523809525,0.005714285714285714,0.4,16.268571428571427,0.004761904761904762,0.0,0.03663726426806153,0.08436634914903716,3.6,0.0,0.0,0.15,0.08095238095238096,0,0.10765036428445385,0.28329010107288055,0.30705937247153897,0.6693315905224553,0.0,0.0,0.0,0.2,0.0,0.5282210365091334,0.05,0.08,0.009523809523809525,0.5,0.25
302,0.9753742203979727,0.514677146157771,0.8721231075577692,0.5045163735042905,0.23380311223024616,0.5097633697663236,0.7142857142857143,0.40827530662214634,0.4045380014864247,0.1,0.42857142857142855,0.38357604101630727,0.39267693375319124,0.08285714285714285,0.0,0.0,0.4,16.268571428571427,0.004761904761904762,0.0,0.03663726426806153,0.08436634914903716,3.6,0.0,0.0,0.15,0.08095238095238096,0,0.1071121124630316,0.2818736505675161,0.3009181850221082,0.6559449587120062,0.0,0.0,0.0,0.2,0.0,0.5282210365091334,0.05,0.08,0.0,0.5,0.25
303,0.9742760533502536,0.5148015670830224,0.8714642073291374,0.5042762795449006,0.23380311223024616,0.5090807734558954,0.6333333333333333,0.40856102090786045,0.40475228720071044,0.1,0.38,0.38374746958773587,0.3928055051817627,0.08285714285714285,0.014285714285714285,0.008571428571428572,0.4,16.257142857142856,0.004761904761904762,0.0,0.03663726426806153,0.08436634914903716,3.6,0.0,0.0,0.15,0.08095238095238096,0,0.1078622661864307,0.28046428231467857,0.30347124989309465,0.6596001463900631,0.0,0.0,0.0,0.2,0.0,0.5282210365091334,0.05,0.08,0.014285714285714285,0.5,0.25
304,0.9731101400350818,0.5141376470543436,0.8707646593400344,0.5037015662856665,0.23380311223024616,0.5084378061551333,0.6952380952380952,0.40856102090786045,0.40475228720071044,0.1,0.41714285714285715,0.38374746958773587,0.3928055051817627,0.08285714285714285,0.0,0.0,0.4,16.26,0.004761904761904762,0.0,0.03663726426806153,0.08436634914903716,3.6,0.0,0.0,0.15,0.08095238095238096,0,0.10732295485549855,0.2790619609031052,0.29740182489523276,0.6464081434622619,0.0,0.0,0.0,0.2,0.0,0.5282210365091334,0.05,0.08,0.0,0.5,0.25
305,0.97292025680921,0.5136288224139777,0.8706507294045114,0.5030609304221059,0.23380311223024616,0.5077911024103913,0.7095238095238096,0.40856102090786045,0.40475228720071044,0.1,0.4257142857142857,0.38374746958773587,0.3928055051817627,0.08285714285714285,0.0,0.0,0.4,16.262857142857143,0.004761904761904762,0.0,0.03663726426806153,0.08436634914903716,3.6,0.0,0.0,0.15,0.08095238095238096,0,0.10678634008122107,0.2776666510985897,0.29145378839732805,0.6334799805930167,0.0,0.0,0.0,0.2,0.0,0.5282210365091334,0.05,0.08,0.0,0.5,0.25
306,0.9738620651830967,0.5133786855162428,0.8712158144288434,0.5026773535983876,0.23380311223024616,0.5071182569391606,0.7380952380952381,0.40856102090786045,0.40475228720071044,0.1,0.44285714285714284,0.38374746958773587,0.3928055051817627,0.08285714285714285,0.0,0.0,0.4,16.28,0.0,0.0,0.03663726426806153,0.08436634914903716,3.6,0.0,0.0,0.15,0.08095238095238096,0,0.10625240838081496,0.2762783178430967,0.2856247126293815,0.6208103809811564,0.0,0.0,0.0,0.2,0.0,0.5282210365091334,0.05,0.08,0.0,0.5,0.25
307,0.9734730431529875,0.5136113227017508,0.8709824012107779,0.5026400541350192,0.23380311223024616,0.50661770343559,0.6619047619047619,0.40875149709833675,0.4048951443435676,0.1,0.39714285714285713,0.3838617553020216,0.392891219467477,0.08285714285714285,0.009523809523809525,0.005714285714285714,0.4,16.285714285714285,0.0,0.0,0.03663726426806153,0.08436634914903716,3.6,0.0,0.0,0.15,0.08095238095238096,0,0.10657828919605375,0.27489692625388124,0.2856265040910796,0.6903905833410527,0.0,0.0,0.0,0.2,0.0,0.5282210365091334,0.05,0.08,0.009523809523809525,0.5,0.25
308,0.9738154747922305,0.5141721170384345,0.8711878601943238,0.5029555682126419,0.23380311223024616,0.5060078402788257,0.7047619047619048,0.40875149709833675,0.4048951443435676,0.1,0.4228571428571429,0.3838617553020216,0.392891219467477,0.08285714285714285,0.0,0.0,0.4,16.265714285714285,0.0,0.0,0.03663726426806153,0.08436634914903716,3.6,0.0,0.0,0.15,0.08095238095238096,0,0.10604539775007348,0.27352244162261186,0.279913974009258,0.6765827716742316,0.0,0.0,0.0,0.2,0.0,0.5282210365091334,0.05,0.08,0.0,0.5,0.25
309,0.9727217431912639,0.5137096471109863,0.8705316212337438,0.5024664622419911,0.23380311223024616,0.5053632688440491,0.7,0.40875149709833675,0.4048951443435676,0.1,0.42,0.3838617553020216,0.392891219467477,0.08285714285714285,0.0,0.0,0.4,16.285714285714285,0.0,0.0,0.03663726426806153,0.08436634914903716,3.6,0.0,0.0,0.15,0.08095238095238096,0,0.1055151707613231,0.2721548294144988,0.2743156945290728,0.663051116240747,0.0,0.0,0.0,0.2,0.0,0.5282210365091334,0.05,0.08,0.0,0.5,0.25
310,0.9740264834521356,0.5133985316315307,0.8713144653902668,0.5018164078890115,0.23380311223024616,0.5047648712017839,0.6285714285714286,0.40875149709833675,0.4048951443435676,0.1,0.37714285714285717,0.3838617553020216,0.392891219467477,0.08285714285714285,0.0,0.0,0.4,16.245714285714286,0.0,0.0,0.03663726426806153,0.08436634914903716,3.6,0.0,0.0,0.15,0.08095238095238096,0,0.10498759490751651,0.27079405526742634,0.2688293806384913,0.6497900939159321,0.0,0.0,0.0,0.2,0.0,0.5282210365091334,0.05,0.08,0.0,0.5,0.25
311,0.9726420136054943,0.5120525846521756,0.8705606830000332,0.5004029068538218,0.23380311223024616,0.5043036349157467,0.6746411483253588,0.40710975266870497,0.4042046574748942,0.10047846889952153,0.40285714285714286,0.3839188981591645,0.3929340766103342,0.08285714285714285,0.004784688995215311,0.002857142857142857,0.40285714285714286,16.248571428571427,0.0,0.002857142857142857,0.036630411244113384,0.08436634914903715,3.598086124401914,0.0,0.0,0.15,0.08133971291866028,0,0.10489122836155035,0.27830838512844697,0.2663099358828644,0.6535626345062567,0.0,0.0,0.0,0.2,0.0,0.5282210365091334,0.05,0.08,0.004761904761904762,0.5,0.25
312,0.9740774047494767,0.5114570845244027,0.8714178165688684,0.5001665136773932,0.23380311223024616,0.5037199551985648,0.7033492822966507,0.40710975266870497,0.4042046574748942,0.10047846889952153,0.42,0.3839188981591645,0.3929340766103342,0.08285714285714285,0.0,0.0,0.40285714285714286,16.265714285714285,0.0,0.0,0.03664498857593606,0.08436634914903715,3.598086124401914,0.0,0.0,0.15,0.08133971291866028,0,0.10436677221974257,0.2769168432028047,0.2609837371652071,0.6404913818161315,0.0,0.0,0.0,0.2,0.0,0.5282210365091334,0.05,0.08,0.0,0.5,0.25
313,0.9747982045653028,0.5112021336203816,0.8718482370303189,0.5005680105438781,0.23380311223024616,0.5031472107212465,0.69377990430622,0.40710975266870497,0.4042046574748942,0.10047846889952153,0.4142857142857143,0.3839188981591645,0.3929340766103342,0.08285714285714285,0.0,0.0,0.40285714285714286,16.294285714285714,0.0,0.0,0.03664498857593606,0.08436634914903715,3.598086124401914,0.0,0.0,0.15,0.08133971291866028,0,0.10384493835864386,0.2755322589867907,0.25576406242190297,0.6276815541798089,0.0,0.0,0.0,0.2,0.0,0.5282210365091334,0.05,0.08,0.0,0.5,0.25
314,0.9752219164168198,0.5105688533130308,0.872101253535939,0.5004998027435897,0.23380311223024616,0.5027751557523715,0.6555023923444976,0.40710975266870497,0.4042046574748942,0.10047846889952153,0.3914285714285714,0.3839188981591645,0.3929340766103342,0.08285714285714285,0.0,0.0,0.40285714285714286,16.305714285714284,0.0,0.0,0.03664498857593606,0.08436634914903715,3.598086124401914,0.0,0.0,0.15,0.08133971291866028,0,0.10332571366685064,0.27415459769185674,0.2506487811734649,0.6151279230962127,0.0,0.0,0.0,0.2,0.0,0.5282210365091334,0.05,0.08,0.0,0.5,0.25
315,0.9753491631772284,0.5086193847231926,0.8721772380300115,0.49872566544746527,0.23380311223024616,0.5023276882710318,0.5885167464114832,0.4072054464486093,0.4042764278098224,0.10047846889952153,0.3514285714285714,0.3839760410163074,0.3929769337531913,0.08285714285714285,0.004784688995215311,0.002857142857142857,0.40285714285714286,16.31714285714286,0.0,0.0,0.03664498857593606,0.08436634914903715,3.598086124401914,0.0,0.0,0.15,0.08133971291866028,0,0.10323765652708783,0.27278382470339746,0.24849294840713845,0.6133518942680461,0.0,0.0,0.0,0.2,0.0,0.5282210365091334,0.05,0.08,0.004784688995215311,0.5,0.25
316,0.9758493051491742,0.5089058903588969,0.8724758942361163,0.4992894396369554,0.23380311223024616,0.5019540099371889,0.6172248803827751,0.40730114022851366,0.4043481981447507,0.10047846889952153,0.36857142857142855,0.3840331838734502,0.3930197908960484,0.08285714285714285,0.004784688995215311,0.002857142857142857,0.40285714285714286,16.242857142857144,0.0,0.0,0.03664498857593606,0.08436634914903715,3.598086124401914,0.0,0.0,0.15,0.08133971291866028,0,0.10315003967302382,0.3365831250363024,0.24638023229613853,0.644593625355068,0.0,0.0,0.0,0.2,0.0,0.5282210365091334,0.05,0.08,0.004784688995215311,0.5,0.25
317,0.9763346163216972,0.5080487763004564,0.87276569433628,0.4987903819283521,0.23380311223024616,0.5017204599294308,0.6555023923444976,0.40739683400841786,0.4044199684796789,0.10047846889952153,0.3914285714285714,0.384090326730593,0.39306264803890556,0.08285714285714285,0.004784688995215311,0.002857142857142857,0.40285714285714286,16.22,0.0,0.0,0.03664498857593606,0.08436634914903715,3.598086124401914,0.0,0.0,0.15,0.08133971291866028,0,0.10306286090323014,0.33490020941112086,0.2443097705073586,0.6483381414053557,0.0,0.0,0.0,0.2,0.0,0.5282210365091334,0.05,0.08,0.004784688995215311,0.5,0.25
318,0.9752911649528309,0.5081858562230785,0.8721426048045855,0.4987056045953727,0.23380311223024616,0.5016030624973602,0.645933014354067,0.40749252778832223,0.40449173881460715,0.10047846889952153,0.38571428571428573,0.3841474695877359,0.3931055051817628,0.08285714285714285,0.004784688995215311,0.002857142857142857,0.40285714285714286,16.231428571428573,0.0,0.0,0.03664498857593606,0.08436634914903715,3.598086124401914,0.0,0.0,0.15,0.08133971291866028,0,0.1029761180272854,0.36211301912750915,0.24228071795435435,0.6353713785772486,0.0,0.0,0.0,0.2,0.0,0.5282210365091334,0.05,0.08,0.004784688995215311,0.5,0.25
319,0.9772738977799688,0.5085189940852786,0.8733265795499336,0.4988149293009732,0.23380311223024616,0.5013853795691352,0.645933014354067,0.40749252778832223,0.40449173881460715,0.10047846889952153,0.38571428571428573,0.3841474695877359,0.3931055051817628,0.08285714285714285,0.0,0.0,0.40285714285714286,16.28857142857143,0.0,0.0,0.03664498857593606,0.08436634914903715,3.598086124401914,0.0,0.0,0.15,0.08133971291866028,0,0.10246123743714898,0.36030245403187167,0.2374351035952672,0.6226639510057036,0.0,0.0,0.0,0.2,0.0,0.5282210365091334,0.05,0.08,0.0,0.5,0.25
320,0.9767084808555879,0.5076759382465552,0.8729889448722319,0.4985150307727457,0.23380311223024616,0.5011611915037151,0.6555023923444976,0.40758822156822655,0.40456350914953537,0.10047846889952153,0.3914285714285714,0.3842046124448788,0.39314836232461986,0.08285714285714285,0.004784688995215311,0.002857142857142857,0.40285714285714286,16.3,0.0,0.0,0.03664498857593606,0.08436634914903715,3.598086124401914,0.0,0.0,0.15,0.08133971291866028,0,0.10237750267853465,0.35850094176171227,0.23554354438050476,0.6460883723963531,0.0,0.0,0.0,0.2,0.0,0.5282210365091334,0.05,0.08,0.004784688995215311,0.5,0.25
321,0.9774907991470942,0.5072406283570431,0.8734561006520171,0.49818044991052735,0.23380311223024616,0.5008747903037089,0.6650717703349283,0.40758822156822655,0.40456350914953537,0.10047846889952153,0.39714285714285713,0.3842046124448788,0.39314836232461986,0.08285714285714285,0.0,0.0,0.40285714285714286,16.291428571428572,0.004784688995215311,0.0,0.03664498857593606,0.08436634914903715,3.598086124401914,0.0,0.0,0.15,0.08133971291866028,0,0.10186561516514198,0.3567084370529037,0.2308326734928946,0.6331666049484259,0.0,0.0,0.0,0.2,0.0,0.5282210365091334,0.05,0.08,0.0,0.5,0.25
322,0.9754557075573805,0.5063635036127346,0.872240860245588,0.49757370187646255,0.23380311223024616,0.5007235995958077,0.7177033492822966,0.40758822156822655,0.40456350914953537,0.10047846889952153,0.42857142857142855,0.3842046124448788,0.39314836232461986,0.08285714285714285,0.0,0.0,0.40285714285714286,16.234285714285715,0.004784688995215311,0.0,0.03664498857593606,0.08436634914903715,3.598086124401914,0.0,0.0,0.15,0.08133971291866028,0,0.10135628708931628,0.3549248948676392,0.22621602002303673,0.6205032728494574,0.0,0.0,0.0,0.2,0.0,0.5282210365091334,0.05,0.08,0.0,0.5,0.25
323,0.9751768500707005,0.5056885072707897,0.8720743424892563,0.4970823509740814,0.23380311223024616,0.5006495419137901,0.6698564593301436,0.40758822156822655,0.40456350914953537,0.10047846889952153,0.4,0.3842046124448788,0.39314836232461986,0.08285714285714285,0.0,0.0,0.40285714285714286,16.24,0.0,0.0,0.03664498857593606,0.08436634914903715,3.598086124401914,0.0,0.0,0.15,0.08133971291866028,0,0.10084950565386967,0.353150270393301,0.221691699622576,0.6080932073924683,0.0,0.0,0.0,0.2,0.0,0.5282210365091334,0.05,0.08,0.0,0.5,0.25
324,0.9762166495816875,0.5049000846913327,0.8726952513401027,0.4966597077690239,0.23380311223024616,0.5005747853064648,0.7177033492822966,0.4076839153481308,0.4046352794844636,0.10047846889952153,0.42857142857142855,0.38426175530202167,0.393191219467477,0.08285714285714285,0.004784688995215311,0.002857142857142857,0.40285714285714286,16.228571428571428,0.004784688995215311,0.0,0.03664498857593606,0.08436634914903715,3.598086124401914,0.0,0.0,0.15,0.08133971291866028,0,0.10077382955417176,0.3513845190413345,0.2201150084872673,0.5959313432446188,0.0,0.0,0.0,0.2,0.0,0.5282210365091334,0.05,0.08,0.004784688995215311,0.5,0.25
325,0.9762410102354767,0.5052954295523007,0.8727097981305084,0.49740337762585896,0.23380311223024616,0.5004446182161574,0.69377990430622,0.4077796091280352,0.4047070498193919,0.10047846889952153,0.4142857142857143,0.38431889815916453,0.3932340766103341,0.08285714285714285,0.004784688995215311,0.002857142857142857,0.40285714285714286,16.234285714285715,0.004784688995215311,0.0,0.03664498857593606,0.08436634914903715,3.598086124401914,0.0,0.0,0.15,0.08133971291866028,0,0.10069853183497234,0.3879008715439811,0.21856985117466482,0.5877097281297364,0.0,0.0,0.0,0.2,0.0,0.5282210365091334,0.05,0.08,0.004784688995215311,0.5,0.25
326,0.9753306715191563,0.505164082730947,0.8721661958684769,0.49783041744754947,0.23380311223024616,0.5003767398805795,0.722488038277512,0.4077796091280352,0.4047070498193919,0.10047846889952153,0.43142857142857144,0.38431889815916453,0.3932340766103341,0.08285714285714285,0.0,0.0,0.40285714285714286,16.205714285714286,0.004784688995215311,0.0,0.03664498857593606,0.08436634914903715,3.598086124401914,0.0,0.0,0.15,0.08133971291866028,0,0.10019503917579749,0.3859613671862612,0.21419845415117153,0.5759555335671417,0.0,0.0,0.0,0.2,0.0,0.5282210365091334,0.05,0.08,0.0,0.5,0.25
327,0.9757614763748821,0.5051564983541749,0.872423447910896,0.49802848342633815,0.23380311223024616,0.5004032113172877,0.6507177033492823,0.4077796091280352,0.4047070498193919,0.10047846889952153,0.38857142857142857,0.38431889815916453,0.3932340766103341,0.08285714285714285,0.0,0.0,0.40285714285714286,16.18285714285714,0.004784688995215311,0.0,0.03664498857593606,0.08436634914903715,3.598086124401914,0.0,0.0,0.15,0.08133971291866028,0,0.09969406397991849,0.3840315603503299,0.20991448506814808,0.5644364228957988,0.0,0.0,0.0,0.2,0.0,0.5282210365091334,0.05,0.08,0.0,0.5,0.25
328,0.9761732307363555,0.5051834013903234,0.8726693240867475,0.4984280773454236,0.23380311223024616,0.5004039845471732,0.6650717703349283,0.40787530290793944,0.40477882015432,0.10047846889952153,0.39714285714285713,0.38437604101630735,0.3932769337531913,0.08285714285714285,0.004784688995215311,0.002857142857142857,0.40285714285714286,16.202857142857145,0.004784688995215311,0.0,0.03664498857593606,0.08436634914903715,3.598086124401914,0.0,0.0,0.15,0.08133971291866028,0,0.09962416508859032,0.3821114025485783,0.20857333822392798,0.5940425793028946,0.0,0.0,0.0,0.2,0.0,0.5282210365091334,0.05,0.08,0.004784688995215311,0.5,0.25
329,0.9771143977734169,0.5040774427891301,0.8732313352603068,0.49789828588765983,0.23380311223024616,0.5003340492366599,0.6794258373205742,0.40797099668784376,0.4048505904892483,0.10047846889952153,0.4057142857142857,0.38443318387345016,0.39331979089604846,0.08285714285714285,0.004784688995215311,0.002857142857142857,0.40285714285714286,16.185714285714287,0.004784688995215311,0.0,0.03664498857593606,0.08436634914903715,3.598086124401914,0.0,0.0,0.15,0.08133971291866028,0,0.09955461569171879,0.3802008455358354,0.20725901431659227,0.5928189451243332,0.0,0.0,0.0,0.2,0.0,0.5282210365091334,0.05,0.08,0.004784688995215311,0.5,0.25
330,0.9780796590258479,0.5039459339500316,0.8738077341224729,0.4977567995381673,0.23380311223024616,0.5002554892093487,0.6698564593301436,0.408066690467748,0.4049223608241765,0.10047846889952153,0.4,0.38449032673059313,0.3933626480389056,0.08285714285714285,0.004784688995215311,0.002857142857142857,0.40285714285714286,16.15142857142857,0.004784688995215311,0.0,0.03664498857593606,0.08436634914903715,3.598086124401914,0.0,0.0,0.15,0.08133971291866028,0,0.09948541404183164,0.3782998413081562,0.20597097688740323,0.5970008597266455,0.0,0.0,0.0,0.2,0.0,0.5282210365091334,0.05,0.08,0.004784688995215311,0.5,0.25
331,0.9788083402165753,0.5057057078651114,0.87424286089065,0.4988827696305005,0.23380311223024616,0.5000986185304345,0.7177033492822966,0.408066690467748,0.4049223608241765,0.10047846889952153,0.42857142857142855,0.38449032673059313,0.3933626480389056,0.08285714285714285,0.0,0.0,0.40285714285714286,16.13714285714286,0.004784688995215311,0.0,0.03664498857593606,0.08436634914903715,3.598086124401914,0.0,0.0,0.15,0.08133971291866028,0,0.09898798697162246,0.37640834210161545,0.2018515573496552,0.5850608425321125,0.0,0.0,0.0,0.2,0.0,0.5282210365091334,0.05,0.08,0.0,0.5,0.25
332,0.977160627598238,0.5059316672418509,0.8732589410699857,0.498250316767286,0.23380311223024616,0.5001615827147641,0.7129186602870813,0.408066690467748,0.4049223608241765,0.10047846889952153,0.4257142857142857,0.38449032673059313,0.3933626480389056,0.08285714285714285,0.0,0.0,0.40285714285714286,16.165714285714287,0.004784688995215311,0.0,0.03664498857593606,0.08436634914903715,3.598086124401914,0.0,0.0,0.15,0.08133971291866028,0,0.09849304703676438,0.3745263003911074,0.19781452620266213,0.5733596256814704,0.0,0.0,0.0,0.2,0.0,0.5282210365091334,0.05,0.08,0.0,0.5,0.25
333,0.976763293449831,0.5053343763158128,0.8730216758213656,0.4982220178705643,0.23380311223024616,0.5002043025703006,0.6985645933014354,0.408066690467748,0.4049223608241765,0.10047846889952153,0.41714285714285715,0.38449032673059313,0.3933626480389056,0.08285714285714285,0.0,0.0,0.40285714285714286,16.18285714285714,0.004784688995215311,0.0,0.03664498857593606,0.08436634914903715,3.598086124401914,0.0,0.0,0.15,0.08133971291866028,0,0.09800058180158054,0.37265366888915186,0.19385823567860885,0.561892433167841,0.0,0.0,0.0,0.2,0.0,0.5282210365091334,0.05,0.08,0.0,0.5,0.25
334,0.9787618927185712,0.504991580211412,0.8742151250989847,0.4980596171574353,0.23380311223024616,0.5001069002328701,0.7368421052631579,0.408066690467748,0.4049223608241765,0.10047846889952153,0.44,0.38449032673059313,0.3933626480389056,0.08285714285714285,0.0,0.0,0.40285714285714286,16.162857142857142,0.004784688995215311,0.0,0.03664498857593606,0.08436634914903715,3.598086124401914,0.0,0.0,0.15,0.08133971291866028,0,0.09751057889257264,0.3707904005447061,0.1899810709650367,0.550654584504484,0.0,0.0,0.0,0.2,0.0,0.5282210365091334,0.05,0.08,0.0,0.5,0.25
335,0.9790652296205639,0.505180874081926,0.8743962605633175,0.4984678545311234,0.23380311223024616,0.5000312683836353,0.6889952153110048,0.40816238424765233,0.4049941311591047,0.10047846889952153,0.4114285714285714,0.38454746958773595,0.39340550518176265,0.08285714285714285,0.004784688995215311,0.002857142857142857,0.40285714285714286,16.15142857142857,0.009569377990430622,0.0,0.03664498857593606,0.08436634914903715,3.598086124401914,0.0,0.0,0.15,0.08133971291866028,0,0.09745159742668122,0.36893644854198254,0.18903859240287882,0.5686847553866062,0.0,0.0,0.0,0.2,0.0,0.5282210365091334,0.05,0.08,0.004784688995215311,0.5,0.25
336,0.979706690764032,0.5047423675418407,0.8747793045032741,0.4982356586579228,0.23380311223024616,0.4998587199922566,0.7703349282296651,0.40825807802755665,0.40506590149403293,0.10047846889952153,0.46,0.38460461244487876,0.3934483623246198,0.08285714285714285,0.004784688995215311,0.002857142857142857,0.40285714285714286,16.165714285714287,0.004784688995215311,0.0,0.03664498857593606,0.08436634914903715,3.598086124401914,0.0,0.0,0.15,0.08133971291866028,0,0.09739291086811923,0.36709176629927265,0.18811496341196407,0.5639971936772136,0.0,0.0,0.0,0.2,0.0,0.5282210365091334,0.05,0.08,0.004784688995215311,0.5,0.25
337,0.9784121796362892,0.5052454036616338,0.8740062964298506,0.498253056183595,0.23380311223024616,0.49976490508836485,0.7272727272727273,0.4083537718074609,0.40513767182896115,0.10047846889952153,0.4342857142857143,0.3846617553020216,0.393491219467477,0.08285714285714285,0.004784688995215311,0.002857142857142857,0.40285714285714286,16.14,0.004784688995215311,0.0,0.03664498857593606,0.08436634914903715,3.598086124401914,0.0,0.0,0.15,0.08133971291866028,0,0.09733451774235005,0.36525630746777626,0.18720980700086765,0.5580697172360354,0.0,0.0,0.0,0.2,0.0,0.5282210365091334,0.05,0.08,0.004784688995215311,0.5,0.25
338,0.9774012600273478,0.5045059483365956,0.8734026330062258,0.49817602740783423,0.23380311223024616,0.4997835387869887,0.69377990430622,0.4083537718074609,0.40513767182896115,0.10047846889952153,0.4142857142857143,0.3846617553020216,0.393491219467477,0.08285714285714285,0.0,0.0,0.40285714285714286,16.194285714285716,0.004784688995215311,0.0,0.03664498857593606,0.08436634914903715,3.598086124401914,0.0,0.0,0.15,0.08133971291866028,0,0.09684784515363833,0.3634300259304374,0.1834656108608503,0.5469083228913146,0.0,0.0,0.0,0.2,0.0,0.5282210365091334,0.05,0.08,0.0,0.5,0.25
339,0.9769405968071531,0.5038313716005558,0.873127551254738,0.4975429865727343,0.23380311223024616,0.49965223740889775,0.722488038277512,0.4084494655873652,0.4052094421638894,0.10047846889952153,0.43142857142857144,0.3847188981591645,0.3935340766103341,0.08285714285714285,0.004784688995215311,0.002857142857142857,0.40285714285714286,16.214285714285715,0.004784688995215311,0.0,0.03664498857593606,0.08436634914903715,3.598086124401914,0.0,0.0,0.15,0.08133971291866028,0,0.09679217735644155,0.36161287580078516,0.18265344150077617,0.5498441470674602,0.0,0.0,0.0,0.2,0.0,0.5282210365091334,0.05,0.08,0.004784688995215311,0.5,0.25
340,0.976771719114757,0.5040763893171231,0.8730267071469929,0.4979386064769275,0.23380311223024616,0.49952566581443575,0.6794258373205742,0.4084494655873652,0.4052094421638894,0.10047846889952153,0.4057142857142857,0.3847188981591645,0.3935340766103341,0.08285714285714285,0.0,0.0,0.40285714285714286,16.237142857142857,0.004784688995215311,0.0,0.03664498857593606,0.08436634914903715,3.598086124401914,0.0,0.0,0.15,0.08133971291866028,0,0.09630821646965936,0.3598048114217813,0.1790003726707606,0.538847264126111,0.0,0.0,0.0,0.2,0.0,0.5282210365091334,0.05,0.08,0.0,0.5,0.25
341,0.9780402235000262,0.503701665345469,0.8737841854799107,0.49802966221599676,0.23380311223024616,0.4992936311669944,0.6794258373205742,0.4084494655873652,0.4052094421638894,0.10047846889952153,0.4057142857142857,0.3847188981591645,0.3935340766103341,0.08285714285714285,0.0,0.0,0.40285714285714286,16.228571428571428,0.004784688995215311,0.0,0.03664498857593606,0.08436634914903715,3.598086124401914,0.0,0.0,0.15,0.08133971291866028,0,0.09582667538731103,0.35800578736467237,0.17542036521734541,0.5280703188435888,0.0,0.0,0.0,0.2,0.0,0.5282210365091334,0.05,0.08,0.0,0.5,0.25
342,0.9782722397070814,0.5039086624142864,0.873922732300695,0.4983082900596105,0.23380311223024616,0.4989925815337943,0.6794258373205742,0.4085451593672696,0.40528121249881766,0.10047846889952153,0.4057142857142857,0.3847760410163073,0.39357693375319125,0.08285714285714285,0.004784688995215311,0.002857142857142857,0.40285714285714286,16.18,0.004784688995215311,0.0,0.03664498857593606,0.08436634914903715,3.598086124401914,0.0,0.0,0.15,0.08133971291866028,0,0.0957761134389459,0.35796618571183114,0.17476910077014135,0.5258715481622346,0.0,0.0,0.0,0.2,0.0,0.5282210365091334,0.05,0.08,0.004784688995215311,0.5,0.25
343,0.9790576054555211,0.5025377505751634,0.8743917078476205,0.49790043173464416,0.23380311223024616,0.4987934319739908,0.69377990430622,0.4085451593672696,0.40528121249881766,0.10047846889952153,0.4142857142857143,0.3847760410163073,0.39357693375319125,0.08285714285714285,0.0,0.0,0.40285714285714286,16.177142857142858,0.0,0.0,0.03664498857593606,0.08436634914903715,3.598086124401914,0.0,0.0,0.15,0.08133971291866028,0,0.09529723287175118,0.356176354783272,0.17127371875473854,0.5153541171989898,0.0,0.0,0.0,0.2,0.0,0.5282210365091334,0.05,0.08,0.0,0.5,0.25
344,0.9794404993837056,0.503178268411618,0.8746203502218791,0.4984705417319249,0.23380311223024616,0.4987029172765545,0.6889952153110048,0.4085451593672696,0.40528121249881766,0.10047846889952153,0.4114285714285714,0.3847760410163073,0.39357693375319125,0.08285714285714285,0.0,0.0,0.40285714285714286,16.162857142857142,0.0,0.0,0.03664498857593606,0.08436634914903715,3.598086124401914,0.0,0.0,0.15,0.08133971291866028,0,0.09482074670739243,0.35439547300935564,0.16784824437964374,0.50504703485501,0.0,0.0,0.0,0.2,0.0,0.5282210365091334,0.05,0.08,0.0,0.5,0.25
345,0.9797872949402195,0.5027947131971818,0.8748274367113404,0.4981710657711416,0.23380311223024616,0.49864683471561644,0.6555023923444976,0.4086408531471739,0.4053529828337459,0.10047846889952153,0.3914285714285714,0.3848331838734502,0.3936197908960484,0.08285714285714285,0.004784688995215311,0.002857142857142857,0.40285714285714286,16.14857142857143,0.0,0.0,0.03664498857593606,0.08436634914903715,3.598086124401914,0.0,0.0,0.15,0.08133971291866028,0,0.0947752144024269,0.35262349564430884,0.16734842234919373,0.5057265789665037,0.0,0.0,0.0,0.2,0.0,0.5282210365091334,0.05,0.08,0.004784688995215311,0.5,0.25
346,0.9815731427450802,0.5029252525109338,0.8758938429719573,0.49825291765696195,0.23380311223024616,0.49867458905458306,0.6889952153110048,0.4086408531471739,0.4053529828337459,0.10047846889952153,0.4114285714285714,0.3848331838734502,0.3936197908960484,0.08285714285714285,0.0,0.0,0.40285714285714286,16.125714285714285,0.0,0.0,0.03664498857593606,0.08436634914903715,3.598086124401914,0.0,0.0,0.15,0.08133971291866028,0,0.09430133833041476,0.3508603781660873,0.16400145390220985,0.4956120473871736,0.0,0.0,0.0,0.2,0.0,0.5282210365091334,0.05,0.08,0.0,0.5,0.25
347,0.9797039650261169,0.5034278852868308,0.8747776768483477,0.49890990576078514,0.23380311223024616,0.4987603577588876,0.7272727272727273,0.4086408531471739,0.4053529828337459,0.10047846889952153,0.4342857142857143,0.3848331838734502,0.3936197908960484,0.08285714285714285,0.0,0.0,0.40285714285714286,16.111428571428572,0.0,0.0,0.03664498857593606,0.08436634914903715,3.598086124401914,0.0,0.0,0.15,0.08133971291866028,0,0.0938298316387627,0.34910607627525686,0.16072142482416565,0.48569980643943017,0.0,0.0,0.0,0.2,0.0,0.5282210365091334,0.05,0.08,0.0,0.5,0.25
348,0.9803578863150255,0.5033438508934571,0.8751681612751532,0.49935271412442755,0.23380311223024616,0.4990036440449701,0.6555023923444976,0.4086408531471739,0.4053529828337459,0.10047846889952153,0.3914285714285714,0.3848331838734502,0.3936197908960484,0.08285714285714285,0.0,0.0,0.40285714285714286,16.12,0.0,0.0,0.03664498857593606,0.08436634914903715,3.598086124401914,0.0,0.0,0.15,0.08133971291866028,0,0.09336068248056888,0.3473605458938806,0.1575069963276823,0.4759858103106416,0.0,0.0,0.0,0.2,0.0,0.5282210365091334,0.05,0.08,0.0,0.5,0.25
349,0.9792080244844631,0.503762031506372,0.8744815294963316,0.499439064492969,0.23380311223024616,0.49924665858130923,0.6507177033492823,0.40883224070698254,0.4054965235036023,0.10047846889952153,0.38857142857142857,0.3849474695877359,0.3937055051817627,0.08285714285714285,0.009569377990430622,0.005714285714285714,0.40285714285714286,16.117142857142856,0.0,0.0,0.03664498857593606,0.08436634914903715,3.598086124401914,0.0,0.0,0.15,0.08133971291866028,0,0.09375102192530889,0.3456237431644112,0.1600711421154144,0.5059073949181455,0.0,0.0,0.0,0.2,0.0,0.5282210365091334,0.05,0.08,0.009569377990430622,0.5,0.25
350,0.9772294552825794,0.5036248601125031,0.873300041030064,0.4993170355600916,0.23380311223024616,0.49964724708662284,0.7320574162679426,0.40892793448688675,0.40556829383853055,0.10047846889952153,0.43714285714285717,0.38500461244487877,0.3937483623246198,0.08285714285714285,0.004784688995215311,0.002857142857142857,0.40285714285714286,16.1,0.0,0.0,0.03664498857593606,0.08436634914903715,3.598086124401914,0.0,0.0,0.15,0.08133971291866028,0,0.09371083824425377,0.34389562444858907,0.15972686213024898,0.5214342372695087,0.0,0.0,0.0,0.2,0.0,0.5282210365091334,0.05,0.08,0.004784688995215311,0.5,0.25
351,0.9767972521771493,0.5045810731698415,0.8730419540328214,0.4992017711415685,0.23380311223024616,0.5000400000514938,0.6842105263157895,0.40892793448688675,0.40556829383853055,0.10047846889952153,0.4085714285714286,0.38500461244487877,0.3937483623246198,0.08285714285714285,0.0,0.0,0.40285714285714286,16.117142857142856,0.0,0.0,0.03664498857593606,0.08436634914903715,3.598086124401914,0.0,0.0,0.15,0.08133971291866028,0,0.09324228405303249,0.34217614632634613,0.156532324887644,0.5110055525241184,0.0,0.0,0.0,0.2,0.0,0.5282210365091334,0.05,0.08,0.0,0.5,0.25
352,0.9761057856996382,0.5046296217034386,0.8726290497648218,0.49936623170213157,0.23380311223024616,0.50049419830555,0.69377990430622,0.4092150158265997,0.40578360484331527,0.10047846889952153,0.4142857142857143,0.38517604101630726,0.39387693375319127,0.08285714285714285,0.014354066985645933,0.008571428571428572,0.40285714285714286,16.074285714285715,0.0,0.0,0.03664498857593606,0.08436634914903715,3.598086124401914,0.0,0.0,0.15,0.08133971291866028,0,0.09406178691848165,0.34046526559471435,0.16197310696131967,0.5475990044679585,0.0,0.0,0.0,0.2,0.0,0.5282210365091334,0.05,0.08,0.014354066985645933,0.5,0.25
353,0.9792023667068015,0.5035730657053737,0.8744781509948136,0.4989992883944493,0.23380311223024616,0.5008329266836894,0.6650717703349283,0.409310709606504,0.4058553751782435,0.10047846889952153,0.39714285714285713,0.3852331838734502,0.3939197908960484,0.08285714285714285,0.004784688995215311,0.002857142857142857,0.40285714285714286,16.08,0.0,0.0,0.03664498857593606,0.08436634914903715,3.598086124401914,0.0,0.0,0.15,0.08133971291866028,0,0.09402004941246064,0.3387629392667408,0.16159078767923613,0.536968827460925,0.0,0.0,0.0,0.2,0.0,0.5282210365091334,0.05,0.08,0.004784688995215311,0.5,0.25
354,0.9798071216204817,0.5032373898510552,0.87483927607184,0.49891647466784433,0.23380311223024616,0.5010717026153176,0.6794258373205742,0.40940640338640827,0.4059271455131717,0.10047846889952153,0.4057142857142857,0.38529032673059305,0.39396264803890557,0.08285714285714285,0.004784688995215311,0.002857142857142857,0.40285714285714286,16.105714285714285,0.0,0.0,0.03664498857593606,0.08436634914903715,3.598086124401914,0.0,0.0,0.15,0.08133971291866028,0,0.09397852059396976,0.3462787873104066,0.16121611478279424,0.5295743174277022,0.0,0.0,0.0,0.2,0.0,0.5282210365091334,0.05,0.08,0.004784688995215311,0.5,0.25
355,0.9791374158743738,0.50370378188573,0.8744393660691642,0.49929334908110395,0.23380311223024616,0.5012914511686183,0.7177033492822966,0.4095020971663126,0.40599891584809994,0.10047846889952153,0.42857142857142855,0.3853474695877359,0.39400550518176275,0.08285714285714285,0.004784688995215311,0.002857142857142857,0.40285714285714286,16.065714285714286,0.0,0.0,0.03664498857593606,0.08436634914903715,3.598086124401914,0.0,0.0,0.15,0.08133971291866028,0,0.09393719941957134,0.34454739337385465,0.16084893534428124,0.5318429448381364,0.0,0.0,0.0,0.2,0.0,0.5282210365091334,0.05,0.08,0.004784688995215311,0.5,0.25
356,0.9789975434226186,0.5033665363876442,0.8743558422336873,0.4985510881208622,0.23380311223024616,0.5015464392423028,0.6985645933014354,0.40969348472612116,0.40614245651795644,0.10047846889952153,0.41714285714285715,0.38546175530202165,0.394091219467477,0.08285714285714285,0.009569377990430622,0.005714285714285714,0.40285714285714286,16.097142857142856,0.0,0.0,0.03664498857593606,0.08436634914903715,3.598086124401914,0.0,0.0,0.15,0.08133971291866028,0,0.09432465627961635,0.34282465640698534,0.16334624235168133,0.5799681075841822,0.0,0.0,0.0,0.2,0.0,0.5282210365091334,0.05,0.08,0.009569377990430622,0.5,0.25
357,0.9794809532348218,0.5041084562865799,0.8746445069501172,0.4990197186847575,0.23380311223024616,0.5017450129668521,0.7177033492822966,0.4098848722859299,0.40628599718781283,0.10526315789473684,0.42857142857142855,0.3855760410163073,0.39417693375319124,0.08571428571428572,0.009569377990430622,0.005714285714285714,0.40285714285714286,16.12857142857143,0.004784688995215311,0.0,0.03664498857593606,0.08436634914903715,3.598086124401914,0.0,0.0,0.15,0.08133971291866028,0,0.09471017585536114,0.3421390839058031,0.16579360321893338,0.572668436344972,0.0,0.0,0.0,0.2,0.0,0.5282210365091334,0.05,0.08,0.009569377990430622,0.5,0.25
358,0.9797495350319811,0.5049080916402023,0.8748048886518496,0.4993391056071318,0.23380311223024616,0.5018440589085307,0.7177033492822966,0.41017195362564274,0.4065013081925976,0.10526315789473684,0.42857142857142855,0.3857474695877359,0.3943055051817627,0.08571428571428572,0.014354066985645933,0.008571428571428572,0.40285714285714286,16.142857142857142,0.0,0.0,0.03664498857593606,0.08436634914903715,3.598086124401914,0.0,0.0,0.15,0.08133971291866028,0,0.09552233926179861,0.34042838848627405,0.1710491597259833,0.6342509522620989,0.0,0.0,0.0,0.2,0.0,0.5282210365091334,0.05,0.08,0.014354066985645933,0.5,0.25
359,0.978053816398248,0.5039763954304678,0.8737923023819917,0.49844385792017565,0.23380311223024616,0.5020214344638836,0.722488038277512,0.41017195362564274,0.4065013081925976,0.10526315789473684,0.43142857142857144,0.3857474695877359,0.3943055051817627,0.08571428571428572,0.0,0.0,0.40285714285714286,16.097142857142856,0.004784688995215311,0.0,0.03664498857593606,0.08436634914903715,3.598086124401914,0.0,0.0,0.15,0.08133971291866028,0,0.09504472756548962,0.3387262465438427,0.16762817653146364,0.6215659332168569,0.0,0.0,0.0,0.2,0.0,0.5282210365091334,0.05,0.08,0.0,0.5,0.25
360,0.977518753514743,0.5036102237495584,0.8734727934029844,0.49858971018328735,0.23380311223024616,0.5022630436603988,0.7368421052631579,0.41017195362564274,0.4065013081925976,0.10526315789473684,0.44,0.3857474695877359,0.3943055051817627,0.08571428571428572,0.0,0.0,0.40285714285714286,16.111428571428572,0.004784688995215311,0.0,0.03664498857593606,0.08436634914903715,3.598086124401914,0.0,0.0,0.15,0.08133971291866028,0,0.09456950392766215,0.33703261531112344,0.16427561300083438,0.6091346145525197,0.0,0.0,0.0,0.2,0.0,0.5282210365091334,0.05,0.08,0.0,0.5,0.25
361,0.9782382651746739,0.5036819336386402,0.8739024446513431,0.49865557949301537,0.23380311223024616,0.5024537542864115,0.6985645933014354,0.41026764740554705,0.4065730785275258,0.10526315789473684,0.41714285714285715,0.3858046124448788,0.39434836232461984,0.08571428571428572,0.004784688995215311,0.002857142857142857,0.40285714285714286,16.14,0.004784688995215311,0.0,0.03664498857593606,0.08436634914903715,3.598086124401914,0.0,0.0,0.15,0.08133971291866028,0,0.09452522783659528,0.33601400286594707,0.16384724359796052,0.5969519222614693,0.0,0.0,0.0,0.2,0.0,0.5282210365091334,0.05,0.08,0.004784688995215311,0.5,0.25
362,0.9789794340778857,0.5039914074993234,0.8743450283678325,0.4986614514093145,0.23380311223024616,0.5026014508838,0.722488038277512,0.41026764740554705,0.4065730785275258,0.10526315789473684,0.43142857142857144,0.3858046124448788,0.39434836232461984,0.08571428571428572,0.0,0.0,0.40285714285714286,16.14857142857143,0.004784688995215311,0.0,0.03664498857593606,0.08436634914903715,3.598086124401914,0.0,0.0,0.15,0.08133971291866028,0,0.09405260169741228,0.3343339328516174,0.16057029872600131,0.58501288381624,0.0,0.0,0.0,0.2,0.0,0.5282210365091334,0.05,0.08,0.0,0.5,0.25
363,0.978389679273996,0.5045183200644244,0.873992860499224,0.4984889431259926,0.23380311223024616,0.5028687141558248,0.722488038277512,0.41045903496535574,0.4067166191973822,0.10526315789473684,0.43142857142857144,0.38591889815916447,0.39443407661033414,0.08571428571428572,0.009569377990430622,0.005714285714285714,0.40285714285714286,16.16857142857143,0.004784688995215311,0.0,0.03664498857593606,0.08436634914903715,3.598086124401914,0.0,0.0,0.15,0.08133971291866028,0,0.09443948154606809,0.33377379787643285,0.163073178465767,0.6237981416881774,0.0,0.0,0.0,0.2,0.0,0.5282210365091334,0.05,0.08,0.009569377990430622,0.5,0.25
364,0.9801028418101705,0.5041409194352374,0.8750158632708255,0.49847694300686124,0.23380311223024616,0.5031600829989598,0.7464114832535885,0.41045903496535574,0.4067166191973822,0.10526315789473684,0.44571428571428573,0.38591889815916447,0.39443407661033414,0.08571428571428572,0.0,0.0,0.40285714285714286,16.13142857142857,0.004784688995215311,0.0,0.03664498857593606,0.08436634914903715,3.598086124401914,0.0,0.0,0.15,0.08133971291866028,0,0.09396728413833777,0.33210492888705073,0.15981171489645166,0.6113221788544138,0.0,0.0,0.0,0.2,0.0,0.5282210365091334,0.05,0.08,0.0,0.5,0.25
365,0.980654673553148,0.5045980802963324,0.8753453856544892,0.4989388015837482,0.23380311223024616,0.5034452047968481,0.7368421052631579,0.4106504225251643,0.40686015986723867,0.10526315789473684,0.44,0.38603318387345015,0.39451979089604844,0.08571428571428572,0.009569377990430622,0.005714285714285714,0.40285714285714286,16.094285714285714,0.004784688995215311,0.0,0.03664498857593606,0.08436634914903715,3.598086124401914,0.0,0.0,0.15,0.08133971291866028,0,0.09435459057478893,0.33044440424261545,0.16232976631280832,0.62994031324333,0.0,0.0,0.0,0.2,0.0,0.5282210365091334,0.05,0.08,0.009569377990430622,0.5,0.25
366,0.9795663418583398,0.5031287734724504,0.8746954961567323,0.49804081195517597,0.23380311223024616,0.503667018411919,0.6985645933014354,0.4106504225251643,0.40686015986723867,0.10526315789473684,0.41714285714285715,0.38603318387345015,0.39451979089604844,0.08571428571428572,0.0,0.0,0.40285714285714286,16.13714285714286,0.004784688995215311,0.0,0.03664498857593606,0.08436634914903715,3.598086124401914,0.0,0.0,0.15,0.08133971291866028,0,0.09388281762191497,0.32879218222140233,0.15908317098655217,0.6173415069784635,0.0,0.0,0.0,0.2,0.0,0.5282210365091334,0.05,0.08,0.0,0.5,0.25
367,0.9797158966712607,0.5027824335019926,0.8747848017450193,0.49850858438875295,0.23380311223024616,0.5039246267993291,0.7416267942583732,0.4106504225251643,0.40686015986723867,0.10526315789473684,0.44285714285714284,0.38603318387345015,0.39451979089604844,0.08571428571428572,0.0,0.0,0.40285714285714286,16.16,0.004784688995215311,0.0,0.03664498857593606,0.08436634914903715,3.598086124401914,0.0,0.0,0.15,0.08133971291866028,0,0.0934134035338054,0.3271482213102953,0.1559015075668211,0.6049946768388942,0.0,0.0,0.0,0.2,0.0,0.5282210365091334,0.05,0.08,0.0,0.5,0.25
368,0.9787100018878493,0.5026885953293445,0.8741841388600681,0.4992355628377531,0.23380311223024616,0.5042193754410509,0.7033492822966507,0.4107461163050685,0.4069319302021669,0.10526315789473684,0.42,0.38609032673059296,0.3945626480389056,0.08571428571428572,0.004784688995215311,0.002857142857142857,0.40285714285714286,16.19142857142857,0.004784688995215311,0.0,0.03664498857593606,0.08436634914903715,3.598086124401914,0.0,0.0,0.15,0.08133971291866028,0,0.09337490794470779,0.32551248020374385,0.15564062027262754,0.5928947833021162,0.0,0.0,0.0,0.2,0.0,0.5282210365091334,0.05,0.08,0.004784688995215311,0.5,0.25
369,0.9793325098747909,0.5031023790975987,0.8745558650579847,0.49874654292228815,0.23380311223024616,0.5042450485838703,0.722488038277512,0.4107461163050685,0.4069319302021669,0.10526315789473684,0.43142857142857144,0.38609032673059296,0.3945626480389056,0.08571428571428572,0.0,0.0,0.40285714285714286,16.214285714285715,0.0,0.0,0.03664498857593606,0.08436634914903715,3.598086124401914,0.0,0.0,0.15,0.08133971291866028,0,0.09290803340498426,0.3238849178027251,0.15252780786717499,0.581036887636074,0.0,0.0,0.0,0.2,0.0,0.5282210365091334,0.05,0.08,0.0,0.5,0.25
370,0.980304665393315,0.5028871252897676,0.8751363807819031,0.49838798320720434,0.23380311223024616,0.5043595021806275,0.6698564593301436,0.4108418100849729,0.40700370053709517,0.10526315789473684,0.4,0.3861474695877359,0.3946055051817627,0.08571428571428572,0.004784688995215311,0.002857142857142857,0.40285714285714286,16.254285714285714,0.0,0.0,0.03664498857593606,0.08436634914903715,3.598086124401914,0.0,0.0,0.15,0.08133971291866028,0,0.09287206466653077,0.32226549321371145,0.15233439456697437,0.5694161498833524,0.0,0.0,0.0,0.2,0.0,0.5282210365091334,0.05,0.08,0.004784688995215311,0.5,0.25
371,0.9785332558454783,0.5025969190384306,0.8740785962233378,0.49827313477975377,0.23380311223024616,0.5044459802625055,0.6746411483253588,0.4110331976447815,0.4071472412069516,0.10526315789473684,0.40285714285714286,0.38626175530202156,0.3946912194674771,0.08571428571428572,0.009569377990430622,0.005714285714285714,0.40285714285714286,16.257142857142856,0.0,0.0,0.03664498857593606,0.08436634914903715,3.598086124401914,0.0,0.0,0.15,0.08133971291866028,0,0.09326484720034096,0.3206541657476429,0.15500199238992057,0.632430842862211,0.0,0.0,0.0,0.2,0.0,0.5282210365091334,0.05,0.08,0.009569377990430622,0.5,0.25
372,0.9802572027307466,0.5025997674851591,0.8751080387919694,0.4985918356195709,0.23380311223024616,0.5046335483219475,0.645933014354067,0.41112889142468584,0.40721901154187984,0.10526315789473684,0.38571428571428573,0.38631889815916454,0.39473407661033416,0.08571428571428572,0.004784688995215311,0.002857142857142857,0.40285714285714286,16.248571428571427,0.0,0.0,0.03664498857593606,0.08436634914903715,3.598086124401914,0.0,0.0,0.15,0.08133971291866028,0,0.0932270943929107,0.3287387853482509,0.154759095399265,0.6511880755500811,0.0,0.0,0.0,0.2,0.0,0.5282210365091334,0.05,0.08,0.004784688995215311,0.5,0.25
373,0.9804967732065277,0.5031733322988441,0.8752510965903645,0.49828753120650765,0.23380311223024616,0.5046175473104789,0.6555023923444976,0.4113202789844944,0.40736255221173623,0.10526315789473684,0.3914285714285714,0.3864331838734502,0.39481979089604846,0.08571428571428572,0.009569377990430622,0.005714285714285714,0.40285714285714286,16.248571428571427,0.0,0.0,0.03664498857593606,0.08436634914903715,3.598086124401914,0.0,0.0,0.15,0.08133971291866028,0,0.09361810177808902,0.32709509142150966,0.15737819920556542,0.6474199676815582,0.0,0.0,0.0,0.2,0.0,0.5282210365091334,0.05,0.08,0.009569377990430622,0.5,0.25
374,0.978468255205239,0.5031282884851187,0.8740397815553093,0.49736999993298486,0.23380311223024616,0.504662911690736,0.7320574162679426,0.4113202789844944,0.40736255221173623,0.10526315789473684,0.43714285714285717,0.3864331838734502,0.39481979089604846,0.08571428571428572,0.0,0.0,0.40285714285714286,16.248571428571427,0.0,0.0,0.03664498857593606,0.08436634914903715,3.598086124401914,0.0,0.0,0.15,0.08133971291866028,0,0.09315001126919854,0.3254596159644021,0.1542306352214541,0.634471568327927,0.0,0.0,0.0,0.2,0.0,0.5282210365091334,0.05,0.08,0.0,0.5,0.25
375,0.978539321103716,0.5045769519527858,0.8740822180489712,0.4975109185592872,0.23380311223024616,0.5047214589947205,0.645933014354067,0.4113202789844944,0.40736255221173623,0.10526315789473684,0.38571428571428573,0.3864331838734502,0.39481979089604846,0.08571428571428572,0.0,0.0,0.40285714285714286,16.3,0.0,0.0,0.03664498857593606,0.08436634914903715,3.598086124401914,0.0,0.0,0.15,0.08133971291866028,0,0.09268426121285257,0.3238323178845801,0.15114602251702502,0.6217821369613683,0.0,0.0,0.0,0.2,0.0,0.5282210365091334,0.05,0.08,0.0,0.5,0.25
376,0.979664797001607,0.5041959787885851,0.8747542879422833,0.49793646684632054,0.23380311223024616,0.5049318067757689,0.6172248803827751,0.4114159727643988,0.40743432254666456,0.10526315789473684,0.36857142857142855,0.3864903267305931,0.39486264803890564,0.08571428571428572,0.004784688995215311,0.002857142857142857,0.40285714285714286,16.30857142857143,0.0,0.0,0.03664498857593606,0.08436634914903715,3.598086124401914,0.0,0.0,0.15,0.08133971291866028,0,0.09264941133535973,0.3222131562951572,0.1509802449238274,0.616030886659711,0.0,0.0,0.0,0.2,0.0,0.5282210365091334,0.05,0.08,0.004784688995215311,0.5,0.25
377,0.9807142156957193,0.5031998993029106,0.8753809408196246,0.496804114005679,0.23380311223024616,0.5050640772853268,0.6220095693779905,0.4114159727643988,0.40743432254666456,0.10526315789473684,0.37142857142857144,0.3864903267305931,0.39486264803890564,0.08571428571428572,0.0,0.0,0.40285714285714286,16.294285714285714,0.0,0.0,0.03664498857593606,0.08436634914903715,3.598086124401914,0.0,0.0,0.15,0.08133971291866028,0,0.09218616427868294,0.3206020905136814,0.14796064002535084,0.6037102689265167,0.0,0.0,0.0,0.2,0.0,0.5282210365091334,0.05,0.08,0.0,0.5,0.25
378,0.9812540977569807,0.503700460909339,0.8757033275362064,0.4968937083911494,0.23380311223024616,0.5051035419699412,0.6602870813397129,0.41160736032420736,0.407577863216521,0.10526315789473684,0.3942857142857143,0.3866046124448787,0.3949483623246199,0.08571428571428572,0.009569377990430622,0.005714285714285714,0.40285714285714286,16.3,0.0,0.0,0.03664498857593606,0.08436634914903715,3.598086124401914,0.0,0.0,0.15,0.08133971291866028,0,0.09258237631443236,0.318999080061113,0.15071571293912953,0.5954151025117586,0.0,0.0,0.0,0.2,0.0,0.5282210365091334,0.05,0.08,0.009569377990430622,0.5,0.25
379,0.9822142016414156,0.5038015358476099,0.876308994611176,0.49707143907260853,0.23380311223024616,0.505242688487543,0.6442307692307693,0.41062415093134585,0.40680850585157746,0.10576923076923077,0.38285714285714284,0.38666175530202157,0.39499121946747706,0.08571428571428572,0.0,0.002857142857142857,0.4057142857142857,16.34857142857143,0.0,0.002857142857142857,0.03663707349110699,0.08436634914903716,3.5961538461538463,0.0,0.0,0.15,0.08173076923076923,0,0.09254803586143165,0.31740408466080744,0.15055854153748977,0.588255004382127,0.0,0.0,0.0,0.2,0.0,0.5282210365091334,0.05,0.08,0.004784688995215311,0.5,0.25
380,0.9811628593515367,0.5042398354712392,0.8756841969074765,0.49727739540508653,0.23380311223024616,0.5053956081869161,0.5625,0.41062415093134585,0.40680850585157746,0.10576923076923077,0.3342857142857143,0.38666175530202157,0.39499121946747706,0.08571428571428572,0.0,0.0,0.4057142857142857,16.345714285714287,0.004807692307692308,0.0,0.03664338517198754,0.08436634914903716,3.5961538461538463,0.0,0.0,0.15,0.08173076923076923,0,0.09208529568212447,0.3158170642375034,0.14754737070673996,0.5764899042944843,0.0,0.0,0.0,0.2,0.0,0.5282210365091334,0.05,0.08,0.0,0.5,0.25
381,0.9808638594926576,0.5035299021012078,0.8755065055627714,0.4975770449584536,0.23380311223024616,0.5056976827619544,0.6586538461538461,0.41062415093134585,0.40680850585157746,0.10576923076923077,0.3914285714285714,0.38666175530202157,0.39499121946747706,0.08571428571428572,0.0,0.0,0.4057142857142857,16.314285714285713,0.0,0.0,0.03664338517198754,0.08436634914903716,3.5961538461538463,0.0,0.0,0.15,0.08173076923076923,0,0.09162486920371386,0.3142379789163159,0.1445964232926052,0.5649601062085947,0.0,0.0,0.0,0.2,0.0,0.5282210365091334,0.05,0.08,0.0,0.5,0.25
382,0.9799059859602937,0.5050547828696508,0.8749372550063949,0.4987385079409942,0.23380311223024616,0.5060424933676215,0.6875,0.41062415093134585,0.40680850585157746,0.10576923076923077,0.4085714285714286,0.38666175530202157,0.39499121946747706,0.08571428571428572,0.0,0.0,0.4057142857142857,16.3,0.0,0.0,0.03664338517198754,0.08436634914903716,3.5961538461538463,0.0,0.0,0.15,0.08173076923076923,0,0.09116674485769527,0.31266678902173434,0.14170449482675307,0.5536609040844228,0.0,0.0,0.0,0.2,0.0,0.5282210365091334,0.05,0.08,0.0,0.5,0.25
383,0.9788370159213001,0.5053005935620875,0.8743019813832216,0.49943227956453506,0.23380311223024616,0.5064601193287503,0.6394230769230769,0.41062415093134585,0.40680850585157746,0.10576923076923077,0.38,0.38666175530202157,0.39499121946747706,0.08571428571428572,0.0,0.0,0.4057142857142857,16.3,0.0,0.0,0.03664338517198754,0.08436634914903716,3.5961538461538463,0.0,0.0,0.15,0.08173076923076923,0,0.0907109111334068,0.3111034550766257,0.138870404930218,0.5425876860027343,0.0,0.0,0.0,0.2,0.0,0.5282210365091334,0.05,0.08,0.0,0.5,0.25
384,0.9772804740640095,0.5059594831585345,0.8733769507937461,0.5000286958893553,0.23380311223024616,0.5069440380809401,0.6634615384615384,0.41062415093134585,0.40680850585157746,0.10576923076923077,0.3942857142857143,0.38666175530202157,0.39499121946747706,0.08571428571428572,0.0,0.0,0.4057142857142857,16.31142857142857,0.0,0.0,0.03664338517198754,0.08436634914903716,3.5961538461538463,0.0,0.0,0.15,0.08173076923076923,0,0.09025735657773977,0.30954793780124257,0.13609299683161363,0.5317359322826796,0.0,0.0,0.0,0.2,0.0,0.5282210365091334,0.05,0.08,0.0,0.5,0.25
385,0.9812006872304381,0.5059727719025398,0.8757066774755095,0.5000928082742172,0.23380311223024616,0.5075218912172244,0.6634615384615384,0.4107203047774997,0.40688062123619295,0.10576923076923077,0.3942857142857143,0.3867188981591645,0.39503407661033424,0.08571428571428572,0.004807692307692308,0.002857142857142857,0.4057142857142857,16.285714285714285,0.0,0.0,0.03664338517198754,0.08436634914903716,3.5961538461538463,0.0,0.0,0.15,0.08173076923076923,0,0.0902346412234225,0.3143336368851993,0.13622827975212426,0.521101213637026,0.0,0.0,0.0,0.2,0.0,0.5282210365091334,0.05,0.08,0.004807692307692308,0.5,0.25
386,0.9808698523820788,0.5064509445255019,0.8755100670513416,0.5001081942062262,0.23380311223024616,0.508014756279705,0.7067307692307693,0.4107203047774997,0.40688062123619295,0.10576923076923077,0.42,0.3867188981591645,0.39503407661033424,0.08571428571428572,0.0,0.0,0.4057142857142857,16.302857142857142,0.0,0.0,0.03664338517198754,0.08436634914903716,3.5961538461538463,0.0,0.0,0.15,0.08173076923076923,0,0.08978346801730538,0.3127619687007733,0.13350371415708176,0.5106791893642855,0.0,0.0,0.0,0.2,0.0,0.5282210365091334,0.05,0.08,0.0,0.5,0.25
387,0.9810974407090165,0.505976131336953,0.8756453195427788,0.49977725205699813,0.23380311223024616,0.5085970524780528,0.6586538461538461,0.4107203047774997,0.40688062123619295,0.10576923076923077,0.3914285714285714,0.3867188981591645,0.39503407661033424,0.08571428571428572,0.0,0.0,0.4057142857142857,16.297142857142855,0.0,0.0,0.03664338517198754,0.08436634914903716,3.5961538461538463,0.0,0.0,0.15,0.08173076923076923,0,0.08933455067721885,0.3111981588572694,0.13083363987394012,0.5004656055769997,0.0,0.0,0.0,0.2,0.0,0.5282210365091334,0.05,0.08,0.0,0.5,0.25
388,0.9806205205512197,0.5074837938161397,0.8753618927061453,0.5008858041711929,0.23380311223024616,0.5092214522346296,0.6826923076923077,0.4107203047774997,0.40688062123619295,0.10576923076923077,0.4057142857142857,0.3867188981591645,0.39503407661033424,0.08571428571428572,0.0,0.0,0.4057142857142857,16.231428571428573,0.0,0.0,0.03664338517198754,0.08436634914903716,3.5961538461538463,0.0,0.0,0.15,0.08173076923076923,0,0.08888787792383276,0.30964216806298306,0.12821696707646132,0.4904562934654597,0.0,0.0,0.0,0.2,0.0,0.5282210365091334,0.05,0.08,0.0,0.5,0.25
389,0.979831959764999,0.5070695007932577,0.8748932622960485,0.5000926855188196,0.23380311223024616,0.5096373490561481,0.6971153846153846,0.4107203047774997,0.40688062123619295,0.10576923076923077,0.4142857142857143,0.3867188981591645,0.39503407661033424,0.08571428571428572,0.0,0.0,0.4057142857142857,16.21142857142857,0.0,0.0,0.03664338517198754,0.08436634914903716,3.5961538461538463,0.0,0.0,0.15,0.08173076923076923,0,0.0884434385342136,0.3080939572226682,0.12565262773493208,0.4806471675961505,0.0,0.0,0.0,0.2,0.0,0.5282210365091334,0.05,0.08,0.0,0.5,0.25
390,0.9795569330087448,0.506267979309819,0.8747298178237601,0.4992047151021547,0.23380311223024616,0.5100969159921485,0.6490384615384616,0.4107203047774997,0.40688062123619295,0.10576923076923077,0.38571428571428573,0.3867188981591645,0.39503407661033424,0.08571428571428572,0.0,0.0,0.4057142857142857,16.185714285714287,0.0,0.0,0.03664338517198754,0.08436634914903716,3.5961538461538463,0.0,0.0,0.15,0.08173076923076923,0,0.08800122134154253,0.30655348743655486,0.12313957518023344,0.47103422424422753,0.0,0.0,0.0,0.2,0.0,0.5282210365091334,0.05,0.08,0.0,0.5,0.25
391,0.9791887070401253,0.5053336337058474,0.8745109863909805,0.49881027305449105,0.23380311223024616,0.5104437707588573,0.6586538461538461,0.41081645862365346,0.4069527366208083,0.10576923076923077,0.3914285714285714,0.3867760410163073,0.39507693375319136,0.08571428571428572,0.004807692307692308,0.002857142857142857,0.4057142857142857,16.177142857142858,0.0,0.0,0.03664338517198754,0.08436634914903716,3.5961538461538463,0.0,0.0,0.15,0.08173076923076923,0,0.08798978666340625,0.3050207199993721,0.12353392653377163,0.47667470597761696,0.0,0.0,0.0,0.2,0.0,0.5282210365091334,0.05,0.08,0.004807692307692308,0.5,0.25
392,0.9788134738236652,0.5063577343599404,0.874287990650913,0.4991826068474729,0.23380311223024616,0.510604114447301,0.6826923076923077,0.41091261246980737,0.4070248520054237,0.10576923076923077,0.4057142857142857,0.38683318387345017,0.39511979089604843,0.08571428571428572,0.004807692307692308,0.002857142857142857,0.4057142857142857,16.18857142857143,0.0,0.0,0.03664338517198754,0.08436634914903716,3.5961538461538463,0.0,0.0,0.15,0.08173076923076923,0,0.08797840915866065,0.3034956163993752,0.12392039086023904,0.47390655860098874,0.0,0.0,0.0,0.2,0.0,0.5282210365091334,0.05,0.08,0.004807692307692308,0.5,0.25
393,0.979500496982405,0.506290354696055,0.8746962786995354,0.4992025273125543,0.23380311223024616,0.5108430338272163,0.7451923076923077,0.4110087663159613,0.40709696739003903,0.10576923076923077,0.44285714285714284,0.38689032673059304,0.39516264803890555,0.08571428571428572,0.004807692307692308,0.002857142857142857,0.4057142857142857,16.16857142857143,0.0,0.0,0.03664338517198754,0.08436634914903716,3.5961538461538463,0.0,0.0,0.15,0.08173076923076923,0,0.08796708854143877,0.3019781383173783,0.12429912590017711,0.4711496632777892,0.0,0.0,0.0,0.2,0.0,0.5282210365091334,0.05,0.08,0.004807692307692308,0.5,0.25
394,0.9788856373596487,0.5063562191069334,0.8743308764094403,0.49926562898752186,0.23380311223024616,0.5109460581498214,0.6442307692307693,0.4110087663159613,0.40709696739003903,0.10576923076923077,0.38285714285714284,0.38689032673059304,0.39516264803890555,0.08571428571428572,0.0,0.0,0.4057142857142857,16.16857142857143,0.0,0.0,0.03664338517198754,0.08436634914903716,3.5961538461538463,0.0,0.0,0.15,0.08173076923076923,0,0.08752725309873156,0.30046824762579144,0.12181314338217358,0.46172667001223333,0.0,0.0,0.0,0.2,0.0,0.5282210365091334,0.05,0.08,0.0,0.5,0.25
395,0.9805681514560306,0.5070152159320463,0.8753307705010044,0.4995821409839167,0.23380311223024616,0.5110515996689504,0.6538461538461539,0.4110087663159613,0.40709696739003903,0.10576923076923077,0.38857142857142857,0.38689032673059304,0.39516264803890555,0.08571428571428572,0.0,0.0,0.4057142857142857,16.12,0.0,0.0,0.03664338517198754,0.08436634914903716,3.5961538461538463,0.0,0.0,0.15,0.08173076923076923,0,0.08708961683323792,0.2989659063876625,0.1193768805145301,0.45249213661198867,0.0,0.0,0.0,0.2,0.0,0.5282210365091334,0.05,0.08,0.0,0.5,0.25
396,0.9814617188824208,0.5073416410652651,0.8758618048572591,0.49992758799090115,0.23380311223024616,0.5113973419783849,0.7115384615384616,0.4111049201621151,0.40716908277465447,0.10576923076923077,0.4228571428571429,0.38694746958773585,0.3952055051817628,0.08571428571428572,0.004807692307692308,0.002857142857142857,0.4057142857142857,16.06,0.0,0.0,0.03664338517198754,0.08436634914903716,3.5961538461538463,0.0,0.0,0.15,0.08173076923076923,0,0.08708274017764317,0.3026759300635187,0.11984648576138238,0.44344229387974887,0.0,0.0,0.0,0.2,0.0,0.5282210365091334,0.05,0.08,0.004807692307692308,0.5,0.25
397,0.9808735988526261,0.5075298020700562,0.8755122935252668,0.500006484418295,0.23380311223024616,0.5117506064481593,0.6923076923076923,0.41120107400826894,0.4072411981592698,0.10576923076923077,0.4114285714285714,0.38700461244487877,0.3952483623246199,0.08571428571428572,0.004807692307692308,0.002857142857142857,0.4057142857142857,16.068571428571428,0.0,0.0,0.03664338517198754,0.08436634914903716,3.5961538461538463,0.0,0.0,0.15,0.08173076923076923,0,0.08707589790532637,0.3011625504132011,0.12030669890329758,0.4367863958719317,0.0,0.0,0.0,0.2,0.0,0.5282210365091334,0.05,0.08,0.004807692307692308,0.5,0.25
398,0.9822244126924052,0.5081723150215353,0.8763150628929071,0.500698186494503,0.23380311223024616,0.5119196194142897,0.6538461538461539,0.4112972278544228,0.4073133135438852,0.10576923076923077,0.38857142857142857,0.38706175530202164,0.39529121946747703,0.08571428571428572,0.004807692307692308,0.002857142857142857,0.4057142857142857,16.02285714285714,0.0,0.0,0.03664338517198754,0.08436634914903716,3.5961538461538463,0.0,0.0,0.15,0.08173076923076923,0,0.08706908984437116,0.29965673766113515,0.12075770778237448,0.42957829882607684,0.0,0.0,0.0,0.2,0.0,0.5282210365091334,0.05,0.08,0.004807692307692308,0.5,0.25
399,0.9833010741439949,0.5071882101651922,0.8769549074127089,0.49973882862450963,0.23380311223024616,0.5121638698099639,0.6971153846153846,0.41139338170057665,0.4073854289285006,0.10576923076923077,0.4142857142857143,0.38711889815916445,0.3953340766103341,0.08571428571428572,0.004807692307692308,0.002857142857142857,0.4057142857142857,16.00857142857143,0.004807692307692308,0.0,0.03664338517198754,0.08436634914903716,3.5961538461538463,0.0,0.0,0.15,0.08173076923076923,0,0.08706231582372073,0.3025255734042158,0.12119969648386984,0.4209867328495553,0.0,0.0,0.0,0.2,0.0,0.5282210365091334,0.05,0.08,0.004807692307692308,0.5,0.25
400,0.9828499821451847,0.5069175087991362,0.8766868298819874,0.49921040553004736,0.23380311223024616,0.5123585221589678,0.7163461538461539,0.41158568939288437,0.40752965969773136,0.10576923076923077,0.4257142857142857,0.38723318387345024,0.3954197908960485,0.08571428571428572,0.009615384615384616,0.005714285714285714,0.4057142857142857,15.971428571428572,0.0,0.0,0.03664338517198754,0.08436634914903716,3.5961538461538463,0.0,0.0,0.15,0.08173076923076923,0,0.08748414710174499,0.3010129455371947,0.12448998826847815,0.4259991723502138,0.0,0.0,0.0,0.2,0.0,0.5282210365091334,0.05,0.08,0.009615384615384616,0.5,0.25
401,0.9848157009028546,0.5068273547034592,0.8778550284579741,0.49853433836464195,0.23380311223024616,0.5125536131148395,0.7067307692307693,0.41158568939288437,0.40752965969773136,0.10576923076923077,0.42,0.38723318387345024,0.3954197908960485,0.08571428571428572,0.0,0.0,0.4057142857142857,15.957142857142857,0.0,0.0,0.03664338517198754,0.08436634914903716,3.5961538461538463,0.0,0.0,0.15,0.08173076923076923,0,0.08704672636623625,0.29950788080950874,0.12200018850310859,0.41747918890320945,0.0,0.0,0.0,0.2,0.0,0.5282210365091334,0.05,0.08,0.0,0.5,0.25
402,0.98367934730483,0.506261785329304,0.8771797097482907,0.4975836107692362,0.23380311223024616,0.5127922730897485,0.6634615384615384,0.4119703047774997,0.40781812123619293,0.10576923076923077,0.3942857142857143,0.3874617553020216,0.39559121946747705,0.08571428571428572,0.009615384615384616,0.005714285714285714,0.4057142857142857,15.994285714285715,0.0,0.0,0.03664338517198754,0.08436634914903716,3.5961538461538463,0.0,0.0,0.15,0.08173076923076923,0,0.08746863559154794,0.2980103414054612,0.12527447044733211,0.4091296051251453,0.0,1.0,0.0,0.2,0.0,0.5282210365091334,0.05,0.08,0.009615384615384616,0.5,0.25
403,0.9841202813043878,0.5059081152081332,0.8774417505251709,0.4971470897725333,0.23380311223024616,0.5128943341775816,0.7307692307692307,0.4126433817005767,0.4081309670002894,0.10576923076923077,0.4342857142857143,0.38786175530202166,0.3957771392358544,0.08571428571428572,0.02403846153846154,0.014285714285714285,0.4057142857142857,15.98857142857143,0.0,0.0,0.03664338517198754,0.08436634914903716,3.5961538461538463,0.0,0.0,0.15,0.08173076923076923,0,0.08917414955644734,0.2991505463631125,0.13705469532409975,0.4044982923259207,0.0,0.6,0.0,0.2,0.0,0.5282210365091334,0.05,0.08,0.02403846153846154,0.5,0.25
404,0.9821785320821639,0.5068333415762738,0.8762877967016779,0.4977157610538718,0.23380311223024616,0.5130026485337073,0.7451923076923077,0.4131226318717509,0.4081309670002894,0.10576923076923077,0.44285714285714284,0.38814656683231946,0.3957771392358544,0.08571428571428572,0.014423076923076924,0.008571428571428572,0.4057142857142857,15.982857142857142,0.0,0.0,0.03664338517198754,0.08436634914903716,3.5961538461538463,0.0,0.0,0.15,0.08173076923076923,0,0.0900139930943794,0.29765479363129693,0.14288502998904634,0.3964083264794023,0.0,1.0,0.0,0.2,0.0,0.5282210365091334,0.05,0.08,0.014423076923076924,0.5,0.25
405,0.9807675191045407,0.5071047630879915,0.8754492518464045,0.49751612932439576,0.23380311223024616,0.5131425706914454,0.7451923076923077,0.4131226318717509,0.4081309670002894,0.10576923076923077,0.44285714285714284,0.38814656683231946,0.3957771392358544,0.08571428571428572,0.009615384615384616,0.005714285714285714,0.4057142857142857,16.02857142857143,0.0,0.0,0.03664338517198754,0.08436634914903716,3.5961538461538463,0.0,0.0,0.15,0.08173076923076923,0,0.09009626394297829,0.29616651966314045,0.1457416151035511,0.3884801599498142,0.0,1.0,0.0,0.2,0.0,0.5282210365091334,0.05,0.08,0.009615384615384616,0.5,0.25
406,0.979759815759903,0.507199183486814,0.8748503881444484,0.4978592762231933,0.23380311223024616,0.5132383962252605,0.6778846153846154,0.4132187857179048,0.4082030823849048,0.10576923076923077,0.40285714285714286,0.3882037096894624,0.3958199963787115,0.08571428571428572,0.014423076923076924,0.008571428571428572,0.4057142857142857,16.097142857142856,0.0,0.0,0.03664338517198754,0.08436634914903716,3.5961538461538463,0.0,0.0,0.15,0.08173076923076923,0,0.09010292548040624,0.30387155619887724,0.15139821137290868,0.3944744777891894,0.0,0.6666666666666666,0.0,0.2,0.0,0.5282210365091334,0.05,0.08,0.014423076923076924,0.5,0.25
407,0.981536909906986,0.5057345403835662,0.8759064898090008,0.49697179904785804,0.23380311223024616,0.5133147631010501,0.7019230769230769,0.4132187857179048,0.4082030823849048,0.10576923076923077,0.41714285714285715,0.3882037096894624,0.3958199963787115,0.08571428571428572,0.009615384615384616,0.005714285714285714,0.4057142857142857,16.111428571428572,0.004807692307692308,0.0,0.03664338517198754,0.08436634914903716,3.5961538461538463,0.0,0.0,0.15,0.08173076923076923,0,0.08968098228157564,0.30235219841788286,0.15408453285973622,0.38658498823340565,0.0,1.0,0.0,0.2,0.0,0.5282210365091334,0.05,0.08,0.009615384615384616,0.5,0.25
408,0.9810354509736414,0.5041791068794469,0.8756084799286131,0.4962939156991413,0.23380311223024616,0.5133063738204743,0.7259615384615384,0.4132187857179048,0.4082030823849048,0.10576923076923077,0.43142857142857144,0.3882037096894624,0.3958199963787115,0.08571428571428572,0.014423076923076924,0.008571428571428572,0.4057142857142857,16.16857142857143,0.004807692307692308,0.0,0.03664338517198754,0.08436634914903716,3.5961538461538463,0.0,0.0,0.15,0.08173076923076923,0,0.0892611487987392,0.3008404374257934,0.15957427077397007,0.3788532884687375,0.0,1.0,0.0,0.2,0.0,0.5282210365091334,0.05,0.08,0.014423076923076924,0.5,0.25
409,0.9817234492417922,0.5045833693600354,0.8760173474708284,0.4964620824305089,0.23380311223024616,0.5130861299060189,0.7451923076923077,0.4132187857179048,0.4082030823849048,0.10576923076923077,0.44285714285714284,0.3882037096894624,0.3958199963787115,0.08571428571428572,0.009615384615384616,0.005714285714285714,0.4057142857142857,16.165714285714287,0.004807692307692308,0.0,0.03664338517198754,0.08436634914903716,3.5961538461538463,0.0,0.0,0.15,0.08173076923076923,0,0.08884341448331692,0.2993362352386644,0.16209707107277635,0.3712762226993627,0.0,1.0,0.0,0.2,0.0,0.5282210365091334,0.05,0.08,0.009615384615384616,0.5,0.25
410,0.9804532459043901,0.5054088197628255,0.8752624837731722,0.4968759982762278,0.23380311223024616,0.5127667319780319,0.6298076923076923,0.41331493956405857,0.40827519776952015,0.10576923076923077,0.3742857142857143,0.38826085254660514,0.3958628535215687,0.08571428571428572,0.019230769230769232,0.011428571428571429,0.4057142857142857,16.134285714285713,0.004807692307692308,0.0,0.03664338517198754,0.08436634914903716,3.5961538461538463,0.0,0.0,0.15,0.08173076923076923,0,0.08885634026804319,0.30600731525761593,0.17028370107989224,0.36775528611053404,0.0,0.75,0.0,0.2,0.0,0.5282210365091334,0.05,0.08,0.019230769230769232,0.5,0.25
411,0.9816471498285354,0.5055802491447493,0.8759720038195216,0.49672187027917136,0.23380311223024616,0.5124669815013716,0.6730769230769231,0.4134110934102125,0.4083473131541356,0.10576923076923077,0.4,0.38831799540374795,0.39590571066442587,0.08571428571428572,0.004807692307692308,0.002857142857142857,0.4057142857142857,16.16857142857143,0.009615384615384616,0.0,0.03664338517198754,0.08436634914903716,3.5961538461538463,0.0,0.0,0.15,0.08173076923076923,0,0.08884062999527442,0.30447727868132785,0.16973516991543725,0.392351500220803,0.0,0.0,0.0,0.2,0.0,0.5282210365091334,0.05,0.08,0.004807692307692308,0.5,0.25
412,0.9833997736620657,0.5064910364266193,0.8770135631263052,0.49745653871691325,0.23380311223024616,0.5121589515258448,0.6682692307692307,0.41350724725636623,0.4084194285387509,0.10576923076923077,0.39714285714285713,0.3883751382608909,0.395948567807283,0.08571428571428572,0.019230769230769232,0.011428571428571429,0.4057142857142857,16.18857142857143,0.004807692307692308,0.0,0.03664338517198754,0.08436634914903716,3.5961538461538463,0.0,0.0,0.15,0.08173076923076923,0,0.08888199827386946,0.3029548922879212,0.17776903794569995,0.38702644171937245,0.0,0.75,0.0,0.2,0.0,0.5282210365091334,0.05,0.08,0.019230769230769232,0.5,0.25
413,0.9834254855734561,0.5062290776384988,0.8770288433479316,0.49768770191468564,0.23380311223024616,0.5120571111624199,0.75,0.41369955494867394,0.40856365930798166,0.10576923076923077,0.44571428571428573,0.38848942397517655,0.39603428209299724,0.08571428571428572,0.02403846153846154,0.014285714285714285,0.4057142857142857,16.251428571428573,0.009615384615384616,0.0,0.03664338517198754,0.08436634914903716,3.5961538461538463,0.0,0.0,0.15,0.08173076923076923,0,0.08932330256821443,0.3014401178264816,0.1884993714725002,0.39265511013474247,0.0,0.6,0.0,0.2,0.0,0.5282210365091334,0.05,0.08,0.02403846153846154,0.5,0.25
414,0.9842541013152262,0.5069964572013507,0.8775212778458977,0.4975839778318337,0.23380311223024616,0.5118997980466333,0.6826923076923077,0.41379570879482774,0.40863577469259715,0.10576923076923077,0.4057142857142857,0.3885465668323194,0.39607713923585436,0.08571428571428572,0.014423076923076924,0.008571428571428572,0.4057142857142857,16.234285714285715,0.009615384615384616,0.0,0.03664338517198754,0.08436634914903716,3.5961538461538463,0.0,0.0,0.15,0.08173076923076923,0,0.0893338289125162,0.3008657152866151,0.19330081261447876,0.41948965459540316,0.0,0.6666666666666666,0.0,0.2,0.0,0.5282210365091334,0.05,0.08,0.014423076923076924,0.5,0.25
415,0.982152921905229,0.5062644336683608,0.8762725769393852,0.497303106882774,0.23380311223024616,0.5119689353807686,0.7115384615384616,0.41379570879482774,0.40863577469259715,0.10576923076923077,0.4228571428571429,0.3885465668323194,0.39607713923585436,0.08571428571428572,0.014423076923076924,0.008571428571428572,0.4057142857142857,16.294285714285714,0.019230769230769232,0.0,0.03664338517198754,0.08436634914903716,3.5961538461538463,0.0,0.0,0.15,0.08173076923076923,0,0.08891573119652504,0.29936138671018203,0.19800622493361775,0.4110998615034951,0.0,1.0,0.0,0.2,0.0,0.5282210365091334,0.05,0.08,0.014423076923076924,0.5,0.25
416,0.9815019337729248,0.5061062838447182,0.8758857039921872,0.4977527768166319,0.23380311223024616,0.5119734472709352,0.6875,0.41389186264098166,0.4087078900772125,0.10576923076923077,0.4085714285714286,0.38860370968946234,0.39611999637871154,0.08571428571428572,0.014423076923076924,0.008571428571428572,0.4057142857142857,16.237142857142857,0.02403846153846154,0.0,0.03664338517198754,0.08436634914903716,3.5961538461538463,0.0,0.0,0.15,0.08173076923076923,0,0.08892829539768528,0.29786457977663106,0.20261752900637398,0.4031058754466041,0.0,0.6666666666666666,0.0,0.2,0.0,0.5282210365091334,0.05,0.08,0.014423076923076924,0.5,0.25
417,0.9807939446958909,0.5064730601255253,0.8754649561978356,0.49817326831392594,0.23380311223024616,0.5119576319546528,0.6826923076923077,0.41398801648713557,0.4087800054618279,0.10576923076923077,0.4057142857142857,0.38866085254660515,0.39616285352156866,0.08571428571428572,0.019230769230769232,0.011428571428571429,0.4057142857142857,16.302857142857142,0.019230769230769232,0.0,0.03664338517198754,0.08436634914903716,3.5961538461538463,0.0,0.0,0.15,0.08173076923076923,0,0.0889407967778397,0.2963752568777479,0.20999374985481792,0.39870714562506165,0.0,0.75,0.0,0.2,0.0,0.5282210365091334,0.05,0.08,0.019230769230769232,0.5,0.25
418,0.9824614905353612,0.5065248903064457,0.8764559548681495,0.498215347995982,0.23380311223024616,0.5119575008538947,0.6778846153846154,0.4141803241794432,0.4089242362310586,0.10576923076923077,0.40285714285714286,0.3887751382608909,0.39624856780728296,0.08571428571428572,0.02403846153846154,0.014285714285714285,0.4057142857142857,16.411428571428573,0.019230769230769232,0.0,0.03664338517198754,0.08436634914903716,3.5961538461538463,0.0,0.0,0.15,0.08173076923076923,0,0.0893818070796648,0.2948933805933591,0.22007958914343587,0.4073188926830296,0.0,0.6,0.0,0.2,0.0,0.5282210365091334,0.05,0.08,0.02403846153846154,0.5,0.25
419,0.9830195015052142,0.5054690957402725,0.8767875728159478,0.49747812978493927,0.23380311223024616,0.511909400403359,0.6442307692307693,0.4141803241794432,0.4089242362310586,0.10576923076923077,0.38285714285714284,0.3887751382608909,0.39624856780728296,0.08571428571428572,0.014423076923076924,0.008571428571428572,0.4057142857142857,16.431428571428572,0.028846153846153848,0.0,0.03664338517198754,0.08436634914903716,3.5961538461538463,0.0,0.0,0.15,0.08173076923076923,0,0.08896346947283788,0.29341891369039236,0.2242494259319957,0.399172514829369,0.0,1.0,0.0,0.2,0.0,0.5282210365091334,0.05,0.08,0.014423076923076924,0.5,0.25
420,0.9825720787719049,0.5053138517139808,0.8765216758772953,0.49782177659823884,0.23380311223024616,0.5118161266926641,0.6634615384615384,0.4143726318717509,0.4090684670002894,0.10576923076923077,0.3942857142857143,0.38888942397517656,0.3963342820929972,0.08571428571428572,0.019230769230769232,0.011428571428571429,0.4057142857142857,16.51142857142857,0.028846153846153848,0.0,0.03664338517198754,0.08436634914903716,3.5961538461538463,0.0,0.0,0.15,0.08173076923076923,0,0.08940436641118797,0.29447146768903376,0.2311930088419272,0.43910701247231315,0.0,0.5,0.0,0.2,0.0,0.5282210365091334,0.05,0.08,0.019230769230769232,0.5,0.25
421,0.9809544181999013,0.5051708639046757,0.8755603233087904,0.49781733969047665,0.23380311223024616,0.5117863040964453,0.6346153846153846,0.4145649395640586,0.4092126977695202,0.10576923076923077,0.37714285714285717,0.3890037096894623,0.3964199963787115,0.08571428571428572,0.019230769230769232,0.011428571428571429,0.4057142857142857,16.48857142857143,0.03365384615384615,0.0,0.03664338517198754,0.08436634914903716,3.5961538461538463,0.0,0.0,0.15,0.08173076923076923,0,0.08984305886484634,0.2963646668128363,0.23799772009366008,0.46201765833595737,0.0,0.5,0.0,0.2,0.0,0.5282210365091334,0.05,0.08,0.019230769230769232,0.5,0.25
422,0.9782576528033494,0.50726848234507,0.8739576741588395,0.4989976119983973,0.23380311223024616,0.5115290705302802,0.7115384615384616,0.4145649395640586,0.4092126977695202,0.10576923076923077,0.4228571428571429,0.3890037096894623,0.3964199963787115,0.08571428571428572,0.014423076923076924,0.008571428571428572,0.4057142857142857,16.50857142857143,0.02403846153846154,0.0,0.03664338517198754,0.08436634914903716,3.5961538461538463,0.0,0.0,0.15,0.08173076923076923,0,0.08942241499909352,0.29488284347877214,0.2418091942632155,0.45277730516923825,0.0,1.0,0.0,0.2,0.0,0.5282210365091334,0.05,0.08,0.014423076923076924,0.5,0.25
423,0.9799445691803579,0.5071106789877841,0.8749601844628904,0.4985558941743268,0.23380311223024616,0.5114807754580616,0.6778846153846154,0.4145649395640586,0.4092126977695202,0.10576923076923077,0.40285714285714286,0.3890037096894623,0.3964199963787115,0.08571428571428572,0.014423076923076924,0.008571428571428572,0.4057142857142857,16.568571428571428,0.028846153846153848,0.0,0.03664338517198754,0.08436634914903716,3.5961538461538463,0.0,0.0,0.15,0.08173076923076923,0,0.08900387435266947,0.2934084292613782,0.24554443894937972,0.4437217590658535,0.0,1.0,0.0,0.2,0.0,0.5282210365091334,0.05,0.08,0.014423076923076924,0.5,0.25
424,0.9790564572034041,0.5075823324456863,0.8744323922023006,0.49925761675146824,0.23380311223024616,0.511418189330436,0.6682692307692307,0.4145649395640586,0.4092126977695202,0.10576923076923077,0.39714285714285713,0.3890037096894623,0.3964199963787115,0.08571428571428572,0.014423076923076924,0.008571428571428572,0.4057142857142857,16.617142857142856,0.028846153846153848,0.0,0.03664338517198754,0.08436634914903716,3.5961538461538463,0.0,0.0,0.15,0.08173076923076923,0,0.08858742640947756,0.29194138711507134,0.2492049787418207,0.4348473238845364,0.0,1.0,0.0,0.2,0.0,0.5282210365091334,0.05,0.08,0.014423076923076924,0.5,0.25
425,0.9789068782465964,0.5064103811696445,0.874343499565112,0.49878244413291156,0.23380311223024616,0.5113788034404213,0.6442307692307693,0.41475724725636626,0.40935692853875094,0.10576923076923077,0.38285714285714284,0.38911799540374803,0.3965057106644258,0.08571428571428572,0.02403846153846154,0.014285714285714285,0.4057142857142857,16.645714285714284,0.03365384615384615,0.0,0.03664338517198754,0.08436634914903716,3.5961538461538463,0.0,0.0,0.15,0.08173076923076923,0,0.08903020356314446,0.29048168017949594,0.25850659345269855,0.49299079594546025,0.0,0.6,0.0,0.2,0.0,0.5282210365091334,0.05,0.08,0.02403846153846154,0.5,0.25
426,0.9807631501614735,0.5059263973999396,0.8754466554459535,0.4979558086040447,0.23380311223024616,0.5113635790099766,0.6105769230769231,0.41475724725636626,0.40935692853875094,0.10576923076923077,0.3628571428571429,0.38911799540374803,0.3965057106644258,0.08571428571428572,0.014423076923076924,0.008571428571428572,0.4057142857142857,16.68857142857143,0.028846153846153848,0.0,0.03664338517198754,0.08436634914903716,3.5961538461538463,0.0,0.0,0.15,0.08173076923076923,0,0.08861362397390017,0.2890292717785985,0.2619078901550732,0.483130980026551,0.0,1.0,0.0,0.2,0.0,0.5282210365091334,0.05,0.08,0.014423076923076924,0.5,0.25
427,0.9813242708834994,0.5067295006017368,0.8757801214750429,0.49834620087617654,0.23380311223024616,0.5112834136845208,0.6201923076923077,0.41475724725636626,0.40935692853875094,0.10576923076923077,0.36857142857142855,0.38911799540374803,0.3965057106644258,0.08571428571428572,0.014423076923076924,0.008571428571428572,0.4057142857142857,16.702857142857145,0.03365384615384615,0.0,0.03664338517198754,0.08436634914903716,3.5961538461538463,0.0,0.0,0.15,0.08173076923076923,0,0.08819912728260208,0.2875841254197055,0.26524116092340033,0.47346836042602003,0.0,1.0,0.0,0.2,0.0,0.5282210365091334,0.05,0.08,0.014423076923076924,0.5,0.25
428,0.9809666745039448,0.5057860265714987,0.8755676070551934,0.4973777989535222,0.23380311223024616,0.5111928208397598,0.6346153846153846,0.41475724725636626,0.40935692853875094,0.10576923076923077,0.37714285714285717,0.38911799540374803,0.3965057106644258,0.08571428571428572,0.0,0.0,0.4057142857142857,16.611428571428572,0.028846153846153848,0.0,0.03664338517198754,0.08436634914903716,3.5961538461538463,0.0,0.0,0.15,0.08173076923076923,0,0.08775813164618909,0.28614620479260694,0.2599363377049323,0.4639989932174996,0.0,0.0,0.0,0.2,0.0,0.5282210365091334,0.05,0.08,0.0,0.5,0.25
429,0.9789496099619419,0.5059226216626281,0.8743688944130888,0.49675742308110543,0.23380311223024616,0.5110138586847552,0.6682692307692307,0.41475724725636626,0.40935692853875094,0.10576923076923077,0.39714285714285713,0.38911799540374803,0.3965057106644258,0.08571428571428572,0.014423076923076924,0.008571428571428572,0.4057142857142857,16.694285714285716,0.028846153846153848,0.0,0.03664338517198754,0.08436634914903716,3.5961538461538463,0.0,0.0,0.15,0.08173076923076923,0,0.08737634098795814,0.28471547376864387,0.2633090395222622,0.4547190133531496,0.0,1.0,0.0,0.2,0.0,0.5282210365091334,0.05,0.08,0.014423076923076924,0.5,0.25
430,0.9779520749757936,0.5075727900133681,0.8736448482953594,0.4985159803938359,0.23380311223024616,0.5108085195076901,0.6135265700483091,0.41582929899068627,0.40937319831755675,0.10628019323671498,0.3628571428571429,0.38923228111803376,0.39659142495014,0.08571428571428572,0.024154589371980676,0.014285714285714285,0.4085714285714286,16.662857142857142,0.028985507246376812,0.002857142857142857,0.03666158025289665,0.08436634914903718,3.5652173913043477,0.0,0.0,0.15,0.0821256038647343,0,0.08782517356873264,0.2832918963998007,0.2723285730175312,0.48162422176697284,0.0,0.6,0.0,0.2,0.0,0.5282210365091334,0.05,0.08,0.02403846153846154,0.5,0.25
431,0.9781866037731298,0.507442099856629,0.8737835553269268,0.4989879323225703,0.23380311223024616,0.5106830572974449,0.6183574879227053,0.41582929899068627,0.40937319831755675,0.10628019323671498,0.3657142857142857,0.38923228111803376,0.39659142495014,0.08571428571428572,0.014492753623188406,0.008571428571428572,0.4085714285714286,16.622857142857143,0.033816425120772944,0.0,0.03667468848975117,0.08436634914903718,3.5652173913043477,0.0,0.0,0.15,0.0821256038647343,0,0.0874146191294604,0.28187543691780165,0.2754534301286092,0.47199173733163335,0.0,1.0,0.0,0.2,0.0,0.5282210365091334,0.05,0.08,0.014492753623188406,0.5,0.25
432,0.9785156629744565,0.5074478316276552,0.8739781703402827,0.49938219328746347,0.23380311223024616,0.5104029188806956,0.6763285024154589,0.41582929899068627,0.40937319831755675,0.10628019323671498,0.4,0.38923228111803376,0.39659142495014,0.08571428571428572,0.014492753623188406,0.008571428571428572,0.4085714285714286,16.605714285714285,0.033816425120772944,0.0,0.03667468848975117,0.08436634914903718,3.5652173913043477,0.0,0.0,0.15,0.0821256038647343,0,0.08700611746238453,0.28046605973321265,0.2785157900974655,0.4625519025850007,0.0,1.0,0.0,0.2,0.0,0.5282210365091334,0.05,0.08,0.014492753623188406,0.5,0.25
433,0.9788009926866614,0.5075724561139578,0.8741469224843583,0.4994903544065488,0.23380311223024616,0.5101616055080377,0.6473429951690821,0.4159259173481741,0.4094456620856727,0.10628019323671498,0.38285714285714284,0.38928942397517663,0.3966342820929972,0.08571428571428572,0.01932367149758454,0.011428571428571429,0.4085714285714286,16.64857142857143,0.03864734299516908,0.0,0.03667468848975117,0.08436634914903718,3.5652173913043477,0.0,0.0,0.15,0.0821256038647343,0,0.08702822973221545,0.2790637294345466,0.2843740457240877,0.46350212423237985,0.0,0.75,0.0,0.2,0.0,0.5282210365091334,0.05,0.08,0.01932367149758454,0.5,0.25
434,0.9795943837454196,0.507539917241269,0.8746161566248237,0.49936625352335634,0.23380311223024616,0.5099151373805815,0.6714975845410628,0.4159259173481741,0.4094456620856727,0.10628019323671498,0.39714285714285713,0.38928942397517663,0.3966342820929972,0.08571428571428572,0.0,0.0,0.4085714285714286,16.674285714285713,0.033816425120772944,0.0,0.03667468848975117,0.08436634914903718,3.5652173913043477,0.0,0.0,0.15,0.0821256038647343,0,0.08659308858355437,0.27766841078737386,0.27868656480960585,0.4542320817477322,0.0,0.0,0.0,0.2,0.0,0.5282210365091334,0.05,0.08,0.0,0.5,0.25
435,0.9781110172334692,0.5082660083455722,0.8737388512877559,0.49985972424092895,0.23380311223024616,0.5097304385053565,0.6328502415458938,0.41602253570566206,0.4095181258537886,0.10628019323671498,0.3742857142857143,0.38934656683231944,0.3966771392358544,0.08571428571428572,0.01932367149758454,0.011428571428571429,0.4085714285714286,16.697142857142858,0.033816425120772944,0.0,0.03667468848975117,0.08436634914903718,3.5652173913043477,0.0,0.0,0.15,0.0821256038647343,0,0.08664569456920804,0.27628006873343697,0.2845414049419852,0.44763963057634604,0.0,0.75,0.0,0.2,0.0,0.5282210365091334,0.05,0.08,0.01932367149758454,0.5,0.25
436,0.9771521518025044,0.5096320385700256,0.8729390613175829,0.5008215232305887,0.23380311223024616,0.5096066255016414,0.6067961165048543,0.41730595748847515,0.4106962592731567,0.10679611650485436,0.35714285714285715,0.38934656683231944,0.3966771392358544,0.08571428571428572,0.014563106796116505,0.008571428571428572,0.4114285714285714,16.68285714285714,0.03398058252427184,0.002857142857142857,0.036666343402306394,0.08436634914903718,3.563106796116505,0.0,0.0,0.15,0.0825242718446602,0,0.08624103752493344,0.2748986683897698,0.2874220054145741,0.4386868379648191,0.0,1.0,0.0,0.2,0.0,0.5282210365091334,0.05,0.08,0.014492753623188406,0.5,0.25
437,0.9775494842067457,0.5099789869890918,0.873172919818365,0.500655760120545,0.23380311223024616,0.5095097987242415,0.6310679611650486,0.41730595748847515,0.4106962592731567,0.10679611650485436,0.37142857142857144,0.38934656683231944,0.3966771392358544,0.08571428571428572,0.0,0.0,0.4114285714285714,16.725714285714286,0.024271844660194174,0.0,0.036671801331485177,0.08436634914903718,3.563106796116505,0.0,0.0,0.15,0.07766990291262135,0,0.08580983233730877,0.27352417504782095,0.28167356530628257,0.42991310120552273,0.0,0.0,0.0,0.2,0.0,0.5282210365091334,0.05,0.08,0.0,0.5,0.25
438,0.9765025906525089,0.5091262523427602,0.872205677220688,0.5008894390859,0.23380311223024616,0.5093090446862176,0.6341463414634146,0.41731727947686525,0.4115457956466859,0.1073170731707317,0.37142857142857144,0.3894037096894623,0.39671999637871147,0.08571428571428572,0.004878048780487805,0.002857142857142857,0.4142857142857143,16.731428571428573,0.02926829268292683,0.002857142857142857,0.03667834509353514,0.08436634914903718,3.5414634146341464,0.0,0.0,0.15,0.07804878048780488,0,0.08580935460419364,0.27215655417258183,0.2788972368572998,0.42131483918141227,0.0,0.0,0.0,0.2,0.0,0.5282210365091334,0.05,0.08,0.0048543689320388345,0.5,0.25
439,0.9771230265220535,0.5093580212660762,0.8725690753728499,0.5008560352601504,0.23380311223024616,0.5092012330767228,0.624390243902439,0.41731727947686525,0.4115457956466859,0.1073170731707317,0.3657142857142857,0.3894037096894623,0.39671999637871147,0.08571428571428572,0.014634146341463415,0.008571428571428572,0.4142857142857143,16.748571428571427,0.024390243902439025,0.0,0.036699083828680375,0.08436634914903718,3.5414634146341464,0.0,0.0,0.15,0.07804878048780488,0,0.08546559425974411,0.27079577140171895,0.2818907206915824,0.412888542397784,0.0,1.0,0.0,0.2,0.0,0.5282210365091334,0.05,0.08,0.014634146341463415,0.5,0.25
440,0.9769958834819849,0.5083900366641121,0.8724137729792055,0.5004079065867592,0.23380311223024616,0.5090961550190881,0.6274509803921569,0.418762096932121,0.4119586996122031,0.10784313725490197,0.3657142857142857,0.3894037096894623,0.39671999637871147,0.08571428571428572,0.00980392156862745,0.008571428571428572,0.41714285714285715,16.765714285714285,0.0196078431372549,0.002857142857142857,0.03673087562299306,0.08436634914903718,3.5,0.0,0.0,0.15,0.0784313725490196,0,0.08506683771701681,0.26944179254471035,0.2848243348491793,0.40463077154982835,0.0,1.0,0.0,0.2,0.0,0.5282210365091334,0.05,0.08,0.014634146341463415,0.5,0.25
441,0.9753646736687188,0.5084865908479,0.8714630106880447,0.5004138120604001,0.23380311223024616,0.5088691814068144,0.6274509803921569,0.41886013614780726,0.4120322290239678,0.10784313725490197,0.3657142857142857,0.38946085254660523,0.3967628535215686,0.08571428571428572,0.0196078431372549,0.011428571428571429,0.41714285714285715,16.81714285714286,0.0196078431372549,0.0,0.03674477837200593,0.08436634914903718,3.5,0.0,0.0,0.15,0.0784313725490196,0,0.0850986463855746,0.2680945835819868,0.29055641958076706,0.40222508924304146,0.0,0.75,0.0,0.2,0.0,0.5282210365091334,0.05,0.08,0.0196078431372549,0.5,0.25
442,0.9763478792414086,0.5081343186158873,0.8720360790789837,0.5001046097187789,0.23380311223024616,0.5086747753042706,0.6323529411764706,0.41895817536349356,0.41210575843573255,0.10784313725490197,0.36857142857142855,0.38951799540374804,0.39680571066442577,0.08571428571428572,0.0196078431372549,0.011428571428571429,0.41714285714285715,16.80857142857143,0.0196078431372549,0.0,0.03674477837200593,0.08436634914903718,3.5,0.0,0.0,0.15,0.0784313725490196,0,0.08513029601078957,0.2667541106640769,0.29617386261772316,0.4036295618816694,0.0,0.75,0.0,0.2,0.0,0.5282210365091334,0.05,0.08,0.0196078431372549,0.5,0.25
443,0.9780240156663704,0.5079927475105366,0.8730130271666761,0.5006965336787366,0.23380311223024616,0.5086380622011477,0.6274509803921569,0.41895817536349356,0.41210575843573255,0.10784313725490197,0.3657142857142857,0.38951799540374804,0.39680571066442577,0.08571428571428572,0.00980392156862745,0.005714285714285714,0.41714285714285715,16.76,0.014705882352941176,0.0,0.03674477837200593,0.08436634914903718,3.5,0.0,0.0,0.15,0.0784313725490196,0,0.08473321595930705,0.2654203401107565,0.29596467107965446,0.39555697064403594,0.0,1.0,0.0,0.2,0.0,0.5282210365091334,0.05,0.08,0.00980392156862745,0.5,0.25
444,0.9786322197634514,0.5093118591013353,0.8733675232689747,0.5018614246539931,0.23380311223024616,0.5084675690069368,0.6421568627450981,0.4191542537948661,0.41225281725926194,0.10784313725490197,0.3742857142857143,0.3896322811180337,0.39689142495014007,0.08571428571428572,0.014705882352941176,0.011428571428571429,0.41714285714285715,16.748571428571427,0.014705882352941176,0.0,0.03674477837200593,0.08436634914903718,3.5,0.0,0.0,0.15,0.0784313725490196,0,0.0851952641652248,0.2640932384102027,0.30147394908663283,0.38764583123115526,0.0,0.5,0.0,0.2,0.0,0.5282210365091334,0.05,0.08,0.014705882352941176,0.5,0.25
445,0.9790769490550085,0.5094798834418262,0.8736267369131965,0.5023884052912887,0.23380311223024616,0.5084048272503932,0.6274509803921569,0.4191542537948661,0.41225281725926194,0.10784313725490197,0.3657142857142857,0.3896322811180337,0.39689142495014007,0.08571428571428572,0.014705882352941176,0.008571428571428572,0.41714285714285715,16.717142857142857,0.014705882352941176,0.0,0.03674477837200593,0.08436634914903718,3.5,0.0,0.0,0.15,0.0784313725490196,0,0.0847978592729701,0.26277277221815165,0.3040158986763287,0.37989291460653213,0.0,1.0,0.0,0.2,0.0,0.5282210365091334,0.05,0.08,0.014705882352941176,0.5,0.25
446,0.978731234396013,0.5090313746799583,0.8734252346548104,0.5016954043606612,0.23380311223024616,0.5084082006378661,0.7352941176470589,0.4191542537948661,0.41225281725926194,0.10784313725490197,0.42857142857142855,0.3896322811180337,0.39689142495014007,0.08571428571428572,0.014705882352941176,0.008571428571428572,0.41714285714285715,16.742857142857144,0.0196078431372549,0.0,0.03674477837200593,0.08436634914903718,3.5,0.0,0.0,0.15,0.0784313725490196,0,0.08440244140517668,0.2614589083570609,0.30650700927423075,0.37229505631440146,0.0,1.0,0.0,0.2,0.0,0.5282210365091334,0.05,0.08,0.014705882352941176,0.5,0.25
447,0.9783367549990276,0.5091156030375318,0.8732572045062846,0.5012879168802687,0.23380311223024616,0.5084201618840677,0.6206896551724138,0.418234593043961,0.4132127096631695,0.10837438423645321,0.36,0.3896322811180337,0.39689142495014007,0.08571428571428572,0.014778325123152709,0.008571428571428572,0.42,16.714285714285715,0.014778325123152709,0.002857142857142857,0.03673018808750088,0.08436634914903716,3.497536945812808,0.0,0.0,0.15,0.07881773399014778,0,0.08400900062672222,0.2601516138152756,0.3089482976601747,0.3648491551881134,0.0,1.0,0.0,0.2,0.0,0.5282210365091334,0.05,0.08,0.014705882352941176,0.5,0.25
448,0.9773465778877503,0.5083883834570592,0.8726829017817438,0.5010110311947696,0.23380311223024616,0.5083145839524833,0.6403940886699507,0.4183331152114487,0.41328660128878525,0.10837438423645321,0.37142857142857144,0.3896894239751766,0.39693428209299725,0.08571428571428572,0.019704433497536946,0.011428571428571429,0.42,16.737142857142857,0.014778325123152709,0.0,0.0367446640041591,0.08436634914903716,3.497536945812808,0.0,0.0,0.15,0.07881773399014778,0,0.08404609848073148,0.2588508557461992,0.3141979031355426,0.3653287040782134,0.0,0.75,0.0,0.2,0.0,0.5282210365091334,0.05,0.08,0.019704433497536946,0.5,0.25
449,0.9770181606571476,0.5073191373720224,0.8724924197879943,0.5004222800932918,0.23380311223024616,0.5080538545304388,0.6650246305418719,0.4184316373789363,0.4133604929144009,0.10837438423645321,0.38571428571428573,0.38974656683231945,0.39697713923585437,0.08571428571428572,0.019704433497536946,0.011428571428571429,0.42,16.748571428571427,0.014778325123152709,0.0,0.0367446640041591,0.08436634914903716,3.497536945812808,0.0,0.0,0.15,0.07881773399014778,0,0.08408301084547068,0.2575566014674682,0.3193425165014031,0.37435212961226116,0.0,0.75,0.0,0.2,0.0,0.5282210365091334,0.05,0.08,0.019704433497536946,0.5,0.25
