t,mean_x,mean_y,mean_x_all,mean_y_all,mean_L,y0,mean_epc,mean_r,mean_b,fund_prevalence,mean_epc_all,mean_r_all,mean_b_all,fund_prevalence_all,punish_rate,mean_punished,exit_rate,mean_exit_intent,exit_attempt_rate,exit_success_rate,p_opp_mean,stay_value,mean_degree_active,threat,A,budget,enforcer_frac,n_cadre_fallback,cap_mean,cap_p90,service_mean,service_p90,monopoly_on,enforcer_punish_share_step,alpha_punish_revalue,delta_outside_degrade,mu_membership_reward,current_delta,eta_delta_drift,punish_floor,punish_intensity_step,pi_reward,lam_punish
0,0.35172488102672506,0.5002687067939031,0.35172488102672506,0.5002687067939031,0.24520712264384206,0.5,0.0,0.3279765119341239,0.3256137327645123,0.0,0.0,0.3279765119341239,0.3256137327645123,0.0,0.0,0.0,0.0,0.0,0.0,0.0,0.5,0.0,11.794285714285714,0.0,0.0,0.0,0.0,0,0.0,0.0,0.0,0.0,0.0,0.0,0.0,0.0,0.0,0.0,0.0,0.08,0.0,0.5,0.25
1,0.36098222251348266,0.5006376752528552,0.36098222251348266,0.5006376752528552,0.24520712264384206,0.5,0.5942857142857143,0.3291193690769811,0.3264708756216551,0.0,0.5942857142857143,0.3291193690769811,0.3264708756216551,0.0,0.03428571428571429,0.03428571428571429,0.0,0.037142857142857144,0.0,0.0,0.035844984158862586,0.08436634914903715,11.794285714285714,0.0,0.0,0.15,0.08,28,0.005142857142857143,0.0,0.03428571428571429,0.0,0.0,0.9166666666666666,0.0,0.0,0.0,0.0,0.0,0.08,0.03428571428571429,0.5,0.25
2,0.37007737003229524,0.5013738510450776,0.37007737003229524,0.5013738510450776,0.24520712264384206,0.5,0.8114285714285714,0.3295193690769811,0.3267708756216552,0.0,0.8114285714285714,0.3295193690769811,0.3267708756216552,0.0,0.014285714285714285,0.014285714285714285,0.0,0.022857142857142857,0.0,0.0,0.035844984158862586,0.08436634914903715,11.794285714285714,0.0,0.0,0.15,0.08,24,0.00726,0.0,0.04788571428571429,0.0,0.0,0.4,0.0,0.0,0.0,0.0,0.0,0.08,0.014285714285714285,0.5,0.25
3,0.3803437057407657,0.5010713028137188,0.3803437057407657,0.5010713028137188,0.24520712264384206,0.5,0.8542857142857143,0.3300907976484097,0.32719944705022663,0.0,0.8542857142857143,0.3300907976484097,0.32719944705022663,0.0,0.014285714285714285,0.014285714285714285,0.0,0.025714285714285714,0.0,0.0,0.035844984158862586,0.08436634914903715,11.794285714285714,0.0,0.0,0.15,0.08,24,0.009366557142857142,0.0,0.06121371428571428,0.0,0.0,1.0,0.0,0.0,0.0,0.0,0.0,0.08,0.014285714285714285,0.5,0.25
4,0.39068525780829677,0.501814139323198,0.39068525780829677,0.501814139323198,0.24520712264384206,0.5,0.9028571428571428,0.331976511934124,0.3286137327645123,0.005714285714285714,0.9028571428571428,0.331976511934124,0.3286137327645123,0.005714285714285714,0.05142857142857143,0.05142857142857143,0.0,0.054285714285714284,0.0,0.0,0.035844984158862586,0.08436634914903715,11.794285714285714,0.0,0.0,0.15,0.08,23,0.017034010071428574,0.0,0.11141801142857141,0.0,0.0,1.0,0.0,0.0,0.0,0.0,0.0,0.08,0.05142857142857143,0.5,0.25
5,0.3994971128631688,0.5015260939412405,0.3994971128631688,0.5015260939412405,0.24520712264384206,0.4943254590778727,0.9257142857142857,0.334376511934124,0.3304137327645123,0.005714285714285714,0.9257142857142857,0.334376511934124,0.3304137327645123,0.005714285714285714,0.06285714285714286,0.06571428571428571,0.0,0.05142857142857143,0.0,0.0,0.035844984158862586,0.08436634914903715,11.794285714285714,0.0,0.0,0.15,0.08,15,0.02680598287821428,0.0,0.1749039369142857,0.0,0.0,0.9130434782608695,0.0,0.0,0.0,0.0,0.0,0.08,0.06285714285714286,0.5,0.25
6,0.40989891648562826,0.5019840866461442,0.40989891648562826,0.5019840866461442,0.24520712264384206,0.4892270625966361,0.92,0.3352336547912668,0.3310565899073694,0.005714285714285714,0.92,0.3352336547912668,0.3310565899073694,0.005714285714285714,0.02857142857142857,0.02857142857142857,0.0,0.04285714285714286,0.0,0.0,0.035844984158862586,0.08436634914903715,11.794285714285714,0.0,0.0,0.15,0.08,12,0.0309576672495375,0.0,0.1999772867474286,0.0,0.0,0.7,0.0,0.0,0.0,0.0,0.0,0.08,0.02857142857142857,0.5,0.25
7,0.41896330444256885,0.5010587168950827,0.41896330444256885,0.5010587168950827,0.24520712264384206,0.4838445517520063,0.9085714285714286,0.3374789719923989,0.3328994470502266,0.008571428571428572,0.9085714285714286,0.3374789719923989,0.3328994470502266,0.008571428571428572,0.07142857142857142,0.07714285714285714,0.0,0.04857142857142857,0.0,0.0,0.035844984158862586,0.08436634914903715,11.794285714285714,0.0,0.0,0.15,0.08,11,0.04237430748471838,0.0,0.2731205981553371,0.0,0.0,0.8148148148148148,0.0,0.0,0.0,0.0,0.0,0.08,0.07142857142857142,0.5,0.25
8,0.4268284955166538,0.5013772963634002,0.4268284955166538,0.5013772963634002,0.24520712264384206,0.48351354552052095,0.9171428571428571,0.33878371993572787,0.33405658990736947,0.014285714285714285,0.9171428571428571,0.33878371993572787,0.33405658990736947,0.014285714285714285,0.04285714285714286,0.04285714285714286,0.0,0.04857142857142857,0.0,0.0,0.035844984158862586,0.08436634914903715,11.794285714285714,0.0,0.0,0.15,0.08,9,0.04859100737586622,0.0,0.31051532904937323,0.0,0.0,1.0,0.0,0.0,0.0,0.0,0.0,0.08,0.04285714285714286,0.5,0.25
9,0.4377336286269003,0.5005975694873378,0.4377336286269003,0.5005975694873378,0.24520712264384206,0.4833539340154165,0.9428571428571428,0.33998371993572785,0.33538516133594093,0.022857142857142857,0.9428571428571428,0.33998371993572785,0.33538516133594093,0.022857142857142857,0.05142857142857143,0.054285714285714284,0.0,0.08285714285714285,0.0,0.0,0.035844984158862586,0.08436634914903715,11.794285714285714,0.0,0.0,0.15,0.08,7,0.05649090948184402,0.0,0.3585907367541,0.0,0.0,0.9473684210526315,0.0,0.0,0.0,0.0,0.0,0.08,0.05142857142857143,0.5,0.25
10,0.4448602883545371,0.5004362120890253,0.4448602883545371,0.5004362120890253,0.24520712264384206,0.481039025457868,0.92,0.3415282860772906,0.33701373276451235,0.02857142857142857,0.92,0.3415282860772906,0.33701373276451235,0.02857142857142857,0.06285714285714286,0.06285714285714286,0.0,0.10571428571428572,0.0,0.0,0.035844984158862586,0.08436634914903715,11.794285714285714,0.0,0.0,0.15,0.08,7,0.0654300639488125,0.14432229217951215,0.41427606487616087,0.856078800003608,0.0,0.9090909090909091,0.0,0.0,0.0,0.0,0.0,0.08,0.06285714285714286,0.5,0.25
11,0.4541216042194799,0.5014921338064077,0.4541216042194799,0.5014921338064077,0.24520712264384206,0.4794747914640026,0.9228571428571428,0.3434711432201477,0.338728018478798,0.03142857142857143,0.9228571428571428,0.3434711432201477,0.338728018478798,0.03142857142857143,0.06285714285714286,0.06285714285714286,0.0,0.10857142857142857,0.0,0.0,0.035844984158862586,0.08436634914903715,11.794285714285714,0.0,0.0,0.15,0.08,7,0.07350486289060035,0.14360068071861457,0.46884768643578045,0.8389572240035359,0.0,1.0,0.0,0.0,0.0,0.0,0.0,0.08,0.06285714285714286,0.5,0.25
12,0.46376451686748577,0.5003185078513709,0.46376451686748577,0.5003185078513709,0.24520712264384206,0.4785503508262658,0.8857142857142857,0.3451963144120086,0.3402708756216552,0.03428571428571429,0.8857142857142857,0.3451963144120086,0.3402708756216552,0.03428571428571429,0.05714285714285714,0.06,0.0,0.15714285714285714,0.0,0.0,0.035844984158862586,0.08436634914903715,11.794285714285714,0.0,0.0,0.15,0.08,6,0.0819405738408253,0.14482809702142263,0.5194707327070649,0.8681255332467198,0.0,0.9523809523809523,0.0,0.0,0.0,0.0,0.0,0.08,0.05714285714285714,0.5,0.25
13,0.47449328311824274,0.49955992809915756,0.47449328311824274,0.49955992809915756,0.24520712264384206,0.47803529736954264,0.9371428571428572,0.34632277444236653,0.34185658990736945,0.03428571428571429,0.9371428571428572,0.34632277444236653,0.34185658990736945,0.03428571428571429,0.06,0.06,0.0,0.18,0.0,0.0,0.035844984158862586,0.08436634914903715,11.794285714285714,0.0,0.0,0.15,0.08,5,0.08737496004824542,0.14410395653631553,0.5690813180529236,0.8507630225817854,0.0,1.0,0.0,0.0,0.0,0.0,0.0,0.08,0.06,0.5,0.25
14,0.485295842191894,0.49879410851888273,0.485295842191894,0.49879410851888273,0.24520712264384206,0.47734350995497404,0.8971428571428571,0.34837426470697475,0.34398244160739844,0.037142857142857144,0.8971428571428571,0.34837426470697475,0.34398244160739844,0.037142857142857144,0.08571428571428572,0.08857142857142856,0.0,0.2571428571428571,0.0,0.0,0.035844984158862586,0.08436634914903715,11.794285714285714,0.0,0.0,0.15,0.08,5,0.09664033861057991,0.14345548873190211,0.6462711202632937,0.8354492881753136,0.0,0.967741935483871,0.0,0.0,0.0,0.0,0.0,0.08,0.08571428571428572,0.5,0.25
15,0.4942145341779119,0.49835630188393665,0.4942145341779119,0.49835630188393665,0.24520712264384206,0.4773346610079686,0.8914285714285715,0.3492141887142696,0.3455681558931127,0.037142857142857144,0.8914285714285715,0.3492141887142696,0.3455681558931127,0.037142857142857144,0.07142857142857142,0.07428571428571429,0.0,0.3,0.0,0.0,0.035844984158862586,0.08436634914903715,11.794285714285714,0.0,0.0,0.15,0.08,4,0.10129783979034335,0.14345548873190211,0.707631412143742,0.8354492881753136,0.0,1.0,0.0,0.0,0.0,0.0,0.0,0.08,0.07142857142857142,0.5,0.25
16,0.5025974888797407,0.4975730039683663,0.5025974888797407,0.4975730039683663,0.24520712264384206,0.4773876418034756,0.9028571428571428,0.35085262623579916,0.3476623859304359,0.037142857142857144,0.9028571428571428,0.35085262623579916,0.3476623859304359,0.037142857142857144,0.09142857142857143,0.1,0.0,0.3314285714285714,0.0,0.0,0.035844984158862586,0.08436634914903715,11.794285714285714,0.0,0.0,0.15,0.08,3,0.10893560372750358,0.14338343675363394,0.7934787839008673,0.8337477621301497,0.0,0.9142857142857143,0.0,0.0,0.0,0.0,0.0,0.08,0.09142857142857143,0.5,0.25
17,0.5116626293893187,0.49727973585290347,0.5116626293893187,0.49727973585290347,0.24520712264384206,0.47722732909250726,0.9,0.3512252833072292,0.3488059094731856,0.037142857142857144,0.9,0.3512252833072292,0.3488059094731856,0.037142857142857144,0.06,0.06285714285714286,0.0,0.39714285714285713,0.0,0.0,0.035844984158862586,0.08436634914903715,11.794285714285714,0.0,0.0,0.15,0.08,3,0.11023471276934689,0.14281026326651078,0.8404663510799927,0.8204418284569713,0.0,0.9545454545454546,0.0,0.0,0.0,0.0,0.0,0.08,0.06,0.5,0.25
18,0.5199132327935561,0.4980406899577843,0.5199132327935561,0.4980406899577843,0.24520712264384206,0.477106431605543,0.8971428571428571,0.35259671187865776,0.3509021010875485,0.037142857142857144,0.8971428571428571,0.35259671187865776,0.3509021010875485,0.037142857142857144,0.09714285714285714,0.10571428571428572,0.0,0.4828571428571429,0.0,0.0,0.035844984158862586,0.08436634914903715,11.794285714285714,0.0,0.0,0.15,0.08,3,0.11636269337305413,0.14410395653631553,0.9293713097726787,0.8507630225817854,0.0,0.9459459459459459,0.0,0.0,0.0,0.0,0.0,0.08,0.09714285714285714,0.5,0.25
19,0.5282834283186422,0.4973251511882376,0.5282834283186422,0.4973251511882376,0.24520712264384206,0.4772501344123545,0.8942857142857142,0.35422266823169307,0.35302423970967406,0.04285714285714286,0.8942857142857142,0.35422266823169307,0.35302423970967406,0.04285714285714286,0.12285714285714286,0.13428571428571429,0.0,0.5457142857142857,0.0,0.0,0.035844984158862586,0.08436634914903715,11.794285714285714,0.0,0.0,0.15,0.08,2,0.12262529533894735,0.14352790278041283,1.0450695978629394,0.8371855392418075,0.0,0.9787234042553191,0.0,0.0,0.0,0.0,0.0,0.08,0.12285714285714286,0.5,0.25
20,0.5380968781173123,0.49721119710742284,0.5380968781173123,0.49721119710742284,0.24520712264384206,0.47773487256509367,0.9085714285714286,0.3551940968031217,0.3543528111382455,0.04285714285714286,0.9085714285714286,0.3551940968031217,0.3543528111382455,0.04285714285714286,0.08285714285714285,0.08857142857142856,0.0,0.6742857142857143,0.0,0.0,0.035844984158862586,0.08436634914903715,11.794285714285714,0.0,0.0,0.15,0.08,2,0.12736229002964272,0.14570253127247088,1.1127396344771092,0.8894949587776007,0.0,0.9354838709677419,0.0,0.0,0.0,0.0,0.0,0.08,0.08285714285714285,0.5,0.25
21,0.5451013473863149,0.4967930844539979,0.5451013473863149,0.4967930844539979,0.24520712264384206,0.47817471931864935,0.8514285714285714,0.35582266823169306,0.3554670968525312,0.04857142857142857,0.8514285714285714,0.35582266823169306,0.3554670968525312,0.04857142857142857,0.07714285714285714,0.08285714285714285,0.0,0.7714285714285715,0.0,0.0,0.035844984158862586,0.08436634914903715,11.794285714285714,0.0,0.0,0.15,0.08,2,0.12919342158826258,0.14628731296828124,1.1733419846447097,0.9039207967999998,0.0,1.0,0.0,0.0,0.0,0.0,0.0,0.08,0.07714285714285714,0.5,0.25
22,0.5558452911475659,0.4969740593693082,0.5558452911475659,0.4969740593693082,0.24520712264384206,0.47900973213760645,0.86,0.3568512396602645,0.3570956682811027,0.04857142857142857,0.86,0.3568512396602645,0.3570956682811027,0.04857142857142857,0.08857142857142856,0.09714285714285714,0.0,0.9314285714285714,0.002857142857142857,0.0,0.035844984158862586,0.08436634914903715,11.794285714285714,0.0,0.0,0.15,0.08,1,0.13233701087826494,0.14555587640343984,1.2470180020946726,0.8858423808639998,0.0,0.9705882352941176,0.0,0.0,0.0,0.0,0.0,0.08,0.08857142857142856,0.5,0.25
23,0.5648010310043948,0.49578663383669613,0.5648010310043948,0.49578663383669613,0.24520712264384206,0.47982815481432445,0.8628571428571429,0.3579369539459788,0.3580385254239598,0.05142857142857143,0.8628571428571429,0.3579369539459788,0.3580385254239598,0.05142857142857143,0.08857142857142856,0.09142857142857143,0.0,1.0085714285714287,0.002857142857142857,0.0,0.035844984158862586,0.08436634914903715,11.794285714285714,0.0,0.0,0.15,0.08,1,0.1346744693953022,0.14490087495962437,1.3135062134813504,0.8698972180084482,0.0,1.0,0.0,0.0,0.0,0.0,0.0,0.08,0.08857142857142856,0.5,0.25
24,0.5754114326766212,0.495833893960036,0.5754114326766212,0.495833893960036,0.24520712264384206,0.48059195549163103,0.8114285714285714,0.3592060059187106,0.3604158192236475,0.054285714285714284,0.8114285714285714,0.3592060059187106,0.3604158192236475,0.054285714285714284,0.11714285714285715,0.13428571428571429,0.0,1.1371428571428572,0.008571428571428572,0.0,0.035844984158862586,0.08436634914903715,11.794285714285714,0.0,0.0,0.15,0.08,0,0.13805695561975423,0.14490087495962437,1.421521803497438,0.8698972180084482,0.0,0.9787234042553191,0.0,0.0,0.0,0.0,0.0,0.08,0.11714285714285715,0.5,0.25
25,0.5832496879607301,0.49552295484086933,0.5832496879607301,0.49552295484086933,0.24520712264384206,0.4808474715164031,0.8228571428571428,0.35978384736365226,0.3614661754810399,0.05714285714285714,0.8228571428571428,0.35978384736365226,0.3614661754810399,0.05714285714285714,0.08571428571428572,0.08857142857142856,0.0,1.3114285714285714,0.02,0.0,0.035844984158862586,0.08436634914903715,11.794285714285714,0.0,0.0,0.15,0.08,0,0.14022381369879833,0.14417637058482624,1.4816627959989175,0.8524992736482793,0.0,1.0,0.0,0.0,0.0,0.0,0.0,0.08,0.08571428571428572,0.5,0.25
26,0.5909858029334849,0.49497004616732687,0.5909858029334849,0.49497004616732687,0.24520712264384206,0.48127938544617965,0.8371428571428572,0.3612695616493665,0.3631017338230141,0.06285714285714286,0.8371428571428572,0.3612695616493665,0.3631017338230141,0.06285714285714286,0.12571428571428572,0.14285714285714285,0.0,1.5114285714285713,0.02,0.0,0.035844984158862586,0.08436634914903715,11.794285714285714,0.0,0.0,0.15,0.08,0,0.14381597974428653,0.14410395653631553,1.5948866829360822,0.8507630225817854,0.0,0.98,0.0,0.0,0.0,0.0,0.0,0.08,0.12571428571428572,0.5,0.25
27,0.6000421109331063,0.49506877626434126,0.6000421109331063,0.49506877626434126,0.24520712264384206,0.4819225908658637,0.8257142857142857,0.36275527593508083,0.3645160195372998,0.06285714285714286,0.8257142857142857,0.36275527593508083,0.3645160195372998,0.06285714285714286,0.11714285714285715,0.13142857142857142,0.0,1.6885714285714286,0.025714285714285714,0.0,0.035844984158862586,0.08436634914903715,11.794285714285714,0.0,0.0,0.15,0.08,0,0.14648169511741174,0.14345548873190211,1.694417520705932,0.8354492881753136,0.0,0.9782608695652174,0.0,0.0,0.0,0.0,0.0,0.08,0.11714285714285715,0.5,0.25
28,0.6090311024165167,0.4956505570465667,0.6090311024165167,0.4956505570465667,0.24520712264384206,0.4826404196450628,0.7571428571428571,0.36392562701309683,0.36543162321518274,0.06285714285714286,0.7571428571428571,0.36392562701309683,0.36543162321518274,0.06285714285714286,0.12571428571428572,0.14285714285714285,0.0,1.98,0.02857142857142857,0.0,0.035844984158862586,0.08436634914903715,11.794285714285714,0.0,0.0,0.15,0.08,0,0.1480628580703961,0.14345548873190211,1.803386313148956,0.8354492881753136,0.0,0.98,0.0,0.0,0.0,0.0,0.0,0.08,0.12571428571428572,0.5,0.25
29,0.6189926254345722,0.4953846299463143,0.6179839313511895,0.49564867443519656,0.24520712264384206,0.48330238911369094,0.6905444126074498,0.3651525679615537,0.36655749712453034,0.06303724928366762,0.6885714285714286,0.3648037553359854,0.3668710123964443,0.06285714285714286,0.14040114613180515,0.16,0.002857142857142857,2.16,0.03724928366762178,0.002857142857142857,0.03585417879322235,0.08436634914903715,11.770773638968482,0.0,0.0,0.15,0.08022922636103152,0,0.1499610538120597,0.1427382112882426,1.9273185868859768,0.8187403024118074,0.0,1.0,0.0,0.0,0.0,0.0,0.0,0.08,0.14,0.5,0.25
30,0.6292836099248352,0.4943629266128149,0.6282455130286231,0.49465246004646424,0.24520712264384206,0.48402160818798706,0.6905444126074498,0.3652275878222113,0.36753253694053717,0.06303724928366762,0.6885714285714286,0.364878560854184,0.36784326638440545,0.06285714285714286,0.13753581661891118,0.14857142857142858,0.002857142857142857,2.3,0.04297994269340974,0.0,0.03587582306084562,0.08436634914903715,11.770773638968482,0.0,0.0,0.15,0.08022922636103152,0,0.15026739425371366,0.14266651956986576,2.037343643719686,0.8170728068875467,0.0,0.9807692307692307,0.0,0.0,0.0,0.0,0.0,0.08,0.13753581661891118,0.5,0.25
31,0.6374106376520242,0.4942433011511137,0.6363493206765914,0.49454835183512896,0.24520712264384206,0.4847519556185111,0.7020057306590258,0.3661444932663374,0.36822021602363175,0.0659025787965616,0.7,0.3657928465684698,0.36852898067011974,0.06571428571428571,0.1318051575931232,0.1457142857142857,0.002857142857142857,2.5685714285714285,0.045845272206303724,0.0,0.03587582306084562,0.08436634914903715,11.770773638968482,0.0,0.0,0.15,0.08022922636103152,0,0.15311463227887367,0.14209621195017821,2.142311056559578,0.8040329918878318,0.0,0.9803921568627451,0.0,0.0,0.0,0.0,0.0,0.08,0.1318051575931232,0.5,0.25
32,0.6470053984388032,0.4950432546547781,0.6450769802607977,0.49513296831666714,0.24520712264384206,0.4853146033185677,0.7040229885057471,0.3669192295573938,0.36827946665945577,0.06609195402298851,0.7,0.3658944568231128,0.3690432663844055,0.06571428571428571,0.1206896551724138,0.13142857142857142,0.005714285714285714,2.8085714285714287,0.04885057471264368,0.002857142857142857,0.03594859580243242,0.08436634914903715,11.60919540229885,0.0,0.0,0.15,0.08045977011494253,0,0.15346234554605073,0.14281026326651078,2.230893406856958,0.8204418284569713,0.0,0.9782608695652174,0.0,0.0,0.0,0.0,0.0,0.08,0.12034383954154727,0.5,0.25
33,0.6526653707125596,0.49451115673284296,0.650704609835847,0.49462575771086353,0.24520712264384206,0.48586012159940084,0.6839080459770115,0.3673215284079685,0.36879670803876613,0.06609195402298851,0.68,0.3662944568231128,0.3695575520986911,0.06571428571428571,0.12643678160919541,0.13428571428571429,0.005714285714285714,2.994285714285714,0.07183908045977011,0.0,0.03601276216560439,0.08436634914903715,11.60919540229885,0.0,0.0,0.15,0.08045977011494253,0,0.15443817160284373,0.14352790278041283,2.320561253005533,0.8371855392418075,0.0,0.9787234042553191,0.0,0.0,0.0,0.0,0.0,0.08,0.12643678160919541,0.5,0.25
34,0.659857791923535,0.4946012696207679,0.6574659959742007,0.49505060630777314,0.24520712264384206,0.48645929183734493,0.6426512968299711,0.36797943114300546,0.37061553247464085,0.06628242074927954,0.6371428571428571,0.36675159968025567,0.3705840900870903,0.06571428571428571,0.1585014409221902,0.17714285714285713,0.008571428571428572,3.2485714285714287,0.0893371757925072,0.002857142857142857,0.03600990774095601,0.08436634914903715,11.60806916426513,0.0,0.0,0.15,0.08069164265129683,0,0.15657884074125808,0.14490087495962437,2.4512928850882796,0.8698972180084482,0.0,0.967741935483871,0.0,0.0,0.0,0.0,0.0,0.08,0.16091954022988506,0.5,0.25
35,0.6662526331642167,0.49445752184534963,0.6638060242899623,0.4949422106732152,0.24520712264384206,0.4870548745261265,0.6368876080691642,0.3687287106819104,0.37139363045734974,0.06628242074927954,0.6314285714285715,0.36749445682311277,0.3713555186585188,0.06571428571428571,0.1440922190201729,0.16857142857142857,0.008571428571428572,3.494285714285714,0.1037463976945245,0.0,0.03600990774095601,0.08436634914903715,11.60806916426513,0.0,0.0,0.15,0.08069164265129683,0,0.15808151796612324,0.14497401861610854,2.5708384559579422,0.8717050596020486,0.0,0.9830508474576272,0.0,0.0,0.0,0.0,0.0,0.08,0.1440922190201729,0.5,0.25
36,0.6709224965782172,0.4947859416324913,0.6684358603032714,0.4952575154267361,0.24520712264384206,0.48757154146049464,0.6138328530259366,0.368888079599639,0.3716680007751875,0.06628242074927954,0.6085714285714285,0.36765245972154664,0.37162753723077513,0.06571428571428571,0.12680115273775217,0.15142857142857144,0.008571428571428572,3.7742857142857145,0.11815561959654179,0.0,0.03600990774095601,0.08436634914903715,11.60806916426513,0.0,0.0,0.15,0.08069164265129683,0,0.1578908246620069,0.14424914852302798,2.670850258267355,0.8542709584100077,0.0,1.0,0.0,0.0,0.0,0.0,0.0,0.08,0.12680115273775217,0.5,0.25
37,0.6788815695408237,0.494588577524935,0.675433337181062,0.49512027489535676,0.24520712264384206,0.48820859822906715,0.5375722543352601,0.3687689700537587,0.37226363028111603,0.06647398843930635,0.5314285714285715,0.36799531686440373,0.3720989658022037,0.06571428571428571,0.11849710982658959,0.13714285714285715,0.011428571428571429,4.037142857142857,0.12716763005780346,0.002857142857142857,0.036003161157422095,0.08436634914903715,11.595375722543352,0.0,0.0,0.15,0.08092485549132948,0,0.15927265625298256,0.14490087495962437,2.7545761102448645,0.8698972180084482,0.0,0.9791666666666666,0.0,0.0,0.0,0.0,0.0,0.08,0.12103746397694524,0.5,0.25
38,0.6879796103272964,0.49435243303754023,0.6831840160182805,0.49471519004234144,0.24520712264384206,0.4886633952350701,0.5507246376811594,0.3697013715698022,0.37365418905090525,0.06666666666666667,0.5428571428571428,0.36862388829297515,0.37276447194341245,0.06571428571428571,0.17101449275362318,0.19714285714285715,0.014285714285714285,4.325714285714286,0.13043478260869565,0.002857142857142857,0.03602337597386498,0.08436634914903716,11.58840579710145,0.0,0.0,0.15,0.08115942028985507,0,0.16270372225743196,0.14562902005992398,2.8966274451828244,0.8876502224576002,0.0,0.9710144927536232,0.0,0.0,0.0,0.0,0.0,0.08,0.17341040462427745,0.5,0.25
39,0.692674485169704,0.4929196926338438,0.6878118212200822,0.493270857525875,0.24520712264384206,0.48900070504378784,0.5304347826086957,0.37033905272922246,0.37413244992047046,0.07246376811594203,0.5228571428571429,0.36925245972154663,0.373235900514841,0.07142857142857142,0.1565217391304348,0.1742857142857143,0.014285714285714285,4.605714285714286,0.15072463768115943,0.0,0.03602337597386498,0.08436634914903716,11.58840579710145,0.0,0.0,0.15,0.08115942028985507,0,0.16427281249865724,0.14636082418082813,3.0129806105648824,0.9057655331200002,0.0,0.9672131147540983,0.0,0.0,0.0,0.0,0.0,0.08,0.1565217391304348,0.5,0.25
40,0.6992577633393506,0.49228233648745556,0.6943010525587339,0.4927027092607688,0.24520712264384206,0.4892354770408673,0.5072463768115942,0.37083575082681586,0.37465418905090525,0.07246376811594203,0.5,0.3697420621320316,0.37375018622912665,0.07142857142857142,0.1536231884057971,0.1657142857142857,0.014285714285714285,4.871428571428571,0.16231884057971013,0.0,0.03602337597386498,0.08436634914903716,11.58840579710145,0.0,0.0,0.15,0.08115942028985507,0,0.1645083055790211,0.14643470479645315,3.1184352840678704,0.9076479171200007,0.0,0.9827586206896551,0.0,0.0,0.0,0.0,0.0,0.08,0.1536231884057971,0.5,0.25
41,0.7070763316712196,0.49299503501441083,0.6996613077327889,0.49314912960321017,0.24520712264384206,0.48920844477097214,0.4897959183673469,0.37085821624188997,0.37546581366231113,0.0728862973760933,0.48,0.37019920498917436,0.37422161480055527,0.07142857142857142,0.17201166180758018,0.18,0.02,5.131428571428572,0.1836734693877551,0.005714285714285714,0.036041669237355446,0.08436634914903715,11.556851311953352,0.0,0.0,0.15,0.08163265306122448,0,0.16734247833684027,0.147835483125,3.236066578386513,0.9431128000000003,0.0,0.9523809523809523,0.0,0.0,0.0,0.0,0.0,0.08,0.17101449275362318,0.5,0.25
42,0.7142611542014026,0.49319325776763207,0.7066609967374802,0.49287815701459653,0.24520712264384206,0.4891737691312025,0.5617647058823529,0.370059475441024,0.37573985418463074,0.07352941176470588,0.5457142857142857,0.3702563478463173,0.3742644719434124,0.07142857142857142,0.12941176470588237,0.13428571428571429,0.02857142857142857,5.394285714285714,0.18529411764705883,0.008571428571428572,0.036316985138802986,0.08436634914903715,10.858823529411765,0.0,0.0,0.15,0.07941176470588235,0,0.1674483373737275,0.14776123124999999,3.3056309611044967,0.9411919999999999,0.0,0.9787234042553191,0.0,0.0,0.0,0.0,0.0,0.08,0.1282798833819242,0.5,0.25
43,0.7206350121067896,0.49345430797533213,0.7123839048533874,0.49311738492872437,0.24520712264384206,0.4888813550873825,0.5088757396449705,0.37083948616476886,0.37692685574389206,0.07396449704142012,0.49142857142857144,0.37042777641774577,0.37460732908626954,0.07142857142857142,0.13313609467455623,0.14,0.03428571428571429,5.651428571428571,0.1863905325443787,0.005714285714285714,0.03662048043812629,0.08436634914903716,10.78698224852071,0.0,0.0,0.15,0.07988165680473373,0,0.16803909568685885,0.14702242509375,3.3795183418824073,0.9223681599999999,0.0,1.0,0.0,0.0,0.0,0.0,0.0,0.08,0.13823529411764707,0.5,0.25
44,0.7274670501546028,0.49261376226595305,0.7195506257049332,0.4930165469095672,0.24520712264384206,0.4886134218530184,0.5386904761904762,0.37062660424259436,0.3777275276814198,0.0744047619047619,0.5171428571428571,0.37048491927488864,0.3749073290862696,0.07142857142857142,0.13095238095238096,0.14,0.04,5.951428571428571,0.19642857142857142,0.005714285714285714,0.036716403613435346,0.08436634914903715,10.714285714285714,0.0,0.0,0.15,0.08035714285714286,0,0.168311901636996,0.14636082418082813,3.4519279750447587,0.9057655331200002,0.0,0.9795918367346939,0.0,0.0,0.0,0.0,0.0,0.08,0.13313609467455623,0.5,0.25
45,0.731215067073989,0.4926646465482693,0.7239096418710664,0.49370270576497927,0.24520712264384206,0.48846643436777876,0.5059880239520959,0.37163716529450874,0.37783755013085885,0.0748502994011976,0.4828571428571429,0.37088615041546014,0.37550732908626955,0.07142857142857142,0.12874251497005987,0.15142857142857144,0.045714285714285714,6.18,0.19161676646706588,0.005714285714285714,0.03686826682522327,0.08436634914903715,10.425149700598803,0.0,0.0,0.15,0.08083832335329341,0,0.16901120711097173,0.14702242509375,3.534317986972435,0.9223681599999999,0.0,0.9622641509433962,0.0,0.0,0.0,0.0,0.0,0.08,0.13095238095238096,0.5,0.25
46,0.7370733439174277,0.49353700529041455,0.7289736898593533,0.4944594510730873,0.24520712264384206,0.4883305571122459,0.4774774774774775,0.3713222914797433,0.3777926177386949,0.07507507507507508,0.4542857142857143,0.37088615041546014,0.3759084512344532,0.07142857142857142,0.13813813813813813,0.14,0.04857142857142857,6.525714285714286,0.2042042042042042,0.002857142857142857,0.03706081317601076,0.08436634914903715,10.318318318318319,0.0,0.0,0.15,0.08108108108108109,0,0.16879386607541688,0.14628731296828124,3.6036316272329865,0.9039207967999998,0.0,1.0,0.0,0.0,0.0,0.0,0.0,0.08,0.1377245508982036,0.5,0.25
47,0.7429062853470688,0.4935116581826326,0.7340180836608449,0.4941891047955656,0.24520712264384206,0.48823638671288977,0.4578313253012048,0.37109629867769256,0.37772347626675146,0.07530120481927711,0.4342857142857143,0.37088615041546014,0.37616559409159617,0.07142857142857142,0.16566265060240964,0.1742857142857143,0.05142857142857143,6.685714285714286,0.20783132530120482,0.002857142857142857,0.037058133400158906,0.08436634914903716,10.319277108433734,0.0,0.0,0.15,0.08132530120481928,0,0.16872004245575406,0.14555587640343984,3.7058447089740407,0.8858423808639998,0.0,1.0,0.0,0.0,0.0,0.0,0.0,0.08,0.16516516516516516,0.5,0.25
48,0.7470949367023958,0.492541200621388,0.7378240846276077,0.4933919944499428,0.24520712264384206,0.4882257603952088,0.46808510638297873,0.3727102550414743,0.3794833724176105,0.07598784194528875,0.44,0.3711718647011744,0.3763891854949068,0.07142857142857142,0.1580547112462006,0.1742857142857143,0.06,6.974285714285714,0.2188449848024316,0.008571428571428572,0.03705483810821508,0.08436634914903716,10.297872340425531,0.0,0.0,0.15,0.08206686930091185,0,0.16979030010061816,0.14482809702142263,3.8060135290802735,0.8681255332467198,0.0,0.9836065573770492,0.0,0.0,0.0,0.0,0.0,0.08,0.16265060240963855,0.5,0.25
49,0.7512177009662953,0.4925784824278513,0.7416994830356733,0.4934422075122963,0.24520712264384206,0.48827700074095826,0.48936170212765956,0.3728318355885868,0.37957455782794486,0.07598784194528875,0.46,0.3712861504154601,0.3764748997806211,0.07142857142857142,0.14285714285714285,0.14285714285714285,0.06,7.257142857142857,0.23404255319148937,0.0,0.03708847762932363,0.08436634914903716,10.297872340425531,0.0,0.0,0.15,0.0790273556231003,0,0.1703124914572579,0.14497401861610854,3.8727504013558107,0.8717050596020486,0.0,0.96,0.0,0.0,0.0,0.0,0.0,0.08,0.14285714285714285,0.5,0.25
50,0.7561225440633544,0.49169845990154054,0.7473822390044164,0.4930307504409786,0.24520712264384206,0.488356272462311,0.44036697247706424,0.37453097464540375,0.38089427523431296,0.0764525993883792,0.4114285714285714,0.3712861504154601,0.3764748997806211,0.07142857142857142,0.1345565749235474,0.13428571428571429,0.06571428571428571,7.48,0.23547400611620795,0.005714285714285714,0.03712610042645212,0.08436634914903715,10.262996941896024,0.0,0.0,0.15,0.07951070336391437,0,0.17008878614282877,0.14424914852302798,3.9295811076144096,0.8542709584100077,0.0,1.0,0.0,0.0,0.0,0.0,0.0,0.08,0.1337386018237082,0.5,0.25
51,0.7624991968005406,0.4924075607749845,0.7516066337584748,0.4932182403910579,0.24520712264384206,0.4883720657957908,0.49221183800623053,0.37598337773354645,0.3814968982822857,0.0778816199376947,0.4514285714285714,0.3712861504154601,0.3764748997806211,0.07142857142857142,0.1557632398753894,0.16285714285714287,0.08285714285714285,7.7371428571428575,0.2367601246105919,0.017142857142857144,0.037206426138915394,0.08436634914903715,10.143302180685358,0.0,0.0,0.15,0.08099688473520249,0,0.17009109624882643,0.14352790278041283,4.013846628319264,0.8371855392418075,0.0,1.0,0.0,0.0,0.0,0.0,0.0,0.08,0.15902140672782875,0.5,0.25
52,0.7678600747810767,0.4919086703436977,0.7554529144984679,0.49323703758591153,0.24520712264384206,0.48847328315195765,0.4748427672955975,0.3775329386232438,0.38176841198877787,0.08176100628930817,0.43142857142857144,0.37151472184403156,0.37664632835204964,0.07428571428571429,0.16981132075471697,0.18,0.09142857142857143,7.945714285714286,0.22641509433962265,0.008571428571428572,0.03721992969993217,0.08436634914903715,10.125786163522013,0.0,0.0,0.15,0.08176100628930817,0,0.1711698735290695,0.14417637058482624,4.1135696957528785,0.8524992736482793,0.0,0.9841269841269841,0.0,0.0,0.0,0.0,0.0,0.08,0.16822429906542055,0.5,0.25
53,0.7722927539429959,0.49129964927689157,0.7589851586084833,0.49273381511545833,0.24520712264384206,0.48889067477018233,0.4384858044164038,0.3770586214532645,0.3820660633225615,0.08201892744479496,0.39714285714285713,0.37168615041546016,0.37677489978062106,0.07428571428571429,0.14826498422712933,0.16285714285714287,0.09428571428571429,8.134285714285713,0.22712933753943218,0.002857142857142857,0.03728152882048459,0.08436634914903715,10.094637223974763,0.0,0.0,0.15,0.07886435331230283,0,0.17139945273285276,0.14410395653631553,4.194155444694964,0.8507630225817854,0.0,0.9824561403508771,0.0,0.0,0.0,0.0,0.0,0.08,0.1509433962264151,0.5,0.25
54,0.7756174371022205,0.4915483144116051,0.7604931652552598,0.4929215047824383,0.24520712264384206,0.4893673616361836,0.4713375796178344,0.3763236304346961,0.3820586836539839,0.08280254777070063,0.4228571428571429,0.3720290075583173,0.3770320426377639,0.07428571428571429,0.17197452229299362,0.18285714285714286,0.10285714285714286,8.362857142857143,0.2229299363057325,0.008571428571428572,0.037337396283550435,0.08436634914903715,10.038216560509554,0.0,0.0,0.15,0.07961783439490445,0,0.17174131546561708,0.14367382437509874,4.293129478658207,0.8407650655971363,0.0,0.984375,0.0,0.0,0.0,0.0,0.0,0.08,0.17665615141955837,0.5,0.25
55,0.7806115504392096,0.49144600787200504,0.7650027315801751,0.4931167880536014,0.24520712264384206,0.4898759729561182,0.4391025641025641,0.37773722587997266,0.38275933606918205,0.08333333333333333,0.3914285714285714,0.3720290075583173,0.3770320426377639,0.07428571428571429,0.14423076923076922,0.16,0.10857142857142857,8.602857142857143,0.22756410256410256,0.005714285714285714,0.037705818799163335,0.08436634914903716,9.576923076923077,0.0,0.0,0.15,0.08012820512820513,0,0.17148232317400328,0.14295545525322323,4.367266889085043,0.8239497642851935,0.0,1.0,0.0,0.0,0.0,0.0,0.0,0.08,0.14331210191082802,0.5,0.25
56,0.7885476957937181,0.49227628813925417,0.769741110553,0.493589917106763,0.24520712264384206,0.490426218509067,0.46579804560260585,0.37821917380613745,0.3840948993309328,0.08469055374592833,0.4085714285714286,0.3722575789868887,0.3772034712091925,0.07428571428571429,0.16286644951140064,0.18,0.12285714285714286,8.834285714285715,0.23127035830618892,0.014285714285714285,0.03791819014552579,0.08436634914903715,9.276872964169382,0.0,0.0,0.15,0.08143322475570032,0,0.17182419727241896,0.14482809702142263,4.459921551303341,0.8681255332467198,0.0,0.9841269841269841,0.0,0.0,0.0,0.0,0.0,0.08,0.16987179487179488,0.5,0.25
57,0.7957265929532259,0.49245793374537394,0.7733814743798082,0.49355349070745874,0.24520712264384206,0.4909804779217715,0.4521452145214521,0.3812676338915235,0.3827522982990403,0.0858085808580858,0.3914285714285714,0.3724861504154601,0.37737489978062105,0.07428571428571429,0.16831683168316833,0.17142857142857143,0.13428571428571429,9.06857142857143,0.2376237623762376,0.011428571428571429,0.038179767639270494,0.08436634914903715,9.181518151815181,0.0,0.0,0.15,0.08250825082508251,0,0.17205050485748544,0.14432229217951215,4.542151691705846,0.856078800003608,0.0,0.9833333333333333,0.0,0.0,0.0,0.0,0.0,0.08,0.17263843648208468,0.5,0.25
58,0.7968911660931521,0.4924261644752935,0.7748877967183084,0.49354263586158903,0.24520712264384206,0.49153248202379785,0.4503311258278146,0.3813968263382071,0.38380553241670234,0.08609271523178808,0.38857142857142857,0.37271472184403154,0.37741664804618835,0.07428571428571429,0.19536423841059603,0.19142857142857142,0.13714285714285715,9.311428571428571,0.23841059602649006,0.002857142857142857,0.03820517704609466,0.08436634914903715,9.185430463576159,0.0,0.0,0.15,0.07947019867549669,0,0.1719326809046266,0.14360068071861457,4.642737229300301,0.8389572240035359,0.0,1.0,0.0,0.0,0.0,0.0,0.0,0.08,0.19801980198019803,0.5,0.25
59,0.800622614978335,0.4920393733015441,0.7779048318349471,0.4937161588327109,0.24520712264384206,0.4920773116868651,0.4682274247491639,0.38223474107105937,0.38310302868683505,0.08695652173913043,0.4,0.37289729617881295,0.3774595051890455,0.07428571428571429,0.1505016722408027,0.15142857142857144,0.1457142857142857,9.471428571428572,0.23076923076923078,0.008571428571428572,0.038258792287308,0.08436634914903715,9.123745819397993,0.0,0.0,0.15,0.0802675585284281,0,0.17204430321438915,0.14490087495962437,4.701311056142866,0.8698972180084482,0.0,0.9811320754716981,0.0,0.0,0.0,0.0,0.0,0.08,0.152317880794702,0.5,0.25
60,0.8054260311175009,0.4932365792908209,0.7820083216224063,0.49453520700226883,0.24520712264384206,0.4925029830289773,0.45819397993311034,0.3823016307031664,0.38315319591091523,0.08695652173913043,0.3914285714285714,0.37295443903595576,0.37750236233190265,0.07428571428571429,0.17391304347826086,0.1742857142857143,0.1457142857142857,9.642857142857142,0.22742474916387959,0.0,0.038270939063892846,0.08436634914903715,9.123745819397993,0.0,0.0,0.15,0.0802675585284281,0,0.17238336741260293,0.14490087495962437,4.781570549305723,0.8698972180084482,0.0,0.9836065573770492,0.0,0.0,0.0,0.0,0.0,0.08,0.17391304347826086,0.5,0.25
61,0.812136145553415,0.49220282107711033,0.7850467087700825,0.49416099586975504,0.24520712264384206,0.4928861652546169,0.49491525423728816,0.3827510789259233,0.38203667903630867,0.08813559322033898,0.41714285714285715,0.37295443903595576,0.37750236233190265,0.07428571428571429,0.11186440677966102,0.12571428571428572,0.15714285714285714,9.842857142857143,0.23728813559322035,0.011428571428571429,0.03855087916653757,0.08436634914903715,8.793220338983051,0.0,0.0,0.15,0.08135593220338982,0,0.1720351655755399,0.14417637058482624,4.811653424033894,0.8524992736482793,0.0,1.0,0.0,0.0,0.0,0.0,0.0,0.08,0.12040133779264214,0.5,0.25
62,0.8177152024663252,0.49196982200345685,0.7890256230195983,0.4943197914501131,0.24520712264384206,0.4931670962913595,0.4523809523809524,0.3832417503194094,0.38115181773638457,0.08843537414965986,0.38,0.37295443903595576,0.37750236233190265,0.07428571428571429,0.17687074829931973,0.1742857142857143,0.16,10.06857142857143,0.23469387755102042,0.002857142857142857,0.03869994663507127,0.08436634914903715,8.727891156462585,0.0,0.0,0.15,0.08163265306122448,0,0.17197398974766223,0.14345548873190211,4.8897060698389305,0.8354492881753136,0.0,1.0,0.0,0.0,0.0,0.0,0.0,0.08,0.17627118644067796,0.5,0.25
63,0.8203170595672961,0.4905734502474589,0.7916501792687063,0.4932826623491211,0.24520712264384206,0.4935555081795881,0.43986254295532645,0.3837122130413377,0.3807165065458051,0.08934707903780069,0.3657142857142857,0.37295443903595576,0.37750236233190265,0.07428571428571429,0.1718213058419244,0.18571428571428572,0.16857142857142857,10.271428571428572,0.24054982817869416,0.008571428571428572,0.038840317858329004,0.08436634914903715,8.563573883161512,0.0,0.0,0.15,0.08247422680412371,0,0.17191312122749533,0.1427382112882426,4.977626234156437,0.8187403024118074,0.0,1.0,0.0,0.0,0.0,0.0,0.0,0.08,0.17006802721088435,0.5,0.25
64,0.8248440712843117,0.48971033421792876,0.7945333640464654,0.49184112625929727,0.24520712264384206,0.4939965458905318,0.4375,0.3855079107911523,0.38133455725463167,0.09027777777777778,0.36,0.37295443903595576,0.37750236233190265,0.07428571428571429,0.14930555555555555,0.15142857142857144,0.17714285714285713,10.428571428571429,0.2326388888888889,0.008571428571428572,0.038953448420926635,0.08436634914903715,8.51388888888889,0.0,0.0,0.15,0.0798611111111111,0,0.17162484133564357,0.14202452023180137,5.0295022809018795,0.8023654963635712,0.0,1.0,0.0,0.0,0.0,0.0,0.0,0.08,0.15463917525773196,0.5,0.25
65,0.8275188403357477,0.4892280560525486,0.7973229124936675,0.49087454327487196,0.24520712264384206,0.4944592007371705,0.43356643356643354,0.3866294314185514,0.38319156010640154,0.09090909090909091,0.35428571428571426,0.37295443903595576,0.37750236233190265,0.07428571428571429,0.14335664335664336,0.1457142857142857,0.18285714285714286,10.622857142857143,0.23426573426573427,0.005714285714285714,0.03903958507927881,0.08436634914903715,8.468531468531468,0.0,0.0,0.15,0.08041958041958042,0,0.17139471712896534,0.14131439763064235,5.074626520998128,0.7863181864362998,0.0,1.0,0.0,0.0,0.0,0.0,0.0,0.08,0.14583333333333334,0.5,0.25
66,0.8305405591470114,0.4884073754737498,0.7995213427731391,0.4907835155171269,0.24520712264384206,0.49493962730371827,0.4734982332155477,0.38777299696664674,0.3849928450395052,0.09187279151943463,0.38285714285714284,0.37301158189309863,0.37754521947475983,0.07428571428571429,0.1625441696113074,0.15428571428571428,0.19142857142857142,10.788571428571428,0.2226148409893993,0.008571428571428572,0.03917164602852306,0.08436634914903715,8.3886925795053,0.0,0.0,0.15,0.0812720848056537,0,0.17165131497189196,0.1413857308904273,5.12741970486388,0.7879523320500753,0.0,0.9814814814814815,0.0,0.0,0.0,0.0,0.0,0.08,0.16783216783216784,0.5,0.25
67,0.8360418466725241,0.48790002295373874,0.8037350955591874,0.49053108175835664,0.24520712264384206,0.4953636417932482,0.42704626334519574,0.3875876100506362,0.3864345405607126,0.09252669039145907,0.34285714285714286,0.37301158189309863,0.37754521947475983,0.07428571428571429,0.1423487544483986,0.13428571428571429,0.19714285714285715,10.934285714285714,0.21708185053380782,0.005714285714285714,0.03940581631968028,0.08436634914903715,8.042704626334519,0.0,0.0,0.15,0.08185053380782918,0,0.1713356298256039,0.14067880223597518,5.159157025052316,0.7721932854090737,0.0,1.0,0.0,0.0,0.0,0.0,0.0,0.08,0.1413427561837456,0.5,0.25
68,0.8427407244937797,0.48801808523224777,0.8073537179643498,0.4907305449886181,0.24520712264384206,0.4957507863234062,0.46402877697841727,0.38871456478539873,0.3854042896289676,0.09352517985611511,0.36857142857142855,0.37301158189309863,0.37754521947475983,0.07428571428571429,0.14388489208633093,0.14285714285714285,0.2057142857142857,11.074285714285715,0.20863309352517986,0.008571428571428572,0.03973629965202981,0.08436634914903714,7.863309352517986,0.0,0.0,0.15,0.07913669064748201,0,0.17122038167647588,0.1399754082247953,5.198831027408413,0.7567494197008923,0.0,1.0,0.0,0.0,0.0,0.0,0.0,0.08,0.1494661921708185,0.5,0.25
69,0.8461192278099114,0.48824859052109437,0.8098544975114568,0.49040569670476236,0.24520712264384206,0.4958904033908293,0.5163636363636364,0.3876268426289303,0.38580692901058206,0.09454545454545454,0.4057142857142857,0.37301158189309863,0.37754521947475983,0.07428571428571429,0.1781818181818182,0.16857142857142857,0.21428571428571427,11.177142857142858,0.20727272727272728,0.008571428571428572,0.0399321737407068,0.08436634914903715,7.701818181818182,0.0,0.0,0.15,0.08,0,0.17104956548237923,0.1392755311836713,5.263425835431673,0.7416144313068743,0.0,1.0,0.0,0.0,0.0,0.0,0.0,0.08,0.17985611510791366,0.5,0.25
70,0.8495375891119914,0.48897884842213557,0.8119715247205287,0.49099325486999473,0.24520712264384206,0.49587485948136945,0.4522058823529412,0.3884969986313939,0.38579335337614196,0.09558823529411764,0.3514285714285714,0.37301158189309863,0.37754521947475983,0.07428571428571429,0.13970588235294118,0.1457142857142857,0.22285714285714286,11.331428571428571,0.20588235294117646,0.008571428571428572,0.040064700671677465,0.08436634914903715,7.580882352941177,0.0,0.0,0.15,0.08088235294117647,0,0.17070860336925306,0.13857915352775294,5.303871604437325,0.7267821426807369,0.0,1.0,0.0,0.0,0.0,0.0,0.0,0.08,0.14545454545454545,0.5,0.25
71,0.8525396853838224,0.4878437265563934,0.8137404465165878,0.4896949364470798,0.24520712264384206,0.4958452222309424,0.5296296296296297,0.38856376079083266,0.38695849784091735,0.0962962962962963,0.4085714285714286,0.37301158189309863,0.37754521947475983,0.07428571428571429,0.14814814814814814,0.14857142857142858,0.22857142857142856,11.477142857142857,0.1962962962962963,0.005714285714285714,0.04014796995518993,0.08436634914903715,7.57037037037037,0.0,0.0,0.15,0.08148148148148149,0,0.1705394917774068,0.13788625776011418,5.346365600920007,0.7122464998271222,0.0,1.0,0.0,0.0,0.0,0.0,0.0,0.08,0.15441176470588236,0.5,0.25
72,0.8579781492456079,0.488873124443487,0.8153375569995813,0.49004372226053106,0.24520712264384206,0.49581718463973284,0.48314606741573035,0.3890636151497016,0.3890801028608232,0.09737827715355805,0.36857142857142855,0.3730687247502415,0.37758807661761695,0.07428571428571429,0.16853932584269662,0.16285714285714287,0.23714285714285716,11.628571428571428,0.19101123595505617,0.008571428571428572,0.04025268616686128,0.08436634914903716,7.453183520599251,0.0,0.0,0.15,0.08239700374531835,0,0.1707436514613769,0.13850923626879677,5.402295431758749,0.7252748587977867,0.0,0.9824561403508771,0.0,0.0,0.0,0.0,0.0,0.08,0.17037037037037037,0.5,0.25
73,0.8595532832403636,0.48975774195768873,0.8155464070205406,0.4907584674498771,0.24520712264384206,0.4957224614280793,0.49624060150375937,0.390007871257623,0.3878479787935095,0.09774436090225563,0.37714285714285717,0.3731258676073844,0.377630933760474,0.07428571428571429,0.15037593984962405,0.15142857142857144,0.24,11.794285714285714,0.19548872180451127,0.002857142857142857,0.04031144714333042,0.08436634914903716,7.43609022556391,0.0,0.0,0.15,0.07894736842105263,0,0.1709747917754986,0.13857915352775294,5.445678094552147,0.7267821426807369,0.0,0.9811320754716981,0.0,0.0,0.0,0.0,0.0,0.08,0.149812734082397,0.5,0.25
74,0.8651932130200187,0.4904813109114984,0.8195427496771429,0.4912950862054014,0.24520712264384206,0.49547114924391356,0.5151515151515151,0.3899458252770427,0.38683159425204783,0.09848484848484848,0.38857142857142857,0.37318301046452723,0.3776737909033312,0.07428571428571429,0.15151515151515152,0.14285714285714285,0.24571428571428572,11.882857142857143,0.19318181818181818,0.005714285714285714,0.040335148251366394,0.08436634914903716,7.424242424242424,0.0,0.0,0.15,0.07954545454545454,0,0.1710912035309068,0.13963220644410587,5.4796216755182465,0.7390375470451704,0.0,0.98,0.0,0.0,0.0,0.0,0.0,0.08,0.15413533834586465,0.5,0.25
75,0.867957926535331,0.49106434063746845,0.8211523991463884,0.49183054180239116,0.24520712264384206,0.49523509649713954,0.5285171102661597,0.3888844346710577,0.3873959048624811,0.09885931558935361,0.39714285714285713,0.37318301046452723,0.3776737909033312,0.07428571428571429,0.1520912547528517,0.13714285714285715,0.24857142857142858,12.002857142857144,0.19011406844106463,0.002857142857142857,0.04033229515623724,0.08436634914903715,7.422053231939164,0.0,0.0,0.15,0.07984790874524715,0,0.17086360537039513,0.13893404541188534,5.507172099150738,0.7242567961042671,0.0,1.0,0.0,0.0,0.0,0.0,0.0,0.08,0.15151515151515152,0.5,0.25
76,0.8689897061265804,0.49071877788328233,0.8221897653017342,0.4911841696149949,0.24520712264384206,0.49494977622418646,0.5419847328244275,0.38987957271643414,0.3876576170074503,0.09923664122137404,0.4057142857142857,0.3732401533216701,0.37771664804618843,0.07428571428571429,0.15267175572519084,0.14857142857142858,0.25142857142857145,12.134285714285713,0.19083969465648856,0.002857142857142857,0.040369471978259214,0.08436634914903715,7.412213740458015,0.0,0.0,0.15,0.08015267175572519,0,0.17106600162925745,0.14310211012225427,5.545600085739152,0.7241459162651618,0.0,0.9807692307692307,0.0,0.0,0.0,0.0,0.0,0.08,0.1520912547528517,0.5,0.25
77,0.8726951592129505,0.4901413772451746,0.8238663120933706,0.4907863492741566,0.24520712264384206,0.4946779248658906,0.5019157088122606,0.38941936492625145,0.3873431887861409,0.09961685823754789,0.3742857142857143,0.37329729617881297,0.3777595051890455,0.07428571428571429,0.14559386973180077,0.1457142857142857,0.2542857142857143,12.271428571428572,0.19157088122605365,0.002857142857142857,0.040506616476023084,0.08436634914903715,7.302681992337165,0.0,0.0,0.15,0.08045977011494253,0,0.1712105287639683,0.14636082418082813,5.580402369738654,0.8021512289848057,0.0,0.9803921568627451,0.0,0.0,0.0,0.0,0.0,0.08,0.14885496183206107,0.5,0.25
78,0.878836837004675,0.4896952770584655,0.8274484352031433,0.49157619456671464,0.24520712264384206,0.4944448636003335,0.4826254826254826,0.38730941190538226,0.38594113985823314,0.09652509652509653,0.35714285714285715,0.3734115818930987,0.3778452194747598,0.07428571428571429,0.14285714285714285,0.14285714285714285,0.26,12.377142857142857,0.1891891891891892,0.005714285714285714,0.04081114279428738,0.08436634914903716,6.864864864864865,0.0,0.0,0.15,0.08108108108108109,0,0.17181104826300558,0.14717055758437503,5.611651465201024,0.8876502224576002,0.0,0.96,0.0,0.0,0.0,0.0,0.0,0.08,0.14942528735632185,0.5,0.25
79,0.8832869615132839,0.4897204386438143,0.8301510564057533,0.49156017859915113,0.24520712264384206,0.49421198032356883,0.5193798449612403,0.3873595960470737,0.3846386882880529,0.09689922480620156,0.38285714285714284,0.3734115818930987,0.3778452194747598,0.07428571428571429,0.13565891472868216,0.12857142857142856,0.26285714285714284,12.465714285714286,0.1937984496124031,0.002857142857142857,0.04102025323881624,0.08436634914903715,6.829457364341085,0.0,0.0,0.15,0.08139534883720931,0,0.17152299302169055,0.14643470479645315,5.627989864468431,0.8698972180084482,0.0,1.0,0.0,0.0,0.0,0.0,0.0,0.08,0.138996138996139,0.5,0.25
80,0.8860249631960861,0.48947884743978454,0.832169354789076,0.49129703251466933,0.24520712264384206,0.4938792818357955,0.5581395348837209,0.3873595960470737,0.3846386882880529,0.09689922480620156,0.4114285714285714,0.3734115818930987,0.3778452194747598,0.07428571428571429,0.13565891472868216,0.12857142857142856,0.26285714285714284,12.554285714285715,0.20155038759689922,0.0,0.0410484237165069,0.08436634914903715,6.829457364341085,0.0,0.0,0.15,0.08139534883720931,0,0.17126494948515356,0.14570253127247088,5.644001495750492,0.8524992736482793,0.0,1.0,0.0,0.0,0.0,0.0,0.0,0.08,0.13565891472868216,0.5,0.25
81,0.8907222454263597,0.48960224840115807,0.833055723118982,0.49169104280666365,0.24520712264384206,0.49354715107585323,0.578125,0.3877627209514857,0.38581436499421035,0.09765625,0.4228571428571429,0.3734115818930987,0.3778452194747598,0.07428571428571429,0.125,0.12571428571428572,0.26857142857142857,12.731428571428571,0.19921875,0.005714285714285714,0.04115224354093314,0.08436634914903716,6.6796875,0.0,0.0,0.15,0.08203125,0,0.17103648259487064,0.14497401861610854,5.656835751549767,0.8354492881753136,0.0,1.0,0.0,0.0,0.0,0.0,0.0,0.08,0.13178294573643412,0.5,0.25
82,0.893017374613446,0.489854719856322,0.8332475538764635,0.49161192427192896,0.24520712264384206,0.49325564033958025,0.525691699604743,0.3892233635393078,0.38596786362980834,0.09881422924901186,0.38,0.3734115818930987,0.3778452194747598,0.07428571428571429,0.13043478260869565,0.12857142857142856,0.27714285714285714,12.805714285714286,0.18972332015810275,0.008571428571428572,0.04140979586685979,0.08436634914903715,6.521739130434782,0.0,0.0,0.15,0.07905138339920949,0,0.1707808716104677,0.14424914852302798,5.6722704650902,0.8187403024118074,0.0,1.0,0.0,0.0,0.0,0.0,0.0,0.08,0.1328125,0.5,0.25
83,0.8971898277252253,0.48992190532449065,0.8347664214755917,0.49165181925350493,0.24520712264384206,0.4930674411314865,0.5823293172690763,0.39274147530547115,0.3872500259484981,0.10040160642570281,0.4142857142857143,0.3735258676073844,0.3779309337604741,0.07428571428571429,0.13253012048192772,0.12285714285714286,0.2885714285714286,12.954285714285714,0.18072289156626506,0.011428571428571429,0.04153998386759101,0.08436634914903715,6.4417670682730925,0.0,0.0,0.15,0.08032128514056225,0,0.17132668153812966,0.14497401861610854,5.6816821986455395,0.8187403024118074,0.0,0.9534883720930233,0.0,0.0,0.0,0.0,0.0,0.08,0.1383399209486166,0.5,0.25
84,0.898393552880606,0.4902886272598491,0.8355401623200658,0.4918964169503671,0.24520712264384206,0.4929857677310643,0.5766129032258065,0.39306171595099276,0.3875708331483596,0.10080645161290322,0.4085714285714286,0.3735258676073844,0.3779309337604741,0.07428571428571429,0.11290322580645161,0.10571428571428572,0.2914285714285714,13.054285714285715,0.1774193548387097,0.002857142857142857,0.04167045461966937,0.08436634914903715,6.387096774193548,0.0,0.0,0.15,0.08064516129032258,0,0.17098419098758189,0.14424914852302798,5.673762840386914,0.8023654963635712,0.0,1.0,0.0,0.0,0.0,0.0,0.0,0.08,0.11646586345381527,0.5,0.25
85,0.9003444319365146,0.490114747479645,0.8369700898786405,0.4917125532537686,0.24520712264384206,0.49308004445095166,0.5789473684210527,0.39356051303607625,0.3866532182313858,0.10121457489878542,0.4085714285714286,0.3735258676073844,0.3779309337604741,0.07428571428571429,0.11336032388663968,0.1,0.29428571428571426,13.174285714285714,0.17408906882591094,0.002857142857142857,0.04171007370951328,0.08436634914903719,6.3562753036437245,0.0,0.0,0.15,0.08097165991902834,0,0.1707001278897868,0.14352790278041283,5.660287583579176,0.7863181864362998,0.0,1.0,0.0,0.0,0.0,0.0,0.0,0.08,0.11693548387096774,0.5,0.25
86,0.9024462161471237,0.4911965711356701,0.8382455775431572,0.4922656003369442,0.24520712264384206,0.4932899584555637,0.6016260162601627,0.3945107343960465,0.38812922961175467,0.1016260162601626,0.4228571428571429,0.37381158189309865,0.37814521947475976,0.07428571428571429,0.14634146341463414,0.13142857142857142,0.29714285714285715,13.265714285714285,0.16666666666666666,0.002857142857142857,0.04174221182690023,0.08436634914903718,6.341463414634147,0.0,0.0,0.15,0.08130081300813008,0,0.17264548724676643,0.15701393235221225,5.678510403336164,0.8887135568628064,0.0,0.8913043478260869,0.0,0.0,0.0,0.0,0.0,0.08,0.145748987854251,0.5,0.25
87,0.904911827688159,0.49207612873647033,0.839978550226285,0.4929360704505403,0.24520712264384206,0.4937126075041471,0.5609756097560976,0.3945107343960465,0.38812922961175467,0.1016260162601626,0.3942857142857143,0.37381158189309865,0.37814521947475976,0.07428571428571429,0.12195121951219512,0.11714285714285715,0.29714285714285715,13.342857142857143,0.17073170731707318,0.0,0.041754166741217694,0.08436634914903718,6.341463414634147,0.0,0.0,0.15,0.08130081300813008,0,0.17235340266767546,0.1562288626904512,5.682083052412298,0.8709392857255502,0.0,1.0,0.0,0.0,0.0,0.0,0.0,0.08,0.12195121951219512,0.5,0.25
88,0.9073399865674879,0.4925813300426503,0.8416851990386132,0.4932519244636892,0.24520712264384206,0.4941304486246929,0.5813008130081301,0.3945107343960465,0.38812922961175467,0.1016260162601626,0.4085714285714286,0.37381158189309865,0.37814521947475976,0.07428571428571429,0.13008130081300814,0.11142857142857143,0.29714285714285715,13.471428571428572,0.17073170731707318,0.0,0.041754166741217694,0.08436634914903718,6.341463414634147,0.0,0.0,0.15,0.08130081300813008,0,0.17206277851147997,0.15544771837699892,5.6798699627926235,0.8535205000110392,0.0,1.0,0.0,0.0,0.0,0.0,0.0,0.08,0.13008130081300814,0.5,0.25
89,0.9098944594170205,0.4927561587503126,0.8434806285271418,0.49411329583639224,0.24520712264384206,0.4946641864129021,0.6300813008130082,0.3945107343960465,0.38812922961175467,0.1016260162601626,0.44285714285714284,0.37381158189309865,0.37814521947475976,0.07428571428571429,0.13008130081300814,0.11714285714285715,0.29714285714285715,13.52,0.17073170731707318,0.0,0.041754166741217694,0.08436634914903718,6.341463414634147,0.0,0.0,0.15,0.08130081300813008,0,0.17180217890463684,0.15467047978511392,5.683415420679627,0.8364500900108185,0.0,1.0,0.0,0.0,0.0,0.0,0.0,0.08,0.13008130081300814,0.5,0.25
90,0.9123269506139545,0.49360790667714655,0.8437057338569885,0.49436140559397423,0.24520712264384206,0.49513934196935067,0.5720164609053497,0.3927990434893943,0.38577010513711946,0.09876543209876543,0.39714285714285713,0.3738687247502415,0.3781880766176169,0.07428571428571429,0.12757201646090535,0.11714285714285715,0.3057142857142857,13.657142857142857,0.15637860082304528,0.008571428571428572,0.041866256692481535,0.08436634914903718,6.246913580246914,0.0,0.0,0.15,0.0823045267489712,0,0.17188602515297077,0.21638958119059692,5.686889969408893,0.8735497959220491,0.0,0.975609756097561,0.0,0.0,0.0,0.0,0.0,0.08,0.13008130081300814,0.5,0.25
91,0.9128198509719119,0.4930900011731685,0.8440415443723199,0.49447084606650316,0.24520712264384206,0.4957268188979106,0.5495867768595041,0.39416125792634066,0.38500939245788796,0.09917355371900827,0.38,0.3738687247502415,0.3781880766176169,0.07428571428571429,0.1115702479338843,0.08285714285714285,0.30857142857142855,13.748571428571429,0.16115702479338842,0.002857142857142857,0.04193419133896657,0.08436634914903716,6.231404958677686,0.0,0.0,0.15,0.07851239669421488,0,0.1714831671700631,0.21530763328464395,5.656009312877856,0.856078800003608,0.0,1.0,0.0,0.0,0.0,0.0,0.0,0.08,0.11522633744855967,0.5,0.25
92,0.9172673401328862,0.49407534484842636,0.8460392864052947,0.49530431532709374,0.24520712264384206,0.49632751186638413,0.5625,0.395631281164813,0.3852539143036978,0.1,0.38571428571428573,0.3738687247502415,0.3781880766176169,0.07428571428571429,0.10416666666666667,0.08857142857142856,0.3142857142857143,13.834285714285715,0.15,0.005714285714285714,0.04192256338086495,0.08436634914903716,6.191666666666666,0.0,0.0,0.15,0.07916666666666666,0,0.17116803704849848,0.21423109511822072,5.631460555191728,0.8389572240035359,0.0,1.0,0.0,0.0,0.0,0.0,0.0,0.08,0.1115702479338843,0.5,0.25
93,0.9182331166588155,0.4952407834804229,0.8467273448247589,0.49664397590377346,0.24520712264384206,0.49687346635990054,0.5966386554621849,0.395175608650115,0.3865808860276315,0.10084033613445378,0.4057142857142857,0.37392586760738433,0.37823093376047406,0.07428571428571429,0.10504201680672269,0.08285714285714285,0.32,13.882857142857143,0.14705882352941177,0.005714285714285714,0.04212855274783595,0.08436634914903718,5.983193277310924,0.0,0.0,0.15,0.07983193277310924,0,0.171169196863256,0.21935052170497352,5.6016884869450365,0.8221780795234651,0.0,0.9655172413793104,0.0,0.0,0.0,0.0,0.0,0.08,0.10833333333333334,0.5,0.25
94,0.9189292118097487,0.49661264175081893,0.8472006895273937,0.49717809850693034,0.24520712264384206,0.4974971485998502,0.5840336134453782,0.39525964226356025,0.3866439112377156,0.10084033613445378,0.39714285714285713,0.3739830104645272,0.37827379090333124,0.07428571428571429,0.09243697478991597,0.07428571428571429,0.32,13.974285714285715,0.14705882352941177,0.0,0.04225410163061271,0.08436634914903718,5.983193277310924,0.0,0.0,0.15,0.07983193277310924,0,0.17114177945036826,0.21825376909644864,5.563940431491851,0.8507630225817854,0.0,0.9615384615384616,0.0,0.0,0.0,0.0,0.0,0.08,0.09243697478991597,0.5,0.25
95,0.9196832836363613,0.4963464839687928,0.8480420854764733,0.4971003547411062,0.24520712264384206,0.49811189918180826,0.6510638297872341,0.3960394302409679,0.3894054116391198,0.10212765957446808,0.43714285714285717,0.3739830104645272,0.37827379090333124,0.07428571428571429,0.08085106382978724,0.06285714285714286,0.32857142857142857,14.125714285714286,0.13617021276595745,0.008571428571428572,0.0424069981376508,0.08436634914903718,5.778723404255319,0.0,0.0,0.15,0.08085106382978724,0,0.1706572134102593,0.2171625002509664,5.515518765719156,0.8337477621301497,0.0,1.0,0.0,0.0,0.0,0.0,0.0,0.08,0.08403361344537816,0.5,0.25
96,0.9212311943107717,0.4968409795581228,0.8490813969292916,0.4972165451792038,0.24520712264384206,0.49868488193464366,0.5829787234042553,0.39612453662394664,0.38946924142635386,0.10212765957446808,0.3914285714285714,0.3740401533216701,0.37831664804618836,0.07428571428571429,0.08936170212765958,0.07428571428571429,0.32857142857142857,14.205714285714286,0.13617021276595745,0.0,0.042558427736407625,0.08436634914903718,5.778723404255319,0.0,0.0,0.15,0.08085106382978724,0,0.17071778448606514,0.21607668774971156,5.479494104690486,0.8224762163157536,0.0,0.9615384615384616,0.0,0.0,0.0,0.0,0.0,0.08,0.08936170212765958,0.5,0.25
97,0.9225791146253214,0.4964911071925246,0.8494500420039044,0.497130639433601,0.24520712264384206,0.4991527550013122,0.6111111111111112,0.39761972520732947,0.38898141035002864,0.10256410256410256,0.4085714285714286,0.37409729617881293,0.37835950518904543,0.07428571428571429,0.09401709401709402,0.07142857142857142,0.3314285714285714,14.294285714285714,0.13675213675213677,0.002857142857142857,0.04260097890515779,0.08436634914903716,5.735042735042735,0.0,0.0,0.15,0.0811965811965812,0,0.17069233913506338,0.214996304310963,5.441332794025248,0.8060266919894384,0.0,0.96,0.0,0.0,0.0,0.0,0.0,0.08,0.09361702127659574,0.5,0.25
98,0.9251070350075473,0.49708006932505255,0.8511401373451641,0.4975605644371986,0.24520712264384206,0.4996212453350276,0.5470085470085471,0.39779066537826974,0.3891096154782338,0.10256410256410256,0.3657142857142857,0.37421158189309867,0.37844521947475984,0.07428571428571429,0.09829059829059829,0.07428571428571429,0.3314285714285714,14.368571428571428,0.13675213675213677,0.0,0.04261860513420881,0.08436634914903716,5.735042735042735,0.0,0.0,0.15,0.0811965811965812,0,0.17109573458224522,0.2139213227894082,5.406791852430459,0.9261713440000008,0.0,0.9230769230769231,0.0,0.0,0.0,0.0,0.0,0.08,0.09829059829059829,0.5,0.25
99,0.9253372023289214,0.4982485562867577,0.8511173792928944,0.4979174650039109,0.24520712264384206,0.49998671216467583,0.6094420600858369,0.39891800893551566,0.38809101982793287,0.10300429184549356,0.4057142857142857,0.37438301046452727,0.3785737909033312,0.07428571428571429,0.11158798283261803,0.07714285714285714,0.3342857142857143,14.43142857142857,0.13304721030042918,0.002857142857142857,0.04263199719251879,0.08436634914903716,5.708154506437769,0.0,0.0,0.15,0.0815450643776824,0,0.17198254233790541,0.21285171617546117,5.3757988725247055,0.9820000000000004,0.0,0.8888888888888888,0.0,0.0,0.0,0.0,0.0,0.08,0.1111111111111111,0.5,0.25
100,0.9290449396933996,0.4973546134561951,0.8520619039524453,0.4981436025933658,0.24520712264384206,0.5003550590274529,0.5172413793103449,0.4001478050431616,0.3877678754678318,0.10344827586206896,0.34285714285714286,0.37438301046452727,0.3785737909033312,0.07428571428571429,0.09913793103448276,0.07714285714285714,0.33714285714285713,14.525714285714285,0.13793103448275862,0.002857142857142857,0.04274866677054252,0.08436634914903716,5.637931034482759,0.0,0.0,0.15,0.08189655172413793,0,0.171522486769073,0.21178745759458384,5.345425752217068,0.9623600000000003,0.0,1.0,0.0,0.0,0.0,0.0,0.0,0.08,0.10300429184549356,0.5,0.25
101,0.9299364649198886,0.4973139298061131,0.8522322451243625,0.49848135617192707,0.24520712264384206,0.500832191582229,0.5281385281385281,0.40123188404557353,0.38788219377729666,0.1038961038961039,0.3485714285714286,0.3744401533216701,0.3786166480461884,0.07428571428571429,0.09090909090909091,0.07142857142857142,0.34,14.608571428571429,0.12987012987012986,0.002857142857142857,0.04276654885929806,0.08436634914903718,5.6103896103896105,0.0,0.0,0.15,0.08225108225108226,0,0.1715781629030848,0.21791836446754428,5.309945808601299,0.9603999999999999,0.0,0.96,0.0,0.0,0.0,0.0,0.0,0.08,0.09482758620689655,0.5,0.25
102,0.9314516948400436,0.4971064565182382,0.8525321527118835,0.49808164870974647,0.24520712264384206,0.5012554522073565,0.5217391304347826,0.4019911473288301,0.3884312320969824,0.10434782608695652,0.34285714285714286,0.3744401533216701,0.3786166480461884,0.07428571428571429,0.09130434782608696,0.06857142857142857,0.34285714285714286,14.651428571428571,0.12608695652173912,0.002857142857142857,0.04298952473964938,0.08436634914903718,5.426086956521739,0.0,0.0,0.15,0.0782608695652174,0,0.17117712923142653,0.21682877264520656,5.272318321000702,0.9411919999999999,0.0,1.0,0.0,0.0,0.0,0.0,0.0,0.08,0.09090909090909091,0.5,0.25
103,0.9339244946906612,0.49724165794610836,0.8530263471418269,0.4987436030643151,0.24520712264384206,0.5016145697115849,0.62882096069869,0.40155745261470577,0.38835181971538973,0.10480349344978165,0.4114285714285714,0.3744401533216701,0.3786166480461884,0.07428571428571429,0.09170305676855896,0.07142857142857142,0.3457142857142857,14.74,0.11790393013100436,0.002857142857142857,0.043063446115139424,0.08436634914903718,5.414847161572053,0.0,0.0,0.15,0.07860262008733625,0,0.17074967215669795,0.21574462878198053,5.238300526009259,0.9223681599999999,0.0,1.0,0.0,0.0,0.0,0.0,0.0,0.08,0.09565217391304348,0.5,0.25
104,0.9356087694917066,0.49771001602038817,0.8538388345748987,0.4988097455002118,0.24520712264384206,0.5020806265930943,0.6460176991150443,0.3998364275411306,0.38613704921010034,0.10176991150442478,0.41714285714285715,0.3744401533216701,0.3786166480461884,0.07428571428571429,0.05309734513274336,0.037142857142857144,0.35428571428571426,14.8,0.11061946902654868,0.008571428571428572,0.04321507830405213,0.08436634914903716,5.1946902654867255,0.0,0.0,0.15,0.07964601769911504,0,0.17015292379591448,0.21466590563807064,5.17067737263193,0.9039207967999998,0.0,1.0,0.0,0.0,0.0,0.0,0.0,0.08,0.05240174672489083,0.5,0.25
105,0.9357230645809266,0.4972524541545028,0.8539126365467951,0.49863832522817947,0.24520712264384206,0.5026021087430301,0.6504424778761062,0.3999249231163518,0.38620342089151627,0.10176991150442478,0.42,0.37449729617881294,0.3786595051890455,0.07428571428571429,0.07964601769911504,0.05714285714285714,0.35428571428571426,14.817142857142857,0.10619469026548672,0.0,0.043384198272848576,0.08436634914903716,5.1946902654867255,0.0,0.0,0.15,0.07964601769911504,0,0.1710444448912206,0.21359257610988028,5.124406682322149,0.8858423808639998,0.0,0.85,0.0,0.0,0.0,0.0,0.0,0.08,0.07964601769911504,0.5,0.25
106,0.9437660523832966,0.4963217746092201,0.8559542725852501,0.4971533508472229,0.24520712264384206,0.5028324877386029,0.6486486486486487,0.40128903699357243,0.38733348583507304,0.1036036036036036,0.4114285714285714,0.37449729617881294,0.3786595051890455,0.07428571428571429,0.04954954954954955,0.04285714285714286,0.3657142857142857,14.891428571428571,0.09009009009009009,0.011428571428571429,0.04357020347539287,0.08436634914903719,5.045045045045045,0.0,0.0,0.15,0.08108108108108109,0,0.1705316519524788,0.2125246132293309,5.064775691532849,0.8681255332467198,0.0,1.0,0.0,0.0,0.0,0.0,0.0,0.08,0.061946902654867256,0.5,0.25
107,0.9451974173676965,0.4964148877676316,0.856862166946784,0.49722188783591825,0.24520712264384206,0.5030214896532912,0.6351351351351351,0.40137912708366247,0.3874010534026407,0.1036036036036036,0.40285714285714286,0.3745544390359558,0.37870236233190263,0.07428571428571429,0.07657657657657657,0.054285714285714284,0.3657142857142857,14.911428571428571,0.09009009009009009,0.0,0.043654838071739054,0.08436634914903719,5.045045045045045,0.0,0.0,0.15,0.08108108108108109,0,0.17056356797485928,0.21146199016318423,5.017765891987906,0.855315567792314,0.0,0.9473684210526315,0.0,0.0,0.0,0.0,0.0,0.08,0.07657657657657657,0.5,0.25
108,0.9467008737457762,0.4963552798157506,0.8578157878494517,0.4969675845859726,0.24520712264384206,0.503239686741881,0.6351351351351351,0.40137912708366247,0.3874010534026407,0.1036036036036036,0.40285714285714286,0.3745544390359558,0.37870236233190263,0.07428571428571429,0.07207207207207207,0.04857142857142857,0.3657142857142857,14.968571428571428,0.09009009009009009,0.0,0.043654838071739054,0.08436634914903719,5.045045045045045,0.0,0.0,0.15,0.08108108108108109,0,0.17008175084927066,0.21040468021236833,4.965982002719576,0.8382092564364677,0.0,1.0,0.0,0.0,0.0,0.0,0.0,0.08,0.07207207207207207,0.5,0.25
109,0.9477254833977797,0.4966409264303577,0.8582933134374238,0.4966851420155251,0.24520712264384206,0.5034856212227654,0.6425339366515838,0.40089252420701976,0.38732872774629057,0.10407239819004525,0.4057142857142857,0.3745544390359558,0.37870236233190263,0.07428571428571429,0.06787330316742081,0.045714285714285714,0.36857142857142855,15.01142857142857,0.08597285067873303,0.002857142857142857,0.04372825694893088,0.08436634914903718,4.986425339366516,0.0,0.0,0.15,0.08144796380090498,0,0.16957405638073858,0.20935265681130646,4.91237664837947,0.8214450713077384,0.0,1.0,0.0,0.0,0.0,0.0,0.0,0.08,0.06756756756756757,0.5,0.25
110,0.949585784066426,0.4975203777699507,0.8585765453907617,0.49734373931673204,0.24520712264384206,0.5038495380634449,0.6636363636363637,0.40215265464089883,0.3869558383490811,0.10454545454545454,0.41714285714285715,0.3745544390359558,0.37870236233190263,0.07428571428571429,0.05,0.04,0.37142857142857144,15.065714285714286,0.08181818181818182,0.002857142857142857,0.04383712550213266,0.08436634914903716,4.909090909090909,0.0,0.0,0.15,0.08181818181818182,0,0.16901175752740633,0.20830589352724993,4.854129115411881,0.8050161698815836,0.0,1.0,0.0,0.0,0.0,0.0,0.0,0.08,0.05429864253393665,0.5,0.25
111,0.9488942289209104,0.49668341885802403,0.858141853585009,0.4966178905032632,0.24520712264384206,0.5043485675142869,0.6681818181818182,0.4022435637318079,0.3870240201672629,0.10454545454545454,0.42,0.3746115818930986,0.3787452194747598,0.07428571428571429,0.07727272727272727,0.05142857142857143,0.37142857142857144,15.1,0.08181818181818182,0.0,0.043859775852889644,0.08436634914903716,4.909090909090909,0.0,0.0,0.15,0.08181818181818182,0,0.16896627016834073,0.21898809204186206,4.8084751045322145,0.8307421475171664,0.0,0.9444444444444444,0.0,0.0,0.0,0.0,0.0,0.08,0.07727272727272727,0.5,0.25
112,0.9505936984060025,0.49801041684726005,0.8585670051050399,0.4968546114011576,0.24520712264384206,0.5046672952654723,0.6559633027522935,0.4051532795143956,0.38908543783773986,0.10550458715596331,0.4085714285714286,0.3746115818930986,0.3787452194747598,0.07428571428571429,0.05963302752293578,0.045714285714285714,0.37714285714285717,15.177142857142858,0.0779816513761468,0.005714285714285714,0.04401697555875995,0.08436634914903718,4.807339449541284,0.0,0.0,0.15,0.08256880733944955,0,0.1683785816746419,0.21789315158165273,4.7580198881558555,0.814127304566823,0.0,1.0,0.0,0.0,0.0,0.0,0.0,0.08,0.06363636363636363,0.5,0.25
113,0.9501532780933012,0.4972174289357601,0.8581438581475523,0.4966283913443843,0.24520712264384206,0.5050276796315367,0.7235023041474654,0.40463843000149224,0.3890088935294189,0.10599078341013825,0.44857142857142857,0.3746115818930986,0.3787452194747598,0.07428571428571429,0.059907834101382486,0.04285714285714286,0.38,15.205714285714286,0.07373271889400922,0.002857142857142857,0.04412194444490911,0.08436634914903716,4.682027649769585,0.0,0.0,0.15,0.07834101382488479,0,0.16776526019484012,0.21680368582374449,4.705716633249881,0.7978447584754865,0.0,1.0,0.0,0.0,0.0,0.0,0.0,0.08,0.06422018348623854,0.5,0.25
114,0.9526119847191401,0.4976937932332464,0.8596682562555725,0.4968073359279654,0.24520712264384206,0.5053444457711168,0.728110599078341,0.40463843000149224,0.3890088935294189,0.10599078341013825,0.4514285714285714,0.3746115818930986,0.3787452194747598,0.07428571428571429,0.055299539170506916,0.04,0.38,15.265714285714285,0.07373271889400922,0.0,0.04420658962382727,0.08436634914903716,4.682027649769585,0.0,0.0,0.15,0.07834101382488479,0,0.16764029175100878,0.21571966739462575,4.651602300584884,0.7818878633059768,0.0,0.9285714285714286,0.0,0.0,0.0,0.0,0.0,0.08,0.055299539170506916,0.5,0.25
115,0.9545314102265997,0.4976304252775168,0.8608583000701973,0.4962417009453327,0.24520712264384206,0.5056382486868239,0.7004608294930875,0.40463843000149224,0.3890088935294189,0.10599078341013825,0.4342857142857143,0.3746115818930986,0.3787452194747598,0.07428571428571429,0.059907834101382486,0.04285714285714286,0.38,15.297142857142857,0.07373271889400922,0.0,0.04420658962382727,0.08436634914903716,4.682027649769585,0.0,0.0,0.15,0.07834101382488479,0,0.16730568890397485,0.21464106905765262,4.601427397430329,0.7662501060398573,0.0,0.9333333333333333,0.0,0.0,0.0,0.0,0.0,0.08,0.059907834101382486,0.5,0.25
116,0.9538662454509457,0.49810546144476286,0.8604458979092919,0.4967863185264463,0.24520712264384206,0.5059415871616396,0.663594470046083,0.40463843000149224,0.3890088935294189,0.10599078341013825,0.4114285714285714,0.3746115818930986,0.3787452194747598,0.07428571428571429,0.04608294930875576,0.03428571428571429,0.38,15.38,0.07373271889400922,0.0,0.04420658962382727,0.08436634914903716,4.682027649769585,0.0,0.0,0.15,0.07834101382488479,0,0.16666901760231212,0.21356786371236433,4.543684563767436,0.7509251039190601,0.0,1.0,0.0,0.0,0.0,0.0,0.0,0.08,0.04608294930875576,0.5,0.25
117,0.9564418165343225,0.49721964472194885,0.8620427519809856,0.49678213909900737,0.24520712264384206,0.5064878640626848,0.663594470046083,0.40463843000149224,0.3890088935294189,0.10599078341013825,0.4114285714285714,0.3746115818930986,0.3787452194747598,0.07428571428571429,0.06912442396313365,0.05142857142857143,0.38,15.514285714285714,0.07834101382488479,0.0,0.04420658962382727,0.08436634914903716,4.682027649769585,0.0,0.0,0.15,0.07834101382488479,0,0.16623510108572914,0.21250002439380253,4.504239443920659,0.7359066018406789,0.0,1.0,0.0,0.0,0.0,0.0,0.0,0.08,0.06912442396313365,0.5,0.25
118,0.9577882703404172,0.49695830172936073,0.8628775533407642,0.49688120109309614,0.24520712264384206,0.5068769570928207,0.7235023041474654,0.40463843000149224,0.3890088935294189,0.10599078341013825,0.44857142857142857,0.3746115818930986,0.3787452194747598,0.07428571428571429,0.07373271889400922,0.054285714285714284,0.38,15.585714285714285,0.07834101382488479,0.0,0.04420658962382727,0.08436634914903716,4.682027649769585,0.0,0.0,0.15,0.07834101382488479,0,0.16568963986601476,0.21143752427183354,4.4684403693279595,0.7211884698038653,0.0,1.0,0.0,0.0,0.0,0.0,0.0,0.08,0.07373271889400922,0.5,0.25
119,0.9575396531685151,0.4963374366968277,0.8627234106941848,0.49620425041354105,0.24520712264384206,0.5073248299288118,0.7142857142857143,0.40463843000149224,0.3890088935294189,0.10599078341013825,0.44285714285714284,0.3746115818930986,0.3787452194747598,0.07428571428571429,0.059907834101382486,0.045714285714285714,0.38,15.665714285714285,0.08294930875576037,0.0,0.04420658962382727,0.08436634914903716,4.682027649769585,0.0,0.0,0.15,0.07834101382488479,0,0.16511833452382757,0.21038033665047437,4.424785847655687,0.7067647004077879,0.0,1.0,0.0,0.0,0.0,0.0,0.0,0.08,0.059907834101382486,0.5,0.25
120,0.9577272820338294,0.4979555579968717,0.8626745841370359,0.4973443350476547,0.24520712264384206,0.5075965779263678,0.6574074074074074,0.4059264503818991,0.38896091309396646,0.10648148148148148,0.4057142857142857,0.3746115818930986,0.3787452194747598,0.07428571428571429,0.06944444444444445,0.05142857142857143,0.38285714285714284,15.768571428571429,0.0787037037037037,0.002857142857142857,0.04430121835938904,0.08436634914903715,4.62962962962963,0.0,0.0,0.15,0.0787037037037037,0,0.1646068857083513,0.209328434967222,4.387718702131144,0.6926294063996321,0.0,1.0,0.0,0.0,0.0,0.0,0.0,0.08,0.07373271889400922,0.5,0.25
121,0.9585584702170422,0.4978958946094129,0.8627924040945583,0.4972642397142293,0.24520712264384206,0.5079975470835397,0.7302325581395349,0.4047836229629184,0.38986030209293143,0.10697674418604651,0.44857142857142857,0.37466872475024154,0.3787880766176169,0.07428571428571429,0.06046511627906977,0.045714285714285714,0.38571428571428573,15.811428571428571,0.07906976744186046,0.002857142857142857,0.044312008938797415,0.08436634914903719,4.623255813953488,0.0,0.0,0.15,0.07906976744186046,0,0.16444099413695237,0.20828179279238587,4.345678613802806,0.7099783884076414,0.0,0.9375,0.0,0.0,0.0,0.0,0.0,0.08,0.06018518518518518,0.5,0.25
122,0.9594827160243534,0.49831036661501293,0.8633601550904778,0.4977839305331419,0.24520712264384206,0.508334552777583,0.641860465116279,0.4047836229629184,0.38986030209293143,0.10697674418604651,0.3942857142857143,0.37466872475024154,0.3787880766176169,0.07428571428571429,0.06046511627906977,0.045714285714285714,0.38571428571428573,15.882857142857143,0.08372093023255814,0.0,0.04431824698558701,0.08436634914903719,4.623255813953488,0.0,0.0,0.15,0.07906976744186046,0,0.1639327891662676,0.20724038382842394,4.304479327241036,0.6957788206394886,0.0,1.0,0.0,0.0,0.0,0.0,0.0,0.08,0.06046511627906977,0.5,0.25
123,0.9574724274480265,0.4996087428076396,0.8621252635364485,0.4981928579351015,0.24520712264384206,0.5086482578426823,0.6325581395348837,0.40496966947454627,0.38999983697665236,0.10697674418604651,0.38857142857142857,0.3747830104645272,0.3788737909033312,0.07428571428571429,0.05581395348837209,0.045714285714285714,0.38571428571428573,15.925714285714285,0.07906976744186046,0.0,0.04431824698558701,0.08436634914903719,4.623255813953488,0.0,0.0,0.15,0.07906976744186046,0,0.16422726807757912,0.2062041819092818,4.264104026410501,0.7218495912876053,0.0,0.875,0.0,0.0,0.0,0.0,0.0,0.08,0.05581395348837209,0.5,0.25
124,0.9567692887249744,0.5008055067249193,0.8616933354637162,0.4987132680060256,0.24520712264384206,0.5090002679498549,0.6976744186046512,0.40496966947454627,0.38999983697665236,0.10697674418604651,0.42857142857142855,0.3747830104645272,0.3788737909033312,0.07428571428571429,0.06976744186046512,0.04857142857142857,0.38571428571428573,16.002857142857142,0.07906976744186046,0.0,0.04431824698558701,0.08436634914903719,4.623255813953488,0.0,0.0,0.15,0.07906976744186046,0,0.1636915603086198,0.2051731609997354,4.22739337445372,0.7074125994618532,0.0,1.0,0.0,0.0,0.0,0.0,0.0,0.08,0.06976744186046512,0.5,0.25
125,0.9571876677593044,0.5013588764241289,0.861950339727662,0.499114322212639,0.24520712264384206,0.509287932014867,0.6697674418604651,0.4050626927303603,0.3900696044185129,0.10697674418604651,0.4114285714285714,0.3748401533216701,0.37891664804618835,0.07428571428571429,0.07441860465116279,0.054285714285714284,0.38571428571428573,16.054285714285715,0.07906976744186046,0.0,0.04431824698558701,0.08436634914903719,4.623255813953488,0.0,0.0,0.15,0.07906976744186046,0,0.16358724536421956,0.21702827782522657,4.197131221250359,0.7135583498578368,0.0,0.9473684210526315,0.0,0.0,0.0,0.0,0.0,0.08,0.07441860465116279,0.5,0.25
126,0.9590452490897227,0.5015263530379662,0.8630914254020617,0.49908974436773534,0.24520712264384206,0.5096443941872753,0.6511627906976745,0.4051557159861742,0.39013937186037334,0.10697674418604651,0.4,0.3748972961788129,0.3789595051890455,0.07428571428571429,0.06046511627906977,0.04285714285714286,0.38571428571428573,16.12857142857143,0.07906976744186046,0.0,0.04431824698558701,0.08436634914903719,4.623255813953488,0.0,0.0,0.15,0.07906976744186046,0,0.1634545955659699,0.21594313643610044,4.156045739682495,0.8659924690829587,0.0,0.9333333333333333,0.0,0.0,0.0,0.0,0.0,0.08,0.06046511627906977,0.5,0.25
127,0.9580759562998353,0.49987243923594615,0.8622594292000385,0.4982766664765625,0.24520712264384206,0.5099471326222799,0.6869158878504673,0.40519636504383605,0.3913669633330562,0.10747663551401869,0.42,0.3749544390359558,0.3790023623319026,0.07428571428571429,0.07009345794392523,0.054285714285714284,0.38857142857142857,16.16857142857143,0.07476635514018691,0.002857142857142857,0.04432037719129915,0.08436634914903718,4.616822429906542,0.0,0.0,0.15,0.0794392523364486,0,0.16337989401671146,0.22203838984738886,4.12721053917456,0.8862981392046686,0.0,0.9473684210526315,0.0,0.0,0.0,0.0,0.0,0.08,0.07441860465116279,0.5,0.25
128,0.9572225499618364,0.5009089289187129,0.8617376321819477,0.49875259156590185,0.24520712264384206,0.5100901938323159,0.6448598130841121,0.40519636504383605,0.3913669633330562,0.10747663551401869,0.3942857142857143,0.3749544390359558,0.3790023623319026,0.07428571428571429,0.07009345794392523,0.05142857142857143,0.38857142857142857,16.208571428571428,0.07476635514018691,0.0,0.04432037719129915,0.08436634914903718,4.616822429906542,0.0,0.0,0.15,0.0794392523364486,0,0.16287685240377076,0.2209281978981519,4.096094899819639,0.8685721764205753,0.0,1.0,0.0,0.0,0.0,0.0,0.0,0.08,0.07009345794392523,0.5,0.25
129,0.959808446327193,0.5015520556170899,0.8628575632739379,0.49928553341374576,0.24520712264384206,0.510017099717791,0.6854460093896714,0.40516774397286803,0.39302979707362545,0.107981220657277,0.41714285714285715,0.3749544390359558,0.3790023623319026,0.07428571428571429,0.06572769953051644,0.05142857142857143,0.3914285714285714,16.305714285714284,0.07042253521126761,0.002857142857142857,0.044340987080637294,0.08436634914903716,4.610328638497653,0.0,0.0,0.15,0.07981220657276995,0,0.16234803957032334,0.21982355690866115,4.065601573251818,0.8512007328921637,0.0,1.0,0.0,0.0,0.0,0.0,0.0,0.08,0.07009345794392523,0.5,0.25
130,0.9588344998493806,0.5023490340187329,0.8622648472745836,0.4994525393369325,0.24520712264384206,0.5100305423782562,0.6291079812206573,0.405261640686483,0.3931002196088368,0.107981220657277,0.38285714285714284,0.3750115818930986,0.3790452194747598,0.07428571428571429,0.06103286384976526,0.045714285714285714,0.3914285714285714,16.34285714285714,0.07042253521126761,0.0,0.044340987080637294,0.08436634914903716,4.610328638497653,0.0,0.0,0.15,0.07981220657276995,0,0.1621934422296146,0.2239470432714673,4.0300038275010674,0.8403131359636166,0.0,0.9375,0.0,0.0,0.0,0.0,0.0,0.08,0.06103286384976526,0.5,0.25
131,0.9583742102825861,0.5032910552391725,0.8619847281953628,0.5001506012528507,0.24520712264384206,0.5100189832411832,0.647887323943662,0.405261640686483,0.3931002196088368,0.107981220657277,0.3942857142857143,0.3750115818930986,0.3790452194747598,0.07428571428571429,0.06572769953051644,0.04285714285714286,0.3914285714285714,16.388571428571428,0.07042253521126761,0.0,0.044340987080637294,0.08436634914903716,4.610328638497653,0.0,0.0,0.15,0.07981220657276995,0,0.1616394750184665,0.22282730805510995,3.9922608938081883,0.8235068732443442,0.0,1.0,0.0,0.0,0.0,0.0,0.0,0.08,0.06572769953051644,0.5,0.25
132,0.9581201593151191,0.503961713592027,0.8618301200351617,0.5006901507078848,0.24520712264384206,0.5100894334657071,0.6338028169014085,0.405261640686483,0.3931002196088368,0.107981220657277,0.38571428571428573,0.3750115818930986,0.3790452194747598,0.07428571428571429,0.07042253521126761,0.04857142857142857,0.3914285714285714,16.445714285714285,0.07042253521126761,0.0,0.044340987080637294,0.08436634914903716,4.610328638497653,0.0,0.0,0.15,0.07981220657276995,0,0.16123028049694563,0.22171317151483438,3.9609871045034533,0.8070367357794573,0.0,1.0,0.0,0.0,0.0,0.0,0.0,0.08,0.07042253521126761,0.5,0.25
133,0.9568164205010287,0.5039202867855469,0.8610367018425865,0.5002021386164149,0.24520712264384206,0.5103709122918072,0.6244131455399061,0.4055433308273282,0.39331148721447057,0.107981220657277,0.38,0.3751830104645272,0.37917379090333114,0.07428571428571429,0.06572769953051644,0.04857142857142857,0.3914285714285714,16.53142857142857,0.07042253521126761,0.0,0.044340987080637294,0.08436634914903716,4.610328638497653,0.0,0.0,0.15,0.07981220657276995,0,0.161966986237318,0.2308816854321169,3.9303387909848126,0.8170728068875467,0.0,0.8235294117647058,0.0,0.0,0.0,0.0,0.0,0.08,0.06572769953051644,0.5,0.25
134,0.9588447182405715,0.5054490353502864,0.8616893396679516,0.5011242201600749,0.24520712264384206,0.5106202196418216,0.5990566037735849,0.4051070748492939,0.39220616426047855,0.10849056603773585,0.3628571428571429,0.3751830104645272,0.37917379090333114,0.07428571428571429,0.0660377358490566,0.04857142857142857,0.3942857142857143,16.565714285714286,0.0660377358490566,0.002857142857142857,0.044352280870192544,0.08436634914903718,4.59433962264151,0.0,0.0,0.15,0.08018867924528301,0,0.16144272273470286,0.22972727700495632,3.900303443736545,0.8007313507497957,0.0,1.0,0.0,0.0,0.0,0.0,0.0,0.08,0.06572769953051644,0.5,0.25
135,0.9594444250690702,0.5067503255907231,0.8620525906612138,0.5020031480324517,0.24520712264384206,0.5109596983769282,0.6179245283018868,0.4051070748492939,0.39220616426047855,0.10849056603773585,0.3742857142857143,0.3751830104645272,0.37917379090333114,0.07428571428571429,0.04245283018867924,0.025714285714285714,0.3942857142857143,16.597142857142856,0.0660377358490566,0.0,0.04436983258579931,0.08436634914903718,4.59433962264151,0.0,0.0,0.15,0.08018867924528301,0,0.1607783662638865,0.22857864061993155,3.8480116605761,0.7847167237347998,0.0,1.0,0.0,0.0,0.0,0.0,0.0,0.08,0.04245283018867924,0.5,0.25
136,0.9591905158569219,0.5083734139358096,0.8610887967681389,0.5024465778751106,0.24520712264384206,0.5113080216219937,0.6255924170616114,0.40589171815391445,0.39263790017704303,0.10900473933649289,0.37714285714285717,0.37524015332167004,0.3792166480461883,0.07428571428571429,0.05687203791469194,0.04,0.39714285714285713,16.62857142857143,0.061611374407582936,0.002857142857142857,0.04442006003173044,0.08436634914903718,4.559241706161138,0.0,0.0,0.15,0.08056872037914692,0,0.16065990300399563,0.2287046409748804,3.8110514273645784,0.7738274310228492,0.0,0.9285714285714286,0.0,0.0,0.0,0.0,0.0,0.08,0.06132075471698113,0.5,0.25
137,0.9595244212178038,0.5081333677194316,0.8612900939999846,0.5024674529985813,0.24520712264384206,0.5116285046772425,0.6872037914691943,0.40589171815391445,0.39263790017704303,0.10900473933649289,0.4142857142857143,0.37524015332167004,0.3792166480461883,0.07428571428571429,0.061611374407582936,0.04285714285714286,0.39714285714285713,16.69142857142857,0.061611374407582936,0.0,0.04442006003173044,0.08436634914903718,4.559241706161138,0.0,0.0,0.15,0.08056872037914692,0,0.16017003348897565,0.227561117770006,3.777687541674429,0.7583508824023922,0.0,1.0,0.0,0.0,0.0,0.0,0.0,0.08,0.061611374407582936,0.5,0.25
138,0.9591820599692038,0.5081615230371812,0.8610836990758284,0.5025154908930438,0.24520712264384206,0.5119297785375818,0.7061611374407583,0.40598650488377225,0.39270899022443634,0.10900473933649289,0.4257142857142857,0.37529729617881297,0.37925950518904544,0.07428571428571429,0.06635071090047394,0.04857142857142857,0.39714285714285713,16.725714285714286,0.061611374407582936,0.0,0.04442006003173044,0.08436634914903718,4.559241706161138,0.0,0.0,0.15,0.08056872037914692,0,0.1600547547501022,0.23528535158786754,3.7507052194123687,0.7966371310413225,0.0,0.9411764705882353,0.0,0.0,0.0,0.0,0.0,0.08,0.06635071090047394,0.5,0.25
139,0.9617248046119002,0.5089377854379378,0.8613958682349897,0.5026096260546302,0.24520712264384206,0.51212932253847,0.7095238095238096,0.40428282605722465,0.39407374748960833,0.10952380952380952,0.4257142857142857,0.37529729617881297,0.37925950518904544,0.07428571428571429,0.03333333333333333,0.025714285714285714,0.4,16.768571428571427,0.05714285714285714,0.002857142857142857,0.044436287797101515,0.08436634914903716,4.523809523809524,0.0,0.0,0.15,0.08095238095238096,0,0.15939733811920884,0.2341089248299282,3.701405400738407,0.780704388420496,0.0,1.0,0.0,0.0,0.0,0.0,0.0,0.08,0.037914691943127965,0.5,0.25
140,0.959567237779575,0.5098635136740665,0.8601013281355945,0.5031697705242307,0.24520712264384206,0.5124567771049741,0.6476190476190476,0.40428282605722465,0.39407374748960833,0.10952380952380952,0.38857142857142857,0.37529729617881297,0.37925950518904544,0.07428571428571429,0.04285714285714286,0.03428571428571429,0.4,16.765714285714285,0.05714285714285714,0.0,0.04446758873016764,0.08436634914903716,4.523809523809524,0.0,0.0,0.15,0.08095238095238096,0,0.15885720857146993,0.23293838020577856,3.6616630070093534,0.7650903006520862,0.0,1.0,0.0,0.0,0.0,0.0,0.0,0.08,0.04285714285714286,0.5,0.25
141,0.9598691309191384,0.5091131356179821,0.8602824640193325,0.5025125476167271,0.24520712264384206,0.5127286541754205,0.7142857142857143,0.40428282605722465,0.39407374748960833,0.10952380952380952,0.42857142857142855,0.37529729617881297,0.37925950518904544,0.07428571428571429,0.04285714285714286,0.03142857142857143,0.4,16.822857142857142,0.05714285714285714,0.0,0.04446758873016764,0.08436634914903716,4.523809523809524,0.0,0.0,0.15,0.08095238095238096,0,0.15826249467146974,0.23177368830474965,3.619858318297738,0.7497884946390444,0.0,1.0,0.0,0.0,0.0,0.0,0.0,0.08,0.04285714285714286,0.5,0.25
142,0.9595224908616143,0.5093963960651245,0.8600625488050956,0.5022400617129034,0.24520712264384206,0.512947658536566,0.6076555023923444,0.40539345088702516,0.3935359695037739,0.11004784688995216,0.3628571428571429,0.37529729617881297,0.37925950518904544,0.07428571428571429,0.03827751196172249,0.03428571428571429,0.40285714285714286,16.874285714285715,0.05263157894736842,0.002857142857142857,0.044509584204294884,0.08436634914903715,4.497607655502392,0.0,0.0,0.15,0.08133971291866028,0,0.15772789648382665,0.2306148198632259,3.581746866217497,0.7347927247462634,0.0,1.0,0.0,0.0,0.0,0.0,0.0,0.08,0.04285714285714286,0.5,0.25
143,0.9646984142137965,0.5106365577320652,0.8602617518405424,0.5025893084724474,0.24520712264384206,0.513107503518905,0.5893719806763285,0.40772676423282334,0.39435777920610515,0.1111111111111111,0.3485714285714286,0.37529729617881297,0.37925950518904544,0.07428571428571429,0.03864734299516908,0.037142857142857144,0.4085714285714286,16.951428571428572,0.043478260869565216,0.005714285714285714,0.044627673925151067,0.08436634914903718,4.42512077294686,0.0,0.0,0.15,0.0821256038647343,0,0.1571676855728361,0.22946174576390976,3.5472547860360044,0.7200968702513383,0.0,1.0,0.0,0.0,0.0,0.0,0.0,0.08,0.04784688995215311,0.5,0.25
144,0.9676340150856448,0.5117611893461828,0.8604829884589665,0.5034022975916046,0.24520712264384206,0.5133164695412806,0.6764705882352942,0.40998228766668965,0.3940220066170973,0.11274509803921569,0.3942857142857143,0.37529729617881297,0.37925950518904544,0.07428571428571429,0.029411764705882353,0.03428571428571429,0.41714285714285715,16.94857142857143,0.029411764705882353,0.008571428571428572,0.045094351332393375,0.08436634914903718,4.019607843137255,0.0,0.0,0.15,0.08333333333333333,0,0.15666713357354337,0.22831443703509022,3.5105954046009984,0.7056949328463115,0.0,1.0,0.0,0.0,0.0,0.0,0.0,0.08,0.043478260869565216,0.5,0.25
145,0.9687533403277688,0.5118106888951439,0.8611353951715188,0.5031046295192036,0.24520712264384206,0.5135932420853614,0.6666666666666666,0.4100803268823759,0.39409553602886205,0.11274509803921569,0.38857142857142857,0.37535443903595583,0.37930236233190257,0.07428571428571429,0.03431372549019608,0.025714285714285714,0.41714285714285715,16.982857142857142,0.03431372549019608,0.0,0.04526048305253961,0.08436634914903718,4.019607843137255,0.0,0.0,0.15,0.0784313725490196,0,0.15651236933424706,0.23922862821267016,3.4660977822232644,0.7879909900220899,0.0,0.8888888888888888,0.0,0.0,0.0,0.0,0.0,0.08,0.03431372549019608,0.5,0.25
146,0.9663024384287863,0.5128325357504351,0.8597068694932546,0.5039869728956744,0.24520712264384206,0.5139733641200069,0.6764705882352942,0.4101783660980622,0.39416906544062674,0.11274509803921569,0.3942857142857143,0.37541158189309864,0.37934521947475974,0.07428571428571429,0.029411764705882353,0.02,0.41714285714285715,17.00857142857143,0.03431372549019608,0.0,0.04526048305253961,0.08436634914903718,4.019607843137255,0.0,0.0,0.15,0.0784313725490196,0,0.1563012360590044,0.2400775481391023,3.4167758265787986,0.8062896452281897,0.0,0.8571428571428571,0.0,0.0,0.0,0.0,0.0,0.08,0.029411764705882353,0.5,0.25
147,0.9650590031667966,0.5134010462149408,0.8589290201085292,0.5044060937760089,0.24520712264384206,0.5140931568489329,0.6748768472906403,0.4101011736459228,0.39351073632107647,0.11330049261083744,0.3914285714285714,0.37546872475024146,0.3793880766176169,0.07428571428571429,0.029556650246305417,0.022857142857142857,0.42,17.017142857142858,0.029556650246305417,0.002857142857142857,0.04531596645474943,0.08436634914903716,3.9704433497536944,0.0,0.0,0.15,0.07881773399014778,0,0.1561765870215665,0.24359060900025284,3.3712974529043658,0.8514289400061105,0.0,0.875,0.0,0.0,0.0,0.0,0.0,0.08,0.029411764705882353,0.5,0.25
148,0.9667777068618811,0.5143126433008836,0.8599258682516783,0.504905293951055,0.24520712264384206,0.5143909003042978,0.6798029556650246,0.4102982179808982,0.39365851957230796,0.11330049261083744,0.3942857142857143,0.37558301046452724,0.3794737909033311,0.07428571428571429,0.034482758620689655,0.025714285714285714,0.42,17.054285714285715,0.029556650246305417,0.0,0.045348346730335075,0.08436634914903716,3.9704433497536944,0.0,0.0,0.15,0.07881773399014778,0,0.15645270408645867,0.24237265595525156,3.329585789560564,1.0,0.0,0.7777777777777778,0.0,0.0,0.0,0.0,0.0,0.08,0.034482758620689655,0.5,0.25
149,0.9668275051028693,0.5142938461371284,0.8599547512314514,0.5037806558441901,0.24520712264384206,0.5146041025192808,0.6403940886699507,0.4103967401483859,0.3937324111979238,0.11330049261083744,0.37142857142857144,0.3756401533216701,0.3795166480461883,0.07428571428571429,0.029556650246305417,0.022857142857142857,0.42,17.091428571428573,0.029556650246305417,0.0,0.045348346730335075,0.08436634914903716,3.9704433497536944,0.0,0.0,0.15,0.07881773399014778,0,0.15629886913745497,0.2573453833340102,3.2858512166264955,0.98,0.0,0.875,0.0,0.0,0.0,0.0,0.0,0.08,0.029556650246305417,0.5,0.25
150,0.9658149286383215,0.5132862300308519,0.8593674568820137,0.5037471924013114,0.24520712264384206,0.5147624144280666,0.6748768472906403,0.4103967401483859,0.3937324111979238,0.11330049261083744,0.3914285714285714,0.3756401533216701,0.3795166480461883,0.07428571428571429,0.024630541871921183,0.017142857142857144,0.42,17.045714285714286,0.029556650246305417,0.0,0.045348346730335075,0.08436634914903716,3.9704433497536944,0.0,0.0,0.15,0.07881773399014778,0,0.1557172319346248,0.25605865641734016,3.2372770494368224,0.9603999999999999,0.0,1.0,0.0,0.0,0.0,0.0,0.0,0.08,0.024630541871921183,0.5,0.25
151,0.9644872651007413,0.5138558724328339,0.8585974120302171,0.5037191732660254,0.24520712264384206,0.5147257027661776,0.7093596059113301,0.4103967401483859,0.3937324111979238,0.11330049261083744,0.4114285714285714,0.3756401533216701,0.3795166480461883,0.07428571428571429,0.029556650246305417,0.02,0.42,17.08,0.034482758620689655,0.0,0.045348346730335075,0.08436634914903716,3.9704433497536944,0.0,0.0,0.15,0.07881773399014778,0,0.1551385029178088,0.2547783631352534,3.1925315084480865,0.9411919999999999,0.0,1.0,0.0,0.0,0.0,0.0,0.0,0.08,0.029556650246305417,0.5,0.25
152,0.9636791692902253,0.5146510429484199,0.8581287164601177,0.50378155553385,0.24520712264384206,0.5146197864684713,0.6945812807881774,0.4103967401483859,0.3937324111979238,0.11330049261083744,0.40285714285714286,0.3756401533216701,0.3795166480461883,0.07428571428571429,0.029556650246305417,0.022857142857142857,0.42,17.054285714285715,0.029556650246305417,0.0,0.045348346730335075,0.08436634914903716,3.9704433497536944,0.0,0.0,0.15,0.07881773399014778,0,0.15459123897464838,0.25350447131957715,3.151538021136267,0.9223681599999999,0.0,1.0,0.0,0.0,0.0,0.0,0.0,0.08,0.029556650246305417,0.5,0.25
153,0.9643045350474061,0.51580921620119,0.8584914285992827,0.5043009923766892,0.24520712264384206,0.5147263903436983,0.7487684729064039,0.4103967401483859,0.3937324111979238,0.11330049261083744,0.4342857142857143,0.3756401533216701,0.3795166480461883,0.07428571428571429,0.029556650246305417,0.02,0.42,17.134285714285713,0.029556650246305417,0.0,0.045348346730335075,0.08436634914903716,3.9704433497536944,0.0,0.0,0.15,0.07881773399014778,0,0.15398971135120368,0.25223694896297927,3.108507260713542,0.9039207967999998,0.0,1.0,0.0,0.0,0.0,0.0,0.0,0.08,0.029556650246305417,0.5,0.25
154,0.9659228993966493,0.5166180315817149,0.8592105734069883,0.5047179440496707,0.24520712264384206,0.5148845258709129,0.7227722772277227,0.40757692203030865,0.39080534392662636,0.10891089108910891,0.41714285714285715,0.3756972961788129,0.3795595051890455,0.07428571428571429,0.024752475247524754,0.02,0.4228571428571429,17.14857142857143,0.024752475247524754,0.002857142857142857,0.045430054523506666,0.08436634914903716,3.8514851485148514,0.0,0.0,0.15,0.07920792079207921,0,0.15384819136587624,0.25097576421816437,3.066337115499271,0.8868365989611536,0.0,0.8571428571428571,0.0,0.0,0.0,0.0,0.0,0.08,0.029556650246305417,0.5,0.25
155,0.9674012522602585,0.5164833154099612,0.860063794202557,0.5046311459471667,0.24520712264384206,0.515251745966401,0.7524752475247525,0.40757692203030865,0.39080534392662636,0.10891089108910891,0.4342857142857143,0.3756972961788129,0.3795595051890455,0.07428571428571429,0.019801980198019802,0.014285714285714285,0.4228571428571429,17.18285714285714,0.024752475247524754,0.0,0.045544951399283815,0.08436634914903716,3.8514851485148514,0.0,0.0,0.15,0.07920792079207921,0,0.15325023612333258,0.24972088539707352,3.019296087474999,0.8690998669819305,0.0,1.0,0.0,0.0,0.0,0.0,0.0,0.08,0.019801980198019802,0.5,0.25
156,0.969551277282167,0.5163010585002004,0.8610608468676345,0.5044842120509221,0.24520712264384206,0.5157489280033977,0.7412935323383084,0.4062582284448457,0.3922309866525619,0.10945273631840796,0.4257142857142857,0.3756972961788129,0.3795595051890455,0.07428571428571429,0.01990049751243781,0.014285714285714285,0.4257142857142857,17.2,0.01990049751243781,0.002857142857142857,0.04553204410625135,0.08436634914903716,3.8407960199004973,0.0,0.0,0.15,0.07960199004975124,0,0.15262684208557306,0.24847228097008814,2.9731958800112137,0.8517178696422919,0.0,1.0,0.0,0.0,0.0,0.0,0.0,0.08,0.019801980198019802,0.5,0.25
157,0.9715147838539822,0.516325022311443,0.8621884606417342,0.5049130888417098,0.24520712264384206,0.5162777851855548,0.7213930348258707,0.40635773093240796,0.3923056135182335,0.10945273631840796,0.4142857142857143,0.3757544390359558,0.3796023623319026,0.07428571428571429,0.01990049751243781,0.014285714285714285,0.4257142857142857,17.271428571428572,0.01990049751243781,0.0,0.04555957477285252,0.08436634914903716,3.8407960199004973,0.0,0.0,0.15,0.07960199004975124,0,0.15240656501800234,0.2472299195652377,2.9280176766967037,0.8517847991022045,0.0,0.8,0.0,0.0,0.0,0.0,0.0,0.08,0.01990049751243781,0.5,0.25
158,0.9719369786398735,0.5172256550099977,0.8624309210759176,0.5049764741551467,0.24520712264384206,0.5166352156493326,0.6368159203980099,0.40635773093240796,0.3923056135182335,0.10945273631840796,0.3657142857142857,0.3757544390359558,0.3796023623319026,0.07428571428571429,0.014925373134328358,0.011428571428571429,0.4257142857142857,17.265714285714285,0.01990049751243781,0.0,0.04555957477285252,0.08436634914903716,3.8407960199004973,0.0,0.0,0.15,0.07960199004975124,0,0.15178724647862663,0.2459937699674115,2.880885894591341,0.8347491031201604,0.0,1.0,0.0,0.0,0.0,0.0,0.0,0.08,0.014925373134328358,0.5,0.25
159,0.9706504856442063,0.5179248458210569,0.8616921065269773,0.5055624393879319,0.24520712264384206,0.5171446533907856,0.6716417910447762,0.4065567359075323,0.39245486724957684,0.10945273631840796,0.38571428571428573,0.37586872475024147,0.3796880766176169,0.07428571428571429,0.024875621890547265,0.017142857142857144,0.4257142857142857,17.3,0.024875621890547265,0.0,0.04555957477285252,0.08436634914903716,3.8407960199004973,0.0,0.0,0.15,0.07960199004975124,0,0.15202816738909064,0.24476380111757443,2.8404110338423716,0.9041652384386724,0.0,0.6666666666666666,0.0,0.0,0.0,0.0,0.0,0.08,0.024875621890547265,0.5,0.25
160,0.9714113471445018,0.5170723524193904,0.8621290584171468,0.504961680508423,0.24520712264384206,0.5177827993744215,0.6865671641791045,0.4065567359075323,0.39245486724957684,0.10945273631840796,0.3942857142857143,0.37586872475024147,0.3796880766176169,0.07428571428571429,0.01990049751243781,0.014285714285714285,0.4257142857142857,17.305714285714284,0.024875621890547265,0.0,0.04555957477285252,0.08436634914903716,3.8407960199004973,0.0,0.0,0.15,0.07960199004975124,0,0.15143931226643087,0.24353998211198657,2.797888527451238,0.886081933669899,0.0,1.0,0.0,0.0,0.0,0.0,0.0,0.08,0.01990049751243781,0.5,0.25
161,0.9713479190633483,0.5168881195410803,0.8620926325762558,0.5041878183091614,0.24520712264384206,0.5184258671510898,0.681592039800995,0.40675574088265665,0.3926041209809201,0.10945273631840796,0.3914285714285714,0.37598301046452726,0.3797737909033312,0.07428571428571429,0.029850746268656716,0.02,0.4257142857142857,17.32,0.024875621890547265,0.0,0.04555957477285252,0.08436634914903716,3.8407960199004973,0.0,0.0,0.15,0.07960199004975124,0,0.15168211570509874,0.24286238913023608,2.7619307569022133,0.8911514831812488,0.0,0.7142857142857143,0.0,0.0,0.0,0.0,0.0,0.08,0.029850746268656716,0.5,0.25
162,0.9711689128264956,0.5169927849992016,0.8619898318516633,0.5045598685508222,0.24520712264384206,0.5188053931260534,0.6616915422885572,0.40675574088265665,0.3926041209809201,0.10945273631840796,0.38,0.37598301046452726,0.3797737909033312,0.07428571428571429,0.01990049751243781,0.014285714285714285,0.4257142857142857,17.357142857142858,0.029850746268656716,0.0,0.04555957477285252,0.08436634914903716,3.8407960199004973,0.0,0.0,0.15,0.07960199004975124,0,0.15106656226943035,0.24164807718458492,2.7209778560498834,0.8733284535176239,0.0,1.0,0.0,0.0,0.0,0.0,0.0,0.08,0.01990049751243781,0.5,0.25
163,0.9700541972505097,0.5165492405966646,0.8613496666208829,0.5046866381143816,0.24520712264384206,0.5193635779378565,0.6965174129353234,0.40695474585778096,0.3927533747122634,0.10945273631840796,0.4,0.3760972961788129,0.3798595051890455,0.07428571428571429,0.024875621890547265,0.014285714285714285,0.4257142857142857,17.334285714285713,0.024875621890547265,0.0,0.04555957477285252,0.08436634914903716,3.8407960199004973,0.0,0.0,0.15,0.07960199004975124,0,0.15125408660094036,0.24043983679866202,2.6808440132146,0.8894949587776007,0.0,0.6,0.0,0.0,0.0,0.0,0.0,0.08,0.024875621890547265,0.5,0.25
164,0.9689224972249515,0.516663368681713,0.860699747463348,0.504524612414018,0.24520712264384206,0.5196851468846976,0.7263681592039801,0.40735275580802977,0.39305188217494996,0.10945273631840796,0.41714285714285715,0.37632586760738435,0.38003093376047403,0.07428571428571429,0.03482587064676617,0.025714285714285714,0.4257142857142857,17.388571428571428,0.029850746268656716,0.0,0.04555957477285252,0.08436634914903716,3.8407960199004973,0.0,0.0,0.15,0.07960199004975124,0,0.15241181616793567,0.2392376376146687,2.6529414186645934,0.9039207967999998,0.0,0.5555555555555556,0.0,0.0,0.0,0.0,0.0,0.08,0.03482587064676617,0.5,0.25
165,0.9731654815602249,0.5181535133068895,0.8631364327530335,0.5053070283982075,0.24520712264384206,0.5199494151352811,0.7064676616915423,0.40745225829559195,0.3931265090406216,0.10945273631840796,0.4057142857142857,0.3763830104645272,0.3800737909033312,0.07428571428571429,0.01990049751243781,0.011428571428571429,0.4257142857142857,17.402857142857144,0.024875621890547265,0.0,0.04555957477285252,0.08436634914903716,3.8407960199004973,0.0,0.0,0.15,0.07960199004975124,0,0.15216404280138168,0.2388018646463544,2.6113111617198737,0.8894949587776007,0.0,0.75,0.0,0.0,0.0,0.0,0.0,0.08,0.01990049751243781,0.5,0.25
166,0.9730385131144136,0.5177351112973752,0.8630635165884388,0.5052324934178677,0.24520712264384206,0.520164458718573,0.6766169154228856,0.40755176078315414,0.3932011359062933,0.10945273631840796,0.38857142857142857,0.37644015332167,0.38011664804618833,0.07428571428571429,0.024875621890547265,0.017142857142857144,0.4257142857142857,17.445714285714285,0.01990049751243781,0.0,0.04555957477285252,0.08436634914903716,3.8407960199004973,0.0,0.0,0.15,0.07960199004975124,0,0.15203150830166048,0.23760785532312262,2.576227795628333,0.9076479171200007,0.0,0.8333333333333334,0.0,0.0,0.0,0.0,0.0,0.08,0.024875621890547265,0.5,0.25
167,0.9724170332854176,0.5183255666089118,0.86270660960093,0.5055192179695549,0.24520712264384206,0.5204517142320131,0.6716417910447762,0.40755176078315414,0.3932011359062933,0.10945273631840796,0.38571428571428573,0.37644015332167,0.38011664804618833,0.07428571428571429,0.014925373134328358,0.008571428571428572,0.4257142857142857,17.46,0.01990049751243781,0.0,0.04555957477285252,0.08436634914903716,3.8407960199004973,0.0,0.0,0.15,0.07960199004975124,0,0.1513570650458665,0.236419816046507,2.533274668287195,0.8894949587776007,0.0,1.0,0.0,0.0,0.0,0.0,0.0,0.08,0.014925373134328358,0.5,0.25
168,0.972726851453669,0.5188976913870393,0.8628845337489829,0.5061486208366409,0.24520712264384206,0.5207774097961769,0.6169154228855721,0.40775076575827846,0.3933503896376366,0.10945273631840796,0.35428571428571426,0.3765544390359558,0.38020236233190263,0.07428571428571429,0.029850746268656716,0.017142857142857144,0.4257142857142857,17.50857142857143,0.01990049751243781,0.0,0.04555957477285252,0.08436634914903716,3.8407960199004973,0.0,0.0,0.15,0.07960199004975124,0,0.15160013686349427,0.23523771696627446,2.4997520320643076,0.9513005515979828,0.0,0.6666666666666666,0.0,0.0,0.0,0.0,0.0,0.08,0.029850746268656716,0.5,0.25
169,0.9727502342645227,0.5182148573042649,0.8628979621632161,0.5057508887679169,0.24520712264384206,0.5209820073095349,0.6766169154228856,0.40775076575827846,0.3933503896376366,0.10945273631840796,0.38857142857142857,0.3765544390359558,0.38020236233190263,0.07428571428571429,0.01990049751243781,0.014285714285714285,0.4257142857142857,17.482857142857142,0.01990049751243781,0.0,0.04555957477285252,0.08436634914903716,3.8407960199004973,0.0,0.0,0.15,0.07960199004975124,0,0.15104170832203395,0.2340615283814431,2.464042705708736,0.9322745405660231,0.0,1.0,0.0,0.0,0.0,0.0,0.0,0.08,0.01990049751243781,0.5,0.25
170,0.9762025556460371,0.518498086709438,0.863223702530958,0.5060716086240393,0.24520712264384206,0.5212009470819974,0.695,0.40835191019430267,0.39498962587950537,0.11,0.39714285714285713,0.3765544390359558,0.38020236233190263,0.07428571428571429,0.01,0.011428571428571429,0.42857142857142855,17.52857142857143,0.015,0.002857142857142857,0.04574818914088361,0.08436634914903716,3.67,0.0,0.0,0.15,0.08,0,0.1504007854947095,0.2328912207395359,2.4261904230231326,0.9136290497547026,0.0,1.0,0.0,0.0,0.0,0.0,0.0,0.08,0.014925373134328358,0.5,0.25
171,0.9745176297376292,0.5191321982899226,0.8622608877261535,0.5069044410501162,0.24520712264384206,0.5214875101302043,0.675,0.40835191019430267,0.39498962587950537,0.11,0.38571428571428573,0.3765544390359558,0.38020236233190263,0.07428571428571429,0.015,0.008571428571428572,0.42857142857142855,17.514285714285716,0.015,0.0,0.04582494058709598,0.08436634914903716,3.67,0.0,0.0,0.15,0.08,0,0.14976292442437883,0.23172676463583822,2.386238043134098,0.8953564687596085,0.0,1.0,0.0,0.0,0.0,0.0,0.0,0.08,0.015,0.5,0.25
172,0.975353595683082,0.5192481389470051,0.8616250248819639,0.5070228327542488,0.24520712264384206,0.521910899658951,0.6515151515151515,0.4077784236459103,0.3961053505713902,0.1111111111111111,0.36857142857142855,0.3765544390359558,0.38020236233190263,0.07428571428571429,0.005050505050505051,0.005714285714285714,0.4342857142857143,17.505714285714287,0.005050505050505051,0.005714285714285714,0.04589062967464817,0.08436634914903718,3.6161616161616164,0.0,0.0,0.15,0.08080808080808081,0,0.14907125265939977,0.230568130812659,2.3442275679857025,0.8774493393844163,0.0,1.0,0.0,0.0,0.0,0.0,0.0,0.08,0.01,0.5,0.25
173,0.9757406854458895,0.5199018233059992,0.8618440070906378,0.5067227228589494,0.24520712264384206,0.5223266348077393,0.6616161616161617,0.4077784236459103,0.3961053505713902,0.1111111111111111,0.3742857142857143,0.3765544390359558,0.38020236233190263,0.07428571428571429,0.005050505050505051,0.002857142857142857,0.4342857142857143,17.53142857142857,0.005050505050505051,0.0,0.045912771254665835,0.08436634914903718,3.6161616161616164,0.0,0.0,0.15,0.08080808080808081,0,0.1483544678246742,0.22941529015859574,2.300200159483131,0.859900352596728,0.0,1.0,0.0,0.0,0.0,0.0,0.0,0.08,0.005050505050505051,0.5,0.25
174,0.9768574669771195,0.5204805057377603,0.8624757863568764,0.5064680055470685,0.24520712264384206,0.5226775555278366,0.6464646464646465,0.40787943374692043,0.3961811081471477,0.1111111111111111,0.3657142857142857,0.3766115818930986,0.3802452194747598,0.07428571428571429,0.010101010101010102,0.005714285714285714,0.4342857142857143,17.54,0.005050505050505051,0.0,0.045912771254665835,0.08436634914903718,3.6161616161616164,0.0,0.0,0.15,0.08080808080808081,0,0.1480698383426937,0.22826821370780276,2.2599104420077536,0.8506568720925236,0.0,0.5,0.0,0.0,0.0,0.0,0.0,0.08,0.010101010101010102,0.5,0.25
175,0.9774380535457089,0.5197462896843501,0.8628042324728215,0.5058475539921952,0.24520712264384206,0.522982429267345,0.7121212121212122,0.4079804438479305,0.39625686572290536,0.1111111111111111,0.40285714285714286,0.3766687247502415,0.38028807661761693,0.07428571428571429,0.010101010101010102,0.005714285714285714,0.4342857142857143,17.52857142857143,0.005050505050505051,0.0,0.045912771254665835,0.08436634914903718,3.6161616161616164,0.0,0.0,0.15,0.08080808080808081,0,0.1477866320081231,0.22712687263926373,2.2204265188818844,0.8371855392418075,0.0,0.5,0.0,0.0,0.0,0.0,0.0,0.08,0.010101010101010102,0.5,0.25
176,0.9763338959689565,0.5220855585428421,0.8621795947579728,0.5072461778228164,0.24520712264384206,0.5235122197169318,0.6868686868686869,0.4079804438479305,0.39625686572290536,0.1111111111111111,0.38857142857142857,0.3766687247502415,0.38028807661761693,0.07428571428571429,0.005050505050505051,0.002857142857142857,0.4342857142857143,17.485714285714284,0.010101010101010102,0.0,0.045912771254665835,0.08436634914903718,3.6161616161616164,0.0,0.0,0.15,0.08080808080808081,0,0.1470762702766539,0.22599123827606743,2.17887513136139,0.8204418284569713,0.0,1.0,0.0,0.0,0.0,0.0,0.0,0.08,0.005050505050505051,0.5,0.25
177,0.976672681143853,0.5224559367625148,0.8623712503712,0.5078636643679011,0.24520712264384206,0.5240081911305073,0.6616161616161617,0.4080814539489406,0.39633262329866287,0.1111111111111111,0.3742857142857143,0.37672586760738436,0.380330933760474,0.07428571428571429,0.010101010101010102,0.005714285714285714,0.4342857142857143,17.537142857142857,0.010101010101010102,0.0,0.045912771254665835,0.08436634914903718,3.6161616161616164,0.0,0.0,0.15,0.08080808080808081,0,0.14679803178241346,0.23114964847102273,2.1410119144484474,0.8362853657207474,0.0,0.5,0.0,0.0,0.0,0.0,0.0,0.08,0.010101010101010102,0.5,0.25
178,0.9738989925025598,0.5218478115998834,0.8608021350826971,0.5075016968945824,0.24520712264384206,0.5244612891649142,0.6767676767676768,0.4080814539489406,0.39633262329866287,0.1111111111111111,0.38285714285714284,0.37672586760738436,0.380330933760474,0.07428571428571429,0.005050505050505051,0.002857142857142857,0.4342857142857143,17.545714285714286,0.010101010101010102,0.0,0.045912771254665835,0.08436634914903718,3.6161616161616164,0.0,0.0,0.15,0.08080808080808081,0,0.14609261305207283,0.22999390022866764,2.101048819016621,0.8195596584063325,0.0,1.0,0.0,0.0,0.0,0.0,0.0,0.08,0.005050505050505051,0.5,0.25
179,0.9738673033106838,0.5208924812541518,0.86078420805415,0.5073102842870226,0.24520712264384206,0.5248294777061566,0.6313131313131313,0.40818246404995073,0.39640838087442043,0.1111111111111111,0.35714285714285715,0.37678301046452717,0.3803737909033312,0.07428571428571429,0.010101010101010102,0.005714285714285714,0.4342857142857143,17.557142857142857,0.010101010101010102,0.0,0.045912771254665835,0.08436634914903718,3.6161616161616164,0.0,0.0,0.15,0.08080808080808081,0,0.1458192928439553,0.242115339660649,2.064742128350575,0.8256393551668176,0.0,0.5,0.0,0.0,0.0,0.0,0.0,0.08,0.010101010101010102,0.5,0.25
180,0.9732896495314585,0.521899449931082,0.8604574210590453,0.5080068483393735,0.24520712264384206,0.5253779247249973,0.6868686868686869,0.40818246404995073,0.39640838087442043,0.1111111111111111,0.38857142857142857,0.37678301046452717,0.3803737909033312,0.07428571428571429,0.005050505050505051,0.002857142857142857,0.4342857142857143,17.562857142857144,0.010101010101010102,0.0,0.045912771254665835,0.08436634914903718,3.6161616161616164,0.0,0.0,0.15,0.08080808080808081,0,0.145118767808307,0.24090476296234573,2.026304428640706,0.8091265680634814,0.0,1.0,0.0,0.0,0.0,0.0,0.0,0.08,0.005050505050505051,0.5,0.25
181,0.9746750266273632,0.5221190671831007,0.8612411486733,0.5081783894826799,0.24520712264384206,0.5259677468718179,0.7121212121212122,0.40828347415096083,0.396484138450178,0.1111111111111111,0.40285714285714286,0.3768401533216701,0.3804166480461884,0.07428571428571429,0.010101010101010102,0.005714285714285714,0.4342857142857143,17.611428571428572,0.010101010101010102,0.0,0.045912771254665835,0.08436634914903718,3.6161616161616164,0.0,0.0,0.15,0.08080808080808081,0,0.1448503168264083,0.23970023914753402,1.991492625782178,0.799339865699622,0.0,0.5,0.0,0.0,0.0,0.0,0.0,0.08,0.010101010101010102,0.5,0.25
182,0.9749568551996636,0.5217839437996281,0.8614005831227728,0.5076690031518257,0.24520712264384206,0.5264700505793289,0.6161616161616161,0.40828347415096083,0.396484138450178,0.1111111111111111,0.3485714285714286,0.3768401533216701,0.3804166480461884,0.07428571428571429,0.005050505050505051,0.002857142857142857,0.4342857142857143,17.634285714285713,0.010101010101010102,0.0,0.045912771254665835,0.08436634914903718,3.6161616161616164,0.0,0.0,0.15,0.08080808080808081,0,0.1445546366708477,0.23850173795179633,1.9545199161236768,0.7833530683856297,0.0,0.0,0.0,0.0,0.0,0.0,0.0,0.08,0.005050505050505051,0.5,0.25
183,0.9756922608139686,0.5220802300474807,0.8618166125845795,0.5078635671528083,0.24520712264384206,0.5269353497597139,0.6767676767676768,0.40848549435298104,0.39663565360169317,0.11616161616161616,0.38285714285714284,0.37695443903595577,0.3805023623319026,0.07714285714285714,0.015151515151515152,0.008571428571428572,0.4342857142857143,17.617142857142856,0.005050505050505051,0.0,0.045912771254665835,0.08436634914903718,3.6161616161616164,0.0,0.0,0.15,0.08080808080808081,0,0.1447460063446363,0.24254799548001615,1.9240009463726317,0.8107603639323933,0.0,0.3333333333333333,0.0,0.0,0.0,0.0,0.0,0.08,0.015151515151515152,0.5,0.25
184,0.9737626953823076,0.5215002292707543,0.8607250298546686,0.5071112683852232,0.24520712264384206,0.5271996838737858,0.5909090909090909,0.40848549435298104,0.39663565360169317,0.11616161616161616,0.3342857142857143,0.37695443903595577,0.3805023623319026,0.07714285714285714,0.005050505050505051,0.002857142857142857,0.4342857142857143,17.597142857142856,0.005050505050505051,0.0,0.045912771254665835,0.08436634914903718,3.6161616161616164,0.0,0.0,0.15,0.08080808080808081,0,0.14405084774148455,0.24133525550261606,1.888378070302322,0.7945451566537454,0.0,1.0,0.0,0.0,0.0,0.0,0.0,0.08,0.005050505050505051,0.5,0.25
185,0.9748904447209432,0.5225687220972812,0.8606708869903886,0.5073977838796313,0.24520712264384206,0.5274338002899299,0.6548223350253807,0.410145162830839,0.3974515589079334,0.116751269035533,0.36857142857142855,0.37695443903595577,0.3805023623319026,0.07714285714285714,0.0,0.002857142857142857,0.43714285714285717,17.60857142857143,0.0,0.002857142857142857,0.0460980248722373,0.08436634914903719,3.451776649746193,0.0,0.0,0.15,0.08121827411167512,0,0.14335916493134856,0.24012857922510297,1.8534676517534185,0.7786542535206704,0.0,1.0,0.0,0.0,0.0,0.0,0.0,0.08,0.005050505050505051,0.5,0.25
186,0.9754961319140458,0.5243397068216983,0.8610118023533635,0.5080032360644847,0.24520712264384206,0.5277092872216623,0.6954314720812182,0.410145162830839,0.3974515589079334,0.116751269035533,0.3914285714285714,0.37695443903595577,0.3805023623319026,0.07714285714285714,0.0,0.0,0.43714285714285717,17.588571428571427,0.005076142131979695,0.0,0.04618290986750504,0.08436634914903719,3.451776649746193,0.0,0.0,0.15,0.08121827411167512,0,0.14264236910669184,0.23892793632897746,1.8163982987183502,0.763081168450257,0.0,0.0,0.0,0.0,0.0,0.0,0.0,0.08,0.0,0.5,0.25
187,0.9755529496174586,0.5245744011278011,0.8610437826035702,0.5077962610093304,0.24520712264384206,0.5278176037288743,0.7055837563451777,0.4102466856734785,0.3975277010399131,0.116751269035533,0.39714285714285713,0.37701158189309864,0.3805452194747598,0.07714285714285714,0.005076142131979695,0.002857142857142857,0.43714285714285717,17.554285714285715,0.0,0.0,0.04618290986750504,0.08436634914903719,3.451776649746193,0.0,0.0,0.15,0.08121827411167512,0,0.1423577286897298,0.2407980448628721,1.782927475601126,0.7705918227075738,0.0,0.0,0.0,0.0,0.0,0.0,0.0,0.08,0.005076142131979695,0.5,0.25
188,0.9752766823315586,0.5245314770010503,0.8608882835883637,0.5078580271772868,0.24520712264384206,0.527982321504501,0.6446700507614214,0.41034820851611814,0.3976038431718928,0.116751269035533,0.3628571428571429,0.37706872475024145,0.38058807661761695,0.07714285714285714,0.005076142131979695,0.002857142857142857,0.43714285714285717,17.571428571428573,0.005076142131979695,0.0,0.04618290986750504,0.08436634914903719,3.451776649746193,0.0,0.0,0.15,0.08121827411167512,0,0.14207451147485256,0.23959405463855774,1.7501260689462463,0.7743874988539077,0.0,0.0,0.0,0.0,0.0,0.0,0.0,0.08,0.005076142131979695,0.5,0.25
189,0.9766648818344852,0.5258098207198357,0.8616696415942965,0.5083819297448953,0.24520712264384206,0.5283043612735796,0.6649746192893401,0.41044973135875773,0.39767998530387244,0.116751269035533,0.3742857142857143,0.37712586760738437,0.3806309337604741,0.07714285714285714,0.005076142131979695,0.002857142857142857,0.43714285714285717,17.56,0.005076142131979695,0.0,0.04618290986750504,0.08436634914903719,3.451776649746193,0.0,0.0,0.15,0.08121827411167512,0,0.14179271034604973,0.2383960843653649,1.7179806904244639,0.8106743162029304,0.0,0.0,0.0,0.0,0.0,0.0,0.0,0.08,0.005076142131979695,0.5,0.25
190,0.9777367799733403,0.5263694696469429,0.8622729671181664,0.5087162823704401,0.24520712264384206,0.5285274130899431,0.6802030456852792,0.41044973135875773,0.39767998530387244,0.116751269035533,0.38285714285714284,0.37712586760738437,0.3806309337604741,0.07714285714285714,0.0,0.0,0.43714285714285717,17.525714285714287,0.0,0.0,0.04618290986750504,0.08436634914903719,3.451776649746193,0.0,0.0,0.15,0.08121827411167512,0,0.14108374679431948,0.2372041039435381,1.683621076615975,0.7944608298788717,0.0,0.0,0.0,0.0,0.0,0.0,0.0,0.08,0.0,0.5,0.25
191,0.9786229370582813,0.5273201831333861,0.8627717469631189,0.5093425146181102,0.24520712264384206,0.5288039258088942,0.751269035532995,0.41044973135875773,0.39767998530387244,0.116751269035533,0.4228571428571429,0.37712586760738437,0.3806309337604741,0.07714285714285714,0.0,0.0,0.43714285714285717,17.525714285714287,0.0,0.0,0.04618290986750504,0.08436634914903719,3.451776649746193,0.0,0.0,0.15,0.08121827411167512,0,0.14037832806034786,0.2360180834238204,1.6499486550836553,0.7785716132812943,0.0,0.0,0.0,0.0,0.0,0.0,0.0,0.08,0.0,0.5,0.25
192,0.9793298200278273,0.5266506189517833,0.8631696210916919,0.5090719363519455,0.24520712264384206,0.5292566872220668,0.700507614213198,0.41044973135875773,0.39767998530387244,0.116751269035533,0.3942857142857143,0.37712586760738437,0.3806309337604741,0.07714285714285714,0.0,0.0,0.43714285714285717,17.5,0.0,0.0,0.04618290986750504,0.08436634914903719,3.451776649746193,0.0,0.0,0.15,0.08121827411167512,0,0.13967643642004612,0.2348379930067013,1.6169496819819824,0.7630001810156684,0.0,0.0,0.0,0.0,0.0,0.0,0.0,0.08,0.0,0.5,0.25
193,0.979360521801884,0.5261839549790632,0.8631869018045183,0.5089783031856172,0.24520712264384206,0.529560791274388,0.7106598984771574,0.41044973135875773,0.39767998530387244,0.116751269035533,0.4,0.37712586760738437,0.3806309337604741,0.07714285714285714,0.0,0.0,0.43714285714285717,17.451428571428572,0.0,0.0,0.04618290986750504,0.08436634914903719,3.451776649746193,0.0,0.0,0.15,0.08121827411167512,0,0.13897805423794593,0.2336638030416678,1.5846106883423425,0.7477401773953549,0.0,0.0,0.0,0.0,0.0,0.0,0.0,0.08,0.0,0.5,0.25
194,0.98029589021991,0.5264716269933692,0.8637133805998071,0.5092581261237199,0.24520712264384206,0.5297506148549507,0.7208121827411168,0.41044973135875773,0.39767998530387244,0.116751269035533,0.4057142857142857,0.37712586760738437,0.3806309337604741,0.07714285714285714,0.0,0.0,0.43714285714285717,17.437142857142856,0.0,0.0,0.04618290986750504,0.08436634914903719,3.451776649746193,0.0,0.0,0.15,0.08121827411167512,0,0.1382831639667562,0.23249548402645945,1.5529184745754956,0.7327853738474479,0.0,0.0,0.0,0.0,0.0,0.0,0.0,0.08,0.0,0.5,0.25
195,0.9794437478940505,0.5261402353305654,0.8632337462049662,0.5091259976482085,0.24520712264384206,0.5299110389865056,0.7766497461928934,0.41044973135875773,0.39767998530387244,0.116751269035533,0.43714285714285717,0.37712586760738437,0.3806309337604741,0.07714285714285714,0.0,0.0,0.43714285714285717,17.454285714285714,0.0,0.0,0.04618290986750504,0.08436634914903719,3.451776649746193,0.0,0.0,0.15,0.08121827411167512,0,0.13759174814692238,0.23133300660632716,1.5218601050839857,0.7181296663704989,0.0,0.0,0.0,0.0,0.0,0.0,0.0,0.08,0.0,0.5,0.25
196,0.9806734036084462,0.5268761422823067,0.8639258667070687,0.5094666987988203,0.24520712264384206,0.5301914692542332,0.7766497461928934,0.41044973135875773,0.39767998530387244,0.116751269035533,0.43714285714285717,0.37712586760738437,0.3806309337604741,0.07714285714285714,0.0,0.0,0.43714285714285717,17.465714285714284,0.0,0.0,0.04618290986750504,0.08436634914903719,3.451776649746193,0.0,0.0,0.15,0.08121827411167512,0,0.13690378940618778,0.23017634157329553,1.4914229029823058,0.7037670730430889,0.0,0.0,0.0,0.0,0.0,0.0,0.0,0.08,0.0,0.5,0.25
197,0.9804362286356834,0.5275438408699097,0.8637923710795423,0.5097421309463519,0.24520712264384206,0.5305015515681683,0.6751269035532995,0.41044973135875773,0.39767998530387244,0.116751269035533,0.38,0.37712586760738437,0.3806309337604741,0.07714285714285714,0.0,0.0,0.43714285714285717,17.462857142857143,0.0,0.0,0.04618290986750504,0.08436634914903719,3.451776649746193,0.0,0.0,0.15,0.08121827411167512,0,0.13621927045915685,0.22902545986542905,1.4615944449226599,0.6896917315822272,0.0,0.0,0.0,0.0,0.0,0.0,0.0,0.08,0.0,0.5,0.25
198,0.9833152420029311,0.5278104845652185,0.8654128443176788,0.5092665328892667,0.24520712264384206,0.5308682702751915,0.7106598984771574,0.4105512542013974,0.3977561274358521,0.116751269035533,0.4,0.37718301046452724,0.3806737909033312,0.07714285714285714,0.005076142131979695,0.002857142857142857,0.43714285714285717,17.48,0.0,0.0,0.04618290986750504,0.08436634914903719,3.451776649746193,0.0,0.0,0.15,0.08121827411167512,0,0.1359667455354325,0.2278803325661019,1.4352196988813495,0.7122464998271222,0.0,0.0,0.0,0.0,0.0,0.0,0.0,0.08,0.005076142131979695,0.5,0.25
199,0.9834647022250809,0.5279272773346896,0.8654969690712888,0.5091699709387855,0.24520712264384206,0.5313680143508522,0.700507614213198,0.4105512542013974,0.3977561274358521,0.116751269035533,0.3942857142857143,0.37718301046452724,0.3806737909033312,0.07714285714285714,0.0,0.0,0.43714285714285717,17.497142857142858,0.0,0.0,0.04618290986750504,0.08436634914903719,3.451776649746193,0.0,0.0,0.15,0.08121827411167512,0,0.13528691180775532,0.2267409309032714,1.4065153049037225,0.6980015698305797,0.0,0.0,0.0,0.0,0.0,0.0,0.0,0.08,0.0,0.5,0.25
200,0.9815403668399636,0.5283260334991904,0.864413843154523,0.5095204959825257,0.24520712264384206,0.5318112683666327,0.6852791878172588,0.4105512542013974,0.3977561274358521,0.116751269035533,0.38571428571428573,0.37718301046452724,0.3806737909033312,0.07714285714285714,0.0,0.0,0.43714285714285717,17.565714285714286,0.005076142131979695,0.0,0.04618290986750504,0.08436634914903719,3.451776649746193,0.0,0.0,0.15,0.08121827411167512,0,0.13461047724871653,0.22560722624875504,1.378384998805648,0.6840415384339681,0.0,0.0,0.0,0.0,0.0,0.0,0.0,0.08,0.0,0.5,0.25
201,0.9795802403531976,0.5286918742369012,0.8633105719605432,0.5094087658108781,0.24520712264384206,0.5324944054607453,0.6852791878172588,0.4105512542013974,0.3977561274358521,0.116751269035533,0.38571428571428573,0.37718301046452724,0.3806737909033312,0.07714285714285714,0.0,0.0,0.43714285714285717,17.577142857142857,0.0,0.0,0.04618290986750504,0.08436634914903719,3.451776649746193,0.0,0.0,0.15,0.08121827411167512,0,0.13393742486247295,0.22447919011751127,1.350817298829535,0.6703607076652887,0.0,0.0,0.0,0.0,0.0,0.0,0.0,0.08,0.0,0.5,0.25
202,0.9800017300022248,0.5285889058682032,0.8635478104201385,0.5089019798821356,0.24520712264384206,0.5333253456185093,0.6446700507614214,0.4105512542013974,0.3977561274358521,0.116751269035533,0.3628571428571429,0.37718301046452724,0.3806737909033312,0.07714285714285714,0.0,0.0,0.43714285714285717,17.602857142857143,0.0,0.0,0.04618290986750504,0.08436634914903719,3.451776649746193,0.0,0.0,0.15,0.08121827411167512,0,0.13326773773816059,0.22335679416692372,1.323800952852944,0.6569534935119828,0.0,0.0,0.0,0.0,0.0,0.0,0.0,0.08,0.0,0.5,0.25
203,0.9795900442917174,0.527706347670044,0.8633160901773671,0.5089767060479464,0.24520712264384206,0.5339122211011793,0.6091370558375635,0.4105512542013974,0.3977561274358521,0.116751269035533,0.34285714285714286,0.37718301046452724,0.3806737909033312,0.07714285714285714,0.0,0.0,0.43714285714285717,17.58,0.0,0.0,0.04618290986750504,0.08436634914903719,3.451776649746193,0.0,0.0,0.15,0.08121827411167512,0,0.13260139904946977,0.2222400101960891,1.2973249337958854,0.6438144236417432,0.0,0.0,0.0,0.0,0.0,0.0,0.0,0.08,0.0,0.5,0.25
204,0.9793953514604032,0.527946167802439,0.863206505926599,0.5088239664433707,0.24520712264384206,0.5344690669784212,0.6954314720812182,0.4105512542013974,0.3977561274358521,0.116751269035533,0.3914285714285714,0.37718301046452724,0.3806737909033312,0.07714285714285714,0.0,0.0,0.43714285714285717,17.614285714285714,0.0,0.0,0.04618290986750504,0.08436634914903719,3.451776649746193,0.0,0.0,0.15,0.08121827411167512,0,0.13193839205422245,0.22112881014510866,1.2713784351199673,0.6309381351689083,0.0,0.0,0.0,0.0,0.0,0.0,0.0,0.08,0.0,0.5,0.25
205,0.9797849004030565,0.5285221666927394,0.8634257663314637,0.5090677322459561,0.24520712264384206,0.5349347420277484,0.6598984771573604,0.4106527770440369,0.3978322695678318,0.116751269035533,0.37142857142857144,0.3772401533216701,0.3807166480461884,0.07714285714285714,0.005076142131979695,0.002857142857142857,0.43714285714285717,17.585714285714285,0.0,0.0,0.04618290986750504,0.08436634914903719,3.451776649746193,0.0,0.0,0.15,0.08121827411167512,0,0.13170727152252276,0.2200231660943831,1.248808009274711,0.6423544213578404,0.0,0.0,0.0,0.0,0.0,0.0,0.0,0.08,0.005076142131979695,0.5,0.25
206,0.9807842500490583,0.5276294912583681,0.8639882574179276,0.5078023031431022,0.24520712264384206,0.5355549578362273,0.6954314720812182,0.4106527770440369,0.3978322695678318,0.116751269035533,0.3914285714285714,0.3772401533216701,0.3807166480461884,0.07714285714285714,0.0,0.0,0.43714285714285717,17.614285714285714,0.0,0.0,0.04618290986750504,0.08436634914903719,3.451776649746193,0.0,0.0,0.15,0.08121827411167512,0,0.13104873516491014,0.21892305026391118,1.2238318490892168,0.6295073329306835,0.0,0.0,0.0,0.0,0.0,0.0,0.0,0.08,0.0,0.5,0.25
207,0.9793886338920871,0.5267347307965276,0.8632027248952896,0.5072251193915315,0.24520712264384206,0.5362356695293491,0.7208121827411168,0.4106527770440369,0.3978322695678318,0.116751269035533,0.4057142857142857,0.3772401533216701,0.3807166480461884,0.07714285714285714,0.0,0.0,0.43714285714285717,17.577142857142857,0.0,0.0,0.04618290986750504,0.08436634914903719,3.451776649746193,0.0,0.0,0.15,0.08121827411167512,0,0.1303934914890856,0.2178284350125916,1.1993552121074325,0.6169171862720698,0.0,0.0,0.0,0.0,0.0,0.0,0.0,0.08,0.0,0.5,0.25
208,0.9787265079298716,0.5273066008916025,0.8628300425679855,0.5075921926414411,0.24520712264384206,0.5367157045528395,0.6598984771573604,0.4107542998866765,0.3979084116998115,0.116751269035533,0.37142857142857144,0.3772972961788129,0.38075950518904556,0.07714285714285714,0.005076142131979695,0.002857142857142857,0.43714285714285717,17.56,0.0,0.0,0.04618290986750504,0.08436634914903719,3.451776649746193,0.0,0.0,0.15,0.08121827411167512,0,0.13017009546021158,0.21673929283752866,1.178225250722427,0.6219949219850835,0.0,0.0,0.0,0.0,0.0,0.0,0.0,0.08,0.005076142131979695,0.5,0.25
209,0.9786132356625283,0.5269474143775993,0.8627662864632236,0.5069933832213909,0.24520712264384206,0.5370828817560275,0.7411167512690355,0.4107542998866765,0.3979084116998115,0.116751269035533,0.41714285714285715,0.3772972961788129,0.38075950518904556,0.07714285714285714,0.0,0.0,0.43714285714285717,17.52857142857143,0.0,0.0,0.04618290986750504,0.08436634914903719,3.451776649746193,0.0,0.0,0.15,0.08121827411167512,0,0.12951924498291054,0.21565559637334103,1.1546607457079783,0.6095550235453819,0.0,0.0,0.0,0.0,0.0,0.0,0.0,0.08,0.0,0.5,0.25
210,0.9779566665434871,0.5276250052829455,0.862396731844792,0.5069002632106122,0.24520712264384206,0.5373924169141784,0.7309644670050761,0.4108558227293161,0.3979845538317912,0.1218274111675127,0.4114285714285714,0.3773544390359557,0.3808023623319026,0.08,0.005076142131979695,0.002857142857142857,0.43714285714285717,17.55142857142857,0.0,0.0,0.04618290986750504,0.08436634914903719,3.451776649746193,0.0,0.0,0.15,0.08121827411167512,0,0.12930022018656742,0.21457731839147431,1.1344246736509613,0.6630931205525606,0.0,0.0,0.0,0.0,0.0,0.0,0.0,0.08,0.005076142131979695,0.5,0.25
211,0.9772670894295236,0.5292838058056726,0.8620085984406465,0.5076652030406417,0.24520712264384206,0.5375674308533451,0.700507614213198,0.4108558227293161,0.3979845538317912,0.1218274111675127,0.3942857142857143,0.3773544390359557,0.3808023623319026,0.08,0.0,0.0,0.43714285714285717,17.534285714285716,0.0,0.0,0.04618290986750504,0.08436634914903719,3.451776649746193,0.0,0.0,0.15,0.08121827411167512,0,0.12865371908563458,0.21350443179951695,1.1117361801779422,0.6498312581415093,0.0,0.0,0.0,0.0,0.0,0.0,0.0,0.08,0.0,0.5,0.25
212,0.9774782189063664,0.5287216493306741,0.8621274341747552,0.5077955447517651,0.24520712264384206,0.5378789444153559,0.6598984771573604,0.41095734557195573,0.39806069596377086,0.1218274111675127,0.37142857142857144,0.3774115818930986,0.38084521947475974,0.08,0.005076142131979695,0.002857142857142857,0.43714285714285717,17.505714285714287,0.0,0.0,0.04618290986750504,0.08436634914903719,3.451776649746193,0.0,0.0,0.15,0.08121827411167512,0,0.12843902191877785,0.21243690964051937,1.0923585994315261,0.6530981527846523,0.0,0.0,0.0,0.0,0.0,0.0,0.0,0.08,0.005076142131979695,0.5,0.25
213,0.9758962459608086,0.5292496766326871,0.8612370094025414,0.5082674929874916,0.24520712264384206,0.5382102915201266,0.6903553299492385,0.41095734557195573,0.39806069596377086,0.1218274111675127,0.38857142857142857,0.3774115818930986,0.38084521947475974,0.08,0.0,0.0,0.43714285714285717,17.5,0.0,0.0,0.04618290986750504,0.08436634914903719,3.451776649746193,0.0,0.0,0.15,0.08121827411167512,0,0.12779682680918394,0.21137472509231678,1.0705114274428957,0.6400361897289593,0.0,0.0,0.0,0.0,0.0,0.0,0.0,0.08,0.0,0.5,0.25
214,0.9769180774907689,0.5287758366940386,0.861812154577976,0.5074314884354797,0.24520712264384206,0.5384509073618087,0.7055837563451777,0.41116039125723486,0.3982129802277303,0.1218274111675127,0.39714285714285713,0.3775258676073843,0.3809309337604741,0.08,0.01015228426395939,0.005714285714285714,0.43714285714285717,17.48857142857143,0.0,0.0,0.04618290986750504,0.08436634914903719,3.451776649746193,0.0,0.0,0.15,0.08121827411167512,0,0.12801498553228088,0.21031785146685517,1.0548154846083233,0.6525268597861987,0.0,0.0,0.0,0.0,0.0,0.0,0.0,0.08,0.01015228426395939,0.5,0.25
215,0.9801410959767565,0.5301320207183501,0.863626253554375,0.5080161118494767,0.24520712264384206,0.5385587976152786,0.6548223350253807,0.41116039125723486,0.3982129802277303,0.1218274111675127,0.36857142857142855,0.3775258676073843,0.3809309337604741,0.08,0.0,0.0,0.43714285714285717,17.47714285714286,0.0,0.0,0.04618290986750504,0.08436634914903719,3.451776649746193,0.0,0.0,0.15,0.08121827411167512,0,0.12737491060461947,0.20926626220952088,1.0337191749161567,0.6394763225904747,0.0,0.0,0.0,0.0,0.0,0.0,0.0,0.08,0.0,0.5,0.25
216,0.980820516107161,0.5302099904262255,0.864008670027774,0.5070663856636098,0.24520712264384206,0.5387319096288294,0.7106598984771574,0.4112619140998745,0.39828912235971,0.1218274111675127,0.4,0.37758301046452725,0.3809737909033312,0.08,0.005076142131979695,0.002857142857142857,0.43714285714285717,17.49142857142857,0.0,0.0,0.04618290986750504,0.08436634914903719,3.451776649746193,0.0,0.0,0.15,0.08121827411167512,0,0.12716660748016778,0.21143361797810922,1.0159019342749764,0.6452099699951068,0.0,0.0,0.0,0.0,0.0,0.0,0.0,0.08,0.005076142131979695,0.5,0.25
217,0.9820339240350637,0.531144521700202,0.8646916453471936,0.5075487386069321,0.24520712264384206,0.5388999661664089,0.6649746192893401,0.4112619140998745,0.39828912235971,0.1218274111675127,0.3742857142857143,0.37758301046452725,0.3809737909033312,0.08,0.0,0.0,0.43714285714285717,17.44857142857143,0.0,0.0,0.04618290986750504,0.08436634914903719,3.451776649746193,0.0,0.0,0.15,0.08121827411167512,0,0.12653077444276695,0.21037644988821866,0.995583895589477,0.6323057705952047,0.0,0.0,0.0,0.0,0.0,0.0,0.0,0.08,0.0,0.5,0.25
218,0.9818630240330073,0.5312490056717377,0.8645954530603217,0.507524218423264,0.24520712264384206,0.5390768614174215,0.7258883248730964,0.4113634369425141,0.3983652644916897,0.1218274111675127,0.4085714285714286,0.37764015332167006,0.38101664804618834,0.08,0.005076142131979695,0.002857142857142857,0.43714285714285717,17.5,0.0,0.0,0.04618290986750504,0.08436634914903719,3.451776649746193,0.0,0.0,0.15,0.08121827411167512,0,0.12632669199912455,0.21430581617179933,0.9785293605348303,0.6196596551833006,0.0,0.0,0.0,0.0,0.0,0.0,0.0,0.08,0.005076142131979695,0.5,0.25
219,0.9803512661627025,0.5306338244083705,0.8637445493447503,0.5076141625490529,0.24520712264384206,0.5390658205843573,0.7208121827411168,0.4114649597851537,0.3984414066236694,0.1218274111675127,0.4057142857142857,0.377697296178813,0.3810595051890455,0.08,0.005076142131979695,0.002857142857142857,0.43714285714285717,17.451428571428572,0.0,0.0,0.04618290986750504,0.08436634914903719,3.451776649746193,0.0,0.0,0.15,0.08121827411167512,0,0.12612362996770035,0.23077856694028057,0.9618159161812764,0.6434128699098298,0.0,0.0,0.0,0.0,0.0,0.0,0.0,0.08,0.005076142131979695,0.5,0.25
220,0.9800763579951857,0.5306839637262188,0.8635898153190337,0.507587432270667,0.24520712264384206,0.5388810937048186,0.7309644670050761,0.41166800547043286,0.39859369088762875,0.1218274111675127,0.4114285714285714,0.37781158189309866,0.3811452194747598,0.08,0.015228426395939087,0.008571428571428572,0.43714285714285717,17.474285714285713,0.0,0.0,0.04618290986750504,0.08436634914903719,3.451776649746193,0.0,0.0,0.15,0.08121827411167512,0,0.12677872610357616,0.23871723623103186,0.9511510264290794,0.7431838647543443,0.0,0.0,0.0,0.0,0.0,0.0,0.0,0.08,0.015228426395939087,0.5,0.25
221,0.9793051957775917,0.5312757950951483,0.8630389954985728,0.5081003430891471,0.24520712264384206,0.5385974418101033,0.7397959183673469,0.41244075210069897,0.3991689607625636,0.12244897959183673,0.4142857142857143,0.37781158189309866,0.3811452194747598,0.08,0.015306122448979591,0.008571428571428572,0.44,17.474285714285713,0.0,0.002857142857142857,0.04623854258465798,0.08436634914903718,3.4081632653061225,0.0,0.0,0.15,0.08163265306122448,0,0.12743054675877255,0.2375236500498767,0.9406994344719263,0.7283201874592574,0.0,1.0,0.0,0.0,0.0,0.0,0.0,0.08,0.015228426395939087,0.5,0.25
222,0.9785834142266356,0.5319984794741902,0.8626347978300373,0.508355762919319,0.24520712264384206,0.5383759958740095,0.7346938775510204,0.41244075210069897,0.3991689607625636,0.12244897959183673,0.4114285714285714,0.37781158189309866,0.3811452194747598,0.08,0.015306122448979591,0.008571428571428572,0.44,17.514285714285716,0.00510204081632653,0.0,0.046249711784149744,0.08436634914903718,3.4081632653061225,0.0,0.0,0.15,0.08163265306122448,0,0.12758749912520126,0.2363360317996273,0.9304568743539166,0.7137537837100723,0.0,1.0,0.0,0.0,0.0,0.0,0.0,0.08,0.015306122448979591,0.5,0.25
223,0.9795159895694715,0.5316150662500423,0.8631570400220256,0.5078423279354887,0.24520712264384206,0.5382011870001023,0.7704081632653061,0.41244075210069897,0.3991689607625636,0.12244897959183673,0.43142857142857144,0.37781158189309866,0.3811452194747598,0.08,0.015306122448979591,0.008571428571428572,0.44,17.502857142857142,0.0,0.0,0.046249711784149744,0.08436634914903718,3.4081632653061225,0.0,0.0,0.15,0.08163265306122448,0,0.12697813305814667,0.23515435164062917,0.9204191654382667,0.6994787080358708,0.0,1.0,0.0,0.0,0.0,0.0,0.0,0.08,0.015306122448979591,0.5,0.25
224,0.9787095955494653,0.5306016344268291,0.8627054593708221,0.5070230843742541,0.24520712264384206,0.5378569216421822,0.7295918367346939,0.4125427929170255,0.3992454913748084,0.12244897959183673,0.4085714285714286,0.3778687247502415,0.3811880766176169,0.08,0.015306122448979591,0.008571428571428572,0.44,17.542857142857144,0.00510204081632653,0.0,0.046249711784149744,0.08436634914903718,3.4081632653061225,0.0,0.0,0.15,0.08163265306122448,0,0.12680038524999881,0.25026387259071786,0.9105822107009299,0.7298896209067274,0.0,0.6666666666666666,0.0,0.0,0.0,0.0,0.0,0.08,0.015306122448979591,0.5,0.25
225,0.9798572123726846,0.5303737570316994,0.8633481247918249,0.5076428348253057,0.24520712264384206,0.5375046182211868,0.7040816326530612,0.4125427929170255,0.3992454913748084,0.12244897959183673,0.3942857142857143,0.3778687247502415,0.3811880766176169,0.08,0.015306122448979591,0.008571428571428572,0.44,17.617142857142856,0.00510204081632653,0.0,0.046249711784149744,0.08436634914903718,3.4081632653061225,0.0,0.0,0.15,0.08163265306122448,0,0.12619495475232023,0.24901255322776428,0.9009419950583399,0.7152918284885929,0.0,1.0,0.0,0.0,0.0,0.0,0.0,0.08,0.015306122448979591,0.5,0.25
226,0.9793263790375374,0.5307609674524467,0.8630508581241426,0.50782788195875,0.24520712264384206,0.5370130476098034,0.6989795918367347,0.4126448337333521,0.3993220219870534,0.12244897959183673,0.3914285714285714,0.37792586760738434,0.38123093376047407,0.08,0.02040816326530612,0.011428571428571429,0.44,17.622857142857143,0.00510204081632653,0.0,0.046249711784149744,0.08436634914903718,3.4081632653061225,0.0,0.0,0.15,0.08163265306122448,0,0.1260211228357015,0.24776749046162544,0.8943517265857447,0.7567494197008923,0.0,0.75,0.0,0.0,0.0,0.0,0.0,0.08,0.02040816326530612,0.5,0.25
227,0.9792805591985295,0.5318331778146289,0.863025199014298,0.5089969809822028,0.24520712264384206,0.5366644732611974,0.6479591836734694,0.4126448337333521,0.3993220219870534,0.12244897959183673,0.3628571428571429,0.37792586760738434,0.38123093376047407,0.08,0.015306122448979591,0.008571428571428572,0.44,17.65142857142857,0.00510204081632653,0.0,0.046249711784149744,0.08436634914903718,3.4081632653061225,0.0,0.0,0.15,0.08163265306122448,0,0.12541958865009442,0.2465286530093173,0.8850361206254583,0.7416144313068743,0.0,1.0,0.0,0.0,0.0,0.0,0.0,0.08,0.015306122448979591,0.5,0.25
228,0.9794258177599536,0.5322168162581278,0.8631065438086957,0.509358277671054,0.24520712264384206,0.5365037953080591,0.6683673469387755,0.4127468745496786,0.39939855259929824,0.12244897959183673,0.3742857142857143,0.37798301046452726,0.3812737909033313,0.08,0.02040816326530612,0.011428571428571429,0.44,17.665714285714287,0.015306122448979591,0.0,0.046249711784149744,0.08436634914903718,3.4081632653061225,0.0,0.0,0.15,0.08163265306122448,0,0.1252496335639868,0.2452960097442707,0.8787639696415204,0.7536419414749017,0.0,0.75,0.0,0.0,0.0,0.0,0.0,0.08,0.02040816326530612,0.5,0.25
229,0.9802101921077552,0.5331131365901614,0.8635457934434645,0.5098180689100036,0.24520712264384206,0.5362631785244371,0.6785714285714286,0.41295095618233163,0.399551613823788,0.12244897959183673,0.38,0.37809729617881294,0.3813595051890455,0.08,0.01020408163265306,0.005714285714285714,0.44,17.742857142857144,0.015306122448979591,0.0,0.046249711784149744,0.08436634914903718,3.4081632653061225,0.0,0.0,0.15,0.08163265306122448,0,0.1254805282533097,0.2537767285691001,0.8669029759629757,0.8345094136615503,0.0,0.0,0.0,0.0,0.0,0.0,0.0,0.08,0.01020408163265306,0.5,0.25
230,0.979083059220862,0.5336392306290572,0.8629145990268042,0.5102418929728507,0.24520712264384206,0.5362547654376498,0.6122448979591837,0.4130529969986581,0.399628144436033,0.12244897959183673,0.34285714285714286,0.3781544390359558,0.3814023623319026,0.08,0.02040816326530612,0.011428571428571429,0.44,17.748571428571427,0.02040816326530612,0.0,0.046249711784149744,0.08436634914903718,3.4081632653061225,0.0,0.0,0.15,0.08163265306122448,0,0.1253386970406146,0.25861513673319114,0.8609934878722876,0.8347001588239954,0.0,0.75,0.0,0.0,0.0,0.0,0.0,0.08,0.02040816326530612,0.5,0.25
231,0.9802742959784331,0.534981455287911,0.863581691611044,0.5109991827088576,0.24520712264384206,0.5362862126351066,0.6530612244897959,0.4130529969986581,0.399628144436033,0.12244897959183673,0.3657142857142857,0.3781544390359558,0.3814023623319026,0.08,0.0,0.0,0.44,17.822857142857142,0.025510204081632654,0.0,0.046249711784149744,0.08436634914903718,3.4081632653061225,0.0,0.0,0.15,0.08163265306122448,0,0.12471200355541152,0.25732206104952515,0.8437736181148418,0.8180061556475156,0.0,0.0,0.0,0.0,0.0,0.0,0.0,0.08,0.0,0.5,0.25
232,0.9808103491185931,0.5362273408915866,0.8638818813695337,0.5117641145429348,0.24520712264384206,0.5363303343730558,0.6428571428571429,0.4130529969986581,0.399628144436033,0.12244897959183673,0.36,0.3781544390359558,0.3814023623319026,0.08,0.015306122448979591,0.008571428571428572,0.44,17.85142857142857,0.025510204081632654,0.0,0.046249711784149744,0.08436634914903718,3.4081632653061225,0.0,0.0,0.15,0.08163265306122448,0,0.12414544353763446,0.2560354507442775,0.8354695743239736,0.8016460325345652,0.0,1.0,0.0,0.0,0.0,0.0,0.0,0.08,0.015306122448979591,0.5,0.25
233,0.9791941932615654,0.5364977453792757,0.8628055748449135,0.5113783675449921,0.24520712264384206,0.5363989995376591,0.6,0.414282195000561,0.4001380874474166,0.12307692307692308,0.3342857142857143,0.3781544390359558,0.3814023623319026,0.08,0.0,0.0,0.44285714285714284,17.86857142857143,0.015384615384615385,0.002857142857142857,0.046251247976897066,0.08436634914903716,3.3846153846153846,0.0,0.0,0.15,0.08205128205128205,0,0.12352471631994628,0.25475527349055616,0.8187601828374942,0.785613111883874,0.0,0.0,0.0,0.0,0.0,0.0,0.0,0.08,0.0,0.5,0.25
234,0.9796123505865446,0.5365260979424121,0.8630385482116874,0.5113213018260457,0.24520712264384206,0.5364346221879803,0.6512820512820513,0.414282195000561,0.4001380874474166,0.12307692307692308,0.3628571428571429,0.3781544390359558,0.3814023623319026,0.08,0.015384615384615385,0.008571428571428572,0.44285714285714284,17.86857142857143,0.020512820512820513,0.0,0.046286065620694455,0.08436634914903716,3.3846153846153846,0.0,0.0,0.15,0.08205128205128205,0,0.12296409273834655,0.25348149712310336,0.8109564077521728,0.7699008496461964,0.0,1.0,0.0,0.0,0.0,0.0,0.0,0.08,0.015384615384615385,0.5,0.25
235,0.9792778947955819,0.5369411871196341,0.8628522085567225,0.5117459262322119,0.24520712264384206,0.5363739973894815,0.6205128205128205,0.414282195000561,0.4001380874474166,0.12307692307692308,0.3457142857142857,0.3781544390359558,0.3814023623319026,0.08,0.0,0.0,0.44285714285714284,17.857142857142858,0.02564102564102564,0.0,0.046286065620694455,0.08436634914903716,3.3846153846153846,0.0,0.0,0.15,0.08205128205128205,0,0.12234927227465485,0.25221408963748787,0.7947372795971293,0.7545028326532726,0.0,0.0,0.0,0.0,0.0,0.0,0.0,0.08,0.0,0.5,0.25
236,0.9797392450237299,0.5367336555813359,0.8631092465409763,0.5119788570140666,0.24520712264384206,0.5363928524414614,0.6307692307692307,0.414282195000561,0.4001380874474166,0.12307692307692308,0.3514285714285714,0.3781544390359558,0.3814023623319026,0.08,0.015384615384615385,0.008571428571428572,0.44285714285714284,17.911428571428573,0.020512820512820513,0.0,0.046286065620694455,0.08436634914903716,3.3846153846153846,0.0,0.0,0.15,0.08205128205128205,0,0.12179452591328155,0.2509530191893004,0.7874139625766153,0.7394127760002072,0.0,1.0,0.0,0.0,0.0,0.0,0.0,0.08,0.015384615384615385,0.5,0.25
237,0.9804183806108109,0.5351747923649567,0.86348762208235,0.510652510018512,0.24520712264384206,0.5364145123101073,0.6205128205128205,0.414282195000561,0.4001380874474166,0.12307692307692308,0.3457142857142857,0.3781544390359558,0.3814023623319026,0.08,0.015384615384615385,0.008571428571428572,0.44285714285714284,17.882857142857144,0.02564102564102564,0.0,0.046286065620694455,0.08436634914903716,3.3846153846153846,0.0,0.0,0.15,0.08205128205128205,0,0.12121412471228658,0.24969825409335392,0.7802371118965117,0.724624520480203,0.0,1.0,0.0,0.0,0.0,0.0,0.0,0.08,0.015384615384615385,0.5,0.25
238,0.9802590224955464,0.5354809604843096,0.8633988368467028,0.5110413328920903,0.24520712264384206,0.5365478238921341,0.6666666666666666,0.41438475910312517,0.4002150105243396,0.12307692307692308,0.37142857142857144,0.3782115818930986,0.3814452194747597,0.08,0.015384615384615385,0.008571428571428572,0.44285714285714284,17.89142857142857,0.03076923076923077,0.0,0.046286065620694455,0.08436634914903716,3.3846153846153846,0.0,0.0,0.15,0.08205128205128205,0,0.121065196945868,0.2533327355977423,0.7732037982300098,0.7908623253360832,0.0,0.6666666666666666,0.0,0.0,0.0,0.0,0.0,0.08,0.015384615384615385,0.5,0.25
239,0.9801945421751498,0.5352498302501428,0.8633629120967674,0.510976451835229,0.24520712264384206,0.5367710424132636,0.6051282051282051,0.41448732320568915,0.40029193360126275,0.12307692307692308,0.33714285714285713,0.3782687247502415,0.38148807661761686,0.08,0.020512820512820513,0.011428571428571429,0.44285714285714284,17.905714285714286,0.035897435897435895,0.0,0.046286065620694455,0.08436634914903716,3.3846153846153846,0.0,0.0,0.15,0.08205128205128205,0,0.1209170138182815,0.2594825532790316,0.769168293693981,0.8023923656083518,0.0,0.75,0.0,0.0,0.0,0.0,0.0,0.08,0.020512820512820513,0.5,0.25
240,0.9801629380839071,0.53491299557093,0.8633453041030751,0.5102796371339778,0.24520712264384206,0.5369287857303392,0.6256410256410256,0.41448732320568915,0.40029193360126275,0.12307692307692308,0.3485714285714286,0.3782687247502415,0.38148807661761686,0.08,0.015384615384615385,0.008571428571428572,0.44285714285714284,17.962857142857143,0.03076923076923077,0.0,0.046286065620694455,0.08436634914903716,3.3846153846153846,0.0,0.0,0.15,0.08205128205128205,0,0.12034100017776155,0.25818514051263647,0.7623563563915301,0.7863445182961847,0.0,1.0,0.0,0.0,0.0,0.0,0.0,0.08,0.015384615384615385,0.5,0.25
241,0.97740948161055,0.5333535611915161,0.8615160489510824,0.5096097747821094,0.24520712264384206,0.5372683219675121,0.6134020618556701,0.41335118906794616,0.3998429704934154,0.12371134020618557,0.34,0.3782687247502415,0.38148807661761686,0.08,0.010309278350515464,0.008571428571428572,0.44571428571428573,18.005714285714287,0.030927835051546393,0.002857142857142857,0.04650983710977503,0.08436634914903716,3.1752577319587627,0.0,0.0,0.15,0.08247422680412371,0,0.11976786660544414,0.25689421481007324,0.755680657835128,0.770617627930261,0.0,1.0,0.0,0.0,0.0,0.0,0.0,0.08,0.015384615384615385,0.5,0.25
242,0.9770113620445677,0.5335982425618606,0.8612953769630808,0.5099711077095389,0.24520712264384206,0.5375709558198765,0.6237113402061856,0.41345428185145133,0.3999202900810442,0.12371134020618557,0.3457142857142857,0.3783258676073844,0.3815309337604741,0.08,0.020618556701030927,0.011428571428571429,0.44571428571428573,17.98857142857143,0.020618556701030927,0.0,0.046618219994683914,0.08436634914903716,3.1752577319587627,0.0,0.0,0.15,0.08247422680412371,0,0.1196261701295598,0.25560974373602285,0.7519956161069967,0.7701795125635433,0.0,0.75,0.0,0.0,0.0,0.0,0.0,0.08,0.020618556701030927,0.5,0.25
243,0.974965573656819,0.531499944391666,0.8600678505991606,0.5090371785440205,0.24520712264384206,0.5378253893268663,0.5699481865284974,0.41322159567747463,0.3990460489781082,0.12435233160621761,0.3142857142857143,0.3783830104645272,0.38157379090333116,0.08,0.02072538860103627,0.011428571428571429,0.44857142857142857,18.0,0.015544041450777202,0.002857142857142857,0.04666642463637538,0.08436634914903718,3.139896373056995,0.0,0.0,0.15,0.08290155440414508,0,0.11948518213605486,0.2543316950173427,0.7483842752134283,0.7691757378817902,0.0,0.75,0.0,0.0,0.0,0.0,0.0,0.08,0.020618556701030927,0.5,0.25
244,0.9746665493114196,0.5319195145751053,0.8599029600315546,0.5092594202595948,0.24520712264384206,0.5379232237700071,0.6010362694300518,0.41322159567747463,0.3990460489781082,0.12435233160621761,0.3314285714285714,0.3783830104645272,0.38157379090333116,0.08,0.015544041450777202,0.008571428571428572,0.44857142857142857,17.98,0.02072538860103627,0.0,0.046699795415168555,0.08436634914903718,3.139896373056995,0.0,0.0,0.15,0.07772020725388601,0,0.11891632765394598,0.253060036542256,0.7419880182805882,0.7537922231241544,0.0,1.0,0.0,0.0,0.0,0.0,0.0,0.08,0.015544041450777202,0.5,0.25
245,0.9766413959098242,0.5323602349454231,0.8609919468701037,0.5100482493483058,0.24520712264384206,0.5380184355722444,0.6113989637305699,0.413428849563485,0.39920148939261596,0.12435233160621761,0.33714285714285713,0.37849729617881295,0.3816595051890455,0.08,0.025906735751295335,0.014285714285714285,0.44857142857142857,18.0,0.02072538860103627,0.0,0.046699795415168555,0.08436634914903718,3.139896373056995,0.0,0.0,0.15,0.07772020725388601,0,0.11920746030139055,0.273973941726274,0.7414339722006907,0.7950680124469495,0.0,0.6,0.0,0.0,0.0,0.0,0.0,0.08,0.025906735751295335,0.5,0.25
246,0.976377454232723,0.53217924814857,0.8608464018881591,0.5104614311958954,0.24520712264384206,0.5380388706873055,0.6010362694300518,0.4135324765064903,0.39927920959986984,0.12435233160621761,0.3314285714285714,0.37855443903595576,0.38170236233190263,0.08,0.02072538860103627,0.011428571428571429,0.44857142857142857,18.02857142857143,0.031088082901554404,0.0,0.046699795415168555,0.08436634914903718,3.139896373056995,0.0,0.0,0.15,0.07772020725388601,0,0.11906856585702644,0.28902641112550626,0.7380338641852484,0.7791666521980105,0.0,0.75,0.0,0.0,0.0,0.0,0.0,0.08,0.02072538860103627,0.5,0.25
247,0.9757397695079071,0.5318885218766551,0.8604947643113321,0.5102986351615445,0.24520712264384206,0.5382205308486306,0.6321243523316062,0.4135324765064903,0.39927920959986984,0.12435233160621761,0.3485714285714286,0.37855443903595576,0.38170236233190263,0.08,0.015544041450777202,0.008571428571428572,0.44857142857142857,17.985714285714284,0.025906735751295335,0.0,0.046699795415168555,0.08436634914903718,3.139896373056995,0.0,0.0,0.15,0.07772020725388601,0,0.11850179445631276,0.28758127906987874,0.731844615472972,0.7635833191540503,0.0,1.0,0.0,0.0,0.0,0.0,0.0,0.08,0.015544041450777202,0.5,0.25
248,0.9764289556356494,0.5323972937447655,0.8608748012332015,0.5106602849036136,0.24520712264384206,0.5384345774747792,0.6062176165803109,0.4135324765064903,0.39927920959986984,0.12435233160621761,0.3342857142857143,0.37855443903595576,0.38170236233190263,0.08,0.015544041450777202,0.008571428571428572,0.44857142857142857,17.965714285714284,0.031088082901554404,0.0,0.046699795415168555,0.08436634914903718,3.139896373056995,0.0,0.0,0.15,0.07772020725388601,0,0.11793785691260263,0.28614337267452933,0.7257791517349411,0.7483116527709693,0.0,1.0,0.0,0.0,0.0,0.0,0.0,0.08,0.015544041450777202,0.5,0.25
249,0.9761995372354328,0.5321144027582517,0.8602867770778789,0.5111464093826142,0.24520712264384206,0.5385521139914294,0.609375,0.4128380746368269,0.3980343068927674,0.125,0.3342857142857143,0.37855443903595576,0.38170236233190263,0.08,0.015625,0.008571428571428572,0.4514285714285714,17.974285714285713,0.026041666666666668,0.002857142857142857,0.04672380059746778,0.08436634914903716,3.1145833333333335,0.0,0.0,0.15,0.078125,0,0.11737673905661102,0.2847126558111567,0.7198349972716709,0.7333454197155499,0.0,1.0,0.0,0.0,0.0,0.0,0.0,0.08,0.015544041450777202,0.5,0.25
250,0.9759082295117419,0.5314939646740126,0.8601269739837396,0.5111810719730178,0.24520712264384206,0.5387661576657022,0.7083333333333334,0.4128380746368269,0.3980343068927674,0.125,0.38857142857142857,0.37855443903595576,0.38170236233190263,0.08,0.005208333333333333,0.002857142857142857,0.4514285714285714,17.94857142857143,0.026041666666666668,0.0,0.046747413937378836,0.08436634914903716,3.1145833333333335,0.0,0.0,0.15,0.078125,0,0.11681842678989941,0.2832890925321009,0.7082954401833802,0.7186785113212388,0.0,1.0,0.0,0.0,0.0,0.0,0.0,0.08,0.005208333333333333,0.5,0.25
251,0.9761195893193421,0.5317930835314404,0.8602429199353377,0.5118552216980745,0.24520712264384206,0.538961926488324,0.6510416666666666,0.4128380746368269,0.3980343068927674,0.125,0.35714285714285715,0.37855443903595576,0.38170236233190263,0.08,0.010416666666666666,0.005714285714285714,0.4514285714285714,17.942857142857143,0.015625,0.0,0.046747413937378836,0.08436634914903716,3.1145833333333335,0.0,0.0,0.15,0.078125,0,0.11626290608452133,0.2818726470694404,0.6998438170939983,0.704304941094814,0.0,1.0,0.0,0.0,0.0,0.0,0.0,0.08,0.010416666666666666,0.5,0.25
252,0.9773302988665845,0.5332620425081173,0.8609070806012534,0.5123822434006498,0.24520712264384206,0.5391770052879908,0.6770833333333334,0.4130464079701603,0.39819055689276744,0.125,0.37142857142857144,0.37866872475024155,0.3817880766176168,0.08,0.026041666666666668,0.014285714285714285,0.4514285714285714,17.962857142857143,0.020833333333333332,0.0,0.046747413937378836,0.08436634914903716,3.1145833333333335,0.0,0.0,0.15,0.078125,0,0.11656730583981302,0.2804632838340932,0.7001326550378327,0.7070367386677117,0.0,0.6,0.0,0.0,0.0,0.0,0.0,0.08,0.026041666666666668,0.5,0.25
253,0.9780324454537382,0.5340458603068682,0.8612922581576348,0.5135650995147725,0.24520712264384206,0.5394219351473628,0.6614583333333334,0.4130464079701603,0.39819055689276744,0.125,0.3628571428571429,0.37866872475024155,0.3817880766176168,0.08,0.015625,0.008571428571428572,0.4514285714285714,17.945714285714285,0.015625,0.0,0.046747413937378836,0.08436634914903716,3.1145833333333335,0.0,0.0,0.15,0.078125,0,0.11601304073918539,0.27906096741492276,0.6947014305085045,0.6928960038943573,0.0,1.0,0.0,0.0,0.0,0.0,0.0,0.08,0.015625,0.5,0.25
254,0.9771226387222836,0.5358620325625091,0.8607931641792369,0.5143494109257535,0.24520712264384206,0.5396246593724744,0.6979166666666666,0.4130464079701603,0.39819055689276744,0.125,0.38285714285714284,0.37866872475024155,0.3817880766176168,0.08,0.015625,0.008571428571428572,0.4514285714285714,17.942857142857143,0.020833333333333332,0.0,0.046747413937378836,0.08436634914903716,3.1145833333333335,0.0,0.0,0.15,0.078125,0,0.11546154696406087,0.27766566257784814,0.689378830469763,0.6790380838164702,0.0,1.0,0.0,0.0,0.0,0.0,0.0,0.08,0.015625,0.5,0.25
255,0.9771909782400936,0.5355594063658039,0.8608306532861499,0.5142741701128882,0.24520712264384206,0.5398732051167444,0.6979166666666666,0.4131505746368269,0.39826868189276743,0.125,0.38285714285714284,0.37872586760738436,0.3818309337604741,0.08,0.020833333333333332,0.011428571428571429,0.4514285714285714,17.974285714285713,0.015625,0.0,0.046747413937378836,0.08436634914903716,3.1145833333333335,0.0,0.0,0.15,0.078125,0,0.1153413820863834,0.28071724549890786,0.6870198252889391,0.6803901291872255,0.0,0.75,0.0,0.0,0.0,0.0,0.0,0.08,0.020833333333333332,0.5,0.25
256,0.9779101277779839,0.5357989853677264,0.8612251581755069,0.5142396015398691,0.24520712264384206,0.5400374274901206,0.7083333333333334,0.4131505746368269,0.39826868189276743,0.125,0.38857142857142857,0.37872586760738436,0.3818309337604741,0.08,0.015625,0.008571428571428572,0.4514285714285714,17.928571428571427,0.015625,0.0,0.046747413937378836,0.08436634914903716,3.1145833333333335,0.0,0.0,0.15,0.078125,0,0.11479324660452295,0.27931365927141333,0.6818508573545888,0.666782326603481,0.0,1.0,0.0,0.0,0.0,0.0,0.0,0.08,0.015625,0.5,0.25
257,0.9761074700250743,0.5351360653472131,0.8602362716367677,0.5138064401808801,0.24520712264384206,0.5401495115879418,0.6770833333333334,0.4131505746368269,0.39826868189276743,0.125,0.37142857142857144,0.37872586760738436,0.3818309337604741,0.08,0.0,0.0,0.4514285714285714,17.865714285714287,0.020833333333333332,0.0,0.046747413937378836,0.08436634914903716,3.1145833333333335,0.0,0.0,0.15,0.078125,0,0.11421928037150032,0.27791709097505624,0.6682138402074972,0.6534466800714114,0.0,0.0,0.0,0.0,0.0,0.0,0.0,0.08,0.0,0.5,0.25
258,0.9753284802693837,0.5341417046486052,0.859808940113646,0.5133426121130226,0.24520712264384206,0.5402319894864231,0.7447916666666666,0.41325474130349354,0.3983468068927674,0.125,0.4085714285714286,0.3787830104645272,0.38187379090333123,0.08,0.020833333333333332,0.011428571428571429,0.4514285714285714,17.905714285714286,0.015625,0.0,0.046747413937378836,0.08436634914903716,3.1145833333333335,0.0,0.0,0.15,0.078125,0,0.11413375539821424,0.27652750552018096,0.6662781348319186,0.7258059497724075,0.0,0.75,0.0,0.0,0.0,0.0,0.0,0.08,0.020833333333333332,0.5,0.25
259,0.9719964883590889,0.5344270433061954,0.8579811045514271,0.5134004102497294,0.24520712264384206,0.5404093309154833,0.7083333333333334,0.41325474130349354,0.3983468068927674,0.125,0.38857142857142857,0.3787830104645272,0.38187379090333123,0.08,0.015625,0.008571428571428572,0.4514285714285714,17.874285714285715,0.020833333333333332,0.0,0.046747413937378836,0.08436634914903716,3.1145833333333335,0.0,0.0,0.15,0.078125,0,0.11359165804979461,0.27514486799258003,0.6615240007067088,0.7112898307769594,0.0,1.0,0.0,0.0,0.0,0.0,0.0,0.08,0.015625,0.5,0.25
260,0.9744172447772762,0.5348071909630064,0.8593090623579757,0.5142126152026364,0.24520712264384206,0.5403678527146435,0.7239583333333334,0.4133589079701602,0.39842493189276745,0.125,0.39714285714285713,0.37884015332167015,0.3819166480461883,0.08,0.020833333333333332,0.011428571428571429,0.4514285714285714,17.902857142857144,0.020833333333333332,0.0,0.046747413937378836,0.08436634914903716,3.1145833333333335,0.0,0.0,0.15,0.078125,0,0.11348084261668849,0.2737691436526171,0.659722092121146,0.7156121237498057,0.0,0.75,0.0,0.0,0.0,0.0,0.0,0.08,0.020833333333333332,0.5,0.25
261,0.9748526319348669,0.5356600351922293,0.8595479033129969,0.5152978198815651,0.24520712264384206,0.5403334786780257,0.6875,0.4133589079701602,0.39842493189276745,0.125,0.37714285714285717,0.37884015332167015,0.3819166480461883,0.08,0.010416666666666666,0.005714285714285714,0.4514285714285714,17.94857142857143,0.020833333333333332,0.0,0.046747413937378836,0.08436634914903716,3.1145833333333335,0.0,0.0,0.15,0.078125,0,0.11294200983217649,0.27240029793435405,0.6522419359930088,0.7012998812748095,0.0,1.0,0.0,0.0,0.0,0.0,0.0,0.08,0.010416666666666666,0.5,0.25
262,0.9747443404405086,0.5360980861731228,0.8594884976932348,0.5150426675407518,0.24520712264384206,0.5401763331384691,0.7291666666666666,0.4133589079701602,0.39842493189276745,0.125,0.4,0.37884015332167015,0.3819166480461883,0.08,0.0,0.0,0.4514285714285714,17.962857142857143,0.026041666666666668,0.0,0.046747413937378836,0.08436634914903716,3.1145833333333335,0.0,0.0,0.15,0.078125,0,0.11237729978301558,0.2710382964446823,0.6391970972731487,0.6872738836493133,0.0,0.0,0.0,0.0,0.0,0.0,0.0,0.08,0.0,0.5,0.25
263,0.9766474887207682,0.5359067637107107,0.8605325104641198,0.5147786694295309,0.24520712264384206,0.539949267360856,0.6979166666666666,0.4133589079701602,0.39842493189276745,0.125,0.38285714285714284,0.37884015332167015,0.3819166480461883,0.08,0.015625,0.008571428571428572,0.4514285714285714,17.994285714285713,0.020833333333333332,0.0,0.046747413937378836,0.08436634914903716,3.1145833333333335,0.0,0.0,0.15,0.078125,0,0.11187241328410051,0.2696831049624589,0.6349845838991143,0.673528405976327,0.0,1.0,0.0,0.0,0.0,0.0,0.0,0.08,0.015625,0.5,0.25
264,0.9777542919558412,0.536026376311076,0.8611396710959314,0.5147863240939218,0.24520712264384206,0.5399464724389195,0.6458333333333334,0.4135672413034936,0.3985811818927674,0.125,0.35428571428571426,0.3789544390359557,0.3820023623319026,0.08,0.010416666666666666,0.005714285714285714,0.4514285714285714,18.048571428571428,0.03125,0.0,0.046747413937378836,0.08436634914903716,3.1145833333333335,0.0,0.0,0.15,0.078125,0,0.11217019407482287,0.27596991038958774,0.6279991779354176,0.73498938540521,0.0,0.0,0.0,0.0,0.0,0.0,0.0,0.08,0.010416666666666666,0.5,0.25
265,0.9769132824390807,0.535941260842669,0.8606783173038798,0.5150093233952943,0.24520712264384206,0.5399207667337295,0.7135416666666666,0.4136714079701602,0.39865930689276746,0.125,0.3914285714285714,0.37901158189309864,0.3820452194747597,0.08,0.020833333333333332,0.011428571428571429,0.4514285714285714,18.042857142857144,0.03125,0.0,0.046747413937378836,0.08436634914903716,3.1145833333333335,0.0,0.0,0.15,0.078125,0,0.1120949145330202,0.28918372920453994,0.6268677658052807,0.7202895976971058,0.0,0.75,0.0,0.0,0.0,0.0,0.0,0.08,0.020833333333333332,0.5,0.25
266,0.97610702353732,0.5350171845190309,0.8602360267063426,0.5144535020995424,0.24520712264384206,0.5398647420409846,0.6822916666666666,0.41377557463682696,0.39873743189276745,0.125,0.3742857142857143,0.3790687247502415,0.3820880766176169,0.08,0.020833333333333332,0.011428571428571429,0.4514285714285714,18.045714285714286,0.03125,0.0,0.046747413937378836,0.08436634914903716,3.1145833333333335,0.0,0.0,0.15,0.078125,0,0.11199158281749792,0.2940941828031918,0.6257589819177465,0.7596013901559033,0.0,0.75,0.0,0.0,0.0,0.0,0.0,0.08,0.020833333333333332,0.5,0.25
267,0.9746819231453957,0.5352136910017337,0.859454257348487,0.5144766722446108,0.24520712264384206,0.5398341278568043,0.6979166666666666,0.4138797413034936,0.39881555689276743,0.125,0.38285714285714284,0.37912586760738437,0.3821309337604741,0.08,0.020833333333333332,0.011428571428571429,0.4514285714285714,18.071428571428573,0.03125,0.0,0.046747413937378836,0.08436634914903716,3.1145833333333335,0.0,0.0,0.15,0.078125,0,0.11188876776055331,0.2926237118891758,0.624672373707963,0.8006493059603014,0.0,0.75,0.0,0.0,0.0,0.0,0.0,0.08,0.020833333333333332,0.5,0.25
268,0.9741034079207146,0.5347506722141239,0.8591369004252334,0.5147205218296764,0.24520712264384206,0.5399772833956608,0.6614583333333334,0.4139839079701602,0.39889368189276747,0.125,0.3628571428571429,0.3791830104645273,0.3821737909033312,0.08,0.020833333333333332,0.011428571428571429,0.4514285714285714,18.13714285714286,0.026041666666666668,0.0,0.046747413937378836,0.08436634914903716,3.1145833333333335,0.0,0.0,0.15,0.078125,0,0.1117864667788934,0.2921751723128267,0.6236074976623752,0.8204418284569713,0.0,0.75,0.0,0.0,0.0,0.0,0.0,0.08,0.020833333333333332,0.5,0.25
269,0.9738764865707449,0.5345526973722075,0.859012417856107,0.5154717071294064,0.24520712264384206,0.5401844766602847,0.6197916666666666,0.41408807463682695,0.39897180689276746,0.125,0.34,0.3792401533216701,0.3822166480461884,0.08,0.015625,0.008571428571428572,0.4514285714285714,18.145714285714284,0.03125,0.0,0.046747413937378836,0.08436634914903716,3.1145833333333335,0.0,0.0,0.15,0.078125,0,0.1116846773021418,0.2912076812055216,0.6197067762805563,0.8040329918878318,0.0,0.6666666666666666,0.0,0.0,0.0,0.0,0.0,0.08,0.015625,0.5,0.25
270,0.9738921772803707,0.5342166878489849,0.8590210253311017,0.515679095786048,0.24520712264384206,0.5403825918033976,0.6666666666666666,0.41429640797016026,0.3991280568927675,0.125,0.3657142857142857,0.37935443903595584,0.3823023623319027,0.08,0.026041666666666668,0.014285714285714285,0.4514285714285714,18.205714285714286,0.036458333333333336,0.0,0.046747413937378836,0.08436634914903716,3.1145833333333335,0.0,0.0,0.15,0.078125,0,0.11201196820134535,0.2981264940267843,0.6215983550406594,0.8913439902333773,0.0,0.6,0.0,0.0,0.0,0.0,0.0,0.08,0.026041666666666668,0.5,0.25
271,0.9722228452772947,0.5353749390615743,0.8581052774894146,0.5161027189454704,0.24520712264384206,0.5404175366345243,0.625,0.41429640797016026,0.3991280568927675,0.125,0.34285714285714286,0.37935443903595584,0.3823023623319027,0.08,0.010416666666666666,0.005714285714285714,0.4514285714285714,18.265714285714285,0.036458333333333336,0.0,0.046747413937378836,0.08436634914903716,3.1145833333333335,0.0,0.0,0.15,0.078125,0,0.11148047978891007,0.2966358615566504,0.6148806736541318,0.8735171104287098,0.0,1.0,0.0,0.0,0.0,0.0,0.0,0.08,0.010416666666666666,0.5,0.25
272,0.9734107806622995,0.5364491211636783,0.858756944900617,0.5166278814360994,0.24520712264384206,0.5404507537431444,0.6666666666666666,0.41429640797016026,0.3991280568927675,0.125,0.3657142857142857,0.37935443903595584,0.3823023623319027,0.08,0.015625,0.008571428571428572,0.4514285714285714,18.282857142857143,0.03125,0.0,0.046747413937378836,0.08436634914903716,3.1145833333333335,0.0,0.0,0.15,0.078125,0,0.11095164881853693,0.29515268224886715,0.6111544887524778,0.8560467682201356,0.0,1.0,0.0,0.0,0.0,0.0,0.0,0.08,0.015625,0.5,0.25
273,0.9734554765024072,0.5353949238760988,0.8579958395802614,0.5174428059672673,0.24520712264384206,0.5406142231027714,0.6649214659685864,0.41413493750409625,0.39909058143596404,0.1256544502617801,0.3628571428571429,0.37946872475024157,0.382388076617617,0.08,0.02617801047120419,0.014285714285714285,0.4542857142857143,18.302857142857142,0.02617801047120419,0.002857142857142857,0.046773786690591714,0.08436634914903718,3.0785340314136125,0.0,0.0,0.15,0.07853403141361257,0,0.11128260486015855,0.30431055048637895,0.6132171132631424,0.8855598605337726,0.0,0.6,0.0,0.0,0.0,0.0,0.0,0.08,0.026041666666666668,0.5,0.25
274,0.9746275224097044,0.535299345134531,0.8586354417753864,0.5169287086736256,0.24520712264384206,0.540556031783129,0.6282722513089005,0.4144490736297507,0.3993261835302048,0.1256544502617801,0.34285714285714286,0.3796401533216701,0.38251664804618835,0.08,0.031413612565445025,0.017142857142857144,0.4542857142857143,18.33142857142857,0.02617801047120419,0.0,0.046804486182630084,0.08436634914903718,3.0785340314136125,0.0,0.0,0.15,0.07853403141361257,0,0.11204047755014346,0.3027889977339471,0.6180956281407369,0.9577654209109324,0.0,0.5,0.0,0.0,0.0,0.0,0.0,0.08,0.031413612565445025,0.5,0.25
275,0.9759010088897101,0.5354733615410165,0.8593304015401896,0.5166360757132713,0.24520712264384206,0.5404972277762985,0.6649214659685864,0.4146584977135203,0.39948325159303205,0.1256544502617801,0.3628571428571429,0.3797544390359558,0.38260236233190265,0.08,0.02617801047120419,0.014285714285714285,0.4542857142857143,18.35142857142857,0.02617801047120419,0.0,0.046804486182630084,0.08436634914903718,3.0785340314136125,0.0,0.0,0.15,0.07853403141361257,0,0.11236598944810702,0.3012750527452773,0.6200194298636365,0.9820000000000004,0.0,0.6,0.0,0.0,0.0,0.0,0.0,0.08,0.02617801047120419,0.5,0.25
276,0.9744770017428833,0.5350605891182632,0.8585533004972068,0.5157831702916977,0.24520712264384206,0.5404071002505585,0.6910994764397905,0.4146584977135203,0.39948325159303205,0.1256544502617801,0.37714285714285717,0.3797544390359558,0.38260236233190265,0.08,0.015706806282722512,0.008571428571428572,0.4542857142857143,18.442857142857143,0.02617801047120419,0.0,0.046804486182630084,0.08436634914903718,3.0785340314136125,0.0,0.0,0.15,0.07853403141361257,0,0.1118327309294379,0.2997686774815509,0.6161904698377921,0.9623600000000003,0.0,1.0,0.0,0.0,0.0,0.0,0.0,0.08,0.015706806282722512,0.5,0.25
277,0.9748417169055384,0.5354906763253985,0.8587523307716844,0.516378256769067,0.24520712264384206,0.5404611217677339,0.6020942408376964,0.4147632097554052,0.3995617856244457,0.1256544502617801,0.32857142857142857,0.3798115818930987,0.3826452194747597,0.08,0.020942408376963352,0.011428571428571429,0.4542857142857143,18.50857142857143,0.02617801047120419,0.0,0.046804486182630084,0.08436634914903718,3.0785340314136125,0.0,0.0,0.15,0.07853403141361257,0,0.11173071013193359,0.2982698340941432,0.6152952318696078,0.9603999999999999,0.0,0.75,0.0,0.0,0.0,0.0,0.0,0.08,0.020942408376963352,0.5,0.25
278,0.9730051614527462,0.5350151253584186,0.8577500962245891,0.516483252809626,0.24520712264384206,0.5405912827913717,0.5654450261780105,0.4147632097554052,0.3995617856244457,0.1256544502617801,0.30857142857142855,0.3798115818930987,0.3826452194747597,0.08,0.015706806282722512,0.008571428571428572,0.4542857142857143,18.49142857142857,0.02617801047120419,0.0,0.046804486182630084,0.08436634914903718,3.0785340314136125,0.0,0.0,0.15,0.07853403141361257,0,0.11120062800984536,0.2967784849236724,0.6115607558036441,0.9411919999999999,0.0,1.0,0.0,0.0,0.0,0.0,0.0,0.08,0.015706806282722512,0.5,0.25
279,0.9742593794447337,0.5347716303496134,0.8578666828849113,0.5158094114048875,0.24520712264384206,0.5408491982784963,0.6190476190476191,0.4160847010413458,0.40031445060195153,0.12698412698412698,0.3342857142857143,0.3798115818930987,0.3826452194747597,0.08,0.015873015873015872,0.008571428571428572,0.46,18.48857142857143,0.021164021164021163,0.005714285714285714,0.04687664695910212,0.08436634914903718,3.037037037037037,0.0,0.0,0.15,0.07936507936507936,0,0.11067319629836754,0.2952945924990541,0.6079009692589998,0.9223681599999999,0.0,1.0,0.0,0.0,0.0,0.0,0.0,0.08,0.015706806282722512,0.5,0.25
280,0.9735940407128023,0.5353481240331117,0.8575073999696685,0.5157787197908917,0.24520712264384206,0.5411598840043695,0.5661375661375662,0.4160847010413458,0.40031445060195153,0.12698412698412698,0.3057142857142857,0.3798115818930987,0.3826452194747597,0.08,0.015873015873015872,0.008571428571428572,0.46,18.494285714285713,0.015873015873015872,0.0,0.04689837870771535,0.08436634914903718,3.037037037037037,0.0,0.0,0.15,0.07936507936507936,0,0.11014840174544714,0.29381811953655884,0.6043143784452484,0.9039207967999998,0.0,1.0,0.0,0.0,0.0,0.0,0.0,0.08,0.015873015873015872,0.5,0.25
281,0.9753912684482533,0.5341442628311452,0.8584779029468119,0.5149588755634475,0.24520712264384206,0.5415257538967169,0.6031746031746031,0.4160847010413458,0.40031445060195153,0.12698412698412698,0.32571428571428573,0.3798115818930987,0.3826452194747597,0.08,0.015873015873015872,0.008571428571428572,0.46,18.52857142857143,0.015873015873015872,0.0,0.04689837870771535,0.08436634914903718,3.037037037037037,0.0,0.0,0.15,0.07936507936507936,0,0.10962623116529134,0.29234902893887604,0.600799519447772,0.8858423808639998,0.0,1.0,0.0,0.0,0.0,0.0,0.0,0.08,0.015873015873015872,0.5,0.25
282,0.9762557301173537,0.5346070497827561,0.8589447122481261,0.5154056761160896,0.24520712264384206,0.5417914300501517,0.6084656084656085,0.4160847010413458,0.40031445060195153,0.12698412698412698,0.32857142857142857,0.3798115818930987,0.3826452194747597,0.08,0.015873015873015872,0.008571428571428572,0.46,18.568571428571428,0.015873015873015872,0.0,0.04689837870771535,0.08436634914903718,3.037037037037037,0.0,0.0,0.15,0.07936507936507936,0,0.10910667143803632,0.2908872837941816,0.597354957630245,0.8681255332467198,0.0,1.0,0.0,0.0,0.0,0.0,0.0,0.08,0.015873015873015872,0.5,0.25
283,0.9759659608716839,0.5354749122331199,0.8587882368554646,0.5162538220860743,0.24520712264384206,0.5420981751455105,0.5714285714285714,0.4160847010413458,0.40031445060195153,0.12698412698412698,0.30857142857142855,0.3798115818930987,0.3826452194747597,0.08,0.015873015873015872,0.008571428571428572,0.46,18.55142857142857,0.015873015873015872,0.0,0.04689837870771535,0.08436634914903718,3.037037037037037,0.0,0.0,0.15,0.07936507936507936,0,0.10858970950941756,0.2894328473752107,0.5939792870490688,0.8507630225817854,0.0,1.0,0.0,0.0,0.0,0.0,0.0,0.08,0.015873015873015872,0.5,0.25
284,0.9759177780837637,0.5364040715375181,0.8587622181499875,0.5162641937667863,0.24520712264384206,0.5424431772465503,0.6349206349206349,0.4160847010413458,0.40031445060195153,0.12698412698412698,0.34285714285714286,0.3798115818930987,0.3826452194747597,0.08,0.015873015873015872,0.008571428571428572,0.46,18.54,0.015873015873015872,0.0,0.04689837870771535,0.08436634914903718,3.037037037037037,0.0,0.0,0.15,0.07936507936507936,0,0.1080753323904419,0.2879856831383346,0.590671129879516,0.8337477621301497,0.0,1.0,0.0,0.0,0.0,0.0,0.0,0.08,0.015873015873015872,0.5,0.25
285,0.9764452299129472,0.5360013199946846,0.8591143414808526,0.5161246808987089,0.24520712264384206,0.5428567305059571,0.5904255319148937,0.41508069463515673,0.398763993839147,0.1276595744680851,0.3171428571428571,0.3798115818930987,0.3826452194747597,0.08,0.010638297872340425,0.008571428571428572,0.46285714285714286,18.557142857142857,0.010638297872340425,0.002857142857142857,0.04691433082225583,0.08436634914903718,3.0106382978723403,0.0,0.0,0.15,0.0797872340425532,0,0.10756352715706112,0.286545754722643,0.5874291358533542,0.8170728068875467,0.0,1.0,0.0,0.0,0.0,0.0,0.0,0.08,0.015873015873015872,0.5,0.25
286,0.9739860307263508,0.537212154349337,0.8577934002034807,0.5170935315594334,0.24520712264384206,0.5430600038855685,0.6276595744680851,0.41508069463515673,0.398763993839147,0.1276595744680851,0.33714285714285713,0.3798115818930987,0.3826452194747597,0.08,0.010638297872340425,0.005714285714285714,0.46285714285714286,18.465714285714284,0.010638297872340425,0.0,0.04694567562984834,0.08436634914903718,3.0106382978723403,0.0,0.0,0.15,0.0797872340425532,0,0.10705428094984723,0.28511302594902976,0.5813948388505729,0.8007313507497957,0.0,1.0,0.0,0.0,0.0,0.0,0.0,0.08,0.010638297872340425,0.5,0.25
287,0.9726768854969635,0.5374394760636517,0.8570902021945528,0.5166280458642636,0.24520712264384206,0.5433239424186949,0.6223404255319149,0.41508069463515673,0.398763993839147,0.1276595744680851,0.3342857142857143,0.3798115818930987,0.3826452194747597,0.08,0.010638297872340425,0.005714285714285714,0.46285714285714286,18.385714285714286,0.010638297872340425,0.0,0.04694567562984834,0.08436634914903718,3.0106382978723403,0.0,0.0,0.15,0.0797872340425532,0,0.10654758097366941,0.2836874608192846,0.575481227787847,0.7847167237347998,0.0,1.0,0.0,0.0,0.0,0.0,0.0,0.08,0.010638297872340425,0.5,0.25
288,0.9739120203868766,0.5373306562579664,0.8577536460782773,0.5165881853966867,0.24520712264384206,0.5437039869318183,0.574468085106383,0.41508069463515673,0.398763993839147,0.1276595744680851,0.30857142857142855,0.3798115818930987,0.3826452194747597,0.08,0.010638297872340425,0.005714285714285714,0.46285714285714286,18.365714285714287,0.010638297872340425,0.0,0.04694567562984834,0.08436634914903718,3.0106382978723403,0.0,0.0,0.15,0.0797872340425532,0,0.1060434144973725,0.2822690235151881,0.5696858889463758,0.7690223892601038,0.0,1.0,0.0,0.0,0.0,0.0,0.0,0.08,0.010638297872340425,0.5,0.25
289,0.9747660347617705,0.5374668972991984,0.8582123737996491,0.5170767724722399,0.24520712264384206,0.5439913758751775,0.6702127659574468,0.41508069463515673,0.398763993839147,0.1276595744680851,0.36,0.3798115818930987,0.3826452194747597,0.08,0.010638297872340425,0.005714285714285714,0.46285714285714286,18.32,0.015957446808510637,0.0,0.04694567562984834,0.08436634914903718,3.0106382978723403,0.0,0.0,0.15,0.0797872340425532,0,0.10554176885345708,0.28085767839761216,0.564006456881734,0.7536419414749017,0.0,1.0,0.0,0.0,0.0,0.0,0.0,0.08,0.010638297872340425,0.5,0.25
290,0.9758426851850125,0.5377627021772861,0.8587906888841333,0.51723785170282,0.24520712264384206,0.5442121741312353,0.7553191489361702,0.41508069463515673,0.398763993839147,0.1276595744680851,0.4057142857142857,0.3798115818930987,0.3826452194747597,0.08,0.010638297872340425,0.005714285714285714,0.46285714285714286,18.291428571428572,0.015957446808510637,0.0,0.04694567562984834,0.08436634914903718,3.0106382978723403,0.0,0.0,0.15,0.0797872340425532,0,0.10504263143776123,0.27945339000562414,0.558440613458385,0.7385691026454037,0.0,1.0,0.0,0.0,0.0,0.0,0.0,0.08,0.010638297872340425,0.5,0.25
291,0.975350622350311,0.537345538724843,0.858526380847208,0.5166048047066681,0.24520712264384206,0.5444290942864655,0.7287234042553191,0.41508069463515673,0.398763993839147,0.1276595744680851,0.3914285714285714,0.3798115818930987,0.3826452194747597,0.08,0.0,0.0,0.46285714285714286,18.28,0.015957446808510637,0.0,0.04694567562984834,0.08436634914903718,3.0106382978723403,0.0,0.0,0.15,0.0797872340425532,0,0.10451741828057241,0.278056123055596,0.5472718011892174,0.7237977205924956,0.0,0.0,0.0,0.0,0.0,0.0,0.0,0.08,0.0,0.5,0.25
292,0.9775309656740698,0.535423463228605,0.8596975366896842,0.5148983441148058,0.24520712264384206,0.5446842224777864,0.7287234042553191,0.4151870776138802,0.3988437810731896,0.1276595744680851,0.3914285714285714,0.3798687247502416,0.38268807661761695,0.08,0.015957446808510637,0.008571428571428572,0.46285714285714286,18.277142857142856,0.015957446808510637,0.0,0.04694567562984834,0.08436634914903718,3.0106382978723403,0.0,0.0,0.15,0.0797872340425532,0,0.10448040261774098,0.31237005122187345,0.5448977937368616,0.7144850343675544,0.0,0.6666666666666666,0.0,0.0,0.0,0.0,0.0,0.08,0.015957446808510637,0.5,0.25
293,0.977500303063035,0.5367939883042019,0.8596810664871853,0.5160192388277626,0.24520712264384206,0.5446568430769918,0.7659574468085106,0.41529346059260364,0.39892356830723213,0.1276595744680851,0.4114285714285714,0.3799258676073844,0.382730933760474,0.08,0.015957446808510637,0.008571428571428572,0.46285714285714286,18.271428571428572,0.015957446808510637,0.0,0.04694567562984834,0.08436634914903718,3.0106382978723403,0.0,0.0,0.15,0.0797872340425532,0,0.1044151434617951,0.3154102181867259,0.5425712664335529,0.7001953336802033,0.0,0.6666666666666666,0.0,0.0,0.0,0.0,0.0,0.08,0.015957446808510637,0.5,0.25
294,0.9785306413530781,0.5373980545162933,0.8602345053401228,0.5160516082429193,0.24520712264384206,0.5447104204398923,0.7340425531914894,0.41529346059260364,0.39892356830723213,0.1276595744680851,0.3942857142857143,0.3799258676073844,0.382730933760474,0.08,0.010638297872340425,0.005714285714285714,0.46285714285714286,18.248571428571427,0.010638297872340425,0.0,0.04694567562984834,0.08436634914903718,3.0106382978723403,0.0,0.0,0.15,0.0797872340425532,0,0.10392163917305759,0.31383316709579223,0.5374341268191677,0.6861914270065992,0.0,1.0,0.0,0.0,0.0,0.0,0.0,0.08,0.010638297872340425,0.5,0.25
295,0.9753892248919116,0.5382760332479314,0.8583959317108184,0.5162792062508347,0.24520712264384206,0.5446765411655345,0.7700534759358288,0.41552615931304737,0.39968603207944237,0.12834224598930483,0.4114285714285714,0.3800401533216702,0.3828166480461883,0.08,0.016042780748663103,0.011428571428571429,0.4657142857142857,18.251428571428573,0.0053475935828877,0.002857142857142857,0.04692524393665923,0.08436634914903716,3.016042780748663,0.0,0.0,0.15,0.08021390374331551,0,0.10428774526290657,0.3122640012603133,0.5381140157113556,0.7302760003410227,0.0,0.5,0.0,0.0,0.0,0.0,0.0,0.08,0.02127659574468085,0.5,0.25
296,0.9775656382820385,0.5380281528872316,0.8595587582935434,0.5155903782420991,0.24520712264384206,0.5448522014988296,0.7486631016042781,0.4156331111847051,0.3997662459831857,0.12834224598930483,0.4,0.380097296178813,0.38285950518904543,0.08,0.0106951871657754,0.005714285714285714,0.4657142857142857,18.291428571428572,0.0053475935828877,0.0,0.04692524393665923,0.08436634914903716,3.016042780748663,0.0,0.0,0.15,0.08021390374331551,0,0.10422344939373489,0.3107026812540117,0.5330660211114142,0.7156704803342022,0.0,0.5,0.0,0.0,0.0,0.0,0.0,0.08,0.0106951871657754,0.5,0.25
297,0.9784492404645577,0.5379094062906049,0.8600308543167752,0.5155477856560928,0.24520712264384206,0.5449790356160351,0.7540106951871658,0.4158470149280206,0.3999266737906723,0.12834224598930483,0.40285714285714286,0.38021158189309867,0.3829452194747598,0.08,0.016042780748663103,0.008571428571428572,0.4657142857142857,18.334285714285713,0.0053475935828877,0.0,0.04692524393665923,0.08436634914903716,3.016042780748663,0.0,0.0,0.15,0.08021390374331551,0,0.10458804643248051,0.30914916784774166,0.5309761292606145,0.7331695990918852,0.0,0.3333333333333333,0.0,0.0,0.0,0.0,0.0,0.08,0.016042780748663103,0.5,0.25
298,0.9797676858401322,0.5375706754340076,0.8605006904076299,0.5154156369881526,0.24520712264384206,0.5451266705100105,0.7526881720430108,0.4165509259818902,0.4009225483161866,0.12903225806451613,0.4,0.38021158189309867,0.3829452194747598,0.08,0.0,0.002857142857142857,0.4685714285714286,18.357142857142858,0.0,0.002857142857142857,0.0469783705253759,0.08436634914903716,2.989247311827957,0.0,0.0,0.15,0.08064516129032258,0,0.10409367762888955,0.30760342200850294,0.5232137495325451,0.7185062071100475,0.0,1.0,0.0,0.0,0.0,0.0,0.0,0.08,0.0053475935828877,0.5,0.25
299,0.9802242745447893,0.5384426275437926,0.8607433346906767,0.5152539525938578,0.24520712264384206,0.5452406849960904,0.6720430107526881,0.4165509259818902,0.4009225483161866,0.12903225806451613,0.35714285714285715,0.38021158189309867,0.3829452194747598,0.08,0.0,0.0,0.4685714285714286,18.34,0.0,0.0,0.0469783705253759,0.08436634914903716,2.989247311827957,0.0,0.0,0.15,0.08064516129032258,0,0.10357320924074508,0.30606540489846046,0.5127494745418941,0.7041360829678466,0.0,0.0,0.0,0.0,0.0,0.0,0.0,0.08,0.0,0.5,0.25
300,0.9815262753302005,0.5376023819467735,0.8614352551080664,0.5146545274871621,0.24520712264384206,0.5454073032489066,0.7043010752688172,0.4166584528636106,0.4010031934774769,0.12903225806451613,0.3742857142857143,0.38026872475024154,0.3829880766176169,0.08,0.005376344086021506,0.002857142857142857,0.4685714285714286,18.39142857142857,0.0,0.0,0.0469783705253759,0.08436634914903716,2.989247311827957,0.0,0.0,0.15,0.08064516129032258,0,0.10348391462311278,0.30453507787396816,0.5053516279081992,0.7349397711379063,0.0,0.0,0.0,0.0,0.0,0.0,0.0,0.08,0.005376344086021506,0.5,0.25
301,0.9808730009579714,0.5376849898511711,0.8610880864416819,0.5144199223729278,0.24520712264384206,0.545408530208916,0.6827956989247311,0.4167659797453311,0.4010838386387673,0.12903225806451613,0.3628571428571429,0.38032586760738435,0.3830309337604741,0.08,0.005376344086021506,0.002857142857142857,0.4685714285714286,18.437142857142856,0.0,0.0,0.0469783705253759,0.08436634914903716,2.989247311827957,0.0,0.0,0.15,0.08064516129032258,0,0.10339506647856865,0.30301240248459826,0.498101738207178,0.7552837283145053,0.0,0.0,0.0,0.0,0.0,0.0,0.0,0.08,0.005376344086021506,0.5,0.25
302,0.9810377726976308,0.5379945550141988,0.8611756508519007,0.5145697203856352,0.24520712264384206,0.5454187620765872,0.6881720430107527,0.4168735066270514,0.4011644838000576,0.12903225806451613,0.3657142857142857,0.38038301046452716,0.38307379090333127,0.08,0.005376344086021506,0.002857142857142857,0.4685714285714286,18.445714285714285,0.0,0.0,0.0469783705253759,0.08436634914903716,2.989247311827957,0.0,0.0,0.15,0.08064516129032258,0,0.10330666257474724,0.3014973404721753,0.49099684630017726,0.7697725964760335,0.0,0.0,0.0,0.0,0.0,0.0,0.0,0.08,0.005376344086021506,0.5,0.25
303,0.9798172262212976,0.5380735990692334,0.8605270175816208,0.5150863991825382,0.24520712264384206,0.5455165353129197,0.7043010752688172,0.4168735066270514,0.4011644838000576,0.12903225806451613,0.3742857142857143,0.38038301046452716,0.38307379090333127,0.08,0.0,0.0,0.4685714285714286,18.49142857142857,0.0,0.0,0.0469783705253759,0.08436634914903716,2.989247311827957,0.0,0.0,0.15,0.08064516129032258,0,0.1027901292618735,0.2999898537698144,0.4811769093741736,0.7543771445465127,0.0,0.0,0.0,0.0,0.0,0.0,0.0,0.08,0.0,0.5,0.25
304,0.978545592840815,0.5395117079818204,0.8598512352708502,0.5160548500124742,0.24520712264384206,0.5456877342257148,0.6720430107526881,0.4168735066270514,0.4011644838000576,0.12903225806451613,0.35714285714285715,0.38038301046452716,0.38307379090333127,0.08,0.0,0.0,0.4685714285714286,18.505714285714287,0.0,0.0,0.0469783705253759,0.08436634914903716,2.989247311827957,0.0,0.0,0.15,0.08064516129032258,0,0.10227617861556415,0.29848990450096535,0.47155337118669016,0.7392896016555826,0.0,0.0,0.0,0.0,0.0,0.0,0.0,0.08,0.0,0.5,0.25
305,0.9785764975746593,0.539103646697876,0.8598676589294073,0.5156644008134142,0.24520712264384206,0.5458326708093119,0.6666666666666666,0.4168735066270514,0.4011644838000576,0.12903225806451613,0.35428571428571426,0.38038301046452716,0.38307379090333127,0.08,0.0,0.0,0.4685714285714286,18.52,0.0,0.0,0.0469783705253759,0.08436634914903716,2.989247311827957,0.0,0.0,0.15,0.08064516129032258,0,0.10176479772248631,0.29699745497846053,0.4621223037629563,0.7245038096224709,0.0,0.0,0.0,0.0,0.0,0.0,0.0,0.08,0.0,0.5,0.25
306,0.9775691503084872,0.5390902385150946,0.8593323258108132,0.5155217895154736,0.24520712264384206,0.5459803536498885,0.6720430107526881,0.4168735066270514,0.4011644838000576,0.12903225806451613,0.35714285714285715,0.38038301046452716,0.38307379090333127,0.08,0.0,0.0,0.4685714285714286,18.46,0.0,0.0,0.0469783705253759,0.08436634914903716,2.989247311827957,0.0,0.0,0.15,0.08064516129032258,0,0.10125597373387389,0.2955124677035682,0.45287985768769723,0.7100137334300214,0.0,0.0,0.0,0.0,0.0,0.0,0.0,0.08,0.0,0.5,0.25
307,0.9746223317818841,0.5387631704352323,0.8577663022509611,0.515370843798913,0.24520712264384206,0.5461786300684189,0.6935483870967742,0.4168735066270514,0.4011644838000576,0.12903225806451613,0.36857142857142855,0.38038301046452716,0.38307379090333127,0.08,0.0,0.0,0.4685714285714286,18.437142857142856,0.0,0.0,0.0469783705253759,0.08436634914903716,2.989247311827957,0.0,0.0,0.15,0.08064516129032258,0,0.1007496938652045,0.2940349053650504,0.44382226053394325,0.695813458761421,0.0,0.0,0.0,0.0,0.0,0.0,0.0,0.08,0.0,0.5,0.25
308,0.9769543221565157,0.5390279649782965,0.8590055885643367,0.5162346075881052,0.24520712264384206,0.5463607380796901,0.6397849462365591,0.4168735066270514,0.4011644838000576,0.12903225806451613,0.34,0.38038301046452716,0.38307379090333127,0.08,0.0,0.0,0.4685714285714286,18.417142857142856,0.0,0.0,0.0469783705253759,0.08436634914903716,2.989247311827957,0.0,0.0,0.15,0.08064516129032258,0,0.1002459453958785,0.2925647308382251,0.4349458153232644,0.6818971895861926,0.0,0.0,0.0,0.0,0.0,0.0,0.0,0.08,0.0,0.5,0.25
309,0.9764983614233232,0.5388496500768577,0.8587632780032688,0.5166363888629679,0.24520712264384206,0.546464343438621,0.6075268817204301,0.4169810335087719,0.4012451289613479,0.12903225806451613,0.32285714285714284,0.38044015332167014,0.3831166480461884,0.08,0.005376344086021506,0.002857142857142857,0.4685714285714286,18.422857142857143,0.005376344086021506,0.0,0.0469783705253759,0.08436634914903716,2.989247311827957,0.0,0.0,0.15,0.08064516129032258,0,0.10017328709747055,0.29110190718403395,0.4291040418739419,0.6767991225428551,0.0,0.0,0.0,0.0,0.0,0.0,0.0,0.08,0.005376344086021506,0.5,0.25
310,0.9765222926045574,0.5389691400613961,0.8587759957167246,0.5162633857199312,0.24520712264384206,0.5465967210134401,0.7043010752688172,0.4169810335087719,0.4012451289613479,0.12903225806451613,0.3742857142857143,0.38044015332167014,0.3831166480461884,0.08,0.0,0.0,0.4685714285714286,18.445714285714285,0.005376344086021506,0.0,0.0469783705253759,0.08436634914903716,2.989247311827957,0.0,0.0,0.15,0.08064516129032258,0,0.09967242066198317,0.2896463976481138,0.4205219610364631,0.6632631400919979,0.0,0.0,0.0,0.0,0.0,0.0,0.0,0.08,0.0,0.5,0.25
311,0.9766604230542048,0.5394789861603094,0.8588494021842515,0.51629140118253,0.24520712264384206,0.5468379661344408,0.6559139784946236,0.4169810335087719,0.4012451289613479,0.12903225806451613,0.3485714285714286,0.38044015332167014,0.3831166480461884,0.08,0.0,0.0,0.4685714285714286,18.48857142857143,0.0,0.0,0.0469783705253759,0.08436634914903716,2.989247311827957,0.0,0.0,0.15,0.08064516129032258,0,0.09917405855867327,0.28819816565987316,0.41211152181573374,0.6499978772901579,0.0,0.0,0.0,0.0,0.0,0.0,0.0,0.08,0.0,0.5,0.25
312,0.9751600998650116,0.539606318457314,0.8580520875751374,0.5157480579570296,0.24520712264384206,0.5470715407688181,0.6451612903225806,0.4169810335087719,0.4012451289613479,0.12903225806451613,0.34285714285714286,0.38044015332167014,0.3831166480461884,0.08,0.0,0.0,0.4685714285714286,18.485714285714284,0.005376344086021506,0.0,0.0469783705253759,0.08436634914903716,2.989247311827957,0.0,0.0,0.15,0.08064516129032258,0,0.0986781882658799,0.2867571748315738,0.40386929137941907,0.6369979197443548,0.0,0.0,0.0,0.0,0.0,0.0,0.0,0.08,0.0,0.5,0.25
313,0.975122845644766,0.5399575384930471,0.8580322896180926,0.5160719075016222,0.24520712264384206,0.5473934079978648,0.6612903225806451,0.4169810335087719,0.4012451289613479,0.12903225806451613,0.3514285714285714,0.38044015332167014,0.3831166480461884,0.08,0.0,0.0,0.4685714285714286,18.445714285714285,0.0,0.0,0.0469783705253759,0.08436634914903716,2.989247311827957,0.0,0.0,0.15,0.08064516129032258,0,0.0981847973245505,0.28532338895741594,0.3957919055518307,0.6242579613494676,0.0,0.0,0.0,0.0,0.0,0.0,0.0,0.08,0.0,0.5,0.25
314,0.9767364744079137,0.5398090103276043,0.8588898180465084,0.5156958979390086,0.24520712264384206,0.5476845729291051,0.6989247311827957,0.4169810335087719,0.4012451289613479,0.12903225806451613,0.37142857142857144,0.38044015332167014,0.3831166480461884,0.08,0.0,0.0,0.4685714285714286,18.42,0.0,0.0,0.0469783705253759,0.08436634914903716,2.989247311827957,0.0,0.0,0.15,0.08064516129032258,0,0.09769387333792774,0.28389677201262886,0.3878760674407941,0.6117728021224783,0.0,0.0,0.0,0.0,0.0,0.0,0.0,0.08,0.0,0.5,0.25
315,0.9760108467911262,0.5397180490285778,0.8585041987987299,0.515524695219085,0.24520712264384206,0.5479660322869161,0.7150537634408602,0.4169810335087719,0.4012451289613479,0.12903225806451613,0.38,0.38044015332167014,0.3831166480461884,0.08,0.0,0.0,0.4685714285714286,18.382857142857144,0.0,0.0,0.0469783705253759,0.08436634914903716,2.989247311827957,0.0,0.0,0.15,0.08064516129032258,0,0.09720540397123809,0.2824772881525657,0.38011854609197826,0.5995373460800288,0.0,0.0,0.0,0.0,0.0,0.0,0.0,0.08,0.0,0.5,0.25
316,0.9757381588389282,0.5389305792949737,0.8583592846298475,0.5150088876854555,0.24520712264384206,0.5482879001393073,0.6827956989247311,0.4169810335087719,0.4012451289613479,0.12903225806451613,0.3628571428571429,0.38044015332167014,0.3831166480461884,0.08,0.0,0.0,0.4685714285714286,18.425714285714285,0.0,0.0,0.0469783705253759,0.08436634914903716,2.989247311827957,0.0,0.0,0.15,0.08064516129032258,0,0.09671937695138191,0.2810649017118029,0.37251617517013863,0.5875465991584282,0.0,0.0,0.0,0.0,0.0,0.0,0.0,0.08,0.0,0.5,0.25
317,0.9781529593560565,0.5373793942796996,0.8596425786189499,0.5141313271194103,0.24520712264384206,0.5485171225177509,0.6774193548387096,0.4169810335087719,0.4012451289613479,0.12903225806451613,0.36,0.38044015332167014,0.3831166480461884,0.08,0.0,0.0,0.4685714285714286,18.408571428571427,0.0,0.0,0.0469783705253759,0.08436634914903716,2.989247311827957,0.0,0.0,0.15,0.08064516129032258,0,0.096235780066625,0.27965957720324386,0.36506585166673583,0.5757956671752597,0.0,0.0,0.0,0.0,0.0,0.0,0.0,0.08,0.0,0.5,0.25
318,0.9781252704753809,0.538402928537118,0.859627863956648,0.5145800086776331,0.24520712264384206,0.5486899492973853,0.7096774193548387,0.4171960872722127,0.40140641928392856,0.12903225806451613,0.37714285714285717,0.3805544390359558,0.3832023623319026,0.08,0.010752688172043012,0.005714285714285714,0.4685714285714286,18.397142857142857,0.0,0.0,0.0469783705253759,0.08436634914903716,2.989247311827957,0.0,0.0,0.15,0.08064516129032258,0,0.09661174402343473,0.27826127931722766,0.3634788203476868,0.6313333451391359,0.0,0.0,0.0,0.0,0.0,0.0,0.0,0.08,0.010752688172043012,0.5,0.25
319,0.9770033359281609,0.5388894417783758,0.8590316358829825,0.5150204513578487,0.24520712264384206,0.5488131550274219,0.7311827956989247,0.4173036141539332,0.4014870644452188,0.12903225806451613,0.38857142857142857,0.3806115818930987,0.38324521947475976,0.08,0.005376344086021506,0.002857142857142857,0.4685714285714286,18.411428571428573,0.0,0.0,0.0469783705253759,0.08436634914903716,2.989247311827957,0.0,0.0,0.15,0.08064516129032258,0,0.09655725673188899,0.2768699729206415,0.35906638679787595,0.6459072816105086,0.0,0.0,0.0,0.0,0.0,0.0,0.0,0.08,0.005376344086021506,0.5,0.25
320,0.975717329343731,0.5407269958108509,0.8583482152409712,0.5163722342988935,0.24520712264384206,0.5489978988028327,0.6935483870967742,0.41741114103565363,0.4015677096065092,0.12903225806451613,0.36857142857142855,0.3806687247502415,0.38328807661761694,0.08,0.005376344086021506,0.002857142857142857,0.4685714285714286,18.437142857142856,0.0,0.0,0.0469783705253759,0.08436634914903716,2.989247311827957,0.0,0.0,0.15,0.08064516129032258,0,0.09650304187680096,0.27548562305603835,0.3547422019190613,0.6408091708677813,0.0,0.0,0.0,0.0,0.0,0.0,0.0,0.08,0.005376344086021506,0.5,0.25
321,0.9767331598846536,0.5409617811275835,0.8588880566141474,0.5171768196349226,0.24520712264384206,0.5491907501124884,0.7043010752688172,0.41741114103565363,0.4015677096065092,0.12903225806451613,0.3742857142857143,0.3806687247502415,0.38328807661761694,0.08,0.0,0.0,0.4685714285714286,18.405714285714286,0.0,0.0,0.0469783705253759,0.08436634914903716,2.989247311827957,0.0,0.0,0.15,0.08064516129032258,0,0.09602052666741696,0.27410819494075817,0.34764735788068,0.6279929874504256,0.0,0.0,0.0,0.0,0.0,0.0,0.0,0.08,0.0,0.5,0.25
322,0.9767738893012486,0.5397363877706981,0.8589097013898235,0.516405051737814,0.24520712264384206,0.5494051132952579,0.7043010752688172,0.41741114103565363,0.4015677096065092,0.12903225806451613,0.3742857142857143,0.3806687247502415,0.38328807661761694,0.08,0.0,0.0,0.4685714285714286,18.451428571428572,0.0,0.0,0.0469783705253759,0.08436634914903716,2.989247311827957,0.0,0.0,0.15,0.08064516129032258,0,0.09554042403407989,0.27273765396605437,0.34069441072306633,0.6154331277014171,0.0,0.0,0.0,0.0,0.0,0.0,0.0,0.08,0.0,0.5,0.25
323,0.9774073685306996,0.5396290857176128,0.8592463503517602,0.5164319899840705,0.24520712264384206,0.5496057879187052,0.6935483870967742,0.41741114103565363,0.4015677096065092,0.12903225806451613,0.36857142857142855,0.3806687247502415,0.38328807661761694,0.08,0.0,0.0,0.4685714285714286,18.485714285714284,0.0,0.0,0.0469783705253759,0.08436634914903716,2.989247311827957,0.0,0.0,0.15,0.08064516129032258,0,0.09506272191390946,0.2713739656962241,0.3338805225086051,0.6031244651473887,0.0,0.0,0.0,0.0,0.0,0.0,0.0,0.08,0.0,0.5,0.25
324,0.9771331231270203,0.540221490468401,0.859100608508662,0.5169040603088898,0.24520712264384206,0.5499852830513546,0.6290322580645161,0.41741114103565363,0.4015677096065092,0.12903225806451613,0.3342857142857143,0.3806687247502415,0.38328807661761694,0.08,0.0,0.0,0.4685714285714286,18.474285714285713,0.0,0.0,0.0469783705253759,0.08436634914903716,2.989247311827957,0.0,0.0,0.15,0.08064516129032258,0,0.09458740830433991,0.2700170958677429,0.327202912058433,0.5910619758444409,0.0,0.0,0.0,0.0,0.0,0.0,0.0,0.08,0.0,0.5,0.25
325,0.9780029965659824,0.5395734441621549,0.8595628841076535,0.5163645154085423,0.24520712264384206,0.5504571965662628,0.6236559139784946,0.4175186679173741,0.4016483547677995,0.12903225806451613,0.3314285714285714,0.3807258676073843,0.38333093376047406,0.08,0.005376344086021506,0.002857142857142857,0.4685714285714286,18.457142857142856,0.0,0.0,0.0469783705253759,0.08436634914903716,2.989247311827957,0.0,0.0,0.15,0.08064516129032258,0,0.09454304269138965,0.26866701038840424,0.32351599667440717,0.5831547202081402,0.0,0.0,0.0,0.0,0.0,0.0,0.0,0.08,0.005376344086021506,0.5,0.25
326,0.9780065159277672,0.5397627239991561,0.8595647543970589,0.5161231296648449,0.24520712264384206,0.5507734017203375,0.6935483870967742,0.4175186679173741,0.4016483547677995,0.12903225806451613,0.36857142857142855,0.3807258676073843,0.38333093376047406,0.08,0.0,0.0,0.4685714285714286,18.47714285714286,0.0,0.0,0.0469783705253759,0.08436634914903716,2.989247311827957,0.0,0.0,0.15,0.08064516129032258,0,0.0940703274779327,0.2673236753364622,0.317045676740919,0.5714916258039774,0.0,0.0,0.0,0.0,0.0,0.0,0.0,0.08,0.0,0.5,0.25
327,0.9779339449447442,0.5401980583532616,0.8595261881032238,0.5160821735370581,0.24520712264384206,0.55090694518296,0.6827956989247311,0.4175186679173741,0.4016483547677995,0.12903225806451613,0.3628571428571429,0.3807258676073843,0.38333093376047406,0.08,0.0,0.0,0.4685714285714286,18.462857142857143,0.0,0.0,0.0469783705253759,0.08436634914903716,2.989247311827957,0.0,0.0,0.15,0.08064516129032258,0,0.09359997584054304,0.2659870569597799,0.31070476320610063,0.5600617932878978,0.0,0.0,0.0,0.0,0.0,0.0,0.0,0.08,0.0,0.5,0.25
328,0.9801532773560682,0.5406709296278726,0.8607056047560988,0.5162969739590378,0.24520712264384206,0.5510681387534674,0.7096774193548387,0.4176261947990945,0.4017289999290899,0.12903225806451613,0.37714285714285717,0.3807830104645273,0.3833737909033312,0.08,0.005376344086021506,0.002857142857142857,0.4685714285714286,18.494285714285713,0.0,0.0,0.0469783705253759,0.08436634914903716,2.989247311827957,0.0,0.0,0.15,0.08064516129032258,0,0.09356054738991176,0.264657121674981,0.30734781079912143,0.5488605574221399,0.0,0.0,0.0,0.0,0.0,0.0,0.0,0.08,0.005376344086021506,0.5,0.25
329,0.9786663618171781,0.5414456382868286,0.8599154153554316,0.5167347744070249,0.24520712264384206,0.5511223063447417,0.6881720430107527,0.4178412485625353,0.4018902902516705,0.12903225806451613,0.3657142857142857,0.38089729617881296,0.38345950518904554,0.08,0.010752688172043012,0.005714285714285714,0.4685714285714286,18.497142857142858,0.0,0.0,0.0469783705253759,0.08436634914903716,2.989247311827957,0.0,0.0,0.15,0.08064516129032258,0,0.09394988751010508,0.2690747355946665,0.3069151402974247,0.5585074875319623,0.0,0.0,0.0,0.0,0.0,0.0,0.0,0.08,0.010752688172043012,0.5,0.25
330,0.9783763482258859,0.5414798101060241,0.8597612938469164,0.5170029829448411,0.24520712264384206,0.5511829386072415,0.6720430107526881,0.4178412485625353,0.4018902902516705,0.12903225806451613,0.35714285714285715,0.38089729617881296,0.38345950518904554,0.08,0.0,0.0,0.4685714285714286,18.457142857142856,0.0,0.0,0.0469783705253759,0.08436634914903716,2.989247311827957,0.0,0.0,0.15,0.08064516129032258,0,0.09348013807255455,0.26772936191669316,0.3007768374914762,0.5473373377813231,0.0,0.0,0.0,0.0,0.0,0.0,0.0,0.08,0.0,0.5,0.25
331,0.9775775326722432,0.5406707028307238,0.859336780438409,0.5169264874249698,0.24520712264384206,0.5511578749172557,0.6720430107526881,0.4178412485625353,0.4018902902516705,0.12903225806451613,0.35714285714285715,0.38089729617881296,0.38345950518904554,0.08,0.0,0.0,0.4685714285714286,18.414285714285715,0.0,0.0,0.0469783705253759,0.08436634914903716,2.989247311827957,0.0,0.0,0.15,0.08064516129032258,0,0.09301273738219176,0.26639071510710977,0.2947613007416467,0.5363905910256966,0.0,0.0,0.0,0.0,0.0,0.0,0.0,0.08,0.0,0.5,0.25
332,0.9792163227940239,0.5409636975298772,0.8602076803316985,0.5172095160253507,0.24520712264384206,0.5512178869050561,0.6989247311827957,0.4178412485625353,0.4018902902516705,0.12903225806451613,0.37142857142857144,0.38089729617881296,0.38345950518904554,0.08,0.0,0.0,0.4685714285714286,18.454285714285714,0.0,0.0,0.0469783705253759,0.08436634914903716,2.989247311827957,0.0,0.0,0.15,0.08064516129032258,0,0.0925476736952808,0.2650587615315742,0.2888660747268138,0.5256627792051827,0.0,0.0,0.0,0.0,0.0,0.0,0.0,0.08,0.0,0.5,0.25
333,0.9787462238243329,0.5389345404860266,0.8599578563078054,0.5162805722788489,0.24520712264384206,0.5512935702065702,0.6935483870967742,0.4178412485625353,0.4018902902516705,0.12903225806451613,0.36857142857142855,0.38089729617881296,0.38345950518904554,0.08,0.0,0.0,0.4685714285714286,18.49142857142857,0.0,0.0,0.0469783705253759,0.08436634914903716,2.989247311827957,0.0,0.0,0.15,0.08064516129032258,0,0.0920849353268044,0.2637334677239163,0.2830887532322775,0.515149523621079,0.0,0.0,0.0,0.0,0.0,0.0,0.0,0.08,0.0,0.5,0.25
334,0.9776267688244636,0.5393197582349984,0.8593629459364462,0.5165919697127931,0.24520712264384206,0.5512769698535337,0.6935483870967742,0.4179487754442558,0.40197093541296075,0.12903225806451613,0.36857142857142855,0.38095443903595577,0.3835023623319026,0.08,0.005376344086021506,0.002857142857142857,0.4685714285714286,18.48,0.0,0.0,0.0469783705253759,0.08436634914903716,2.989247311827957,0.0,0.0,0.15,0.08064516129032258,0,0.0920530820787418,0.26241480038529674,0.2802841210247748,0.5144532438088646,0.0,0.0,0.0,0.0,0.0,0.0,0.0,0.08,0.005376344086021506,0.5,0.25
335,0.978495896634446,0.5396086397859812,0.8598248252868941,0.5168784132599948,0.24520712264384206,0.551386562627676,0.6666666666666666,0.41805630232597624,0.40205158057425117,0.12903225806451613,0.35428571428571426,0.3810115818930987,0.3835452194747597,0.08,0.005376344086021506,0.002857142857142857,0.4685714285714286,18.482857142857142,0.0,0.0,0.0469783705253759,0.08436634914903716,2.989247311827957,0.0,0.0,0.15,0.08064516129032258,0,0.09202138809691951,0.26499616351083816,0.2775355814614222,0.5041641789326873,0.0,0.0,0.0,0.0,0.0,0.0,0.0,0.08,0.005376344086021506,0.5,0.25
336,0.9792489070977385,0.5397075443724229,0.8602249965616722,0.5170468509966196,0.24520712264384206,0.5512825176382407,0.6612903225806451,0.41805630232597624,0.40205158057425117,0.12903225806451613,0.3514285714285714,0.3810115818930987,0.3835452194747597,0.08,0.0,0.0,0.4685714285714286,18.517142857142858,0.0,0.0,0.0469783705253759,0.08436634914903716,2.989247311827957,0.0,0.0,0.15,0.08064516129032258,0,0.09156128115643491,0.263671182693284,0.27198486983219367,0.4940808953540335,0.0,0.0,0.0,0.0,0.0,0.0,0.0,0.08,0.0,0.5,0.25
337,0.9789624745953399,0.5401087562255773,0.8600727781461117,0.5168983840158095,0.24520712264384206,0.5511455069195967,0.6505376344086021,0.4181638292076966,0.4021322257355414,0.12903225806451613,0.3457142857142857,0.38106872475024156,0.3835880766176169,0.08,0.005376344086021506,0.002857142857142857,0.4685714285714286,18.451428571428572,0.0,0.0,0.0469783705253759,0.08436634914903716,2.989247311827957,0.0,0.0,0.15,0.08064516129032258,0,0.09153204617922418,0.2623528267798175,0.26940231529269265,0.49648488813224745,0.0,0.0,0.0,0.0,0.0,0.0,0.0,0.08,0.005376344086021506,0.5,0.25
338,0.9759359125095357,0.5396712350679815,0.858464376580513,0.5167273302895884,0.24520712264384206,0.5509315219678889,0.6989247311827957,0.4182713560894171,0.4022128708968318,0.12903225806451613,0.37142857142857144,0.38112586760738437,0.3836309337604741,0.08,0.005376344086021506,0.002857142857142857,0.4685714285714286,18.485714285714284,0.0,0.0,0.0469783705253759,0.08436634914903716,2.989247311827957,0.0,0.0,0.15,0.08064516129032258,0,0.09150295737689948,0.2699014728665066,0.2668714118439817,0.5177424080884797,0.0,0.0,0.0,0.0,0.0,0.0,0.0,0.08,0.005376344086021506,0.5,0.25
339,0.9751509052215471,0.5403174331106189,0.8580472012788963,0.5171511652580785,0.24520712264384206,0.5507771806767113,0.6397849462365591,0.4182713560894171,0.4022128708968318,0.12903225806451613,0.34,0.38112586760738437,0.3836309337604741,0.08,0.0,0.0,0.4685714285714286,18.457142857142856,0.0,0.0,0.0469783705253759,0.08436634914903716,2.989247311827957,0.0,0.0,0.15,0.08064516129032258,0,0.09104544259001499,0.2685519655021741,0.26153398360710206,0.5073875599267101,0.0,0.0,0.0,0.0,0.0,0.0,0.0,0.08,0.0,0.5,0.25
340,0.9773931416535317,0.541044344357212,0.859238789782751,0.5172262214544329,0.24520712264384206,0.5507726958918632,0.7311827956989247,0.4182713560894171,0.4022128708968318,0.12903225806451613,0.38857142857142857,0.38112586760738437,0.3836309337604741,0.08,0.0,0.0,0.4685714285714286,18.47714285714286,0.0,0.0,0.0469783705253759,0.08436634914903716,2.989247311827957,0.0,0.0,0.15,0.08064516129032258,0,0.09059021537706491,0.26720920567466316,0.25630330393496004,0.49723980872817586,0.0,0.0,0.0,0.0,0.0,0.0,0.0,0.08,0.0,0.5,0.25
341,0.9769382121745378,0.5411053907813109,0.8589970272596286,0.5173071905899058,0.24520712264384206,0.5506512528787251,0.6559139784946236,0.41837888297113746,0.4022935160581221,0.12903225806451613,0.3485714285714286,0.38118301046452724,0.3836737909033312,0.08,0.005376344086021506,0.002857142857142857,0.4685714285714286,18.462857142857143,0.0,0.0,0.0469783705253759,0.08436634914903716,2.989247311827957,0.0,0.0,0.15,0.08064516129032258,0,0.09056583572875103,0.2658731596462899,0.2540343807134037,0.4976469816955481,0.0,0.0,0.0,0.0,0.0,0.0,0.0,0.08,0.005376344086021506,0.5,0.25
342,0.9776106706433322,0.5405717361728399,0.859354390903045,0.5175534797615237,0.24520712264384206,0.5506055287003496,0.6935483870967742,0.41837888297113746,0.4022935160581221,0.12903225806451613,0.36857142857142855,0.38118301046452724,0.3836737909033312,0.08,0.0,0.0,0.4685714285714286,18.431428571428572,0.0,0.0,0.0469783705253759,0.08436634914903716,2.989247311827957,0.0,0.0,0.15,0.08064516129032258,0,0.09011300655010726,0.26454379384805843,0.2489536930991356,0.48769404206163713,0.0,0.0,0.0,0.0,0.0,0.0,0.0,0.08,0.0,0.5,0.25
343,0.9770506482763734,0.5408195365045477,0.8590567790166042,0.5177991932986074,0.24520712264384206,0.5505513923229787,0.6451612903225806,0.41837888297113746,0.4022935160581221,0.12903225806451613,0.34285714285714286,0.38118301046452724,0.3836737909033312,0.08,0.0,0.0,0.4685714285714286,18.39142857142857,0.0,0.0,0.0469783705253759,0.08436634914903716,2.989247311827957,0.0,0.0,0.15,0.08064516129032258,0,0.08966244151735672,0.26322107487881813,0.24397461923715286,0.4779401612204044,0.0,0.0,0.0,0.0,0.0,0.0,0.0,0.08,0.0,0.5,0.25
344,0.9781752375759876,0.5407884822480951,0.8596544179015417,0.5181032205463454,0.24520712264384206,0.5504359109213439,0.6075268817204301,0.4184864098528579,0.4023741612194124,0.12903225806451613,0.32285714285714284,0.38124015332167005,0.3837166480461883,0.08,0.005376344086021506,0.002857142857142857,0.4685714285714286,18.36,0.0,0.0,0.0469783705253759,0.08436634914903716,2.989247311827957,0.0,0.0,0.15,0.08064516129032258,0,0.08964270073834137,0.26190496950442405,0.24195226970955266,0.4683813579959963,0.0,0.0,0.0,0.0,0.0,0.0,0.0,0.08,0.005376344086021506,0.5,0.25
345,0.9773306769732938,0.5415970484991601,0.8592055942669674,0.5181235412482785,0.24520712264384206,0.5502960445100004,0.7365591397849462,0.4185939367345784,0.40245480638070275,0.12903225806451613,0.3914285714285714,0.3812972961788129,0.3837595051890455,0.08,0.005376344086021506,0.002857142857142857,0.4685714285714286,18.357142857142858,0.005376344086021506,0.0,0.0469783705253759,0.08436634914903716,2.989247311827957,0.0,0.0,0.15,0.08064516129032258,0,0.0896230586632211,0.26059544465690193,0.23997036717250442,0.4590137308360764,0.0,0.0,0.0,0.0,0.0,0.0,0.0,0.08,0.005376344086021506,0.5,0.25
346,0.978471741477452,0.5412710899838422,0.8598119885463201,0.5181284189188772,0.24520712264384206,0.5502466950508429,0.6666666666666666,0.41870146361629884,0.402535451541993,0.12903225806451613,0.35428571428571426,0.38135443903595584,0.3838023623319027,0.08,0.005376344086021506,0.002857142857142857,0.4685714285714286,18.382857142857144,0.0,0.0,0.0469783705253759,0.08436634914903716,2.989247311827957,0.0,0.0,0.15,0.08064516129032258,0,0.08960351479847642,0.2606252554856618,0.2380281026861972,0.45945508116517914,0.0,0.0,0.0,0.0,0.0,0.0,0.0,0.08,0.005376344086021506,0.5,0.25
347,0.9787031907772132,0.5414888636701287,0.8599349873170503,0.5184690803292217,0.24520712264384206,0.5502392629881576,0.6989247311827957,0.41870146361629884,0.402535451541993,0.12903225806451613,0.37142857142857144,0.38135443903595584,0.3838023623319027,0.08,0.0,0.0,0.4685714285714286,18.35142857142857,0.005376344086021506,0.0,0.0469783705253759,0.08436634914903716,2.989247311827957,0.0,0.0,0.15,0.08064516129032258,0,0.08915549722448403,0.2593221292082335,0.23326754063247326,0.4502659795418755,0.0,0.0,0.0,0.0,0.0,0.0,0.0,0.08,0.0,0.5,0.25
348,0.9768871070866105,0.541838193453516,0.8589698685557586,0.5192121105914788,0.24520712264384206,0.5502412042997155,0.7150537634408602,0.41880899049801923,0.40261609670328335,0.12903225806451613,0.38,0.38141158189309865,0.3838452194747598,0.08,0.005376344086021506,0.002857142857142857,0.4685714285714286,18.36285714285714,0.0,0.0,0.0469783705253759,0.08436634914903716,2.989247311827957,0.0,0.0,0.15,0.08064516129032258,0,0.08913829116693305,0.2580255185621923,0.23145933267696664,0.45780480424449455,0.0,0.0,0.0,0.0,0.0,0.0,0.0,0.08,0.005376344086021506,0.5,0.25
349,0.9776700998373249,0.5419964451271637,0.8593859732747097,0.5191035139632034,0.24520712264384206,0.5502550124024042,0.7365591397849462,0.41902404426146006,0.402777387025864,0.13440860215053763,0.3914285714285714,0.3815258676073844,0.38393093376047405,0.08285714285714285,0.010752688172043012,0.005714285714285714,0.4685714285714286,18.434285714285714,0.0,0.0,0.0469783705253759,0.08436634914903716,2.989247311827957,0.0,0.0,0.15,0.08064516129032258,0,0.08954974256824123,0.2762228435235826,0.23254443173771308,0.4800280748459324,0.0,0.0,0.0,0.0,0.0,0.0,0.0,0.08,0.010752688172043012,0.5,0.25
350,0.9761986959432066,0.5435089034550938,0.858604027205264,0.5197838132605229,0.24520712264384206,0.5503182050341802,0.6559139784946236,0.41902404426146006,0.402777387025864,0.13440860215053763,0.3485714285714286,0.3815258676073844,0.38393093376047405,0.08285714285714285,0.0,0.0,0.4685714285714286,18.454285714285714,0.0,0.0,0.0469783705253759,0.08436634914903716,2.989247311827957,0.0,0.0,0.15,0.08064516129032258,0,0.08910199385540003,0.2748417293059647,0.22789354310295878,0.4704275133490138,0.0,0.0,0.0,0.0,0.0,0.0,0.0,0.08,0.0,0.5,0.25
351,0.976028511662961,0.5430939413658905,0.8585135864163334,0.5198223311648793,0.24520712264384206,0.5503271860627432,0.6774193548387096,0.4191315711431805,0.40285803218715427,0.13440860215053763,0.36,0.3815830104645272,0.3839737909033313,0.08285714285714285,0.005376344086021506,0.002857142857142857,0.4685714285714286,18.451428571428572,0.0,0.0,0.0469783705253759,0.08436634914903716,2.989247311827957,0.0,0.0,0.15,0.08064516129032258,0,0.08908505531469446,0.27346752065943486,0.22619281509804248,0.49015688943194213,0.0,0.0,0.0,0.0,0.0,0.0,0.0,0.08,0.005376344086021506,0.5,0.25
352,0.9743926646754595,0.5442883600371482,0.8576442505886896,0.5204064709387667,0.24520712264384206,0.5503858028413341,0.6612903225806451,0.4191315711431805,0.40285803218715427,0.13440860215053763,0.3514285714285714,0.3815830104645272,0.3839737909033313,0.08285714285714285,0.0,0.0,0.4685714285714286,18.44857142857143,0.0,0.0,0.0469783705253759,0.08436634914903716,2.989247311827957,0.0,0.0,0.15,0.08064516129032258,0,0.08863963003812099,0.2721001830561377,0.22166895879608162,0.4803537516433033,0.0,0.0,0.0,0.0,0.0,0.0,0.0,0.08,0.0,0.5,0.25
353,0.9758940340690981,0.5448929935726419,0.8584421211807377,0.5202749743813303,0.24520712264384206,0.5505559728879473,0.7096774193548387,0.4191315711431805,0.40285803218715427,0.13440860215053763,0.37714285714285717,0.3815830104645272,0.3839737909033313,0.08285714285714285,0.0,0.0,0.4685714285714286,18.50857142857143,0.0,0.0,0.0469783705253759,0.08436634914903716,2.989247311827957,0.0,0.0,0.15,0.08064516129032258,0,0.08819643188793037,0.270739682140857,0.21723557962016,0.4707466766104372,0.0,0.0,0.0,0.0,0.0,0.0,0.0,0.08,0.0,0.5,0.25
354,0.9768777125031947,0.5453393224727324,0.8589648760057146,0.5204699831713401,0.24520712264384206,0.5506758449550596,0.6827956989247311,0.4191315711431805,0.40285803218715427,0.13440860215053763,0.3628571428571429,0.3815830104645272,0.3839737909033313,0.08285714285714285,0.0,0.0,0.4685714285714286,18.50857142857143,0.0,0.0,0.0469783705253759,0.08436634914903716,2.989247311827957,0.0,0.0,0.15,0.08064516129032258,0,0.08775544972849073,0.2693859837301527,0.21289086802775678,0.46133174307822844,0.0,0.0,0.0,0.0,0.0,0.0,0.0,0.08,0.0,0.5,0.25
355,0.9781977323547911,0.5465531176001281,0.8596663722697058,0.5216201941374984,0.24520712264384206,0.5507205855293492,0.6827956989247311,0.41934662490662133,0.40301932250973493,0.13440860215053763,0.3628571428571429,0.381697296178813,0.38405950518904547,0.08285714285714285,0.010752688172043012,0.005714285714285714,0.4685714285714286,18.56,0.005376344086021506,0.0,0.0469783705253759,0.08436634914903716,2.989247311827957,0.0,0.0,0.15,0.08064516129032258,0,0.08817381533699113,0.26803905381150195,0.21434733638148734,0.4772351203884215,0.0,0.0,0.0,0.0,0.0,0.0,0.0,0.08,0.010752688172043012,0.5,0.25
356,0.9785859489373259,0.5474377832113658,0.8598726816535674,0.5214739132888223,0.24520712264384206,0.5506134240309637,0.6666666666666666,0.41934662490662133,0.40301932250973493,0.13440860215053763,0.35428571428571426,0.381697296178813,0.38405950518904547,0.08285714285714285,0.0,0.0,0.4685714285714286,18.557142857142857,0.005376344086021506,0.0,0.0469783705253759,0.08436634914903716,2.989247311827957,0.0,0.0,0.15,0.08064516129032258,0,0.08773294626030617,0.2666988585424444,0.2100603896538576,0.46769041798065303,0.0,0.0,0.0,0.0,0.0,0.0,0.0,0.08,0.0,0.5,0.25
357,0.977809710323609,0.5490478580894296,0.859460166275992,0.5224890433237095,0.24520712264384206,0.5505947118249724,0.7150537634408602,0.41934662490662133,0.40301932250973493,0.13440860215053763,0.38,0.381697296178813,0.38405950518904547,0.08285714285714285,0.0,0.0,0.4685714285714286,18.557142857142857,0.005376344086021506,0.0,0.0469783705253759,0.08436634914903716,2.989247311827957,0.0,0.0,0.15,0.08064516129032258,0,0.08729428152900463,0.2653653642497322,0.20585918186078045,0.45833660962103995,0.0,0.0,0.0,0.0,0.0,0.0,0.0,0.08,0.0,0.5,0.25
358,0.979347057283094,0.5489941181638188,0.8602999041632423,0.5223033932828938,0.24520712264384206,0.5507722351992694,0.6918918918918919,0.41799919022321336,0.40147948302172703,0.12972972972972974,0.3657142857142857,0.381697296178813,0.38405950518904547,0.08285714285714285,0.0,0.0,0.4714285714285714,18.58,0.0,0.002857142857142857,0.04695714662371696,0.08436634914903716,2.9945945945945946,0.0,0.0,0.15,0.08108108108108109,0,0.08685781012135962,0.26403853742848354,0.2017419982235648,0.44916987742861914,0.0,0.0,0.0,0.0,0.0,0.0,0.0,0.08,0.0,0.5,0.25
359,0.979381435490097,0.5488840513398242,0.8603180755012295,0.5227498017663429,0.24520712264384206,0.5511461976238233,0.6810810810810811,0.41799919022321336,0.40147948302172703,0.12972972972972974,0.36,0.381697296178813,0.38405950518904547,0.08285714285714285,0.0,0.0,0.4714285714285714,18.602857142857143,0.0,0.0,0.04695714662371696,0.08436634914903716,2.9945945945945946,0.0,0.0,0.15,0.08108108108108109,0,0.08642352107075281,0.2627183447413411,0.1977071582590935,0.4401864798800468,0.0,0.0,0.0,0.0,0.0,0.0,0.0,0.08,0.0,0.5,0.25
360,0.9784751571869631,0.5469731607961916,0.8598390426838588,0.5215681808354949,0.24520712264384206,0.5514854281139149,0.6918918918918919,0.41799919022321336,0.40147948302172703,0.12972972972972974,0.3657142857142857,0.381697296178813,0.38405950518904547,0.08285714285714285,0.0,0.0,0.4714285714285714,18.63142857142857,0.0,0.0,0.04695714662371696,0.08436634914903716,2.9945945945945946,0.0,0.0,0.15,0.08108108108108109,0,0.08599140346539906,0.2614047530176344,0.19375301509391168,0.4313827502824459,0.0,0.0,0.0,0.0,0.0,0.0,0.0,0.08,0.0,0.5,0.25
361,0.9778955401681924,0.5474808523428889,0.8595326736882227,0.5217566207870313,0.24520712264384206,0.5518158005013096,0.6486486486486487,0.41799919022321336,0.40147948302172703,0.12972972972972974,0.34285714285714286,0.381697296178813,0.38405950518904547,0.08285714285714285,0.0,0.0,0.4714285714285714,18.645714285714284,0.0,0.0,0.04695714662371696,0.08436634914903716,2.9945945945945946,0.0,0.0,0.15,0.08108108108108109,0,0.08556144644807206,0.2600977292525462,0.18987795479203345,0.42275509527679694,0.0,0.0,0.0,0.0,0.0,0.0,0.0,0.08,0.0,0.5,0.25
362,0.977523553638542,0.548085258517487,0.8593360522368362,0.5220978269593973,0.24520712264384206,0.5521872008413696,0.6378378378378379,0.4181072983313215,0.40156056410280816,0.12972972972972974,0.33714285714285713,0.3817544390359558,0.3841023623319026,0.08285714285714285,0.005405405405405406,0.002857142857142857,0.4714285714285714,18.64,0.0,0.0,0.04695714662371696,0.08436634914903716,2.9945945945945946,0.0,0.0,0.15,0.08108108108108109,0,0.08556221064440314,0.2637126566249658,0.18893753855333562,0.42487760812440667,0.0,0.0,0.0,0.0,0.0,0.0,0.0,0.08,0.005405405405405406,0.5,0.25
363,0.9773351767759104,0.5481473803021998,0.8592364816094453,0.5213079492935164,0.24520712264384206,0.5525212113321554,0.6594594594594595,0.4181072983313215,0.40156056410280816,0.12972972972972974,0.3485714285714286,0.3817544390359558,0.3841023623319026,0.08285714285714285,0.0,0.0,0.4714285714285714,18.645714285714284,0.0,0.0,0.04695714662371696,0.08436634914903716,2.9945945945945946,0.0,0.0,0.15,0.08108108108108109,0,0.0851343995911811,0.26239409334184094,0.18515878778226888,0.4163800559619185,0.0,0.0,0.0,0.0,0.0,0.0,0.0,0.08,0.0,0.5,0.25
364,0.9760295141434094,0.5484083087507297,0.8585463456465517,0.5218796690180236,0.24520712264384206,0.5528076427836253,0.6324324324324324,0.4181072983313215,0.40156056410280816,0.12972972972972974,0.3342857142857143,0.3817544390359558,0.3841023623319026,0.08285714285714285,0.0,0.0,0.4714285714285714,18.665714285714287,0.0,0.0,0.04695714662371696,0.08436634914903716,2.9945945945945946,0.0,0.0,0.15,0.08108108108108109,0,0.0847087275932252,0.2610821228751317,0.1814556120266235,0.40805245484268016,0.0,0.0,0.0,0.0,0.0,0.0,0.0,0.08,0.0,0.5,0.25
365,0.9764512902907544,0.5485051461511583,0.8587692844672914,0.5221066924529771,0.24520712264384206,0.5532058638626326,0.6594594594594595,0.4181072983313215,0.40156056410280816,0.12972972972972974,0.3485714285714286,0.3817544390359558,0.3841023623319026,0.08285714285714285,0.0,0.0,0.4714285714285714,18.68285714285714,0.0,0.0,0.04695714662371696,0.08436634914903716,2.9945945945945946,0.0,0.0,0.15,0.08108108108108109,0,0.08428518395525908,0.2597767122607561,0.17782649978609105,0.3998914057458265,0.0,0.0,0.0,0.0,0.0,0.0,0.0,0.08,0.0,0.5,0.25
366,0.9767147313556924,0.5491570553385684,0.8589085318873301,0.522730985602192,0.24520712264384206,0.5537397142548813,0.654054054054054,0.4181072983313215,0.40156056410280816,0.12972972972972974,0.3457142857142857,0.3817544390359558,0.3841023623319026,0.08285714285714285,0.0,0.0,0.4714285714285714,18.63142857142857,0.0,0.0,0.04695714662371696,0.08436634914903716,2.9945945945945946,0.0,0.0,0.15,0.08108108108108109,0,0.0838637580354828,0.2584778286994523,0.17426996979036924,0.39189357763091,0.0,0.0,0.0,0.0,0.0,0.0,0.0,0.08,0.0,0.5,0.25
367,0.9778101426919055,0.5492744507732911,0.8594875350221856,0.5220745371578445,0.24520712264384206,0.5541194146274896,0.6432432432432432,0.4181072983313215,0.40156056410280816,0.12972972972972974,0.34,0.3817544390359558,0.3841023623319026,0.08285714285714285,0.0,0.0,0.4714285714285714,18.65142857142857,0.0,0.0,0.04695714662371696,0.08436634914903716,2.9945945945945946,0.0,0.0,0.15,0.08108108108108109,0,0.08344443924530537,0.2571854395559551,0.17078457039456185,0.3840557060782918,0.0,0.0,0.0,0.0,0.0,0.0,0.0,0.08,0.0,0.5,0.25
368,0.9782784823319567,0.5493706640269065,0.8597350859747839,0.522209278934856,0.24520712264384206,0.5544787767637268,0.6864864864864865,0.4181072983313215,0.40156056410280816,0.12972972972972974,0.3628571428571429,0.3817544390359558,0.3841023623319026,0.08285714285714285,0.0,0.0,0.4714285714285714,18.588571428571427,0.0,0.0,0.04695714662371696,0.08436634914903716,2.9945945945945946,0.0,0.0,0.15,0.08108108108108109,0,0.08302721704907884,0.25589951235817526,0.16736887898667058,0.37637459195672596,0.0,0.0,0.0,0.0,0.0,0.0,0.0,0.08,0.0,0.5,0.25
369,0.9777687822518412,0.5504078339990062,0.8594656730752943,0.5221553848490516,0.24520712264384206,0.5547704051072556,0.6432432432432432,0.4183235145475377,0.4017227262649703,0.12972972972972974,0.34,0.3818687247502415,0.38418807661761695,0.08285714285714285,0.010810810810810811,0.005714285714285714,0.4714285714285714,18.534285714285716,0.0,0.0,0.04695714662371696,0.08436634914903716,2.9945945945945946,0.0,0.0,0.15,0.08108108108108109,0,0.08346922382097631,0.26724441447284203,0.1697357871212229,0.37501678713789616,0.0,0.0,0.0,0.0,0.0,0.0,0.0,0.08,0.010810810810810811,0.5,0.25
370,0.9792560891406408,0.5501435748321318,0.8602518210022312,0.5216144167385264,0.24520712264384206,0.5548678044952843,0.6810810810810811,0.4183235145475377,0.4017227262649703,0.12972972972972974,0.36,0.3818687247502415,0.38418807661761695,0.08285714285714285,0.0,0.0,0.4714285714285714,18.537142857142857,0.0,0.0,0.04695714662371696,0.08436634914903716,2.9945945945945946,0.0,0.0,0.15,0.08108108108108109,0,0.08305187770187142,0.2659081924004778,0.16634107137879842,0.3675164513951382,0.0,0.0,0.0,0.0,0.0,0.0,0.0,0.08,0.0,0.5,0.25
371,0.9772302433366249,0.5489569709738439,0.8591810167915372,0.5200285282325949,0.24520712264384206,0.5550453829174845,0.7243243243243244,0.41843162265564576,0.40180380734605137,0.12972972972972974,0.38285714285714284,0.38192586760738434,0.38423093376047407,0.08285714285714285,0.005405405405405406,0.002857142857142857,0.4714285714285714,18.52285714285714,0.0,0.0,0.04695714662371696,0.08436634914903716,2.9945945945945946,0.0,0.0,0.15,0.08108108108108109,0,0.0830651897419335,0.2645786514384754,0.1658713928083653,0.3661516581669332,0.0,0.0,0.0,0.0,0.0,0.0,0.0,0.08,0.005405405405405406,0.5,0.25
372,0.9787493355689283,0.5505966973871933,0.8599839655428975,0.5203546412371911,0.24520712264384206,0.5551350201528469,0.6756756756756757,0.41843162265564576,0.40180380734605137,0.12972972972972974,0.35714285714285715,0.38192586760738434,0.38423093376047407,0.08285714285714285,0.0,0.0,0.4714285714285714,18.537142857142857,0.0,0.0,0.04695714662371696,0.08436634914903716,2.9945945945945946,0.0,0.0,0.15,0.08108108108108109,0,0.08264986379322382,0.26325575818128305,0.162553964952198,0.35882862500359447,0.0,0.0,0.0,0.0,0.0,0.0,0.0,0.08,0.0,0.5,0.25
373,0.9766869903882469,0.550377228705182,0.8588938688045372,0.5203138021979941,0.24520712264384206,0.5554204773034688,0.6270270270270271,0.41843162265564576,0.40180380734605137,0.12972972972972974,0.3314285714285714,0.38192586760738434,0.38423093376047407,0.08285714285714285,0.0,0.0,0.4714285714285714,18.517142857142858,0.0,0.0,0.04695714662371696,0.08436634914903716,2.9945945945945946,0.0,0.0,0.15,0.08108108108108109,0,0.0822366144742577,0.2619394793903766,0.15930288565315404,0.3516520525035226,0.0,0.0,0.0,0.0,0.0,0.0,0.0,0.08,0.0,0.5,0.25
374,0.9759763554650479,0.5505861826524492,0.8585182474879894,0.5208358246951401,0.24520712264384206,0.5558734944728936,0.6918918918918919,0.41843162265564576,0.40180380734605137,0.12972972972972974,0.3657142857142857,0.38192586760738434,0.38423093376047407,0.08285714285714285,0.0,0.0,0.4714285714285714,18.52,0.0,0.0,0.04695714662371696,0.08436634914903716,2.9945945945945946,0.0,0.0,0.15,0.08108108108108109,0,0.08182543140188642,0.26062978199342474,0.15611682794009096,0.34461901145345214,0.0,0.0,0.0,0.0,0.0,0.0,0.0,0.08,0.0,0.5,0.25
375,0.9758544886963861,0.5504787537580438,0.8584538321959823,0.52076729706785,0.24520712264384206,0.5564462527178723,0.6756756756756757,0.41843162265564576,0.40180380734605137,0.12972972972972974,0.35714285714285715,0.38192586760738434,0.38423093376047407,0.08285714285714285,0.0,0.0,0.4714285714285714,18.494285714285713,0.0,0.0,0.04695714662371696,0.08436634914903716,2.9945945945945946,0.0,0.0,0.15,0.08108108108108109,0,0.08141630424487699,0.2593266330834576,0.15299449138128918,0.3377266312243831,0.0,0.0,0.0,0.0,0.0,0.0,0.0,0.08,0.0,0.5,0.25
376,0.9751071043899128,0.5509292917101244,0.858058786205418,0.5212451231847394,0.24520712264384206,0.5568841081633317,0.7189189189189189,0.41843162265564576,0.40180380734605137,0.12972972972972974,0.38,0.38192586760738434,0.38423093376047407,0.08285714285714285,0.0,0.0,0.4714285714285714,18.49142857142857,0.0,0.0,0.04695714662371696,0.08436634914903716,2.9945945945945946,0.0,0.0,0.15,0.08108108108108109,0,0.0810092227236526,0.2580299999180403,0.14993460155366337,0.33097209859989546,0.0,0.0,0.0,0.0,0.0,0.0,0.0,0.08,0.0,0.5,0.25
377,0.975822710808218,0.5511901411670479,0.8584370353122365,0.5214346479165923,0.24520712264384206,0.5573404244614414,0.6810810810810811,0.41843162265564576,0.40180380734605137,0.12972972972972974,0.36,0.38192586760738434,0.38423093376047407,0.08285714285714285,0.0,0.0,0.4714285714285714,18.50857142857143,0.0,0.0,0.04695714662371696,0.08436634914903716,2.9945945945945946,0.0,0.0,0.15,0.08108108108108109,0,0.08060417661003434,0.25673984991845017,0.1469359095225901,0.32435265662789753,0.0,0.0,0.0,0.0,0.0,0.0,0.0,0.08,0.0,0.5,0.25
378,0.9751058119193395,0.5508112018595135,0.8580581030424006,0.5211046479739616,0.24520712264384206,0.5577506794773452,0.6324324324324324,0.41853973076375384,0.4018848884271325,0.12972972972972974,0.3342857142857143,0.38198301046452726,0.38427379090333114,0.08285714285714285,0.005405405405405406,0.002857142857142857,0.4714285714285714,18.514285714285716,0.0,0.0,0.04695714662371696,0.08436634914903716,2.9945945945945946,0.0,0.0,0.15,0.08108108108108109,0,0.0806297271555556,0.2588506280245811,0.14685433418928112,0.34478698206019925,0.0,0.0,0.0,0.0,0.0,0.0,0.0,0.08,0.005405405405405406,0.5,0.25
379,0.9744499189316821,0.5501513001026406,0.8577114167489245,0.5215227062917455,0.24520712264384206,0.558121586209765,0.6648648648648648,0.418647838871862,0.40196596950821356,0.12972972972972974,0.3514285714285714,0.3820401533216701,0.3843166480461883,0.08285714285714285,0.005405405405405406,0.002857142857142857,0.4714285714285714,18.56,0.0,0.0,0.04695714662371696,0.08436634914903716,2.9945945945945946,0.0,0.0,0.15,0.08108108108108109,0,0.08065514994834926,0.26602334819006607,0.1467743903626384,0.33789124241899526,0.0,0.0,0.0,0.0,0.0,0.0,0.0,0.08,0.005405405405405406,0.5,0.25
380,0.9763722064404029,0.5491248448734845,0.8587274830035342,0.5204084877176188,0.24520712264384206,0.5583213408256233,0.6810810810810811,0.41886405508807817,0.4021281316703757,0.12972972972972974,0.36,0.38215443903595575,0.3844023623319026,0.08285714285714285,0.010810810810810811,0.005714285714285714,0.4714285714285714,18.548571428571428,0.0,0.0,0.04695714662371696,0.08436634914903716,2.9945945945945946,0.0,0.0,0.15,0.08108108108108109,0,0.08110901705575035,0.2646932314491157,0.14955318826967134,0.3438692231387141,0.0,0.0,0.0,0.0,0.0,0.0,0.0,0.08,0.010810810810810811,0.5,0.25
381,0.9771629007360408,0.5492438024208744,0.8591454214169428,0.5204810822787731,0.24520712264384206,0.5586351582062152,0.6486486486486487,0.41886405508807817,0.4021281316703757,0.12972972972972974,0.34285714285714286,0.38215443903595575,0.3844023623319026,0.08285714285714285,0.0,0.0,0.4714285714285714,18.50857142857143,0.0,0.0,0.04695714662371696,0.08436634914903716,2.9945945945945946,0.0,0.0,0.15,0.08108108108108109,0,0.0807034719704716,0.2633697652918702,0.14656212450427789,0.33699183867593985,0.0,0.0,0.0,0.0,0.0,0.0,0.0,0.08,0.0,0.5,0.25
382,0.9769920130112582,0.5499294901727254,0.8590550950481289,0.5209741234040431,0.24520712264384206,0.55899150767715,0.6918918918918919,0.41886405508807817,0.4021281316703757,0.12972972972972974,0.3657142857142857,0.38215443903595575,0.3844023623319026,0.08285714285714285,0.0,0.0,0.4714285714285714,18.48,0.0,0.0,0.04695714662371696,0.08436634914903716,2.9945945945945946,0.0,0.0,0.15,0.08108108108108109,0,0.08029995461061923,0.2620529164654108,0.14363088201419236,0.33025200190242104,0.0,0.0,0.0,0.0,0.0,0.0,0.0,0.08,0.0,0.5,0.25
383,0.9765311513317794,0.5495220538369946,0.8588114967318331,0.5206727182908273,0.24520712264384206,0.5591504484639073,0.6864864864864865,0.41886405508807817,0.4021281316703757,0.12972972972972974,0.3628571428571429,0.38215443903595575,0.3844023623319026,0.08285714285714285,0.0,0.0,0.4714285714285714,18.47714285714286,0.0,0.0,0.04695714662371696,0.08436634914903716,2.9945945945945946,0.0,0.0,0.15,0.08108108108108109,0,0.07989845483756615,0.2607426518830837,0.14075826437390848,0.32364696186437264,0.0,0.0,0.0,0.0,0.0,0.0,0.0,0.08,0.0,0.5,0.25
384,0.9767306408063611,0.5497474727654539,0.8589169411683978,0.520726559526379,0.24520712264384206,0.5592162191911219,0.7189189189189189,0.41886405508807817,0.4021281316703757,0.12972972972972974,0.38,0.38215443903595575,0.3844023623319026,0.08285714285714285,0.0,0.0,0.4714285714285714,18.47142857142857,0.0,0.0,0.04695714662371696,0.08436634914903716,2.9945945945945946,0.0,0.0,0.15,0.08108108108108109,0,0.07949896256337831,0.2594389386236683,0.13794309908643032,0.31717402262708516,0.0,0.0,0.0,0.0,0.0,0.0,0.0,0.08,0.0,0.5,0.25
385,0.9788298379463461,0.550330330913912,0.8600265167995328,0.5210688397942463,0.24520712264384206,0.5592235515022528,0.7081081081081081,0.41897216319618635,0.4022092127514568,0.12972972972972974,0.3742857142857143,0.38221158189309856,0.3844452194747598,0.08285714285714285,0.005405405405405406,0.002857142857142857,0.4714285714285714,18.442857142857143,0.0,0.0,0.04695714662371696,0.08436634914903716,2.9945945945945946,0.0,0.0,0.15,0.08108108108108109,0,0.07953003917913284,0.25814174393054995,0.13804137996184457,0.31491470787570736,0.0,0.0,0.0,0.0,0.0,0.0,0.0,0.08,0.005405405405405406,0.5,0.25
386,0.9788628256019636,0.5500438416269663,0.8600439531317876,0.5207179418012801,0.24520712264384206,0.5592729329241641,0.6864864864864865,0.41897216319618635,0.4022092127514568,0.12972972972972974,0.3628571428571429,0.38221158189309856,0.3844452194747598,0.08285714285714285,0.0,0.0,0.4714285714285714,18.36285714285714,0.0,0.0,0.04695714662371696,0.08436634914903716,2.9945945945945946,0.0,0.0,0.15,0.08108108108108109,0,0.0791323889832372,0.2568510352108972,0.13528055236260766,0.3086164137181932,0.0,0.0,0.0,0.0,0.0,0.0,0.0,0.08,0.0,0.5,0.25
387,0.9771280029405855,0.5506211825078235,0.8591269754393449,0.5209887625509544,0.24520712264384206,0.5591399409873958,0.7189189189189189,0.41897216319618635,0.4022092127514568,0.12972972972972974,0.38,0.38221158189309856,0.3844452194747598,0.08285714285714285,0.0,0.0,0.4714285714285714,18.37142857142857,0.0,0.0,0.04695714662371696,0.08436634914903716,2.9945945945945946,0.0,0.0,0.15,0.08108108108108109,0,0.078736727038321,0.25556678003484273,0.13257494131535552,0.30244408544382934,0.0,0.0,0.0,0.0,0.0,0.0,0.0,0.08,0.0,0.5,0.25
388,0.9772111347827206,0.550200936499742,0.8591709165559022,0.520837546345341,0.24520712264384206,0.5588912855354755,0.7351351351351352,0.41897216319618635,0.4022092127514568,0.12972972972972974,0.38857142857142857,0.38221158189309856,0.3844452194747598,0.08285714285714285,0.0,0.0,0.4714285714285714,18.4,0.005405405405405406,0.0,0.04695714662371696,0.08436634914903716,2.9945945945945946,0.0,0.0,0.15,0.08108108108108109,0,0.0783430434031294,0.2542889461346685,0.1299234424890484,0.2963952037349527,0.0,0.0,0.0,0.0,0.0,0.0,0.0,0.08,0.0,0.5,0.25
389,0.978188947642032,0.5498999480547974,0.8596877604958237,0.5206231961128908,0.24520712264384206,0.5585736048283211,0.7513513513513513,0.41908027130429454,0.4022902938325379,0.12972972972972974,0.39714285714285713,0.38226872475024154,0.3844880766176169,0.08285714285714285,0.005405405405405406,0.002857142857142857,0.4714285714285714,18.405714285714286,0.0,0.0,0.04695714662371696,0.08436634914903716,2.9945945945945946,0.0,0.0,0.15,0.08108108108108109,0,0.07837989961468518,0.2547890942096436,0.1301821164964103,0.2904672996602537,0.0,0.0,0.0,0.0,0.0,0.0,0.0,0.08,0.005405405405405406,0.5,0.25
390,0.9794786110830636,0.5509879040984921,0.8603694397432261,0.5210449749632851,0.24520712264384206,0.5581204350450286,0.7081081081081081,0.4191883794124025,0.40237137491361896,0.12972972972972974,0.3742857142857143,0.3823258676073843,0.3845309337604741,0.08285714285714285,0.005405405405405406,0.002857142857142857,0.4714285714285714,18.411428571428573,0.005405405405405406,0.0,0.04695714662371696,0.08436634914903716,2.9945945945945946,0.0,0.0,0.15,0.08108108108108109,0,0.07841657154518318,0.2535151487385954,0.13043561702362494,0.29940870209592463,0.0,0.0,0.0,0.0,0.0,0.0,0.0,0.08,0.005405405405405406,0.5,0.25
391,0.9802606185665697,0.5517859752645018,0.8607827865559365,0.5219304343816155,0.24520712264384206,0.5576154022049828,0.6702702702702703,0.4191883794124025,0.40237137491361896,0.12972972972972974,0.35428571428571426,0.3823258676073843,0.3845309337604741,0.08285714285714285,0.0,0.0,0.4714285714285714,18.47142857142857,0.0,0.0,0.04695714662371696,0.08436634914903716,2.9945945945945946,0.0,0.0,0.15,0.08108108108108109,0,0.07802448868745727,0.2522475729949024,0.12782690468315244,0.29342052805400615,0.0,0.0,0.0,0.0,0.0,0.0,0.0,0.08,0.0,0.5,0.25
392,0.9788479963521846,0.5522234804739031,0.8600361148140472,0.5222820905461973,0.24520712264384206,0.5570130706671862,0.7081081081081081,0.4192964875205107,0.4024524559947001,0.12972972972972974,0.3742857142857143,0.3823830104645272,0.3845737909033312,0.08285714285714285,0.005405405405405406,0.002857142857142857,0.4714285714285714,18.445714285714285,0.0,0.0,0.04695714662371696,0.08436634914903716,2.9945945945945946,0.0,0.0,0.15,0.08108108108108109,0,0.07806293767259141,0.2613790337504992,0.12812750944663223,0.29364479644166863,0.0,0.0,0.0,0.0,0.0,0.0,0.0,0.08,0.005405405405405406,0.5,0.25
393,0.9790481414025051,0.5520508470851957,0.8601419057692168,0.5223501522422743,0.24520712264384206,0.5564966359909502,0.6918918918918919,0.41940459562861876,0.40253353707578116,0.12972972972972974,0.3657142857142857,0.3824401533216701,0.3846166480461884,0.08285714285714285,0.005405405405405406,0.002857142857142857,0.4714285714285714,18.451428571428572,0.0,0.0,0.04695714662371696,0.08436634914903716,2.9945945945945946,0.0,0.0,0.15,0.08108108108108109,0,0.07810119441279988,0.2600721385817467,0.12842210211484245,0.3212297098812649,0.0,0.0,0.0,0.0,0.0,0.0,0.0,0.08,0.005405405405405406,0.5,0.25
394,0.9806863147590692,0.5518315811964021,0.8610077974005435,0.5222130412749225,0.24520712264384206,0.5558749138403279,0.7135135135135136,0.41940459562861876,0.40253353707578116,0.12972972972972974,0.37714285714285717,0.3824401533216701,0.3846166480461884,0.08285714285714285,0.0,0.0,0.4714285714285714,18.445714285714285,0.0,0.0,0.04695714662371696,0.08436634914903716,2.9945945945945946,0.0,0.0,0.15,0.08108108108108109,0,0.07771068844073588,0.25877177788883804,0.1258536600725456,0.3148051156836396,0.0,0.0,0.0,0.0,0.0,0.0,0.0,0.08,0.0,0.5,0.25
395,0.9817673042843988,0.5522132770287961,0.8615791775782178,0.5224619693930995,0.24520712264384206,0.5553549945348438,0.6810810810810811,0.4195127037367269,0.4026146181568622,0.12972972972972974,0.36,0.3824972961788129,0.3846595051890455,0.08285714285714285,0.005405405405405406,0.002857142857142857,0.4714285714285714,18.47142857142857,0.005405405405405406,0.0,0.04695714662371696,0.08436634914903716,2.9945945945945946,0.0,0.0,0.15,0.08108108108108109,0,0.07775070642710363,0.26286515920319065,0.12619372972823753,0.3167365767534665,0.0,0.0,0.0,0.0,0.0,0.0,0.0,0.08,0.005405405405405406,0.5,0.25
396,0.9812770712895728,0.5527977959798046,0.8613200544238097,0.522830895110176,0.24520712264384206,0.5549684795926798,0.6702702702702703,0.4195127037367269,0.4026146181568622,0.12972972972972974,0.35428571428571426,0.3824972961788129,0.3846595051890455,0.08285714285714285,0.0,0.0,0.4714285714285714,18.451428571428572,0.0,0.0,0.04695714662371696,0.08436634914903716,2.9945945945945946,0.0,0.0,0.15,0.08108108108108109,0,0.07736195289496811,0.26155083340717467,0.12366985513367279,0.31040184521839714,0.0,0.0,0.0,0.0,0.0,0.0,0.0,0.08,0.0,0.5,0.25
397,0.9796839626549846,0.5537628460134743,0.8604779827169559,0.5232106349033924,0.24520712264384206,0.5546528631554719,0.7081081081081081,0.4195127037367269,0.4026146181568622,0.12972972972972974,0.3742857142857143,0.3824972961788129,0.3846595051890455,0.08285714285714285,0.0,0.0,0.4714285714285714,18.434285714285714,0.0,0.0,0.04695714662371696,0.08436634914903716,2.9945945945945946,0.0,0.0,0.15,0.08108108108108109,0,0.07697514313049326,0.2602430792401388,0.12119645803099935,0.3041938083140292,0.0,0.0,0.0,0.0,0.0,0.0,0.0,0.08,0.0,0.5,0.25
398,0.9795565884525217,0.5544838775699014,0.860410656352797,0.5239324048512202,0.24520712264384206,0.5542920796097421,0.7081081081081081,0.4195127037367269,0.4026146181568622,0.12972972972972974,0.3742857142857143,0.3824972961788129,0.3846595051890455,0.08285714285714285,0.0,0.0,0.4714285714285714,18.44,0.0,0.0,0.04695714662371696,0.08436634914903716,2.9945945945945946,0.0,0.0,0.15,0.08108108108108109,0,0.0765902674148408,0.2589418638439381,0.11877252887037934,0.2981099321477486,0.0,0.0,0.0,0.0,0.0,0.0,0.0,0.08,0.0,0.5,0.25
399,0.978046887877477,0.5541563219942114,0.8596126717631306,0.5242250340770397,0.24520712264384206,0.5540653771212494,0.6810810810810811,0.4195127037367269,0.4026146181568622,0.12972972972972974,0.36,0.3824972961788129,0.3846595051890455,0.08285714285714285,0.0,0.0,0.4714285714285714,18.42,0.0,0.0,0.04695714662371696,0.08436634914903716,2.9945945945945946,0.0,0.0,0.15,0.08108108108108109,0,0.0762073160777666,0.2576471545247184,0.11639707829297176,0.29214773350479367,0.0,0.0,0.0,0.0,0.0,0.0,0.0,0.08,0.0,0.5,0.25
400,0.9783789899762212,0.5545529835569757,0.8597882114438952,0.5247860186734193,0.24520712264384206,0.5538785958329094,0.7405405405405405,0.4195127037367269,0.4026146181568622,0.12972972972972974,0.3914285714285714,0.3824972961788129,0.3846595051890455,0.08285714285714285,0.0,0.0,0.4714285714285714,18.411428571428573,0.0,0.0,0.04695714662371696,0.08436634914903716,2.9945945945945946,0.0,0.0,0.15,0.08108108108108109,0,0.07582627949737776,0.2563589187520948,0.1140691367271123,0.28630477883469774,0.0,0.0,0.0,0.0,0.0,0.0,0.0,0.08,0.0,0.5,0.25
401,0.9793015751301396,0.553433463842188,0.8602758635966807,0.5248092423617955,0.24520712264384206,0.5536428091034192,0.6594594594594595,0.41972891995294304,0.4027767803190244,0.12972972972972974,0.3485714285714286,0.3826115818930987,0.38474521947475976,0.08285714285714285,0.010810810810810811,0.005714285714285714,0.4714285714285714,18.411428571428573,0.0,0.0,0.04695714662371696,0.08436634914903716,2.9945945945945946,0.0,0.0,0.15,0.08108108108108109,0,0.07630429095703373,0.267694042328744,0.11750203970685577,0.2860973163970695,0.0,0.0,0.0,0.0,0.0,0.0,0.0,0.08,0.010810810810810811,0.5,0.25
402,0.9800666216835063,0.553220503835389,0.8606802453463174,0.5247138279782708,0.24520712264384206,0.553207308348773,0.6594594594594595,0.41972891995294304,0.4027767803190244,0.12972972972972974,0.3485714285714286,0.3826115818930987,0.38474521947475976,0.08285714285714285,0.0,0.0,0.4714285714285714,18.402857142857144,0.0,0.0,0.04695714662371696,0.08436634914903716,2.9945945945945946,0.0,0.0,0.15,0.08108108108108109,0,0.07592276950224858,0.2663555721171003,0.11515199891271867,0.2803753700691281,0.0,0.0,0.0,0.0,0.0,0.0,0.0,0.08,0.0,0.5,0.25
403,0.9803356135235695,0.5524801089348463,0.8608224267474934,0.5245150386783688,0.24520712264384206,0.5526406984396511,0.6648648648648648,0.41972891995294304,0.4027767803190244,0.12972972972972974,0.3514285714285714,0.3826115818930987,0.38474521947475976,0.08285714285714285,0.0,0.0,0.4714285714285714,18.428571428571427,0.0,0.0,0.04695714662371696,0.08436634914903716,2.9945945945945946,0.0,0.0,0.15,0.08108108108108109,0,0.0755431556547373,0.2650237942565148,0.1128489589344643,0.27476786266774555,0.0,0.0,0.0,0.0,0.0,0.0,0.0,0.08,0.0,0.5,0.25
404,0.9783444034704898,0.5530261154856602,0.8597699300051515,0.52508564841082,0.24520712264384206,0.5519896549440569,0.6864864864864865,0.41972891995294304,0.4027767803190244,0.12972972972972974,0.3628571428571429,0.3826115818930987,0.38474521947475976,0.08285714285714285,0.0,0.0,0.4714285714285714,18.428571428571427,0.0,0.0,0.04695714662371696,0.08436634914903716,2.9945945945945946,0.0,0.0,0.15,0.08108108108108109,0,0.07516543987646362,0.2636986752852322,0.110591979755775,0.26927250541439063,0.0,0.0,0.0,0.0,0.0,0.0,0.0,0.08,0.0,0.5,0.25
405,0.9780973223959917,0.5521414907247972,0.8596393300086311,0.5251325920684545,0.24520712264384206,0.5515597658766462,0.6972972972972973,0.4198370280610512,0.4028578614001055,0.12972972972972974,0.36857142857142855,0.3826687247502415,0.38478807661761694,0.08285714285714285,0.005405405405405406,0.002857142857142857,0.4714285714285714,18.47142857142857,0.0,0.0,0.04695714662371696,0.08436634914903716,2.9945945945945946,0.0,0.0,0.15,0.08108108108108109,0,0.07521818410565274,0.2623801819088061,0.11123728301780235,0.29482700722827937,0.0,0.0,0.0,0.0,0.0,0.0,0.0,0.08,0.005405405405405406,0.5,0.25
406,0.9785748346146105,0.5521336216118308,0.8598917293241867,0.524316284799108,0.24520712264384206,0.5512077242132547,0.7243243243243244,0.4198370280610512,0.4028578614001055,0.12972972972972974,0.38285714285714284,0.3826687247502415,0.38478807661761694,0.08285714285714285,0.0,0.0,0.4714285714285714,18.445714285714285,0.0,0.0,0.04695714662371696,0.08436634914903716,2.9945945945945946,0.0,0.0,0.15,0.08108108108108109,0,0.07484209318512447,0.261068280999262,0.10901253735744632,0.2889304670837138,0.0,0.0,0.0,0.0,0.0,0.0,0.0,0.08,0.0,0.5,0.25
407,0.9782933669820613,0.5510264348777425,0.8597429535755535,0.5236819418258063,0.24520712264384206,0.5509605598233733,0.7567567567567568,0.4198370280610512,0.4028578614001055,0.12972972972972974,0.4,0.3826687247502415,0.38478807661761694,0.08285714285714285,0.0,0.0,0.4714285714285714,18.47142857142857,0.0,0.0,0.04695714662371696,0.08436634914903716,2.9945945945945946,0.0,0.0,0.15,0.08108108108108109,0,0.07446788271919885,0.2597629395942657,0.10683228661029737,0.2831518577420395,0.0,0.0,0.0,0.0,0.0,0.0,0.0,0.08,0.0,0.5,0.25
408,0.9792122684559147,0.550745177019396,0.8602286586403046,0.5232329353731604,0.24520712264384206,0.550678404584723,0.745945945945946,0.4198370280610512,0.4028578614001055,0.12972972972972974,0.3942857142857143,0.3826687247502415,0.38478807661761694,0.08285714285714285,0.0,0.0,0.4714285714285714,18.5,0.0,0.0,0.04695714662371696,0.08436634914903716,2.9945945945945946,0.0,0.0,0.15,0.08108108108108109,0,0.07409554330560285,0.2584641248962944,0.10469564087809143,0.2774888205871987,0.0,0.0,0.0,0.0,0.0,0.0,0.0,0.08,0.0,0.5,0.25
409,0.9813829306057071,0.5516478837208685,0.8613760086337662,0.5233654703635557,0.24520712264384206,0.5504545745308128,0.6810810810810811,0.4198370280610512,0.4028578614001055,0.12972972972972974,0.36,0.3826687247502415,0.38478807661761694,0.08285714285714285,0.0,0.0,0.4714285714285714,18.52285714285714,0.0,0.0,0.04695714662371696,0.08436634914903716,2.9945945945945946,0.0,0.0,0.15,0.08108108108108109,0,0.07372506558907485,0.2571718042718129,0.1026017280605296,0.2719390441754547,0.0,0.0,0.0,0.0,0.0,0.0,0.0,0.08,0.0,0.5,0.25
410,0.9807239930273477,0.5518995743610395,0.8610277130566335,0.5229273677764132,0.24520712264384206,0.5502511089586501,0.6756756756756757,0.4198370280610512,0.4028578614001055,0.12972972972972974,0.35714285714285715,0.3826687247502415,0.38478807661761694,0.08285714285714285,0.0,0.0,0.4714285714285714,18.597142857142856,0.0,0.0,0.04695714662371696,0.08436634914903716,2.9945945945945946,0.0,0.0,0.15,0.08108108108108109,0,0.07335644026112947,0.25588594525045383,0.10054969349931901,0.26650026329194565,0.0,0.0,0.0,0.0,0.0,0.0,0.0,0.08,0.0,0.5,0.25
411,0.9794931006679831,0.5518249611573907,0.8603770985238264,0.5225327943722005,0.24520712264384206,0.5500163062777461,0.6648648648648648,0.4198370280610512,0.4028578614001055,0.12972972972972974,0.3514285714285714,0.3826687247502415,0.38478807661761694,0.08285714285714285,0.0,0.0,0.4714285714285714,18.597142857142856,0.0,0.0,0.04695714662371696,0.08436634914903716,2.9945945945945946,0.0,0.0,0.15,0.08108108108108109,0,0.07298965805982381,0.2546065155242015,0.09853869962933264,0.2611702580261067,0.0,0.0,0.0,0.0,0.0,0.0,0.0,0.08,0.0,0.5,0.25
412,0.9809704615631637,0.54997931714184,0.8611579892827077,0.5222924926656765,0.24520712264384206,0.5498796003713077,0.7135135135135136,0.4198370280610512,0.4028578614001055,0.12972972972972974,0.37714285714285717,0.3826687247502415,0.38478807661761694,0.08285714285714285,0.0,0.0,0.4714285714285714,18.605714285714285,0.0,0.0,0.04695714662371696,0.08436634914903716,2.9945945945945946,0.0,0.0,0.15,0.08108108108108109,0,0.07262470976952472,0.2533334829465805,0.09656792563674596,0.25594685286558455,0.0,0.0,0.0,0.0,0.0,0.0,0.0,0.08,0.0,0.5,0.25
413,0.9821917378422883,0.5506130106259675,0.8618035210302449,0.522648176131192,0.24520712264384206,0.5496234365150763,0.6864864864864865,0.4198370280610512,0.4028578614001055,0.12972972972972974,0.3628571428571429,0.3826687247502415,0.38478807661761694,0.08285714285714285,0.0,0.0,0.4714285714285714,18.617142857142856,0.0,0.0,0.04695714662371696,0.08436634914903716,2.9945945945945946,0.0,0.0,0.15,0.08108108108108109,0,0.07226158622067709,0.25206681553184757,0.09463656712401104,0.2508279158082729,0.0,0.0,0.0,0.0,0.0,0.0,0.0,0.08,0.0,0.5,0.25
414,0.982557285974343,0.5495920413942624,0.8619967393286166,0.5221352401526357,0.24520712264384206,0.5494077331766084,0.6918918918918919,0.4198370280610512,0.4028578614001055,0.12972972972972974,0.3657142857142857,0.3826687247502415,0.38478807661761694,0.08285714285714285,0.0,0.0,0.4714285714285714,18.577142857142857,0.0,0.0,0.04695714662371696,0.08436634914903716,2.9945945945945946,0.0,0.0,0.15,0.08108108108108109,0,0.0719002782895737,0.2508064814541884,0.09274383578153084,0.24581135749210742,0.0,0.0,0.0,0.0,0.0,0.0,0.0,0.08,0.0,0.5,0.25
415,0.9825142433552364,0.5487604618869345,0.861973988229946,0.5211909532972883,0.24520712264384206,0.5491542476555946,0.6162162162162163,0.4198370280610512,0.4028578614001055,0.12972972972972974,0.32571428571428573,0.3826687247502415,0.38478807661761694,0.08285714285714285,0.0,0.0,0.4714285714285714,18.6,0.0,0.0,0.04695714662371696,0.08436634914903716,2.9945945945945946,0.0,0.0,0.15,0.08108108108108109,0,0.07154077689812584,0.24955244904691742,0.09088895906590021,0.24089513034226528,0.0,0.0,0.0,0.0,0.0,0.0,0.0,0.08,0.0,0.5,0.25
416,0.9833040040217303,0.5483538283703125,0.8623914331536643,0.5209692803312157,0.24520712264384206,0.5488742912391998,0.6108108108108108,0.41994513616915935,0.40293894248118656,0.12972972972972974,0.32285714285714284,0.38272586760738436,0.38483093376047406,0.08285714285714285,0.005405405405405406,0.002857142857142857,0.4714285714285714,18.611428571428572,0.0,0.0,0.04695714662371696,0.08436634914903716,2.9945945945945946,0.0,0.0,0.15,0.08108108108108109,0,0.07161164444220662,0.24830468680168283,0.09192832274172506,0.25648322896930564,0.0,0.0,0.0,0.0,0.0,0.0,0.0,0.08,0.005405405405405406,0.5,0.25
417,0.9821859486272726,0.5483332996779638,0.8618004610165938,0.5213928817061497,0.24520712264384206,0.5484061154488186,0.6270270270270271,0.42016135238537555,0.40310110464334875,0.12972972972972974,0.3314285714285714,0.38284015332167004,0.38491664804618836,0.08285714285714285,0.010810810810810811,0.005714285714285714,0.4714285714285714,18.642857142857142,0.0,0.0,0.04695714662371696,0.08436634914903716,2.9945945945945946,0.0,0.0,0.15,0.08108108108108109,0,0.07211072907713845,0.24714845192064197,0.09580404200117629,0.2575126682717854,0.0,0.0,0.0,0.0,0.0,0.0,0.0,0.08,0.010810810810810811,0.5,0.25
418,0.9819678100742296,0.5480710973528391,0.8616851592099855,0.5212141282727754,0.24520712264384206,0.5480035399246217,0.6216216216216216,0.42016135238537555,0.40310110464334875,0.12972972972972974,0.32857142857142857,0.38284015332167004,0.38491664804618836,0.08285714285714285,0.0,0.0,0.4714285714285714,18.68285714285714,0.0,0.0,0.04695714662371696,0.08436634914903716,2.9945945945945946,0.0,0.0,0.15,0.08108108108108109,0,0.07175017543175276,0.24591270966103876,0.09388796116115275,0.25236241490634975,0.0,0.0,0.0,0.0,0.0,0.0,0.0,0.08,0.0,0.5,0.25
419,0.9814902403423718,0.5483820906529145,0.8614327294945748,0.5215257144735168,0.24520712264384206,0.5476050822010085,0.6378378378378379,0.42016135238537555,0.40310110464334875,0.12972972972972974,0.33714285714285713,0.38284015332167004,0.38491664804618836,0.08285714285714285,0.0,0.0,0.4714285714285714,18.762857142857143,0.0,0.0,0.04695714662371696,0.08436634914903716,2.9945945945945946,0.0,0.0,0.15,0.08108108108108109,0,0.07139142455459399,0.24468314611273356,0.0920102019379297,0.24731516660822273,0.0,0.0,0.0,0.0,0.0,0.0,0.0,0.08,0.0,0.5,0.25
420,0.9809843096878157,0.5474765502441313,0.8611653090057381,0.5218053818097439,0.24520712264384206,0.5473183807957511,0.5945945945945946,0.4203775686015917,0.4032632668055109,0.12972972972972974,0.3142857142857143,0.38295443903595583,0.38500236233190266,0.08285714285714285,0.010810810810810811,0.005714285714285714,0.4714285714285714,18.768571428571427,0.0,0.0,0.04695714662371696,0.08436634914903716,2.9945945945945946,0.0,0.0,0.15,0.08108108108108109,0,0.07189161028896388,0.2474166757033659,0.09588428361345681,0.24400319685717256,0.0,0.0,0.0,0.0,0.0,0.0,0.0,0.08,0.010810810810810811,0.5,0.25
421,0.981325672957618,0.5465299927937648,0.8613457438769191,0.5217503802728016,0.24520712264384206,0.5469763572693838,0.6216216216216216,0.4204856767096999,0.40334434788659196,0.12972972972972974,0.32857142857142857,0.38301158189309864,0.38504521947475984,0.08285714285714285,0.005405405405405406,0.002857142857142857,0.4714285714285714,18.825714285714287,0.0,0.0,0.04695714662371696,0.08436634914903716,2.9945945945945946,0.0,0.0,0.15,0.08108108108108109,0,0.07196072366609048,0.24617959232484907,0.09682374079833052,0.24613434697225337,0.0,0.0,0.0,0.0,0.0,0.0,0.0,0.08,0.005405405405405406,0.5,0.25
422,0.9825673151962818,0.5473412929129705,0.8620020404887844,0.5219907730062143,0.24520712264384206,0.5466691821865115,0.5837837837837838,0.4204856767096999,0.40334434788659196,0.12972972972972974,0.30857142857142855,0.38301158189309864,0.38504521947475984,0.08285714285714285,0.0,0.0,0.4714285714285714,18.785714285714285,0.0,0.0,0.04695714662371696,0.08436634914903716,2.9945945945945946,0.0,0.0,0.15,0.08108108108108109,0,0.07160092004776003,0.2449486943632248,0.09488726598236391,0.24121166003280828,0.0,0.0,0.0,0.0,0.0,0.0,0.0,0.08,0.0,0.5,0.25
423,0.9806427326711991,0.5481154786142598,0.8609847611540977,0.5217293118400309,0.24520712264384206,0.5463464082160809,0.5891891891891892,0.4205937848178079,0.4034254289676731,0.12972972972972974,0.31142857142857144,0.3830687247502416,0.38508807661761696,0.08285714285714285,0.005405405405405406,0.002857142857142857,0.4714285714285714,18.771428571428572,0.005405405405405406,0.0,0.04695714662371696,0.08436634914903716,2.9945945945945946,0.0,0.0,0.15,0.08108108108108109,0,0.07167148687609266,0.26913883799106914,0.09584666351985952,0.25332124745619783,0.0,0.0,0.0,0.0,0.0,0.0,0.0,0.08,0.005405405405405406,0.5,0.25
424,0.9799099392258216,0.5482488414839648,0.8605974274758268,0.5217630614522138,0.24520712264384206,0.5460722762410645,0.6108108108108108,0.4205937848178079,0.4034254289676731,0.12972972972972974,0.32285714285714284,0.3830687247502416,0.38508807661761696,0.08285714285714285,0.0,0.0,0.4714285714285714,18.777142857142856,0.0,0.0,0.04695714662371696,0.08436634914903716,2.9945945945945946,0.0,0.0,0.15,0.08108108108108109,0,0.0713131294417122,0.2677931438011138,0.0939297302494623,0.2482548225070739,0.0,0.0,0.0,0.0,0.0,0.0,0.0,0.08,0.0,0.5,0.25
425,0.9777489936161584,0.5472431136452087,0.859455213367862,0.5214362490300032,0.24520712264384206,0.5459365584973674,0.5351351351351351,0.42070189292591603,0.40350651004875415,0.12972972972972974,0.28285714285714286,0.38312586760738443,0.385130933760474,0.08285714285714285,0.005405405405405406,0.002857142857142857,0.4714285714285714,18.785714285714285,0.0,0.0,0.04695714662371696,0.08436634914903716,2.9945945945945946,0.0,0.0,0.15,0.08108108108108109,0,0.07138513522307507,0.27507281883557977,0.09490827850161591,0.2449124885653662,0.0,0.0,0.0,0.0,0.0,0.0,0.0,0.08,0.005405405405405406,0.5,0.25
426,0.9768389617727449,0.5467976336277064,0.8589741965363433,0.5213969972984588,0.24520712264384206,0.5457320885090731,0.6,0.42070189292591603,0.40350651004875415,0.12972972972972974,0.3171428571428571,0.38312586760738443,0.385130933760474,0.08285714285714285,0.0,0.0,0.4714285714285714,18.745714285714286,0.0,0.0,0.04695714662371696,0.08436634914903716,2.9945945945945946,0.0,0.0,0.15,0.08108108108108109,0,0.0710282095469597,0.2736974547414019,0.0930101129315836,0.24001423879405887,0.0,0.0,0.0,0.0,0.0,0.0,0.0,0.08,0.0,0.5,0.25
427,0.9785554415241542,0.5464015625119981,0.8598814786906598,0.5206425459525739,0.24520712264384206,0.5455053363552146,0.5783783783783784,0.42070189292591603,0.40350651004875415,0.12972972972972974,0.3057142857142857,0.38312586760738443,0.385130933760474,0.08285714285714285,0.0,0.0,0.4714285714285714,18.76,0.0,0.0,0.04695714662371696,0.08436634914903716,2.9945945945945946,0.0,0.0,0.15,0.08108108108108109,0,0.07067306849922489,0.27232896746769486,0.09114991067295192,0.23521395401817768,0.0,0.0,0.0,0.0,0.0,0.0,0.0,0.08,0.0,0.5,0.25
428,0.978338124867653,0.5472998958485898,0.8597666113150805,0.5206508098018141,0.24520712264384206,0.5452897740847269,0.6324324324324324,0.42070189292591603,0.40350651004875415,0.12972972972972974,0.3342857142857143,0.38312586760738443,0.385130933760474,0.08285714285714285,0.0,0.0,0.4714285714285714,18.72,0.005405405405405406,0.0,0.04695714662371696,0.08436634914903716,2.9945945945945946,0.0,0.0,0.15,0.08108108108108109,0,0.07031970315672877,0.2709673226303564,0.08932691245949288,0.23050967493781413,0.0,0.0,0.0,0.0,0.0,0.0,0.0,0.08,0.0,0.5,0.25
429,0.9770583396542677,0.545789343106449,0.859090153416577,0.5195906043729989,0.24520712264384206,0.5450630111031011,0.6432432432432432,0.42091810914213224,0.40366867221091635,0.12972972972972974,0.34,0.3832401533216701,0.3852166480461883,0.08285714285714285,0.010810810810810811,0.005714285714285714,0.4714285714285714,18.728571428571428,0.0,0.0,0.04695714662371696,0.08436634914903716,2.9945945945945946,0.0,0.0,0.15,0.08108108108108109,0,0.07082524749808798,0.2696124860172046,0.09325465992458874,0.27598313255825063,0.0,0.0,0.0,0.0,0.0,0.0,0.0,0.08,0.010810810810810811,0.5,0.25
430,0.9758457539605403,0.5458820896433885,0.8584492152641783,0.5198254653081232,0.24520712264384206,0.5447505707651014,0.6162162162162163,0.42102621725024036,0.4037497532919974,0.12972972972972974,0.32571428571428573,0.3832972961788129,0.3852595051890455,0.08285714285714285,0.005405405405405406,0.002857142857142857,0.4714285714285714,18.665714285714287,0.0,0.0,0.04695714662371696,0.08436634914903716,2.9945945945945946,0.0,0.0,0.15,0.08108108108108109,0,0.07089969268916897,0.2694514205685354,0.09424670958323982,0.2717294842888893,0.0,0.0,0.0,0.0,0.0,0.0,0.0,0.08,0.005405405405405406,0.5,0.25
431,0.975295344861208,0.5455071333715025,0.8581582847402452,0.5202604022468819,0.24520712264384206,0.5444879126201699,0.6972972972972973,0.42102621725024036,0.4037497532919974,0.12972972972972974,0.36857142857142855,0.3832972961788129,0.3852595051890455,0.08285714285714285,0.0,0.0,0.4714285714285714,18.62857142857143,0.0,0.0,0.04695714662371696,0.08436634914903716,2.9945945945945946,0.0,0.0,0.15,0.08108108108108109,0,0.07054519422572313,0.26810416346569277,0.09236177539157503,0.2662948946031115,0.0,0.0,0.0,0.0,0.0,0.0,0.0,0.08,0.0,0.5,0.25
432,0.9765721562479965,0.5446226008545682,0.8588331707589765,0.5196487171920289,0.24520712264384206,0.5441039112311722,0.7189189189189189,0.42102621725024036,0.4037497532919974,0.12972972972972974,0.38,0.3832972961788129,0.3852595051890455,0.08285714285714285,0.0,0.0,0.4714285714285714,18.594285714285714,0.005405405405405406,0.0,0.04695714662371696,0.08436634914903716,2.9945945945945946,0.0,0.0,0.15,0.08108108108108109,0,0.0701924682545945,0.2667636426483643,0.09051453988374351,0.2609689967110493,0.0,0.0,0.0,0.0,0.0,0.0,0.0,0.08,0.0,0.5,0.25
433,0.9760480642368521,0.5439078664392939,0.8585561506959428,0.5198138607719794,0.24520712264384206,0.5435819034860749,0.6918918918918919,0.4211343253583485,0.4038308343730785,0.12972972972972974,0.3657142857142857,0.3833544390359558,0.3853023623319026,0.08285714285714285,0.005405405405405406,0.002857142857142857,0.4714285714285714,18.582857142857144,0.005405405405405406,0.0,0.04695714662371696,0.08436634914903716,2.9945945945945946,0.0,0.0,0.15,0.08108108108108109,0,0.07027007734189294,0.2654298244351224,0.0915613919432115,0.29225397372763057,0.0,0.0,0.0,0.0,0.0,0.0,0.0,0.08,0.005405405405405406,0.5,0.25
434,0.9738706702368956,0.541931946699352,0.8574052424388231,0.5189827124574203,0.24520712264384206,0.5430708636714856,0.6432432432432432,0.42124243346645657,0.4039119154541595,0.12972972972972974,0.34,0.3834115818930986,0.3853452194747597,0.08285714285714285,0.005405405405405406,0.002857142857142857,0.4714285714285714,18.588571428571427,0.010810810810810811,0.0,0.04695714662371696,0.08436634914903716,2.9945945945945946,0.0,0.0,0.15,0.08108108108108109,0,0.07034729838375492,0.26410267531294684,0.09258730696149012,0.3045596358579738,0.0,0.0,0.0,0.0,0.0,0.0,0.0,0.08,0.005405405405405406,0.5,0.25
435,0.9735529644632538,0.5420213623766001,0.8572373122441838,0.519434009805044,0.24520712264384206,0.5425366740151469,0.7351351351351352,0.4215667577907809,0.4041551586974028,0.12972972972972974,0.38857142857142857,0.3835830104645272,0.38547379090333117,0.08285714285714285,0.016216216216216217,0.008571428571428572,0.4714285714285714,18.514285714285716,0.010810810810810811,0.0,0.04695714662371696,0.08436634914903716,2.9945945945945946,0.0,0.0,0.15,0.08108108108108109,0,0.07128127617755044,0.2627821619363821,0.09930698939368889,0.32946321806568885,0.0,0.0,0.0,0.0,0.0,0.0,0.0,0.08,0.016216216216216217,0.5,0.25
436,0.9740771070789533,0.5418014634829486,0.8575143590553393,0.5184964291016795,0.24520712264384206,0.5420872818909285,0.6918918918918919,0.4216748658988891,0.40423623977848383,0.12972972972972974,0.3657142857142857,0.38364015332167006,0.3855166480461883,0.08285714285714285,0.005405405405405406,0.002857142857142857,0.4714285714285714,18.54,0.010810810810810811,0.0,0.04695714662371696,0.08436634914903716,2.9945945945945946,0.0,0.0,0.15,0.08108108108108109,0,0.07135344122523411,0.2614682511267002,0.10017799246295797,0.3234297511277989,0.0,0.0,0.0,0.0,0.0,0.0,0.0,0.08,0.005405405405405406,0.5,0.25
437,0.9743865568924462,0.5420806171042555,0.8576779253853286,0.5186172847017151,0.24520712264384206,0.5416656349549474,0.6432432432432432,0.42178297400699705,0.404317320859565,0.12972972972972974,0.34,0.38369729617881293,0.38555950518904547,0.08285714285714285,0.005405405405405406,0.002857142857142857,0.4714285714285714,18.48857142857143,0.005405405405405406,0.0,0.04695714662371696,0.08436634914903716,2.9945945945945946,0.0,0.0,0.15,0.08108108108108109,0,0.07142524544767938,0.26016090987106666,0.10103157547084166,0.32034329649946025,0.0,0.0,0.0,0.0,0.0,0.0,0.0,0.08,0.005405405405405406,0.5,0.25
438,0.9750132432566697,0.5421678610245324,0.8580091738921324,0.5181355654729527,0.24520712264384206,0.5412213913158157,0.6702702702702703,0.42178297400699705,0.404317320859565,0.12972972972972974,0.35428571428571426,0.38369729617881293,0.38555950518904547,0.08285714285714285,0.0,0.0,0.4714285714285714,18.462857142857143,0.0,0.0,0.04695714662371696,0.08436634914903716,2.9945945945945946,0.0,0.0,0.15,0.08108108108108109,0,0.07106811922044097,0.25886010532171133,0.09901094396142483,0.31393643056947107,0.0,0.0,0.0,0.0,0.0,0.0,0.0,0.08,0.0,0.5,0.25
439,0.9748749327702114,0.5439240890757899,0.8579360669207186,0.5186412781477143,0.24520712264384206,0.5407833850628249,0.6918918918918919,0.42189108211510523,0.404398401940646,0.12972972972972974,0.3657142857142857,0.38375443903595574,0.38560236233190265,0.08285714285714285,0.005405405405405406,0.002857142857142857,0.4714285714285714,18.505714285714287,0.0,0.0,0.04695714662371696,0.08436634914903716,2.9945945945945946,0.0,0.0,0.15,0.08108108108108109,0,0.07114135005291018,0.25756580479510277,0.0998878679393392,0.31142935014666306,0.0,0.0,0.0,0.0,0.0,0.0,0.0,0.08,0.005405405405405406,0.5,0.25
440,0.9735375529092771,0.543557626090488,0.8572291661370819,0.5184065146276199,0.24520712264384206,0.5404474200684406,0.6756756756756757,0.42189108211510523,0.404398401940646,0.12972972972972974,0.35714285714285715,0.38375443903595574,0.38560236233190265,0.08285714285714285,0.0,0.0,0.4714285714285714,18.497142857142858,0.0,0.0,0.04695714662371696,0.08436634914903716,2.9945945945945946,0.0,0.0,0.15,0.08108108108108109,0,0.07078564330264564,0.25627797577112726,0.0978901105805524,0.3052007631437298,0.0,0.0,0.0,0.0,0.0,0.0,0.0,0.08,0.0,0.5,0.25
441,0.9732318067781166,0.5436502900868263,0.8570675574677541,0.5183599942017272,0.24520712264384206,0.5401664304644298,0.6972972972972973,0.42189108211510523,0.404398401940646,0.12972972972972974,0.36857142857142855,0.38375443903595574,0.38560236233190265,0.08285714285714285,0.0,0.0,0.4714285714285714,18.50857142857143,0.0,0.0,0.04695714662371696,0.08436634914903716,2.9945945945945946,0.0,0.0,0.15,0.08108108108108109,0,0.07043171508613241,0.25499658589227164,0.09593230836894134,0.2990967478808552,0.0,0.0,0.0,0.0,0.0,0.0,0.0,0.08,0.0,0.5,0.25
442,0.9722021163423858,0.5431054282688367,0.8565232925231537,0.5175622188681654,0.24520712264384206,0.5397969554899482,0.6972972972972973,0.42189108211510523,0.404398401940646,0.12972972972972974,0.36857142857142855,0.38375443903595574,0.38560236233190265,0.08285714285714285,0.0,0.0,0.4714285714285714,18.537142857142857,0.005405405405405406,0.0,0.04695714662371696,0.08436634914903716,2.9945945945945946,0.0,0.0,0.15,0.08108108108108109,0,0.07007955651070176,0.25372160296281027,0.09401366220156253,0.2931148129232381,0.0,0.0,0.0,0.0,0.0,0.0,0.0,0.08,0.0,0.5,0.25
443,0.9726362836607209,0.5433661173785623,0.856752780962845,0.5177993257811914,0.24520712264384206,0.539569062209724,0.6594594594594595,0.42189108211510523,0.404398401940646,0.12972972972972974,0.3485714285714286,0.38375443903595574,0.38560236233190265,0.08285714285714285,0.0,0.0,0.4714285714285714,18.562857142857144,0.0,0.0,0.04695714662371696,0.08436634914903716,2.9945945945945946,0.0,0.0,0.15,0.08108108108108109,0,0.06972915872814825,0.2524529949479962,0.09213338895753127,0.2872525166647733,0.0,0.0,0.0,0.0,0.0,0.0,0.0,0.08,0.0,0.5,0.25
444,0.974172386564544,0.5433145415544895,0.8575647210691515,0.5175943421906419,0.24520712264384206,0.5394873578363029,0.6,0.42189108211510523,0.404398401940646,0.12972972972972974,0.3171428571428571,0.38375443903595574,0.38560236233190265,0.08285714285714285,0.0,0.0,0.4714285714285714,18.545714285714286,0.0,0.0,0.04695714662371696,0.08436634914903716,2.9945945945945946,0.0,0.0,0.15,0.08108108108108109,0,0.0693805129345075,0.25119072997325625,0.09029072117838065,0.28150746633147783,0.0,0.0,0.0,0.0,0.0,0.0,0.0,0.08,0.0,0.5,0.25
445,0.9732558974610206,0.5434034433195234,0.8570802911144321,0.5175445024070207,0.24520712264384206,0.5395217731383646,0.6216216216216216,0.42189108211510523,0.404398401940646,0.12972972972972974,0.32857142857142857,0.38375443903595574,0.38560236233190265,0.08285714285714285,0.0,0.0,0.4714285714285714,18.505714285714287,0.0,0.0,0.04695714662371696,0.08436634914903716,2.9945945945945946,0.0,0.0,0.15,0.08108108108108109,0,0.06903361036983495,0.24993477632338995,0.08848490675481303,0.2758773170048483,0.0,0.0,0.0,0.0,0.0,0.0,0.0,0.08,0.0,0.5,0.25
446,0.9750305623474861,0.5431139362256571,0.8580183282687067,0.5165815150915818,0.24520712264384206,0.5395925525609394,0.7243243243243244,0.42189108211510523,0.404398401940646,0.12972972972972974,0.38285714285714284,0.38375443903595574,0.38560236233190265,0.08285714285714285,0.0,0.0,0.4714285714285714,18.462857142857143,0.0,0.0,0.04695714662371696,0.08436634914903716,2.9945945945945946,0.0,0.0,0.15,0.08108108108108109,0,0.06868844231798578,0.248685102441773,0.08671520861971677,0.2703597706647513,0.0,0.0,0.0,0.0,0.0,0.0,0.0,0.08,0.0,0.5,0.25
447,0.9764675610421167,0.5430641179353944,0.8587778847215829,0.5159417804509644,0.24520712264384206,0.5396252731531188,0.6810810810810811,0.42189108211510523,0.404398401940646,0.12972972972972974,0.36,0.38375443903595574,0.38560236233190265,0.08285714285714285,0.0,0.0,0.4714285714285714,18.502857142857142,0.0,0.0,0.04695714662371696,0.08436634914903716,2.9945945945945946,0.0,0.0,0.15,0.08108108108108109,0,0.06834500010639587,0.24744167692956415,0.08498090444732244,0.2649525752514563,0.0,0.0,0.0,0.0,0.0,0.0,0.0,0.08,0.0,0.5,0.25
448,0.9743124749998281,0.5430638313511651,0.8576387678135159,0.5161695800253131,0.24520712264384206,0.539676263578778,0.6432432432432432,0.4221072983313215,0.40456056410280816,0.12972972972972974,0.34,0.38386872475024153,0.3856880766176169,0.08285714285714285,0.010810810810810811,0.005714285714285714,0.4714285714285714,18.5,0.0,0.0,0.04695714662371696,0.08436634914903716,2.9945945945945946,0.0,0.0,0.15,0.08108108108108109,0,0.06886041796300674,0.24620446854491632,0.0889955720726617,0.28066207194089976,0.0,0.0,0.0,0.0,0.0,0.0,0.0,0.08,0.010810810810810811,0.5,0.25
449,0.9754309088536287,0.5426224995473041,0.8582299399933823,0.5158969268291342,0.24520712264384206,0.5397306494863178,0.6756756756756757,0.4221072983313215,0.40456056410280816,0.12972972972972974,0.35714285714285715,0.38386872475024153,0.3856880766176169,0.08285714285714285,0.0,0.0,0.4714285714285714,18.54,0.0,0.0,0.04695714662371696,0.08436634914903716,2.9945945945945946,0.0,0.0,0.15,0.08108108108108109,0,0.06851611587319169,0.24497344620219175,0.08721566063120846,0.2750488305020818,0.0,0.0,0.0,0.0,0.0,0.0,0.0,0.08,0.0,0.5,0.25
