t,mean_x,mean_y,mean_x_all,mean_y_all,mean_L,y0,mean_epc,mean_r,mean_b,fund_prevalence,mean_epc_all,mean_r_all,mean_b_all,fund_prevalence_all,punish_rate,mean_punished,exit_rate,mean_exit_intent,exit_attempt_rate,exit_success_rate,p_opp_mean,stay_value,mean_degree_active,threat,A,budget,enforcer_frac,n_cadre_fallback,cap_mean,cap_p90,service_mean,service_p90,monopoly_on,enforcer_punish_share_step,alpha_punish_revalue,delta_outside_degrade,mu_membership_reward,current_delta,eta_delta_drift,punish_floor,punish_intensity_step,pi_reward,lam_punish
0,0.3489338842764866,0.49849073830478363,0.3489338842764866,0.49849073830478363,0.23280729257740893,0.5,0.0,0.33556060700710916,0.33184693975080776,0.0,0.0,0.33556060700710916,0.33184693975080776,0.0,0.0,0.0,0.0,0.0,0.0,0.0,0.5,0.0,11.794285714285714,0.0,0.0,0.0,0.0,0,0.0,0.0,0.0,0.0,0.0,0.0,0.0,0.3,0.0,0.3,0.0,0.08,0.0,0.05,0.25
1,0.356485358503576,0.49836274707903644,0.356485358503576,0.49836274707903644,0.23280729257740893,0.5,0.6457142857142857,0.334817749864252,0.3312897968936649,0.0,0.6457142857142857,0.334817749864252,0.3312897968936649,0.0,0.03142857142857143,0.03142857142857143,0.0,0.03142857142857143,0.0,0.0,0.0322839041608807,0.08436634914903715,11.794285714285714,0.0,0.0,0.15,0.08,28,0.004714285714285714,0.0,0.03142857142857143,0.0,0.0,1.0,0.0,0.3,0.0,0.3,0.0,0.08,0.03142857142857143,0.05,0.25
2,0.3653690315296034,0.49845961090929214,0.3653690315296034,0.49845961090929214,0.23280729257740893,0.5,0.8085714285714286,0.33453203557853767,0.3310755111793792,0.0,0.8085714285714286,0.33453203557853767,0.3310755111793792,0.0,0.011428571428571429,0.011428571428571429,0.0,0.022857142857142857,0.0,0.0,0.0322839041608807,0.08436634914903715,11.794285714285714,0.0,0.0,0.15,0.08,24,0.006405,0.0,0.04222857142857143,0.0,0.0,1.0,0.0,0.3,0.0,0.3,0.0,0.08,0.011428571428571429,0.05,0.25
3,0.37562878201856603,0.49752052574359695,0.37562878201856603,0.49752052574359695,0.23280729257740893,0.5,0.92,0.3339606070071091,0.3306469397508078,0.0,0.92,0.3339606070071091,0.3306469397508078,0.0,0.025714285714285714,0.025714285714285714,0.0,0.037142857142857144,0.0,0.0,0.0322839041608807,0.08436634914903715,11.794285714285714,0.0,0.0,0.15,0.08,24,0.010230117857142859,0.0,0.06709828571428572,0.0,0.0,1.0,0.0,0.3,0.0,0.3,0.0,0.08,0.025714285714285714,0.05,0.25
4,0.3846700496024293,0.49741150358041947,0.3846700496024293,0.49741150358041947,0.23280729257740893,0.5,0.9,0.3331034641499662,0.33000408260795067,0.0,0.9,0.3331034641499662,0.33000408260795067,0.0,0.02857142857142857,0.02857142857142857,0.0,0.06571428571428571,0.0,0.0,0.0322839041608807,0.08436634914903715,11.794285714285714,0.0,0.0,0.15,0.08,23,0.014464681553571427,0.0,0.09432774857142857,0.0,0.0,0.9,0.0,0.3,0.0,0.3,0.0,0.08,0.02857142857142857,0.05,0.25
5,0.3920535263501133,0.4979506973184039,0.3920535263501133,0.4979506973184039,0.23280729257740893,0.5,0.9371428571428572,0.3324748927213948,0.32953265403652204,0.0,0.9371428571428572,0.3324748927213948,0.32953265403652204,0.0,0.022857142857142857,0.022857142857142857,0.0,0.04857142857142857,0.0,0.0,0.0322839041608807,0.08436634914903715,11.794285714285714,0.0,0.0,0.15,0.08,20,0.017820929574375,0.0,0.11529833645714285,0.0,0.0,0.875,0.0,0.3,0.0,0.3,0.0,0.08,0.022857142857142857,0.05,0.25
6,0.4033662024055195,0.4984796862876558,0.4033662024055195,0.4984796862876558,0.23280729257740893,0.5,0.9142857142857143,0.33161774986425196,0.3288897968936649,0.0,0.9142857142857143,0.33161774986425196,0.3288897968936649,0.0,0.025714285714285714,0.025714285714285714,0.0,0.06,0.0,0.0,0.0322839041608807,0.08436634914903715,11.794285714285714,0.0,0.0,0.15,0.08,18,0.021588967783645982,0.0,0.1387066554422857,0.0,0.0,1.0,0.0,0.3,0.0,0.3,0.0,0.08,0.025714285714285714,0.05,0.25
7,0.41229192621675487,0.4980715224327674,0.41229192621675487,0.4980715224327674,0.23280729257740893,0.5,0.8771428571428571,0.3308748927213948,0.32833265403652206,0.0,0.8771428571428571,0.3308748927213948,0.32833265403652206,0.0,0.022857142857142857,0.022857142857142857,0.0,0.05714285714285714,0.0,0.0,0.0322839041608807,0.08436634914903715,11.794285714285714,0.0,0.0,0.15,0.08,13,0.02490959437329918,0.0,0.15878966519058285,0.0,0.0,0.875,0.0,0.3,0.0,0.3,0.0,0.08,0.022857142857142857,0.05,0.25
8,0.42237011421467563,0.4993515960243095,0.42237011421467563,0.4993515960243095,0.23280729257740893,0.5,0.9257142857142857,0.3302463212928234,0.3278612254650935,0.0,0.9257142857142857,0.3302463212928234,0.3278612254650935,0.0,0.022857142857142857,0.022857142857142857,0.0,0.07428571428571429,0.0,0.0,0.0322839041608807,0.08436634914903715,11.794285714285714,0.0,0.0,0.15,0.08,10,0.028213617830004114,0.0,0.17847101474391405,0.0,0.0,1.0,0.0,0.3,0.0,0.3,0.0,0.08,0.022857142857142857,0.05,0.25
9,0.4330077124050368,0.49918681086142425,0.4330077124050368,0.49918681086142425,0.23280729257740893,0.5,0.8914285714285715,0.32898917843568054,0.32691836832223636,0.0,0.8914285714285715,0.32898917843568054,0.32691836832223636,0.0,0.04285714285714286,0.05142857142857143,0.0,0.08857142857142856,0.0,0.0,0.0322839041608807,0.08436634914903715,11.794285714285714,0.0,0.0,0.15,0.08,8,0.035786835455139804,0.0,0.2263301658776072,0.0,0.0,1.0,0.0,0.3,0.0,0.3,0.0,0.08,0.04285714285714286,0.05,0.25
10,0.4432423463822939,0.4985455386218452,0.4432423463822939,0.4985455386218452,0.23280729257740893,0.5,0.8971428571428571,0.3282463212928234,0.3263612254650935,0.0,0.8971428571428571,0.3282463212928234,0.3263612254650935,0.0,0.025714285714285714,0.025714285714285714,0.0,0.08285714285714285,0.0,0.0,0.0322839041608807,0.08436634914903715,11.794285714285714,0.0,0.0,0.15,0.08,5,0.03946504413500697,0.0,0.24751784827434076,0.0,0.0,0.8888888888888888,0.0,0.3,0.0,0.3,0.0,0.08,0.025714285714285714,0.05,0.25
11,0.45245853527133006,0.499446188629241,0.45245853527133006,0.499446188629241,0.23280729257740893,0.5,0.8971428571428571,0.3274463212928234,0.32576122546509345,0.0,0.8971428571428571,0.3274463212928234,0.32576122546509345,0.0,0.025714285714285714,0.025714285714285714,0.0,0.11714285714285715,0.0,0.0,0.0322839041608807,0.08436634914903715,11.794285714285714,0.0,0.0,0.15,0.08,5,0.04312486177147479,0.0,0.26828177702313966,0.0,0.0,0.7777777777777778,0.0,0.3,0.0,0.3,0.0,0.08,0.025714285714285714,0.05,0.25
12,0.4634420490524926,0.4999084541413993,0.4634420490524926,0.4999084541413993,0.23280729257740893,0.5,0.8971428571428571,0.32721774986425195,0.3255897968936649,0.0,0.8971428571428571,0.32721774986425195,0.3255897968936649,0.0,0.008571428571428572,0.008571428571428572,0.0,0.13142857142857142,0.0,0.0,0.0322839041608807,0.08436634914903715,11.794285714285714,0.0,0.0,0.15,0.08,4,0.0441949517483317,0.0,0.2714875700541054,0.0,0.0,1.0,0.0,0.3,0.0,0.3,0.0,0.08,0.008571428571428572,0.05,0.25
13,0.4724111229754531,0.5005487945288093,0.4724111229754531,0.5005487945288093,0.23280729257740893,0.5,0.9285714285714286,0.32676060700710907,0.3252469397508078,0.0,0.9285714285714286,0.32676060700710907,0.3252469397508078,0.0,0.02,0.02,0.0,0.16,0.0,0.0,0.0322839041608807,0.08436634914903715,11.794285714285714,0.0,0.0,0.15,0.08,4,0.04697397698959004,0.0,0.2860578186530233,0.0,0.0,1.0,0.0,0.3,0.0,0.3,0.0,0.08,0.02,0.05,0.25
14,0.4801344920060925,0.5002806735679141,0.4801344920060925,0.5002806735679141,0.23280729257740893,0.5,0.9085714285714286,0.3258463212928234,0.32456122546509353,0.0,0.9085714285714286,0.3258463212928234,0.32456122546509353,0.0,0.03428571428571429,0.03428571428571429,0.0,0.17714285714285713,0.0,0.0,0.0322839041608807,0.08436634914903715,11.794285714285714,0.0,0.0,0.15,0.08,3,0.05188196424749923,0.0,0.31462237656567715,0.0,0.0,0.9166666666666666,0.0,0.3,0.0,0.3,0.0,0.08,0.03428571428571429,0.05,0.25
15,0.48994885733502014,0.49988154034513627,0.48994885733502014,0.49988154034513627,0.23280729257740893,0.5,0.8885714285714286,0.3251606070071091,0.3240469397508078,0.0,0.8885714285714286,0.3251606070071091,0.3240469397508078,0.0,0.02,0.02,0.0,0.16285714285714287,0.0,0.0,0.0322839041608807,0.08436634914903715,11.794285714285714,0.0,0.0,0.15,0.08,1,0.05462255442626173,0.0,0.3283299290343636,0.0,0.0,0.5714285714285714,0.0,0.3,0.0,0.3,0.0,0.08,0.02,0.05,0.25
16,0.49873788678501074,0.5002781954792289,0.49873788678501074,0.5002781954792289,0.23280729257740893,0.5,0.9,0.3249320355785377,0.3238755111793792,0.0,0.9,0.3249320355785377,0.3238755111793792,0.0,0.011428571428571429,0.011428571428571429,0.0,0.21142857142857144,0.0,0.0,0.0322839041608807,0.08436634914903715,11.794285714285714,0.0,0.0,0.15,0.08,1,0.056063727368416146,0.0,0.3331919018822478,0.0,0.0,1.0,0.0,0.3,0.0,0.3,0.0,0.08,0.011428571428571429,0.05,0.25
17,0.507767235400659,0.4999356809306247,0.507767235400659,0.4999356809306247,0.23280729257740893,0.5,0.9,0.32407489272139484,0.32326744982424294,0.0,0.9,0.32407489272139484,0.32326744982424294,0.0,0.03142857142857143,0.03142857142857143,0.0,0.24,0.0,0.0,0.0322839041608807,0.08436634914903715,11.794285714285714,0.0,0.0,0.15,0.08,1,0.06049769444585978,0.01419531869720487,0.3579566352731742,0.08007313507499778,0.0,0.9090909090909091,0.0,0.3,0.0,0.3,0.0,0.08,0.03142857142857143,0.05,0.25
18,0.5180931793288968,0.4988680516697246,0.5180931793288968,0.4988680516697246,0.23280729257740893,0.5,0.9028571428571428,0.3233891784356805,0.3227531641099572,0.0,0.9028571428571428,0.3233891784356805,0.3227531641099572,0.0,0.02857142857142857,0.02857142857142857,0.0,0.2542857142857143,0.0,0.0,0.0322839041608807,0.08436634914903715,11.794285714285714,0.0,0.0,0.15,0.08,1,0.06448092025934477,0.14152947458707232,0.3793689311391393,0.7913213536194998,0.0,0.9,0.0,0.3,0.0,0.3,0.0,0.08,0.02857142857142857,0.05,0.25
19,0.5296163623323863,0.49895651475059627,0.5296163623323863,0.49895651475059627,0.23280729257740893,0.5,0.8857142857142857,0.32321774986425195,0.32262459268138577,0.0,0.8857142857142857,0.32321774986425195,0.32262459268138577,0.0,0.008571428571428572,0.008571428571428572,0.0,0.30857142857142855,0.0,0.0,0.0322839041608807,0.08436634914903715,11.794285714285714,0.0,0.0,0.15,0.08,1,0.06544422994376231,0.14082182721413697,0.3803529810877851,0.7754949265471098,0.0,1.0,0.0,0.3,0.0,0.3,0.0,0.08,0.008571428571428572,0.05,0.25
20,0.5382909406667012,0.49799889013085086,0.5382909406667012,0.49799889013085086,0.23280729257740893,0.5,0.92,0.3226463212928234,0.3221960212528143,0.0,0.92,0.3226463212928234,0.3221960212528143,0.0,0.02,0.02,0.0,0.32857142857142857,0.0,0.0,0.0322839041608807,0.08436634914903715,11.794285714285714,0.0,0.0,0.15,0.08,1,0.06811700879404352,0.1427382112882426,0.3927459214660294,0.8187403024118074,0.0,1.0,0.0,0.3,0.0,0.3,0.0,0.08,0.02,0.05,0.25
21,0.5479204816073568,0.4985851232779672,0.5479204816073568,0.4985851232779672,0.23280729257740893,0.5,0.8485714285714285,0.3217320355785377,0.3215698795570661,0.0,0.8485714285714285,0.3217320355785377,0.3215698795570661,0.0,0.02857142857142857,0.02857142857142857,0.0,0.3914285714285714,0.0,0.0,0.0322839041608807,0.08436634914903715,11.794285714285714,0.0,0.0,0.15,0.08,0,0.07206213803578757,0.1428826773150215,0.41346243160813734,0.8221780795234651,0.0,0.9,0.0,0.3,0.0,0.3,0.0,0.08,0.02857142857142857,0.05,0.25
22,0.5564382558654823,0.4987588547867427,0.5564382558654823,0.4987588547867427,0.23280729257740893,0.5,0.8257142857142857,0.32138917843568054,0.3213127366999232,0.0,0.8257142857142857,0.32138917843568054,0.3213127366999232,0.0,0.014285714285714285,0.014285714285714285,0.0,0.4,0.0,0.0,0.0322839041608807,0.08436634914903715,11.794285714285714,0.0,0.0,0.15,0.08,0,0.07384468448846578,0.14417637058482624,0.41947889726168885,0.8524992736482793,0.0,0.8,0.0,0.3,0.0,0.3,0.0,0.08,0.014285714285714285,0.05,0.25
23,0.565576508658363,0.4994122744073127,0.565576508658363,0.4994122744073127,0.23280729257740893,0.5,0.8457142857142858,0.3200177498642519,0.3202841652713518,0.0,0.8457142857142858,0.3200177498642519,0.3202841652713518,0.0,0.04285714285714286,0.04857142857142857,0.0,0.4828571428571429,0.002857142857142857,0.0,0.0322839041608807,0.08436634914903715,11.794285714285714,0.0,0.0,0.15,0.08,0,0.08076117535173774,0.14424914852302798,0.4596607478878837,0.8542709584100077,0.0,0.8235294117647058,0.0,0.3,0.0,0.3,0.0,0.08,0.04285714285714286,0.05,0.25
24,0.5761660243434075,0.4995079033853211,0.5761660243434075,0.4995079033853211,0.23280729257740893,0.5,0.8342857142857143,0.31978917843568055,0.32011273669992324,0.0,0.8342857142857143,0.31978917843568055,0.32011273669992324,0.0,0.008571428571428572,0.008571428571428572,0.0,0.4857142857142857,0.0,0.0,0.0322839041608807,0.08436634914903715,11.794285714285714,0.0,0.0,0.15,0.08,0,0.08164308376069333,0.14490087495962437,0.45903896150155465,0.8698972180084482,0.0,0.6666666666666666,0.0,0.3,0.0,0.3,0.0,0.08,0.008571428571428572,0.05,0.25
25,0.5868088908698441,0.49930230022945793,0.5868088908698441,0.49930230022945793,0.23280729257740893,0.5,0.8885714285714286,0.31944632129282335,0.31985559384278034,0.0,0.8885714285714286,0.31944632129282335,0.31985559384278034,0.0,0.011428571428571429,0.011428571428571429,0.0,0.4942857142857143,0.002857142857142857,0.0,0.0322839041608807,0.08436634914903715,11.794285714285714,0.0,0.0,0.15,0.08,0,0.08294915405617558,0.1450475298286554,0.46128675370009486,0.8735497959220491,0.0,0.75,0.0,0.3,0.0,0.3,0.0,0.08,0.011428571428571429,0.05,0.25
26,0.5973697225007198,0.49917563655884495,0.5973697225007198,0.49917563655884495,0.23280729257740893,0.5,0.8742857142857143,0.3191606070071091,0.31964130812849467,0.0,0.8742857142857143,0.3191606070071091,0.31964130812849467,0.0,0.008571428571428572,0.008571428571428572,0.0,0.5228571428571429,0.0,0.0,0.0322839041608807,0.08436634914903715,11.794285714285714,0.0,0.0,0.15,0.08,0,0.08380731508560099,0.14636082418082813,0.46063244719752156,0.9057655331200002,0.0,0.6666666666666666,0.0,0.3,0.0,0.3,0.0,0.08,0.008571428571428572,0.05,0.25
27,0.6079048162068647,0.4998124448689696,0.6079048162068647,0.4998124448689696,0.23280729257740893,0.5,0.8428571428571429,0.31881774986425193,0.3193841652713518,0.0,0.8428571428571429,0.31881774986425193,0.3193841652713518,0.0,0.011428571428571429,0.011428571428571429,0.0,0.6085714285714285,0.005714285714285714,0.0,0.0322839041608807,0.08436634914903715,11.794285714285714,0.0,0.0,0.15,0.08,0,0.08510256422445871,0.14702242509375,0.46284836968214255,0.9223681599999999,0.0,0.5,0.0,0.3,0.0,0.3,0.0,0.08,0.011428571428571429,0.05,0.25
28,0.6163277549139147,0.49886997876865524,0.6163277549139147,0.49886997876865524,0.23280729257740893,0.5,0.8457142857142858,0.3182463212928234,0.3189555938427804,0.0,0.8457142857142858,0.3182463212928234,0.3189555938427804,0.0,0.02,0.02,0.0,0.6742857142857143,0.005714285714285714,0.0,0.0322839041608807,0.08436634914903715,11.794285714285714,0.0,0.0,0.15,0.08,0,0.08658680142899229,0.14628731296828124,0.4735914022884997,0.9039207967999998,0.0,0.8571428571428571,0.0,0.3,0.0,0.3,0.0,0.08,0.02,0.05,0.25
29,0.6243063226265058,0.4989381273785206,0.6243063226265058,0.4989381273785206,0.23280729257740893,0.5,0.8514285714285714,0.31796060700710904,0.31874130812849466,0.0,0.8514285714285714,0.31796060700710904,0.31874130812849466,0.0,0.011428571428571429,0.011428571428571429,0.0,0.7228571428571429,0.005714285714285714,0.0,0.0322839041608807,0.08436634914903715,11.794285714285714,0.0,0.0,0.15,0.08,0,0.08786815313613304,0.14562902005992398,0.4755481456713011,0.8876502224576002,0.0,0.75,0.0,0.3,0.0,0.3,0.0,0.08,0.011428571428571429,0.05,0.25
30,0.6326523703107805,0.49842957803097093,0.6326523703107805,0.49842957803097093,0.23280729257740893,0.5,0.7971428571428572,0.31784632129282336,0.3186555938427804,0.0,0.7971428571428572,0.31784632129282336,0.3186555938427804,0.0,0.002857142857142857,0.002857142857142857,0.0,0.7771428571428571,0.002857142857142857,0.0,0.0322839041608807,0.08436634914903715,11.794285714285714,0.0,0.0,0.15,0.08,0,0.08785738379902382,0.14562902005992398,0.4688943256150179,0.8876502224576002,0.0,0.0,0.0,0.3,0.0,0.3,0.0,0.08,0.002857142857142857,0.05,0.25
31,0.6421358194592646,0.4984539163558935,0.6415665306953742,0.49883561971261897,0.23280729257740893,0.5,0.853448275862069,0.31820018352937884,0.3196124487054069,0.0,0.8485714285714285,0.3176748927213948,0.31852702241420894,0.0,0.005747126436781609,0.005714285714285714,0.005714285714285714,0.8057142857142857,0.0028735632183908046,0.005714285714285714,0.032315626035390024,0.08436634914903715,11.74712643678161,0.0,0.0,0.15,0.07471264367816093,0,0.08827523973717154,0.14562902005992398,0.4652307248170033,0.8876502224576002,0.0,0.5,0.0,0.3,0.0,0.3,0.0,0.08,0.005714285714285714,0.05,0.25
32,0.6501996456822822,0.4986830657190904,0.649584277911403,0.4990758999482939,0.23280729257740893,0.5,0.8793103448275862,0.3175105283569651,0.31909520732609653,0.0,0.8742857142857143,0.31698917843568053,0.31801273669992325,0.0,0.02586206896551724,0.025714285714285714,0.005714285714285714,0.8028571428571428,0.0,0.0,0.03233104198178655,0.08436634914903715,11.74712643678161,0.0,0.0,0.15,0.08045977011494253,2,0.09145924497046798,0.147096305709375,0.48164039603494885,0.9242505440000003,0.0,0.6666666666666666,0.0,0.3,0.0,0.3,0.0,0.08,0.02586206896551724,0.05,0.25
33,0.6585791300675649,0.49837334795108057,0.65791587952877,0.498751600487795,0.23280729257740893,0.5,0.8563218390804598,0.317223172035126,0.3188796900847172,0.0,0.8514285714285714,0.3167034641499662,0.3177984509856375,0.0,0.011494252873563218,0.011428571428571429,0.005714285714285714,0.8142857142857143,0.0028735632183908046,0.0,0.03233104198178655,0.08436634914903715,11.74712643678161,0.0,0.0,0.15,0.08045977011494253,1,0.09242909872777634,0.147096305709375,0.4834361595428213,0.9242505440000003,0.0,0.75,0.0,0.3,0.0,0.3,0.0,0.08,0.011494252873563218,0.05,0.25
34,0.6683580769531421,0.498676205138121,0.6676389467178581,0.4990437296122978,0.23280729257740893,0.5,0.853448275862069,0.3165335168627122,0.3183783584784753,0.0,0.8485714285714285,0.31601774986425196,0.31729998413143135,0.0,0.02586206896551724,0.025714285714285714,0.005714285714285714,0.8914285714285715,0.0,0.0,0.03233104198178655,0.08436634914903715,11.74712643678161,0.0,0.0,0.15,0.08045977011494253,1,0.09494682356999075,0.147096305709375,0.49948172206625063,0.9242505440000003,0.0,0.8888888888888888,0.0,0.3,0.0,0.3,0.0,0.08,0.02586206896551724,0.05,0.25
35,0.6771249553811501,0.49878171390160075,0.676355728697706,0.49916839097495963,0.23280729257740893,0.5,0.8390804597701149,0.31607374674776967,0.3180335308922684,0.0,0.8342857142857143,0.3155606070071091,0.31695712698857414,0.0,0.014367816091954023,0.014285714285714285,0.005714285714285714,0.9342857142857143,0.0028735632183908046,0.0,0.03233104198178655,0.08436634914903715,11.74712643678161,0.0,0.0,0.15,0.08045977011494253,0,0.09621494659499795,0.14776123124999999,0.5037778019106399,0.9411919999999999,0.0,0.6,0.0,0.3,0.0,0.3,0.0,0.08,0.014367816091954023,0.05,0.25
36,0.6860572833786485,0.4994550140948894,0.6852370148209329,0.49980971588721707,0.23280729257740893,0.5,0.853448275862069,0.31549903410409147,0.31761416470519493,0.0,0.8485714285714285,0.31498917843568053,0.31654015717971246,0.0,0.017241379310344827,0.017142857142857144,0.005714285714285714,1.022857142857143,0.005747126436781609,0.0,0.03233104198178655,0.08436634914903715,11.74712643678161,0.0,0.0,0.15,0.08045977011494253,0,0.09796201543345152,0.14925,0.5108451030152842,0.98,0.0,0.3333333333333333,0.0,0.3,0.0,0.3,0.0,0.08,0.017241379310344827,0.05,0.25
37,0.6956987246088351,0.49912863651886197,0.6940730074225527,0.49942682316383785,0.23280729257740893,0.5,0.8357348703170029,0.31488220539379064,0.3181428037551802,0.0,0.8285714285714286,0.3145891784356805,0.3162401571797125,0.0,0.01440922190201729,0.014285714285714285,0.008571428571428572,1.0742857142857143,0.002881844380403458,0.002857142857142857,0.03237637573754065,0.08436634914903715,11.659942363112393,0.0,0.0,0.15,0.08069164265129683,0,0.09961506249914141,0.148578375,0.5149139152406929,0.9623600000000003,0.0,0.8,0.0,0.3,0.0,0.3,0.0,0.08,0.014367816091954023,0.05,0.25
38,0.7040107931414208,0.4997193762124227,0.7023138296534304,0.4999442954745028,0.23280729257740893,0.5,0.8559077809798271,0.31436347340531806,0.3177537547638257,0.0,0.8485714285714285,0.3140748927213948,0.31585444289399817,0.0,0.01440922190201729,0.014285714285714285,0.008571428571428572,1.1485714285714286,0.002881844380403458,0.0,0.03241005313486864,0.08436634914903715,11.659942363112393,0.0,0.0,0.15,0.08069164265129683,0,0.10094470432593142,0.14865337500000003,0.5189013512215932,0.9643600000000009,0.0,0.4,0.0,0.3,0.0,0.3,0.0,0.08,0.01440922190201729,0.05,0.25
39,0.7143266710486214,0.49917850128369007,0.7125412857499978,0.49937095104181084,0.23280729257740893,0.5,0.8184438040345822,0.31436347340531806,0.3177537547638257,0.0,0.8114285714285714,0.3140748927213948,0.31585444289399817,0.0,0.0,0.0,0.008571428571428572,1.1857142857142857,0.002881844380403458,0.0,0.03241005313486864,0.08436634914903715,11.659942363112393,0.0,0.0,0.15,0.08069164265129683,0,0.10043998080430178,0.14791010812500002,0.5085233241971614,0.9450728000000008,0.0,0.0,0.0,0.3,0.0,0.3,0.0,0.08,0.0,0.05,0.25
40,0.7205547520183051,0.49957028676791876,0.7188170581609129,0.49943144582522736,0.23280729257740893,0.5,0.8352601156069365,0.31444363700885014,0.31844205587213664,0.0,0.8257142857142857,0.3137891784356805,0.31564015717971244,0.0,0.008670520231213872,0.008571428571428572,0.011428571428571429,1.2542857142857142,0.005780346820809248,0.002857142857142857,0.03246367250798917,0.08436634914903715,11.601156069364162,0.0,0.0,0.15,0.07803468208092486,0,0.10122349518599454,0.14850375,0.5069242862846467,0.9603999999999999,0.0,0.3333333333333333,0.0,0.3,0.0,0.3,0.0,0.08,0.008645533141210375,0.05,0.25
41,0.7313269610431523,0.4997261123405713,0.7294661562254762,0.49963860263275967,0.23280729257740893,0.5,0.8208092485549133,0.3138077988585611,0.3179651772594199,0.0,0.8114285714285714,0.31316060700710907,0.3151687286082839,0.0,0.02601156069364162,0.025714285714285714,0.011428571428571429,1.3085714285714285,0.005780346820809248,0.0,0.032469215779437274,0.08436634914903715,11.601156069364162,0.0,0.0,0.15,0.08092485549132948,0,0.10457452056720744,0.14776123124999999,0.5225000862732395,0.9411919999999999,0.0,1.0,0.0,0.3,0.0,0.3,0.0,0.08,0.02601156069364162,0.05,0.25
42,0.7404035562111111,0.4995274477756514,0.7384390188772298,0.49944769734369265,0.23280729257740893,0.5,0.8265895953757225,0.3131719607082721,0.31748829864670314,0.0,0.8171428571428572,0.3125320355785376,0.3146973000368553,0.0,0.028901734104046242,0.02857142857142857,0.011428571428571429,1.4,0.005780346820809248,0.0,0.032469215779437274,0.08436634914903715,11.601156069364162,0.0,0.0,0.15,0.08092485549132948,0,0.10762704367503101,0.14702242509375,0.5406215131192033,0.9223681599999999,0.0,1.0,0.0,0.3,0.0,0.3,0.0,0.08,0.028901734104046242,0.05,0.25
43,0.7501035059390966,0.49979092455362895,0.7480281120368955,0.4997339200762802,0.23280729257740893,0.5,0.8352601156069365,0.31305635377185587,0.317401593444391,0.0,0.8257142857142857,0.3124177498642519,0.314611585751141,0.0,0.002890173410404624,0.002857142857142857,0.011428571428571429,1.4742857142857142,0.005780346820809248,0.0,0.032469215779437274,0.08436634914903715,11.601156069364162,0.0,0.0,0.15,0.08092485549132948,0,0.10751747988522727,0.14643470479645315,0.532666225713962,0.9076479171200007,0.0,0.0,0.0,0.3,0.0,0.3,0.0,0.08,0.002890173410404624,0.05,0.25
44,0.7582556541944795,0.49952598270787424,0.7560870928836454,0.4994740868924583,0.23280729257740893,0.5,0.838150289017341,0.3128829433672316,0.31727153564092275,0.0,0.8285714285714286,0.31224632129282337,0.3144830143225696,0.0,0.008670520231213872,0.008571428571428572,0.011428571428571429,1.5685714285714285,0.005780346820809248,0.0,0.032469215779437274,0.08436634914903715,11.601156069364162,0.0,0.0,0.15,0.08092485549132948,0,0.10826560677151542,0.14570253127247088,0.5305843297711114,0.8894949587776007,0.0,1.0,0.0,0.3,0.0,0.3,0.0,0.08,0.008670520231213872,0.05,0.25
45,0.7671258101924825,0.499480513136649,0.7648626478314863,0.4995633817023872,0.23280729257740893,0.5,0.7884057971014493,0.3131161284592997,0.3175358804163459,0.0,0.7771428571428571,0.31207489272139477,0.3143544428939982,0.0,0.008695652173913044,0.008571428571428572,0.014285714285714285,1.5685714285714285,0.002898550724637681,0.002857142857142857,0.032467864075631014,0.08436634914903716,11.58840579710145,0.0,0.0,0.15,0.0782608695652174,0,0.10900999302337214,0.14497401861610854,0.5285440717471178,0.8717050596020486,0.0,1.0,0.0,0.3,0.0,0.3,0.0,0.08,0.008670520231213872,0.05,0.25
46,0.7723263237811278,0.49920398600228594,0.7699888683688655,0.4992422490163782,0.23280729257740893,0.5,0.7884057971014493,0.3124204762853867,0.31701414128591116,0.0,0.7771428571428571,0.31138917843568054,0.3138401571797125,0.0,0.02318840579710145,0.022857142857142857,0.014285714285714285,1.7342857142857142,0.002898550724637681,0.0,0.03248245692719889,0.08436634914903716,11.58840579710145,0.0,0.0,0.15,0.08115942028985507,0,0.11157837448325528,0.14555587640343984,0.5408303331693182,0.8858423808639998,0.0,0.875,0.0,0.3,0.0,0.3,0.0,0.08,0.02318840579710145,0.05,0.25
47,0.7783653747884909,0.49923957572470234,0.7759416472189805,0.4993733409511817,0.23280729257740893,0.5,0.7710144927536232,0.31218859222741574,0.3168402282424329,0.0,0.76,0.31116060700710907,0.3136687286082839,0.0,0.008695652173913044,0.008571428571428572,0.014285714285714285,1.8257142857142856,0.002898550724637681,0.0,0.03248245692719889,0.08436634914903716,11.58840579710145,0.0,0.0,0.15,0.08115942028985507,0,0.11230619689655327,0.1450475298286554,0.5385851550773604,0.8735497959220491,0.0,0.6666666666666666,0.0,0.3,0.0,0.3,0.0,0.08,0.008695652173913044,0.05,0.25
48,0.7840516823137934,0.4993034652752174,0.7815467217796358,0.49941949633856325,0.23280729257740893,0.5,0.7536231884057971,0.3120726501984302,0.316820288983263,0.0,0.7428571428571429,0.3110463212928234,0.3136490741956735,0.0,0.005797101449275362,0.005714285714285714,0.014285714285714285,1.88,0.005797101449275362,0.0,0.03248245692719889,0.08436634914903716,11.58840579710145,0.0,0.0,0.15,0.08115942028985507,0,0.11191396585860613,0.14432229217951215,0.5335277376900989,0.856078800003608,0.0,1.0,0.0,0.3,0.0,0.3,0.0,0.08,0.005797101449275362,0.05,0.25
49,0.7909800386574641,0.5002189224020065,0.7883761016041113,0.5004200956511625,0.23280729257740893,0.5,0.7565217391304347,0.3115509110679954,0.316515941157176,0.0,0.7457142857142857,0.3105320355785377,0.3133490741956735,0.0,0.017391304347826087,0.017142857142857144,0.014285714285714285,1.9885714285714287,0.005797101449275362,0.0,0.03248245692719889,0.08436634914903716,11.58840579710145,0.0,0.0,0.15,0.08115942028985507,0,0.1130291692128571,0.14382121620327065,0.540000040079154,0.8444921859171372,0.0,0.8333333333333334,0.0,0.3,0.0,0.3,0.0,0.08,0.017391304347826087,0.05,0.25
50,0.79854735112539,0.49976960363725054,0.7958353096082096,0.49989079017807986,0.23280729257740893,0.5,0.7594202898550725,0.31079728787958966,0.3161246368093499,0.0,0.7485714285714286,0.30978917843568055,0.31296335990995916,0.0,0.028985507246376812,0.02857142857142857,0.014285714285714285,2.077142857142857,0.005797101449275362,0.0,0.03248245692719889,0.08436634914903716,11.58840579710145,0.0,0.0,0.15,0.08115942028985507,0,0.11674973765250708,0.14798510812500004,0.5577714678489996,0.9470728000000013,0.0,0.8,0.0,0.3,0.0,0.3,0.0,0.08,0.028985507246376812,0.05,0.25
51,0.8046632039560903,0.4999362845154784,0.801863793112757,0.4999911113770699,0.23280729257740893,0.5,0.7768115942028986,0.3105654038216186,0.31595072376587163,0.0,0.7657142857142857,0.3095606070071091,0.3127919313385306,0.0,0.008695652173913044,0.008571428571428572,0.014285714285714285,2.1857142857142855,0.008695652173913044,0.0,0.03248245692719889,0.08436634914903716,11.58840579710145,0.0,0.0,0.15,0.08115942028985507,0,0.11716456751783383,0.14925,0.5551874670634481,0.98,0.0,0.6666666666666666,0.0,0.3,0.0,0.3,0.0,0.08,0.008695652173913044,0.05,0.25
52,0.809195621690275,0.4996681671372721,0.8063314620221677,0.49973786219805344,0.23280729257740893,0.5,0.744927536231884,0.3102175777346621,0.3156898542006542,0.0,0.7342857142857143,0.30921774986425193,0.3125347884813877,0.0,0.011594202898550725,0.011428571428571429,0.014285714285714285,2.2457142857142856,0.005797101449275362,0.0,0.03248245692719889,0.08436634914903716,11.58840579710145,0.0,0.0,0.15,0.08115942028985507,0,0.1182930303945304,0.14865337500000003,0.5555122891507506,0.9643600000000009,0.0,0.75,0.0,0.3,0.0,0.3,0.0,0.08,0.011594202898550725,0.05,0.25
53,0.8141309846654441,0.49998153037077897,0.8111963198119773,0.500070465124071,0.23280729257740893,0.5,0.7159420289855073,0.31004366469118383,0.31555941941804555,0.0,0.7057142857142857,0.3090463212928234,0.31240621705281635,0.0,0.005797101449275362,0.005714285714285714,0.014285714285714285,2.28,0.008695652173913044,0.0,0.03248245692719889,0.08436634914903716,11.58840579710145,0.0,0.0,0.15,0.08115942028985507,0,0.1185587080997006,0.149325,0.5501163290820212,0.9820000000000004,0.0,0.5,0.0,0.3,0.0,0.3,0.0,0.08,0.005797101449275362,0.05,0.25
54,0.8195148723883783,0.4992109408571108,0.8165032948531552,0.499201599413929,0.23280729257740893,0.5,0.7420289855072464,0.30992772266219826,0.31547246289630637,0.0,0.7314285714285714,0.30893203557853766,0.31232050276710205,0.0,0.002898550724637681,0.002857142857142857,0.014285714285714285,2.3285714285714287,0.005797101449275362,0.0,0.03248245692719889,0.08436634914903716,11.58840579710145,0.0,0.0,0.15,0.08115942028985507,0,0.11839448598777352,0.149325,0.5419711453575237,0.9820000000000004,0.0,0.0,0.0,0.3,0.0,0.3,0.0,0.08,0.002898550724637681,0.05,0.25
55,0.8262905773152733,0.5001138265829262,0.8231822039953804,0.5000370669617374,0.23280729257740893,0.5,0.7246376811594203,0.30940598353176346,0.315211593331089,0.0,0.7142857142857143,0.30841774986425197,0.3120633599099592,0.0,0.014492753623188406,0.014285714285714285,0.014285714285714285,2.32,0.011594202898550725,0.0,0.03248245692719889,0.08436634914903716,11.58840579710145,0.0,0.0,0.15,0.08115942028985507,0,0.11994537070069179,0.15,0.5454174367360876,1.0,0.0,0.4,0.0,0.3,0.0,0.3,0.0,0.08,0.014492753623188406,0.05,0.25
56,0.8314157660908252,0.4999287566357726,0.8282341757884241,0.49987163815338265,0.23280729257740893,0.5,0.7304347826086957,0.3091740994737925,0.31503768028761076,0.0,0.72,0.30818917843568056,0.3118919313385306,0.0,0.008695652173913044,0.008571428571428572,0.014285714285714285,2.354285714285714,0.005797101449275362,0.0,0.03248245692719889,0.08436634914903716,11.58840579710145,0.0,0.0,0.15,0.08115942028985507,0,0.12063135813290261,0.149325,0.5430805165727943,0.9820000000000004,0.0,0.6666666666666666,0.0,0.3,0.0,0.3,0.0,0.08,0.008695652173913044,0.05,0.25
57,0.8353416292749091,0.49976468829368687,0.8321039552127357,0.4997374108598442,0.23280729257740893,0.5,0.7130434782608696,0.3087683023723432,0.31473333246152374,0.0,0.7028571428571428,0.30778917843568054,0.31159193133853064,0.0,0.011594202898550725,0.011428571428571429,0.014285714285714285,2.3,0.005797101449275362,0.0,0.03248245692719889,0.08436634914903716,11.58840579710145,0.0,0.0,0.15,0.08115942028985507,0,0.12174248705652381,0.149325,0.5436474776699097,0.9820000000000004,0.0,0.75,0.0,0.3,0.0,0.3,0.0,0.08,0.011594202898550725,0.05,0.25
58,0.8397836760786554,0.5001585128563235,0.8364825442049999,0.5000764215773613,0.23280729257740893,0.5,0.7159420289855073,0.30865236034335775,0.3146463759397847,0.0,0.7057142857142857,0.3076748927213948,0.31150621705281634,0.0,0.005797101449275362,0.005714285714285714,0.014285714285714285,2.2342857142857144,0.008695652173913044,0.0,0.03248245692719889,0.08436634914903716,11.58840579710145,0.0,0.0,0.15,0.08115942028985507,0,0.12199091747838404,0.148578375,0.5384888138307974,0.9623600000000003,0.0,1.0,0.0,0.3,0.0,0.3,0.0,0.08,0.005797101449275362,0.05,0.25
59,0.8441939378473117,0.499106970268215,0.840829802234104,0.4990650437068613,0.23280729257740893,0.5,0.744927536231884,0.3083045342564012,0.3143855063745673,0.0,0.7342857142857143,0.30733203557853767,0.3112490741956735,0.0,0.014492753623188406,0.014285714285714285,0.014285714285714285,2.317142857142857,0.005797101449275362,0.0,0.03248245692719889,0.08436634914903716,11.58840579710145,0.0,0.0,0.15,0.08115942028985507,0,0.12231351618218521,0.147835483125,0.5420047518398956,0.9431128000000003,0.0,1.0,0.0,0.3,0.0,0.3,0.0,0.08,0.014492753623188406,0.05,0.25
60,0.8491780998822269,0.4989471569038113,0.8457427619542344,0.4987528489496084,0.23280729257740893,0.5,0.7188405797101449,0.3083045342564012,0.3143855063745673,0.0,0.7085714285714285,0.30733203557853767,0.3112490741956735,0.0,0.0,0.0,0.014285714285714285,2.302857142857143,0.005797101449275362,0.0,0.03248245692719889,0.08436634914903716,11.58840579710145,0.0,0.0,0.15,0.08115942028985507,0,0.12170194860127428,0.147096305709375,0.5311646568030978,0.9242505440000003,0.0,0.0,0.0,0.3,0.0,0.3,0.0,0.08,0.0,0.05,0.25
61,0.8549063224085907,0.4984755441353484,0.8513891527302219,0.49834896512731097,0.23280729257740893,0.5,0.7304347826086957,0.3081885922274157,0.3142985498528282,0.0,0.72,0.30721774986425193,0.3111633599099592,0.0,0.002898550724637681,0.002857142857142857,0.014285714285714285,2.2914285714285714,0.0,0.0,0.03248245692719889,0.08436634914903716,11.58840579710145,0.0,0.0,0.15,0.08115942028985507,0,0.12152201028683936,0.14732018258437507,0.5233985065241786,0.9301313440000016,0.0,0.0,0.0,0.3,0.0,0.3,0.0,0.08,0.002898550724637681,0.05,0.25
62,0.859814557972162,0.49774255869976625,0.8562272706428848,0.49768943220648365,0.23280729257740893,0.5,0.736231884057971,0.30775791086478654,0.31395072376587163,0.0,0.7257142857142858,0.30679322109251755,0.31082050276710205,0.0,0.011594202898550725,0.011428571428571429,0.014285714285714285,2.2942857142857145,0.0,0.0,0.03248245692719889,0.08436634914903716,11.58840579710145,0.0,0.0,0.15,0.08115942028985507,0,0.12262868594969085,0.149325,0.5243591078222665,0.9820000000000004,0.0,0.75,0.0,0.3,0.0,0.3,0.0,0.08,0.011594202898550725,0.05,0.25
63,0.8647569603673365,0.4977362627793539,0.8610990672895569,0.4975951637646525,0.23280729257740893,0.5,0.7507246376811594,0.307641968835801,0.31395072376587163,0.0,0.74,0.3066789353782318,0.31082050276710205,0.0,0.005797101449275362,0.005714285714285714,0.014285714285714285,2.34,0.0,0.0,0.03248245692719889,0.08436634914903716,11.58840579710145,0.0,0.0,0.15,0.08115942028985507,0,0.12287268537708526,0.148578375,0.5195862113801069,0.9623600000000003,0.0,1.0,0.0,0.3,0.0,0.3,0.0,0.08,0.005797101449275362,0.05,0.25
64,0.868452319921423,0.4982169038662915,0.8647416359928707,0.49797685083982546,0.23280729257740893,0.5,0.7101449275362319,0.3075260268068155,0.3138637672441325,0.0,0.7,0.3065646496639461,0.31073478848138775,0.0,0.002898550724637681,0.002857142857142857,0.014285714285714285,2.2914285714285714,0.002898550724637681,0.0,0.03248245692719889,0.08436634914903716,11.58840579710145,0.0,0.0,0.15,0.08115942028985507,0,0.12268689337877127,0.14865337500000003,0.5120516300096475,0.9643600000000009,0.0,0.0,0.0,0.3,0.0,0.3,0.0,0.08,0.002898550724637681,0.05,0.25
65,0.8730875791155445,0.4982873818119584,0.8693106771985049,0.4980165146127421,0.23280729257740893,0.5,0.7333333333333333,0.30735211376333726,0.3138637672441325,0.0,0.7228571428571429,0.30639322109251754,0.31073478848138775,0.0,0.005797101449275362,0.005714285714285714,0.014285714285714285,2.3085714285714287,0.0,0.0,0.03248245692719889,0.08436634914903716,11.58840579710145,0.0,0.0,0.15,0.08115942028985507,0,0.12251385248916749,0.14791010812500002,0.5075248831237403,0.9450728000000008,0.0,1.0,0.0,0.3,0.0,0.3,0.0,0.08,0.005797101449275362,0.05,0.25
66,0.8760844310771374,0.4968129819759174,0.8722647169892178,0.49658464492225174,0.23280729257740893,0.5,0.7275362318840579,0.3072361717343518,0.3138202889832629,0.0,0.7171428571428572,0.3062789353782318,0.3106919313385306,0.0,0.005797101449275362,0.005714285714285714,0.014285714285714285,2.2885714285714287,0.0,0.0,0.03248245692719889,0.08436634914903716,11.58840579710145,0.0,0.0,0.15,0.08115942028985507,0,0.1223584260838645,0.14865337500000003,0.5030886711755512,0.9643600000000009,0.0,0.5,0.0,0.3,0.0,0.3,0.0,0.08,0.005797101449275362,0.05,0.25
67,0.8818432174263232,0.4959163904975244,0.8779412349619864,0.4957486259619002,0.23280729257740893,0.5,0.7246376811594203,0.306946316661888,0.31364637593978467,0.0,0.7142857142857143,0.30599322109251753,0.3105205027671021,0.0,0.011594202898550725,0.011428571428571429,0.014285714285714285,2.34,0.0,0.0,0.03248245692719889,0.08436634914903716,11.58840579710145,0.0,0.0,0.15,0.08115942028985507,0,0.12306091966773089,0.14791010812500002,0.5044554691806116,0.9450728000000008,0.0,1.0,0.0,0.3,0.0,0.3,0.0,0.08,0.011594202898550725,0.05,0.25
68,0.8846307259902609,0.49614632310476703,0.880688921975011,0.49612820387983547,0.23280729257740893,0.5,0.7275362318840579,0.306946316661888,0.31364637593978467,0.0,0.7171428571428572,0.30599322109251753,0.3105205027671021,0.0,0.0,0.0,0.014285714285714285,2.382857142857143,0.0,0.0,0.03248245692719889,0.08436634914903716,11.58840579710145,0.0,0.0,0.15,0.08115942028985507,0,0.12244561506939225,0.14717055758437503,0.4943663597969994,0.9261713440000008,0.0,0.0,0.0,0.3,0.0,0.3,0.0,0.08,0.0,0.05,0.25
69,0.8872012573633089,0.49711446959120076,0.8835450135931203,0.4972591322997729,0.23280729257740893,0.5,0.7005813953488372,0.30647473093683714,0.31288311415177117,0.0,0.6885714285714286,0.30570750680680325,0.31030621705281636,0.0,0.011627906976744186,0.011428571428571429,0.017142857142857144,2.354285714285714,0.0,0.002857142857142857,0.03248113891818197,0.08436634914903716,11.569767441860465,0.0,0.0,0.15,0.08139534883720931,0,0.12354767270833097,0.14798510812500004,0.4959076040296308,0.9438929808090394,0.0,0.75,0.0,0.3,0.0,0.3,0.0,0.08,0.011594202898550725,0.05,0.25
70,0.8911761241786598,0.4972885577638093,0.8874517398344938,0.4973640852064556,0.23280729257740893,0.5,0.7238372093023255,0.30647473093683714,0.31288311415177117,0.0,0.7114285714285714,0.30570750680680325,0.31030621705281636,0.0,0.0,0.0,0.017142857142857144,2.3,0.0,0.0,0.03250284907956233,0.08436634914903716,11.569767441860465,0.0,0.0,0.15,0.08139534883720931,0,0.12292993434478934,0.14724518258437505,0.48598945194903814,0.9250151211928586,0.0,0.0,0.0,0.3,0.0,0.3,0.0,0.08,0.0,0.05,0.25
71,0.8935896317217448,0.49755035389515834,0.8898238729625543,0.49771699179872986,0.23280729257740893,0.5,0.6976744186046512,0.3064165914019534,0.3128395095006084,0.0,0.6857142857142857,0.3056503639496604,0.3102633599099592,0.0,0.0029069767441860465,0.002857142857142857,0.017142857142857144,2.2942857142857145,0.0,0.0,0.03250284907956233,0.08436634914903716,11.569767441860465,0.0,0.0,0.15,0.08139534883720931,0,0.12274385610163682,0.14650895667145317,0.47912680576720024,0.9065148187690013,0.0,1.0,0.0,0.3,0.0,0.3,0.0,0.08,0.0029069767441860465,0.05,0.25
72,0.8974457523025731,0.4990222434163584,0.89361388861914,0.49918135894100213,0.23280729257740893,0.5,0.6686046511627907,0.30635845186706967,0.3127959048494456,0.0,0.6571428571428571,0.3055932210925175,0.3102205027671021,0.0,0.0029069767441860465,0.002857142857142857,0.017142857142857144,2.3657142857142857,0.0,0.0,0.03250284907956233,0.08436634914903716,11.569767441860465,0.0,0.0,0.15,0.08139534883720931,0,0.1224906242903869,0.1457764118880959,0.4724014125089991,0.8883845223936213,0.0,1.0,0.0,0.3,0.0,0.3,0.0,0.08,0.0029069767441860465,0.05,0.25
73,0.9016102967010992,0.49774326482059705,0.8977070408279769,0.49785262298707605,0.23280729257740893,0.5,0.6802325581395349,0.30635845186706967,0.3127959048494456,0.0,0.6685714285714286,0.3055932210925175,0.3102205027671021,0.0,0.0,0.0,0.017142857142857144,2.2942857142857145,0.0,0.0,0.03250284907956233,0.08436634914903716,11.569767441860465,0.0,0.0,0.15,0.08139534883720931,0,0.12187817116893496,0.1450475298286554,0.4629533842588191,0.8706168319457489,0.0,0.0,0.0,0.3,0.0,0.3,0.0,0.08,0.0,0.05,0.25
74,0.9046591136647827,0.49779897949715657,0.9007035923579975,0.4979863666613669,0.23280729257740893,0.5,0.7151162790697675,0.3060677541926511,0.3126214862447944,0.0,0.7028571428571428,0.30530750680680324,0.3100490741956735,0.0,0.011627906976744186,0.011428571428571429,0.017142857142857144,2.2857142857142856,0.0,0.0,0.03250284907956233,0.08436634914903716,11.569767441860465,0.0,0.0,0.15,0.08139534883720931,0,0.122983066027376,0.1466585816714532,0.46512288800221424,0.878052054529039,0.0,0.75,0.0,0.3,0.0,0.3,0.0,0.08,0.011627906976744186,0.05,0.25
75,0.9064937065349262,0.49715372236522665,0.9025067350646527,0.4974105069475583,0.23280729257740893,0.5,0.688953488372093,0.3058351960531162,0.3124470676401433,0.0,0.6771428571428572,0.3050789353782318,0.3098776456242449,0.0,0.00872093023255814,0.008571428571428572,0.017142857142857144,2.3,0.0,0.0,0.03250284907956233,0.08436634914903716,11.569767441860465,0.0,0.0,0.15,0.08139534883720931,0,0.1236538649829534,0.14592528876309593,0.4643918588135984,0.8604910134384581,0.0,1.0,0.0,0.3,0.0,0.3,0.0,0.08,0.00872093023255814,0.05,0.25
76,0.9099826852387317,0.49604577325045474,0.9059359027049644,0.4962489242341261,0.23280729257740893,0.5,0.7238372093023255,0.30542821930893016,0.31222904438432936,0.0,0.7114285714285714,0.30467893537823176,0.3096633599099592,0.0,0.014534883720930232,0.014285714285714285,0.017142857142857144,2.2914285714285714,0.0,0.0,0.03250284907956233,0.08436634914903716,11.569767441860465,0.0,0.0,0.15,0.08139534883720931,0,0.1251784528008958,0.15,0.46938973592304073,0.9603559146378436,0.0,0.6,0.0,0.3,0.0,0.3,0.0,0.08,0.014534883720930232,0.05,0.25
77,0.9142058948213551,0.49578758098904663,0.9100867144090284,0.4960207363917412,0.23280729257740893,0.5,0.7441860465116279,0.3051956611693953,0.31214183508200377,0.0,0.7314285714285714,0.30445036394966035,0.30957764562424495,0.0,0.005813953488372093,0.005714285714285714,0.017142857142857144,2.3285714285714287,0.0,0.0,0.03250284907956233,0.08436634914903716,11.569767441860465,0.0,0.0,0.15,0.08139534883720931,0,0.12540970339403415,0.24131039201590876,0.4657162269188656,0.98,0.0,0.0,0.0,0.3,0.0,0.3,0.0,0.08,0.005813953488372093,0.05,0.25
78,0.9181082998204321,0.49551053914229504,0.9139222210366927,0.4957282408068904,0.23280729257740893,0.5,0.7732558139534884,0.30478868442520923,0.3119674164773526,0.0,0.76,0.30405036394966034,0.30940621705281635,0.0,0.011627906976744186,0.011428571428571429,0.017142857142857144,2.362857142857143,0.0029069767441860465,0.0,0.03250284907956233,0.08436634914903716,11.569767441860465,0.0,0.0,0.15,0.08139534883720931,0,0.1264969405913497,0.24010384005582922,0.46783047380905984,0.9643600000000009,0.0,0.75,0.0,0.3,0.0,0.3,0.0,0.08,0.011627906976744186,0.05,0.25
79,0.9200512183011754,0.4954990830468112,0.9158318323434806,0.4957346394241242,0.23280729257740893,0.5,0.7209302325581395,0.3043235681461394,0.31170578857037584,0.0,0.7085714285714285,0.30359322109251746,0.3091490741956735,0.0,0.01744186046511628,0.017142857142857144,0.017142857142857144,2.357142857142857,0.0029069767441860465,0.0,0.03250284907956233,0.08436634914903716,11.569767441860465,0.0,0.0,0.15,0.08139534883720931,0,0.12784969303552854,0.23890332085555008,0.47561672147573575,1.0,0.0,0.6666666666666666,0.0,0.3,0.0,0.3,0.0,0.08,0.01744186046511628,0.05,0.25
80,0.9231415242000963,0.4949211272962579,0.9188691615698485,0.4951534159327101,0.23280729257740893,0.5,0.752906976744186,0.30397473093683713,0.31153136996572467,0.0,0.74,0.3032503639496604,0.30897764562424496,0.0,0.011627906976744186,0.011428571428571429,0.017142857142857144,2.4085714285714284,0.0029069767441860465,0.0,0.03250284907956233,0.08436634914903716,11.569767441860465,0.0,0.0,0.15,0.08139534883720931,0,0.12892473028463663,0.24492138116791345,0.47753295847479243,0.9952163531426944,0.0,0.75,0.0,0.3,0.0,0.3,0.0,0.08,0.011627906976744186,0.05,0.25
81,0.9269537840554919,0.4947534428907983,0.9226160683991513,0.49504318487515075,0.23280729257740893,0.5,0.7645348837209303,0.30374217279730226,0.3114005560122363,0.0,0.7514285714285714,0.30302179252108896,0.30884907419567353,0.0,0.00872093023255814,0.008571428571428572,0.017142857142857144,2.34,0.0029069767441860465,0.0,0.03250284907956233,0.08436634914903716,11.569767441860465,0.0,0.0,0.15,0.08139534883720931,0,0.1295658209189277,0.24369677426207387,0.4765537278767252,1.0109520260798397,0.0,0.6666666666666666,0.0,0.3,0.0,0.3,0.0,0.08,0.00872093023255814,0.05,0.25
82,0.9302712043811776,0.4947704992121265,0.9258766186621111,0.4950876393950476,0.23280729257740893,0.5,0.7238372093023255,0.3035677541926511,0.31126974205874797,0.0,0.7114285714285714,0.30285036394966036,0.30872050276710206,0.0,0.00872093023255814,0.008571428571428572,0.017142857142857144,2.342857142857143,0.0029069767441860465,0.0,0.03250284907956233,0.08436634914903716,11.569767441860465,0.0,0.0,0.15,0.08139534883720931,0,0.13020370610004736,0.24247829039076352,0.4755940818906192,0.9907329855582427,0.0,1.0,0.0,0.3,0.0,0.3,0.0,0.08,0.00872093023255814,0.05,0.25
83,0.9307530953735806,0.49483671437051857,0.926350248666073,0.495187524307388,0.23280729257740893,0.5,0.7558139534883721,0.30287007977404645,0.31074648624479445,0.0,0.7428571428571429,0.30216464966394607,0.30820621705281637,0.0,0.020348837209302327,0.022857142857142857,0.017142857142857144,2.317142857142857,0.0029069767441860465,0.0,0.03250284907956233,0.08436634914903716,11.569767441860465,0.0,0.0,0.15,0.08139534883720931,0,0.13285923282775602,0.25524341837628955,0.4889393431099496,1.073967689145677,0.0,0.625,0.0,0.3,0.0,0.3,0.0,0.08,0.020348837209302327,0.05,0.25
84,0.9358380886150964,0.4945831695780099,0.9298043788838476,0.4951068325024164,0.23280729257740893,0.5,0.7521865889212828,0.3035407664711928,0.3102160335563911,0.0,0.7371428571428571,0.3020503639496604,0.30812050276710207,0.0,0.0029154518950437317,0.002857142857142857,0.02,2.374285714285714,0.0029154518950437317,0.002857142857142857,0.03249877874848612,0.08436634914903715,11.56268221574344,0.0,0.0,0.15,0.08163265306122448,0,0.13262350809218867,0.2539672012844081,0.4820176991048935,1.0524883353627636,0.0,0.0,0.0,0.3,0.0,0.3,0.0,0.08,0.0029069767441860465,0.05,0.25
85,0.935158133781029,0.4955588383747063,0.9291380231464615,0.4961158404276821,0.23280729257740893,0.5,0.7230320699708455,0.303015985130085,0.30985196597728254,0.0,0.7085714285714285,0.3015360782353747,0.3077637165395756,0.0,0.01749271137026239,0.017142857142857144,0.02,2.394285714285714,0.0058309037900874635,0.0,0.03250847154728844,0.08436634914903715,11.56268221574344,0.0,0.0,0.15,0.07871720116618076,0,0.13453181912315632,0.2609351001860872,0.4895202022656528,1.1220962140976745,0.0,0.6666666666666666,0.0,0.3,0.0,0.3,0.0,0.08,0.01749271137026239,0.05,0.25
86,0.9375164002356461,0.4952768068585192,0.9314491242719863,0.49592764892748986,0.23280729257740893,0.5,0.6676384839650146,0.3026661309026797,0.3095895753067286,0.0,0.6542857142857142,0.30119322109251756,0.3075065736824328,0.0,0.011661807580174927,0.011428571428571429,0.02,2.4657142857142857,0.008746355685131196,0.0,0.03250847154728844,0.08436634914903715,11.56268221574344,0.0,0.0,0.15,0.07871720116618076,0,0.13557344574182623,0.268666800905701,0.4911583696489112,1.2657452627626018,0.0,0.5,0.0,0.3,0.0,0.3,0.0,0.08,0.011661807580174927,0.05,0.25
87,0.9393922578620166,0.49527636370239325,0.9332874647458295,0.49608220302709527,0.23280729257740893,0.5,0.6909620991253644,0.30202473148577,0.3091085257440464,0.0,0.6771428571428572,0.30056464966394614,0.30703514511100416,0.0,0.01749271137026239,0.02,0.02,2.5542857142857143,0.008746355685131196,0.0,0.03250847154728844,0.08436634914903715,11.56268221574344,0.0,0.0,0.15,0.07871720116618076,0,0.1378955785131171,0.2683777438747115,0.5013352022559329,1.2910724276985857,0.0,0.42857142857142855,0.0,0.3,0.0,0.3,0.0,0.08,0.01749271137026239,0.05,0.25
88,0.9423400547702319,0.4947575470096241,0.9358320524617173,0.4957230543233602,0.23280729257740893,0.5,0.6754385964912281,0.3018949862295387,0.3089906182444576,0.0,0.66,0.30039322109251754,0.30694943082528986,0.0,0.005847953216374269,0.005714285714285714,0.022857142857142857,2.5942857142857143,0.005847953216374269,0.002857142857142857,0.03252186925758678,0.08436634914903715,11.549707602339181,0.0,0.0,0.15,0.07894736842105263,0,0.13806324347769436,0.26703585515533795,0.49702278392509996,1.2652509791446138,0.0,1.0,0.0,0.3,0.0,0.3,0.0,0.08,0.0058309037900874635,0.05,0.25
89,0.944839104780966,0.4951972134744405,0.9382739813293491,0.49605314290760394,0.23280729257740893,0.5,0.7339181286549707,0.30131019090790123,0.30855202175322954,0.0,0.7171428571428572,0.2998217925210889,0.30652085939671847,0.0,0.014619883040935672,0.017142857142857144,0.022857142857142857,2.5942857142857143,0.005847953216374269,0.0,0.03252186925758678,0.08436634914903715,11.549707602339181,0.0,0.0,0.15,0.07894736842105263,0,0.13994435583173445,0.27124350880542386,0.5042251853894552,1.2463588495040099,0.0,0.3333333333333333,0.0,0.3,0.0,0.3,0.0,0.08,0.014619883040935672,0.05,0.25
90,0.9474889313636795,0.4947029631569528,0.940863240447315,0.4954964842103341,0.23280729257740893,0.5,0.7251461988304093,0.30113475231141,0.3084204428058612,0.0,0.7085714285714285,0.2996503639496604,0.306392287968147,0.0,0.005847953216374269,0.005714285714285714,0.022857142857142857,2.7,0.008771929824561403,0.0,0.03252186925758678,0.08436634914903715,11.549707602339181,0.0,0.0,0.15,0.07894736842105263,0,0.14010177690971864,0.2711456472290895,0.4998549673959516,1.2479201917104952,0.0,0.5,0.0,0.3,0.0,0.3,0.0,0.08,0.005847953216374269,0.05,0.25
91,0.9503627980878483,0.4945969704723796,0.9424574686769674,0.4954082251087632,0.23280729257740893,0.5,0.7390029325513197,0.301289449736295,0.3079897992539981,0.0,0.72,0.29953607823537465,0.30630657368243275,0.0,0.005865102639296188,0.005714285714285714,0.025714285714285714,2.7542857142857144,0.005865102639296188,0.002857142857142857,0.03253508763269081,0.08436634914903715,11.501466275659824,0.0,0.0,0.15,0.07917888563049853,0,0.14025841088231292,0.2697899189929441,0.49557215376231833,1.2229617878762853,0.0,1.0,0.0,0.3,0.0,0.3,0.0,0.08,0.005847953216374269,0.05,0.25
92,0.9511814483087593,0.494848137727463,0.9432550678921978,0.49562886166197545,0.23280729257740893,0.5,0.7067448680351907,0.3006442884459724,0.30762814039584224,0.0,0.6885714285714286,0.2989075068068032,0.30595421462348665,0.0,0.017595307917888565,0.017142857142857144,0.025714285714285714,2.802857142857143,0.008797653958944282,0.0,0.03256477061024519,0.08436634914903715,11.501466275659824,0.0,0.0,0.15,0.07917888563049853,0,0.14211968148801252,0.2725144663919275,0.5028035678299291,1.238165287701575,0.0,0.5,0.0,0.3,0.0,0.3,0.0,0.08,0.017595307917888565,0.05,0.25
93,0.9524213355944058,0.494262579036986,0.9444630723619278,0.4949654120189044,0.23280729257740893,0.5,0.6686217008797654,0.30040968434040055,0.30745218731666335,0.0,0.6514285714285715,0.29867893537823187,0.30578278605205805,0.0,0.008797653958944282,0.008571428571428572,0.025714285714285714,2.82,0.005865102639296188,0.0,0.03256477061024519,0.08436634914903715,11.501466275659824,0.0,0.0,0.15,0.07917888563049853,0,0.14269479736628674,0.27115189405996787,0.5013189250447591,1.2377204946975526,0.0,0.3333333333333333,0.0,0.3,0.0,0.3,0.0,0.08,0.008797653958944282,0.05,0.25
94,0.95489276072163,0.4943094021052911,0.9468709465573092,0.49499821846227493,0.23280729257740893,0.5,0.6920821114369502,0.30011642920843573,0.3072762342374845,0.0,0.6742857142857143,0.29839322109251754,0.3056113574806295,0.0,0.008797653958944282,0.008571428571428572,0.025714285714285714,2.7314285714285713,0.002932551319648094,0.0,0.03256477061024519,0.08436634914903715,11.501466275659824,0.0,0.0,0.15,0.07917888563049853,0,0.14325235784335058,0.26979613458966806,0.4998639751152925,1.2129660848036017,0.0,0.3333333333333333,0.0,0.3,0.0,0.3,0.0,0.08,0.008797653958944282,0.05,0.25
95,0.9564405204833254,0.4948962560935002,0.9483789067822753,0.49547087533243006,0.23280729257740893,0.5,0.7008797653958945,0.29976452305007795,0.30701230461871615,0.0,0.6828571428571428,0.29805036394966045,0.30535421462348666,0.0,0.008797653958944282,0.008571428571428572,0.025714285714285714,2.6942857142857144,0.0,0.0,0.03256477061024519,0.08436634914903715,11.501466275659824,0.0,0.0,0.15,0.07917888563049853,0,0.14382181033984812,0.2684471539167197,0.49843812418441524,1.1887067631075294,0.0,0.0,0.0,0.3,0.0,0.3,0.0,0.08,0.008797653958944282,0.05,0.25
96,0.9575978772287832,0.4944565010393394,0.9495065029257067,0.49518551721121873,0.23280729257740893,0.5,0.6950146627565983,0.2995885699708991,0.306880339809332,0.0,0.6771428571428572,0.29787893537823185,0.3052256431949152,0.0,0.005865102639296188,0.005714285714285714,0.025714285714285714,2.7,0.002932551319648094,0.0,0.03256477061024519,0.08436634914903715,11.501466275659824,0.0,0.0,0.15,0.07917888563049853,0,0.14389176018597855,0.26710491814713605,0.4941836474150126,1.1649326278453789,0.0,0.5,0.0,0.3,0.0,0.3,0.0,0.08,0.005865102639296188,0.05,0.25
97,0.959901287586719,0.493774859559902,0.9517506827315815,0.4946246605392923,0.23280729257740893,0.5,0.7067448680351907,0.2994712679181132,0.3067923632697426,0.0,0.6885714285714286,0.2977646496639461,0.3051399289092009,0.0,0.002932551319648094,0.002857142857142857,0.025714285714285714,2.722857142857143,0.005865102639296188,0.0,0.03256477061024519,0.08436634914903715,11.501466275659824,0.0,0.0,0.15,0.07917888563049853,0,0.14360087281362008,0.2657693935564004,0.48715711732385525,1.1416339752884712,0.0,0.0,0.0,0.3,0.0,0.3,0.0,0.08,0.002932551319648094,0.05,0.25
98,0.9606808033075452,0.493589911888786,0.9525101537624436,0.4943889568278891,0.23280729257740893,0.5,0.6950146627565983,0.2993539658653272,0.3067043867301531,0.0,0.6771428571428572,0.2976503639496604,0.3050542146234866,0.0,0.005865102639296188,0.005714285714285714,0.025714285714285714,2.802857142857143,0.002932551319648094,0.0,0.03256477061024519,0.08436634914903715,11.501466275659824,0.0,0.0,0.15,0.07917888563049853,0,0.14374001130669484,0.2644405465886184,0.4831282606916638,1.1188012957827018,0.0,1.0,0.0,0.3,0.0,0.3,0.0,0.08,0.005865102639296188,0.05,0.25
99,0.9615850199745125,0.49315290980352156,0.953391119143689,0.4940720077248311,0.23280729257740893,0.5,0.7067448680351907,0.2988261066277906,0.3063084923020006,0.0,0.6885714285714286,0.29713607823537463,0.3046685003377723,0.0,0.017595307917888565,0.017142857142857144,0.025714285714285714,2.762857142857143,0.002932551319648094,0.0,0.03256477061024519,0.08436634914903715,11.501466275659824,0.0,0.0,0.15,0.07917888563049853,0,0.14559273982158993,0.2631183438556753,0.49060855262068764,1.1118447211845464,0.0,0.8333333333333334,0.0,0.3,0.0,0.3,0.0,0.08,0.017595307917888565,0.05,0.25
100,0.9617004046920045,0.493788394907741,0.9535035368255884,0.494666368073755,0.23280729257740893,0.5,0.7067448680351907,0.29841554944303983,0.30604456268323227,0.0,0.6885714285714286,0.2967360782353746,0.3044113574806295,0.0,0.01466275659824047,0.014285714285714285,0.025714285714285714,2.737142857142857,0.008797653958944282,0.0,0.03256477061024519,0.08436634914903715,11.501466275659824,0.0,0.0,0.15,0.07917888563049853,0,0.1465113460550902,0.26180275213639687,0.4950820958539881,1.0896078267608553,0.0,1.0,0.0,0.3,0.0,0.3,0.0,0.08,0.01466275659824047,0.05,0.25
101,0.9602252568203514,0.49378989182577476,0.9520663213277778,0.4947344508922806,0.23280729257740893,0.5,0.7214076246334311,0.2979463412318961,0.3056926565248745,0.0,0.7028571428571428,0.2962789353782318,0.30406850033777233,0.0,0.01466275659824047,0.014285714285714285,0.025714285714285714,2.8085714285714287,0.011730205278592375,0.0,0.03256477061024519,0.08436634914903715,11.501466275659824,0.0,0.0,0.15,0.07917888563049853,0,0.14709307503910046,0.2604937383757149,0.4994661682226227,1.095196584302498,0.0,0.6,0.0,0.3,0.0,0.3,0.0,0.08,0.01466275659824047,0.05,0.25
102,0.9609592783441302,0.4951032797672028,0.9527814680123734,0.4959783645057259,0.23280729257740893,0.5,0.7243401759530792,0.2975357840471454,0.30538473863631144,0.0,0.7057142857142857,0.2958789353782318,0.30376850033777236,0.0,0.011730205278592375,0.011428571428571429,0.025714285714285714,2.8857142857142857,0.008797653958944282,0.0,0.03256477061024519,0.08436634914903715,11.501466275659824,0.0,0.0,0.15,0.07917888563049853,0,0.14807189537819065,0.25919126968383627,0.5009054162867416,1.1215501053427002,0.0,0.5,0.0,0.3,0.0,0.3,0.0,0.08,0.011730205278592375,0.05,0.25
103,0.9619114734619695,0.4956296205130304,0.9537091781128968,0.4963339198406791,0.23280729257740893,0.5,0.7067448680351907,0.29718387788878764,0.3051208090175431,0.0,0.6885714285714286,0.2955360782353747,0.30351135748062946,0.0,0.011730205278592375,0.011428571428571429,0.025714285714285714,2.8685714285714288,0.005865102639296188,0.0,0.03256477061024519,0.08436634914903715,11.501466275659824,0.0,0.0,0.15,0.07917888563049853,0,0.14838570363381692,0.25789531333541715,0.5023158793895782,1.1194020401358316,0.0,0.5,0.0,0.3,0.0,0.3,0.0,0.08,0.011730205278592375,0.05,0.25
104,0.9632407458842064,0.4946835393088069,0.9551092956846072,0.4952138784514938,0.23280729257740893,0.5,0.7088235294117647,0.2969261109397541,0.30385000299932236,0.0,0.6885714285714286,0.29547893537823183,0.30346850033777234,0.0,0.0029411764705882353,0.002857142857142857,0.02857142857142857,2.9485714285714284,0.008823529411764706,0.002857142857142857,0.03255813068338297,0.08436634914903715,11.494117647058824,0.0,0.0,0.15,0.07941176470588235,0,0.14807234654421927,0.25660583676874,0.49512670465892955,1.0970139993331147,0.0,1.0,0.0,0.3,0.0,0.3,0.0,0.08,0.002932551319648094,0.05,0.25
105,0.9646151994710943,0.4948788502105206,0.9564444791690127,0.495446078910404,0.23280729257740893,0.5,0.7088235294117647,0.2968084638809306,0.3037617677052047,0.0,0.6885714285714286,0.2953646496639461,0.30338278605205804,0.0,0.0029411764705882353,0.002857142857142857,0.02857142857142857,2.9657142857142857,0.008823529411764706,0.0,0.03256801104419155,0.08436634914903715,11.494117647058824,0.0,0.0,0.15,0.07941176470588235,0,0.1477605562400696,0.2553228075848963,0.48808131342289374,1.0750737193464524,0.0,0.0,0.0,0.3,0.0,0.3,0.0,0.08,0.0029411764705882353,0.05,0.25
106,0.9630820347233329,0.49463967822326294,0.95495511912833,0.49511020361190633,0.23280729257740893,0.5,0.7,0.29651434623387174,0.3035852971169694,0.0,0.68,0.29507893537823177,0.3032113574806295,0.0,0.008823529411764706,0.008571428571428572,0.02857142857142857,3.0114285714285716,0.0058823529411764705,0.0,0.03256801104419155,0.08436634914903715,11.494117647058824,0.0,0.0,0.15,0.07941176470588235,0,0.14830746774458356,0.2586077834917105,0.48689111572586447,1.0868655865801313,0.0,0.3333333333333333,0.0,0.3,0.0,0.3,0.0,0.08,0.008823529411764706,0.05,0.25
107,0.9635427390361706,0.49477647671680713,0.9554026604608011,0.49524509323575006,0.23280729257740893,0.5,0.6676470588235294,0.2962790521162247,0.3034088265287341,0.0,0.6485714285714286,0.2948503639496604,0.30303992890920095,0.0,0.0058823529411764705,0.005714285714285714,0.02857142857142857,3.1,0.008823529411764706,0.0,0.03256801104419155,0.08436634914903715,11.494117647058824,0.0,0.0,0.15,0.07941176470588235,0,0.14842307326300347,0.2573147445742519,0.4828675791256329,1.067149096468154,0.0,0.0,0.0,0.3,0.0,0.3,0.0,0.08,0.0058823529411764705,0.05,0.25
108,0.963104349577859,0.49485373482228684,0.9549767964155841,0.4955020422403634,0.23280729257740893,0.5,0.6441176470588236,0.2958672874103423,0.3031441206463812,0.0,0.6257142857142857,0.29445036394966034,0.30278278605205805,0.0,0.008823529411764706,0.011428571428571429,0.02857142857142857,3.077142857142857,0.0058823529411764705,0.0,0.03256801104419155,0.08436634914903715,11.494117647058824,0.0,0.0,0.15,0.07941176470588235,0,0.14919128336197168,0.26339959020821535,0.4846387989716917,1.0482907587177626,0.0,0.5,0.0,0.3,0.0,0.3,0.0,0.08,0.008823529411764706,0.05,0.25
109,0.9651032222126901,0.4951058911848045,0.9569185584037055,0.49570570594243885,0.23280729257740893,0.5,0.6411764705882353,0.29551434623387174,0.30296765005814585,0.0,0.6228571428571429,0.29410750680680325,0.3026113574806295,0.0,0.011764705882352941,0.011428571428571429,0.02857142857142857,3.0485714285714285,0.0058823529411764705,0.0,0.03256801104419155,0.08436634914903715,11.494117647058824,0.0,0.0,0.15,0.07941176470588235,0,0.1493310412308761,0.2620825922571743,0.48637459442082925,1.027324943543407,0.0,0.5,0.0,0.3,0.0,0.3,0.0,0.08,0.011764705882352941,0.05,0.25
110,0.9674361834659212,0.49433331785812645,0.9591848636211301,0.4949966347527998,0.23280729257740893,0.5,0.6588235294117647,0.2952202285868129,0.30274706182285177,0.0,0.64,0.2938217925210889,0.3023970717663438,0.0,0.008823529411764706,0.008571428571428572,0.02857142857142857,3.0028571428571427,0.008823529411764706,0.0,0.03256801104419155,0.08436634914903715,11.494117647058824,0.0,0.0,0.15,0.07941176470588235,0,0.14987010031043602,0.26077217929588836,0.48521853110384117,1.027575099166121,0.0,0.3333333333333333,0.0,0.3,0.0,0.3,0.0,0.08,0.008823529411764706,0.05,0.25
111,0.9674551849096243,0.49477700597559465,0.9589516451779739,0.49523382018349854,0.23280729257740893,0.5,0.6106194690265486,0.2946927873886996,0.3029598721282664,0.0,0.5914285714285714,0.2935360782353747,0.3022256431949152,0.0,0.008849557522123894,0.008571428571428572,0.03142857142857143,3.0085714285714285,0.0058997050147492625,0.002857142857142857,0.03264641710030677,0.08436634914903716,11.303834808259587,0.0,0.0,0.15,0.07964601769911504,0,0.1504064640945981,0.26877947266337565,0.484085589053193,1.0483607100681676,0.0,0.3333333333333333,0.0,0.3,0.0,0.3,0.0,0.08,0.008823529411764706,0.05,0.25
112,0.9660357105272064,0.4950571009905555,0.9575767828475747,0.4956247865940538,0.23280729257740893,0.5,0.6371681415929203,0.29457479328840463,0.30287137655304514,0.0,0.6171428571428571,0.29342179252108896,0.3021399289092009,0.0,0.0029498525073746312,0.002857142857142857,0.03142857142857143,2.9714285714285715,0.0058997050147492625,0.0,0.03270663481983749,0.08436634914903716,11.303834808259587,0.0,0.0,0.15,0.07964601769911504,0,0.15008300320269655,0.2703691390142358,0.477261020129272,1.0561333520328267,0.0,0.0,0.0,0.3,0.0,0.3,0.0,0.08,0.0029498525073746312,0.05,0.25
113,0.9673340160092138,0.4951859814349266,0.9588342844430047,0.49575197592473563,0.23280729257740893,0.5,0.6017699115044248,0.29457479328840463,0.30287137655304514,0.0,0.5828571428571429,0.29342179252108896,0.3021399289092009,0.0,0.0,0.0,0.03142857142857143,2.9485714285714284,0.0029498525073746312,0.0,0.03270663481983749,0.08436634914903716,11.303834808259587,0.0,0.0,0.15,0.07964601769911504,0,0.1493325881866831,0.2690172933191646,0.4677157997266865,1.0350106849921699,0.0,0.0,0.0,0.3,0.0,0.3,0.0,0.08,0.0,0.05,0.25
114,0.9666741266820325,0.4954636035717716,0.9581951344946777,0.4959270328284851,0.23280729257740893,0.5,0.640117994100295,0.2943659905172764,0.3026943854026027,0.0,0.62,0.2932195521227676,0.30196850033777234,0.0,0.0058997050147492625,0.005714285714285714,0.03142857142857143,2.934285714285714,0.0029498525073746312,0.0,0.03270663481983749,0.08436634914903716,11.303834808259587,0.0,0.0,0.15,0.07964601769911504,0,0.1494430681028925,0.26767220685256876,0.4640757694464385,1.0143104712923265,0.0,0.5,0.0,0.3,0.0,0.3,0.0,0.08,0.0058997050147492625,0.05,0.25
115,0.9690931002298625,0.49483255064823495,0.9605380831595759,0.4952615781126066,0.23280729257740893,0.5,0.6283185840707964,0.29407100526653895,0.30247314646454954,0.0,0.6085714285714285,0.2929338378370534,0.3017542146234866,0.0,0.008849557522123894,0.008571428571428572,0.03142857142857143,2.8657142857142857,0.008849557522123894,0.0,0.03270663481983749,0.08436634914903716,11.303834808259587,0.0,0.0,0.15,0.07964601769911504,0,0.14998156704809235,0.2663338458183059,0.4633656826289382,0.99402426186648,0.0,1.0,0.0,0.3,0.0,0.3,0.0,0.08,0.008849557522123894,0.05,0.25
116,0.9693736514861349,0.4942585702564352,0.9607397474609924,0.49494303551860885,0.23280729257740893,0.5,0.7011834319526628,0.29468302461374324,0.3028059932668525,0.0,0.6771428571428572,0.2928766949799105,0.30171135748062944,0.0,0.0029585798816568047,0.002857142857142857,0.03428571428571429,2.8657142857142857,0.011834319526627219,0.002857142857142857,0.03279113901121498,0.08436634914903716,10.982248520710058,0.0,0.0,0.15,0.07988165680473373,0,0.14966023064142328,0.2650021765892144,0.4569555118335024,0.9741437766291504,0.0,1.0,0.0,0.3,0.0,0.3,0.0,0.08,0.0029498525073746312,0.05,0.25
117,0.9690094658855127,0.4944015403031765,0.9603880482238197,0.4949939998345717,0.23280729257740893,0.5,0.6627218934911243,0.29438716662557757,0.3026284784739531,0.0,0.64,0.2925909806941962,0.3015399289092009,0.0,0.008875739644970414,0.008571428571428572,0.03428571428571429,2.9257142857142857,0.005917159763313609,0.0,0.03290305087600505,0.08436634914903716,10.982248520710058,0.0,0.0,0.15,0.07988165680473373,0,0.15019764377393044,0.2636771657062683,0.4563878301682608,1.001174867996795,0.0,0.3333333333333333,0.0,0.3,0.0,0.3,0.0,0.08,0.008875739644970414,0.05,0.25
118,0.9694714509249425,0.4955602488771729,0.9608341937761835,0.4962776754432255,0.23280729257740893,0.5,0.7041420118343196,0.29426882343031124,0.3025397210775034,0.0,0.68,0.29247669497991047,0.30145421462348665,0.0,0.0029585798816568047,0.002857142857142857,0.03428571428571429,2.8685714285714288,0.008875739644970414,0.0,0.03290305087600505,0.08436634914903716,10.982248520710058,0.0,0.0,0.15,0.07988165680473373,0,0.14987522698363226,0.2623587798777369,0.45011721642203856,0.9923623357317292,0.0,0.0,0.0,0.3,0.0,0.3,0.0,0.08,0.0029585798816568047,0.05,0.25
119,0.9692004640900421,0.4961348991639399,0.9605724979184798,0.4968304510675632,0.23280729257740893,0.5,0.7011834319526628,0.2940321370397787,0.302362206284604,0.0,0.6771428571428572,0.29224812355133906,0.30128278605205805,0.0,0.008875739644970414,0.008571428571428572,0.03428571428571429,2.837142857142857,0.005917159763313609,0.0,0.03290305087600505,0.08436634914903716,10.982248520710058,0.0,0.0,0.15,0.07988165680473373,0,0.15041156513442835,0.2788237803380413,0.4496863006650263,1.000619990103647,0.0,0.3333333333333333,0.0,0.3,0.0,0.3,0.0,0.08,0.008875739644970414,0.05,0.25
120,0.9709011152427388,0.49563034501195824,0.9622148410316554,0.4963370154922177,0.23280729257740893,0.5,0.6597633136094675,0.29397296544214563,0.3023178275863791,0.0,0.6371428571428571,0.2921909806941962,0.3012399289092009,0.0,0.0029585798816568047,0.002857142857142857,0.03428571428571429,2.782857142857143,0.011834319526627219,0.0,0.03290305087600505,0.08436634914903716,10.982248520710058,0.0,0.0,0.15,0.07988165680473373,0,0.15008807873732763,0.27742966143635106,0.44354971750886857,0.9806075903015741,0.0,1.0,0.0,0.3,0.0,0.3,0.0,0.08,0.0029585798816568047,0.05,0.25
121,0.9719504103476183,0.49577778003158735,0.9632281603043676,0.49669144101147333,0.23280729257740893,0.5,0.6420118343195266,0.29391379384451244,0.3022734488881543,0.0,0.62,0.2921338378370534,0.30119707176634375,0.0,0.0029585798816568047,0.002857142857142857,0.03428571428571429,2.7885714285714287,0.005917159763313609,0.0,0.03290305087600505,0.08436634914903716,10.982248520710058,0.0,0.0,0.15,0.07988165680473373,0,0.14976620977221244,0.2760425131291693,0.43753586601583405,0.9609954384955426,0.0,1.0,0.0,0.3,0.0,0.3,0.0,0.08,0.0029585798816568047,0.05,0.25
122,0.9720383795127868,0.4955049376022893,0.9633131133838734,0.49642235553825054,0.23280729257740893,0.5,0.7366863905325444,0.29361793585634677,0.30212211700473235,0.0,0.7114285714285714,0.2918481235513391,0.30105092840463915,0.0,0.008875739644970414,0.011428571428571429,0.03428571428571429,2.76,0.0029585798816568047,0.0,0.03290305087600505,0.08436634914903716,10.982248520710058,0.0,0.0,0.15,0.07988165680473373,0,0.1503936286571655,0.2746623005635234,0.44021372012408877,0.9484170003094388,0.0,0.75,0.0,0.3,0.0,0.3,0.0,0.08,0.008875739644970414,0.05,0.25
123,0.9720358714648969,0.49491104666059177,0.9633106913261966,0.49581026292837155,0.23280729257740893,0.5,0.7130177514792899,0.29361793585634677,0.30212211700473235,0.0,0.6885714285714286,0.2918481235513391,0.30105092840463915,0.0,0.0,0.0,0.03428571428571429,2.702857142857143,0.0029585798816568047,0.0,0.03290305087600505,0.08436634914903716,10.982248520710058,0.0,0.0,0.15,0.07988165680473373,0,0.14964166051387964,0.2732889890607058,0.43140944572160705,0.9294486603032499,0.0,0.0,0.0,0.3,0.0,0.3,0.0,0.08,0.0,0.05,0.25
124,0.9731861776977997,0.4951889256358118,0.9644215584882571,0.4961421764460313,0.23280729257740893,0.5,0.7100591715976331,0.2933812494658143,0.30198898091005777,0.0,0.6857142857142857,0.2916195521227677,0.3009223569760677,0.0,0.008875739644970414,0.008571428571428572,0.03428571428571429,2.6885714285714286,0.0029585798816568047,0.0,0.03290305087600505,0.08436634914903716,10.982248520710058,0.0,0.0,0.15,0.07988165680473373,0,0.14995276496372692,0.2719225441154023,0.4313526853786035,0.9239240980389103,0.0,0.6666666666666666,0.0,0.3,0.0,0.3,0.0,0.08,0.008875739644970414,0.05,0.25
125,0.9730732796491542,0.49628432342508244,0.9643125312298509,0.4970599647906423,0.23280729257740893,0.5,0.7337278106508875,0.2927895334894829,0.30154519392780926,0.0,0.7085714285714285,0.2910481235513391,0.3004937855474963,0.0,0.014792899408284023,0.014285714285714285,0.03428571428571429,2.665714285714286,0.0029585798816568047,0.0,0.03290305087600505,0.08436634914903716,10.982248520710058,0.0,0.0,0.15,0.07988165680473373,0,0.15134585828176542,0.2823056079118283,0.4370113459567457,0.9820000000000004,0.0,0.2,0.0,0.3,0.0,0.3,0.0,0.08,0.014792899408284023,0.05,0.25
126,0.9743602497643539,0.49578788844193916,0.9655553766553864,0.4965064823300806,0.23280729257740893,0.5,0.7011834319526628,0.2925528470989503,0.30145643653135956,0.0,0.6771428571428572,0.2908195521227676,0.300408071261782,0.0,0.008875739644970414,0.008571428571428572,0.03428571428571429,2.7257142857142855,0.0,0.0,0.03290305087600505,0.08436634914903716,10.982248520710058,0.0,0.0,0.15,0.07988165680473373,0,0.1518748432760709,0.28089407987226916,0.43684254760903934,0.9623600000000003,0.0,1.0,0.0,0.3,0.0,0.3,0.0,0.08,0.008875739644970414,0.05,0.25
127,0.9741811842932434,0.49649664650232356,0.9653824505718571,0.49706282159647736,0.23280729257740893,0.5,0.727810650887574,0.2924936755013172,0.30141205783313474,0.0,0.7028571428571428,0.2907624092656248,0.3003652141189248,0.0,0.0029585798816568047,0.002857142857142857,0.03428571428571429,2.7057142857142855,0.0,0.0,0.03290305087600505,0.08436634914903716,10.982248520710058,0.0,0.0,0.15,0.07988165680473373,0,0.15154404048826195,0.2794896094729078,0.4309628395140014,0.9431128000000003,0.0,1.0,0.0,0.3,0.0,0.3,0.0,0.08,0.0029585798816568047,0.05,0.25
128,0.975611518316058,0.4957112584396829,0.9667637445710323,0.4963395771182455,0.23280729257740893,0.5,0.7189349112426036,0.29231616070841776,0.30127892173846016,0.0,0.6942857142857143,0.2905909806941962,0.30023664269035344,0.0,0.005917159763313609,0.005714285714285714,0.03428571428571429,2.637142857142857,0.0,0.0,0.03290305087600505,0.08436634914903716,10.982248520710058,0.0,0.0,0.15,0.07988165680473373,0,0.1516434631429635,0.27809216142554327,0.4280578684380071,0.9411919999999999,0.0,0.5,0.0,0.3,0.0,0.3,0.0,0.08,0.005917159763313609,0.05,0.25
129,0.9766061312515858,0.49568063715719585,0.9677242564916279,0.49615031088084466,0.23280729257740893,0.5,0.6627218934911243,0.29231616070841776,0.30127892173846016,0.0,0.64,0.2905909806941962,0.30023664269035344,0.0,0.0,0.0,0.03428571428571429,2.5828571428571427,0.0,0.0,0.03290305087600505,0.08436634914903716,10.982248520710058,0.0,0.0,0.15,0.07988165680473373,0,0.15088524582724872,0.2767017006184156,0.41949671106924696,0.9223681599999999,0.0,0.0,0.0,0.3,0.0,0.3,0.0,0.08,0.0,0.05,0.25
130,0.9763610150071707,0.4966930090755811,0.9674875442327353,0.49734500904371387,0.23280729257740893,0.5,0.6893491124260355,0.29196113112261896,0.30101264954911106,0.0,0.6657142857142857,0.2902481235513391,0.2999794998332106,0.0,0.011834319526627219,0.011428571428571429,0.03428571428571429,2.6542857142857144,0.0,0.0,0.03290305087600505,0.08436634914903716,10.982248520710058,0.0,0.0,0.15,0.07988165680473373,0,0.15184510531239814,0.2753181921153235,0.4225353482764334,0.9090973340167051,0.0,0.75,0.0,0.3,0.0,0.3,0.0,0.08,0.011834319526627219,0.05,0.25
131,0.9762296011512173,0.49724295343579417,0.9673606359947003,0.498022955112088,0.23280729257740893,0.5,0.6775147928994083,0.2918427879273527,0.30092389215266135,0.0,0.6542857142857142,0.2901338378370534,0.2998937855474963,0.0,0.005917159763313609,0.005714285714285714,0.03428571428571429,2.6914285714285713,0.0,0.0,0.03290305087600505,0.08436634914903716,10.982248520710058,0.0,0.0,0.15,0.07988165680473373,0,0.15194302264297904,0.27394160115474686,0.4197989270251904,0.890915387336371,0.0,1.0,0.0,0.3,0.0,0.3,0.0,0.08,0.005917159763313609,0.05,0.25
132,0.9757507325228013,0.4976009935528323,0.9668981857192585,0.4982549028619752,0.23280729257740893,0.5,0.6390532544378699,0.2918427879273527,0.30092389215266135,0.0,0.6171428571428571,0.2901338378370534,0.2998937855474963,0.0,0.0,0.0,0.03428571428571429,2.611428571428571,0.0,0.0,0.03290305087600505,0.08436634914903716,10.982248520710058,0.0,0.0,0.15,0.07988165680473373,0,0.1511833075297641,0.2725718931489731,0.41140294848468656,0.8730970795896436,0.0,0.0,0.0,0.3,0.0,0.3,0.0,0.08,0.0,0.05,0.25
133,0.9751246973721102,0.4982376914070098,0.9662936146308768,0.4988984494727382,0.23280729257740893,0.5,0.6893491124260355,0.29142858674392075,0.30061324126508737,0.0,0.6657142857142857,0.28973383783705337,0.29959378554749627,0.0,0.011834319526627219,0.011428571428571429,0.03428571428571429,2.505714285714286,0.0,0.0,0.03290305087600505,0.08436634914903716,10.982248520710058,0.0,0.0,0.15,0.07988165680473373,0,0.15196516483007208,0.27485934169079645,0.41460346094356426,0.9437647846361003,0.0,0.25,0.0,0.3,0.0,0.3,0.0,0.08,0.011834319526627219,0.05,0.25
134,0.9756721645662765,0.49828909508381386,0.9668223115212434,0.4988531677545421,0.23280729257740893,0.5,0.7751479289940828,0.29107355715812194,0.3003469690757382,0.0,0.7485714285714286,0.2893909806941962,0.2993366426903534,0.0,0.008875739644970414,0.008571428571428572,0.03428571428571429,2.46,0.0,0.0,0.03290305087600505,0.08436634914903716,10.982248520710058,0.0,0.0,0.15,0.07988165680473373,0,0.15249105329163604,0.27348504498234244,0.4148828202961216,0.9820000000000004,0.0,0.0,0.0,0.3,0.0,0.3,0.0,0.08,0.008875739644970414,0.05,0.25
135,0.9753293986024492,0.49792104861658026,0.9664912975333186,0.4984885183000351,0.23280729257740893,0.5,0.7662721893491125,0.2908368707675894,0.30024377907635125,0.0,0.74,0.2891624092656248,0.29923699063380255,0.0,0.008875739644970414,0.008571428571428572,0.03428571428571429,2.4171428571428573,0.0,0.0,0.03290305087600505,0.08436634914903716,10.982248520710058,0.0,0.0,0.15,0.07988165680473373,0,0.15299416059400653,0.27211761975743076,0.4151565924616278,0.98,0.0,0.6666666666666666,0.0,0.3,0.0,0.3,0.0,0.08,0.008875739644970414,0.05,0.25
136,0.9748910343181667,0.49883138471481453,0.9660679628816402,0.49945674841111376,0.23280729257740893,0.5,0.757396449704142,0.2907185275723231,0.30015502167990155,0.0,0.7314285714285714,0.2890481235513391,0.2991512763480883,0.0,0.005917159763313609,0.005714285714285714,0.03428571428571429,2.2914285714285714,0.0,0.0,0.03290305087600505,0.08436634914903716,10.982248520710058,0.0,0.0,0.15,0.07988165680473373,0,0.15308633264817936,0.27075703165864357,0.41256774632668086,0.9603999999999999,0.0,1.0,0.0,0.3,0.0,0.3,0.0,0.08,0.005917159763313609,0.05,0.25
137,0.9757067828827161,0.49845347748371066,0.9668557429239764,0.49906293515798084,0.23280729257740893,0.5,0.757396449704142,0.29048184118179055,0.29997750688700214,0.0,0.7314285714285714,0.2888195521227676,0.2989798477766597,0.0,0.005917159763313609,0.005714285714285714,0.03428571428571429,2.26,0.0,0.0,0.03290305087600505,0.08436634914903716,10.982248520710058,0.0,0.0,0.15,0.07988165680473373,0,0.15317804384208134,0.26940324650035036,0.4100306771144329,0.9587514044636597,0.0,0.0,0.0,0.3,0.0,0.3,0.0,0.08,0.005917159763313609,0.05,0.25
138,0.9749184137443435,0.498332372428466,0.9660944035846338,0.49889026745971315,0.23280729257740893,0.5,0.7751479289940828,0.29048184118179055,0.29997750688700214,0.0,0.7485714285714286,0.2888195521227676,0.2989798477766597,0.0,0.0,0.0,0.03428571428571429,2.2314285714285713,0.0,0.0,0.03290305087600505,0.08436634914903716,10.982248520710058,0.0,0.0,0.15,0.07988165680473373,0,0.15241215362287092,0.26805623026784864,0.40183006357214435,0.9395763763743865,0.0,0.0,0.0,0.3,0.0,0.3,0.0,0.08,0.0,0.05,0.25
139,0.9766328653668198,0.49843867689961063,0.9677500740086251,0.49907530727835064,0.23280729257740893,0.5,0.7781065088757396,0.29048184118179055,0.29997750688700214,0.0,0.7514285714285714,0.2888195521227676,0.2989798477766597,0.0,0.0,0.0,0.03428571428571429,2.2085714285714286,0.0,0.0,0.03290305087600505,0.08436634914903716,10.982248520710058,0.0,0.0,0.15,0.07988165680473373,0,0.15165009285475656,0.26671594911650937,0.3937934623007014,0.9207848488468987,0.0,0.0,0.0,0.3,0.0,0.3,0.0,0.08,0.0,0.05,0.25
140,0.97731823413881,0.4985567746649978,0.9684119444227185,0.49924248102337776,0.23280729257740893,0.5,0.8195266272189349,0.2900676399983586,0.29979999209410274,0.0,0.7914285714285715,0.2884195521227676,0.2988084192052311,0.0,0.011834319526627219,0.011428571428571429,0.03428571428571429,2.1942857142857144,0.0,0.0,0.03290305087600505,0.08436634914903716,10.982248520710058,0.0,0.0,0.15,0.07988165680473373,0,0.15189042094407207,0.2995879969394256,0.3973461644832588,0.9093689186633972,0.0,0.5,0.0,0.3,0.0,0.3,0.0,0.08,0.011834319526627219,0.05,0.25
141,0.9799590835114751,0.49863462216775356,0.9709622503883208,0.4994341010957466,0.23280729257740893,0.5,0.8017751479289941,0.28965343881492667,0.29953371990475364,0.0,0.7742857142857142,0.28801955212276764,0.29855127634808826,0.0,0.011834319526627219,0.011428571428571429,0.03428571428571429,2.2885714285714287,0.0,0.0,0.03290305087600505,0.08436634914903716,10.982248520710058,0.0,0.0,0.15,0.07988165680473373,0,0.15284525455363743,0.29809005695472846,0.400827812622165,0.9603523843169128,0.0,0.25,0.0,0.3,0.0,0.3,0.0,0.08,0.011834319526627219,0.05,0.25
142,0.9807745000445593,0.49886476336420427,0.9717497097831278,0.4996342010233502,0.23280729257740893,0.5,0.7692307692307693,0.28959426721729353,0.29948934120652876,0.0,0.7428571428571429,0.2879624092656248,0.29850841920523113,0.0,0.0029585798816568047,0.002857142857142857,0.03428571428571429,2.3314285714285714,0.0,0.0,0.03290305087600505,0.08436634914903716,10.982248520710058,0.0,0.0,0.15,0.07988165680473373,0,0.15250959970944067,0.29659960666995483,0.3956683992268646,0.9411453366305745,0.0,1.0,0.0,0.3,0.0,0.3,0.0,0.08,0.0029585798816568047,0.05,0.25
143,0.9807925084649354,0.49968325604593367,0.9717671007719482,0.5002595597761827,0.23280729257740893,0.5,0.7189349112426036,0.28940123032589526,0.29940058381007906,0.0,0.6942857142857143,0.2877759907819316,0.2984227049195169,0.0,0.011834319526627219,0.011428571428571429,0.03428571428571429,2.3457142857142856,0.0,0.0,0.03290305087600505,0.08436634914903716,10.982248520710058,0.0,0.0,0.15,0.07988165680473373,0,0.15296361509925485,0.295116608636605,0.3991836026708987,0.9223224298979631,0.0,1.0,0.0,0.3,0.0,0.3,0.0,0.08,0.011834319526627219,0.05,0.25
144,0.9809539428084345,0.5004689210969053,0.9719230002236702,0.5009016792954968,0.23280729257740893,0.5,0.6952662721893491,0.28940123032589526,0.29940058381007906,0.0,0.6714285714285714,0.2877759907819316,0.2984227049195169,0.0,0.0,0.0,0.03428571428571429,2.4457142857142857,0.0,0.0,0.03290305087600505,0.08436634914903716,10.982248520710058,0.0,0.0,0.15,0.07988165680473373,0,0.15219879702375858,0.29364102559342203,0.39119993061748076,0.9038759813000038,0.0,0.0,0.0,0.3,0.0,0.3,0.0,0.08,0.0,0.05,0.25
145,0.9817433962752893,0.5008225986697237,0.9726853867145184,0.5012963865243383,0.23280729257740893,0.5,0.7396449704142012,0.2891053723377296,0.29922306901717965,0.0,0.7142857142857143,0.28749027649621733,0.2982512763480883,0.0,0.008875739644970414,0.008571428571428572,0.03428571428571429,2.4485714285714284,0.0,0.0,0.03290305087600505,0.08436634914903716,10.982248520710058,0.0,0.0,0.15,0.07988165680473373,0,0.15272351732435407,0.2921728204654549,0.3919473605765597,0.900398786184964,0.0,0.3333333333333333,0.0,0.3,0.0,0.3,0.0,0.08,0.008875739644970414,0.05,0.25
146,0.9817821937148475,0.4998752038182421,0.9727228539561491,0.5003585709318183,0.23280729257740893,0.5,0.7130177514792899,0.28898702914246327,0.29913431162073,0.0,0.6885714285714286,0.2873759907819316,0.298165562062374,0.0,0.005917159763313609,0.005714285714285714,0.03428571428571429,2.525714285714286,0.0,0.0,0.03290305087600505,0.08436634914903716,10.982248520710058,0.0,0.0,0.15,0.07988165680473373,0,0.152748958635562,0.29071195636312763,0.38982269907931416,0.8823908104612647,0.0,1.0,0.0,0.3,0.0,0.3,0.0,0.08,0.005917159763313609,0.05,0.25
147,0.9806281261686627,0.5003654248442364,0.9716083544401191,0.5010546573716945,0.23280729257740893,0.5,0.6982248520710059,0.28886868594719706,0.29908993292250513,0.0,0.6742857142857143,0.28726170506764587,0.29812270491951687,0.0,0.005917159763313609,0.005714285714285714,0.03428571428571429,2.6514285714285712,0.005917159763313609,0.0,0.03290305087600505,0.08436634914903716,10.982248520710058,0.0,0.0,0.15,0.07988165680473373,0,0.15284235669952703,0.289258396581312,0.38774053081201365,0.8647429942520395,0.0,1.0,0.0,0.3,0.0,0.3,0.0,0.08,0.005917159763313609,0.05,0.25
148,0.9801834964475079,0.500388297935982,0.9711789691665467,0.5010346992461018,0.23280729257740893,0.5,0.7218934911242604,0.28875034275193073,0.29900117552605543,0.0,0.6971428571428572,0.28714741935336013,0.29803699063380257,0.0,0.0029585798816568047,0.002857142857142857,0.03428571428571429,2.6685714285714286,0.005917159763313609,0.0,0.03290305087600505,0.08436634914903716,10.982248520710058,0.0,0.0,0.15,0.07988165680473373,0,0.15250671634460083,0.28781210459840545,0.38284286305291615,0.8522057261782425,0.0,0.0,0.0,0.3,0.0,0.3,0.0,0.08,0.0029585798816568047,0.05,0.25
149,0.9810657812932086,0.5005257576158066,0.9720310042461092,0.5011036975768796,0.23280729257740893,0.5,0.7100591715976331,0.28863199955666446,0.29891241812960573,0.0,0.6857142857142857,0.28703313363907446,0.29795127634808827,0.0,0.0029585798816568047,0.002857142857142857,0.03428571428571429,2.68,0.008875739644970414,0.0,0.03290305087600505,0.08436634914903716,10.982248520710058,0.0,0.0,0.15,0.07988165680473373,0,0.15217275419144927,0.2863730440754134,0.37804314864900074,0.8481739338960625,0.0,0.0,0.0,0.3,0.0,0.3,0.0,0.08,0.0029585798816568047,0.05,0.25
150,0.9802650861391609,0.4997865260990901,0.9712577614973431,0.5005667769725991,0.23280729257740893,0.5,0.7130177514792899,0.2883361415684988,0.2987349033367063,0.0,0.6885714285714286,0.2867474193533602,0.2977798477766597,0.0,0.011834319526627219,0.011428571428571429,0.03428571428571429,2.7942857142857145,0.011834319526627219,0.0,0.03290305087600505,0.08436634914903716,10.982248520710058,0.0,0.0,0.15,0.07988165680473373,0,0.15312617613477775,0.2849411788550364,0.3819108571045921,0.8362383550116045,0.0,0.75,0.0,0.3,0.0,0.3,0.0,0.08,0.011834319526627219,0.05,0.25
151,0.9797319567295945,0.4994076225214967,0.9707429108103903,0.5000728667258622,0.23280729257740893,0.5,0.6834319526627219,0.2881586267755994,0.29860176724203175,0.0,0.66,0.28657599078193163,0.29765127634808825,0.0,0.005917159763313609,0.005714285714285714,0.03428571428571429,2.762857142857143,0.011834319526627219,0.0,0.03290305087600505,0.08436634914903716,10.982248520710058,0.0,0.0,0.15,0.07988165680473373,0,0.1532176881112467,0.28351647296076116,0.379986925676786,0.8481722766927531,0.0,0.5,0.0,0.3,0.0,0.3,0.0,0.08,0.005917159763313609,0.05,0.25
152,0.9799485885375201,0.4991114443617348,0.9709521152420442,0.4998470896457427,0.23280729257740893,0.5,0.7100591715976331,0.2879811119827,0.29851300984558204,0.0,0.6857142857142857,0.28640456221050303,0.297565562062374,0.0,0.005917159763313609,0.005714285714285714,0.03428571428571429,2.7685714285714287,0.011834319526627219,0.0,0.03290305087600505,0.08436634914903716,10.982248520710058,0.0,0.0,0.15,0.07988165680473373,0,0.1533087425278333,0.2820988905959574,0.378101472877536,0.8707931087587639,0.0,0.5,0.0,0.3,0.0,0.3,0.0,0.08,0.005917159763313609,0.05,0.25
153,0.9793658509950585,0.4996319377066159,0.970389357272467,0.5004240366306496,0.23280729257740893,0.5,0.6982248520710059,0.2879811119827,0.29851300984558204,0.0,0.6742857142857143,0.28640456221050303,0.297565562062374,0.0,0.0,0.0,0.03428571428571429,2.8114285714285714,0.008875739644970414,0.0,0.03290305087600505,0.08436634914903716,10.982248520710058,0.0,0.0,0.15,0.07988165680473373,0,0.15254219881519415,0.2806883961429776,0.3705394434199853,0.8533772465835886,0.0,0.0,0.0,0.3,0.0,0.3,0.0,0.08,0.0,0.05,0.25
154,0.9784898840860377,0.49917389122996,0.9695434235146126,0.4998771848492619,0.23280729257740893,0.5,0.7189349112426036,0.2878627687874337,0.2984242524491324,0.0,0.6942857142857143,0.2862902764962173,0.2974798477766597,0.0,0.0029585798816568047,0.002857142857142857,0.03428571428571429,2.7685714285714287,0.011834319526627219,0.0,0.03290305087600505,0.08436634914903716,10.982248520710058,0.0,0.0,0.15,0.07988165680473373,0,0.1522080592496896,0.27928495416226273,0.3659857974087283,0.8620146796994343,0.0,0.0,0.0,0.3,0.0,0.3,0.0,0.08,0.0029585798816568047,0.05,0.25
155,0.9770395235770161,0.4975185769731576,0.9679730164958762,0.49822944781736656,0.23280729257740893,0.5,0.6943620178041543,0.2861069569041273,0.2979789068923803,0.0,0.6685714285714286,0.2860617050676459,0.2973512763480883,0.0,0.008902077151335312,0.008571428571428572,0.037142857142857144,2.717142857142857,0.005934718100890208,0.002857142857142857,0.03300893688416557,0.08436634914903716,10.818991097922849,0.0,0.0,0.15,0.08011869436201781,0,0.15263774577107328,0.2778885293914514,0.36723751003198246,0.8687795422564427,0.0,0.6666666666666666,0.0,0.3,0.0,0.3,0.0,0.08,0.008875739644970414,0.05,0.25
156,0.9753185185493661,0.49823932750640604,0.9663159345121103,0.4990830015809414,0.23280729257740893,0.5,0.6617210682492581,0.28598826254210946,0.2978898861208669,0.0,0.6371428571428571,0.2859474193533602,0.297265562062374,0.0,0.002967359050445104,0.002857142857142857,0.037142857142857144,2.7085714285714286,0.005934718100890208,0.0,0.03304166903256084,0.08436634914903716,10.818991097922849,0.0,0.0,0.15,0.08011869436201781,0,0.15230312847078936,0.28450337539299614,0.3627499026884856,0.8582676331140333,0.0,0.0,0.0,0.3,0.0,0.3,0.0,0.08,0.002967359050445104,0.05,0.25
157,0.9752384692578052,0.497735570505948,0.9662388584799503,0.4983643715373031,0.23280729257740893,0.5,0.6646884272997032,0.2859289153611006,0.2978453757351102,0.0,0.64,0.2858902764962173,0.2972227049195169,0.0,0.002967359050445104,0.002857142857142857,0.037142857142857144,2.6885714285714286,0.005934718100890208,0.0,0.03304166903256084,0.08436634914903716,10.818991097922849,0.0,0.0,0.15,0.08011869436201781,0,0.15191144128887443,0.28308085851603115,0.3583520474918587,0.8411022804517526,0.0,1.0,0.0,0.3,0.0,0.3,0.0,0.08,0.002967359050445104,0.05,0.25
158,0.9764825525665778,0.49727022859115455,0.9674367329801111,0.4979227031570716,0.23280729257740893,0.5,0.655786350148368,0.2857508738180739,0.2977118445778402,0.0,0.6314285714285715,0.28571884792478874,0.29709413349094543,0.0,0.005934718100890208,0.005714285714285714,0.037142857142857144,2.6485714285714286,0.005934718100890208,0.0,0.03304166903256084,0.08436634914903716,10.818991097922849,0.0,0.0,0.15,0.08011869436201781,0,0.1520090269395729,0.30841803588833916,0.3568992922563073,0.8346496424648838,0.0,0.5,0.0,0.3,0.0,0.3,0.0,0.08,0.005934718100890208,0.05,0.25
159,0.9755378388421325,0.4958717045808323,0.9665271086225741,0.4966063915898342,0.23280729257740893,0.5,0.6676557863501483,0.2855728322750472,0.2975783134205702,0.0,0.6428571428571429,0.2855474193533602,0.296965562062374,0.0,0.005934718100890208,0.005714285714285714,0.037142857142857144,2.5714285714285716,0.005934718100890208,0.0,0.03304166903256084,0.08436634914903716,10.818991097922849,0.0,0.0,0.15,0.08011869436201781,0,0.1521061246620179,0.3068759457088975,0.3554755921254668,0.8283964130093241,0.0,0.5,0.0,0.3,0.0,0.3,0.0,0.08,0.005934718100890208,0.05,0.25
160,0.9768127939210791,0.49462560451239435,0.9677547082271596,0.4955374215879406,0.23280729257740893,0.5,0.685459940652819,0.28521674918899376,0.2973112511060301,0.0,0.66,0.285204562210503,0.29670841920523117,0.0,0.008902077151335312,0.008571428571428572,0.037142857142857144,2.662857142857143,0.005934718100890208,0.0,0.03304166903256084,0.08436634914903716,10.818991097922849,0.0,0.0,0.15,0.08011869436201781,0,0.1526313083244221,0.3191302736110857,0.3569375088543861,0.8816249237038328,0.0,0.0,0.0,0.3,0.0,0.3,0.0,0.08,0.008902077151335312,0.05,0.25
161,0.977712936539446,0.4952030247687982,0.9686214169768443,0.4961394124652959,0.23280729257740893,0.5,0.7151335311572701,0.28521674918899376,0.2973112511060301,0.0,0.6885714285714286,0.285204562210503,0.29670841920523117,0.0,0.0,0.0,0.037142857142857144,2.62,0.005934718100890208,0.0,0.03304166903256084,0.08436634914903716,10.818991097922849,0.0,0.0,0.15,0.08011869436201781,0,0.1518681517828,0.31753462224303025,0.34979875867729837,0.8639924252297562,0.0,0.0,0.0,0.3,0.0,0.3,0.0,0.08,0.0,0.05,0.25
162,0.9776722231643408,0.4947120563551662,0.9686460094609163,0.49581288915847704,0.23280729257740893,0.5,0.7083333333333334,0.28582121910669417,0.2966536734129387,0.0,0.68,0.2850902764962173,0.29662270491951687,0.0,0.002976190476190476,0.002857142857142857,0.04,2.565714285714286,0.002976190476190476,0.002857142857142857,0.03308224854728302,0.08436634914903715,10.767857142857142,0.0,0.0,0.15,0.07738095238095238,0,0.15153738245245743,0.32039126403249746,0.3456599263608952,0.853802721624462,0.0,0.0,0.0,0.3,0.0,0.3,0.0,0.08,0.002967359050445104,0.05,0.25
163,0.976518153628922,0.4954507280358231,0.9675381027069141,0.4963288813028235,0.23280729257740893,0.5,0.6875,0.2857021714876466,0.29656438769865295,0.0,0.66,0.2849759907819316,0.29653699063380257,0.0,0.002976190476190476,0.002857142857142857,0.04,2.537142857142857,0.002976190476190476,0.0,0.03309841777951204,0.08436634914903715,10.767857142857142,0.0,0.0,0.15,0.08035714285714286,0,0.15120826696876657,0.318789307712335,0.34160387069082015,0.86364346050555,0.0,0.0,0.0,0.3,0.0,0.3,0.0,0.08,0.002976190476190476,0.05,0.25
164,0.9748949146706406,0.49560460251825544,0.965979793306964,0.4966156034288319,0.23280729257740893,0.5,0.7321428571428571,0.2853450286305037,0.2962965305557958,0.0,0.7028571428571428,0.28463313363907444,0.2962798477766597,0.0,0.008928571428571428,0.008571428571428572,0.04,2.5,0.002976190476190476,0.0,0.03309841777951204,0.08436634914903715,10.767857142857142,0.0,0.0,0.15,0.08035714285714286,0,0.15173793991963705,0.3365062668343655,0.3433432218484323,0.8816753115407158,0.0,0.0,0.0,0.3,0.0,0.3,0.0,0.08,0.008928571428571428,0.05,0.25
165,0.9768976506883265,0.4961756915664576,0.9679024198839427,0.4972020305052941,0.23280729257740893,0.5,0.6994047619047619,0.28528550482098,0.29625188769865296,0.0,0.6714285714285714,0.2845759907819316,0.2962369906338026,0.0,0.002976190476190476,0.002857142857142857,0.04,2.4457142857142857,0.005952380952380952,0.0,0.03309841777951204,0.08436634914903715,10.767857142857142,0.0,0.0,0.15,0.08035714285714286,0,0.15140782164861027,0.33482373550019373,0.33933350026860654,0.8640418053099015,0.0,1.0,0.0,0.3,0.0,0.3,0.0,0.08,0.002976190476190476,0.05,0.25
166,0.9772848148871405,0.4964324022453429,0.9682740975148038,0.49735890087581847,0.23280729257740893,0.5,0.7321428571428571,0.28528550482098,0.29625188769865296,0.0,0.7028571428571428,0.2845759907819316,0.2962369906338026,0.0,0.0,0.0,0.04,2.4171428571428573,0.008928571428571428,0.0,0.03309841777951204,0.08436634914903715,10.767857142857142,0.0,0.0,0.15,0.08035714285714286,0,0.15065078254036718,0.33314961682269273,0.3325468302632344,0.8467609692037034,0.0,0.0,0.0,0.3,0.0,0.3,0.0,0.08,0.0,0.05,0.25
167,0.9766938610337021,0.4971821145789393,0.9677067818155034,0.49792900172540805,0.23280729257740893,0.5,0.6815476190476191,0.2851664572019323,0.2961626019843672,0.0,0.6542857142857142,0.2844617050676459,0.2961512763480883,0.0,0.002976190476190476,0.002857142857142857,0.04,2.3714285714285714,0.005952380952380952,0.0,0.03309841777951204,0.08436634914903715,10.767857142857142,0.0,0.0,0.15,0.08035714285714286,0,0.15032610005623678,0.33213243665802156,0.32875303651511256,0.8298257498196293,0.0,0.0,0.0,0.3,0.0,0.3,0.0,0.08,0.002976190476190476,0.05,0.25
168,0.9775102542764968,0.4974245246210096,0.9684905193285863,0.4980678037150003,0.23280729257740893,0.5,0.7797619047619048,0.2851664572019323,0.2961626019843672,0.0,0.7485714285714286,0.2844617050676459,0.2961512763480883,0.0,0.0,0.0,0.04,2.4171428571428573,0.005952380952380952,0.0,0.03309841777951204,0.08436634914903715,10.767857142857142,0.0,0.0,0.15,0.08035714285714286,0,0.1495744695559556,0.3304717744747315,0.3221779757848103,0.8132292348232366,0.0,0.0,0.0,0.3,0.0,0.3,0.0,0.08,0.0,0.05,0.25
169,0.9783066313948643,0.4974578085885949,0.9692550413622192,0.49817154549069553,0.23280729257740893,0.5,0.7351190476190477,0.2849283619638371,0.2959840305557958,0.0,0.7057142857142857,0.28423313363907443,0.2959798477766597,0.0,0.005952380952380952,0.005714285714285714,0.04,2.4085714285714284,0.005952380952380952,0.0,0.03309841777951204,0.08436634914903715,10.767857142857142,0.0,0.0,0.15,0.08035714285714286,0,0.14964242509723066,0.3288194156023578,0.3214487019833998,0.8245329441959492,0.0,0.5,0.0,0.3,0.0,0.3,0.0,0.08,0.005952380952380952,0.05,0.25
170,0.9773252514442445,0.4972331026527888,0.968312916609624,0.4980168974573423,0.23280729257740893,0.5,0.7321428571428571,0.2848093143447895,0.2959492823607133,0.0,0.7028571428571428,0.2841188479247887,0.29594648950938046,0.0,0.002976190476190476,0.002857142857142857,0.04,2.4514285714285715,0.005952380952380952,0.0,0.03309841777951204,0.08436634914903715,10.767857142857142,0.0,0.0,0.15,0.08035714285714286,0,0.14932278440031593,0.33065746370928545,0.3178768708008747,0.8080422853120303,0.0,0.0,0.0,0.3,0.0,0.3,0.0,0.08,0.002976190476190476,0.05,0.25
171,0.9778019730070227,0.49778421375114223,0.9687705693098909,0.49858393346646396,0.23280729257740893,0.5,0.7440476190476191,0.2845712191066942,0.2957707109321418,0.0,0.7142857142857143,0.2838902764962173,0.2957750609379519,0.0,0.005952380952380952,0.005714285714285714,0.04,2.4114285714285715,0.005952380952380952,0.0,0.03309841777951204,0.08436634914903715,10.767857142857142,0.0,0.0,0.15,0.08035714285714286,0,0.14943331333545723,0.33264702190045925,0.3172336190991429,0.8575400475248856,0.0,0.0,0.0,0.3,0.0,0.3,0.0,0.08,0.005952380952380952,0.05,0.25
172,0.9771527747814776,0.4980319073237142,0.9681473390133676,0.49886161592236705,0.23280729257740893,0.5,0.7261904761904762,0.2841545524400275,0.29550285378928465,0.0,0.6971428571428572,0.2834902764962173,0.29551791808080907,0.0,0.01488095238095238,0.014285714285714285,0.04,2.38,0.005952380952380952,0.0,0.03309841777951204,0.08436634914903715,10.767857142857142,0.0,0.0,0.15,0.08035714285714286,0,0.1504857189116371,0.33098378679095697,0.32517466100287434,1.0372406755170378,0.0,0.6,0.0,0.3,0.0,0.3,0.0,0.08,0.01488095238095238,0.05,0.25
173,0.9781484123644257,0.4971816825277943,0.9691437661115576,0.4981045964227157,0.23280729257740893,0.5,0.7522388059701492,0.2847028359826528,0.29524640703119814,0.0,0.72,0.2834902764962173,0.29551791808080907,0.0,0.0,0.0,0.04285714285714286,2.4,0.0029850746268656717,0.002857142857142857,0.0330896134844675,0.08436634914903715,10.764179104477613,0.0,0.0,0.15,0.08059701492537313,0,0.14973329031707888,0.32932886785700216,0.31867116778281684,1.0164958620066968,0.0,0.0,0.0,0.3,0.0,0.3,0.0,0.08,0.0,0.05,0.25
174,0.977833758295802,0.4964880505663154,0.9688425972173036,0.49753314756806977,0.23280729257740893,0.5,0.746268656716418,0.2847028359826528,0.29524640703119814,0.0,0.7142857142857143,0.2834902764962173,0.29551791808080907,0.0,0.0,0.0,0.04285714285714286,2.4171428571428573,0.0029850746268656717,0.0,0.03309532296322879,0.08436634914903715,10.764179104477613,0.0,0.0,0.15,0.08059701492537313,0,0.1489846238654935,0.32768222351771714,0.31229774442716046,0.996165944766563,0.0,0.0,0.0,0.3,0.0,0.3,0.0,0.08,0.0,0.05,0.25
175,0.9777436028738195,0.496666539897181,0.9687563055991203,0.49770713906889985,0.23280729257740893,0.5,0.7283582089552239,0.28452373150504084,0.2951568547923922,0.0,0.6971428571428572,0.28331884792478873,0.29543220379509477,0.0,0.005970149253731343,0.005714285714285714,0.04285714285714286,2.5,0.0029850746268656717,0.0,0.03309532296322879,0.08436634914903715,10.764179104477613,0.0,0.0,0.15,0.08059701492537313,0,0.14909684360330888,0.32604381240012853,0.3117660752529029,0.9950577540084004,0.0,1.0,0.0,0.3,0.0,0.3,0.0,0.08,0.005970149253731343,0.05,0.25
176,0.9781945787657799,0.4961250339592432,0.9691879539528536,0.49725517031917044,0.23280729257740893,0.5,0.7313432835820896,0.2842849255348916,0.29497775031478024,0.0,0.7,0.2830902764962173,0.2952607752236662,0.0,0.005970149253731343,0.005714285714285714,0.04285714285714286,2.4171428571428573,0.0029850746268656717,0.0,0.03309532296322879,0.08436634914903715,10.764179104477613,0.0,0.0,0.15,0.08059701492537313,0,0.14920850224243518,0.3244135933381279,0.3112450394621306,1.0127171100425152,0.0,0.0,0.0,0.3,0.0,0.3,0.0,0.08,0.005970149253731343,0.05,0.25
177,0.977970011316567,0.4962029854968635,0.9689730108228928,0.4973414840654761,0.23280729257740893,0.5,0.7104477611940299,0.28380731359459305,0.29461954135955637,0.0,0.68,0.28263313363907444,0.294917918080809,0.0,0.011940298507462687,0.011428571428571429,0.04285714285714286,2.4371428571428573,0.005970149253731343,0.0,0.03309532296322879,0.08436634914903715,10.764179104477613,0.0,0.0,0.15,0.08059701492537313,0,0.15017674544550874,0.32279152537143724,0.3164487101014594,1.0001157268864156,0.0,0.0,0.0,0.3,0.0,0.3,0.0,0.08,0.011940298507462687,0.05,0.25
178,0.9777360656943423,0.49703564597521804,0.9687490914416208,0.49817166191759255,0.23280729257740893,0.5,0.7582089552238805,0.2836879106095185,0.2945299891207504,0.0,0.7257142857142858,0.2825188479247887,0.2948322037950948,0.0,0.0029850746268656717,0.002857142857142857,0.04285714285714286,2.46,0.008955223880597015,0.0,0.03309532296322879,0.08436634914903715,10.764179104477613,0.0,0.0,0.15,0.08059701492537313,0,0.14985443314685262,0.32117756774458006,0.31297687875657304,0.9813896093310083,0.0,0.0,0.0,0.3,0.0,0.3,0.0,0.08,0.0029850746268656717,0.05,0.25
179,0.9778799903328155,0.4966873706662696,0.9688868478813019,0.49790748144306185,0.23280729257740893,0.5,0.7194029850746269,0.28350880613190654,0.29444043688194443,0.0,0.6885714285714286,0.28234741935336016,0.2947464895093805,0.0,0.005970149253731343,0.005714285714285714,0.04285714285714286,2.494285714285714,0.005970149253731343,0.0,0.03309532296322879,0.08436634914903715,10.764179104477613,0.0,0.0,0.15,0.08059701492537313,0,0.1499623038382612,0.31957167990585716,0.31243162689572734,0.9657062643012322,0.0,0.5,0.0,0.3,0.0,0.3,0.0,0.08,0.005970149253731343,0.05,0.25
180,0.9788471393904756,0.4965445096002116,0.969812547693634,0.4979662171184021,0.23280729257740893,0.5,0.6716417910447762,0.2833894031468319,0.2943508846431384,0.0,0.6428571428571429,0.28223313363907443,0.2946607752236662,0.0,0.0029850746268656717,0.002857142857142857,0.04285714285714286,2.48,0.0029850746268656717,0.0,0.03309532296322879,0.08436634914903715,10.764179104477613,0.0,0.0,0.15,0.08059701492537313,0,0.14964106374764133,0.31797382150632786,0.30904013721495566,0.9463921390152075,0.0,1.0,0.0,0.3,0.0,0.3,0.0,0.08,0.0029850746268656717,0.05,0.25
181,0.9776545654118115,0.4971738612289979,0.9686710840283412,0.4985765359451306,0.23280729257740893,0.5,0.7313432835820896,0.28332970165429455,0.29430610852373545,0.0,0.7,0.2821759907819316,0.29461791808080906,0.0,0.0029850746268656717,0.002857142857142857,0.04285714285714286,2.48,0.0029850746268656717,0.0,0.03309532296322879,0.08436634914903715,10.764179104477613,0.0,0.0,0.15,0.08059701492537313,0,0.14932142985747454,0.3163839523987962,0.3057164773277994,0.9274642962349032,0.0,1.0,0.0,0.3,0.0,0.3,0.0,0.08,0.0029850746268656717,0.05,0.25
182,0.977886376337655,0.4969176166945068,0.96889296020022,0.4983612682110378,0.23280729257740893,0.5,0.7402985074626866,0.28303119419160805,0.2941270040461235,0.0,0.7085714285714285,0.2818902764962173,0.2944464895093805,0.0,0.008955223880597015,0.008571428571428572,0.04285714285714286,2.4914285714285715,0.0,0.0,0.03309532296322879,0.08436634914903715,10.764179104477613,0.0,0.0,0.15,0.08059701492537313,0,0.14986053699390148,0.31480203263680223,0.3081735763526719,0.9255183502741732,0.0,0.3333333333333333,0.0,0.3,0.0,0.3,0.0,0.08,0.008955223880597015,0.05,0.25
183,0.9776675669682539,0.496293579301948,0.9686835283752215,0.4977065424146846,0.23280729257740893,0.5,0.7044776119402985,0.28279238822145875,0.29399267568791454,0.0,0.6742857142857143,0.2816617050676459,0.29431791808080904,0.0,0.008955223880597015,0.008571428571428572,0.04285714285714286,2.4857142857142858,0.0,0.0,0.03309532296322879,0.08436634914903715,10.764179104477613,0.0,0.0,0.15,0.08059701492537313,0,0.15024433039800394,0.32155051609126767,0.310581533397047,0.9165077076889052,0.0,0.6666666666666666,0.0,0.3,0.0,0.3,0.0,0.08,0.008955223880597015,0.05,0.25
184,0.9766240020852611,0.49648727988906705,0.9676846877015,0.4981414736137325,0.23280729257740893,0.5,0.7104477611940299,0.2824341792662349,0.29372401897149664,0.0,0.68,0.28131884792478873,0.29406077522366614,0.0,0.008955223880597015,0.008571428571428572,0.04285714285714286,2.5142857142857142,0.0,0.0,0.03309532296322879,0.08436634914903715,10.764179104477613,0.0,0.0,0.15,0.08059701492537313,0,0.1507788230317282,0.31994276351081136,0.3129413313005347,0.9517990100362663,0.0,0.0,0.0,0.3,0.0,0.3,0.0,0.08,0.008955223880597015,0.05,0.25
185,0.9781446129190147,0.49731413611336595,0.9691401294995212,0.49906067294423323,0.23280729257740893,0.5,0.7134328358208956,0.2824341792662349,0.29372401897149664,0.0,0.6828571428571428,0.28131884792478873,0.29406077522366614,0.0,0.0,0.0,0.04285714285714286,2.525714285714286,0.0,0.0,0.03309532296322879,0.08436634914903715,10.764179104477613,0.0,0.0,0.15,0.08059701492537313,0,0.15002492891656954,0.3183430496932573,0.306682504674524,0.932763029835541,0.0,0.0,0.0,0.3,0.0,0.3,0.0,0.08,0.0,0.05,0.25
186,0.978680822423211,0.49779721871624555,0.9696533585963948,0.49952609379493057,0.23280729257740893,0.5,0.7104477611940299,0.2824341792662349,0.29372401897149664,0.0,0.68,0.28131884792478873,0.29406077522366614,0.0,0.0,0.0,0.04285714285714286,2.505714285714286,0.0,0.0,0.03309532296322879,0.08436634914903715,10.764179104477613,0.0,0.0,0.15,0.08059701492537313,0,0.1492748042719867,0.316751334444791,0.30054885458103353,0.9141077692388302,0.0,0.0,0.0,0.3,0.0,0.3,0.0,0.08,0.0,0.05,0.25
187,0.9777450916598412,0.4988262479210251,0.9687577305800268,0.5007349146010867,0.23280729257740893,0.5,0.6925373134328359,0.2824341792662349,0.29372401897149664,0.0,0.6628571428571428,0.28131884792478873,0.29406077522366614,0.0,0.0,0.0,0.04285714285714286,2.4971428571428573,0.0029850746268656717,0.0,0.03309532296322879,0.08436634914903715,10.764179104477613,0.0,0.0,0.15,0.08059701492537313,0,0.14852843025062676,0.315167577772567,0.29453787748941285,0.8958256138540536,0.0,0.0,0.0,0.3,0.0,0.3,0.0,0.08,0.0,0.05,0.25
188,0.9782391145156882,0.4993240589715011,0.9692305810277659,0.5012250794046614,0.23280729257740893,0.5,0.7164179104477612,0.2824341792662349,0.29372401897149664,0.0,0.6857142857142857,0.28131884792478873,0.29406077522366614,0.0,0.0,0.0,0.04285714285714286,2.5428571428571427,0.0029850746268656717,0.0,0.03309532296322879,0.08436634914903715,10.764179104477613,0.0,0.0,0.15,0.08059701492537313,0,0.14778578809937365,0.31359173988370415,0.28864711993962455,0.8779091015769724,0.0,0.0,0.0,0.3,0.0,0.3,0.0,0.08,0.0,0.05,0.25
189,0.9781670289525358,0.49947952558327474,0.9691615848458915,0.5013992651653529,0.23280729257740893,0.5,0.7343283582089553,0.2824341792662349,0.29372401897149664,0.0,0.7028571428571428,0.28131884792478873,0.29406077522366614,0.0,0.0,0.0,0.04285714285714286,2.5714285714285716,0.005970149253731343,0.0,0.03309532296322879,0.08436634914903715,10.764179104477613,0.0,0.0,0.15,0.08059701492537313,0,0.14704685915887677,0.31202378118428564,0.2828741775408321,0.8603509195454331,0.0,0.0,0.0,0.3,0.0,0.3,0.0,0.08,0.0,0.05,0.25
190,0.9776743516125904,0.4995204520329625,0.9686900222490866,0.5014322933841935,0.23280729257740893,0.5,0.7343283582089553,0.28237447777369756,0.29372401897149664,0.0,0.7028571428571428,0.28126170506764586,0.29406077522366614,0.0,0.0029850746268656717,0.002857142857142857,0.04285714285714286,2.5,0.005970149253731343,0.0,0.03309532296322879,0.08436634914903715,10.764179104477613,0.0,0.0,0.15,0.08059701492537313,0,0.14674019629165383,0.31046366227836425,0.28007383684715825,0.8431439011545244,0.0,1.0,0.0,0.3,0.0,0.3,0.0,0.08,0.0029850746268656717,0.05,0.25
191,0.9769057298417468,0.49902261783850194,0.9679543414112793,0.5011649315517318,0.23280729257740893,0.5,0.6955223880597015,0.28231477628116025,0.2936792428520936,0.0,0.6657142857142857,0.281204562210503,0.29401791808080907,0.0,0.0029850746268656717,0.002857142857142857,0.04285714285714286,2.474285714285714,0.005970149253731343,0.0,0.03309532296322879,0.08436634914903715,10.764179104477613,0.0,0.0,0.15,0.08059701492537313,0,0.146435066738767,0.30891134396697245,0.2773295029673579,0.8337477621301497,0.0,1.0,0.0,0.3,0.0,0.3,0.0,0.08,0.0029850746268656717,0.05,0.25
192,0.9774356491122993,0.49829652335409624,0.968461549855951,0.5007597703390797,0.23280729257740893,0.5,0.7164179104477612,0.2820162688184737,0.2934553622550787,0.0,0.6857142857142857,0.2809188479247887,0.29380363236652335,0.0,0.011940298507462687,0.011428571428571429,0.04285714285714286,2.442857142857143,0.005970149253731343,0.0,0.03309532296322879,0.08436634914903715,10.764179104477613,0.0,0.0,0.15,0.08059701492537313,0,0.14741717711935884,0.30736678724713756,0.2832114843365823,0.8176107134687793,0.0,0.75,0.0,0.3,0.0,0.3,0.0,0.08,0.011940298507462687,0.05,0.25
193,0.9784239927978443,0.498483759241223,0.9694075359549723,0.5008026169743296,0.23280729257740893,0.5,0.746268656716418,0.28183716434086176,0.2933850535455694,0.0,0.7142857142857143,0.2807474193533601,0.29373633688742146,0.0,0.005970149253731343,0.005714285714285714,0.04285714285714286,2.3685714285714288,0.005970149253731343,0.0,0.03309532296322879,0.08436634914903715,10.764179104477613,0.0,0.0,0.15,0.08059701492537313,0,0.14753723409090488,0.3058299533109019,0.2832615403641363,0.8083703813824284,0.0,0.5,0.0,0.3,0.0,0.3,0.0,0.08,0.005970149253731343,0.05,0.25
194,0.9777974240757699,0.49845723180697393,0.9688078201781296,0.5006898910979738,0.23280729257740893,0.5,0.7373134328358208,0.28165515561453675,0.2932059490679574,0.0,0.7057142857142857,0.2805732110010205,0.2935649083159929,0.0,0.005970149253731343,0.005714285714285714,0.04285714285714286,2.2685714285714287,0.0029850746268656717,0.0,0.03309532296322879,0.08436634914903715,10.764179104477613,0.0,0.0,0.15,0.08059701492537313,0,0.14740046868768536,0.31807673689795873,0.2833105952711393,0.8134835383000174,0.0,0.5,0.0,0.3,0.0,0.3,0.0,0.08,0.005970149253731343,0.05,0.25
195,0.979157513731746,0.49809744447209453,0.9701096202774212,0.5002653067144347,0.23280729257740893,0.5,0.764179104477612,0.2815357526294621,0.2931163968291514,0.0,0.7314285714285714,0.28045892528673483,0.2934791940302786,0.0,0.0029850746268656717,0.002857142857142857,0.04285714285714286,2.2857142857142856,0.0029850746268656717,0.0,0.03309532296322879,0.08436634914903715,10.764179104477613,0.0,0.0,0.15,0.08059701492537313,0,0.14709203777281837,0.31648635321346896,0.28050152622285934,0.8007313507497957,0.0,0.0,0.0,0.3,0.0,0.3,0.0,0.08,0.0029850746268656717,0.05,0.25
196,0.980314497361608,0.49789917779526033,0.9712170188945749,0.5000701163870342,0.23280729257740893,0.5,0.764179104477612,0.2810581406891636,0.29275818787392754,0.0,0.7314285714285714,0.28000178242959195,0.2931363368874215,0.0,0.014925373134328358,0.014285714285714285,0.04285714285714286,2.277142857142857,0.0,0.0,0.03309532296322879,0.08436634914903715,10.764179104477613,0.0,0.0,0.15,0.08059701492537313,0,0.1484994347268114,0.31644054656104886,0.2891772099841165,0.8039029585844693,0.0,0.2,0.0,0.3,0.0,0.3,0.0,0.08,0.014925373134328358,0.05,0.25
197,0.9804883217530156,0.4980260184898894,0.9713833936692078,0.500171701167135,0.23280729257740893,0.5,0.7850746268656716,0.28093873770408895,0.29275818787392754,0.0,0.7514285714285714,0.2798874967153062,0.2931363368874215,0.0,0.0029850746268656717,0.002857142857142857,0.04285714285714286,2.302857142857143,0.0,0.0,0.03309532296322879,0.08436634914903715,10.764179104477613,0.0,0.0,0.15,0.08059701492537313,0,0.14814419401366077,0.3148583438282436,0.2862508086415769,0.7878248994127799,0.0,1.0,0.0,0.3,0.0,0.3,0.0,0.08,0.0029850746268656717,0.05,0.25
198,0.9806719484345612,0.4972536224685799,0.9715591506358299,0.4994460428283881,0.23280729257740893,0.5,0.7820895522388059,0.28093873770408895,0.29275818787392754,0.0,0.7485714285714286,0.2798874967153062,0.2931363368874215,0.0,0.0,0.0,0.04285714285714286,2.3,0.0,0.0,0.03309532296322879,0.08436634914903715,10.764179104477613,0.0,0.0,0.15,0.08059701492537313,0,0.14740347304359244,0.3132840521091024,0.2805257924687455,0.7720684014245243,0.0,0.0,0.0,0.3,0.0,0.3,0.0,0.08,0.0,0.05,0.25
199,0.9803172052635855,0.49812122003906445,0.9712196107436103,0.5000289312364867,0.23280729257740893,0.5,0.7910447761194029,0.28093873770408895,0.29275818787392754,0.0,0.7571428571428571,0.2798874967153062,0.2931363368874215,0.0,0.0,0.0,0.04285714285714286,2.32,0.0,0.0,0.03309532296322879,0.08436634914903715,10.764179104477613,0.0,0.0,0.15,0.08059701492537313,0,0.1466664556783745,0.3117176318485569,0.27491527661937054,0.7566270333960338,0.0,0.0,0.0,0.3,0.0,0.3,0.0,0.08,0.0,0.05,0.25
200,0.980856059360326,0.4988320184826081,0.9717353710933477,0.5005212627852296,0.23280729257740893,0.5,0.7611940298507462,0.28065967938496506,0.2925343072769126,0.0,0.7285714285714285,0.2796203980384305,0.2929220511731358,0.0,0.008955223880597015,0.008571428571428572,0.04285714285714286,2.2942857142857145,0.0,0.0,0.03309532296322879,0.08436634914903715,10.764179104477613,0.0,0.0,0.15,0.08059701492537313,0,0.1472188376856969,0.3165150995463927,0.27798839965841166,0.8064690045170964,0.0,0.3333333333333333,0.0,0.3,0.0,0.3,0.0,0.08,0.008955223880597015,0.05,0.25
201,0.9818100178775988,0.4984270046652222,0.972648445674166,0.5000716207043233,0.23280729257740893,0.5,0.746268656716418,0.28050061470096743,0.2923999789187036,0.0,0.7142857142857143,0.27946815041231854,0.2927934797445643,0.0,0.005970149253731343,0.005714285714285714,0.04285714285714286,2.337142857142857,0.0,0.0,0.03309532296322879,0.08436634914903715,10.764179104477613,0.0,0.0,0.15,0.08059701492537313,0,0.14733988635441128,0.3149325240486607,0.2781429173795292,0.8180469858769552,0.0,0.5,0.0,0.3,0.0,0.3,0.0,0.08,0.005970149253731343,0.05,0.25
202,0.9816978843499986,0.4981709136828215,0.9725411178691775,0.4997568293695825,0.23280729257740893,0.5,0.7671641791044777,0.2803812117158928,0.2923307504514857,0.0,0.7342857142857143,0.2793538646980328,0.2927272182116557,0.0,0.0029850746268656717,0.002857142857142857,0.04285714285714286,2.322857142857143,0.0,0.0,0.03309532296322879,0.08436634914903715,10.764179104477613,0.0,0.0,0.15,0.08059701492537313,0,0.14703175835121066,0.31335786142841743,0.27543720188908144,0.8221780795234651,0.0,0.0,0.0,0.3,0.0,0.3,0.0,0.08,0.0029850746268656717,0.05,0.25
203,0.9819345116861389,0.4982342666950109,0.9727676040337688,0.49966891147676196,0.23280729257740893,0.5,0.755223880597015,0.2802618087308182,0.29224119821267974,0.0,0.7228571428571429,0.27923957898374707,0.29264150392594146,0.0,0.0029850746268656717,0.002857142857142857,0.04285714285714286,2.262857142857143,0.0,0.0,0.03309532296322879,0.08436634914903715,10.764179104477613,0.0,0.0,0.15,0.08059701492537313,0,0.14672517098802604,0.3349862223607435,0.27278560070844265,0.8057345179329959,0.0,0.0,0.0,0.3,0.0,0.3,0.0,0.08,0.0029850746268656717,0.05,0.25
204,0.9817874591498705,0.49810270969165876,0.9726268537490549,0.4994110041212232,0.23280729257740893,0.5,0.8,0.2799035997755943,0.2919725414962618,0.0,0.7657142857142857,0.27889672184088987,0.29238436106879856,0.0,0.008955223880597015,0.008571428571428572,0.04285714285714286,2.2342857142857144,0.0,0.0,0.03309532296322879,0.08436634914903715,10.764179104477613,0.0,0.0,0.15,0.08059701492537313,0,0.14727725941880018,0.3333112912489398,0.27590131726570233,0.8507630225817854,0.0,0.0,0.0,0.3,0.0,0.3,0.0,0.08,0.008955223880597015,0.05,0.25
205,0.9812866691849853,0.49830799566509965,0.9721475262112361,0.4994067191288216,0.23280729257740893,0.5,0.764179104477612,0.27978419679051975,0.2918829892574558,0.0,0.7314285714285714,0.2787824361266042,0.2922986467830843,0.0,0.0029850746268656717,0.002857142857142857,0.04285714285714286,2.257142857142857,0.0,0.0,0.03309532296322879,0.08436634914903715,10.764179104477613,0.0,0.0,0.15,0.08059701492537313,0,0.1469694445502776,0.3316447347926951,0.2732404337775311,0.8337477621301497,0.0,1.0,0.0,0.3,0.0,0.3,0.0,0.08,0.0029850746268656717,0.05,0.25
206,0.9817716025688398,0.49841025755196755,0.9726116767357824,0.4995884658194295,0.23280729257740893,0.5,0.7820895522388059,0.279664793805445,0.29179343701864985,0.0,0.7485714285714286,0.2786681504123185,0.29221293249737,0.0,0.0029850746268656717,0.002857142857142857,0.04285714285714286,2.2657142857142856,0.0029850746268656717,0.0,0.03309532296322879,0.08436634914903715,10.764179104477613,0.0,0.0,0.15,0.08059701492537313,0,0.14666316875609764,0.3299865111187316,0.2706327679591234,0.8170728068875467,0.0,0.0,0.0,0.3,0.0,0.3,0.0,0.08,0.0029850746268656717,0.05,0.25
207,0.9813562250092877,0.49815633273995025,0.9722141010716399,0.49943011368919105,0.23280729257740893,0.5,0.7970149253731343,0.27948568932783313,0.29170388477984394,0.0,0.7628571428571429,0.2784967218408899,0.2921272182116557,0.0,0.005970149253731343,0.005714285714285714,0.04285714285714286,2.302857142857143,0.0029850746268656717,0.0,0.03309532296322879,0.08436634914903715,10.764179104477613,0.0,0.0,0.15,0.08059701492537313,0,0.14678699576946,0.32833657856313797,0.2709343983142266,0.8014492265749846,0.0,0.5,0.0,0.3,0.0,0.3,0.0,0.08,0.005970149253731343,0.05,0.25
208,0.9807693743157948,0.4977585179135173,0.9716524011221537,0.4990720309033273,0.23280729257740893,0.5,0.7970149253731343,0.27948568932783313,0.29170388477984394,0.0,0.7628571428571429,0.2784967218408899,0.2921272182116557,0.0,0.0,0.0,0.04285714285714286,2.3314285714285714,0.0029850746268656717,0.0,0.03309532296322879,0.08436634914903715,10.764179104477613,0.0,0.0,0.15,0.08059701492537313,0,0.1460530607906127,0.3266948956703223,0.26551571034794214,0.7854202420434849,0.0,0.0,0.0,0.3,0.0,0.3,0.0,0.08,0.0,0.05,0.25
209,0.981274565424854,0.4975683955693221,0.972135941183682,0.4988201751745127,0.23280729257740893,0.5,0.8029850746268656,0.27948568932783313,0.29170388477984394,0.0,0.7685714285714286,0.2784967218408899,0.2921272182116557,0.0,0.0,0.0,0.04285714285714286,2.422857142857143,0.0029850746268656717,0.0,0.03309532296322879,0.08436634914903715,10.764179104477613,0.0,0.0,0.15,0.08059701492537313,0,0.14532279548665963,0.3250614211919707,0.26020539614098326,0.7697118372026152,0.0,0.0,0.0,0.3,0.0,0.3,0.0,0.08,0.0,0.05,0.25
210,0.9802248813042836,0.4973398630835387,0.9711312435254214,0.4986446038513553,0.23280729257740893,0.5,0.7164179104477612,0.2793662863427585,0.29161433254103797,0.0,0.6857142857142857,0.2783824361266042,0.2920415039259414,0.0,0.0029850746268656717,0.002857142857142857,0.04285714285714286,2.4685714285714284,0.0029850746268656717,0.0,0.03309532296322879,0.08436634914903715,10.764179104477613,0.0,0.0,0.15,0.08059701492537313,0,0.14502475293779776,0.3234361140860108,0.2578584310753064,0.7543176004585629,0.0,0.0,0.0,0.3,0.0,0.3,0.0,0.08,0.0029850746268656717,0.05,0.25
211,0.9793605780463116,0.4977834379109935,0.9703039818356481,0.49890258843506236,0.23280729257740893,0.5,0.746268656716418,0.2793662863427585,0.29161433254103797,0.0,0.7142857142857143,0.2783824361266042,0.2920415039259414,0.0,0.0,0.0,0.04285714285714286,2.52,0.0029850746268656717,0.0,0.03309532296322879,0.08436634914903715,10.764179104477613,0.0,0.0,0.15,0.08059701492537313,0,0.1442996291731088,0.3218189335155807,0.25270126245380026,0.7392312484493916,0.0,0.0,0.0,0.3,0.0,0.3,0.0,0.08,0.0,0.05,0.25
212,0.9790023961706521,0.4981016685884277,0.9699611506118027,0.49931526395476833,0.23280729257740893,0.5,0.7910447761194029,0.2792468833576839,0.29152478030223195,0.0,0.7571428571428571,0.27826815041231845,0.2919557896402271,0.0,0.0029850746268656717,0.002857142857142857,0.04285714285714286,2.565714285714286,0.0,0.0,0.03309532296322879,0.08436634914903715,10.764179104477613,0.0,0.0,0.15,0.08059701492537313,0,0.14400670245581465,0.32020983884800286,0.25050438006186715,0.731755029491099,0.0,0.0,0.0,0.3,0.0,0.3,0.0,0.08,0.0029850746268656717,0.05,0.25
213,0.9788845561092254,0.49924238119189784,0.9698483608387231,0.5003340610443403,0.23280729257740893,0.5,0.746268656716418,0.2792468833576839,0.29152478030223195,0.0,0.7142857142857143,0.27826815041231845,0.2919557896402271,0.0,0.0,0.0,0.04285714285714286,2.565714285714286,0.005970149253731343,0.0,0.03309532296322879,0.08436634914903715,10.764179104477613,0.0,0.0,0.15,0.08059701492537313,0,0.1432866689435356,0.3186087896537628,0.2454942924606298,0.7171199289012771,0.0,0.0,0.0,0.3,0.0,0.3,0.0,0.08,0.0,0.05,0.25
214,0.9788087877708369,0.4994108400800822,0.9697758397148369,0.5004074928511039,0.23280729257740893,0.5,0.7701492537313432,0.2790080773875346,0.29134567582462,0.0,0.7371428571428571,0.27803957898374704,0.29178436106879857,0.0,0.005970149253731343,0.005714285714285714,0.04285714285714286,2.757142857142857,0.005970149253731343,0.0,0.03309532296322879,0.08436634914903715,10.764179104477613,0.0,0.0,0.15,0.08059701492537313,0,0.14342737845596076,0.31701574570549396,0.2462986923257029,0.7697781371411588,0.0,0.0,0.0,0.3,0.0,0.3,0.0,0.08,0.005970149253731343,0.05,0.25
215,0.9785186552124392,0.4992483197849794,0.9694981414089417,0.5002761125431999,0.23280729257740893,0.5,0.7194029850746269,0.2787692714173854,0.2911665713470081,0.0,0.6885714285714286,0.2778110075551756,0.29161293249737,0.0,0.005970149253731343,0.005714285714285714,0.04285714285714286,2.802857142857143,0.005970149253731343,0.0,0.03309532296322879,0.08436634914903715,10.764179104477613,0.0,0.0,0.15,0.08059701492537313,0,0.1435673844208238,0.3266570718637402,0.2470870041934746,0.7683942902955826,0.0,0.0,0.0,0.3,0.0,0.3,0.0,0.08,0.005970149253731343,0.05,0.25
216,0.9782889800641307,0.4988661541418736,0.969278309481275,0.49998739057342434,0.23280729257740893,0.5,0.7164179104477612,0.2785304654472361,0.29098746686939614,0.0,0.6857142857142857,0.27758243612660416,0.2914415039259414,0.0,0.005970149253731343,0.005714285714285714,0.04285714285714286,2.854285714285714,0.005970149253731343,0.0,0.03309532296322879,0.08436634914903715,10.764179104477613,0.0,0.0,0.15,0.08059701492537313,0,0.14370669035586256,0.32502378650442154,0.24785954982389083,0.7847167237347998,0.0,0.0,0.0,0.3,0.0,0.3,0.0,0.08,0.005970149253731343,0.05,0.25
217,0.9776229753319234,0.4986336019719754,0.9686408478090197,0.49985468061593785,0.23280729257740893,0.5,0.6985074626865672,0.2784908525918462,0.29089791463059017,0.0,0.6685714285714286,0.27754452096501664,0.2913557896402271,0.0,0.0029850746268656717,0.002857142857142857,0.04285714285714286,2.837142857142857,0.005970149253731343,0.0,0.03309532296322879,0.08436634914903715,10.764179104477613,0.0,0.0,0.15,0.08059701492537313,0,0.14341672833265467,0.3233986675718994,0.24575950168455582,0.7690223892601038,0.0,1.0,0.0,0.3,0.0,0.3,0.0,0.08,0.0029850746268656717,0.05,0.25
218,0.9764926952354037,0.4985397296623315,0.9675590082880651,0.4995571623592778,0.23280729257740893,0.5,0.6895522388059702,0.27825204662169695,0.29071881015297824,0.0,0.66,0.2773159495364453,0.2911843610687986,0.0,0.005970149253731343,0.005714285714285714,0.04285714285714286,2.834285714285714,0.005970149253731343,0.0,0.03309532296322879,0.08436634914903715,10.764179104477613,0.0,0.0,0.15,0.08059701492537313,0,0.14355678754813425,0.33932819977110795,0.24655859736515043,0.780456017671342,0.0,0.0,0.0,0.3,0.0,0.3,0.0,0.08,0.005970149253731343,0.05,0.25
219,0.976456544774388,0.49822893180179717,0.9675244071325216,0.4992493574591878,0.23280729257740893,0.5,0.6985074626865672,0.2781326436366223,0.29062925791417227,0.0,0.6685714285714286,0.27720166382215955,0.2910986467830843,0.0,0.0029850746268656717,0.002857142857142857,0.04285714285714286,2.817142857142857,0.005970149253731343,0.0,0.03309532296322879,0.08436634914903715,10.764179104477613,0.0,0.0,0.15,0.08059701492537313,0,0.14326757503896503,0.33763155877225237,0.24448456827499027,0.7835126663900587,0.0,0.0,0.0,0.3,0.0,0.3,0.0,0.08,0.0029850746268656717,0.05,0.25
220,0.9763719185818416,0.49779581332249795,0.9674434077767985,0.4987352040486232,0.23280729257740893,0.5,0.7194029850746269,0.2781326436366223,0.29062925791417227,0.0,0.6885714285714286,0.27720166382215955,0.2910986467830843,0.0,0.0,0.0,0.04285714285714286,2.8114285714285714,0.008955223880597015,0.0,0.03309532296322879,0.08436634914903715,10.764179104477613,0.0,0.0,0.15,0.08059701492537313,0,0.1425512371637702,0.33594340097839115,0.23959487690949044,0.7678424130622575,0.0,0.0,0.0,0.3,0.0,0.3,0.0,0.08,0.0,0.05,0.25
221,0.9756555982968663,0.49868422657958694,0.9667577869326078,0.4995467705521455,0.23280729257740893,0.5,0.7432835820895523,0.2781326436366223,0.29062925791417227,0.0,0.7114285714285714,0.27720166382215955,0.2910986467830843,0.0,0.0,0.0,0.04285714285714286,2.9,0.008955223880597015,0.0,0.03309532296322879,0.08436634914903715,10.764179104477613,0.0,0.0,0.15,0.08059701492537313,0,0.14183848097795135,0.3342636839734992,0.23480297937130062,0.7524855648010124,0.0,0.0,0.0,0.3,0.0,0.3,0.0,0.08,0.0,0.05,0.25
222,0.9747642146410322,0.4982355727213789,0.9659046054334525,0.4989659592035525,0.23280729257740893,0.5,0.7134328358208956,0.2781326436366223,0.29062925791417227,0.0,0.6828571428571428,0.27720166382215955,0.2910986467830843,0.0,0.0,0.0,0.04285714285714286,2.9171428571428573,0.008955223880597015,0.0,0.03309532296322879,0.08436634914903715,10.764179104477613,0.0,0.0,0.15,0.08059701492537313,0,0.1411292885730616,0.3325923655536317,0.23010691978387465,0.7374358535049922,0.0,0.0,0.0,0.3,0.0,0.3,0.0,0.08,0.0,0.05,0.25
223,0.974800224024103,0.49844857890113675,0.9658521745521044,0.49910819844233645,0.23280729257740893,0.5,0.6946107784431138,0.27774413351317395,0.2903806241553964,0.0,0.6628571428571428,0.27720166382215955,0.2910986467830843,0.0,0.0,0.0,0.045714285714285714,2.94,0.005988023952095809,0.002857142857142857,0.033089216180598485,0.08436634914903715,10.760479041916168,0.0,0.0,0.15,0.07784431137724551,0,0.14042364213019629,0.33092940372586355,0.2255047813881971,0.7226871364348924,0.0,0.0,0.0,0.3,0.0,0.3,0.0,0.08,0.0,0.05,0.25
224,0.9758143095462566,0.49865181266246744,0.9666436647460608,0.49941353313204545,0.23280729257740893,0.5,0.7147147147147147,0.2769965021829999,0.2904566926926006,0.0,0.68,0.2770873781078738,0.29101293249737,0.0,0.003003003003003003,0.002857142857142857,0.04857142857142857,2.942857142857143,0.003003003003003003,0.002857142857142857,0.03309754628462384,0.08436634914903715,10.744744744744745,0.0,0.0,0.15,0.08108108108108109,0,0.14015009534811673,0.32927475670723416,0.22385182861757602,0.7165640103461982,0.0,0.0,0.0,0.3,0.0,0.3,0.0,0.08,0.0029940119760479044,0.05,0.25
225,0.9739405509971065,0.4987321583879333,0.9648609173264407,0.49945831409324326,0.23280729257740893,0.5,0.7087087087087087,0.2769364421229399,0.29041164764755556,0.0,0.6742857142857143,0.277030235250731,0.29097007535451286,0.0,0.003003003003003003,0.002857142857142857,0.04857142857142857,2.9685714285714284,0.003003003003003003,0.0,0.0331080644037156,0.08436634914903715,10.744744744744745,0.0,0.0,0.15,0.08108108108108109,0,0.13987791629994759,0.32762838292369806,0.22223193490236737,0.7022327301392742,0.0,1.0,0.0,0.3,0.0,0.3,0.0,0.08,0.003003003003003003,0.05,0.25
226,0.9737259250961533,0.498471839706518,0.9646567161121052,0.4992075890869958,0.23280729257740893,0.5,0.6966966966966966,0.2769364421229399,0.29041164764755556,0.0,0.6628571428571428,0.277030235250731,0.29097007535451286,0.0,0.0,0.0,0.04857142857142857,2.9714285714285715,0.003003003003003003,0.0,0.0331080644037156,0.08436634914903715,10.744744744744745,0.0,0.0,0.15,0.08108108108108109,0,0.13917852671844783,0.32599024100907953,0.21778729620431997,0.6881880755364888,0.0,0.0,0.0,0.3,0.0,0.3,0.0,0.08,0.0,0.05,0.25
227,0.9750711020486398,0.4985631835119201,0.9657559911389029,0.49951322336916526,0.23280729257740893,0.5,0.6807228915662651,0.2758964677367565,0.29074357260274214,0.0,0.6457142857142857,0.27691594953644527,0.29088436106879856,0.0,0.0030120481927710845,0.002857142857142857,0.05142857142857143,2.9257142857142857,0.0,0.002857142857142857,0.03311524427123854,0.08436634914903716,10.710843373493976,0.0,0.0,0.15,0.08132530120481928,0,0.138911205513427,0.32436028980403414,0.21628869313737648,0.7360511652800942,0.0,0.0,0.0,0.3,0.0,0.3,0.0,0.08,0.003003003003003003,0.05,0.25
228,0.9755904081909428,0.4980009155109145,0.9662485901081732,0.49911075979909447,0.23280729257740893,0.5,0.6807228915662651,0.27577598580904567,0.29065321115695897,0.0,0.6457142857142857,0.27680166382215954,0.29079864678308426,0.0,0.0030120481927710845,0.002857142857142857,0.05142857142857143,2.86,0.0,0.0,0.03314112830529017,0.08436634914903716,10.710843373493976,0.0,0.0,0.15,0.08132530120481928,0,0.1386452209144313,0.3379505853124399,0.21482006213177182,0.7267821426807369,0.0,0.0,0.0,0.3,0.0,0.3,0.0,0.08,0.0030120481927710845,0.05,0.25
229,0.9737683662793861,0.4984705785187828,0.9645202532092106,0.49950161707037766,0.23280729257740893,0.5,0.7198795180722891,0.27553502195362395,0.2904724882653927,0.0,0.6828571428571428,0.2765730923935882,0.2906272182116557,0.0,0.006024096385542169,0.005714285714285714,0.05142857142857143,2.9057142857142857,0.0,0.0,0.03314112830529017,0.08436634914903716,10.710843373493976,0.0,0.0,0.15,0.08132530120481928,0,0.138809137667002,0.33626083238587773,0.21623794660342208,0.7122464998271222,0.0,0.5,0.0,0.3,0.0,0.3,0.0,0.08,0.006024096385542169,0.05,0.25
230,0.9741466162825011,0.4983957152310503,0.9648790503550227,0.4993427021636983,0.23280729257740893,0.5,0.7048192771084337,0.27553502195362395,0.2904724882653927,0.0,0.6685714285714286,0.2765730923935882,0.2906272182116557,0.0,0.0,0.0,0.05142857142857143,2.888571428571429,0.0,0.0,0.03314112830529017,0.08436634914903716,10.710843373493976,0.0,0.0,0.15,0.08132530120481928,0,0.138115091978667,0.3345795282239483,0.21191318767135361,0.6980015698305797,0.0,0.0,0.0,0.3,0.0,0.3,0.0,0.08,0.0,0.05,0.25
231,0.9763196870163993,0.49869584846125514,0.9669403631654632,0.49974947257000785,0.23280729257740893,0.5,0.7198795180722891,0.27541454002591315,0.29038212681960957,0.0,0.6828571428571428,0.27645880667930245,0.2905415039259414,0.0,0.0030120481927710845,0.002857142857142857,0.05142857142857143,2.9,0.0,0.0,0.03314112830529017,0.08436634914903716,10.710843373493976,0.0,0.0,0.15,0.08132530120481928,0,0.13785308794734508,0.3329066305828286,0.21053206677506942,0.710769361621831,0.0,0.0,0.0,0.3,0.0,0.3,0.0,0.08,0.0030120481927710845,0.05,0.25
232,0.9759820467646886,0.4985220108115573,0.966620087269555,0.4995055213551329,0.23280729257740893,0.5,0.6807228915662651,0.27541454002591315,0.29038212681960957,0.0,0.6457142857142857,0.27645880667930245,0.2905415039259414,0.0,0.0,0.0,0.05142857142857143,2.8057142857142856,0.0,0.0,0.03314112830529017,0.08436634914903716,10.710843373493976,0.0,0.0,0.15,0.08132530120481928,0,0.13716382250760834,0.3312420974299144,0.206321425439568,0.6965539743893944,0.0,0.0,0.0,0.3,0.0,0.3,0.0,0.08,0.0,0.05,0.25
233,0.9755040462466399,0.49841702218909834,0.9661666696352915,0.49944220486782076,0.23280729257740893,0.5,0.7048192771084337,0.2752940580982023,0.29029176537382645,0.0,0.6685714285714286,0.2763445209650167,0.2904557896402271,0.0,0.0030120481927710845,0.002857142857142857,0.05142857142857143,2.7857142857142856,0.0,0.0,0.03314112830529017,0.08436634914903716,10.710843373493976,0.0,0.0,0.15,0.08132530120481928,0,0.13690657482364174,0.32958588694276486,0.2050521397879195,0.6960956186492543,0.0,0.0,0.0,0.3,0.0,0.3,0.0,0.08,0.0030120481927710845,0.05,0.25
234,0.975783190206428,0.499137758115928,0.9664314576200049,0.5001186822100139,0.23280729257740893,0.5,0.6987951807228916,0.27517357617049143,0.2902014039280433,0.0,0.6628571428571428,0.276230235250731,0.2903700753545128,0.0,0.0030120481927710845,0.002857142857142857,0.05142857142857143,2.8314285714285714,0.006024096385542169,0.0,0.03314112830529017,0.08436634914903716,10.710843373493976,0.0,0.0,0.15,0.08132530120481928,0,0.13665061337809498,0.32793795750805105,0.20380823984930396,0.6910926332289988,0.0,0.0,0.0,0.3,0.0,0.3,0.0,0.08,0.0030120481927710845,0.05,0.25
235,0.9773954147531994,0.4986874685550338,0.9679607677615136,0.49966142005941655,0.23280729257740893,0.5,0.6957831325301205,0.27493261231506977,0.29002068103647705,0.0,0.66,0.2760016638221595,0.29019864678308427,0.0,0.006024096385542169,0.005714285714285714,0.05142857142857143,2.7714285714285714,0.0030120481927710845,0.0,0.03314112830529017,0.08436634914903716,10.710843373493976,0.0,0.0,0.15,0.08132530120481928,0,0.13682450316834735,0.33370759780768494,0.20544636076660358,0.6812326242398921,0.0,0.0,0.0,0.3,0.0,0.3,0.0,0.08,0.006024096385542169,0.05,0.25
236,0.9770107888800558,0.4994006619575101,0.9675959226475603,0.500395435189616,0.23280729257740893,0.5,0.6987951807228916,0.27493261231506977,0.29002068103647705,0.0,0.6628571428571428,0.2760016638221595,0.29019864678308427,0.0,0.0,0.0,0.05142857142857143,2.7542857142857144,0.006024096385542169,0.0,0.03314112830529017,0.08436634914903716,10.710843373493976,0.0,0.0,0.15,0.08132530120481928,0,0.1361403806525056,0.3320390598186465,0.20133743355127154,0.6676079717550942,0.0,0.0,0.0,0.3,0.0,0.3,0.0,0.08,0.0,0.05,0.25
237,0.9762453824066826,0.5009936513132374,0.9667206061923665,0.5021230571945352,0.23280729257740893,0.5,0.7250755287009063,0.2736920603129636,0.2901940149198233,0.0,0.6857142857142857,0.27588737810787384,0.29011293249736997,0.0,0.0030211480362537764,0.002857142857142857,0.054285714285714284,2.7,0.0030211480362537764,0.002857142857142857,0.03313683602216024,0.08436634914903715,10.706948640483384,0.0,0.0,0.15,0.08157099697885196,0,0.13588825017781453,0.3303788645195533,0.20016782773738895,0.6542558123199923,0.0,0.0,0.0,0.3,0.0,0.3,0.0,0.08,0.0030120481927710845,0.05,0.25
238,0.9766057067519893,0.5015042867765911,0.9670613700732137,0.5025228224432502,0.23280729257740893,0.5,0.6797583081570997,0.2736920603129636,0.2901940149198233,0.0,0.6428571428571429,0.27588737810787384,0.29011293249736997,0.0,0.0,0.0,0.054285714285714284,2.737142857142857,0.0030211480362537764,0.0,0.03314429500756957,0.08436634914903715,10.706948640483384,0.0,0.0,0.15,0.07854984894259819,0,0.13520880892692544,0.32872697019695557,0.19616447118264116,0.6411706960735924,0.0,0.0,0.0,0.3,0.0,0.3,0.0,0.08,0.0,0.05,0.25
239,0.9771016521497405,0.5014320324750333,0.9675303927208012,0.502249620626034,0.23280729257740893,0.5,0.7009063444108762,0.2736920603129636,0.2901940149198233,0.0,0.6628571428571428,0.27588737810787384,0.29011293249736997,0.0,0.0,0.0,0.054285714285714284,2.6285714285714286,0.0030211480362537764,0.0,0.03314429500756957,0.08436634914903715,10.706948640483384,0.0,0.0,0.15,0.07854984894259819,0,0.13453276488229082,0.3270833353459708,0.19224118175898833,0.6283472821521205,0.0,0.0,0.0,0.3,0.0,0.3,0.0,0.08,0.0,0.05,0.25
240,0.9777672318729808,0.502018201485826,0.9681598409733514,0.5027183053356998,0.23280729257740893,0.5,0.770392749244713,0.27357121439151344,0.29010338047873563,0.0,0.7285714285714285,0.27577309239358816,0.29002721821165567,0.0,0.0030211480362537764,0.002857142857142857,0.054285714285714284,2.6685714285714286,0.0030211480362537764,0.0,0.03314429500756957,0.08436634914903715,10.706948640483384,0.0,0.0,0.15,0.07854984894259819,0,0.1342886724864508,0.32544791866924094,0.19125350098095145,0.6211283506919826,0.0,0.0,0.0,0.3,0.0,0.3,0.0,0.08,0.0030211480362537764,0.05,0.25
241,0.9782380168136723,0.5022789415075353,0.9686050690172624,0.5030096097155002,0.23280729257740893,0.5,0.770392749244713,0.27357121439151344,0.29010338047873563,0.0,0.7285714285714285,0.27577309239358816,0.29002721821165567,0.0,0.0,0.0,0.054285714285714284,2.662857142857143,0.0,0.0,0.03314429500756957,0.08436634914903715,10.706948640483384,0.0,0.0,0.15,0.07854984894259819,0,0.13361722912401852,0.32382067907589474,0.18742843096133238,0.6087057836781429,0.0,0.0,0.0,0.3,0.0,0.3,0.0,0.08,0.0,0.05,0.25
242,0.9795014751412269,0.5024454578066221,0.9697999396070355,0.5030809525284267,0.23280729257740893,0.5,0.8036253776435045,0.27357121439151344,0.29010338047873563,0.0,0.76,0.27577309239358816,0.29002721821165567,0.0,0.0,0.0,0.054285714285714284,2.7057142857142855,0.0,0.0,0.03314429500756957,0.08436634914903715,10.706948640483384,0.0,0.0,0.15,0.07854984894259819,0,0.13294914297839844,0.3222015756805153,0.18367986234210573,0.59653166800458,0.0,0.0,0.0,0.3,0.0,0.3,0.0,0.08,0.0,0.05,0.25
243,0.9802634248987032,0.5026977308457383,0.9705205263776774,0.5034660019030754,0.23280729257740893,0.5,0.6978851963746223,0.2735107914307884,0.29005806325819183,0.0,0.66,0.2757159495364453,0.28998436106879855,0.0,0.0030211480362537764,0.002857142857142857,0.054285714285714284,2.677142857142857,0.0,0.0,0.03314429500756957,0.08436634914903715,10.706948640483384,0.0,0.0,0.15,0.07854984894259819,0,0.13271296869207788,0.3205905678021127,0.18286340795240646,0.6301382273177637,0.0,1.0,0.0,0.3,0.0,0.3,0.0,0.08,0.0030211480362537764,0.05,0.25
244,0.9797951891728591,0.5023653496592728,0.9700777091626646,0.5032138167562946,0.23280729257740893,0.5,0.6978851963746223,0.2735107914307884,0.29005806325819183,0.0,0.66,0.2757159495364453,0.28998436106879855,0.0,0.0,0.0,0.054285714285714284,2.605714285714286,0.0,0.0,0.03314429500756957,0.08436634914903715,10.706948640483384,0.0,0.0,0.15,0.07854984894259819,0,0.13204940384861746,0.31898761496310213,0.17920613979335834,0.6175354627714085,0.0,0.0,0.0,0.3,0.0,0.3,0.0,0.08,0.0,0.05,0.25
245,0.9808269106680232,0.5022647251833218,0.9710534229195199,0.5031744118498825,0.23280729257740893,0.5,0.7462235649546828,0.2735107914307884,0.29005806325819183,0.0,0.7057142857142857,0.2757159495364453,0.28998436106879855,0.0,0.0,0.0,0.054285714285714284,2.585714285714286,0.0,0.0,0.03314429500756957,0.08436634914903715,10.706948640483384,0.0,0.0,0.15,0.07854984894259819,0,0.13138915682937438,0.31739267688828665,0.17562201699749116,0.6051847535159803,0.0,0.0,0.0,0.3,0.0,0.3,0.0,0.08,0.0,0.05,0.25
246,0.9803672125095679,0.5022937940012341,0.9706186798039523,0.5031202527927151,0.23280729257740893,0.5,0.7462235649546828,0.2735107914307884,0.29005806325819183,0.0,0.7057142857142857,0.2757159495364453,0.28998436106879855,0.0,0.0,0.0,0.054285714285714284,2.5914285714285716,0.0030211480362537764,0.0,0.03314429500756957,0.08436634914903715,10.706948640483384,0.0,0.0,0.15,0.07854984894259819,0,0.1307322110452275,0.31580571350384523,0.17210957665754134,0.5930810584456607,0.0,0.0,0.0,0.3,0.0,0.3,0.0,0.08,0.0,0.05,0.25
247,0.9802290716603779,0.5025314503977626,0.9704880380294326,0.5031031106586417,0.23280729257740893,0.5,0.7311178247734139,0.2732362330047952,0.2899099556451174,0.0,0.6914285714285714,0.27545629571072033,0.28984429358329106,0.0,0.00906344410876133,0.008571428571428572,0.054285714285714284,2.5914285714285716,0.0,0.0,0.03314429500756957,0.08436634914903715,10.706948640483384,0.0,0.0,0.15,0.07854984894259819,0,0.13136426427571565,0.314226684936326,0.17723881369581912,0.5969492224211334,0.0,0.6666666666666666,0.0,0.3,0.0,0.3,0.0,0.08,0.00906344410876133,0.05,0.25
248,0.9803213757887396,0.5025335798489506,0.9705753313622545,0.5029997312941707,0.23280729257740893,0.5,0.7673716012084593,0.272994541161895,0.28972868676294217,0.0,0.7257142857142858,0.27522772428214887,0.2896728650118625,0.0,0.006042296072507553,0.005714285714285714,0.054285714285714284,2.5514285714285716,0.0,0.0,0.03314429500756957,0.08436634914903715,10.706948640483384,0.0,0.0,0.15,0.07854984894259819,0,0.13156458581147995,0.3142120541092427,0.1794083231361884,0.6169534731433134,0.0,0.0,0.0,0.3,0.0,0.3,0.0,0.08,0.006042296072507553,0.05,0.25
249,0.9801179568947082,0.502227365160765,0.9703829552081848,0.5026666511794475,0.23280729257740893,0.5,0.7583081570996979,0.27269242635826957,0.28950210066022314,0.0,0.7171428571428572,0.27494200999643464,0.28945857929757673,0.0,0.00906344410876133,0.008571428571428572,0.054285714285714284,2.5628571428571427,0.0,0.0,0.03314429500756957,0.08436634914903715,10.706948640483384,0.0,0.0,0.15,0.07854984894259819,0,0.13219247716813684,0.3126409938386965,0.18439158524489324,0.6200912444707612,0.0,0.0,0.0,0.3,0.0,0.3,0.0,0.08,0.00906344410876133,0.05,0.25
250,0.980075731753143,0.5013261084517624,0.9703430222885905,0.5017968474472647,0.23280729257740893,0.5,0.7311178247734139,0.27269242635826957,0.28950210066022314,0.0,0.6914285714285714,0.27494200999643464,0.28945857929757673,0.0,0.0,0.0,0.054285714285714284,2.6314285714285712,0.0,0.0,0.03314429500756957,0.08436634914903715,10.706948640483384,0.0,0.0,0.15,0.07854984894259819,0,0.13153151478229616,0.311077788869503,0.18070375353999535,0.607689419581346,0.0,0.0,0.0,0.3,0.0,0.3,0.0,0.08,0.0,0.05,0.25
251,0.9795749132617222,0.5010817192398688,0.9698693910867038,0.5014472409605776,0.23280729257740893,0.5,0.7673716012084593,0.2725715804368194,0.2894114662191355,0.0,0.7257142857142858,0.2748277242821489,0.2893728650118625,0.0,0.0030211480362537764,0.002857142857142857,0.054285714285714284,2.662857142857143,0.0,0.0,0.03314429500756957,0.08436634914903715,10.706948640483384,0.0,0.0,0.15,0.07854984894259819,0,0.1313024286369561,0.30952239992515546,0.1799468213263383,0.619305858304885,0.0,0.0,0.0,0.3,0.0,0.3,0.0,0.08,0.0030211480362537764,0.05,0.25
252,0.9787869903819856,0.5012077639998034,0.9691242411632959,0.5014424291906014,0.23280729257740893,0.5,0.7764350453172205,0.2724507345153693,0.2893208317780479,0.0,0.7342857142857143,0.2747134385678632,0.2892871507261482,0.0,0.0030211480362537764,0.002857142857142857,0.054285714285714284,2.6514285714285712,0.0,0.0,0.03314429500756957,0.08436634914903715,10.706948640483384,0.0,0.0,0.15,0.07854984894259819,0,0.13107448792234275,0.3079747879255297,0.1792050277569544,0.6547399572353714,0.0,0.0,0.0,0.3,0.0,0.3,0.0,0.08,0.0030211480362537764,0.05,0.25
253,0.9789558724002895,0.5016247064832192,0.969283955300606,0.5018605921917525,0.23280729257740893,0.5,0.743202416918429,0.272209042672469,0.2891395628958727,0.0,0.7028571428571428,0.27448486713929177,0.2891157221547196,0.0,0.006042296072507553,0.005714285714285714,0.054285714285714284,2.6714285714285713,0.0,0.0,0.03314429500756957,0.08436634914903715,10.706948640483384,0.0,0.0,0.15,0.07854984894259819,0,0.13127625833987389,0.306434913985902,0.181335212916101,0.6672810012828768,0.0,0.0,0.0,0.3,0.0,0.3,0.0,0.08,0.006042296072507553,0.05,0.25
254,0.9776314126415591,0.5017482183733836,0.9680313947859209,0.5018781702197487,0.23280729257740893,0.5,0.7583081570996979,0.272209042672469,0.2891395628958727,0.0,0.7171428571428572,0.27448486713929177,0.2891157221547196,0.0,0.0,0.0,0.054285714285714284,2.6885714285714286,0.0030211480362537764,0.0,0.03314429500756957,0.08436634914903715,10.706948640483384,0.0,0.0,0.15,0.07854984894259819,0,0.13061987704817452,0.3049027394159725,0.177708508657779,0.6539353812572193,0.0,0.0,0.0,0.3,0.0,0.3,0.0,0.08,0.0,0.05,0.25
255,0.9787205069391306,0.5010382348128155,0.9690613668216245,0.5013708930890518,0.23280729257740893,0.5,0.7462235649546828,0.2719648902868104,0.2889549822453436,0.0,0.7057142857142857,0.27425396874028324,0.28894116159664784,0.0,0.00906344410876133,0.008571428571428572,0.054285714285714284,2.7057142857142855,0.0030211480362537764,0.0,0.03314429500756957,0.08436634914903715,10.706948640483384,0.0,0.0,0.15,0.07854984894259819,0,0.13125249194864794,0.30337822571889267,0.18272576705605198,0.7207544698998998,0.0,0.6666666666666666,0.0,0.3,0.0,0.3,0.0,0.08,0.00906344410876133,0.05,0.25
256,0.978661525551774,0.501266589993313,0.96900558728101,0.5014247786326986,0.23280729257740893,0.5,0.7220543806646526,0.271662775483185,0.28877371336316837,0.0,0.6828571428571428,0.27396825445456896,0.28876973302521924,0.0,0.00906344410876133,0.008571428571428572,0.054285714285714284,2.7314285714285713,0.0030211480362537764,0.0,0.03314429500756957,0.08436634914903715,10.706948640483384,0.0,0.0,0.15,0.07854984894259819,0,0.13188194377461898,0.3018613345902982,0.18764268028635953,0.7199347085844147,0.0,0.3333333333333333,0.0,0.3,0.0,0.3,0.0,0.08,0.00906344410876133,0.05,0.25
257,0.9803287769480924,0.5012791847310948,0.9705823307443854,0.5012462622655457,0.23280729257740893,0.5,0.6918429003021148,0.2715419295617349,0.2886830789220807,0.0,0.6542857142857142,0.2738539687402832,0.288684018739505,0.0,0.0030211480362537764,0.002857142857142857,0.054285714285714284,2.7485714285714287,0.0030211480362537764,0.0,0.03314429500756957,0.08436634914903715,10.706948640483384,0.0,0.0,0.15,0.07854984894259819,0,0.1316511054843173,0.3003520279173467,0.18674696953777514,0.7211796797628258,0.0,0.0,0.0,0.3,0.0,0.3,0.0,0.08,0.0030211480362537764,0.05,0.25
258,0.9803074975846549,0.5016156251241624,0.9705622065463916,0.5016344326285634,0.23280729257740893,0.5,0.6586102719033232,0.27130023771883455,0.28850181003990555,0.0,0.6228571428571429,0.2736253973117118,0.2885125901680764,0.0,0.006042296072507553,0.005714285714285714,0.054285714285714284,2.7714285714285714,0.0030211480362537764,0.0,0.03314429500756957,0.08436634914903715,10.706948640483384,0.0,0.0,0.15,0.07854984894259819,0,0.13184999281403859,0.3037005868906456,0.1887263158613054,0.710919544783482,0.0,0.0,0.0,0.3,0.0,0.3,0.0,0.08,0.006042296072507553,0.05,0.25
259,0.9800618611806641,0.5012024001165573,0.9703299046900461,0.5012391387311642,0.23280729257740893,0.5,0.6616314199395771,0.27117939179738443,0.28841117559881796,0.0,0.6257142857142857,0.27351111159742614,0.2884268758823621,0.0,0.0030211480362537764,0.002857142857142857,0.054285714285714284,2.757142857142857,0.0030211480362537764,0.0,0.03314429500756957,0.08436634914903715,10.706948640483384,0.0,0.0,0.15,0.07854984894259819,0,0.13161931427853982,0.3021820839561924,0.18780893240122212,0.7070550840707714,0.0,0.0,0.0,0.3,0.0,0.3,0.0,0.08,0.0030211480362537764,0.05,0.25
260,0.9803104876989626,0.5015316999890852,0.9705650343402084,0.5017601266747039,0.23280729257740893,0.5,0.6918429003021148,0.27117939179738443,0.28841117559881796,0.0,0.6542857142857142,0.27351111159742614,0.2884268758823621,0.0,0.0,0.0,0.054285714285714284,2.7342857142857144,0.006042296072507553,0.0,0.03314429500756957,0.08436634914903715,10.706948640483384,0.0,0.0,0.15,0.07854984894259819,0,0.13096121770714714,0.30067117353641143,0.18405275375319766,0.692913982389356,0.0,0.0,0.0,0.3,0.0,0.3,0.0,0.08,0.0,0.05,0.25
261,0.9791186948034022,0.501654326650529,0.9694379387732642,0.5017046726304988,0.23280729257740893,0.5,0.6918429003021148,0.27117939179738443,0.28841117559881796,0.0,0.6542857142857142,0.27351111159742614,0.2884268758823621,0.0,0.0,0.0,0.054285714285714284,2.822857142857143,0.00906344410876133,0.0,0.03314429500756957,0.08436634914903715,10.706948640483384,0.0,0.0,0.15,0.07854984894259819,0,0.1303064116186114,0.29916781766872935,0.1803716986781337,0.6790557027415689,0.0,0.0,0.0,0.3,0.0,0.3,0.0,0.08,0.0,0.05,0.25
262,0.9797331753595716,0.5014413763647981,0.9700190618135274,0.5015807118179563,0.23280729257740893,0.5,0.7099697885196374,0.27093769995448413,0.2882299067166427,0.0,0.6714285714285714,0.27328254016885467,0.28825544731093355,0.0,0.006042296072507553,0.005714285714285714,0.054285714285714284,2.7485714285714287,0.0030211480362537764,0.0,0.03314429500756957,0.08436634914903715,10.706948640483384,0.0,0.0,0.15,0.07854984894259819,0,0.1305120224176612,0.32180280569820563,0.18247855041885674,0.6771409875989626,0.0,0.0,0.0,0.3,0.0,0.3,0.0,0.08,0.006042296072507553,0.05,0.25
263,0.9790714762658647,0.5008227648388518,0.9693932835277644,0.5008801163946623,0.23280729257740893,0.5,0.6827794561933535,0.2706960081115838,0.2880486378344675,0.0,0.6457142857142857,0.27305396874028326,0.28808401873950495,0.0,0.006042296072507553,0.005714285714285714,0.054285714285714284,2.697142857142857,0.006042296072507553,0.0,0.03314429500756957,0.08436634914903715,10.706948640483384,0.0,0.0,0.15,0.07854984894259819,0,0.13071660516271574,0.32019379166971457,0.18454326512476532,0.7537602810859647,0.0,0.0,0.0,0.3,0.0,0.3,0.0,0.08,0.006042296072507553,0.05,0.25
264,0.979499414207636,0.5003877702060832,0.9697979905526966,0.5003900744169222,0.23280729257740893,0.5,0.6616314199395771,0.2706960081115838,0.2880486378344675,0.0,0.6257142857142857,0.27305396874028326,0.28808401873950495,0.0,0.0,0.0,0.054285714285714284,2.625714285714286,0.006042296072507553,0.0,0.03314429500756957,0.08436634914903715,10.706948640483384,0.0,0.0,0.15,0.07854984894259819,0,0.13006302213690218,0.318592822711366,0.18085239982227003,0.7386850754642454,0.0,0.0,0.0,0.3,0.0,0.3,0.0,0.08,0.0,0.05,0.25
265,0.9798157585890801,0.5005473742539168,0.9700971619534338,0.5003220134064129,0.23280729257740893,0.5,0.7734138972809668,0.27057516219013367,0.28795800339337985,0.0,0.7314285714285714,0.2729396830259975,0.2879983044537907,0.0,0.0030211480362537764,0.002857142857142857,0.054285714285714284,2.645714285714286,0.0030211480362537764,0.0,0.03314429500756957,0.08436634914903715,10.706948640483384,0.0,0.0,0.15,0.07854984894259819,0,0.12984127845478907,0.31699985859780916,0.1800924946829675,0.7259031525409668,0.0,0.0,0.0,0.3,0.0,0.3,0.0,0.08,0.0030211480362537764,0.05,0.25
266,0.980382639280838,0.4994329025315996,0.9706332691219248,0.4992042480466156,0.23280729257740893,0.5,0.7673716012084593,0.27057516219013367,0.28795800339337985,0.0,0.7257142857142858,0.2729396830259975,0.2879983044537907,0.0,0.0,0.0,0.054285714285714284,2.5885714285714285,0.0030211480362537764,0.0,0.03314429500756957,0.08436634914903715,10.706948640483384,0.0,0.0,0.15,0.07854984894259819,0,0.12919207206251512,0.31541485930482016,0.17649064478930812,0.7113850894901474,0.0,0.0,0.0,0.3,0.0,0.3,0.0,0.08,0.0,0.05,0.25
267,0.9795060662268295,0.5010534638037133,0.9698042814622769,0.5006600407181779,0.23280729257740893,0.5,0.7371601208459214,0.2704543162686835,0.28786736895229226,0.0,0.6971428571428572,0.2728253973117118,0.2879125901680764,0.0,0.0030211480362537764,0.002857142857142857,0.054285714285714284,2.625714285714286,0.0030211480362537764,0.0,0.03314429500756957,0.08436634914903715,10.706948640483384,0.0,0.0,0.15,0.07854984894259819,0,0.12897468313077398,0.31383778500829607,0.1758179747506648,0.7088358517914601,0.0,0.0,0.0,0.3,0.0,0.3,0.0,0.08,0.0030211480362537764,0.05,0.25
268,0.9813145893622836,0.5000407343571333,0.9715146276275204,0.49973911513903835,0.23280729257740893,0.5,0.7341389728096677,0.2704543162686835,0.28786736895229226,0.0,0.6942857142857143,0.2728253973117118,0.2879125901680764,0.0,0.0,0.0,0.054285714285714284,2.6228571428571428,0.0030211480362537764,0.0,0.03314429500756957,0.08436634914903715,10.706948640483384,0.0,0.0,0.15,0.07854984894259819,0,0.1283298097151201,0.3122685960832546,0.17230161525565152,0.694659134755631,0.0,0.0,0.0,0.3,0.0,0.3,0.0,0.08,0.0,0.05,0.25
269,0.980840473541641,0.5004958794390895,0.9710662495228556,0.5001977901190066,0.23280729257740893,0.5,0.7371601208459214,0.2704543162686835,0.28786736895229226,0.0,0.6971428571428572,0.2728253973117118,0.2879125901680764,0.0,0.0,0.0,0.054285714285714284,2.5514285714285716,0.0030211480362537764,0.0,0.03314429500756957,0.08436634914903715,10.706948640483384,0.0,0.0,0.15,0.07854984894259819,0,0.1276881606665445,0.3107072531028383,0.16885558295053849,0.6807659520605184,0.0,0.0,0.0,0.3,0.0,0.3,0.0,0.08,0.0,0.05,0.25
270,0.9803441520596786,0.5000288410340866,0.9705968712070571,0.49978953481772587,0.23280729257740893,0.5,0.7462235649546828,0.2703334703472333,0.28777673451120467,0.0,0.7057142857142857,0.27271111159742606,0.2878268758823621,0.0,0.0030211480362537764,0.002857142857142857,0.054285714285714284,2.5428571428571427,0.0030211480362537764,0.0,0.03314429500756957,0.08436634914903715,10.706948640483384,0.0,0.0,0.15,0.07854984894259819,0,0.12747829129178323,0.3091537168373241,0.16833561414867057,0.6958123746106007,0.0,0.0,0.0,0.3,0.0,0.3,0.0,0.08,0.0030211480362537764,0.05,0.25
271,0.9806609826203869,0.5007704684281677,0.9708965023944697,0.5004841432022799,0.23280729257740893,0.5,0.7734138972809668,0.2702126244257832,0.2876861000701171,0.0,0.7314285714285714,0.2725968258831404,0.2877411615966478,0.0,0.0030211480362537764,0.002857142857142857,0.054285714285714284,2.5914285714285716,0.0030211480362537764,0.0,0.03314429500756957,0.08436634914903715,10.706948640483384,0.0,0.0,0.15,0.07854984894259819,0,0.1272694712638957,0.31065113885204454,0.16782604472284002,0.6818961271183888,0.0,0.0,0.0,0.3,0.0,0.3,0.0,0.08,0.0030211480362537764,0.05,0.25
272,0.9805015294015119,0.5007045674390885,0.9707457052074765,0.5004387636840972,0.23280729257740893,0.5,0.6918429003021148,0.2699709325828829,0.28750483118794185,0.0,0.6542857142857142,0.27236825445456897,0.28756973302521927,0.0,0.006042296072507553,0.005714285714285714,0.054285714285714284,2.637142857142857,0.0030211480362537764,0.0,0.03314429500756957,0.08436634914903715,10.706948640483384,0.0,0.0,0.15,0.07854984894259819,0,0.12749026676471908,0.3090978831577843,0.17018380954266893,0.6812326242398921,0.0,0.0,0.0,0.3,0.0,0.3,0.0,0.08,0.006042296072507553,0.05,0.25
273,0.979772097824366,0.501398021308863,0.9700558713445188,0.50129367815615,0.23280729257740893,0.5,0.6948640483383686,0.26985008666143273,0.2874141967468542,0.0,0.6571428571428571,0.27225396874028324,0.28748401873950497,0.0,0.0030211480362537764,0.002857142857142857,0.054285714285714284,2.717142857142857,0.0030211480362537764,0.0,0.03314429500756957,0.08436634914903715,10.706948640483384,0.0,0.0,0.15,0.07854984894259819,0,0.12728138685946694,0.30755239374199544,0.1696372762089584,0.669107783355839,0.0,0.0,0.0,0.3,0.0,0.3,0.0,0.08,0.0030211480362537764,0.05,0.25
274,0.979553497845805,0.5008224129108133,0.9698491382219364,0.500745664210123,0.23280729257740893,0.5,0.6737160120845922,0.26965883215604874,0.2873235623057666,0.0,0.6371428571428571,0.27207309662233436,0.28739830445379067,0.0,0.006042296072507553,0.005714285714285714,0.054285714285714284,2.737142857142857,0.0030211480362537764,0.0,0.03314429500756957,0.08436634914903715,10.706948640483384,0.0,0.0,0.15,0.07854984894259819,0,0.12750212278231246,0.3060146317732854,0.17195881639906493,0.6764717249602519,0.0,1.0,0.0,0.3,0.0,0.3,0.0,0.08,0.006042296072507553,0.05,0.25
275,0.9804291508880997,0.5002563069694436,0.970677255813364,0.5001923855006346,0.23280729257740893,0.5,0.7311178247734139,0.26953798623459857,0.28723292786467897,0.0,0.6914285714285714,0.27195881090804863,0.28731259016807636,0.0,0.0030211480362537764,0.002857142857142857,0.054285714285714284,2.742857142857143,0.0030211480362537764,0.0,0.03314429500756957,0.08436634914903715,10.706948640483384,0.0,0.0,0.15,0.07854984894259819,0,0.1272931835969723,0.30448455861441903,0.1713767829282265,0.6660867165233737,0.0,0.0,0.0,0.3,0.0,0.3,0.0,0.08,0.0030211480362537764,0.05,0.25
276,0.9818997180608519,0.5008961633279935,0.9720679921967381,0.5008231419576751,0.23280729257740893,0.5,0.743202416918429,0.26941714031314845,0.2871422934235914,0.0,0.7028571428571428,0.27184452519376295,0.2872268758823621,0.0,0.0030211480362537764,0.002857142857142857,0.054285714285714284,2.68,0.0030211480362537764,0.0,0.03314429500756957,0.08436634914903715,10.706948640483384,0.0,0.0,0.15,0.07854984894259819,0,0.1270852891075589,0.3029621358213469,0.17080639012680482,0.6555910282635028,0.0,0.0,0.0,0.3,0.0,0.3,0.0,0.08,0.0030211480362537764,0.05,0.25
277,0.980114088937034,0.5014511448889476,0.9703792972253561,0.501307950513987,0.23280729257740893,0.5,0.7311178247734139,0.26941714031314845,0.2871422934235914,0.0,0.6914285714285714,0.27184452519376295,0.2872268758823621,0.0,0.0,0.0,0.054285714285714284,2.697142857142857,0.0030211480362537764,0.0,0.03314429500756957,0.08436634914903715,10.706948640483384,0.0,0.0,0.15,0.07854984894259819,0,0.12644986266202107,0.3014473251422402,0.16739026232426873,0.6424792076982327,0.0,0.0,0.0,0.3,0.0,0.3,0.0,0.08,0.0,0.05,0.25
278,0.9801641506809793,0.5015538383940122,0.970426641331773,0.5012888957056526,0.23280729257740893,0.5,0.7069486404833837,0.26941714031314845,0.2871422934235914,0.0,0.6685714285714286,0.27184452519376295,0.2872268758823621,0.0,0.0,0.0,0.054285714285714284,2.717142857142857,0.006042296072507553,0.0,0.03314429500756957,0.08436634914903715,10.706948640483384,0.0,0.0,0.15,0.07854984894259819,0,0.12581761334871097,0.299940088516529,0.16404245707778337,0.629629623544268,0.0,0.0,0.0,0.3,0.0,0.3,0.0,0.08,0.0,0.05,0.25
279,0.9810848168164047,0.5016147695533332,0.971297328448418,0.5016381287626976,0.23280729257740893,0.5,0.7492447129909365,0.26929629439169833,0.28705165898250373,0.0,0.7085714285714285,0.2717302394794772,0.2871411615966478,0.0,0.0030211480362537764,0.002857142857142857,0.054285714285714284,2.697142857142857,0.0030211480362537764,0.0,0.03314429500756957,0.08436634914903715,10.706948640483384,0.0,0.0,0.15,0.07854984894259819,0,0.12561709671053883,0.29844038807394635,0.16361875079337052,0.6286407642769287,0.0,0.0,0.0,0.3,0.0,0.3,0.0,0.08,0.0030211480362537764,0.05,0.25
280,0.9797180813241589,0.5016620828718322,0.9700047871686083,0.5016024450309645,0.23280729257740893,0.5,0.743202416918429,0.26929629439169833,0.28705165898250373,0.0,0.7028571428571428,0.2717302394794772,0.2871411615966478,0.0,0.0,0.0,0.054285714285714284,2.637142857142857,0.0030211480362537764,0.0,0.03314429500756957,0.08436634914903715,10.706948640483384,0.0,0.0,0.15,0.07854984894259819,0,0.12498901122698616,0.2969481861335766,0.16034637577750313,0.6160679489913901,0.0,0.0,0.0,0.3,0.0,0.3,0.0,0.08,0.0,0.05,0.25
281,0.9802028539836135,0.5019168007548241,0.9704632435979781,0.5017414672159082,0.23280729257740893,0.5,0.7613293051359517,0.26917544847024816,0.28696102454141614,0.0,0.72,0.2716159537651915,0.2870554473109335,0.0,0.0030211480362537764,0.002857142857142857,0.054285714285714284,2.6685714285714286,0.0,0.0,0.03314429500756957,0.08436634914903715,10.706948640483384,0.0,0.0,0.15,0.07854984894259819,0,0.12479263759942265,0.2954634452029087,0.15999659111909592,0.606461203037448,0.0,0.0,0.0,0.3,0.0,0.3,0.0,0.08,0.0030211480362537764,0.05,0.25
282,0.9800233972199082,0.5025446631814662,0.9702935287728741,0.5023988297407569,0.23280729257740893,0.5,0.7220543806646526,0.26917544847024816,0.28696102454141614,0.0,0.6828571428571428,0.2716159537651915,0.2870554473109335,0.0,0.0,0.0,0.054285714285714284,2.682857142857143,0.0,0.0,0.03314429500756957,0.08436634914903715,10.706948640483384,0.0,0.0,0.15,0.07854984894259819,0,0.12416867441142553,0.29398612797689416,0.156796659296714,0.594331978976699,0.0,0.0,0.0,0.3,0.0,0.3,0.0,0.08,0.0,0.05,0.25
283,0.9798248411762842,0.5019213983519393,0.9701057514859038,0.5018696674404003,0.23280729257740893,0.5,0.7522658610271903,0.269054602548798,0.2868703901003285,0.0,0.7114285714285714,0.27150166805090575,0.2869697330252192,0.0,0.0030211480362537764,0.002857142857142857,0.054285714285714284,2.7,0.0,0.0,0.03314429500756957,0.08436634914903715,10.706948640483384,0.0,0.0,0.15,0.07854984894259819,0,0.12397640246793985,0.2925161973370097,0.15651786896792255,0.5847240496440139,0.0,0.0,0.0,0.3,0.0,0.3,0.0,0.08,0.0030211480362537764,0.05,0.25
284,0.9787123590447401,0.5014913516706573,0.9690536612415008,0.5015061478961502,0.23280729257740893,0.5,0.7492447129909365,0.269054602548798,0.2868703901003285,0.0,0.7085714285714285,0.27150166805090575,0.2869697330252192,0.0,0.0,0.0,0.054285714285714284,2.662857142857143,0.0,0.0,0.03314429500756957,0.08436634914903715,10.706948640483384,0.0,0.0,0.15,0.07854984894259819,0,0.12335652045560015,0.2910536163503246,0.15338751158856412,0.5730295686511336,0.0,0.0,0.0,0.3,0.0,0.3,0.0,0.08,0.0,0.05,0.25
285,0.9779992878792921,0.5014155095882603,0.9683792996536057,0.5014646143559619,0.23280729257740893,0.5,0.7069486404833837,0.2689337566273478,0.2867797556592409,0.0,0.6685714285714286,0.27138738233662,0.2868840187395049,0.0,0.0030211480362537764,0.002857142857142857,0.054285714285714284,2.617142857142857,0.0,0.0,0.03314429500756957,0.08436634914903715,10.706948640483384,0.0,0.0,0.15,0.07854984894259819,0,0.12316830928189357,0.289598348268573,0.15317690421393568,0.5719360233975481,0.0,0.0,0.0,0.3,0.0,0.3,0.0,0.08,0.0030211480362537764,0.05,0.25
286,0.9785497845424764,0.5012351946837921,0.9688999122122173,0.5013709280009365,0.23280729257740893,0.5,0.7039274924471299,0.2688129107058977,0.28668912121815326,0.0,0.6657142857142857,0.2712730966223343,0.2867983044537907,0.0,0.0030211480362537764,0.002857142857142857,0.054285714285714284,2.64,0.0030211480362537764,0.0,0.03314429500756957,0.08436634914903715,10.706948640483384,0.0,0.0,0.15,0.07854984894259819,0,0.12298103916405552,0.28815035652723014,0.1529705089867998,0.5955002368967504,0.0,0.0,0.0,0.3,0.0,0.3,0.0,0.08,0.0030211480362537764,0.05,0.25
287,0.9799053181429802,0.5003932058991791,0.9701818597029797,0.5007123758438928,0.23280729257740893,0.5,0.6948640483383686,0.2686920647844475,0.2866658467693689,0.0,0.6571428571428571,0.2711588109080486,0.2867762934750832,0.0,0.0030211480362537764,0.002857142857142857,0.054285714285714284,2.625714285714286,0.0030211480362537764,0.0,0.03314429500756957,0.08436634914903715,10.706948640483384,0.0,0.0,0.15,0.07854984894259819,0,0.12279470539680667,0.286709604744594,0.15276824166420666,0.586189538835528,0.0,0.0,0.0,0.3,0.0,0.3,0.0,0.08,0.0030211480362537764,0.05,0.25
288,0.9806315469738506,0.5006086866390003,0.970868664683031,0.5010638243730956,0.23280729257740893,0.5,0.7401812688821753,0.2686920647844475,0.2866658467693689,0.0,0.7,0.2711588109080486,0.2867762934750832,0.0,0.0,0.0,0.054285714285714284,2.697142857142857,0.0030211480362537764,0.0,0.03314429500756957,0.08436634914903715,10.706948640483384,0.0,0.0,0.15,0.07854984894259819,0,0.12218073186982265,0.28527605672087103,0.14971287683092255,0.5744657480588174,0.0,0.0,0.0,0.3,0.0,0.3,0.0,0.08,0.0,0.05,0.25
289,0.9815790112319343,0.50175905791897,0.9717646951671047,0.5021540023642536,0.23280729257740893,0.5,0.7492447129909365,0.2686920647844475,0.2866658467693689,0.0,0.7085714285714285,0.2711588109080486,0.2867762934750832,0.0,0.0,0.0,0.054285714285714284,2.6485714285714286,0.0030211480362537764,0.0,0.03314429500756957,0.08436634914903715,10.706948640483384,0.0,0.0,0.15,0.07854984894259819,0,0.12156982821047352,0.28384967643726666,0.1467186192943041,0.5629764330976411,0.0,0.0,0.0,0.3,0.0,0.3,0.0,0.08,0.0,0.05,0.25
290,0.9807415718139708,0.5017705154918751,0.9709727167461165,0.5023453042450773,0.23280729257740893,0.5,0.770392749244713,0.26857121886299734,0.28657521232828126,0.0,0.7285714285714285,0.27104452519376293,0.2866905791893689,0.0,0.0030211480362537764,0.002857142857142857,0.054285714285714284,2.6742857142857144,0.0030211480362537764,0.0,0.03314429500756957,0.08436634914903715,10.706948640483384,0.0,0.0,0.15,0.07854984894259819,0,0.12139055049799259,0.28243042805508034,0.14664138976556088,0.568387941666458,0.0,0.0,0.0,0.3,0.0,0.3,0.0,0.08,0.0030211480362537764,0.05,0.25
291,0.9805533344403559,0.5007423848440479,0.9707946979727833,0.5014106514106659,0.23280729257740893,0.5,0.770392749244713,0.26857121886299734,0.28657521232828126,0.0,0.7285714285714285,0.27104452519376293,0.2866905791893689,0.0,0.0,0.0,0.054285714285714284,2.5942857142857143,0.006042296072507553,0.0,0.03314429500756957,0.08436634914903715,10.706948640483384,0.0,0.0,0.15,0.07854984894259819,0,0.12078359774550262,0.28101827591480494,0.14370856197024964,0.5570201828331289,0.0,0.0,0.0,0.3,0.0,0.3,0.0,0.08,0.0,0.05,0.25
292,0.980851103185416,0.5008449281300983,0.9710763021288257,0.5014429558867135,0.23280729257740893,0.5,0.743202416918429,0.26851079590227234,0.28657521232828126,0.0,0.7028571428571428,0.27098738233662006,0.2866905791893689,0.0,0.0030211480362537764,0.002857142857142857,0.054285714285714284,2.537142857142857,0.006042296072507553,0.0,0.03314429500756957,0.08436634914903715,10.706948640483384,0.0,0.0,0.15,0.07854984894259819,0,0.12060825118534654,0.2796131845352309,0.14369153358798753,0.550156690833563,0.0,1.0,0.0,0.3,0.0,0.3,0.0,0.08,0.0030211480362537764,0.05,0.25
293,0.9807197770680526,0.501160359860553,0.9709521051435477,0.5017572498693086,0.23280729257740893,0.5,0.7401812688821753,0.26838994998082216,0.28648457788719367,0.0,0.7,0.27087309662233433,0.2866048649036546,0.0,0.0030211480362537764,0.002857142857142857,0.054285714285714284,2.545714285714286,0.006042296072507553,0.0,0.03314429500756957,0.08436634914903715,10.706948640483384,0.0,0.0,0.15,0.07854984894259819,0,0.12043378135799125,0.2782151186125547,0.1436748457733706,0.5461398787709336,0.0,0.0,0.0,0.3,0.0,0.3,0.0,0.08,0.0030211480362537764,0.05,0.25
294,0.9805649297759531,0.5017060670870931,0.9708056638473052,0.5023388108796583,0.23280729257740893,0.5,0.6737160120845922,0.26838994998082216,0.28648457788719367,0.0,0.6371428571428571,0.27087309662233433,0.2866048649036546,0.0,0.0,0.0,0.054285714285714284,2.52,0.0030211480362537764,0.0,0.03314429500756957,0.08436634914903715,10.706948640483384,0.0,0.0,0.15,0.07854984894259819,0,0.11983161245120129,0.276824043019492,0.14080134885790316,0.5352170811955148,0.0,0.0,0.0,0.3,0.0,0.3,0.0,0.08,0.0,0.05,0.25
295,0.9814039003242099,0.5018615593545267,0.9715990902800851,0.5026617096234384,0.23280729257740893,0.5,0.7250755287009063,0.268269104059372,0.286393943446106,0.0,0.6857142857142857,0.2707588109080486,0.2865191506179403,0.0,0.0030211480362537764,0.002857142857142857,0.054285714285714284,2.5914285714285716,0.006042296072507553,0.0,0.03314429500756957,0.08436634914903715,10.706948640483384,0.0,0.0,0.15,0.07854984894259819,0,0.1196610258175167,0.2939271619393126,0.140842464737888,0.5306741485916344,0.0,0.0,0.0,0.3,0.0,0.3,0.0,0.08,0.0030211480362537764,0.05,0.25
296,0.9814483300158275,0.5014957934534413,0.9716411080741578,0.5021696388401832,0.23280729257740893,0.5,0.7371601208459214,0.268269104059372,0.286393943446106,0.0,0.6971428571428572,0.2707588109080486,0.2865191506179403,0.0,0.0,0.0,0.054285714285714284,2.5828571428571427,0.0030211480362537764,0.0,0.03314429500756957,0.08436634914903715,10.706948640483384,0.0,0.0,0.15,0.07854984894259819,0,0.11906272068842912,0.29245752612961606,0.13802561544313022,0.5200606656198018,0.0,0.0,0.0,0.3,0.0,0.3,0.0,0.08,0.0,0.05,0.25
297,0.9828134997516742,0.5009966259858717,0.9729321685957729,0.5018864086097062,0.23280729257740893,0.5,0.7371601208459214,0.268269104059372,0.286393943446106,0.0,0.6971428571428572,0.2707588109080486,0.2865191506179403,0.0,0.0,0.0,0.054285714285714284,2.565714285714286,0.0030211480362537764,0.0,0.03314429500756957,0.08436634914903715,10.706948640483384,0.0,0.0,0.15,0.07854984894259819,0,0.11846740708498699,0.29099523849896797,0.13526510313426762,0.5096594523074057,0.0,0.0,0.0,0.3,0.0,0.3,0.0,0.08,0.0,0.05,0.25
298,0.983011502354685,0.5010476696985108,0.9731194224860489,0.5019172211986915,0.23280729257740893,0.5,0.7069486404833837,0.268269104059372,0.286393943446106,0.0,0.6685714285714286,0.2707588109080486,0.2865191506179403,0.0,0.0,0.0,0.054285714285714284,2.6142857142857143,0.0030211480362537764,0.0,0.03314429500756957,0.08436634914903715,10.706948640483384,0.0,0.0,0.15,0.07854984894259819,0,0.11787507004956203,0.2895402623064731,0.13255980107158225,0.49946626326125754,0.0,0.0,0.0,0.3,0.0,0.3,0.0,0.08,0.0,0.05,0.25
299,0.9819146970870988,0.5008537947547463,0.9720821580758456,0.501681510205941,0.23280729257740893,0.5,0.7250755287009063,0.26814825813792187,0.28630330900501844,0.0,0.6857142857142857,0.27064452519376286,0.286433436332226,0.0,0.0030211480362537764,0.002857142857142857,0.054285714285714284,2.5942857142857143,0.0,0.0,0.03314429500756957,0.08436634914903715,10.706948640483384,0.0,0.0,0.15,0.07854984894259819,0,0.11771426612788563,0.2971458507305998,0.13276574790729348,0.4894769379960324,0.0,0.0,0.0,0.3,0.0,0.3,0.0,0.08,0.0030211480362537764,0.05,0.25
300,0.9815858587321236,0.5002703414786708,0.9717711709458552,0.5010842574383085,0.23280729257740893,0.5,0.7311178247734139,0.26814825813792187,0.28630330900501844,0.0,0.6914285714285714,0.27064452519376286,0.286433436332226,0.0,0.0,0.0,0.054285714285714284,2.577142857142857,0.0,0.0,0.03314429500756957,0.08436634914903715,10.706948640483384,0.0,0.0,0.15,0.07854984894259819,0,0.11712569479724623,0.29566012147694676,0.13011043294914762,0.47968739923611176,0.0,0.0,0.0,0.3,0.0,0.3,0.0,0.08,0.0,0.05,0.25
301,0.9798702590951613,0.4994439774173908,0.9701487038606136,0.5002672498645926,0.23280729257740893,0.5,0.7583081570996979,0.26814825813792187,0.28630330900501844,0.0,0.7171428571428572,0.27064452519376286,0.286433436332226,0.0,0.0,0.0,0.054285714285714284,2.5742857142857143,0.0,0.0,0.03314429500756957,0.08436634914903715,10.706948640483384,0.0,0.0,0.15,0.07854984894259819,0,0.11654006632325999,0.294181820869562,0.12750822429016467,0.4700936512513895,0.0,0.0,0.0,0.3,0.0,0.3,0.0,0.08,0.0,0.05,0.25
302,0.9808140051223561,0.4993157656836113,0.9710412179606176,0.5001449316585753,0.23280729257740893,0.5,0.7462235649546828,0.26814825813792187,0.28630330900501844,0.0,0.7057142857142857,0.27064452519376286,0.286433436332226,0.0,0.0,0.0,0.054285714285714284,2.64,0.0,0.0,0.03314429500756957,0.08436634914903715,10.706948640483384,0.0,0.0,0.15,0.07854984894259819,0,0.1159573659916437,0.2927109117652142,0.12495805980436135,0.46069177822636176,0.0,0.0,0.0,0.3,0.0,0.3,0.0,0.08,0.0,0.05,0.25
303,0.982298073436203,0.4992737466274723,0.9724447225659986,0.5000661624120891,0.23280729257740893,0.5,0.7824773413897281,0.26814825813792187,0.28630330900501844,0.0,0.74,0.27064452519376286,0.286433436332226,0.0,0.0,0.0,0.054285714285714284,2.6485714285714286,0.0,0.0,0.03314429500756957,0.08436634914903715,10.706948640483384,0.0,0.0,0.15,0.07854984894259819,0,0.11537757916168546,0.29124735720638817,0.12245889860827412,0.4514779426618345,0.0,0.0,0.0,0.3,0.0,0.3,0.0,0.08,0.0,0.05,0.25
304,0.9816980466432144,0.5001651862057551,0.971877268656058,0.5008683533271604,0.23280729257740893,0.5,0.7401812688821753,0.26814825813792187,0.28630330900501844,0.0,0.7,0.27064452519376286,0.286433436332226,0.0,0.0,0.0,0.054285714285714284,2.605714285714286,0.0,0.0,0.03314429500756957,0.08436634914903715,10.706948640483384,0.0,0.0,0.15,0.07854984894259819,0,0.11480069126587705,0.2897911204203562,0.12000972063610864,0.44244838380859774,0.0,0.0,0.0,0.3,0.0,0.3,0.0,0.08,0.0,0.05,0.25
305,0.982460278850061,0.5003654208343166,0.9725981225431043,0.5010914038297359,0.23280729257740893,0.5,0.7492447129909365,0.26814825813792187,0.28630330900501844,0.0,0.7085714285714285,0.27064452519376286,0.286433436332226,0.0,0.0,0.0,0.054285714285714284,2.545714285714286,0.0,0.0,0.03314429500756957,0.08436634914903715,10.706948640483384,0.0,0.0,0.15,0.07854984894259819,0,0.11422668780954766,0.2883421648182545,0.11760952622338648,0.4335994161324258,0.0,0.0,0.0,0.3,0.0,0.3,0.0,0.08,0.0,0.05,0.25
306,0.9821166680008592,0.5005337403660418,0.9722731648542877,0.501151341024249,0.23280729257740893,0.5,0.7069486404833837,0.2680274122164717,0.2862126745639308,0.0,0.6685714285714286,0.2705302394794772,0.28634772204651177,0.0,0.0030211480362537764,0.002857142857142857,0.054285714285714284,2.537142857142857,0.0,0.0,0.03314429500756957,0.08436634914903715,10.706948640483384,0.0,0.0,0.15,0.07854984894259819,0,0.11408412579907136,0.2869004539941632,0.1181144785560616,0.43112495349472774,0.0,0.0,0.0,0.3,0.0,0.3,0.0,0.08,0.0030211480362537764,0.05,0.25
307,0.9818096647405005,0.5006602987005737,0.9719828274852057,0.5012758964104849,0.23280729257740893,0.5,0.7522658610271903,0.2679065662950216,0.2861220401228432,0.0,0.7114285714285714,0.2704159537651915,0.28626200776079747,0.0,0.0030211480362537764,0.002857142857142857,0.054285714285714284,2.4657142857142857,0.0,0.0,0.03314429500756957,0.08436634914903715,10.706948640483384,0.0,0.0,0.15,0.07854984894259819,0,0.11394227659864742,0.28546595172419237,0.11860933184208323,0.44592977448475735,0.0,0.0,0.0,0.3,0.0,0.3,0.0,0.08,0.0030211480362537764,0.05,0.25
308,0.9821477220276331,0.5004978843815963,0.9723025330910368,0.501062035595623,0.23280729257740893,0.5,0.7341389728096677,0.2677857203735714,0.28603140568175556,0.0,0.6942857142857143,0.2703016680509058,0.28617629347508317,0.0,0.0030211480362537764,0.002857142857142857,0.054285714285714284,2.4457142857142857,0.0,0.0,0.03314429500756957,0.08436634914903715,10.706948640483384,0.0,0.0,0.15,0.07854984894259819,0,0.1138011366442256,0.2840386219655714,0.1190942880623844,0.4390941763009559,0.0,0.0,0.0,0.3,0.0,0.3,0.0,0.08,0.0030211480362537764,0.05,0.25
309,0.9827449562479921,0.5003175450863863,0.9728673460251477,0.5009875204039064,0.23280729257740893,0.5,0.7734138972809668,0.2676648744521213,0.2859860884612118,0.0,0.7314285714285714,0.2701873823366201,0.28613343633222604,0.0,0.006042296072507553,0.005714285714285714,0.054285714285714284,2.4971428571428573,0.0,0.0,0.03314429500756957,0.08436634914903715,10.706948640483384,0.0,0.0,0.15,0.07854984894259819,0,0.11408927381814737,0.28261842885574356,0.1224266880154224,0.4311851074916304,0.0,0.5,0.0,0.3,0.0,0.3,0.0,0.08,0.006042296072507553,0.05,0.25
310,0.9833179876515398,0.5001708133655376,0.9734092700096458,0.5008876135972266,0.23280729257740893,0.5,0.7794561933534743,0.2675440285306711,0.2858954540201242,0.0,0.7371428571428571,0.27007309662233436,0.28604772204651174,0.0,0.0030211480362537764,0.002857142857142857,0.054285714285714284,2.5028571428571427,0.0,0.0,0.03314429500756957,0.08436634914903715,10.706948640483384,0.0,0.0,0.15,0.07854984894259819,0,0.11394739887762804,0.2812053367114648,0.12283529711225684,0.4270250302000954,0.0,0.0,0.0,0.3,0.0,0.3,0.0,0.08,0.0030211480362537764,0.05,0.25
311,0.9828563776491793,0.4998206205010157,0.9729727188359847,0.5002882664722262,0.23280729257740893,0.5,0.7643504531722054,0.26742318260922093,0.2858048195790366,0.0,0.7228571428571429,0.2699588109080487,0.28596200776079744,0.0,0.0030211480362537764,0.002857142857142857,0.054285714285714284,2.557142857142857,0.0,0.0,0.03314429500756957,0.08436634914903715,10.706948640483384,0.0,0.0,0.15,0.07854984894259819,0,0.1138062333118113,0.27979931002790753,0.12323573402715456,0.4184845295960935,0.0,0.0,0.0,0.3,0.0,0.3,0.0,0.08,0.0030211480362537764,0.05,0.25
312,0.9833795398709724,0.5000197549795377,0.9734674808228804,0.5003946398920084,0.23280729257740893,0.5,0.7462235649546828,0.26742318260922093,0.2858048195790366,0.0,0.7057142857142857,0.2699588109080487,0.28596200776079744,0.0,0.0,0.0,0.054285714285714284,2.6085714285714285,0.0,0.0,0.03314429500756957,0.08436634914903715,10.706948640483384,0.0,0.0,0.15,0.07854984894259819,0,0.11323720214525228,0.27840031347776795,0.12077101934661146,0.4101148390041716,0.0,0.0,0.0,0.3,0.0,0.3,0.0,0.08,0.0,0.05,0.25
313,0.9829550394997781,0.5004648879325131,0.9730660247575512,0.5009243305882864,0.23280729257740893,0.5,0.7854984894259819,0.26742318260922093,0.2858048195790366,0.0,0.7428571428571429,0.2699588109080487,0.28596200776079744,0.0,0.0,0.0,0.054285714285714284,2.5914285714285716,0.0030211480362537764,0.0,0.03314429500756957,0.08436634914903715,10.706948640483384,0.0,0.0,0.15,0.07854984894259819,0,0.112671016134526,0.2770083119103791,0.11835559895967923,0.4019125422240882,0.0,0.0,0.0,0.3,0.0,0.3,0.0,0.08,0.0,0.05,0.25
314,0.9822762996921927,0.5003727888448485,0.9724241308252346,0.5005700678430587,0.23280729257740893,0.5,0.7613293051359517,0.2673023366877708,0.28571418513794894,0.0,0.72,0.26984452519376295,0.28587629347508314,0.0,0.0030211480362537764,0.002857142857142857,0.054285714285714284,2.637142857142857,0.0030211480362537764,0.0,0.03314429500756957,0.08436634914903715,10.706948640483384,0.0,0.0,0.15,0.07854984894259819,0,0.11253623248242478,0.27562327035082723,0.1188456298376285,0.40587286986561727,0.0,0.0,0.0,0.3,0.0,0.3,0.0,0.08,0.0030211480362537764,0.05,0.25
315,0.9820553244999953,0.5013772775649742,0.972215151429185,0.5014272810094763,0.23280729257740893,0.5,0.7522658610271903,0.26718149076632064,0.28562355069686135,0.0,0.7114285714285714,0.2697302394794772,0.28579057918936884,0.0,0.0030211480362537764,0.002857142857142857,0.054285714285714284,2.6,0.0030211480362537764,0.0,0.03314429500756957,0.08436634914903715,10.706948640483384,0.0,0.0,0.15,0.07854984894259819,0,0.11240212274858409,0.2742451539990731,0.1193258600980188,0.4010090085900898,0.0,0.0,0.0,0.3,0.0,0.3,0.0,0.08,0.0030211480362537764,0.05,0.25
316,0.982413491695434,0.5015909239862509,0.9725538752625857,0.5014736043490429,0.23280729257740893,0.5,0.770392749244713,0.26669810708052,0.2853329974105997,0.0,0.7285714285714285,0.26927309662233434,0.28551579879579003,0.0,0.015105740181268883,0.014285714285714285,0.054285714285714284,2.68,0.00906344410876133,0.0,0.03314429500756957,0.08436634914903715,10.706948640483384,0.0,0.0,0.15,0.07854984894259819,0,0.11398296927769833,0.27287392822907774,0.1312250571817727,0.4496060125469802,0.0,0.4,0.0,0.3,0.0,0.3,0.0,0.08,0.015105740181268883,0.05,0.25
317,0.9841336537314864,0.5013893239133986,0.9741806570738241,0.5009932477090604,0.23280729257740893,0.5,0.743202416918429,0.2665772611590699,0.28524236296951216,0.0,0.7028571428571428,0.26915881090804866,0.2854300845100758,0.0,0.0030211480362537764,0.002857142857142857,0.054285714285714284,2.7,0.00906344410876133,0.0,0.03314429500756957,0.08436634914903715,10.706948640483384,0.0,0.0,0.15,0.07854984894259819,0,0.11384162585988127,0.2847894463249379,0.13145769889528008,0.4406138922960406,0.0,0.0,0.0,0.3,0.0,0.3,0.0,0.08,0.0030211480362537764,0.05,0.25
318,0.984128592205281,0.5016886573504094,0.974175870316184,0.5013646313244963,0.23280729257740893,0.5,0.7462235649546828,0.2665772611590699,0.28524236296951216,0.0,0.7057142857142857,0.26915881090804866,0.2854300845100758,0.0,0.0,0.0,0.054285714285714284,2.7085714285714286,0.006042296072507553,0.0,0.03314429500756957,0.08436634914903715,10.706948640483384,0.0,0.0,0.15,0.07854984894259819,0,0.11327241773058185,0.28336549909331327,0.1288285449173745,0.4318016144501198,0.0,0.0,0.0,0.3,0.0,0.3,0.0,0.08,0.0,0.05,0.25
319,0.9828434016422866,0.5021471190736506,0.972960447240895,0.5018596741031772,0.23280729257740893,0.5,0.7220543806646526,0.2664564152376197,0.2851517285284245,0.0,0.6828571428571428,0.2690445251937629,0.2853443702243615,0.0,0.0030211480362537764,0.002857142857142857,0.054285714285714284,2.7057142857142855,0.006042296072507553,0.0,0.03314429500756957,0.08436634914903715,10.706948640483384,0.0,0.0,0.15,0.07854984894259819,0,0.11313462707050036,0.2819486715978467,0.12910911687616985,0.4318340571202504,0.0,0.0,0.0,0.3,0.0,0.3,0.0,0.08,0.0030211480362537764,0.05,0.25
320,0.9811404966054983,0.502096152256412,0.9713499856203892,0.5016017910321309,0.23280729257740893,0.5,0.7129909365558912,0.2664564152376197,0.2851517285284245,0.0,0.6742857142857143,0.2690445251937629,0.2853443702243615,0.0,0.0,0.0,0.054285714285714284,2.7857142857142856,0.0030211480362537764,0.0,0.03314429500756957,0.08436634914903715,10.706948640483384,0.0,0.0,0.15,0.07854984894259819,0,0.11256895393514786,0.2805389282398575,0.12652693453864647,0.4231973759778454,0.0,0.0,0.0,0.3,0.0,0.3,0.0,0.08,0.0,0.05,0.25
321,0.9812151894515123,0.5030196491856016,0.9714206237119054,0.5025529702028568,0.23280729257740893,0.5,0.7401812688821753,0.2664564152376197,0.2851517285284245,0.0,0.7,0.2690445251937629,0.2853443702243615,0.0,0.0,0.0,0.054285714285714284,2.782857142857143,0.0030211480362537764,0.0,0.03314429500756957,0.08436634914903715,10.706948640483384,0.0,0.0,0.15,0.07854984894259819,0,0.11200610916547211,0.27913623359865825,0.12399639584787352,0.4147334284582885,0.0,0.0,0.0,0.3,0.0,0.3,0.0,0.08,0.0,0.05,0.25
322,0.9807985805469417,0.5043947121597012,0.9710266307192972,0.503958755524252,0.23280729257740893,0.5,0.7371601208459214,0.2663355693161696,0.28506109408733693,0.0,0.6971428571428572,0.2689302394794772,0.2852586559386472,0.0,0.0030211480362537764,0.002857142857142857,0.054285714285714284,2.7742857142857145,0.00906344410876133,0.0,0.03314429500756957,0.08436634914903715,10.706948640483384,0.0,0.0,0.15,0.07854984894259819,0,0.1118746500482162,0.2777405524306649,0.1243736107880589,0.41952207453671797,0.0,0.0,0.0,0.3,0.0,0.3,0.0,0.08,0.0030211480362537764,0.05,0.25
323,0.9791467878574736,0.5047784294121508,0.9695103009242093,0.5042511122885757,0.23280729257740893,0.5,0.7666666666666667,0.26695122973920077,0.28485868609216913,0.0,0.7228571428571429,0.2689302394794772,0.2852586559386472,0.0,0.0,0.0,0.05714285714285714,2.8085714285714287,0.0030303030303030303,0.002857142857142857,0.033173354947910606,0.08436634914903715,10.67878787878788,0.0,0.0,0.15,0.07878787878787878,0,0.11131527679797512,0.27635184966851156,0.12188613857229773,0.4111316330459836,0.0,0.0,0.0,0.3,0.0,0.3,0.0,0.08,0.0,0.05,0.25
324,0.9784364674193575,0.5053697804629778,0.9688405702254139,0.5048704975835139,0.23280729257740893,0.5,0.7545454545454545,0.2665875933755644,0.2845859588194419,0.0,0.7114285714285714,0.26858738233662005,0.28500151308150434,0.0,0.00909090909090909,0.008571428571428572,0.05714285714285714,2.76,0.006060606060606061,0.0,0.03317841613180248,0.08436634914903715,10.67878787878788,0.0,0.0,0.15,0.07878787878787878,0,0.11204441469969952,0.274970090420169,0.12801984437228034,0.4351143299019663,0.0,0.0,0.0,0.3,0.0,0.3,0.0,0.08,0.00909090909090909,0.05,0.25
325,0.9781686289254715,0.5049919947555838,0.9685880367883215,0.5046576498002636,0.23280729257740893,0.5,0.7272727272727273,0.2665700087403457,0.2845405042739873,0.0,0.6857142857142857,0.26857080253769955,0.2849586559386472,0.0,0.0030303030303030303,0.002857142857142857,0.05714285714285714,2.7742857142857145,0.0030303030303030303,0.0,0.03317841613180248,0.08436634914903715,10.67878787878788,0.0,0.0,0.15,0.07878787878787878,0,0.11191276405477246,0.2735952399680681,0.12831659034197757,0.4306809741338587,0.0,1.0,0.0,0.3,0.0,0.3,0.0,0.08,0.0030303030303030303,0.05,0.25
326,0.9783124634258507,0.504548580057145,0.9687236521743933,0.5041734674462872,0.23280729257740893,0.5,0.7242424242424242,0.2665700087403457,0.2845405042739873,0.0,0.6828571428571428,0.26857080253769955,0.2849586559386472,0.0,0.0,0.0,0.05714285714285714,2.8057142857142856,0.006060606060606061,0.0,0.03317841613180248,0.08436634914903715,10.67878787878788,0.0,0.0,0.15,0.07878787878787878,0,0.11135320023449859,0.27222726376822776,0.12575025853513802,0.4220673546511815,0.0,0.0,0.0,0.3,0.0,0.3,0.0,0.08,0.0,0.05,0.25
327,0.9780261034395582,0.5050329414831691,0.9684536556158888,0.50458824898161,0.23280729257740893,0.5,0.7606060606060606,0.2665700087403457,0.2845405042739873,0.0,0.7171428571428572,0.26857080253769955,0.2849586559386472,0.0,0.0,0.0,0.05714285714285714,2.8285714285714287,0.0,0.0,0.03317841613180248,0.08436634914903715,10.67878787878788,0.0,0.0,0.15,0.07878787878787878,0,0.11079643423332611,0.27086612744938665,0.12323525336443528,0.41362600755815787,0.0,0.0,0.0,0.3,0.0,0.3,0.0,0.08,0.0,0.05,0.25
328,0.9778058909022596,0.5039317841146153,0.9682460266521502,0.5034809936425105,0.23280729257740893,0.5,0.7303030303030303,0.2665700087403457,0.2845405042739873,0.0,0.6885714285714286,0.26857080253769955,0.2849586559386472,0.0,0.0,0.0,0.05714285714285714,2.762857142857143,0.0030303030303030303,0.0,0.03317841613180248,0.08436634914903715,10.67878787878788,0.0,0.0,0.15,0.07878787878787878,0,0.11024245206215945,0.2695117968121397,0.12077054829714656,0.40535348740699473,0.0,0.0,0.0,0.3,0.0,0.3,0.0,0.08,0.0,0.05,0.25
329,0.9775113118928224,0.5040545050512183,0.9679682807289663,0.5035653725548245,0.23280729257740893,0.5,0.7363636363636363,0.2665700087403457,0.2845405042739873,0.0,0.6942857142857143,0.26857080253769955,0.2849586559386472,0.0,0.0,0.0,0.05714285714285714,2.7714285714285714,0.0030303030303030303,0.0,0.03317841613180248,0.08436634914903715,10.67878787878788,0.0,0.0,0.15,0.07878787878787878,0,0.10969123980184867,0.26816423782807897,0.11835513733120363,0.39724641765885477,0.0,0.0,0.0,0.3,0.0,0.3,0.0,0.08,0.0,0.05,0.25
330,0.976419159571659,0.5037460243055089,0.9669385371118697,0.5031271282964017,0.23280729257740893,0.5,0.7575757575757576,0.2665700087403457,0.2845405042739873,0.0,0.7142857142857143,0.26857080253769955,0.2849586559386472,0.0,0.0,0.0,0.05714285714285714,2.777142857142857,0.0030303030303030303,0.0,0.03317841613180248,0.08436634914903715,10.67878787878788,0.0,0.0,0.15,0.07878787878787878,0,0.10914278360283942,0.26682341663893855,0.11598803458457956,0.3893014893056777,0.0,0.0,0.0,0.3,0.0,0.3,0.0,0.08,0.0,0.05,0.25
331,0.9770624483220017,0.5045124584435583,0.96754506650505,0.5038608829215275,0.23280729257740893,0.5,0.7333333333333333,0.2664487966191335,0.2844495951830783,0.0,0.6914285714285714,0.2684565168234138,0.2848729416529329,0.0,0.0030303030303030303,0.002857142857142857,0.05714285714285714,2.8,0.0030303030303030303,0.0,0.03317841613180248,0.08436634914903715,10.67878787878788,0.0,0.0,0.15,0.07878787878787878,0,0.10902564111339666,0.2654892995557439,0.11652541675003082,0.4025696333512961,0.0,0.0,0.0,0.3,0.0,0.3,0.0,0.08,0.0030303030303030303,0.05,0.25
332,0.9784384354299253,0.5047923356913009,0.9688424257782351,0.5039382598153426,0.23280729257740893,0.5,0.7636363636363637,0.2664487966191335,0.2844495951830783,0.0,0.72,0.2684565168234138,0.2848729416529329,0.0,0.0,0.0,0.05714285714285714,2.8457142857142856,0.0030303030303030303,0.0,0.03317841613180248,0.08436634914903715,10.67878787878788,0.0,0.0,0.15,0.07878787878787878,0,0.10848051290782966,0.2641618530579652,0.1141949084150302,0.39451824068427016,0.0,0.0,0.0,0.3,0.0,0.3,0.0,0.08,0.0,0.05,0.25
333,0.9783422071580475,0.5057427012427311,0.9687516962647503,0.504979384426824,0.23280729257740893,0.5,0.7454545454545455,0.2664487966191335,0.2844495951830783,0.0,0.7028571428571428,0.2684565168234138,0.2848729416529329,0.0,0.0,0.0,0.05714285714285714,2.8314285714285714,0.0030303030303030303,0.0,0.03317841613180248,0.08436634914903715,10.67878787878788,0.0,0.0,0.15,0.07878787878787878,0,0.10793811034329054,0.26284104379267537,0.11191101024672959,0.3866278758705847,0.0,0.0,0.0,0.3,0.0,0.3,0.0,0.08,0.0,0.05,0.25
334,0.9796495222834909,0.5059547953765294,0.96998430766874,0.5051897596465111,0.23280729257740893,0.5,0.7242424242424242,0.2664487966191335,0.2844495951830783,0.0,0.6828571428571428,0.2684565168234138,0.2848729416529329,0.0,0.0,0.0,0.05714285714285714,2.802857142857143,0.0030303030303030303,0.0,0.03317841613180248,0.08436634914903715,10.67878787878788,0.0,0.0,0.15,0.07878787878787878,0,0.10739841979157407,0.261526838573712,0.10967279004179503,0.3788953183531731,0.0,0.0,0.0,0.3,0.0,0.3,0.0,0.08,0.0,0.05,0.25
335,0.979236919006968,0.5059766511125675,0.9695952817223039,0.505165202317229,0.23280729257740893,0.5,0.693939393939394,0.2662772700628409,0.2843586860921692,0.0,0.6542857142857142,0.26829479178462357,0.2847872273672186,0.0,0.006060606060606061,0.005714285714285714,0.05714285714285714,2.8142857142857145,0.0030303030303030303,0.0,0.03317841613180248,0.08436634914903715,10.67878787878788,0.0,0.0,0.15,0.07878787878787878,0,0.10771857054975904,0.26021920438084345,0.11319361995524482,0.37214066413187763,0.0,0.5,0.0,0.3,0.0,0.3,0.0,0.08,0.006060606060606061,0.05,0.25
336,0.9799218273319952,0.5059838603041502,0.9702410524287582,0.5050156073616248,0.23280729257740893,0.5,0.7303030303030303,0.2662772700628409,0.2843586860921692,0.0,0.6885714285714286,0.26829479178462357,0.2847872273672186,0.0,0.0,0.0,0.05714285714285714,2.8314285714285714,0.0030303030303030303,0.0,0.03317841613180248,0.08436634914903715,10.67878787878788,0.0,0.0,0.15,0.07878787878787878,0,0.10717997769701026,0.25891810835893925,0.11092974755613991,0.36469785084924006,0.0,0.0,0.0,0.3,0.0,0.3,0.0,0.08,0.0,0.05,0.25
337,0.9807618312606989,0.5060226605542439,0.9710330561329644,0.505255264041185,0.23280729257740893,0.5,0.7272727272727273,0.2661560579416288,0.2842677770012601,0.0,0.6857142857142857,0.2681805060703379,0.2847015130815043,0.0,0.0030303030303030303,0.002857142857142857,0.05714285714285714,2.7,0.0,0.0,0.03317841613180248,0.08436634914903715,10.67878787878788,0.0,0.0,0.15,0.07878787878787878,0,0.10707264923709663,0.25762351781714454,0.11156829546215996,0.3589696520226765,0.0,0.0,0.0,0.3,0.0,0.3,0.0,0.08,0.0030303030303030303,0.05,0.25
338,0.9799518377520144,0.505552830796366,0.9702693479676333,0.5049632846609436,0.23280729257740893,0.5,0.8,0.2660348458204167,0.284176867910351,0.0,0.7542857142857143,0.26806622035605215,0.2846157987957901,0.0,0.0030303030303030303,0.002857142857142857,0.05714285714285714,2.7285714285714286,0.0,0.0,0.03317841613180248,0.08436634914903715,10.67878787878788,0.0,0.0,0.15,0.07878787878787878,0,0.10696585741948257,0.25633540022805884,0.11219407241005963,0.3562757778821032,0.0,0.0,0.0,0.3,0.0,0.3,0.0,0.08,0.0030303030303030303,0.05,0.25
339,0.9803000965072477,0.5050304300897864,0.9705977062225675,0.5046018861948283,0.23280729257740893,0.5,0.7181818181818181,0.2659136336992045,0.2840859588194419,0.0,0.6771428571428572,0.2679519346417664,0.2845300845100758,0.0,0.0030303030303030303,0.002857142857142857,0.05714285714285714,2.74,0.0,0.0,0.03317841613180248,0.08436634914903715,10.67878787878788,0.0,0.0,0.15,0.07878787878787878,0,0.1068595995609566,0.25505372322691855,0.11280733381900128,0.35407887345080313,0.0,0.0,0.0,0.3,0.0,0.3,0.0,0.08,0.0030303030303030303,0.05,0.25
340,0.9799989853962378,0.5041010878959762,0.9703138014607584,0.5036801253463318,0.23280729257740893,0.5,0.7121212121212122,0.2659136336992045,0.2840859588194419,0.0,0.6714285714285714,0.2679519346417664,0.2845300845100758,0.0,0.0,0.0,0.05714285714285714,2.8057142857142856,0.0,0.0,0.03317841613180248,0.08436634914903715,10.67878787878788,0.0,0.0,0.15,0.07878787878787878,0,0.10632530156315181,0.25377845461078397,0.11055118714262127,0.346997295981787,0.0,0.0,0.0,0.3,0.0,0.3,0.0,0.08,0.0,0.05,0.25
341,0.9783590369409243,0.5039108470412722,0.9687675643457485,0.5034930000094824,0.23280729257740893,0.5,0.6666666666666666,0.2656712094567803,0.2839041406376237,0.0,0.6285714285714286,0.26772336321319506,0.2843586559386472,0.0,0.006060606060606061,0.005714285714285714,0.05714285714285714,2.8857142857142857,0.0,0.0,0.03317841613180248,0.08436634914903715,10.67878787878788,0.0,0.0,0.15,0.07878787878787878,0,0.10665081791247892,0.2543428251117368,0.11405444911405457,0.3589802105313814,0.0,0.0,0.0,0.3,0.0,0.3,0.0,0.08,0.006060606060606061,0.05,0.25
342,0.9790966935451183,0.5041480273562403,0.9694630691439884,0.5038978529743936,0.23280729257740893,0.5,0.7454545454545455,0.2656712094567803,0.2839041406376237,0.0,0.7028571428571428,0.26772336321319506,0.2843586559386472,0.0,0.0,0.0,0.05714285714285714,2.8142857142857145,0.0,0.0,0.03317841613180248,0.08436634914903715,10.67878787878788,0.0,0.0,0.15,0.07878787878787878,0,0.10611756382291654,0.2530711109861781,0.11177336013177347,0.3518006063207538,0.0,0.0,0.0,0.3,0.0,0.3,0.0,0.08,0.0,0.05,0.25
343,0.9792373585457774,0.5044842461972366,0.9695956961446099,0.5040452939675228,0.23280729257740893,0.5,0.7333333333333333,0.2656712094567803,0.2839041406376237,0.0,0.6914285714285714,0.26772336321319506,0.2843586559386472,0.0,0.0,0.0,0.05714285714285714,2.857142857142857,0.0,0.0,0.03317841613180248,0.08436634914903715,10.67878787878788,0.0,0.0,0.15,0.07878787878787878,0,0.10558697600380193,0.2518057554312472,0.10953789292913801,0.3447645941943387,0.0,0.0,0.0,0.3,0.0,0.3,0.0,0.08,0.0,0.05,0.25
344,0.9792175901504568,0.5048606585494698,0.9695770573718793,0.5042886061983382,0.23280729257740893,0.5,0.6909090909090909,0.26554999733556817,0.2838132315467146,0.0,0.6514285714285715,0.26760907749890933,0.2842729416529329,0.0,0.0030303030303030303,0.002857142857142857,0.05714285714285714,2.8514285714285714,0.0,0.0,0.03317841613180248,0.08436634914903715,10.67878787878788,0.0,0.0,0.15,0.07878787878787878,0,0.10548761255235435,0.2525289353985426,0.11020427792769809,0.3567889110353231,0.0,0.0,0.0,0.3,0.0,0.3,0.0,0.08,0.0030303030303030303,0.05,0.25
345,0.9805146230460511,0.5037700277488911,0.9707999741020109,0.5032968913773321,0.23280729257740893,0.5,0.6909090909090909,0.26536817915375,0.2836768679103509,0.0,0.6514285714285715,0.26743764892748073,0.2841443702243615,0.0,0.006060606060606061,0.005714285714285714,0.05714285714285714,2.8657142857142857,0.0,0.0,0.03317841613180248,0.08436634914903715,10.67878787878788,0.0,0.0,0.15,0.07878787878787878,0,0.10581731734673544,0.2512662907215499,0.11371447808342984,0.38062670330100296,0.0,1.0,0.0,0.3,0.0,0.3,0.0,0.08,0.006060606060606061,0.05,0.25
346,0.9793030648775333,0.5038958414451155,0.9696576478288369,0.5034323549754026,0.23280729257740893,0.5,0.693939393939394,0.26536169489238776,0.2835859588194418,0.0,0.6542857142857142,0.2674315351953392,0.2840586559386472,0.0,0.0030303030303030303,0.002857142857142857,0.05714285714285714,2.8285714285714287,0.0,0.0,0.03317841613180248,0.08436634914903715,10.67878787878788,0.0,0.0,0.15,0.07878787878787878,0,0.10571680218857318,0.2500099592679421,0.1142973313789041,0.3730141692349829,0.0,1.0,0.0,0.3,0.0,0.3,0.0,0.08,0.0030303030303030303,0.05,0.25
347,0.9781092129739571,0.5036011831973817,0.9685320160340367,0.5033710654079342,0.23280729257740893,0.5,0.7606060606060606,0.2652404827711756,0.2834950497285328,0.0,0.7171428571428572,0.2673172494810535,0.2839729416529329,0.0,0.0030303030303030303,0.002857142857142857,0.05714285714285714,2.797142857142857,0.0,0.0,0.03317841613180248,0.08436634914903715,10.67878787878788,0.0,0.0,0.15,0.07878787878787878,0,0.10561678960620177,0.2487599094716024,0.11486852760846887,0.36966115008099654,0.0,0.0,0.0,0.3,0.0,0.3,0.0,0.08,0.0030303030303030303,0.05,0.25
348,0.978019208094993,0.5040741978071496,0.9684471542910132,0.5036874188156314,0.23280729257740893,0.5,0.6848484848484848,0.2652404827711756,0.2834950497285328,0.0,0.6457142857142857,0.2673172494810535,0.2839729416529329,0.0,0.0,0.0,0.05714285714285714,2.7542857142857144,0.0,0.0,0.03317841613180248,0.08436634914903715,10.67878787878788,0.0,0.0,0.15,0.07878787878787878,0,0.10508870565817074,0.2475161099242444,0.11257115705629948,0.3622679270793766,0.0,0.0,0.0,0.3,0.0,0.3,0.0,0.08,0.0,0.05,0.25
349,0.9782689649638608,0.5048591861229662,0.9686826393388029,0.5044861059448238,0.23280729257740893,0.5,0.7090909090909091,0.2652404827711756,0.2834950497285328,0.0,0.6685714285714286,0.2673172494810535,0.2839729416529329,0.0,0.0,0.0,0.05714285714285714,2.78,0.0030303030303030303,0.0,0.03317841613180248,0.08436634914903715,10.67878787878788,0.0,0.0,0.15,0.07878787878787878,0,0.10456326212987989,0.24627852937462316,0.11031973391517348,0.3550225685377891,0.0,0.0,0.0,0.3,0.0,0.3,0.0,0.08,0.0,0.05,0.25
350,0.9796658430210958,0.5044674381867499,0.9699996957927676,0.5044121212561852,0.23280729257740893,0.5,0.6878787878787879,0.2649892923661091,0.28326777700126005,0.0,0.6485714285714286,0.2670804128134193,0.2837586559386472,0.0,0.00909090909090909,0.008571428571428572,0.05714285714285714,2.7857142857142856,0.0,0.0,0.03317841613180248,0.08436634914903715,10.67878787878788,0.0,0.0,0.15,0.07878787878787878,0,0.10532616010494476,0.24807808727869196,0.1166847678082986,0.42860156085017875,0.0,0.6666666666666666,0.0,0.3,0.0,0.3,0.0,0.08,0.00909090909090909,0.05,0.25
351,0.9802753367582415,0.5044916694151451,0.9705743613163619,0.5046104724454398,0.23280729257740893,0.5,0.7454545454545455,0.2649260667581545,0.28326777700126005,0.0,0.7028571428571428,0.26702080009734785,0.2837586559386472,0.0,0.0030303030303030303,0.002857142857142857,0.05714285714285714,2.7885714285714287,0.0,0.0,0.03317841613180248,0.08436634914903715,10.67878787878788,0.0,0.0,0.15,0.07878787878787878,0,0.10522810073299146,0.2468376968422985,0.11720821530927547,0.4253150868125753,0.0,1.0,0.0,0.3,0.0,0.3,0.0,0.08,0.0030303030303030303,0.05,0.25
352,0.9821561902477987,0.5037105587897822,0.9723477374636587,0.5040599374237648,0.23280729257740893,0.5,0.7606060606060606,0.2649260667581545,0.28326777700126005,0.0,0.7171428571428572,0.26702080009734785,0.2837586559386472,0.0,0.0,0.0,0.05714285714285714,2.757142857142857,0.0,0.0,0.03317841613180248,0.08436634914903715,10.67878787878788,0.0,0.0,0.15,0.07878787878787878,0,0.1047019602293265,0.24560350835808703,0.11486405100308998,0.4168087850763238,0.0,0.0,0.0,0.3,0.0,0.3,0.0,0.08,0.0,0.05,0.25
353,0.9828834214612608,0.5029679277545221,0.97303341260778,0.5033380496788303,0.23280729257740893,0.5,0.7787878787878788,0.2648048546369424,0.283176867910351,0.0,0.7342857142857143,0.2669065143830621,0.28367294165293294,0.0,0.0030303030303030303,0.002857142857142857,0.05714285714285714,2.742857142857143,0.0,0.0,0.03317841613180248,0.08436634914903715,10.67878787878788,0.0,0.0,0.15,0.07878787878787878,0,0.10460702185675132,0.25630775516847704,0.11542391284017103,0.40847260937479735,0.0,0.0,0.0,0.3,0.0,0.3,0.0,0.08,0.0030303030303030303,0.05,0.25
354,0.981615913824927,0.5032299139603834,0.9718383339792367,0.5036882647350512,0.23280729257740893,0.5,0.7484848484848485,0.2643200061520939,0.28294448323097154,0.0,0.7057142857142857,0.26644937152591924,0.2834538360980895,0.0,0.015151515151515152,0.014285714285714285,0.05714285714285714,2.742857142857143,0.0,0.0,0.03317841613180248,0.08436634914903715,10.67878787878788,0.0,0.0,0.15,0.07878787878787878,0,0.10622684389032469,0.267428956271892,0.12740114886908188,0.4089077664764849,0.0,0.6,0.0,0.3,0.0,0.3,0.0,0.08,0.015151515151515152,0.05,0.25
355,0.981198956507841,0.5031878091537687,0.9714452027945553,0.5035146359450402,0.23280729257740893,0.5,0.7787878787878788,0.2643200061520939,0.28294448323097154,0.0,0.7342857142857143,0.26644937152591924,0.2834538360980895,0.0,0.0,0.0,0.05714285714285714,2.782857142857143,0.006060606060606061,0.0,0.03317841613180248,0.08436634914903715,10.67878787878788,0.0,0.0,0.15,0.07878787878787878,0,0.10569570967087305,0.26609181149053257,0.12485312589170024,0.4007296111469552,0.0,0.0,0.0,0.3,0.0,0.3,0.0,0.08,0.0,0.05,0.25
356,0.9801505537072509,0.503693272736079,0.9704567087254278,0.5041944716997862,0.23280729257740893,0.5,0.7515151515151515,0.2643200061520939,0.28294448323097154,0.0,0.7085714285714285,0.26644937152591924,0.2834538360980895,0.0,0.0,0.0,0.05714285714285714,2.817142857142857,0.0030303030303030303,0.0,0.03317841613180248,0.08436634914903715,10.67878787878788,0.0,0.0,0.15,0.07878787878787878,0,0.10516723112251872,0.2647613524330799,0.12235606337386623,0.3927150189240161,0.0,0.0,0.0,0.3,0.0,0.3,0.0,0.08,0.0,0.05,0.25
357,0.9797681920337343,0.5045808195055766,0.9700961962903981,0.5051231204632459,0.23280729257740893,0.5,0.8090909090909091,0.2643200061520939,0.28294448323097154,0.0,0.7628571428571429,0.26644937152591924,0.2834538360980895,0.0,0.0,0.0,0.05714285714285714,2.86,0.00909090909090909,0.0,0.03317841613180248,0.08436634914903715,10.67878787878788,0.0,0.0,0.15,0.07878787878787878,0,0.10464139496690611,0.2634375456709145,0.11990894210638892,0.3848607185455358,0.0,0.0,0.0,0.3,0.0,0.3,0.0,0.08,0.0,0.05,0.25
358,0.9801766894310212,0.504493417016252,0.9704813509792686,0.5051266579171485,0.23280729257740893,0.5,0.7606060606060606,0.2643034266424317,0.28294448323097154,0.0,0.7171428571428572,0.2664337394168092,0.2834538360980895,0.0,0.0030303030303030303,0.002857142857142857,0.05714285714285714,2.8285714285714287,0.0030303030303030303,0.0,0.03317841613180248,0.08436634914903715,10.67878787878788,0.0,0.0,0.15,0.07878787878787878,0,0.10454675942064301,0.26212035794255995,0.120367906121404,0.3927331813626705,0.0,1.0,0.0,0.3,0.0,0.3,0.0,0.08,0.0030303030303030303,0.05,0.25
359,0.9805236044215521,0.5047353175373176,0.9708084422560548,0.5053916600668219,0.23280729257740893,0.5,0.7363636363636363,0.2641822145212196,0.28285357414006246,0.0,0.6942857142857143,0.2663194537025235,0.2833681218123752,0.0,0.0030303030303030303,0.002857142857142857,0.05714285714285714,2.8714285714285714,0.006060606060606061,0.0,0.03317841613180248,0.08436634914903715,10.67878787878788,0.0,0.0,0.15,0.07878787878787878,0,0.10445259705211123,0.2608097561528471,0.12081769085611878,0.4037000639964324,0.0,0.0,0.0,0.3,0.0,0.3,0.0,0.08,0.0030303030303030303,0.05,0.25
360,0.9813104001466806,0.5055325036407688,0.9715502782254614,0.5061096164717017,0.23280729257740893,0.5,0.7393939393939394,0.26406100240000746,0.28276266504915337,0.0,0.6971428571428572,0.2662051679882378,0.2832824075266609,0.0,0.0030303030303030303,0.002857142857142857,0.05714285714285714,2.9485714285714284,0.006060606060606061,0.0,0.03317841613180248,0.08436634914903715,10.67878787878788,0.0,0.0,0.15,0.07878787878787878,0,0.1043589054954221,0.2595057073720829,0.12125847989613922,0.4037000639964324,0.0,0.0,0.0,0.3,0.0,0.3,0.0,0.08,0.0030303030303030303,0.05,0.25
361,0.9813919539864844,0.5058132298297446,0.9716271718458479,0.5064044804373485,0.23280729257740893,0.5,0.7424242424242424,0.26381857815758325,0.2825808468673352,0.0,0.7,0.2659765965596664,0.28311097895523235,0.0,0.006060606060606061,0.005714285714285714,0.05714285714285714,3.0,0.006060606060606061,0.0,0.03317841613180248,0.08436634914903715,10.67878787878788,0.0,0.0,0.15,0.07878787878787878,0,0.10469425382508785,0.25820817883522246,0.12454759601250219,0.4028778642734252,0.0,0.0,0.0,0.3,0.0,0.3,0.0,0.08,0.006060606060606061,0.05,0.25
362,0.9805421970660085,0.5056659061219552,0.970825972463685,0.5063973880117065,0.23280729257740893,0.5,0.7303030303030303,0.263576153915159,0.28239902868551703,0.0,0.6885714285714286,0.2657480251310949,0.28293955038380375,0.0,0.006060606060606061,0.005714285714285714,0.05714285714285714,3.045714285714286,0.0030303030303030303,0.0,0.03317841613180248,0.08436634914903715,10.67878787878788,0.0,0.0,0.15,0.07878787878787878,0,0.10502792541310527,0.2569171379410463,0.12777092980653784,0.4213134250485561,0.0,0.0,0.0,0.3,0.0,0.3,0.0,0.08,0.006060606060606061,0.05,0.25
363,0.9818363800152106,0.5050774836378462,0.972046202101504,0.5059748138855164,0.23280729257740893,0.5,0.6636363636363637,0.263576153915159,0.28239902868551703,0.0,0.6257142857142857,0.2657480251310949,0.28293955038380375,0.0,0.0,0.0,0.05714285714285714,3.057142857142857,0.00909090909090909,0.0,0.03317841613180248,0.08436634914903715,10.67878787878788,0.0,0.0,0.15,0.07878787878787878,0,0.10450278578603973,0.25563255225134107,0.12521551121040708,0.41288715654758495,0.0,0.0,0.0,0.3,0.0,0.3,0.0,0.08,0.0,0.05,0.25
364,0.981770676580058,0.5052838409805772,0.9719842531483603,0.5062776129871905,0.23280729257740893,0.5,0.6515151515151515,0.26345494179394685,0.28230811959460794,0.0,0.6142857142857143,0.2656337394168092,0.28285383609808945,0.0,0.0030303030303030303,0.002857142857142857,0.05714285714285714,3.0714285714285716,0.0030303030303030303,0.0,0.03317841613180248,0.08436634914903715,10.67878787878788,0.0,0.0,0.15,0.07878787878787878,0,0.10440884328568095,0.2543543894900844,0.12556834384334178,0.42115908693040127,0.0,0.0,0.0,0.3,0.0,0.3,0.0,0.08,0.0030303030303030303,0.05,0.25
365,0.9809393429007276,0.5061440745344492,0.9712004242507059,0.5071182205426442,0.23280729257740893,0.5,0.6575757575757576,0.2633337296727348,0.28221721050369886,0.0,0.62,0.26551945370252344,0.28276812181237515,0.0,0.0030303030303030303,0.002857142857142857,0.05714285714285714,3.0085714285714285,0.0030303030303030303,0.0,0.03317841613180248,0.08436634914903715,10.67878787878788,0.0,0.0,0.15,0.07878787878787878,0,0.10431537049782398,0.25308261754263395,0.12591411982361783,0.4212193287230564,0.0,0.0,0.0,0.3,0.0,0.3,0.0,0.08,0.0030303030303030303,0.05,0.25
366,0.9818197338575191,0.5059488491995721,0.9720305071528235,0.5069842514724745,0.23280729257740893,0.5,0.6727272727272727,0.26321251755152264,0.28212630141278977,0.0,0.6342857142857142,0.2654051679882377,0.2826824075266609,0.0,0.0030303030303030303,0.002857142857142857,0.05714285714285714,2.9314285714285715,0.0,0.0,0.03317841613180248,0.08436634914903715,10.67878787878788,0.0,0.0,0.15,0.07878787878787878,0,0.1042223650739063,0.2518172044549208,0.12625298028428833,0.42814851415419214,0.0,0.0,0.0,0.3,0.0,0.3,0.0,0.08,0.0030303030303030303,0.05,0.25
367,0.9800998478149671,0.5058559780219555,0.970408900312703,0.5070122173336391,0.23280729257740893,0.5,0.7090909090909091,0.26321251755152264,0.28212630141278977,0.0,0.6685714285714286,0.2654051679882377,0.2826824075266609,0.0,0.0,0.0,0.05714285714285714,2.96,0.0,0.0,0.03317841613180248,0.08436634914903715,10.67878787878788,0.0,0.0,0.15,0.07878787878787878,0,0.10370125324853677,0.2505581184326462,0.12372792067860254,0.4195855438711083,0.0,0.0,0.0,0.3,0.0,0.3,0.0,0.08,0.0,0.05,0.25
368,0.9812684036596211,0.5049448160489076,0.9715106815376625,0.5062432757646508,0.23280729257740893,0.5,0.6696969696969697,0.2630913054303105,0.28203539232188063,0.0,0.6314285714285715,0.26529088227395203,0.2825966932409466,0.0,0.0030303030303030303,0.002857142857142857,0.05714285714285714,2.9457142857142857,0.0030303030303030303,0.0,0.03317841613180248,0.08436634914903715,10.67878787878788,0.0,0.0,0.15,0.07878787878787878,0,0.1036113184108655,0.24930532784048295,0.12411050512217335,0.4168282770254274,0.0,0.0,0.0,0.3,0.0,0.3,0.0,0.08,0.0030303030303030303,0.05,0.25
369,0.9813422683096449,0.5048140829771691,0.9715803253505421,0.5060187683913159,0.23280729257740893,0.5,0.6848484848484848,0.26290948724849234,0.281899028685517,0.0,0.6457142857142857,0.2651194537025235,0.2824681218123752,0.0,0.006060606060606061,0.005714285714285714,0.05714285714285714,2.8914285714285715,0.0,0.0,0.03317841613180248,0.08436634914903715,10.67878787878788,0.0,0.0,0.15,0.07878787878787878,0,0.10395040467595404,0.2494429328938579,0.1273425807340156,0.45128144184625374,0.0,0.5,0.0,0.3,0.0,0.3,0.0,0.08,0.006060606060606061,0.05,0.25
370,0.9803098850480708,0.5047182165513757,0.9706069354182009,0.5057366522760826,0.23280729257740893,0.5,0.696969696969697,0.26290948724849234,0.281899028685517,0.0,0.6571428571428571,0.2651194537025235,0.2824681218123752,0.0,0.0,0.0,0.05714285714285714,2.8771428571428572,0.0030303030303030303,0.0,0.03317841613180248,0.08436634914903715,10.67878787878788,0.0,0.0,0.15,0.07878787878787878,0,0.10343065265257427,0.24819571822938863,0.12479572911933527,0.44225581300932865,0.0,0.0,0.0,0.3,0.0,0.3,0.0,0.08,0.0,0.05,0.25
371,0.9804999923567682,0.5049042413788781,0.9707861794521155,0.5059340406010878,0.23280729257740893,0.5,0.7272727272727273,0.2627882751272802,0.2818081195946079,0.0,0.6857142857142857,0.26500516798823776,0.2823824075266609,0.0,0.0030303030303030303,0.002857142857142857,0.05714285714285714,2.8971428571428572,0.0,0.0,0.03317841613180248,0.08436634914903715,10.67878787878788,0.0,0.0,0.15,0.07878787878787878,0,0.10334207081788283,0.2532847201599153,0.12515695739409144,0.4384080505990564,0.0,0.0,0.0,0.3,0.0,0.3,0.0,0.08,0.0030303030303030303,0.05,0.25
372,0.9788052222219707,0.5060856436947074,0.9691882533250207,0.507278066489932,0.23280729257740893,0.5,0.7363636363636363,0.2627882751272802,0.2818081195946079,0.0,0.6942857142857143,0.26500516798823776,0.2823824075266609,0.0,0.0,0.0,0.05714285714285714,2.9114285714285715,0.0030303030303030303,0.0,0.03317841613180248,0.08436634914903715,10.67878787878788,0.0,0.0,0.15,0.07878787878787878,0,0.10282536046379341,0.2520182965591158,0.12265381824620959,0.4296398895870753,0.0,0.0,0.0,0.3,0.0,0.3,0.0,0.08,0.0,0.05,0.25
373,0.9786904192439149,0.5061233773718704,0.9690800105171397,0.5073522525658036,0.23280729257740893,0.5,0.6787878787878788,0.2627882751272802,0.2818081195946079,0.0,0.64,0.26500516798823776,0.2823824075266609,0.0,0.0,0.0,0.05714285714285714,2.8314285714285714,0.006060606060606061,0.0,0.03317841613180248,0.08436634914903715,10.67878787878788,0.0,0.0,0.15,0.07878787878787878,0,0.10231123366147445,0.2507582050763202,0.1202007418812854,0.42104709179533373,0.0,0.0,0.0,0.3,0.0,0.3,0.0,0.08,0.0,0.05,0.25
374,0.9797892017036534,0.5053062206385277,0.97011600540775,0.5063422679249121,0.23280729257740893,0.5,0.693939393939394,0.2627882751272802,0.2818081195946079,0.0,0.6542857142857142,0.26500516798823776,0.2823824075266609,0.0,0.0,0.0,0.05714285714285714,2.7857142857142856,0.006060606060606061,0.0,0.03317841613180248,0.08436634914903715,10.67878787878788,0.0,0.0,0.15,0.07878787878787878,0,0.10179967749316707,0.24950441405093857,0.1177967270436597,0.41262614995942704,0.0,0.0,0.0,0.3,0.0,0.3,0.0,0.08,0.0,0.05,0.25
375,0.978719539152798,0.504878460470454,0.9691074664312294,0.5057303715529342,0.23280729257740893,0.5,0.7303030303030303,0.2627882751272802,0.2818081195946079,0.0,0.6885714285714286,0.26500516798823776,0.2823824075266609,0.0,0.0,0.0,0.05714285714285714,2.74,0.006060606060606061,0.0,0.03317841613180248,0.08436634914903715,10.67878787878788,0.0,0.0,0.15,0.07878787878787878,0,0.10129067910570122,0.24825689198068387,0.11544079250278651,0.4043736269602385,0.0,0.0,0.0,0.3,0.0,0.3,0.0,0.08,0.0,0.05,0.25
376,0.977729577718681,0.5037911595952617,0.9681740742219189,0.5046128678351476,0.23280729257740893,0.5,0.7757575757575758,0.2627882751272802,0.2818081195946079,0.0,0.7314285714285714,0.26500516798823776,0.2823824075266609,0.0,0.0,0.0,0.05714285714285714,2.697142857142857,0.006060606060606061,0.0,0.03317841613180248,0.08436634914903715,10.67878787878788,0.0,0.0,0.15,0.07878787878787878,0,0.10078422571017273,0.24701560752078047,0.11313197665273078,0.3962861544210337,0.0,0.0,0.0,0.3,0.0,0.3,0.0,0.08,0.0,0.05,0.25
377,0.9767173156217547,0.5039543015950716,0.9672196556733885,0.5046964262584828,0.23280729257740893,0.5,0.7575757575757576,0.26254585088485594,0.28162630141278977,0.0,0.7142857142857143,0.2647765965596663,0.28221097895523234,0.0,0.006060606060606061,0.005714285714285714,0.05714285714285714,2.66,0.0030303030303030303,0.0,0.03317841613180248,0.08436634914903715,10.67878787878788,0.0,0.0,0.15,0.07878787878787878,0,0.10113744743876472,0.24578052948317655,0.11658362283396184,0.4078555409063162,0.0,0.0,0.0,0.3,0.0,0.3,0.0,0.08,0.006060606060606061,0.05,0.25
378,0.9779252813970842,0.5037201973802578,0.9683585948329849,0.5043326386787409,0.23280729257740893,0.5,0.7757575757575758,0.26254585088485594,0.28162630141278977,0.0,0.7314285714285714,0.2647765965596663,0.28221097895523234,0.0,0.0,0.0,0.05714285714285714,2.625714285714286,0.0,0.0,0.03317841613180248,0.08436634914903715,10.67878787878788,0.0,0.0,0.15,0.07878787878787878,0,0.10063176020157089,0.24455162683576068,0.11425195037728263,0.3996984300881899,0.0,0.0,0.0,0.3,0.0,0.3,0.0,0.08,0.0,0.05,0.25
379,0.9784697416963318,0.5027823142357046,0.9688719431151328,0.5034629515999253,0.23280729257740893,0.5,0.7757575757575758,0.26254585088485594,0.28162630141278977,0.0,0.7314285714285714,0.2647765965596663,0.28221097895523234,0.0,0.0,0.0,0.05714285714285714,2.6685714285714286,0.0,0.0,0.03317841613180248,0.08436634914903715,10.67878787878788,0.0,0.0,0.15,0.07878787878787878,0,0.10012860140056302,0.24332886870158185,0.11196691136973698,0.3917044614864261,0.0,0.0,0.0,0.3,0.0,0.3,0.0,0.08,0.0,0.05,0.25
380,0.9772605450667032,0.5027611345999103,0.9677318434357687,0.5036835124302578,0.23280729257740893,0.5,0.7545454545454545,0.26242463876364386,0.2815353923218807,0.0,0.7114285714285714,0.2646623108453806,0.28212526466951804,0.0,0.0030303030303030303,0.002857142857142857,0.05714285714285714,2.6885714285714286,0.0,0.0,0.03317841613180248,0.08436634914903715,10.67878787878788,0.0,0.0,0.15,0.07878787878787878,0,0.10005652982213166,0.24211222435807395,0.11258471599948507,0.40539514464153253,0.0,0.0,0.0,0.3,0.0,0.3,0.0,0.08,0.0030303030303030303,0.05,0.25
381,0.9795015382402646,0.5023348581402566,0.9698447798565549,0.5034481506648026,0.23280729257740893,0.5,0.6757575757575758,0.26242463876364386,0.2815353923218807,0.0,0.6371428571428571,0.2646623108453806,0.28212526466951804,0.0,0.0,0.0,0.05714285714285714,2.7714285714285714,0.0,0.0,0.03317841613180248,0.08436634914903715,10.67878787878788,0.0,0.0,0.15,0.07878787878787878,0,0.099556247173021,0.2409016632362836,0.11033302167949537,0.3972872417487019,0.0,0.0,0.0,0.3,0.0,0.3,0.0,0.08,0.0,0.05,0.25
382,0.9793905653206542,0.501854315545784,0.9697401482466366,0.5030841046200077,0.23280729257740893,0.5,0.6484848484848484,0.2623034266424317,0.2814444832309716,0.0,0.6114285714285714,0.2645480251310949,0.28203955038380374,0.0,0.0030303030303030303,0.002857142857142857,0.05714285714285714,2.7542857142857144,0.0,0.0,0.03317841613180248,0.08436634914903715,10.67878787878788,0.0,0.0,0.15,0.07878787878787878,0,0.09948703736572732,0.23969715492010216,0.1109835041030483,0.41186747285148023,0.0,0.0,0.0,0.3,0.0,0.3,0.0,0.08,0.0030303030303030303,0.05,0.25
383,0.9784139226048278,0.5014298251534337,0.9688193136860004,0.5026923485136439,0.23280729257740893,0.5,0.7212121212121212,0.26212160846061355,0.2813081195946079,0.0,0.68,0.26437659655966633,0.28191097895523237,0.0,0.006060606060606061,0.005714285714285714,0.05714285714285714,2.7057142857142855,0.0030303030303030303,0.0,0.03317841613180248,0.08436634914903715,10.67878787878788,0.0,0.0,0.15,0.07878787878787878,0,0.09984674503604155,0.23849866914550166,0.11447811973527307,0.41047039608565955,0.0,0.5,0.0,0.3,0.0,0.3,0.0,0.08,0.006060606060606061,0.05,0.25
384,0.9779925604620385,0.5017605977548225,0.9684220293799418,0.5028862643597674,0.23280729257740893,0.5,0.7363636363636363,0.26212160846061355,0.2813081195946079,0.0,0.6942857142857143,0.26437659655966633,0.28191097895523237,0.0,0.0,0.0,0.05714285714285714,2.7285714285714286,0.0,0.0,0.03317841613180248,0.08436634914903715,10.67878787878788,0.0,0.0,0.15,0.07878787878787878,0,0.09934751131086132,0.23730617579977414,0.11218855734056758,0.40226098816394634,0.0,0.0,0.0,0.3,0.0,0.3,0.0,0.08,0.0,0.05,0.25
385,0.9782975988327494,0.5014857425535808,0.968709636986612,0.5026827306592573,0.23280729257740893,0.5,0.7181818181818181,0.2620003963394014,0.2812172105036988,0.0,0.6771428571428572,0.2642623108453806,0.28182526466951807,0.0,0.0030303030303030303,0.002857142857142857,0.05714285714285714,2.697142857142857,0.006060606060606061,0.0,0.03317841613180248,0.08436634914903715,10.67878787878788,0.0,0.0,0.15,0.07878787878787878,0,0.09927934518287845,0.23725638519274173,0.11280192905089911,0.3967475558609239,0.0,0.0,0.0,0.3,0.0,0.3,0.0,0.08,0.0030303030303030303,0.05,0.25
386,0.9789982195526554,0.5017841720448342,0.9693702222368092,0.5029076181265054,0.23280729257740893,0.5,0.7272727272727273,0.261846564243855,0.2811263014127897,0.0,0.6857142857142857,0.264117269155294,0.28173955038380377,0.0,0.006060606060606061,0.005714285714285714,0.05714285714285714,2.7085714285714286,0.0030303030303030303,0.0,0.03317841613180248,0.08436634914903715,10.67878787878788,0.0,0.0,0.15,0.07878787878787878,0,0.09964009131410691,0.23607010326677802,0.11626017618416684,0.4184811127852279,0.0,0.5,0.0,0.3,0.0,0.3,0.0,0.08,0.006060606060606061,0.05,0.25
387,0.9770883749632207,0.5022312819242779,0.9675695116239136,0.5033328589556183,0.23280729257740893,0.5,0.7121212121212122,0.261846564243855,0.2811263014127897,0.0,0.6714285714285714,0.264117269155294,0.28173955038380377,0.0,0.0,0.0,0.05714285714285714,2.7142857142857144,0.00909090909090909,0.0,0.03317841613180248,0.08436634914903715,10.67878787878788,0.0,0.0,0.15,0.07878787878787878,0,0.09914189085753639,0.23488975275044413,0.11393497266048351,0.4101114905295234,0.0,0.0,0.0,0.3,0.0,0.3,0.0,0.08,0.0,0.05,0.25
388,0.9775454758588599,0.502970255564679,0.9680004924683733,0.5038394120988121,0.23280729257740893,0.5,0.7696969696969697,0.2616041400014308,0.28094448323097154,0.0,0.7257142857142858,0.2638886977267226,0.2815681218123752,0.0,0.006060606060606061,0.005714285714285714,0.05714285714285714,2.66,0.006060606060606061,0.0,0.03317841613180248,0.08436634914903715,10.67878787878788,0.0,0.0,0.15,0.07878787878787878,0,0.09950332426039153,0.23507703258529575,0.11737055892155955,0.46613905143353107,0.0,0.0,0.0,0.3,0.0,0.3,0.0,0.08,0.006060606060606061,0.05,0.25
389,0.9779100786045232,0.503317090047813,0.9683442607714273,0.5040379155011532,0.23280729257740893,0.5,0.7121212121212122,0.2614829278802186,0.28085357414006246,0.0,0.6714285714285714,0.26377441201243684,0.2814824075266609,0.0,0.0030303030303030303,0.002857142857142857,0.05714285714285714,2.6228571428571428,0.0030303030303030303,0.0,0.03317841613180248,0.08436634914903715,10.67878787878788,0.0,0.0,0.15,0.07878787878787878,0,0.09943437906766103,0.23390164742236924,0.11788029060027119,0.4644991211456057,0.0,0.0,0.0,0.3,0.0,0.3,0.0,0.08,0.0030303030303030303,0.05,0.25
390,0.9777323945714976,0.5036167712292765,0.9681767301117178,0.5046003521969703,0.23280729257740893,0.5,0.7606060606060606,0.2613011096984005,0.28071721050369886,0.0,0.7171428571428572,0.2636029834410083,0.2813538360980895,0.0,0.006060606060606061,0.005714285714285714,0.05714285714285714,2.6714285714285713,0.0030303030303030303,0.0,0.03317841613180248,0.08436634914903715,10.67878787878788,0.0,0.0,0.15,0.07878787878787878,0,0.09979435002946559,0.2327321391852574,0.1212369705025515,0.4552091387226936,0.0,1.0,0.0,0.3,0.0,0.3,0.0,0.08,0.006060606060606061,0.05,0.25
391,0.9782085495717062,0.5039163270707747,0.9686256762547714,0.5048752312150329,0.23280729257740893,0.5,0.7848484848484848,0.2613011096984005,0.28071721050369886,0.0,0.74,0.2636029834410083,0.2813538360980895,0.0,0.0,0.0,0.05714285714285714,2.7514285714285713,0.0030303030303030303,0.0,0.03317841613180248,0.08436634914903715,10.67878787878788,0.0,0.0,0.15,0.07878787878787878,0,0.09929537827931824,0.23156847848933113,0.11881223109250048,0.4461049559482397,0.0,0.0,0.0,0.3,0.0,0.3,0.0,0.08,0.0,0.05,0.25
392,0.9771023696780459,0.5042331197994996,0.9675827066407487,0.5051923021417266,0.23280729257740893,0.5,0.7242424242424242,0.2610586854559762,0.2805353923218807,0.0,0.6828571428571428,0.2633744120124369,0.2811824075266609,0.0,0.006060606060606061,0.005714285714285714,0.05714285714285714,2.6857142857142855,0.0030303030303030303,0.0,0.03317841613180248,0.08436634914903715,10.67878787878788,0.0,0.0,0.15,0.07878787878787878,0,0.0996560442450645,0.23447375184160582,0.12215027218493615,0.44753735676118944,0.0,0.0,0.0,0.3,0.0,0.3,0.0,0.08,0.006060606060606061,0.05,0.25
393,0.976833670412107,0.5040378164335384,0.967329361618578,0.505038332375751,0.23280729257740893,0.5,0.7242424242424242,0.2609374733347641,0.2804444832309716,0.0,0.6828571428571428,0.26326012629815115,0.2810966932409466,0.0,0.006060606060606061,0.005714285714285714,0.05714285714285714,2.662857142857143,0.0030303030303030303,0.0,0.03317841613180248,0.08436634914903715,10.67878787878788,0.0,0.0,0.15,0.07878787878787878,0,0.10001490688098204,0.23330138308239778,0.12542155245552314,0.43858660962596563,0.0,1.0,0.0,0.3,0.0,0.3,0.0,0.08,0.006060606060606061,0.05,0.25
394,0.9770937218249308,0.5038655025694302,0.9675745529506689,0.5052042672196121,0.23280729257740893,0.5,0.7333333333333333,0.26081626121355195,0.2803535741400625,0.0,0.6914285714285714,0.2631458405838654,0.2810109789552323,0.0,0.0030303030303030303,0.002857142857142857,0.05714285714285714,2.642857142857143,0.0,0.0,0.03317841613180248,0.08436634914903715,10.67878787878788,0.0,0.0,0.15,0.07878787878787878,0,0.09994340377514856,0.23213487616698578,0.12577026426355556,0.4511442406629751,0.0,0.0,0.0,0.3,0.0,0.3,0.0,0.08,0.0030303030303030303,0.05,0.25
395,0.9775204693175066,0.5033724100932663,0.9679769148722405,0.5047494552839711,0.23280729257740893,0.5,0.7090909090909091,0.26081626121355195,0.2803535741400625,0.0,0.6685714285714286,0.2631458405838654,0.2810109789552323,0.0,0.0,0.0,0.05714285714285714,2.677142857142857,0.0,0.0,0.03317841613180248,0.08436634914903715,10.67878787878788,0.0,0.0,0.15,0.07878787878787878,0,0.0994436867562728,0.23097420178615086,0.12325485897828443,0.44212135584971557,0.0,0.0,0.0,0.3,0.0,0.3,0.0,0.08,0.0,0.05,0.25
396,0.9787993234856613,0.5037084477631822,0.9691826916593576,0.5050558176933377,0.23280729257740893,0.5,0.7545454545454545,0.2606950490923398,0.2802626650491534,0.0,0.7114285714285714,0.2630315548695797,0.28092526466951806,0.0,0.0030303030303030303,0.002857142857142857,0.05714285714285714,2.722857142857143,0.0,0.0,0.03317841613180248,0.08436634914903715,10.67878787878788,0.0,0.0,0.15,0.07878787878787878,0,0.09937503975106288,0.2298193307772201,0.1236469046558616,0.46092642222464575,0.0,0.0,0.0,0.3,0.0,0.3,0.0,0.08,0.0030303030303030303,0.05,0.25
397,0.977718165201456,0.5045200380422514,0.9681633138485355,0.5058860813496524,0.23280729257740893,0.5,0.7242424242424242,0.26057383697112774,0.2801717559582443,0.0,0.6828571428571428,0.262917269155294,0.28083955038380376,0.0,0.0030303030303030303,0.002857142857142857,0.05714285714285714,2.68,0.0,0.0,0.03317841613180248,0.08436634914903715,10.67878787878788,0.0,0.0,0.15,0.07878787878787878,0,0.09930673598087898,0.22867023412333398,0.12403110941988721,0.4621993825869672,0.0,0.0,0.0,0.3,0.0,0.3,0.0,0.08,0.0030303030303030303,0.05,0.25
398,0.977792498626713,0.5036178182800489,0.9682333996494921,0.5052216722777354,0.23280729257740893,0.5,0.7272727272727273,0.26051323091052164,0.28012630141278977,0.0,0.6857142857142857,0.26286012629815114,0.2807966932409466,0.0,0.0030303030303030303,0.002857142857142857,0.05714285714285714,2.7257142857142855,0.0,0.0,0.03317841613180248,0.08436634914903715,10.67878787878788,0.0,0.0,0.15,0.07878787878787878,0,0.09923877372954602,0.22752688295271734,0.12440763008863233,0.4529553949352279,0.0,1.0,0.0,0.3,0.0,0.3,0.0,0.08,0.0030303030303030303,0.05,0.25
399,0.9781319733462416,0.5025949484695852,0.9685534758136192,0.504343349455901,0.23280729257740893,0.5,0.6848484848484848,0.26051323091052164,0.28012630141278977,0.0,0.6457142857142857,0.26286012629815114,0.2807966932409466,0.0,0.0,0.0,0.05714285714285714,2.7542857142857144,0.0,0.0,0.03317841613180248,0.08436634914903715,10.67878787878788,0.0,0.0,0.15,0.07878787878787878,0,0.09874257986089831,0.22638924853795375,0.12191947748685968,0.4438962870365233,0.0,0.0,0.0,0.3,0.0,0.3,0.0,0.08,0.0,0.05,0.25
400,0.9778264572444396,0.5019882333688446,0.9682654177747771,0.5037238935692477,0.23280729257740893,0.5,0.7363636363636363,0.2603920187893095,0.2800353923218807,0.0,0.6942857142857143,0.2627458405838654,0.28071097895523234,0.0,0.0030303030303030303,0.002857142857142857,0.05714285714285714,2.78,0.0,0.0,0.03317841613180248,0.08436634914903715,10.67878787878788,0.0,0.0,0.15,0.07878787878787878,0,0.09867743839016523,0.23232288952939184,0.12233823079426534,0.43501836129579285,0.0,0.0,0.0,0.3,0.0,0.3,0.0,0.08,0.0030303030303030303,0.05,0.25
401,0.979876278633609,0.5033862495807248,0.970198106513137,0.5050174238533404,0.23280729257740893,0.5,0.7212121212121212,0.2602708066680974,0.27994448323097154,0.0,0.68,0.26263155486957973,0.28062526466951804,0.0,0.0030303030303030303,0.002857142857142857,0.05714285714285714,2.7342857142857144,0.0,0.0,0.03317841613180248,0.08436634914903715,10.67878787878788,0.0,0.0,0.15,0.07878787878787878,0,0.09861262262678583,0.2387166366339679,0.12274860903552288,0.4298156415541392,0.0,0.0,0.0,0.3,0.0,0.3,0.0,0.08,0.0030303030303030303,0.05,0.25
402,0.9797364019298676,0.5037360803104216,0.9700662227638949,0.505546678477296,0.23280729257740893,0.5,0.7454545454545455,0.2602708066680974,0.27994448323097154,0.0,0.7028571428571428,0.26263155486957973,0.28062526466951804,0.0,0.0,0.0,0.05714285714285714,2.8142857142857145,0.0,0.0,0.03317841613180248,0.08436634914903715,10.67878787878788,0.0,0.0,0.15,0.07878787878787878,0,0.09811955951365191,0.23752305345079805,0.12029363685481244,0.4212193287230564,0.0,0.0,0.0,0.3,0.0,0.3,0.0,0.08,0.0,0.05,0.25
403,0.9784516479205263,0.5050159822730845,0.9688548832693734,0.5067251077199222,0.23280729257740893,0.5,0.7151515151515152,0.2602708066680974,0.27994448323097154,0.0,0.6742857142857143,0.26263155486957973,0.28062526466951804,0.0,0.0,0.0,0.05714285714285714,2.7914285714285714,0.0030303030303030303,0.0,0.03317841613180248,0.08436634914903715,10.67878787878788,0.0,0.0,0.15,0.07878787878787878,0,0.09762896171608365,0.23633543818354405,0.11788776411771618,0.41279494214859525,0.0,0.0,0.0,0.3,0.0,0.3,0.0,0.08,0.0,0.05,0.25
404,0.9792639573508485,0.5055350353552048,0.9696207750179626,0.507452122596359,0.23280729257740893,0.5,0.7090909090909091,0.2602708066680974,0.27994448323097154,0.0,0.6685714285714286,0.26263155486957973,0.28062526466951804,0.0,0.0,0.0,0.05714285714285714,2.802857142857143,0.0,0.0,0.03317841613180248,0.08436634914903715,10.67878787878788,0.0,0.0,0.15,0.07878787878787878,0,0.09714081690750322,0.23515376099262633,0.11553000883536185,0.4045390433056234,0.0,0.0,0.0,0.3,0.0,0.3,0.0,0.08,0.0,0.05,0.25
405,0.9795176626418107,0.5052899145256271,0.9698599828637272,0.5073467486316803,0.23280729257740893,0.5,0.703030303030303,0.2602708066680974,0.27994448323097154,0.0,0.6628571428571428,0.26263155486957973,0.28062526466951804,0.0,0.0,0.0,0.05714285714285714,2.842857142857143,0.0,0.0,0.03317841613180248,0.08436634914903715,10.67878787878788,0.0,0.0,0.15,0.07878787878787878,0,0.09665511282296571,0.2339779921876632,0.11321940865865461,0.39644826243951087,0.0,0.0,0.0,0.3,0.0,0.3,0.0,0.08,0.0,0.05,0.25
406,0.978765657757549,0.5051587093404619,0.9691509496871372,0.5074164952048806,0.23280729257740893,0.5,0.703030303030303,0.2601495945468853,0.27985357414006246,0.0,0.6628571428571428,0.262517269155294,0.28053955038380374,0.0,0.0030303030303030303,0.002857142857142857,0.05714285714285714,2.7485714285714287,0.0030303030303030303,0.0,0.03317841613180248,0.08436634914903715,10.67878787878788,0.0,0.0,0.15,0.07878787878787878,0,0.09660040868742231,0.23280810222672488,0.11381216334262437,0.4028778642734252,0.0,0.0,0.0,0.3,0.0,0.3,0.0,0.08,0.0030303030303030303,0.05,0.25
407,0.9785720453424531,0.5046389354782486,0.9689684008386186,0.506795304303758,0.23280729257740893,0.5,0.7121212121212122,0.26002838242567317,0.27976266504915337,0.0,0.6714285714285714,0.26240298344100826,0.28045383609808944,0.0,0.0030303030303030303,0.002857142857142857,0.05714285714285714,2.7257142857142855,0.0,0.0,0.03317841613180248,0.08436634914903715,10.67878787878788,0.0,0.0,0.15,0.07878787878787878,0,0.09654597807255662,0.23164406171559127,0.11439306293291476,0.395135800218815,0.0,0.0,0.0,0.3,0.0,0.3,0.0,0.08,0.0030303030303030303,0.05,0.25
408,0.9794156976322392,0.5033566060468685,0.9697638444261311,0.505610761121898,0.23280729257740893,0.5,0.7212121212121212,0.25990717030446103,0.2796717559582443,0.0,0.68,0.2622886977267226,0.28036812181237514,0.0,0.0030303030303030303,0.002857142857142857,0.05714285714285714,2.78,0.0,0.0,0.03317841613180248,0.08436634914903715,10.67878787878788,0.0,0.0,0.15,0.07878787878787878,0,0.09649181961076528,0.23320453396127722,0.11496234453139932,0.38723308421443875,0.0,0.0,0.0,0.3,0.0,0.3,0.0,0.08,0.0030303030303030303,0.05,0.25
409,0.9778744724691257,0.5026637863824613,0.9683106892723383,0.5048053828249253,0.23280729257740893,0.5,0.7303030303030303,0.2595435339408247,0.279399028685517,0.0,0.6885714285714286,0.26194584058386544,0.2801109789552323,0.0,0.00909090909090909,0.008571428571428572,0.05714285714285714,2.777142857142857,0.0,0.0,0.03317841613180248,0.08436634914903715,10.67878787878788,0.0,0.0,0.15,0.07878787878787878,0,0.09729507479842571,0.24336989833005598,0.12123452621219989,0.38869693590196813,0.0,0.0,0.0,0.3,0.0,0.3,0.0,0.08,0.00909090909090909,0.05,0.25
410,0.9771369663824401,0.5021510315272222,0.9676153263906061,0.504262705692138,0.23280729257740893,0.5,0.7484848484848485,0.2591798975771883,0.2791263014127897,0.0,0.7057142857142857,0.2616029834410083,0.27985383609808945,0.0,0.012121212121212121,0.011428571428571429,0.05714285714285714,2.7457142857142856,0.0,0.0,0.03317841613180248,0.08436634914903715,10.67878787878788,0.0,0.0,0.15,0.07878787878787878,0,0.09852288513871932,0.24292700217367222,0.13023840711652732,0.38092299718392875,0.0,0.75,0.0,0.3,0.0,0.3,0.0,0.08,0.012121212121212121,0.05,0.25
411,0.9783010040773137,0.5020793837684991,0.9687128476457727,0.5042595332458313,0.23280729257740893,0.5,0.6909090909090909,0.2590586854559762,0.2790353923218806,0.0,0.6514285714285715,0.26148869772672256,0.27976812181237515,0.0,0.0030303030303030303,0.002857142857142857,0.05714285714285714,2.6914285714285713,0.0,0.0,0.03317841613180248,0.08436634914903715,10.67878787878788,0.0,0.0,0.15,0.07878787878787878,0,0.09845884214159714,0.24171236716280384,0.13049078183133964,0.38652435538662167,0.0,0.0,0.0,0.3,0.0,0.3,0.0,0.08,0.0030303030303030303,0.05,0.25
412,0.9793763250736706,0.500870999660457,0.969726721728052,0.5031634305298928,0.23280729257740893,0.5,0.7151515151515152,0.25893747333476413,0.27894448323097154,0.0,0.6742857142857143,0.26137441201243683,0.27968240752666085,0.0,0.0030303030303030303,0.002857142857142857,0.05714285714285714,2.6885714285714286,0.0,0.0,0.03317841613180248,0.08436634914903715,10.67878787878788,0.0,0.0,0.15,0.07878787878787878,0,0.09839511935946059,0.24050380532698984,0.1307381090518557,0.404913109305811,0.0,0.0,0.0,0.3,0.0,0.3,0.0,0.08,0.0030303030303030303,0.05,0.25
413,0.9784600407592786,0.5008321947101222,0.9688627965173395,0.5031718427666781,0.23280729257740893,0.5,0.7121212121212122,0.25893747333476413,0.27894448323097154,0.0,0.6714285714285714,0.26137441201243683,0.27968240752666085,0.0,0.0,0.0,0.05714285714285714,2.7114285714285713,0.0,0.0,0.03317841613180248,0.08436634914903715,10.67878787878788,0.0,0.0,0.15,0.07878787878787878,0,0.09790314376266329,0.23930128630035488,0.12812334687081858,0.3968148471196947,0.0,0.0,0.0,0.3,0.0,0.3,0.0,0.08,0.0,0.05,0.25
414,0.9774755038903712,0.500836991428729,0.967934518898084,0.5033305289180316,0.23280729257740893,0.5,0.696969696969697,0.2587556551529459,0.2788081195946079,0.0,0.6571428571428571,0.26120298344100834,0.2795538360980895,0.0,0.006060606060606061,0.005714285714285714,0.05714285714285714,2.7114285714285713,0.0,0.0,0.03317841613180248,0.08436634914903715,10.67878787878788,0.0,0.0,0.15,0.07878787878787878,0,0.09827077090099282,0.2381047798688531,0.13127516564768793,0.3964518557552248,0.0,0.0,0.0,0.3,0.0,0.3,0.0,0.08,0.006060606060606061,0.05,0.25
415,0.9770647454101297,0.5007453969895244,0.9675472323309992,0.503248784262708,0.23280729257740893,0.5,0.6696969696969697,0.25839201878930956,0.2786263014127897,0.0,0.6314285714285715,0.26086012629815114,0.2793824075266609,0.0,0.012121212121212121,0.011428571428571429,0.05714285714285714,2.64,0.0,0.0,0.03317841613180248,0.08436634914903715,10.67878787878788,0.0,0.0,0.15,0.07878787878787878,0,0.09949370276077356,0.24333547554807608,0.14007823376330558,0.4054470899459073,0.0,0.5,0.0,0.3,0.0,0.3,0.0,0.08,0.012121212121212121,0.05,0.25
416,0.9784021715786533,0.5012068027732733,0.9688082341470358,0.5037857722342058,0.23280729257740893,0.5,0.7575757575757576,0.25833141272870347,0.27858084686733514,0.0,0.7142857142857143,0.2608029834410083,0.27933955038380376,0.0,0.0030303030303030303,0.002857142857142857,0.05714285714285714,2.64,0.0,0.0,0.03317841613180248,0.08436634914903715,10.67878787878788,0.0,0.0,0.15,0.07878787878787878,0,0.09942480567554114,0.24211879817033571,0.14013381194518235,0.3973381481469891,0.0,1.0,0.0,0.3,0.0,0.3,0.0,0.08,0.0030303030303030303,0.05,0.25
417,0.9801456039472596,0.5019427085317685,0.9704520418088646,0.5043614835008781,0.23280729257740893,0.5,0.7242424242424242,0.2579071703044611,0.27826266504915337,0.0,0.6828571428571428,0.26040298344100826,0.27903955038380374,0.0,0.012121212121212121,0.011428571428571429,0.05714285714285714,2.6857142857142855,0.0,0.0,0.03317841613180248,0.08436634914903715,10.67878787878788,0.0,0.0,0.15,0.07878787878787878,0,0.10064196736144916,0.24090820417948403,0.14875970713485012,0.4283763198677162,0.0,0.5,0.0,0.3,0.0,0.3,0.0,0.08,0.012121212121212121,0.05,0.25
418,0.9822651560671075,0.5013971690241613,0.9724504766647212,0.5037591102500965,0.23280729257740893,0.5,0.7878787878787878,0.25778595818324895,0.2781717559582443,0.0,0.7428571428571429,0.26028869772672253,0.2789538360980895,0.0,0.0030303030303030303,0.002857142857142857,0.05714285714285714,2.66,0.0,0.0,0.03317841613180248,0.08436634914903715,10.67878787878788,0.0,0.0,0.15,0.07878787878787878,0,0.10056732895321333,0.2397036631585866,0.14864165584929598,0.430759014793822,0.0,0.0,0.0,0.3,0.0,0.3,0.0,0.08,0.0030303030303030303,0.05,0.25
419,0.9809913436916927,0.5014433250753146,0.9712494535679015,0.5038827672382871,0.23280729257740893,0.5,0.7212121212121212,0.2576647460620368,0.2780808468673352,0.0,0.68,0.26017441201243685,0.2788681218123752,0.0,0.0030303030303030303,0.002857142857142857,0.05714285714285714,2.7342857142857144,0.0030303030303030303,0.0,0.03317841613180248,0.08436634914903715,10.67878787878788,0.0,0.0,0.15,0.07878787878787878,0,0.10049306373701869,0.23850514484279367,0.14852596558945289,0.4302490721531821,0.0,0.0,0.0,0.3,0.0,0.3,0.0,0.08,0.0030303030303030303,0.05,0.25
420,0.9801517286074104,0.5011324193824487,0.9704578164884352,0.503778339771083,0.23280729257740893,0.5,0.7272727272727273,0.25748292788021865,0.27794448323097154,0.0,0.6857142857142857,0.26000298344100825,0.27873955038380377,0.0,0.006060606060606061,0.005714285714285714,0.05714285714285714,2.6914285714285713,0.0030303030303030303,0.0,0.03317841613180248,0.08436634914903715,10.67878787878788,0.0,0.0,0.15,0.07878787878787878,0,0.10084774127547647,0.24259513376236877,0.15126973199194957,0.4364190291698856,0.0,0.5,0.0,0.3,0.0,0.3,0.0,0.08,0.006060606060606061,0.05,0.25
421,0.979634644812782,0.5007000286672882,0.9699702803392141,0.5032562522930347,0.23280729257740893,0.5,0.7393939393939394,0.2573617157590065,0.27785357414006245,0.0,0.6971428571428572,0.2598886977267226,0.27865383609808947,0.0,0.0030303030303030303,0.002857142857142857,0.05714285714285714,2.68,0.0030303030303030303,0.0,0.03317841613180248,0.08436634914903715,10.67878787878788,0.0,0.0,0.15,0.07878787878787878,0,0.10077207399767049,0.24138215809355693,0.15110148020925343,0.43858738934095837,0.0,0.0,0.0,0.3,0.0,0.3,0.0,0.08,0.0030303030303030303,0.05,0.25
422,0.9782637744422483,0.5016623198687605,0.9686777454184253,0.5041391928816643,0.23280729257740893,0.5,0.7090909090909091,0.2569980793953701,0.2776717559582443,0.0,0.6685714285714286,0.25954584058386543,0.27848240752666087,0.0,0.00909090909090909,0.008571428571428572,0.05714285714285714,2.682857142857143,0.0,0.0,0.03317841613180248,0.08436634914903715,10.67878787878788,0.0,0.0,0.15,0.07878787878787878,0,0.10155392791339643,0.24017524730308915,0.15665087917649695,0.44660999661207534,0.0,0.6666666666666666,0.0,0.3,0.0,0.3,0.0,0.08,0.00909090909090909,0.05,0.25
423,0.978265014565311,0.502102582017742,0.968678914677313,0.5045593277852657,0.23280729257740893,0.5,0.7212121212121212,0.2569980793953701,0.2776717559582443,0.0,0.68,0.25954584058386543,0.27848240752666087,0.0,0.0,0.0,0.05714285714285714,2.6485714285714286,0.0,0.0,0.03317841613180248,0.08436634914903715,10.67878787878788,0.0,0.0,0.15,0.07878787878787878,0,0.10104615827382943,0.23897437106657368,0.153517861592967,0.4376777966798338,0.0,0.0,0.0,0.3,0.0,0.3,0.0,0.08,0.0,0.05,0.25
424,0.9794462070944303,0.5019102857182057,0.9697926104904827,0.5043344098021,0.23280729257740893,0.5,0.7242424242424242,0.256937473334764,0.2776263014127897,0.0,0.6828571428571428,0.25948869772672256,0.27843955038380375,0.0,0.0030303030303030303,0.002857142857142857,0.05714285714285714,2.611428571428571,0.0,0.0,0.03317841613180248,0.08436634914903715,10.67878787878788,0.0,0.0,0.15,0.07878787878787878,0,0.10096949891103171,0.23777949921124084,0.1533046472182505,0.4374349250076647,0.0,0.0,0.0,0.3,0.0,0.3,0.0,0.08,0.0030303030303030303,0.05,0.25
425,0.978636531699972,0.5015447524119009,0.969029202261422,0.5042294048792892,0.23280729257740893,0.5,0.7484848484848485,0.25681626121355194,0.2775353923218807,0.0,0.7057142857142857,0.25937441201243683,0.27835383609808945,0.0,0.0030303030303030303,0.002857142857142857,0.05714285714285714,2.56,0.006060606060606061,0.0,0.03317841613180248,0.08436634914903715,10.67878787878788,0.0,0.0,0.15,0.07878787878787878,0,0.10089322284504801,0.23659060171518462,0.15309569713102833,0.4384037586289728,0.0,0.0,0.0,0.3,0.0,0.3,0.0,0.08,0.0030303030303030303,0.05,0.25
426,0.9788766211515639,0.5016121622779266,0.9692555723157801,0.50420074286793,0.23280729257740893,0.5,0.6727272727272727,0.2566950490923398,0.27744448323097154,0.0,0.6342857142857142,0.25926012629815115,0.27826812181237515,0.0,0.0030303030303030303,0.002857142857142857,0.05714285714285714,2.565714285714286,0.0030303030303030303,0.0,0.03317841613180248,0.08436634914903715,10.67878787878788,0.0,0.0,0.15,0.07878787878787878,0,0.10081732815939418,0.2354076487066087,0.15289092604555063,0.4649810780317439,0.0,0.0,0.0,0.3,0.0,0.3,0.0,0.08,0.0030303030303030303,0.05,0.25
427,0.9786747114033112,0.5012258417082617,0.9690652002674275,0.5038538479875362,0.23280729257740893,0.5,0.6878787878787879,0.25645262484991554,0.27726266504915337,0.0,0.6485714285714286,0.2590315548695797,0.2780966932409466,0.0,0.006060606060606061,0.005714285714285714,0.05714285714285714,2.625714285714286,0.006060606060606061,0.0,0.03317841613180248,0.08436634914903715,10.67878787878788,0.0,0.0,0.15,0.07878787878787878,0,0.10117038437574008,0.23693380740995157,0.1555473932389253,0.46626023555433604,0.0,0.0,0.0,0.3,0.0,0.3,0.0,0.08,0.006060606060606061,0.05,0.25
428,0.978780714202621,0.5023019505314804,0.9691651457639198,0.5051352298531373,0.23280729257740893,0.5,0.7181818181818181,0.25627080666809743,0.2771717559582443,0.0,0.6771428571428572,0.25886012629815114,0.2780109789552323,0.0,0.006060606060606061,0.005714285714285714,0.05714285714285714,2.5314285714285716,0.0,0.0,0.03317841613180248,0.08436634914903715,10.67878787878788,0.0,0.0,0.15,0.07878787878787878,0,0.10152167531100421,0.2357491383729018,0.1581507310884325,0.4569350308432493,0.0,0.5,0.0,0.3,0.0,0.3,0.0,0.08,0.006060606060606061,0.05,0.25
429,0.9797486862823002,0.501508338289048,0.9700778051533315,0.504384991005277,0.23280729257740893,0.5,0.6787878787878788,0.2559071703044611,0.276899028685517,0.0,0.64,0.258517269155294,0.2777538360980894,0.0,0.00909090909090909,0.008571428571428572,0.05714285714285714,2.505714285714286,0.0,0.0,0.03317841613180248,0.08436634914903715,10.67878787878788,0.0,0.0,0.15,0.07878787878787878,0,0.10229978122016348,0.23457039268103727,0.16355914503809243,0.47787950117443856,0.0,0.0,0.0,0.3,0.0,0.3,0.0,0.08,0.00909090909090909,0.05,0.25
430,0.9804420849602945,0.5016525489987761,0.970731581049726,0.5046334655701948,0.23280729257740893,0.5,0.7303030303030303,0.2556041400014307,0.2766717559582443,0.0,0.6885714285714286,0.2582315548695797,0.2775395503838037,0.0,0.00909090909090909,0.008571428571428572,0.05714285714285714,2.4971428571428573,0.0,0.0,0.03317841613180248,0.08436634914903715,10.67878787878788,0.0,0.0,0.15,0.07878787878787878,0,0.10307399659977697,0.23339754071763208,0.16885939070875913,0.5072068526483217,0.0,0.6666666666666666,0.0,0.3,0.0,0.3,0.0,0.08,0.00909090909090909,0.05,0.25
431,0.9804622516649062,0.5020279526675925,0.9707505953712171,0.5049220003579266,0.23280729257740893,0.5,0.803030303030303,0.25542232181961255,0.27658084686733514,0.0,0.7571428571428571,0.25806012629815117,0.27745383609808943,0.0,0.006060606060606061,0.005714285714285714,0.05714285714285714,2.462857142857143,0.0,0.0,0.03317841613180248,0.08436634914903715,10.67878787878788,0.0,0.0,0.15,0.07878787878787878,0,0.10341576947392095,0.2322305530140439,0.17119648860886968,0.57771263996508,0.0,0.5,0.0,0.3,0.0,0.3,0.0,0.08,0.006060606060606061,0.05,0.25
432,0.980260855311397,0.5021765849962565,0.9705607073807655,0.5048211561913417,0.23280729257740893,0.5,0.7696969696969697,0.2553011096984004,0.27648993777642605,0.0,0.7257142857142858,0.25794584058386544,0.2773681218123752,0.0,0.0030303030303030303,0.002857142857142857,0.05714285714285714,2.462857142857143,0.0,0.0,0.03317841613180248,0.08436634914903715,10.67878787878788,0.0,0.0,0.15,0.07878787878787878,0,0.10332726205512277,0.23106940024897368,0.17062970169383515,0.5921024733914683,0.0,0.0,0.0,0.3,0.0,0.3,0.0,0.08,0.0030303030303030303,0.05,0.25
433,0.9790230031917293,0.5022632605278655,0.969393589667936,0.5049624882391465,0.23280729257740893,0.5,0.7757575757575758,0.2553011096984004,0.27648993777642605,0.0,0.7314285714285714,0.25794584058386544,0.2773681218123752,0.0,0.0,0.0,0.05714285714285714,2.4685714285714284,0.0030303030303030303,0.0,0.03317841613180248,0.08436634914903715,10.67878787878788,0.0,0.0,0.15,0.07878787878787878,0,0.10281062574484716,0.22991405324772882,0.16721710765995842,0.580260423923639,0.0,0.0,0.0,0.3,0.0,0.3,0.0,0.08,0.0,0.05,0.25
434,0.9795794900519652,0.502252237095589,0.9699182772790156,0.5050062699131027,0.23280729257740893,0.5,0.7333333333333333,0.25517989757718834,0.27639902868551697,0.0,0.6914285714285714,0.2578315548695797,0.2772824075266609,0.0,0.0030303030303030303,0.002857142857142857,0.05714285714285714,2.545714285714286,0.0,0.0,0.03317841613180248,0.08436634914903715,10.67878787878788,0.0,0.0,0.15,0.07878787878787878,0,0.10272514404469434,0.22876448298149016,0.1667299083639021,0.5753506263308221,0.0,0.0,0.0,0.3,0.0,0.3,0.0,0.08,0.0030303030303030303,0.05,0.25
435,0.9800017738144472,0.5016238152385132,0.9703164305407842,0.5045395157923063,0.23280729257740893,0.5,0.7484848484848485,0.25481626121355194,0.2762172105036988,0.0,0.7057142857142857,0.25748869772672256,0.2771109789552323,0.0,0.00909090909090909,0.008571428571428572,0.05714285714285714,2.5,0.0,0.0,0.03317841613180248,0.08436634914903715,10.67878787878788,0.0,0.0,0.15,0.07878787878787878,0,0.10349723261018515,0.2296428869970002,0.17196673876805268,0.6170370310733827,0.0,0.0,0.0,0.3,0.0,0.3,0.0,0.08,0.00909090909090909,0.05,0.25
436,0.9805289784780037,0.5007561253047302,0.9708135092235661,0.5038550205313377,0.23280729257740893,0.5,0.7636363636363637,0.25469504909233986,0.2761263014127897,0.0,0.72,0.2573744120124369,0.277025264669518,0.0,0.0030303030303030303,0.002857142857142857,0.05714285714285714,2.5342857142857143,0.0,0.0,0.03317841613180248,0.08436634914903715,10.67878787878788,0.0,0.0,0.15,0.07878787878787878,0,0.10340831787570563,0.2290180026043203,0.17138454684983442,0.604696290451915,0.0,0.0,0.0,0.3,0.0,0.3,0.0,0.08,0.0030303030303030303,0.05,0.25
437,0.9799926921882456,0.5002389824199664,0.9703078678646515,0.5033535657046959,0.23280729257740893,0.5,0.7272727272727273,0.25469504909233986,0.2761263014127897,0.0,0.6857142857142857,0.2573744120124369,0.277025264669518,0.0,0.0,0.0,0.05714285714285714,2.5114285714285716,0.0,0.0,0.03317841613180248,0.08436634914903715,10.67878787878788,0.0,0.0,0.15,0.07878787878787878,0,0.10289127628632713,0.2278729125912987,0.16795685591283777,0.5926023646428766,0.0,0.0,0.0,0.3,0.0,0.3,0.0,0.08,0.0,0.05,0.25
438,0.9806095247173351,0.5001411075082108,0.9708894528206502,0.5033103760466981,0.23280729257740893,0.5,0.7848484848484848,0.25451323091052164,0.2760353923218806,0.0,0.74,0.2572029834410083,0.27693955038380375,0.0,0.006060606060606061,0.005714285714285714,0.05714285714285714,2.5171428571428573,0.0,0.0,0.03317841613180248,0.08436634914903715,10.67878787878788,0.0,0.0,0.15,0.07878787878787878,0,0.10323396276203835,0.2267335480283422,0.17031200450886672,0.5914845518152072,0.0,0.5,0.0,0.3,0.0,0.3,0.0,0.08,0.006060606060606061,0.05,0.25
439,0.9800917118003847,0.4996475568287331,0.9704012292132396,0.5029054109982446,0.23280729257740893,0.5,0.7515151515151515,0.25451323091052164,0.2760353923218806,0.0,0.7085714285714285,0.2572029834410083,0.27693955038380375,0.0,0.0,0.0,0.05714285714285714,2.6142857142857143,0.0,0.0,0.03317841613180248,0.08436634914903715,10.67878787878788,0.0,0.0,0.15,0.07878787878787878,0,0.10271779294822815,0.2255998802882005,0.1669057644186894,0.579654860778903,0.0,0.0,0.0,0.3,0.0,0.3,0.0,0.08,0.0,0.05,0.25
440,0.9803076343750363,0.4999731983704823,0.970604813355054,0.5033170447368562,0.23280729257740893,0.5,0.7393939393939394,0.25451323091052164,0.2760353923218806,0.0,0.6971428571428572,0.2572029834410083,0.27693955038380375,0.0,0.0,0.0,0.05714285714285714,2.66,0.0,0.0,0.03317841613180248,0.08436634914903715,10.67878787878788,0.0,0.0,0.15,0.07878787878787878,0,0.102204203983487,0.22447188088675948,0.16356764913031557,0.568061763563325,0.0,0.0,0.0,0.3,0.0,0.3,0.0,0.08,0.0,0.05,0.25
441,0.9803438283347217,0.4994878494653545,0.9706389390884718,0.5029765344741265,0.23280729257740893,0.5,0.7303030303030303,0.25451323091052164,0.2760353923218806,0.0,0.6885714285714286,0.2572029834410083,0.27693955038380375,0.0,0.0,0.0,0.05714285714285714,2.682857142857143,0.0,0.0,0.03317841613180248,0.08436634914903715,10.67878787878788,0.0,0.0,0.15,0.07878787878787878,0,0.10169318296356956,0.22334952148232567,0.1602962961477093,0.5567005282920585,0.0,0.0,0.0,0.3,0.0,0.3,0.0,0.08,0.0,0.05,0.25
442,0.980998571990421,0.5007340354003599,0.9712562688209881,0.503960878615015,0.23280729257740893,0.5,0.7121212121212122,0.2543920187893095,0.27594448323097154,0.0,0.6714285714285714,0.25708869772672255,0.27685383609808945,0.0,0.0030303030303030303,0.002857142857142857,0.05714285714285714,2.737142857142857,0.0,0.0,0.03317841613180248,0.08436634914903715,10.67878787878788,0.0,0.0,0.15,0.07878787878787878,0,0.10161328847732315,0.22223277387491405,0.15994751308189797,0.5484732901332234,0.0,0.0,0.0,0.3,0.0,0.3,0.0,0.08,0.0030303030303030303,0.05,0.25
443,0.9808642273262084,0.49988716420229495,0.9711296009947306,0.503267950652859,0.23280729257740893,0.5,0.6575757575757576,0.2543920187893095,0.27594448323097154,0.0,0.62,0.25708869772672255,0.27685383609808945,0.0,0.0,0.0,0.05714285714285714,2.7142857142857144,0.0,0.0,0.03317841613180248,0.08436634914903715,10.67878787878788,0.0,0.0,0.15,0.07878787878787878,0,0.10110522203493655,0.22112161000553948,0.15674856282025998,0.537503824330559,0.0,0.0,0.0,0.3,0.0,0.3,0.0,0.08,0.0,0.05,0.25
444,0.9810645505011187,0.5008509993405901,0.9713184771310746,0.5043308370696755,0.23280729257740893,0.5,0.6818181818181818,0.25427080666809737,0.27585357414006245,0.0,0.6428571428571429,0.2569744120124368,0.2767681218123752,0.0,0.0030303030303030303,0.002857142857142857,0.05714285714285714,2.7085714285714286,0.0,0.0,0.03317841613180248,0.08436634914903715,10.67878787878788,0.0,0.0,0.15,0.07878787878787878,0,0.1010282673533333,0.22001600195551177,0.15647073442099765,0.5454843193824369,0.0,0.0,0.0,0.3,0.0,0.3,0.0,0.08,0.0030303030303030303,0.05,0.25
445,0.9823341730451172,0.5004718687695735,0.9725155498154163,0.5040284502264097,0.23280729257740893,0.5,0.7090909090909091,0.25402838242567316,0.2756717559582443,0.0,0.6685714285714286,0.25674584058386546,0.2765966932409466,0.0,0.006060606060606061,0.005714285714285714,0.05714285714285714,2.6314285714285712,0.0,0.0,0.03317841613180248,0.08436634914903715,10.67878787878788,0.0,0.0,0.15,0.07878787878787878,0,0.10138026887370948,0.2189159219457342,0.1590556054468634,0.5456820876219741,0.0,0.0,0.0,0.3,0.0,0.3,0.0,0.08,0.006060606060606061,0.05,0.25
446,0.9829622974577953,0.5002155242991446,0.9731077814045126,0.5037711288829055,0.23280729257740893,0.5,0.7636363636363637,0.25402838242567316,0.2756717559582443,0.0,0.72,0.25674584058386546,0.2765966932409466,0.0,0.0,0.0,0.05714285714285714,2.5942857142857143,0.0,0.0,0.03317841613180248,0.08436634914903715,10.67878787878788,0.0,0.0,0.15,0.07878787878787878,0,0.10087336752934092,0.21782134233600553,0.1558744933379261,0.5347684458695345,0.0,0.0,0.0,0.3,0.0,0.3,0.0,0.08,0.0,0.05,0.25
447,0.9835691240285606,0.5002418889535156,0.9736799321712342,0.5038385909448175,0.23280729257740893,0.5,0.7212121212121212,0.253846564243855,0.2755353923218806,0.0,0.68,0.25657441201243686,0.2764681218123751,0.0,0.006060606060606061,0.005714285714285714,0.05714285714285714,2.525714285714286,0.0,0.0,0.03317841613180248,0.08436634914903715,10.67878787878788,0.0,0.0,0.15,0.07878787878787878,0,0.10122614354883706,0.2167322356243255,0.15847128918545333,0.5277526877949104,0.0,0.5,0.0,0.3,0.0,0.3,0.0,0.08,0.006060606060606061,0.05,0.25
448,0.9826704037029654,0.5003087953064685,0.972832567292816,0.503862273338823,0.23280729257740893,0.5,0.7454545454545455,0.25372535212264286,0.27544448323097154,0.0,0.7028571428571428,0.2564601262981511,0.2763824075266608,0.0,0.0030303030303030303,0.002857142857142857,0.05714285714285714,2.505714285714286,0.0,0.0,0.03317841613180248,0.08436634914903715,10.67878787878788,0.0,0.0,0.15,0.07878787878787878,0,0.10114858425966435,0.21857955621908826,0.15815900625888712,0.5356656016335533,0.0,0.0,0.0,0.3,0.0,0.3,0.0,0.08,0.0030303030303030303,0.05,0.25
449,0.9800901332556041,0.5003052278819022,0.970399740871018,0.5037705537325554,0.23280729257740893,0.5,0.7606060606060606,0.2533011096984004,0.27512630141278976,0.0,0.7171428571428572,0.2560601262981511,0.27608240752666086,0.0,0.012121212121212121,0.011428571428571429,0.05714285714285714,2.5628571428571427,0.0,0.0,0.03317841613180248,0.08436634914903715,10.67878787878788,0.0,0.0,0.15,0.07878787878787878,0,0.10235712705265172,0.23812326744077342,0.1664243975622808,0.5441040964016066,0.0,0.0,0.0,0.3,0.0,0.3,0.0,0.08,0.012121212121212121,0.05,0.25
