t,mean_x,mean_y,mean_x_all,mean_y_all,mean_L,y0,mean_epc,mean_r,mean_b,fund_prevalence,mean_epc_all,mean_r_all,mean_b_all,fund_prevalence_all,punish_rate,mean_punished,exit_rate,mean_exit_intent,exit_attempt_rate,exit_success_rate,p_opp_mean,stay_value,mean_degree_active,threat,A,budget,enforcer_frac,n_cadre_fallback,cap_mean,cap_p90,service_mean,service_p90,monopoly_on,enforcer_punish_share_step,alpha_punish_revalue,delta_outside_degrade,mu_membership_reward,current_delta,eta_delta_drift,punish_floor,punish_intensity_step,pi_reward,lam_punish
0,0.35273859761925597,0.49120714401068427,0.35273859761925597,0.49120714401068427,0.2342918089705646,0.5,0.0,0.32468288816406204,0.3216440031083298,0.002857142857142857,0.0,0.32468288816406204,0.3216440031083298,0.002857142857142857,0.0,0.0,0.0,0.0,0.0,0.0,0.5,0.0,11.794285714285714,0.0,0.0,0.0,0.0,0,0.0,0.0,0.0,0.0,0.0,0.0,0.0,0.4,0.0,0.4,0.0,0.08,0.0,0.5,0.25
1,0.3633550240165674,0.49125886166834815,0.3633550240165674,0.49125886166834815,0.2342918089705646,0.49602553497807006,0.5542857142857143,0.32525431673549066,0.32207257453690125,0.002857142857142857,0.5542857142857143,0.32525431673549066,0.32207257453690125,0.002857142857142857,0.02,0.02,0.0,0.03142857142857143,0.0,0.0,0.03102834239435362,0.08436634914903715,11.794285714285714,0.0,0.0,0.15,0.08,28,0.0029999999999999996,0.0,0.02,0.0,0.0,0.5714285714285714,0.0,0.4,0.0,0.4,0.0,0.08,0.02,0.5,0.25
2,0.3734766248079239,0.4918509515581678,0.3734766248079239,0.4918509515581678,0.2342918089705646,0.4923743842937586,0.8028571428571428,0.32645431673549064,0.3229725745369012,0.002857142857142857,0.8028571428571428,0.32645431673549064,0.3229725745369012,0.002857142857142857,0.03142857142857143,0.03142857142857143,0.0,0.03428571428571429,0.0,0.0,0.03102834239435362,0.08436634914903715,11.794285714285714,0.0,0.0,0.15,0.08,27,0.007699285714285714,0.0,0.05102857142857143,0.0,0.0,1.0,0.0,0.4,0.0,0.4,0.0,0.08,0.03142857142857143,0.5,0.25
3,0.38348463574870495,0.4906052993946678,0.38348463574870495,0.4906052993946678,0.2342918089705646,0.4898816295824081,0.8914285714285715,0.32736860244977634,0.32365828882261555,0.002857142857142857,0.8914285714285715,0.32736860244977634,0.32365828882261555,0.002857142857142857,0.025714285714285714,0.025714285714285714,0.0,0.045714285714285714,0.0,0.0,0.03102834239435362,0.08436634914903715,11.794285714285714,0.0,0.0,0.15,0.08,22,0.011517932142857144,0.0,0.07572228571428571,0.0,0.0,0.7777777777777778,0.0,0.4,0.0,0.4,0.0,0.08,0.025714285714285714,0.5,0.25
4,0.39146362927663453,0.4910770091285604,0.39146362927663453,0.4910770091285604,0.2342918089705646,0.487395149065465,0.9,0.32822574530691917,0.32430114596547266,0.002857142857142857,0.9,0.32822574530691917,0.32430114596547266,0.002857142857142857,0.022857142857142857,0.022857142857142857,0.0,0.03142857142857143,0.0,0.0,0.03102834239435362,0.08436634914903715,11.794285714285714,0.0,0.0,0.15,0.08,22,0.014888913910714285,0.0,0.09706498285714285,0.0,0.0,1.0,0.0,0.4,0.0,0.4,0.0,0.08,0.022857142857142857,0.5,0.25
5,0.4007252526799888,0.491207766393915,0.4007252526799888,0.491207766393915,0.2342918089705646,0.4851915127280622,0.9,0.3294257453069192,0.32520270331865153,0.008571428571428572,0.9,0.3294257453069192,0.32520270331865153,0.008571428571428572,0.03428571428571429,0.037142857142857144,0.0,0.02857142857142857,0.0,0.0,0.03102834239435362,0.08436634914903715,11.794285714285714,0.0,0.0,0.15,0.08,21,0.020385897912589285,0.0,0.13226654034285715,0.0,0.0,0.9230769230769231,0.0,0.4,0.0,0.4,0.0,0.08,0.03428571428571429,0.5,0.25
6,0.41002475251912124,0.49023170531905713,0.41002475251912124,0.49023170531905713,0.2342918089705646,0.48632999047855296,0.9085714285714286,0.3303400310212049,0.32588841760436577,0.008571428571428572,0.9085714285714286,0.3303400310212049,0.32588841760436577,0.008571428571428572,0.02857142857142857,0.02857142857142857,0.0,0.04857142857142857,0.0,0.0,0.03102834239435362,0.08436634914903715,11.794285714285714,0.0,0.0,0.15,0.08,18,0.024569682708740624,0.0,0.15819263810742856,0.0,0.0,0.8,0.0,0.4,0.0,0.4,0.0,0.08,0.02857142857142857,0.5,0.25
7,0.41794737584784536,0.4900745530229041,0.41794737584784536,0.4900745530229041,0.2342918089705646,0.487623461520149,0.8885714285714286,0.33188288816406203,0.3270455604615086,0.014285714285714285,0.8885714285714286,0.33188288816406203,0.3270455604615086,0.014285714285714285,0.04857142857142857,0.04857142857142857,0.0,0.04,0.0,0.0,0.03102834239435362,0.08436634914903715,11.794285714285714,0.0,0.0,0.15,0.08,16,0.03173254858091121,0.0,0.20360021391670854,0.0,0.0,0.9411764705882353,0.0,0.4,0.0,0.4,0.0,0.08,0.04857142857142857,0.5,0.25
8,0.4266104665501639,0.4906080038229798,0.4266104665501639,0.4906080038229798,0.2342918089705646,0.48764744505437896,0.92,0.33376860244977635,0.3284598461757944,0.017142857142857144,0.92,0.33376860244977635,0.3284598461757944,0.017142857142857144,0.05714285714285714,0.06,0.0,0.04285714285714286,0.0,0.0,0.03102834239435362,0.08436634914903715,11.794285714285714,0.0,0.0,0.15,0.08,14,0.04057388583800665,0.0,0.2595282096383744,0.0,0.0,0.9523809523809523,0.0,0.4,0.0,0.4,0.0,0.08,0.05714285714285714,0.5,0.25
9,0.43770604615796854,0.4904137745015297,0.43770604615796854,0.4904137745015297,0.2342918089705646,0.4878619708954394,0.9314285714285714,0.33588358147639474,0.3303027033186515,0.02,0.9314285714285714,0.33588358147639474,0.3303027033186515,0.02,0.06857142857142857,0.06857142857142857,0.0,0.08,0.0,0.0,0.03102834239435362,0.08436634914903715,11.794285714285714,0.0,0.0,0.15,0.08,11,0.050656730694530895,0.0,0.32290907401703545,0.0,0.0,0.9166666666666666,0.0,0.4,0.0,0.4,0.0,0.08,0.06857142857142857,0.5,0.25
10,0.4454091157640652,0.48988462273410166,0.4454091157640652,0.48988462273410166,0.2342918089705646,0.48741264556970704,0.9257142857142857,0.3371154546998624,0.3315455604615086,0.02,0.9257142857142857,0.3371154546998624,0.3315455604615086,0.02,0.054285714285714284,0.054285714285714284,0.0,0.08285714285714285,0.0,0.0,0.03102834239435362,0.08436634914903715,11.794285714285714,0.0,0.0,0.15,0.08,10,0.057965138185120946,0.0,0.37073660682240905,0.0,0.0,0.8947368421052632,0.0,0.4,0.0,0.4,0.0,0.08,0.054285714285714284,0.5,0.25
11,0.45515488531911313,0.49030390397257245,0.45515488531911313,0.49030390397257245,0.2342918089705646,0.4873335180488057,0.9228571428571428,0.33933233636400967,0.33385984617579434,0.025714285714285714,0.9228571428571428,0.33933233636400967,0.33385984617579434,0.025714285714285714,0.09428571428571429,0.09428571428571429,0.0,0.12285714285714286,0.0,0.0,0.03102834239435362,0.08436634914903715,11.794285714285714,0.0,0.0,0.15,0.08,9,0.06874177383662788,0.0,0.4576075889716751,0.0,0.0,0.9393939393939394,0.0,0.4,0.0,0.4,0.0,0.08,0.09428571428571429,0.5,0.25
12,0.4637814271760406,0.4899935626821809,0.4637814271760406,0.4899935626821809,0.2342918089705646,0.485649184254275,0.9085714285714286,0.3405894792211525,0.3350620448510117,0.02857142857142857,0.9085714285714286,0.3405894792211525,0.3350620448510117,0.02857142857142857,0.054285714285714284,0.06285714285714286,0.0,0.12857142857142856,0.0,0.0,0.03102834239435362,0.08436634914903715,11.794285714285714,0.0,0.0,0.15,0.08,8,0.07512850255774071,0.14209621195017821,0.5113125800493844,0.8040329918878318,0.0,0.9545454545454546,0.0,0.4,0.0,0.4,0.0,0.08,0.054285714285714284,0.5,0.25
13,0.4737234430613301,0.4896085596310247,0.4737234430613301,0.4896085596310247,0.2342918089705646,0.48435881896771715,0.9,0.34164343076281584,0.3361023382120246,0.02857142857142857,0.9,0.34164343076281584,0.3361023382120246,0.02857142857142857,0.06,0.06,0.0,0.21142857142857144,0.0,0.0,0.03102834239435362,0.08436634914903715,11.794285714285714,0.0,0.0,0.15,0.08,8,0.07820637766033797,0.14281026326651078,0.5610863284483968,0.8204418284569713,0.0,0.9523809523809523,0.0,0.4,0.0,0.4,0.0,0.08,0.06,0.5,0.25
14,0.4840833991859087,0.49005923544940383,0.4840833991859087,0.49005923544940383,0.2342918089705646,0.48328123327716144,0.8942857142857142,0.3430720021913873,0.3373451953548817,0.03142857142857143,0.8942857142857142,0.3430720021913873,0.3373451953548817,0.03142857142857143,0.06,0.06,0.0,0.21428571428571427,0.0,0.0,0.03102834239435362,0.08436634914903715,11.794285714285714,0.0,0.0,0.15,0.08,7,0.08380349126328267,0.14338343675363394,0.6098646018794288,0.8337477621301497,0.0,0.9523809523809523,0.0,0.4,0.0,0.4,0.0,0.08,0.06,0.5,0.25
15,0.49220330909417304,0.4905727808109524,0.49220330909417304,0.4905727808109524,0.2342918089705646,0.48191392535543803,0.9171428571428571,0.34509346624245973,0.33918805249773887,0.03428571428571429,0.9171428571428571,0.34509346624245973,0.33918805249773887,0.03428571428571429,0.08857142857142856,0.09714285714285714,0.0,0.27714285714285714,0.0,0.0,0.03102834239435362,0.08436634914903715,11.794285714285714,0.0,0.0,0.15,0.08,7,0.09132704523553768,0.14345548873190211,0.6948101669846974,0.8354492881753136,0.0,0.9705882352941176,0.0,0.4,0.0,0.4,0.0,0.08,0.08857142857142856,0.5,0.25
16,0.5024547752187793,0.49005496704192,0.5024547752187793,0.49005496704192,0.2342918089705646,0.48128232247176594,0.9,0.34655358977060313,0.34064519535488175,0.037142857142857144,0.9,0.34655358977060313,0.34064519535488175,0.037142857142857144,0.08571428571428572,0.08857142857142856,0.0,0.37142857142857144,0.0,0.0,0.03102834239435362,0.08436634914903715,11.794285714285714,0.0,0.0,0.15,0.08,4,0.09639381897819949,0.14482809702142263,0.7694853922164319,0.8681255332467198,0.0,0.9354838709677419,0.0,0.4,0.0,0.4,0.0,0.08,0.08571428571428572,0.5,0.25
17,0.5121694830229524,0.4904005118063125,0.5121694830229524,0.4904005118063125,0.2342918089705646,0.48122545949629003,0.8914285714285715,0.3479821611991745,0.34231662392631035,0.04,0.8914285714285715,0.3479821611991745,0.34231662392631035,0.04,0.1,0.1,0.0,0.44,0.0,0.0,0.03102834239435362,0.08436634914903715,11.794285714285714,0.0,0.0,0.15,0.08,4,0.10118223051596731,0.14417637058482624,0.8540956843721033,0.8524992736482793,0.0,0.9714285714285714,0.0,0.4,0.0,0.4,0.0,0.08,0.1,0.5,0.25
18,0.5224286088769372,0.4897295947445795,0.5224286088769372,0.4897295947445795,0.2342918089705646,0.4810332800355762,0.9114285714285715,0.3483925133192697,0.3433451953548817,0.04,0.9114285714285715,0.3483925133192697,0.3433451953548817,0.04,0.05714285714285714,0.05714285714285714,0.0,0.5028571428571429,0.0,0.0,0.03102834239435362,0.08436634914903715,11.794285714285714,0.0,0.0,0.15,0.08,3,0.10256203364910176,0.14410395653631553,0.8941566278275184,0.8507630225817854,0.0,0.95,0.0,0.4,0.0,0.4,0.0,0.08,0.05714285714285714,0.5,0.25
19,0.5328427642052421,0.490295960202583,0.5328427642052421,0.490295960202583,0.2342918089705646,0.48099645645844036,0.88,0.3495353704621268,0.34474242783722037,0.04285714285714286,0.88,0.3495353704621268,0.34474242783722037,0.04285714285714286,0.07142857142857142,0.07714285714285714,0.0,0.5942857142857143,0.0,0.0,0.03102834239435362,0.08436634914903715,11.794285714285714,0.0,0.0,0.15,0.08,3,0.1057916520522848,0.14338343675363394,0.9534163524138252,0.8337477621301497,0.0,1.0,0.0,0.4,0.0,0.4,0.0,0.08,0.07142857142857142,0.5,0.25
20,0.5406892744113311,0.48929486212445,0.5406892744113311,0.48929486212445,0.2342918089705646,0.4809903827046137,0.88,0.35027822760498395,0.34563220862145083,0.04285714285714286,0.88,0.35027822760498395,0.34563220862145083,0.04285714285714286,0.09142857142857143,0.09142857142857143,0.0,0.6742857142857143,0.002857142857142857,0.0,0.03102834239435362,0.08436634914903715,11.794285714285714,0.0,0.0,0.15,0.08,3,0.10820698388538752,0.1427382112882426,1.0257765967941201,0.8187403024118074,0.0,0.96875,0.0,0.4,0.0,0.4,0.0,0.08,0.09142857142857143,0.5,0.25
21,0.5518505266852006,0.48845966393550105,0.5518505266852006,0.48845966393550105,0.2342918089705646,0.48104064833808907,0.8714285714285714,0.3520578894406924,0.3473979648020623,0.04857142857142857,0.8714285714285714,0.3520578894406924,0.3473979648020623,0.04857142857142857,0.10857142857142857,0.11428571428571428,0.0,0.8171428571428572,0.002857142857142857,0.0,0.03102834239435362,0.08436634914903715,11.794285714285714,0.0,0.0,0.15,0.08,3,0.11555672708967427,0.14266651956986576,1.119546779143952,0.8170728068875467,0.0,0.975,0.0,0.4,0.0,0.4,0.0,0.08,0.10857142857142857,0.5,0.25
22,0.5603864520454467,0.48883061455994686,0.5603864520454467,0.48883061455994686,0.2342918089705646,0.4812912434566574,0.8628571428571429,0.353029318012121,0.34843164939253474,0.04857142857142857,0.8628571428571429,0.353029318012121,0.34843164939253474,0.04857142857142857,0.09428571428571429,0.10285714285714286,0.0,0.9314285714285714,0.005714285714285714,0.0,0.03102834239435362,0.08436634914903715,11.794285714285714,0.0,0.0,0.15,0.08,3,0.11885492864130327,0.14209621195017821,1.2000129864182156,0.8040329918878318,0.0,0.9722222222222222,0.0,0.4,0.0,0.4,0.0,0.08,0.09428571428571429,0.5,0.25
23,0.5678009800116655,0.4894391980033117,0.5678009800116655,0.4894391980033117,0.2342918089705646,0.48164655489435665,0.8571428571428571,0.3548196681524926,0.3498086292731718,0.05142857142857143,0.8571428571428571,0.3548196681524926,0.3498086292731718,0.05142857142857143,0.11428571428571428,0.12285714285714286,0.0,1.1285714285714286,0.005714285714285714,0.0,0.03102834239435362,0.08436634914903715,11.794285714285714,0.0,0.0,0.15,0.08,3,0.12284227268805745,0.1413857308904273,1.2988698695469942,0.7879523320500753,0.0,1.0,0.0,0.4,0.0,0.4,0.0,0.08,0.11428571428571428,0.5,0.25
24,0.5764820277461267,0.48958569933549045,0.5764820277461267,0.48958569933549045,0.2342918089705646,0.4816516024060067,0.7942857142857143,0.35590342249316653,0.35088005784460036,0.054285714285714284,0.7942857142857143,0.35590342249316653,0.35088005784460036,0.054285714285714284,0.10857142857142857,0.12285714285714286,0.0,1.2571428571428571,0.017142857142857144,0.0,0.03102834239435362,0.08436634914903715,11.794285714285714,0.0,0.0,0.15,0.08,3,0.1268117433691806,0.14202452023180137,1.3957496150131972,0.8023654963635712,0.0,0.9534883720930233,0.0,0.4,0.0,0.4,0.0,0.08,0.10857142857142857,0.5,0.25
25,0.5837485841650993,0.4893079749097315,0.5837485841650993,0.4893079749097315,0.2342918089705646,0.48153317147401453,0.7942857142857143,0.35686466771082664,0.35212291498745757,0.054285714285714284,0.7942857142857143,0.35686466771082664,0.35212291498745757,0.054285714285714284,0.11428571428571428,0.12285714285714286,0.0,1.4228571428571428,0.02,0.0,0.03102834239435362,0.08436634914903715,11.794285714285714,0.0,0.0,0.15,0.08,2,0.12826796639933424,0.1427382112882426,1.490691765570076,0.8187403024118074,0.0,0.9534883720930233,0.0,0.4,0.0,0.4,0.0,0.08,0.11428571428571428,0.5,0.25
26,0.5916310086021211,0.48885024905129726,0.5916310086021211,0.48885024905129726,0.2342918089705646,0.48144520294208437,0.7885714285714286,0.3581789534251124,0.35307088504093215,0.054285714285714284,0.7885714285714286,0.3581789534251124,0.35307088504093215,0.054285714285714284,0.10571428571428572,0.12,0.0,1.5914285714285714,0.03142857142857143,0.0,0.03102834239435362,0.08436634914903715,11.794285714285714,0.0,0.0,0.15,0.08,2,0.1318834837101947,0.14266651956986576,1.5808779302586744,0.8170728068875467,0.0,0.9761904761904762,0.0,0.4,0.0,0.4,0.0,0.08,0.10571428571428572,0.5,0.25
27,0.5996787035627086,0.4885795268783284,0.5993288262711571,0.48876461889313616,0.2342918089705646,0.48140124239865656,0.7363896848137536,0.3596327773565399,0.3543236025060256,0.05730659025787966,0.7342857142857143,0.3593218105679696,0.35405659932664646,0.05714285714285714,0.1346704871060172,0.1457142857142857,0.002857142857142857,1.7542857142857142,0.02865329512893983,0.002857142857142857,0.031027229681442586,0.08436634914903715,11.787965616045845,0.0,0.0,0.15,0.08022922636103152,2,0.1343931373303693,0.14209621195017821,1.6949746573677869,0.8040329918878318,0.0,0.9803921568627451,0.0,0.4,0.0,0.4,0.0,0.08,0.13714285714285715,0.5,0.25
28,0.6072305694954491,0.4884543213515033,0.6068591154440898,0.48867509238950935,0.2342918089705646,0.4814491680934612,0.7593123209169055,0.3605531826521512,0.3552673392547232,0.06017191977077364,0.7571428571428571,0.36023958613416485,0.3549976396846334,0.06,0.10601719197707736,0.11714285714285715,0.002857142857142857,1.917142857142857,0.034383954154727794,0.0,0.031031377786325788,0.08436634914903715,11.787965616045845,0.0,0.0,0.15,0.08022922636103152,2,0.137949600215146,0.14417637058482624,1.7782180213632883,0.8524992736482793,0.0,0.9512195121951219,0.0,0.4,0.0,0.4,0.0,0.08,0.10601719197707736,0.5,0.25
29,0.6148213320106866,0.48849279202568024,0.6145298468415745,0.48868519493952606,0.2342918089705646,0.4814817616962307,0.7068965517241379,0.3608503387619506,0.35491720921433195,0.0603448275862069,0.7028571428571428,0.36052530041987907,0.35521192539891905,0.06,0.10919540229885058,0.11142857142857143,0.005714285714285714,2.1028571428571428,0.04885057471264368,0.002857142857142857,0.031062412422406795,0.08436634914903715,11.701149425287356,0.0,0.0,0.15,0.08045977011494253,2,0.1390308522140703,0.14417637058482624,1.8540822323645938,0.8524992736482793,0.0,0.9743589743589743,0.0,0.4,0.0,0.4,0.0,0.08,0.10888252148997135,0.5,0.25
30,0.6208462344988982,0.4884942883912327,0.620001072569397,0.4885573992982644,0.2342918089705646,0.48170593573853415,0.7550432276657061,0.3618018324848594,0.3554775381136732,0.06051873198847262,0.7485714285714286,0.3612681575627363,0.35594049682749057,0.06,0.138328530259366,0.15714285714285714,0.008571428571428572,2.3085714285714287,0.06340057636887608,0.002857142857142857,0.031102811003916524,0.08436634914903715,11.694524495677234,0.0,0.0,0.15,0.08069164265129683,2,0.14153469938157137,0.14562902005992398,1.9741434448601591,0.8876502224576002,0.0,0.9636363636363636,0.0,0.4,0.0,0.4,0.0,0.08,0.13793103448275862,0.5,0.25
31,0.6293325145038792,0.48866660229475395,0.628414613031478,0.48875797824543016,0.2342918089705646,0.48197652738360275,0.6974063400576369,0.362262927585724,0.35582335943932164,0.06051873198847262,0.6914285714285714,0.36172530041987916,0.3562833539703477,0.06,0.11239193083573487,0.13142857142857142,0.008571428571428572,2.5514285714285716,0.08069164265129683,0.0,0.03111361252908789,0.08436634914903715,11.694524495677234,0.0,0.0,0.15,0.08069164265129683,1,0.1425413115989492,0.14555587640343984,2.0660891473915273,0.8858423808639998,0.0,1.0,0.0,0.4,0.0,0.4,0.0,0.08,0.11239193083573487,0.5,0.25
32,0.6374097119681128,0.48879991756867164,0.6364225773745897,0.48890746129416024,0.2342918089705646,0.48217126624018225,0.6887608069164265,0.3626035657617394,0.35651500209061854,0.06340057636887608,0.6828571428571428,0.3620630188401001,0.35696906825606195,0.06285714285714286,0.11239193083573487,0.12571428571428572,0.008571428571428572,2.7314285714285713,0.08069164265129683,0.0,0.03111361252908789,0.08436634914903715,11.694524495677234,0.0,0.0,0.15,0.08069164265129683,0,0.14354274789809734,0.14482809702142263,2.150481650157982,0.8681255332467198,0.0,1.0,0.0,0.4,0.0,0.4,0.0,0.08,0.11239193083573487,0.5,0.25
33,0.6455192154188237,0.4896533540865011,0.6444625707957231,0.4897605331369765,0.2342918089705646,0.48221461308603986,0.6455331412103746,0.3634991546717507,0.35746534562507115,0.06628242074927954,0.64,0.3629509312737399,0.35791126598879075,0.06571428571428571,0.13544668587896252,0.14285714285714285,0.008571428571428572,3.0285714285714285,0.1037463976945245,0.0,0.03111361252908789,0.08436634914903715,11.694524495677234,0.0,0.0,0.15,0.08069164265129683,0,0.14571012135149905,0.14410395653631553,2.2503291600119657,0.8507630225817854,0.0,1.0,0.0,0.4,0.0,0.4,0.0,0.08,0.13544668587896252,0.5,0.25
34,0.6514802285308695,0.48938369512204494,0.6512178929870167,0.4892590970152688,0.2342918089705646,0.4824417816189714,0.6028985507246377,0.3647441350827149,0.3580158957505722,0.06666666666666667,0.5942857142857143,0.36329378841659704,0.358296980274505,0.06571428571428571,0.11304347826086956,0.12285714285714286,0.014285714285714285,3.2714285714285714,0.1072463768115942,0.005714285714285714,0.031118376613057698,0.08436634914903716,11.652173913043478,0.0,0.0,0.15,0.08115942028985507,0,0.14718100003045587,0.14345548873190211,2.328179719668869,0.8354492881753136,0.0,0.9767441860465116,0.0,0.4,0.0,0.4,0.0,0.08,0.11815561959654179,0.5,0.25
35,0.6578515550250887,0.48947145670832626,0.6575250337989971,0.4895040654056635,0.2342918089705646,0.4824841575993269,0.5755813953488372,0.3650985001520603,0.3591375388966736,0.06686046511627906,0.5657142857142857,0.36375093127374,0.35885412313164783,0.06571428571428571,0.10465116279069768,0.12,0.017142857142857144,3.4571428571428573,0.11046511627906977,0.002857142857142857,0.031185619436182185,0.08436634914903716,11.604651162790697,0.0,0.0,0.15,0.08139534883720931,0,0.14890461238261304,0.14417637058482624,2.4016161252754915,0.8524992736482793,0.0,0.9523809523809523,0.0,0.4,0.0,0.4,0.0,0.08,0.10434782608695652,0.5,0.25
36,0.6646903201155494,0.48927902600509243,0.6642465629164784,0.4893550501942473,0.2342918089705646,0.48241815354193657,0.6075581395348837,0.36544733736136265,0.3595469069955472,0.06686046511627906,0.5971428571428572,0.3640937884165971,0.3592564734916836,0.06571428571428571,0.10465116279069768,0.12285714285714286,0.017142857142857144,3.6942857142857144,0.11918604651162791,0.0,0.03120057215634624,0.08436634914903716,11.604651162790697,0.0,0.0,0.15,0.08139534883720931,0,0.14927266289212854,0.14410395653631553,2.4764409456271244,0.8507630225817854,0.0,0.9767441860465116,0.0,0.4,0.0,0.4,0.0,0.08,0.10465116279069768,0.5,0.25
37,0.6702701343757587,0.48862988843788097,0.6697307232179412,0.48879561355712303,0.2342918089705646,0.48249876165184435,0.5901162790697675,0.36591245364043234,0.3600265581583379,0.06686046511627906,0.58,0.36455093127373994,0.35972790206311217,0.06571428571428571,0.11918604651162791,0.13428571428571429,0.017142857142857144,3.902857142857143,0.12790697674418605,0.0,0.03120057215634624,0.08436634914903716,11.604651162790697,0.0,0.0,0.15,0.08139534883720931,0,0.15035444243481078,0.14345548873190211,2.561197841000296,0.8354492881753136,0.0,0.9787234042553191,0.0,0.4,0.0,0.4,0.0,0.08,0.11918604651162791,0.5,0.25
38,0.6787522343148781,0.4893838312631666,0.6772000895204567,0.48934536266864825,0.2342918089705646,0.48252035092421774,0.5947521865889213,0.36705933812731023,0.3604313483058668,0.06705539358600583,0.5828571428571429,0.36484338946813183,0.3601759934552815,0.06571428571428571,0.119533527696793,0.14285714285714285,0.02,4.08,0.13994169096209913,0.002857142857142857,0.03127826485115371,0.08436634914903715,11.206997084548105,0.0,0.0,0.15,0.08163265306122448,0,0.150658814508351,0.14345548873190211,2.6528310270374336,0.8354492881753136,0.0,0.98,0.0,0.4,0.0,0.4,0.0,0.08,0.12209302325581395,0.5,0.25
39,0.6844587414889824,0.49014793626603803,0.6827924665510791,0.49003249035669977,0.2342918089705646,0.4825978480153683,0.5918367346938775,0.367175956203112,0.3606500071979951,0.06705539358600583,0.58,0.36495767518241756,0.36039027916956723,0.06571428571428571,0.12536443148688048,0.12857142857142856,0.02,4.3,0.15743440233236153,0.0,0.03139424567352579,0.08436634914903715,11.206997084548105,0.0,0.0,0.15,0.07871720116618076,0,0.15087623543580925,0.1427382112882426,2.728345835068113,0.8187403024118074,0.0,1.0,0.0,0.4,0.0,0.4,0.0,0.08,0.12536443148688048,0.5,0.25
40,0.6890851711573686,0.48919997566457196,0.6873263676260976,0.48911694418411944,0.2342918089705646,0.48254702219596535,0.5597667638483965,0.3672342652410128,0.36103436237212005,0.06705539358600583,0.5485714285714286,0.3650148180395604,0.36076694724020975,0.06571428571428571,0.13702623906705538,0.1457142857142857,0.02,4.588571428571429,0.16034985422740525,0.0,0.03139424567352579,0.08436634914903715,11.206997084548105,0.0,0.0,0.15,0.07871720116618076,0,0.15112142568720163,0.14202452023180137,2.819493204081036,0.8023654963635712,0.0,1.0,0.0,0.4,0.0,0.4,0.0,0.08,0.13702623906705538,0.5,0.25
41,0.6948519679845203,0.4904563693239956,0.6925198768498616,0.49015787870127286,0.2342918089705646,0.48244698081014614,0.5380116959064327,0.3679638848634921,0.36174118304345165,0.07017543859649122,0.5257142857142857,0.3656433894681318,0.3613771008601651,0.06857142857142857,0.13742690058479531,0.15428571428571428,0.022857142857142857,4.831428571428572,0.17543859649122806,0.002857142857142857,0.03141301645377616,0.08436634914903715,11.187134502923977,0.0,0.0,0.15,0.07894736842105263,0,0.15351817620303734,0.14555587640343984,2.9173890542851293,0.8858423808639998,0.0,0.9444444444444444,0.0,0.4,0.0,0.4,0.0,0.08,0.13994169096209913,0.5,0.25
42,0.7048953242595398,0.48997381844859006,0.6995152387486214,0.48969241591491125,0.2342918089705646,0.48266158322112596,0.5722713864306784,0.3689159785638767,0.3623900440336919,0.07079646017699115,0.5542857142857143,0.36587196089670326,0.3615485294315937,0.06857142857142857,0.1504424778761062,0.16857142857142857,0.03142857142857143,5.08,0.16519174041297935,0.008571428571428572,0.0314634239609478,0.08436634914903716,11.097345132743364,0.0,0.0,0.15,0.07964601769911504,0,0.15509301389345073,0.14636082418082813,3.027612701770856,0.9057655331200002,0.0,0.9322033898305084,0.0,0.4,0.0,0.4,0.0,0.08,0.14912280701754385,0.5,0.25
43,0.7100651106601326,0.4906501701486475,0.703720688745612,0.48967423645601815,0.2342918089705646,0.48273358059119453,0.5803571428571429,0.36928840934111556,0.3624613837620264,0.0744047619047619,0.5571428571428572,0.3664433894681318,0.36197710086016516,0.07142857142857142,0.11904761904761904,0.13714285714285715,0.04,5.3,0.1636904761904762,0.008571428571428572,0.03158073877291172,0.08436634914903715,10.732142857142858,0.0,0.0,0.15,0.08035714285714286,0,0.15566026310969777,0.14562902005992398,3.1042033048782964,0.8876502224576002,0.0,1.0,0.0,0.4,0.0,0.4,0.0,0.08,0.12094395280235988,0.5,0.25
44,0.7161197901015252,0.491078850521108,0.7095331810093488,0.4901467623459521,0.2342918089705646,0.48275561750171114,0.5565476190476191,0.36934793315063935,0.36250602661916925,0.0744047619047619,0.5342857142857143,0.36650053232527463,0.3620199580030222,0.07142857142857142,0.1488095238095238,0.15714285714285714,0.04,5.477142857142857,0.17559523809523808,0.0,0.03171388038876978,0.08436634914903715,10.732142857142858,0.0,0.0,0.15,0.08035714285714286,0,0.15596710465129215,0.1457764118880959,3.199262095923587,0.8913773427776011,0.0,0.9818181818181818,0.0,0.4,0.0,0.4,0.0,0.08,0.1488095238095238,0.5,0.25
45,0.722035482993058,0.4915305003639103,0.7140022905970428,0.490381500132345,0.2342918089705646,0.48283241279177197,0.5373134328358209,0.37039988977299465,0.36271265323678525,0.07462686567164178,0.5142857142857142,0.3668433894681318,0.3622771008601651,0.07142857142857142,0.1373134328358209,0.14857142857142858,0.04285714285714286,5.728571428571429,0.18507462686567164,0.002857142857142857,0.031746074141352255,0.08436634914903715,10.632835820895522,0.0,0.0,0.15,0.08059701492537313,0,0.15572998341374997,0.1450475298286554,3.283848282576544,0.8735497959220491,0.0,1.0,0.0,0.4,0.0,0.4,0.0,0.08,0.13690476190476192,0.5,0.25
46,0.7263918537956406,0.4907829377864807,0.7180704842475925,0.4899847760525209,0.2342918089705646,0.48290385618066345,0.5301204819277109,0.3712064857967033,0.3635551441527966,0.07530120481927711,0.5028571428571429,0.3673005323252747,0.3625579423447643,0.07142857142857142,0.12650602409638553,0.14,0.05142857142857143,5.9314285714285715,0.17771084337349397,0.008571428571428572,0.03185591837134883,0.08436634914903716,10.55421686746988,0.0,0.0,0.15,0.0783132530120482,0,0.15757961921096694,0.14628731296828124,3.3581713169250134,0.9039207967999998,0.0,0.9591836734693877,0.0,0.4,0.0,0.4,0.0,0.08,0.1253731343283582,0.5,0.25
47,0.7333322931260022,0.49084685101006575,0.7236405953613708,0.4900063938213543,0.2342918089705646,0.48286495064393165,0.5412844036697247,0.3713664818267698,0.36493088886634334,0.0764525993883792,0.5057142857142857,0.36741481803956033,0.36264365663047854,0.07142857142857142,0.1162079510703364,0.13428571428571429,0.06571428571428571,6.102857142857143,0.1743119266055046,0.014285714285714285,0.032065493608026054,0.08436634914903715,9.951070336391437,0.0,0.0,0.15,0.08256880733944955,0,0.15779114968634064,0.14555587640343984,3.425293604872227,0.8858423808639998,0.0,1.0,0.0,0.4,0.0,0.4,0.0,0.08,0.12048192771084337,0.5,0.25
48,0.738888363572682,0.4916187596785478,0.7286065086334408,0.49013852246003886,0.2342918089705646,0.4827015711883369,0.5398773006134969,0.372151758552596,0.36531996472031686,0.07668711656441718,0.5028571428571429,0.3675552036131577,0.36294365663047856,0.07142857142857142,0.1441717791411043,0.15714285714285714,0.06857142857142857,6.32,0.18404907975460122,0.002857142857142857,0.03233184825029539,0.08436634914903716,9.895705521472392,0.0,0.0,0.15,0.07975460122699386,0,0.1580870517950518,0.14490087495962437,3.5139305899176394,0.8698972180084482,0.0,0.9818181818181818,0.0,0.4,0.0,0.4,0.0,0.08,0.1437308868501529,0.5,0.25
49,0.7448675531596296,0.4906814277021087,0.7337621732842241,0.48953461667008735,0.2342918089705646,0.4826323144732793,0.5415384615384615,0.3730719233386632,0.36597291400021026,0.07692307692307693,0.5028571428571429,0.36789806075601483,0.3631579423447643,0.07142857142857142,0.1476923076923077,0.16,0.07142857142857142,6.545714285714285,0.18461538461538463,0.002857142857142857,0.0323638207204948,0.08436634914903715,9.901538461538461,0.0,0.0,0.15,0.08,0,0.15918204510750514,0.14417637058482624,3.6036519781192866,0.8524992736482793,0.0,1.0,0.0,0.4,0.0,0.4,0.0,0.08,0.15030674846625766,0.5,0.25
50,0.7484759733121188,0.490163024355282,0.7376316050932337,0.48939502930134565,0.2342918089705646,0.4827401301899372,0.5709876543209876,0.37350033315277165,0.36623811841039305,0.07716049382716049,0.5285714285714286,0.36812663218458624,0.36322168308488473,0.07142857142857142,0.1419753086419753,0.1457142857142857,0.07428571428571429,6.742857142857143,0.19135802469135801,0.002857142857142857,0.03238137994330783,0.08436634914903715,9.882716049382717,0.0,0.0,0.15,0.08024691358024691,0,0.15939419889165155,0.14410395653631553,3.677293224271186,0.8507630225817854,0.0,0.9803921568627451,0.0,0.4,0.0,0.4,0.0,0.08,0.14461538461538462,0.5,0.25
51,0.7552349586603274,0.49130088585496823,0.7433478001449771,0.49046442591433237,0.2342918089705646,0.4828635710472199,0.5186335403726708,0.3740709026784091,0.366768143454456,0.07763975155279502,0.47714285714285715,0.36818377504172906,0.3632645402277419,0.07142857142857142,0.13975155279503104,0.16,0.08,6.994285714285715,0.1956521739130435,0.005714285714285714,0.0323981938914948,0.08436634914903715,9.813664596273291,0.0,0.0,0.15,0.08074534161490683,0,0.15965394218290763,0.14352790278041283,3.763747359785763,0.8371855392418075,0.0,0.9821428571428571,0.0,0.4,0.0,0.4,0.0,0.08,0.1419753086419753,0.5,0.25
52,0.7590342814761858,0.4912223663044965,0.7470272897052098,0.49058743422688506,0.2342918089705646,0.48301832218075275,0.5389408099688473,0.3742583562665005,0.3671173536663574,0.0778816199376947,0.4942857142857143,0.36818377504172906,0.3632645402277419,0.07142857142857142,0.13395638629283488,0.13428571428571429,0.08285714285714285,7.2542857142857144,0.19626168224299065,0.002857142857142857,0.03248294519876814,0.08436634914903715,9.77570093457944,0.0,0.0,0.15,0.08099688473520249,0,0.15931281532913594,0.14281026326651078,3.8227581268757618,0.8204418284569713,0.0,1.0,0.0,0.4,0.0,0.4,0.0,0.08,0.13354037267080746,0.5,0.25
53,0.7636087659603567,0.49239776186655826,0.7506154324605352,0.4916912358130603,0.2342918089705646,0.48318665705227504,0.525,0.37542764640811493,0.36769162501319347,0.078125,0.48,0.368640917898872,0.3633502545134562,0.07142857142857142,0.15,0.14857142857142858,0.08571428571428572,7.46,0.20625,0.002857142857142857,0.032495698160795734,0.08436634914903715,9.75625,0.0,0.0,0.15,0.08125,0,0.16008639553820456,0.14482809702142263,3.8948743929096747,0.8681255332467198,0.0,0.9615384615384616,0.0,0.4,0.0,0.4,0.0,0.08,0.14953271028037382,0.5,0.25
54,0.7694416328642821,0.49228622246987,0.7551879907338008,0.4912837150901794,0.2342918089705646,0.48343940681193176,0.5015673981191222,0.3749587120993488,0.3685357478061963,0.07836990595611286,0.45714285714285713,0.36886548963669125,0.3633931116563133,0.07142857142857142,0.16300940438871472,0.1742857142857143,0.08857142857142856,7.685714285714286,0.21003134796238246,0.002857142857142857,0.032496018515009446,0.08436634914903716,9.74921630094044,0.0,0.0,0.15,0.08150470219435736,0,0.16039982070337064,0.14424914852302798,3.9912626193371956,0.8542709584100077,0.0,0.9836065573770492,0.0,0.4,0.0,0.4,0.0,0.08,0.1625,0.5,0.25
55,0.7745756458665751,0.49107154956173005,0.759126212243118,0.48985058701366546,0.2342918089705646,0.4836403459001988,0.4889589905362776,0.37628114698596077,0.3700113643799799,0.07886435331230283,0.44285714285714284,0.36892263249383406,0.3634359687991705,0.07142857142857142,0.14511041009463724,0.15142857142857144,0.09428571428571429,7.86,0.20504731861198738,0.005714285714285714,0.03249997251931013,0.08436634914903715,9.709779179810726,0.0,0.0,0.15,0.08201892744479496,0,0.16054067874271094,0.1450475298286554,4.062865938379024,0.8735497959220491,0.0,0.9811320754716981,0.0,0.4,0.0,0.4,0.0,0.08,0.15047021943573669,0.5,0.25
56,0.7797051658639957,0.4913326175072605,0.7632087625945997,0.4901362459250202,0.2342918089705646,0.4837139786692787,0.5301587301587302,0.37669453592734786,0.37143291494011194,0.07936507936507936,0.47714285714285715,0.3689797753509769,0.3634788259420276,0.07142857142857142,0.13333333333333333,0.13142857142857142,0.1,8.037142857142857,0.2126984126984127,0.005714285714285714,0.0326791919099388,0.08436634914903715,9.466666666666667,0.0,0.0,0.15,0.07936507936507936,0,0.1606519753489974,0.14643470479645315,4.113037191040014,0.9076479171200007,0.0,0.9782608695652174,0.0,0.4,0.0,0.4,0.0,0.08,0.13564668769716087,0.5,0.25
57,0.7834625766298331,0.4906656358969289,0.766488541947755,0.4891757099413402,0.2342918089705646,0.48376463582201357,0.4968152866242038,0.3761288466405157,0.371305851880592,0.07961783439490445,0.44571428571428573,0.3690369182081198,0.3635216830848847,0.07142857142857142,0.15605095541401273,0.16857142857142857,0.10285714285714286,8.225714285714286,0.21656050955414013,0.002857142857142857,0.032688374812426584,0.08436634914903715,9.45859872611465,0.0,0.0,0.15,0.07961783439490445,0,0.16104757332939526,0.14702242509375,4.199347875790642,0.9223681599999999,0.0,0.9830508474576272,0.0,0.4,0.0,0.4,0.0,0.08,0.15555555555555556,0.5,0.25
58,0.786077999230602,0.4904068945706239,0.7694461553689286,0.48886596640458413,0.2342918089705646,0.4837181782645084,0.4984025559105431,0.3757958265098895,0.37181111995076765,0.07987220447284345,0.44571428571428573,0.3690369182081198,0.3635216830848847,0.07142857142857142,0.1501597444089457,0.1657142857142857,0.10571428571428572,8.42,0.21405750798722045,0.002857142857142857,0.03270537877728049,0.08436634914903716,9.44408945686901,0.0,0.0,0.15,0.07987220447284345,0,0.16084219260560542,0.14628731296828124,4.281075203989115,0.9039207967999998,0.0,1.0,0.0,0.4,0.0,0.4,0.0,0.08,0.15286624203821655,0.5,0.25
59,0.7917215202505148,0.4910490398773259,0.7730579370321448,0.4888480870695612,0.2342918089705646,0.483610817343214,0.48534201954397393,0.37526381585516927,0.37093209859217713,0.0781758957654723,0.4257142857142857,0.3690369182081198,0.3635216830848847,0.07142857142857142,0.13355048859934854,0.14,0.12285714285714286,8.642857142857142,0.20846905537459284,0.017142857142857144,0.03278825971026851,0.08436634914903715,9.26384364820847,0.0,0.0,0.15,0.0781758957654723,0,0.16058069592829166,0.14555587640343984,4.3354536999093325,0.8858423808639998,0.0,1.0,0.0,0.4,0.0,0.4,0.0,0.08,0.14376996805111822,0.5,0.25
60,0.7969772754003621,0.48966253964556716,0.7756853712027151,0.48903181739280155,0.2342918089705646,0.48372844097666434,0.528052805280528,0.3747492773615302,0.3728638757662564,0.07920792079207921,0.45714285714285713,0.3691512039224055,0.363607397370599,0.07142857142857142,0.1254125412541254,0.12571428571428572,0.13428571428571429,8.857142857142858,0.2079207920792079,0.011428571428571429,0.033079558982421986,0.08436634914903715,8.877887788778878,0.0,0.0,0.15,0.08250825082508251,0,0.16112036387722165,0.14636082418082813,4.374458911625432,0.9057655331200002,0.0,0.9545454545454546,0.0,0.4,0.0,0.4,0.0,0.08,0.1270358306188925,0.5,0.25
61,0.7993548306176718,0.48894202810827236,0.7780972718250844,0.4889306268845236,0.2342918089705646,0.48376053686331494,0.5298013245033113,0.37550024689624717,0.37364833396126135,0.07947019867549669,0.45714285714285713,0.3692083467795484,0.3636502545134561,0.07142857142857142,0.1423841059602649,0.14857142857142858,0.13714285714285715,9.028571428571428,0.2052980132450331,0.002857142857142857,0.033240619328440316,0.08436634914903715,8.834437086092715,0.0,0.0,0.15,0.07947019867549669,0,0.1615136199149784,0.14636082418082813,4.435541161964351,0.9057655331200002,0.0,0.9807692307692307,0.0,0.4,0.0,0.4,0.0,0.08,0.1419141914191419,0.5,0.25
62,0.7999752314563954,0.48799248360304387,0.7782870252065313,0.4881115599112536,0.2342918089705646,0.48373090500614163,0.4983388704318937,0.3751969902575608,0.3740454771511401,0.07973421926910298,0.42857142857142855,0.369379775350977,0.36377882594202754,0.07142857142857142,0.14950166112956811,0.15142857142857144,0.14,9.18,0.19933554817275748,0.002857142857142857,0.03325768840735552,0.08436634914903715,8.803986710963455,0.0,0.0,0.15,0.07641196013289037,0,0.16253448038683205,0.148578375,4.498258910153636,0.9623600000000003,0.0,0.9433962264150944,0.0,0.4,0.0,0.4,0.0,0.08,0.152317880794702,0.5,0.25
63,0.8055427807189814,0.48899998091381885,0.7816343194263462,0.48882347205219356,0.2342918089705646,0.48388845735459757,0.5484949832775919,0.3748860990426946,0.37355835991501224,0.0802675585284281,0.4685714285714286,0.369379775350977,0.36377882594202754,0.07142857142857142,0.14046822742474915,0.13714285714285715,0.1457142857142857,9.357142857142858,0.20066889632107024,0.005714285714285714,0.03331868367684105,0.08436634914903715,8.715719063545151,0.0,0.0,0.15,0.0802675585284281,0,0.16232137941346936,0.147835483125,4.54543658909342,0.9431128000000003,0.0,1.0,0.0,0.4,0.0,0.4,0.0,0.08,0.13953488372093023,0.5,0.25
64,0.80942761473486,0.4891731638927404,0.7849530776284824,0.4889256641329952,0.2342918089705646,0.48406403076141613,0.5351170568561873,0.37501987830690864,0.3736586943631728,0.0802675585284281,0.45714285714285713,0.36949406106526267,0.36386454022774184,0.07142857142857142,0.13712374581939799,0.13142857142857142,0.1457142857142857,9.534285714285714,0.2140468227424749,0.0,0.033342434454797426,0.08436634914903715,8.715719063545151,0.0,0.0,0.15,0.0802675585284281,0,0.16288077251640198,0.14850375,4.585956428740123,0.9603999999999999,0.0,0.9565217391304348,0.0,0.4,0.0,0.4,0.0,0.08,0.13712374581939799,0.5,0.25
65,0.8138505949612211,0.489366296186915,0.7887315664504309,0.4890359016077244,0.2342918089705646,0.48421322685409796,0.4816053511705686,0.37501987830690864,0.3736586943631728,0.0802675585284281,0.4114285714285714,0.36949406106526267,0.36386454022774184,0.07142857142857142,0.17391304347826086,0.16857142857142857,0.1457142857142857,9.688571428571429,0.2140468227424749,0.0,0.033342434454797426,0.08436634914903715,8.715719063545151,0.0,0.0,0.15,0.0802675585284281,0,0.1628369400823914,0.14776123124999999,4.662808728736749,0.9411919999999999,0.0,1.0,0.0,0.4,0.0,0.4,0.0,0.08,0.17391304347826086,0.5,0.25
66,0.8179465910839343,0.4881426641651777,0.7922307174238342,0.48786386878743265,0.2342918089705646,0.48439559971486035,0.48494983277591974,0.37501987830690864,0.3736586943631728,0.0802675585284281,0.4142857142857143,0.36949406106526267,0.36386454022774184,0.07142857142857142,0.14715719063545152,0.15714285714285714,0.1457142857142857,9.837142857142856,0.21739130434782608,0.0,0.033342434454797426,0.08436634914903715,8.715719063545151,0.0,0.0,0.15,0.0802675585284281,0,0.16259418395340805,0.14702242509375,4.726695411304871,0.9223681599999999,0.0,1.0,0.0,0.4,0.0,0.4,0.0,0.08,0.14715719063545152,0.5,0.25
67,0.8233491152857202,0.488849656655345,0.7942042322097121,0.48847596088047956,0.2342918089705646,0.4844755967829416,0.4882154882154882,0.3759182467189372,0.3731650844480982,0.08080808080808081,0.4142857142857143,0.36949406106526267,0.36386454022774184,0.07142857142857142,0.1447811447811448,0.16,0.15142857142857144,10.062857142857142,0.21885521885521886,0.005714285714285714,0.033370096423943105,0.08436634914903715,8.632996632996633,0.0,0.0,0.15,0.08080808080808081,0,0.16238107017649814,0.14628731296828124,4.792161503078773,0.9039207967999998,0.0,1.0,0.0,0.4,0.0,0.4,0.0,0.08,0.1505016722408027,0.5,0.25
68,0.8281530993511417,0.4880849733386228,0.7964465232861175,0.4878922126852105,0.2342918089705646,0.48442576966992995,0.5050847457627119,0.3752943945815357,0.37314012286855786,0.08135593220338982,0.4257142857142857,0.36960834677954835,0.3639502545134562,0.07142857142857142,0.13559322033898305,0.13714285714285715,0.15714285714285714,10.174285714285714,0.2135593220338983,0.005714285714285714,0.033458244276411156,0.08436634914903715,8.583050847457628,0.0,0.0,0.15,0.08135593220338982,0,0.16288345053990136,0.14555587640343984,4.833461130160056,0.8858423808639998,0.0,0.9583333333333334,0.0,0.4,0.0,0.4,0.0,0.08,0.13804713804713806,0.5,0.25
69,0.8294137280884071,0.48700891831699833,0.7974913255544055,0.4876625114248012,0.2342918089705646,0.48423571789098313,0.49146757679180886,0.37662457191716747,0.3714566114352823,0.08191126279863481,0.4114285714285714,0.36960834677954835,0.3639502545134562,0.07142857142857142,0.12627986348122866,0.12571428571428572,0.16285714285714287,10.274285714285714,0.19795221843003413,0.005714285714285714,0.03350128800696131,0.08436634914903715,8.53924914675768,0.0,0.0,0.15,0.08191126279863481,0,0.16266817685863041,0.14482809702142263,4.862506193271139,0.8681255332467198,0.0,1.0,0.0,0.4,0.0,0.4,0.0,0.08,0.12542372881355932,0.5,0.25
70,0.8326418448133691,0.4856437137558735,0.7986808565648651,0.4866428301272719,0.2342918089705646,0.48434398862208317,0.4862068965517241,0.3774082128747902,0.37116580939119687,0.08275862068965517,0.40285714285714286,0.36960834677954835,0.3639502545134562,0.07142857142857142,0.11724137931034483,0.13428571428571429,0.17142857142857143,10.457142857142857,0.20344827586206896,0.008571428571428572,0.033584749203813026,0.08436634914903715,8.427586206896551,0.0,0.0,0.15,0.07931034482758621,0,0.16245426454576584,0.14410395653631553,4.899541783691431,0.8507630225817854,0.0,1.0,0.0,0.4,0.0,0.4,0.0,0.08,0.12627986348122866,0.5,0.25
71,0.838030163643277,0.48440942831301587,0.8022738560913952,0.48608215313318787,0.2342918089705646,0.4844185038523114,0.5243055555555556,0.3792205302436986,0.3726577591645672,0.08333333333333333,0.43142857142857144,0.36966548963669127,0.3639931116563133,0.07142857142857142,0.125,0.12857142857142856,0.17714285714285713,10.59142857142857,0.19791666666666666,0.005714285714285714,0.0336904994846564,0.08436634914903715,8.395833333333334,0.0,0.0,0.15,0.0798611111111111,0,0.16258456465160845,0.14338343675363394,4.93012237658903,0.8337477621301497,0.0,0.9777777777777777,0.0,0.4,0.0,0.4,0.0,0.08,0.1310344827586207,0.5,0.25
72,0.8442585045593518,0.4838364282899791,0.8050450983456037,0.48581088465397604,0.2342918089705646,0.48442609911769596,0.45422535211267606,0.37950576567894706,0.37123832463893947,0.08450704225352113,0.36857142857142855,0.36966548963669127,0.3639931116563133,0.07142857142857142,0.1056338028169014,0.11142857142857143,0.18857142857142858,10.67142857142857,0.18309859154929578,0.011428571428571429,0.0337212750016365,0.08436634914903715,8.274647887323944,0.0,0.0,0.15,0.08098591549295775,0,0.16237078539977895,0.14266651956986576,4.942948500485822,0.8170728068875467,0.0,1.0,0.0,0.4,0.0,0.4,0.0,0.08,0.1076388888888889,0.5,0.25
73,0.845845341997069,0.482834311552348,0.8056994751554171,0.4850893670296091,0.2342918089705646,0.4844495663454129,0.47703180212014135,0.3795128284466687,0.3708093040636158,0.08480565371024736,0.38571428571428573,0.369722632493834,0.36403596879917044,0.07142857142857142,0.14840989399293286,0.15142857142857144,0.19142857142857142,10.854285714285714,0.18021201413427562,0.002857142857142857,0.033827057087248265,0.08436634914903715,8.240282685512367,0.0,0.0,0.15,0.0812720848056537,0,0.1626440743299229,0.14260824327481492,4.995518101904676,0.8166982156748198,0.0,0.9811320754716981,0.0,0.4,0.0,0.4,0.0,0.08,0.15140845070422534,0.5,0.25
74,0.8498555189612266,0.4821676712764778,0.8075610508639586,0.4850206666301837,0.2342918089705646,0.4843823038164704,0.5571428571428572,0.3809543772426493,0.3714112731911825,0.08571428571428572,0.44571428571428573,0.36977977535097695,0.3640788259420276,0.07142857142857142,0.12857142857142856,0.13142857142857142,0.2,10.937142857142858,0.175,0.008571428571428572,0.033999269808043686,0.08436634914903716,7.992857142857143,0.0,0.0,0.15,0.08214285714285714,0,0.16274513967255902,0.14791010812500002,5.027036311295153,0.9422406854258822,0.0,0.9782608695652174,0.0,0.4,0.0,0.4,0.0,0.08,0.13074204946996468,0.5,0.25
75,0.8509508612005116,0.48299785167070935,0.8087720558318343,0.4853883532516913,0.2342918089705646,0.4844017265056828,0.5555555555555556,0.38042869771541266,0.37183278144290055,0.08602150537634409,0.44285714285714284,0.36977977535097695,0.3640788259420276,0.07142857142857142,0.13620071684587814,0.14,0.20285714285714285,11.045714285714286,0.17562724014336917,0.002857142857142857,0.034070666766229316,0.08436634914903714,8.0,0.0,0.0,0.15,0.07885304659498207,0,0.1625311282599105,0.14717055758437503,5.066495585069251,0.9233958717173646,0.0,1.0,0.0,0.4,0.0,0.4,0.0,0.08,0.1392857142857143,0.5,0.25
76,0.8556442026861868,0.4840523962739281,0.8116021759374508,0.48587960780272155,0.2342918089705646,0.48437884324473707,0.5451263537906137,0.3801195104804602,0.37154131848717437,0.08664259927797834,0.43142857142857144,0.36977977535097695,0.3640788259420276,0.07142857142857142,0.1263537906137184,0.12571428571428572,0.20857142857142857,11.145714285714286,0.16967509025270758,0.005714285714285714,0.03410516736785552,0.08436634914903715,7.963898916967509,0.0,0.0,0.15,0.07942238267148015,0,0.16220418690432525,0.14643470479645315,5.090879959082152,0.9049279542830172,0.0,1.0,0.0,0.4,0.0,0.4,0.0,0.08,0.12544802867383512,0.5,0.25
77,0.8618469806357424,0.4840734356643672,0.8165112316289562,0.486118652597835,0.2342918089705646,0.484259092792644,0.5776173285198556,0.3801917126465252,0.3715954701117231,0.08664259927797834,0.45714285714285713,0.3698369182081198,0.3641216830848847,0.07142857142857142,0.11913357400722022,0.10571428571428572,0.20857142857142857,11.242857142857142,0.16967509025270758,0.0,0.03410635346369366,0.08436634914903715,7.963898916967509,0.0,0.0,0.15,0.07942238267148015,0,0.16233573739837506,0.14732018258437507,5.094776645614794,0.8983780877778118,0.0,0.972972972972973,0.0,0.4,0.0,0.4,0.0,0.08,0.11913357400722022,0.5,0.25
78,0.864156566327803,0.4843744087938727,0.8178666139384663,0.48596409508208416,0.2342918089705646,0.4840890996470152,0.5854545454545454,0.3812267687021872,0.3732704804255726,0.08727272727272728,0.46,0.3698940610652627,0.3641645402277419,0.07142857142857142,0.11272727272727273,0.11142857142857143,0.21428571428571427,11.354285714285714,0.1709090909090909,0.005714285714285714,0.03417449365528718,0.08436634914903715,7.818181818181818,0.0,0.0,0.15,0.08,0,0.1624380587113832,0.1465835816714532,5.10430968413107,0.8804105260222556,0.0,0.9743589743589743,0.0,0.4,0.0,0.4,0.0,0.08,0.11552346570397112,0.5,0.25
79,0.8703907859070203,0.4846195451552612,0.8197954235383316,0.48621377077691114,0.2342918089705646,0.4840809467075881,0.6556776556776557,0.3819977354197695,0.37464593417391634,0.08791208791208792,0.5114285714285715,0.3698940610652627,0.3641645402277419,0.07142857142857142,0.10256410256410256,0.1,0.22,11.445714285714285,0.1684981684981685,0.005714285714285714,0.03428882178281075,0.08436634914903716,7.728937728937729,0.0,0.0,0.15,0.08058608058608059,0,0.16213958341782625,0.1458506637630959,5.1022234904484485,0.8628023155018104,0.0,1.0,0.0,0.4,0.0,0.4,0.0,0.08,0.10545454545454545,0.5,0.25
80,0.8758008993883504,0.4838166427101374,0.8236151874559938,0.4851384464704384,0.2342918089705646,0.48396695905693266,0.5992647058823529,0.38318658452194154,0.37526284123059256,0.08823529411764706,0.4657142857142857,0.3700654896366913,0.3642931116563133,0.07142857142857142,0.125,0.12571428571428572,0.22285714285714286,11.52,0.16176470588235295,0.002857142857142857,0.034347784065863654,0.08436634914903715,7.698529411764706,0.0,0.0,0.15,0.08088235294117647,0,0.16327060121502282,0.15,5.125893306353765,1.0,0.0,0.9318181818181818,0.0,0.4,0.0,0.4,0.0,0.08,0.1282051282051282,0.5,0.25
81,0.8777298827400281,0.4846349867346795,0.8247869610934588,0.48548249511771546,0.2342918089705646,0.48364861041338625,0.6356877323420075,0.38320334265006795,0.37572173866113956,0.08921933085501858,0.48857142857142855,0.3700654896366913,0.3642931116563133,0.07142857142857142,0.11524163568773234,0.12,0.23142857142857143,11.631428571428572,0.15613382899628253,0.008571428571428572,0.03438377383834021,0.08436634914903715,7.605947955390334,0.0,0.0,0.15,0.08178438661710037,0,0.16296824820894773,0.14925,5.1433754402266905,0.98,0.0,1.0,0.0,0.4,0.0,0.4,0.0,0.08,0.125,0.5,0.25
82,0.8815469064169728,0.484326363793859,0.8274172444399475,0.4847566581106601,0.2342918089705646,0.4834832204317269,0.5970149253731343,0.38413244371393,0.37660446369803985,0.08955223880597014,0.45714285714285713,0.3700654896366913,0.3642931116563133,0.07142857142857142,0.12313432835820895,0.12571428571428572,0.2342857142857143,11.711428571428572,0.15298507462686567,0.002857142857142857,0.034641704532448345,0.08436634914903715,7.365671641791045,0.0,0.0,0.15,0.08208955223880597,0,0.1627529783964744,0.14850375,5.166222217136442,0.9603999999999999,0.0,1.0,0.0,0.4,0.0,0.4,0.0,0.08,0.12639405204460966,0.5,0.25
83,0.8848691276971645,0.4840345140372219,0.829600542654317,0.4849324600633073,0.2342918089705646,0.4832455233998924,0.5842696629213483,0.38409689836695776,0.37590607120203046,0.0898876404494382,0.44571428571428573,0.3700654896366913,0.3642931116563133,0.07142857142857142,0.1198501872659176,0.11714285714285715,0.23714285714285716,11.862857142857143,0.149812734082397,0.002857142857142857,0.034642311883285086,0.08436634914903716,7.355805243445693,0.0,0.0,0.15,0.07865168539325842,0,0.1624533563616349,0.14776123124999999,5.18004062993657,0.9411919999999999,0.0,1.0,0.0,0.4,0.0,0.4,0.0,0.08,0.11940298507462686,0.5,0.25
84,0.8904051446134685,0.4830526559229707,0.8334749589087184,0.4845794365025128,0.2342918089705646,0.48296892949403725,0.5939849624060151,0.3830806765855378,0.3767323741223045,0.09022556390977443,0.4514285714285714,0.3701226324938341,0.36433596879917046,0.07142857142857142,0.11654135338345864,0.11714285714285715,0.24,11.957142857142857,0.13909774436090225,0.002857142857142857,0.03466995181507917,0.08436634914903716,7.330827067669173,0.0,0.0,0.15,0.07894736842105263,0,0.1626122324369696,0.14732018258437507,5.193582674480695,0.9223681599999999,0.0,0.975609756097561,0.0,0.4,0.0,0.4,0.0,0.08,0.1198501872659176,0.5,0.25
85,0.8926557301152962,0.48329453270297723,0.8351854038901078,0.48468254388555004,0.2342918089705646,0.48261017614978474,0.5864661654135338,0.38323105252538736,0.37684515607719166,0.09022556390977443,0.44571428571428573,0.37023691820811977,0.3644216830848847,0.07142857142857142,0.12030075187969924,0.11428571428571428,0.24,12.042857142857143,0.14661654135338345,0.0,0.0346816638181445,0.08436634914903716,7.330827067669173,0.0,0.0,0.15,0.07894736842105263,0,0.16317031413192762,0.15841540779523833,5.203996735276796,0.9818625256160557,0.0,0.95,0.0,0.4,0.0,0.4,0.0,0.08,0.12030075187969924,0.5,0.25
86,0.8977385580919721,0.4845830984250059,0.8373398470371847,0.4852507092681154,0.2342918089705646,0.4822734852045534,0.6136363636363636,0.38396012999143886,0.3774982607520162,0.09090909090909091,0.46285714285714286,0.3702940610652627,0.3644645402277419,0.07142857142857142,0.14015151515151514,0.13142857142857142,0.24571428571428572,12.177142857142858,0.14015151515151514,0.005714285714285714,0.03467590437262337,0.08436634914903716,7.333333333333333,0.0,0.0,0.15,0.07954545454545454,0,0.16341117684698223,0.15829833075626212,5.231345371999831,0.9787874759336079,0.0,0.9782608695652174,0.0,0.4,0.0,0.4,0.0,0.08,0.14661654135338345,0.5,0.25
87,0.8980007405209441,0.4850091328346454,0.8367966128834665,0.485857696300351,0.2342918089705646,0.4819132048434434,0.6221374045801527,0.3836034664881957,0.3780777846510336,0.0916030534351145,0.4657142857142857,0.3702940610652627,0.3644645402277419,0.07142857142857142,0.11450381679389313,0.10857142857142857,0.25142857142857145,12.308571428571428,0.13358778625954199,0.005714285714285714,0.03473743378843856,0.08436634914903715,7.213740458015267,0.0,0.0,0.15,0.08015267175572519,0,0.16307983524846162,0.1575068391024808,5.235289893131263,0.9592117264149358,0.0,1.0,0.0,0.4,0.0,0.4,0.0,0.08,0.11742424242424243,0.5,0.25
88,0.9002209577048894,0.48445481551255876,0.8384586040325913,0.4852225045101735,0.2342918089705646,0.4815833244456197,0.6374045801526718,0.3836034664881957,0.3780777846510336,0.0916030534351145,0.47714285714285715,0.3702940610652627,0.3644645402277419,0.07142857142857142,0.09923664122137404,0.09714285714285714,0.25142857142857145,12.454285714285714,0.13358778625954199,0.0,0.03479051107393464,0.08436634914903715,7.213740458015267,0.0,0.0,0.15,0.08015267175572519,0,0.16274986464364788,0.1567193049069684,5.227726952411494,0.940027491886637,0.0,1.0,0.0,0.4,0.0,0.4,0.0,0.08,0.09923664122137404,0.5,0.25
89,0.9021039144937247,0.4840881314397537,0.8398681316859483,0.48481743241468683,0.2342918089705646,0.48128965723010403,0.6145038167938931,0.3836034664881957,0.3780777846510336,0.0916030534351145,0.46,0.3702940610652627,0.3644645402277419,0.07142857142857142,0.10687022900763359,0.10571428571428572,0.25142857142857145,12.56,0.14122137404580154,0.0,0.03479051107393464,0.08436634914903715,7.213740458015267,0.0,0.0,0.15,0.08015267175572519,0,0.16247854389185823,0.15593570838243356,5.228886699077551,0.9212269420489042,0.0,1.0,0.0,0.4,0.0,0.4,0.0,0.08,0.10687022900763359,0.5,0.25
90,0.9027999239558303,0.4847880334598609,0.8403891444832957,0.48524500652067704,0.2342918089705646,0.4809624769616092,0.6030534351145038,0.3836034664881957,0.3780777846510336,0.0916030534351145,0.4514285714285714,0.3702940610652627,0.3644645402277419,0.07142857142857142,0.1183206106870229,0.10571428571428572,0.25142857142857145,12.648571428571428,0.13740458015267176,0.0,0.03479051107393464,0.08436634914903715,7.213740458015267,0.0,0.0,0.15,0.08015267175572519,0,0.1622368661723989,0.1551560298405214,5.230023250810285,0.9028024032079262,0.0,1.0,0.0,0.4,0.0,0.4,0.0,0.08,0.1183206106870229,0.5,0.25
91,0.9079944614865243,0.48579994226901635,0.8427635966851562,0.4857369187351004,0.2342918089705646,0.4806388360658812,0.5576923076923077,0.38444028550558984,0.37925478371550203,0.09230769230769231,0.4142857142857143,0.3702940610652627,0.3644645402277419,0.07142857142857142,0.09615384615384616,0.10285714285714286,0.2571428571428571,12.771428571428572,0.13076923076923078,0.005714285714285714,0.03487075250490945,0.08436634914903716,7.092307692307692,0.0,0.0,0.15,0.08076923076923077,0,0.16199668184153693,0.15438024969131878,5.228279928651222,0.8847463551437676,0.0,1.0,0.0,0.4,0.0,0.4,0.0,0.08,0.09923664122137404,0.5,0.25
92,0.9094334166229495,0.4851193203907878,0.8438325347865008,0.4851196445972968,0.2342918089705646,0.48032465657259504,0.6230769230769231,0.38444028550558984,0.37925478371550203,0.09230769230769231,0.46285714285714286,0.3702940610652627,0.3644645402277419,0.07142857142857142,0.09615384615384616,0.09428571428571429,0.2571428571428571,12.871428571428572,0.1346153846153846,0.0,0.034910341177519136,0.08436634914903716,7.092307692307692,0.0,0.0,0.15,0.08076923076923077,0,0.16164369843232923,0.1536083484428622,5.218000044363912,0.8670514280408923,0.0,1.0,0.0,0.4,0.0,0.4,0.0,0.08,0.09615384615384616,0.5,0.25
93,0.911020042245151,0.4854630419929345,0.8451545321734403,0.4856350092517788,0.2342918089705646,0.4800398553704089,0.5907335907335908,0.3857527015408269,0.37946423398366363,0.09266409266409266,0.43714285714285717,0.37035120392240556,0.36450739737059895,0.07142857142857142,0.10038610038610038,0.10857142857142857,0.26,13.0,0.13127413127413126,0.002857142857142857,0.034951912063008815,0.08436634914903716,7.0347490347490345,0.0,0.0,0.15,0.08108108108108109,0,0.16180662279731045,0.1574950193813674,5.222211472048062,0.8524992736482793,0.0,0.9736842105263158,0.0,0.4,0.0,0.4,0.0,0.08,0.10384615384615385,0.5,0.25
94,0.9134523124783636,0.48525727756124387,0.8459219669963818,0.4857225668864458,0.2342918089705646,0.4796911638522335,0.5930232558139535,0.3858133728693762,0.37950569673938706,0.09302325581395349,0.43714285714285717,0.37035120392240556,0.36450739737059895,0.07142857142857142,0.08527131782945736,0.09428571428571429,0.26285714285714284,13.077142857142857,0.12790697674418605,0.002857142857142857,0.03497909789970544,0.08436634914903715,7.007751937984496,0.0,0.0,0.15,0.08139534883720931,0,0.16148287611189532,0.15670754428446054,5.212052956892815,0.8354492881753136,0.0,1.0,0.0,0.4,0.0,0.4,0.0,0.08,0.0888030888030888,0.5,0.25
95,0.9129980722985125,0.4848553474275205,0.8455871270923773,0.4853664176252445,0.2342918089705646,0.4793456626539547,0.5658914728682171,0.3858133728693762,0.37950569673938706,0.09302325581395349,0.41714285714285715,0.37035120392240556,0.36450739737059895,0.07142857142857142,0.08139534883720931,0.08857142857142856,0.26285714285714284,13.122857142857143,0.12790697674418605,0.0,0.03501102360404221,0.08436634914903715,7.007751937984496,0.0,0.0,0.15,0.08139534883720931,0,0.161132318874193,0.15592400656303823,5.196383326326387,0.8187403024118074,0.0,1.0,0.0,0.4,0.0,0.4,0.0,0.08,0.08139534883720931,0.5,0.25
96,0.9147143931155015,0.48304614565517495,0.8459670522307445,0.4843234715296677,0.2342918089705646,0.47899407605499944,0.5758754863813229,0.3859042728152381,0.37916558020590235,0.0933852140077821,0.4228571428571429,0.37046548963669124,0.36459311165631325,0.07142857142857142,0.08949416342412451,0.09142857142857143,0.26571428571428574,13.191428571428572,0.12840466926070038,0.002857142857142857,0.03504797021002083,0.08436634914903715,6.957198443579767,0.0,0.0,0.15,0.08171206225680934,0,0.1616688008512506,0.2236422437544804,5.18388423122843,0.8213436920072565,0.0,0.9375,0.0,0.4,0.0,0.4,0.0,0.08,0.09302325581395349,0.5,0.25
97,0.918248326023984,0.48268246375559154,0.8482951595757466,0.4837155634547507,0.2342918089705646,0.47867259158708153,0.59765625,0.3856806820882729,0.3791356013739437,0.09375,0.43714285714285717,0.37046548963669124,0.36459311165631325,0.07142857142857142,0.09375,0.09142857142857143,0.26857142857142857,13.288571428571428,0.12890625,0.002857142857142857,0.03508456666842266,0.08436634914903716,6.9296875,0.0,0.0,0.15,0.08203125,0,0.16128888541842293,0.22252403253570802,5.171635118032434,0.8049168181671114,0.0,1.0,0.0,0.4,0.0,0.4,0.0,0.08,0.09727626459143969,0.5,0.25
98,0.9218051674743191,0.4822145095334692,0.8497559948504029,0.48304235058479095,0.2342918089705646,0.47837842122772134,0.5882352941176471,0.38613100112604226,0.37977898881867694,0.09411764705882353,0.42857142857142855,0.37046548963669124,0.36459311165631325,0.07142857142857142,0.06274509803921569,0.07142857142857142,0.2714285714285714,13.371428571428572,0.13333333333333333,0.002857142857142857,0.03523363659273282,0.08436634914903715,6.737254901960784,0.0,0.0,0.15,0.0784313725490196,0,0.16102401456275936,0.22141141237302947,5.1396309871003565,0.7888184818037691,0.0,1.0,0.0,0.4,0.0,0.4,0.0,0.08,0.06640625,0.5,0.25
99,0.9215692838080319,0.48185315756717806,0.8493378604498892,0.4820697838544554,0.2342918089705646,0.47820834793936595,0.6220472440944882,0.3865991003253752,0.38075188800309395,0.09448818897637795,0.4514285714285714,0.37052263249383405,0.36463596879917043,0.07142857142857142,0.09448818897637795,0.09428571428571429,0.2742857142857143,13.417142857142856,0.1220472440944882,0.002857142857142857,0.03529358365688142,0.08436634914903716,6.700787401574803,0.0,0.0,0.15,0.07874015748031496,0,0.16116132306137412,0.23848525879464055,5.131124081644063,0.8134525561637198,0.0,0.9696969696969697,0.0,0.4,0.0,0.4,0.0,0.08,0.09803921568627451,0.5,0.25
100,0.9259518151639292,0.48118503867429463,0.8512869072877522,0.4820645348479442,0.2342918089705646,0.47802011310457354,0.6428571428571429,0.38910547187128414,0.3829770657455994,0.09523809523809523,0.46285714285714286,0.37052263249383405,0.36463596879917043,0.07142857142857142,0.08333333333333333,0.09714285714285714,0.28,13.46,0.1111111111111111,0.005714285714285714,0.035305555263630654,0.08436634914903715,6.658730158730159,0.0,0.0,0.15,0.07936507936507936,0,0.1608978028746387,0.23729283250066735,5.1256444571540385,0.7971835050404454,0.0,1.0,0.0,0.4,0.0,0.4,0.0,0.08,0.09055118110236221,0.5,0.25
101,0.9259531462569609,0.4814693126152912,0.8512878656747351,0.48221351280588187,0.2342918089705646,0.4779793599274506,0.6349206349206349,0.38910547187128414,0.3829770657455994,0.09523809523809523,0.45714285714285713,0.37052263249383405,0.36463596879917043,0.07142857142857142,0.09523809523809523,0.09428571428571429,0.28,13.534285714285714,0.1111111111111111,0.0,0.03535042671535955,0.08436634914903715,6.658730158730159,0.0,0.0,0.15,0.07936507936507936,0,0.1605503138602655,0.236106368338164,5.117417282296673,0.7812398349396366,0.0,1.0,0.0,0.4,0.0,0.4,0.0,0.08,0.09523809523809523,0.5,0.25
102,0.9274034238853222,0.48106175801521306,0.8522765141652576,0.4812621886165485,0.2342918089705646,0.47807079766249705,0.624,0.3904922299035189,0.38297819890697987,0.096,0.44571428571428573,0.3705797753509769,0.36467882594202755,0.07142857142857142,0.092,0.09142857142857143,0.2857142857142857,13.631428571428572,0.104,0.005714285714285714,0.035430689437087166,0.08436634914903715,6.432,0.0,0.0,0.15,0.08,0,0.16057613371953558,0.23656957252602623,5.10649750807931,0.8025134061337069,0.0,0.96875,0.0,0.4,0.0,0.4,0.0,0.08,0.0992063492063492,0.5,0.25
103,0.930025438361966,0.4808143105417296,0.8541493816485747,0.48108232021324754,0.2342918089705646,0.4782460054862735,0.672,0.3904922299035189,0.38297819890697987,0.096,0.48,0.3705797753509769,0.36467882594202755,0.07142857142857142,0.064,0.07428571428571429,0.2857142857142857,13.68,0.104,0.0,0.035589559919088035,0.08436634914903715,6.432,0.0,0.0,0.15,0.08,0,0.16022982519379508,0.2353867246633961,5.078653272203438,0.7864631380110328,0.0,1.0,0.0,0.4,0.0,0.4,0.0,0.08,0.064,0.5,0.25
104,0.9360596644818651,0.4817430618200721,0.855699572251737,0.4817953758684181,0.2342918089705646,0.47819147247359073,0.6585365853658537,0.39264069099835847,0.3855439021583237,0.0975609756097561,0.46285714285714286,0.3705797753509769,0.36467882594202755,0.07142857142857142,0.08130081300813008,0.08285714285714285,0.29714285714285715,13.805714285714286,0.08943089430894309,0.011428571428571429,0.03580230842646365,0.08436634914903718,6.097560975609756,0.0,0.0,0.15,0.08130081300813008,0,0.1599139617821118,0.23420979104007913,5.059937349616513,0.7707338752508122,0.0,1.0,0.0,0.4,0.0,0.4,0.0,0.08,0.088,0.5,0.25
105,0.9416907793107977,0.4813945842783216,0.8562239749381407,0.48181584417456724,0.2342918089705646,0.4782079254108547,0.6213991769547325,0.39396978184662795,0.3857015760988678,0.09876543209876543,0.43142857142857144,0.37063691820811984,0.36472168308488473,0.07142857142857142,0.0823045267489712,0.09428571428571429,0.3057142857142857,13.911428571428571,0.07818930041152264,0.008571428571428572,0.03614115650752063,0.08436634914903718,5.720164609053498,0.0,0.0,0.15,0.0823045267489712,0,0.16002839197320123,0.23303874208487874,5.053024316909895,0.7711082122091367,0.0,0.9696969696969697,0.0,0.4,0.0,0.4,0.0,0.08,0.09349593495934959,0.5,0.25
106,0.9431880327553569,0.481277381265717,0.8572634966153633,0.4820260633717615,0.2342918089705646,0.4783179671112934,0.6748971193415638,0.39405208637337696,0.38576330449392954,0.09876543209876543,0.4685714285714286,0.37069406106526265,0.36476454022774185,0.07142857142857142,0.07818930041152264,0.06857142857142857,0.3057142857142857,13.914285714285715,0.0823045267489712,0.0,0.03631600813960841,0.08436634914903718,5.720164609053498,0.0,0.0,0.15,0.07818930041152264,0,0.1599996785847638,0.24665613717336762,5.020535259143127,0.8190012547144006,0.0,0.9583333333333334,0.0,0.4,0.0,0.4,0.0,0.08,0.07818930041152264,0.5,0.25
107,0.9445170048727305,0.4810500221658375,0.8575875393020741,0.48191443329647055,0.2342918089705646,0.47848481552948285,0.6859504132231405,0.39415412726176935,0.3867844918262892,0.09917355371900827,0.4742857142857143,0.3707512039224055,0.36480739737059903,0.07142857142857142,0.06198347107438017,0.06571428571428571,0.30857142857142855,13.968571428571428,0.08264462809917356,0.002857142857142857,0.03631332665844714,0.08436634914903716,5.702479338842975,0.0,0.0,0.15,0.07851239669421488,0,0.1601416809061257,0.24542285648750078,4.98583883967455,0.8250957240234249,0.0,0.9565217391304348,0.0,0.4,0.0,0.4,0.0,0.08,0.06584362139917696,0.5,0.25
108,0.9448819493015821,0.4817729078225873,0.8575639483699216,0.4820026524914235,0.2342918089705646,0.47877311855313415,0.6307053941908713,0.395468844226484,0.3858064018252862,0.0995850622406639,0.4342857142857143,0.3708083467795484,0.36485025451345615,0.07142857142857142,0.08298755186721991,0.07714285714285714,0.31142857142857144,14.025714285714285,0.07468879668049792,0.002857142857142857,0.036413005016042534,0.08436634914903716,5.626556016597511,0.0,0.0,0.15,0.07883817427385892,0,0.16025482964445223,0.25493328735958753,4.963264920023916,0.8652394389090033,0.0,0.9629629629629629,0.0,0.4,0.0,0.4,0.0,0.08,0.08677685950413223,0.5,0.25
109,0.9447399717190496,0.4810769499909572,0.8574661866630919,0.4816111910533451,0.2342918089705646,0.47904639535285054,0.7053941908713693,0.395468844226484,0.3858064018252862,0.0995850622406639,0.4857142857142857,0.3708083467795484,0.36485025451345615,0.07142857142857142,0.07468879668049792,0.07428571428571429,0.31142857142857144,14.028571428571428,0.07468879668049792,0.0,0.03644096385258077,0.08436634914903716,5.626556016597511,0.0,0.0,0.15,0.07883817427385892,0,0.15991041263908712,0.25365862092278957,4.9382853359091525,0.8479346501308231,0.0,1.0,0.0,0.4,0.0,0.4,0.0,0.08,0.07468879668049792,0.5,0.25
110,0.9448983796474845,0.4804239752985559,0.8575752618366717,0.48070717486531966,0.2342918089705646,0.4793760278697401,0.7261410788381742,0.3955518317783512,0.3858686424891866,0.0995850622406639,0.5,0.3708654896366912,0.36489311165631333,0.07142857142857142,0.07883817427385892,0.07428571428571429,0.31142857142857144,14.051428571428572,0.07468879668049792,0.0,0.03644096385258077,0.08436634914903716,5.626556016597511,0.0,0.0,0.15,0.07883817427385892,0,0.15996786057589168,0.2523903278181756,4.9138053434766835,0.9076479171200007,0.0,0.9615384615384616,0.0,0.4,0.0,0.4,0.0,0.08,0.07883817427385892,0.5,0.25
111,0.9488499899085653,0.48173643065341004,0.8586393799886278,0.48082663741476056,0.2342918089705646,0.4795509924446244,0.7196652719665272,0.3969726583313652,0.38662051425523014,0.100418410041841,0.49142857142857144,0.3708654896366912,0.36489311165631333,0.07142857142857142,0.05439330543933055,0.06285714285714286,0.3171428571428571,14.134285714285713,0.06694560669456066,0.005714285714285714,0.036486226826926454,0.08436634914903718,5.564853556485356,0.0,0.0,0.15,0.0794979079497908,0,0.15956787841586934,0.2511283761790847,4.878386379464292,0.8894949587776007,0.0,1.0,0.0,0.4,0.0,0.4,0.0,0.08,0.06224066390041494,0.5,0.25
112,0.9498679952247829,0.4806022922934011,0.8593345321902738,0.4800073883901922,0.2342918089705646,0.479656448018032,0.7489539748953975,0.3969726583313652,0.38662051425523014,0.100418410041841,0.5114285714285715,0.3708654896366912,0.36489311165631333,0.07142857142857142,0.05439330543933055,0.06,0.3171428571428571,14.222857142857142,0.07112970711297072,0.0,0.036506244920146584,0.08436634914903718,5.564853556485356,0.0,0.0,0.15,0.0794979079497908,0,0.1591983247380757,0.24987273429818926,4.840818651875006,0.8717050596020486,0.0,1.0,0.0,0.4,0.0,0.4,0.0,0.08,0.05439330543933055,0.5,0.25
113,0.9495683525896695,0.47994459384924654,0.8591299190765822,0.47970308819014496,0.2342918089705646,0.479536044985084,0.6820083682008368,0.3969726583313652,0.38662051425523014,0.100418410041841,0.4657142857142857,0.3708654896366912,0.36489311165631333,0.07142857142857142,0.06276150627615062,0.06857142857142857,0.3171428571428571,14.291428571428572,0.07112970711297072,0.0,0.036506244920146584,0.08436634914903718,5.564853556485356,0.0,0.0,0.15,0.0794979079497908,0,0.1588591902572425,0.24862337062669831,4.8125737074089345,0.8542709584100077,0.0,1.0,0.0,0.4,0.0,0.4,0.0,0.08,0.06276150627615062,0.5,0.25
114,0.9500345478004787,0.4796986145527108,0.8594482638062488,0.4795102378715595,0.2342918089705646,0.4794498180361644,0.7615062761506276,0.3969726583313652,0.38662051425523014,0.100418410041841,0.52,0.3708654896366912,0.36489311165631333,0.07142857142857142,0.058577405857740586,0.06,0.3171428571428571,14.377142857142857,0.07112970711297072,0.0,0.036506244920146584,0.08436634914903718,5.564853556485356,0.0,0.0,0.15,0.0794979079497908,0,0.15843618002024198,0.24738025377356482,4.776322233260755,0.8371855392418075,0.0,1.0,0.0,0.4,0.0,0.4,0.0,0.08,0.058577405857740586,0.5,0.25
115,0.9525956355974039,0.4794118124985776,0.8611971209018634,0.4795296701193479,0.2342918089705646,0.47943233031732807,0.6861924686192469,0.3970563403397334,0.38668327576150624,0.100418410041841,0.4685714285714286,0.3709226324938341,0.3649359687991704,0.07142857142857142,0.058577405857740586,0.06285714285714286,0.3171428571428571,14.397142857142857,0.07112970711297072,0.0,0.036506244920146584,0.08436634914903718,5.564853556485356,0.0,0.0,0.15,0.0794979079497908,0,0.15852928483442646,0.246143352504697,4.743652931452683,0.856078800003608,0.0,0.9545454545454546,0.0,0.4,0.0,0.4,0.0,0.08,0.058577405857740586,0.5,0.25
116,0.952767851436566,0.47969812607710666,0.8612436671039138,0.47947523283594323,0.2342918089705646,0.4794641944153608,0.7310924369747899,0.3957467881731345,0.3871519337658784,0.10084033613445378,0.49714285714285716,0.3709226324938341,0.3649359687991704,0.07142857142857142,0.07142857142857142,0.07142857142857142,0.32,14.482857142857142,0.07142857142857142,0.002857142857142857,0.03652398861922382,0.08436634914903718,5.53781512605042,0.0,0.0,0.15,0.07983193277310924,0,0.15819349555311152,0.2449126357421735,4.720208444252202,0.8389572240035359,0.0,1.0,0.0,0.4,0.0,0.4,0.0,0.08,0.07112970711297072,0.5,0.25
117,0.9561154785637829,0.4797410315398443,0.863645437897382,0.4791050107234865,0.2342918089705646,0.47937034573960746,0.6962025316455697,0.3953649355982214,0.386003999769823,0.10126582278481013,0.4714285714285714,0.3709226324938341,0.3649359687991704,0.07142857142857142,0.05485232067510549,0.06,0.32285714285714284,14.557142857142857,0.06751054852320675,0.002857142857142857,0.036575323180599716,0.08436634914903718,5.459915611814346,0.0,0.0,0.15,0.08016877637130802,0,0.15777381378963165,0.24368807256346264,4.685804275367157,0.8221780795234651,0.0,1.0,0.0,0.4,0.0,0.4,0.0,0.08,0.058823529411764705,0.5,0.25
118,0.9564224640780006,0.4800029194909046,0.8638533109455808,0.47917546198226857,0.2342918089705646,0.4793043480721228,0.6708860759493671,0.3953649355982214,0.386003999769823,0.10126582278481013,0.4542857142857143,0.3709226324938341,0.3649359687991704,0.07142857142857142,0.05485232067510549,0.04857142857142857,0.32285714285714284,14.617142857142857,0.06751054852320675,0.0,0.03663352587671217,0.08436634914903718,5.459915611814346,0.0,0.0,0.15,0.08016877637130802,0,0.15732751614925494,0.24246963220064532,4.6406596184312425,0.8057345179329959,0.0,1.0,0.0,0.4,0.0,0.4,0.0,0.08,0.05485232067510549,0.5,0.25
119,0.9570111576274611,0.47973996329686674,0.8622357096943642,0.4790656913210347,0.2342918089705646,0.47929439878769897,0.6553191489361702,0.3917834498376173,0.38364826265115287,0.09361702127659574,0.44,0.3709226324938341,0.3649359687991704,0.07142857142857142,0.03829787234042553,0.045714285714285714,0.32857142857142857,14.668571428571429,0.059574468085106386,0.005714285714285714,0.036755876044027726,0.08436634914903718,5.089361702127659,0.0,0.0,0.15,0.08085106382978724,0,0.1568834499970801,0.24125728403964208,4.593560711776902,0.7896198275743359,0.0,1.0,0.0,0.4,0.0,0.4,0.0,0.08,0.046413502109704644,0.5,0.25
120,0.9562615130094027,0.47966864319188063,0.8617323768793819,0.47866580603719155,0.2342918089705646,0.47949536300503454,0.6638297872340425,0.3917834498376173,0.38364826265115287,0.09361702127659574,0.44571428571428573,0.3709226324938341,0.3649359687991704,0.07142857142857142,0.03829787234042553,0.037142857142857144,0.32857142857142857,14.74,0.059574468085106386,0.0,0.03695918758400765,0.08436634914903718,5.089361702127659,0.0,0.0,0.15,0.08085106382978724,0,0.15658317917209466,0.24005099761944387,4.538832354684223,0.7738274310228492,0.0,1.0,0.0,0.4,0.0,0.4,0.0,0.08,0.03829787234042553,0.5,0.25
121,0.9581243009478141,0.4786682674125486,0.8629831059237439,0.47772295315713986,0.2342918089705646,0.47962678697698813,0.6723404255319149,0.3918685562205961,0.3837120924383869,0.09361702127659574,0.4514285714285714,0.37097977535097687,0.3649788259420276,0.07142857142857142,0.06382978723404255,0.05142857142857143,0.32857142857142857,14.814285714285715,0.059574468085106386,0.0,0.03695918758400765,0.08436634914903718,5.089361702127659,0.0,0.0,0.15,0.08085106382978724,0,0.15659997756194852,0.23885074263134665,4.499484279019109,0.8068980707785125,0.0,0.9444444444444444,0.0,0.4,0.0,0.4,0.0,0.08,0.06382978723404255,0.5,0.25
122,0.9579233261223152,0.4798110298726588,0.862929641329466,0.47842104703736377,0.2342918089705646,0.4797028529135665,0.6410256410256411,0.39194128411895496,0.3838326743553548,0.09401709401709402,0.42857142857142855,0.37097977535097687,0.3649788259420276,0.07142857142857142,0.04700854700854701,0.04,0.3314285714285714,14.862857142857143,0.05982905982905983,0.002857142857142857,0.036979315530565604,0.08436634914903716,5.068376068376068,0.0,0.0,0.15,0.0811965811965812,0,0.15610254910271015,0.2376564889181899,4.449494593438727,0.7907601093629423,0.0,1.0,0.0,0.4,0.0,0.4,0.0,0.08,0.05106382978723404,0.5,0.25
123,0.9596509024751207,0.4802809077073664,0.8640846495196273,0.478756513754536,0.2342918089705646,0.4798770562749695,0.6068376068376068,0.392026754204425,0.3838967769194573,0.09401709401709402,0.4057142857142857,0.3710369182081198,0.3650216830848847,0.07142857142857142,0.05128205128205128,0.045714285714285714,0.3314285714285714,14.957142857142857,0.05982905982905983,0.0,0.03698015134242714,0.08436634914903716,5.068376068376068,0.0,0.0,0.15,0.0811965811965812,0,0.1561501792143395,0.23646820647359895,4.406218987284238,0.8287890831978603,0.0,0.9375,0.0,0.4,0.0,0.4,0.0,0.08,0.05128205128205128,0.5,0.25
124,0.9587144141307329,0.48139501955541836,0.8634585401693794,0.47965601312973033,0.2342918089705646,0.4799049026725907,0.6324786324786325,0.39219769437536517,0.3840249820476624,0.09401709401709402,0.4228571428571429,0.3711512039224056,0.36510739737059905,0.07142857142857142,0.05128205128205128,0.04,0.3314285714285714,14.98857142857143,0.05982905982905983,0.0,0.03698015134242714,0.08436634914903716,5.068376068376068,0.0,0.0,0.15,0.0811965811965812,0,0.15648357117541065,0.23528586544123095,4.358094607538553,0.8214279736709746,0.0,0.8571428571428571,0.0,0.4,0.0,0.4,0.0,0.08,0.05128205128205128,0.5,0.25
125,0.9596447727268314,0.4804673243145704,0.8640805513450567,0.4790965763907418,0.2342918089705646,0.4799596608002492,0.6538461538461539,0.3922831644608352,0.38408908461176505,0.09401709401709402,0.43714285714285717,0.37120834677954834,0.3651502545134562,0.07142857142857142,0.05555555555555555,0.045714285714285714,0.3314285714285714,15.045714285714286,0.05982905982905983,0.0,0.03698015134242714,0.08436634914903716,5.068376068376068,0.0,0.0,0.15,0.0811965811965812,0,0.15655772474810503,0.23779235674892812,4.316647001102068,0.8359384370294798,0.0,0.9375,0.0,0.4,0.0,0.4,0.0,0.08,0.05555555555555555,0.5,0.25
126,0.9584815053337848,0.4796743279788879,0.8632604298046661,0.4784437966322946,0.2342918089705646,0.4801001490271892,0.6523605150214592,0.39145463028775596,0.3836694902601852,0.0944206008583691,0.4342857142857143,0.37120834677954834,0.3651502545134562,0.07142857142857142,0.055793991416309016,0.04857142857142857,0.3342857142857143,15.051428571428572,0.055793991416309016,0.002857142857142857,0.03707453268577247,0.08436634914903716,4.969957081545064,0.0,0.0,0.15,0.0815450643776824,0,0.1561462218386502,0.23660339496518348,4.278885489651455,0.8192196682888903,0.0,1.0,0.0,0.4,0.0,0.4,0.0,0.08,0.05555555555555555,0.5,0.25
127,0.9594366586827453,0.48007311475044695,0.8638962890341171,0.4783123671247776,0.2342918089705646,0.4799781429486166,0.6695278969957081,0.3915404671976272,0.3837338679425886,0.0944206008583691,0.44571428571428573,0.37126548963669126,0.3651931116563133,0.07142857142857142,0.055793991416309016,0.04857142857142857,0.3342857142857143,15.08,0.055793991416309016,0.0,0.037096237720290165,0.08436634914903716,4.969957081545064,0.0,0.0,0.15,0.0815450643776824,0,0.15613691930088552,0.23542037799035756,4.241879208429855,0.873770521336752,0.0,0.9411764705882353,0.0,0.4,0.0,0.4,0.0,0.08,0.055793991416309016,0.5,0.25
128,0.9597314614829289,0.4796957907079792,0.8640925434696679,0.47782381097428245,0.2342918089705646,0.4800937729474903,0.6351931330472103,0.3915404671976272,0.3837338679425886,0.0944206008583691,0.4228571428571429,0.37126548963669126,0.3651931116563133,0.07142857142857142,0.03862660944206009,0.03428571428571429,0.3342857142857143,15.062857142857142,0.055793991416309016,0.0,0.037096237720290165,0.08436634914903716,4.969957081545064,0.0,0.0,0.15,0.0815450643776824,0,0.15561337756152396,0.23424327610040577,4.191327338546971,0.856295110910017,0.0,1.0,0.0,0.4,0.0,0.4,0.0,0.08,0.03862660944206009,0.5,0.25
129,0.9614930128335045,0.47971287651961286,0.8652652333687652,0.4782286264215814,0.2342918089705646,0.4802288882558801,0.648068669527897,0.39162630410749844,0.38379824562499204,0.0944206008583691,0.43142857142857144,0.3713226324938341,0.3652359687991704,0.07142857142857142,0.04291845493562232,0.037142857142857144,0.3342857142857143,15.094285714285714,0.055793991416309016,0.0,0.037096237720290165,0.08436634914903716,4.969957081545064,0.0,0.0,0.15,0.0815450643776824,0,0.15554931067371633,0.23307205971990375,4.14464364891889,0.8523336958937447,0.0,0.9230769230769231,0.0,0.4,0.0,0.4,0.0,0.08,0.04291845493562232,0.5,0.25
130,0.9628778454592714,0.4781508227347208,0.8661563763755544,0.4778605695723666,0.2342918089705646,0.4804728607344515,0.6666666666666666,0.39305676234880366,0.38319043334988195,0.09523809523809523,0.44,0.3714369182081199,0.3653216830848847,0.07142857142857142,0.047619047619047616,0.04857142857142857,0.34,15.154285714285715,0.047619047619047616,0.005714285714285714,0.037182630198664475,0.08436634914903718,4.83982683982684,0.0,0.0,0.15,0.08225108225108226,0,0.15605642197749062,0.23289148858289774,4.110322204511939,0.8642906963337562,0.0,0.8823529411764706,0.0,0.4,0.0,0.4,0.0,0.08,0.055793991416309016,0.5,0.25
131,0.9625432998550012,0.47822004038163746,0.8659355762767359,0.47846914489957354,0.2342918089705646,0.48079077591595654,0.6926406926406926,0.39305676234880366,0.38319043334988195,0.09523809523809523,0.45714285714285713,0.3714369182081199,0.3653216830848847,0.07142857142857142,0.030303030303030304,0.02857142857142857,0.34,15.168571428571429,0.05194805194805195,0.0,0.03724232422172028,0.08436634914903718,4.83982683982684,0.0,0.0,0.15,0.07792207792207792,0,0.15559013986760314,0.23172703113998327,4.056687188993129,0.847004882407081,0.0,1.0,0.0,0.4,0.0,0.4,0.0,0.08,0.030303030303030304,0.5,0.25
132,0.9628326954116524,0.47948906498850125,0.8661265773441258,0.4797396718963912,0.2342918089705646,0.4809646464355095,0.7229437229437229,0.39305676234880366,0.38319043334988195,0.09523809523809523,0.47714285714285715,0.3714369182081199,0.3653216830848847,0.07142857142857142,0.047619047619047616,0.04285714285714286,0.34,15.188571428571429,0.05194805194805195,0.0,0.03724232422172028,0.08436634914903718,4.83982683982684,0.0,0.0,0.15,0.07792207792207792,0,0.155183332025408,0.23056839598428333,4.0184105880704095,0.8300647847589394,0.0,1.0,0.0,0.4,0.0,0.4,0.0,0.08,0.047619047619047616,0.5,0.25
133,0.9640316929098783,0.4795678839233971,0.866917915692955,0.4801826293396936,0.2342918089705646,0.48135965138342585,0.7012987012987013,0.39314334243538374,0.3832553684148171,0.09523809523809523,0.46285714285714286,0.3714940610652627,0.36536454022774184,0.07142857142857142,0.047619047619047616,0.04285714285714286,0.34,15.214285714285714,0.05194805194805195,0.0,0.03724232422172028,0.08436634914903718,4.83982683982684,0.0,0.0,0.15,0.07792207792207792,0,0.15512170107956666,0.23370226895425855,3.9808995191661443,0.8134634890637606,0.0,0.9333333333333333,0.0,0.4,0.0,0.4,0.0,0.08,0.047619047619047616,0.5,0.25
134,0.9625937059411102,0.479733319801216,0.865968844293568,0.48049932382864474,0.2342918089705646,0.4817572929591467,0.6796536796536796,0.3932299225219638,0.3833203034797521,0.09523809523809523,0.44857142857142857,0.37155120392240554,0.365407397370599,0.07142857142857142,0.05194805194805195,0.04,0.34,15.274285714285714,0.05194805194805195,0.0,0.03724232422172028,0.08436634914903718,4.83982683982684,0.0,0.0,0.15,0.07792207792207792,0,0.15506023543131173,0.23253375760948725,3.941281528782821,0.8023654963635712,0.0,0.9285714285714286,0.0,0.4,0.0,0.4,0.0,0.08,0.05194805194805195,0.5,0.25
135,0.9639112455708274,0.47909224359656905,0.8668384204491814,0.4804242777045748,0.2342918089705646,0.4822104137441255,0.658008658008658,0.3932299225219638,0.3833203034797521,0.09523809523809523,0.4342857142857143,0.37155120392240554,0.365407397370599,0.07142857142857142,0.04329004329004329,0.04,0.34,15.294285714285714,0.05194805194805195,0.0,0.03724232422172028,0.08436634914903718,4.83982683982684,0.0,0.0,0.15,0.07792207792207792,0,0.15462750568272657,0.23137108882143984,3.9024558982071644,0.7863181864362998,0.0,1.0,0.0,0.4,0.0,0.4,0.0,0.08,0.04329004329004329,0.5,0.25
136,0.9644856859752401,0.47792712516434815,0.8672175511160939,0.47958664003219764,0.2342918089705646,0.4826083203333925,0.683982683982684,0.3932299225219638,0.3833203034797521,0.09523809523809523,0.4514285714285714,0.37155120392240554,0.365407397370599,0.07142857142857142,0.03463203463203463,0.03428571428571429,0.34,15.365714285714287,0.05194805194805195,0.0,0.03724232422172028,0.08436634914903718,4.83982683982684,0.0,0.0,0.15,0.07792207792207792,0,0.15408293958288438,0.23021423337733263,3.8586924945287358,0.7705918227075738,0.0,1.0,0.0,0.4,0.0,0.4,0.0,0.08,0.03463203463203463,0.5,0.25
137,0.9639331053145487,0.47765697404628166,0.8667803156330891,0.4788929330719175,0.2342918089705646,0.4829687883199572,0.7260869565217392,0.3936325305514182,0.38318199986305285,0.09565217391304348,0.47714285714285715,0.37166548963669127,0.3654931116563133,0.07142857142857142,0.0391304347826087,0.04,0.34285714285714286,15.40857142857143,0.05217391304347826,0.002857142857142857,0.03729124640428719,0.08436634914903718,4.756521739130434,0.0,0.0,0.15,0.0782608695652174,0,0.15451195417068422,0.2320490087471522,3.8215186446381604,0.8201541519363353,0.0,0.8571428571428571,0.0,0.4,0.0,0.4,0.0,0.08,0.04329004329004329,0.5,0.25
138,0.9637514985266432,0.47799615360191544,0.8666609740296083,0.4791098953718835,0.2342918089705646,0.4833541958896252,0.6869565217391305,0.3936325305514182,0.38318199986305285,0.09565217391304348,0.4514285714285714,0.37166548963669127,0.3654931116563133,0.07142857142857142,0.034782608695652174,0.03428571428571429,0.34285714285714286,15.43142857142857,0.05217391304347826,0.0,0.03734558636041373,0.08436634914903718,4.756521739130434,0.0,0.0,0.15,0.0782608695652174,0,0.15399653725697365,0.23088876370341643,3.7793739860311115,0.8037510688976086,0.0,1.0,0.0,0.4,0.0,0.4,0.0,0.08,0.034782608695652174,0.5,0.25
139,0.9637872040681597,0.4763596706422215,0.8666844376711762,0.47766089257362326,0.2342918089705646,0.48371290301446795,0.7347826086956522,0.3937194870731573,0.3832472172543572,0.09565217391304348,0.4828571428571429,0.3717226324938341,0.36553596879917044,0.07142857142857142,0.043478260869565216,0.037142857142857144,0.34285714285714286,15.477142857142857,0.05217391304347826,0.0,0.03734558636041373,0.08436634914903718,4.756521739130434,0.0,0.0,0.15,0.0782608695652174,0,0.15399712885283168,0.22973431988489937,3.740929363453347,0.8145862461137784,0.0,0.9230769230769231,0.0,0.4,0.0,0.4,0.0,0.08,0.043478260869565216,0.5,0.25
140,0.9651631794744254,0.4761616433081929,0.867588650081008,0.4772353864519555,0.2342918089705646,0.4840356734105699,0.7217391304347827,0.3937194870731573,0.3832472172543572,0.09565217391304348,0.4742857142857143,0.3717226324938341,0.36553596879917044,0.07142857142857142,0.034782608695652174,0.03142857142857143,0.34285714285714286,15.514285714285714,0.05217391304347826,0.0,0.03734558636041373,0.08436634914903718,4.756521739130434,0.0,0.0,0.15,0.0782608695652174,0,0.15356900320499606,0.22858564828547487,3.6975393476128513,0.7982945211915029,0.0,1.0,0.0,0.4,0.0,0.4,0.0,0.08,0.034782608695652174,0.5,0.25
141,0.966296825653732,0.4751034532714545,0.8683336175702667,0.47647131375496005,0.2342918089705646,0.4843703973009241,0.6869565217391305,0.3937194870731573,0.3832472172543572,0.09565217391304348,0.4514285714285714,0.3717226324938341,0.36553596879917044,0.07142857142857142,0.02608695652173913,0.022857142857142857,0.34285714285714286,15.56,0.05217391304347826,0.0,0.03734558636041373,0.08436634914903718,4.756521739130434,0.0,0.0,0.15,0.0782608695652174,0,0.1529724439032568,0.2274427200440475,3.646445703517737,0.7823286307676729,0.0,1.0,0.0,0.4,0.0,0.4,0.0,0.08,0.02608695652173913,0.5,0.25
142,0.9680959171434964,0.474835793512108,0.8686623470133801,0.4761216837028766,0.2342918089705646,0.4845175447128023,0.6986899563318777,0.39520933856890933,0.3832909890316363,0.09606986899563319,0.45714285714285713,0.3717226324938341,0.36553596879917044,0.07142857142857142,0.03056768558951965,0.02857142857142857,0.3457142857142857,15.542857142857143,0.048034934497816595,0.002857142857142857,0.03734045889769276,0.08436634914903718,4.74235807860262,0.0,0.0,0.15,0.07860262008733625,0,0.15257786882659766,0.22630550644382724,3.6020882180188107,0.7666820581523194,0.0,1.0,0.0,0.4,0.0,0.4,0.0,0.08,0.034782608695652174,0.5,0.25
143,0.9695167945007797,0.47617993760926336,0.8695920067700026,0.47718336175203313,0.2342918089705646,0.4845523839648647,0.7467248908296943,0.39520933856890933,0.3832909890316363,0.09606986899563319,0.48857142857142855,0.3717226324938341,0.36553596879917044,0.07142857142857142,0.034934497816593885,0.03142857142857143,0.3457142857142857,15.605714285714285,0.05240174672489083,0.0,0.03736139762316458,0.08436634914903718,4.74235807860262,0.0,0.0,0.15,0.07860262008733625,0,0.1522139809110361,0.22517397891160812,3.561475025087006,0.7513484169892729,0.0,1.0,0.0,0.4,0.0,0.4,0.0,0.08,0.034934497816593885,0.5,0.25
144,0.9689063678226528,0.4750593257182836,0.8691926133148853,0.4765195490875821,0.2342918089705646,0.48470945750688443,0.6899563318777293,0.39520933856890933,0.3832909890316363,0.09606986899563319,0.4514285714285714,0.3717226324938341,0.36553596879917044,0.07142857142857142,0.034934497816593885,0.02857142857142857,0.3457142857142857,15.628571428571428,0.043668122270742356,0.0,0.03736139762316458,0.08436634914903718,4.74235807860262,0.0,0.0,0.15,0.07860262008733625,0,0.15179519743505235,0.22404810901705005,3.518816953156694,0.7363214486494875,0.0,1.0,0.0,0.4,0.0,0.4,0.0,0.08,0.034934497816593885,0.5,0.25
145,0.9713320456036628,0.47480805848207513,0.8685791204175717,0.47643126089339244,0.2342918089705646,0.48478238101267884,0.7631578947368421,0.39676828538891123,0.38355005324543934,0.09649122807017543,0.49714285714285716,0.3717226324938341,0.36553596879917044,0.07142857142857142,0.03070175438596491,0.03428571428571429,0.3485714285714286,15.677142857142858,0.043859649122807015,0.002857142857142857,0.03739104613823051,0.08436634914903718,4.7105263157894735,0.0,0.0,0.15,0.07894736842105263,0,0.15137879287644848,0.22292786847196483,3.482726328379275,0.7215950196764976,0.0,1.0,0.0,0.4,0.0,0.4,0.0,0.08,0.034934497816593885,0.5,0.25
146,0.9721342396782114,0.47452975445375895,0.8688751608113382,0.4765763889407366,0.2342918089705646,0.4850101033952127,0.7268722466960352,0.3984739607579522,0.38441911968655107,0.09691629955947137,0.4714285714285714,0.37183691820811976,0.36562168308488474,0.07142857142857142,0.039647577092511016,0.037142857142857144,0.3514285714285714,15.728571428571428,0.030837004405286344,0.002857142857142857,0.03739711814459772,0.08436634914903716,4.6960352422907485,0.0,0.0,0.15,0.07929515418502203,0,0.151793184626352,0.23264933973673596,3.4502146589545464,0.7243760045865751,0.0,0.8461538461538461,0.0,0.4,0.0,0.4,0.0,0.08,0.043859649122807015,0.5,0.25
147,0.9731766729745138,0.4750453155332402,0.8695512532635115,0.4766806052505459,0.2342918089705646,0.48507855008571327,0.6784140969162996,0.3984739607579522,0.38441911968655107,0.09691629955947137,0.44,0.37183691820811976,0.36562168308488474,0.07142857142857142,0.02643171806167401,0.025714285714285714,0.3514285714285714,15.768571428571429,0.030837004405286344,0.0,0.037418190601959354,0.08436634914903716,4.6960352422907485,0.0,0.0,0.15,0.07929515418502203,0,0.15131979013179164,0.23148609303805226,3.406924651489741,0.7098884844948437,0.0,1.0,0.0,0.4,0.0,0.4,0.0,0.08,0.02643171806167401,0.5,0.25
148,0.971266818839722,0.474901014995658,0.8683125764389465,0.4761710991099339,0.2342918089705646,0.48487055684874725,0.6255506607929515,0.3984739607579522,0.38441911968655107,0.09691629955947137,0.4057142857142857,0.37183691820811976,0.36562168308488474,0.07142857142857142,0.02643171806167401,0.025714285714285714,0.3514285714285714,15.777142857142858,0.03524229074889868,0.0,0.037418190601959354,0.08436634914903716,4.6960352422907485,0.0,0.0,0.15,0.07929515418502203,0,0.15082019118113268,0.23032866257286203,3.3645004441742317,0.6956907148049467,0.0,1.0,0.0,0.4,0.0,0.4,0.0,0.08,0.02643171806167401,0.5,0.25
149,0.9717008963443455,0.4738180367924984,0.8685941067062307,0.47605352533085515,0.2342918089705646,0.4847650360713813,0.5903083700440529,0.3985620664848245,0.3844851989817053,0.09691629955947137,0.38285714285714284,0.3718940610652627,0.36566454022774186,0.07142857142857142,0.03524229074889868,0.03428571428571429,0.3514285714285714,15.82857142857143,0.030837004405286344,0.0,0.037418190601959354,0.08436634914903716,4.6960352422907485,0.0,0.0,0.15,0.07929515418502203,0,0.15083723308236988,0.22917701925999773,3.3314961495764615,0.6918647585010446,0.0,0.9166666666666666,0.0,0.4,0.0,0.4,0.0,0.08,0.03524229074889868,0.5,0.25
150,0.9724901175211023,0.4744413844635747,0.8682430917653937,0.47622880958427777,0.2342918089705646,0.4848710718017204,0.6371681415929203,0.3974566888892356,0.38440715698888966,0.09734513274336283,0.4114285714285714,0.3718940610652627,0.36566454022774186,0.07142857142857142,0.02654867256637168,0.03142857142857143,0.35428571428571426,15.86,0.02654867256637168,0.002857142857142857,0.03748731748325707,0.08436634914903716,4.6371681415929205,0.0,0.0,0.15,0.07964601769911504,0,0.15036876120267234,0.22803113416369772,3.296294798013503,0.6780274633310237,0.0,1.0,0.0,0.4,0.0,0.4,0.0,0.08,0.030837004405286344,0.5,0.25
151,0.9740937760244968,0.47493068871486194,0.8692785969704427,0.4767451448376144,0.2342918089705646,0.4851812318425602,0.6106194690265486,0.3974566888892356,0.38440715698888966,0.09734513274336283,0.3942857142857143,0.3718940610652627,0.36566454022774186,0.07142857142857142,0.022123893805309734,0.025714285714285714,0.35428571428571426,15.862857142857143,0.02654867256637168,0.0,0.03750431770804945,0.08436634914903716,4.6371681415929205,0.0,0.0,0.15,0.07964601769911504,0,0.14984548882523038,0.22689097849287923,3.256083187767519,0.6644669140644033,0.0,1.0,0.0,0.4,0.0,0.4,0.0,0.08,0.022123893805309734,0.5,0.25
152,0.9744497579103875,0.47498494613771336,0.8695084595596179,0.4772639504109414,0.2342918089705646,0.4854392316215818,0.6194690265486725,0.3975451844644568,0.38447352867030554,0.09734513274336283,0.4,0.37195120392240555,0.36570739737059904,0.07142857142857142,0.02654867256637168,0.02857142857142857,0.35428571428571426,15.92,0.02654867256637168,0.0,0.03750431770804945,0.08436634914903716,4.6371681415929205,0.0,0.0,0.15,0.07964601769911504,0,0.14978183280967566,0.22575652360041482,3.219532952583598,0.6976855318572606,0.0,0.9,0.0,0.4,0.0,0.4,0.0,0.08,0.02654867256637168,0.5,0.25
153,0.973216012596485,0.4739657297819213,0.8686934668089509,0.4768225355956229,0.2342918089705646,0.4857378167747435,0.6755555555555556,0.3949564963954099,0.3818045221310625,0.09333333333333334,0.4342857142857143,0.37200834677954847,0.3657502545134561,0.07142857142857142,0.02666666666666667,0.025714285714285714,0.35714285714285715,15.954285714285714,0.022222222222222223,0.002857142857142857,0.03758136730677859,0.08436634914903718,4.56,0.0,0.0,0.15,0.07555555555555556,0,0.1496899236456273,0.23328682371887027,3.180856579246212,0.706669057809578,0.0,0.8888888888888888,0.0,0.4,0.0,0.4,0.0,0.08,0.030973451327433628,0.5,0.25
154,0.9742685112432194,0.47464924310090373,0.8693700730818517,0.47748471997913866,0.2342918089705646,0.4860072334533781,0.6755555555555556,0.3949564963954099,0.3818045221310625,0.09333333333333334,0.4342857142857143,0.37200834677954847,0.3657502545134561,0.07142857142857142,0.022222222222222223,0.025714285714285714,0.35714285714285715,15.937142857142858,0.022222222222222223,0.0,0.03760300245361434,0.08436634914903718,4.56,0.0,0.0,0.15,0.08,0,0.14925547402739914,0.23212038960027592,3.142953733375572,0.6925356766533863,0.0,1.0,0.0,0.4,0.0,0.4,0.0,0.08,0.022222222222222223,0.5,0.25
155,0.9738898080363998,0.474117062888482,0.8691266210203247,0.4768545333618358,0.2342918089705646,0.48636002064333006,0.76,0.3951342741731877,0.3819378554643958,0.09333333333333334,0.48857142857142855,0.37212263249383404,0.36583596879917046,0.07142857142857142,0.03111111111111111,0.03142857142857143,0.35714285714285715,15.945714285714285,0.022222222222222223,0.0,0.03760300245361434,0.08436634914903718,4.56,0.0,0.0,0.15,0.08,0,0.14962348237154788,0.2332080980188283,3.111523230136632,0.6910081340765384,0.0,0.8181818181818182,0.0,0.4,0.0,0.4,0.0,0.08,0.03111111111111111,0.5,0.25
156,0.9719143432141116,0.4744824722518537,0.8678566793488537,0.4769927331324233,0.2342918089705646,0.4864459787687738,0.7155555555555555,0.3954898297287433,0.3822045221310625,0.09333333333333334,0.46,0.3723512039224055,0.366007397370599,0.07142857142857142,0.035555555555555556,0.03428571428571429,0.35714285714285715,15.891428571428571,0.022222222222222223,0.0,0.03760300245361434,0.08436634914903718,4.56,0.0,0.0,0.15,0.08,0,0.15081822210254725,0.2420937092763058,3.083578479819614,0.8647751702602203,0.0,0.6666666666666666,0.0,0.4,0.0,0.4,0.0,0.08,0.035555555555555556,0.5,0.25
157,0.9702007099996174,0.47496188888358587,0.8667550579966788,0.4771501978108481,0.2342918089705646,0.486656106441393,0.7066666666666667,0.395667607506521,0.3823378554643958,0.09333333333333334,0.4542857142857143,0.3724654896366913,0.36609311165631325,0.07142857142857142,0.02666666666666667,0.02857142857142857,0.35714285714285715,15.857142857142858,0.022222222222222223,0.0,0.03760300245361434,0.08436634914903718,4.56,0.0,0.0,0.15,0.08,0,0.1511782738491774,0.2408832407299243,3.05047833879465,0.9013846888029035,0.0,0.8,0.0,0.4,0.0,0.4,0.0,0.08,0.02666666666666667,0.5,0.25
158,0.9720994832423273,0.47588248833986213,0.8679756979384209,0.47796157887748075,0.2342918089705646,0.4867685477244698,0.6844444444444444,0.395667607506521,0.3823378554643958,0.09333333333333334,0.44,0.3724654896366913,0.36609311165631325,0.07142857142857142,0.017777777777777778,0.014285714285714285,0.35714285714285715,15.9,0.022222222222222223,0.0,0.03760300245361434,0.08436634914903718,4.56,0.0,0.0,0.15,0.08,0,0.15056523962278864,0.23967882452627465,3.0037544863044707,0.8833569950268454,0.0,1.0,0.0,0.4,0.0,0.4,0.0,0.08,0.017777777777777778,0.5,0.25
159,0.9724196702427645,0.47672595116931044,0.8681815324387019,0.4775977771108712,0.2342918089705646,0.4870584213973681,0.7333333333333333,0.395667607506521,0.3823378554643958,0.09333333333333334,0.4714285714285714,0.3724654896366913,0.36609311165631325,0.07142857142857142,0.017777777777777778,0.017142857142857144,0.35714285714285715,15.9,0.022222222222222223,0.0,0.03760300245361434,0.08436634914903718,4.56,0.0,0.0,0.15,0.08,0,0.15009741413896044,0.23848043040364328,2.960822253721239,0.8656898551263085,0.0,1.0,0.0,0.4,0.0,0.4,0.0,0.08,0.017777777777777778,0.5,0.25
160,0.9730075949856039,0.4776107703019863,0.8685594840590987,0.4782189975220672,0.2342918089705646,0.4873307968819189,0.6755555555555556,0.3958453852842988,0.38247118879772907,0.09333333333333334,0.4342857142857143,0.37257977535097697,0.36617882594202755,0.07142857142857142,0.022222222222222223,0.022857142857142857,0.35714285714285715,15.968571428571428,0.022222222222222223,0.0,0.03760300245361434,0.08436634914903718,4.56,0.0,0.0,0.15,0.08,0,0.1504890706396942,0.23728802825162507,2.924462951503957,0.8775904597794667,0.0,0.75,0.0,0.4,0.0,0.4,0.0,0.08,0.022222222222222223,0.5,0.25
161,0.9732495995065539,0.4769884487400896,0.8687150583939951,0.47786651993708007,0.2342918089705646,0.4877164505420291,0.7244444444444444,0.3958453852842988,0.38247118879772907,0.09333333333333334,0.4657142857142857,0.37257977535097697,0.36617882594202755,0.07142857142857142,0.017777777777777778,0.022857142857142857,0.35714285714285715,15.977142857142857,0.022222222222222223,0.0,0.03760300245361434,0.08436634914903718,4.56,0.0,0.0,0.15,0.08,0,0.15005048242935284,0.23610158811036694,2.8888308353310204,0.8600386505838773,0.0,1.0,0.0,0.4,0.0,0.4,0.0,0.08,0.017777777777777778,0.5,0.25
162,0.9738538253826969,0.4770973250858939,0.8691034893143729,0.47799497432502563,0.2342918089705646,0.48795406082113923,0.7111111111111111,0.3960231630620766,0.38260452213106244,0.09333333333333334,0.45714285714285713,0.37269406106526265,0.36626454022774185,0.07142857142857142,0.03111111111111111,0.025714285714285714,0.35714285714285715,15.965714285714286,0.022222222222222223,0.0,0.03760300245361434,0.08436634914903718,4.56,0.0,0.0,0.15,0.08,0,0.1503858014457775,0.23840528265125005,2.8567685043386857,0.8858423808639998,0.0,0.7777777777777778,0.0,0.4,0.0,0.4,0.0,0.08,0.03111111111111111,0.5,0.25
163,0.9732970217327854,0.4777264731168944,0.8687455441108582,0.47893260179525626,0.2342918089705646,0.4881831146569533,0.7066666666666667,0.3960231630620766,0.38260452213106244,0.09333333333333334,0.4542857142857143,0.37269406106526265,0.36626454022774185,0.07142857142857142,0.022222222222222223,0.025714285714285714,0.35714285714285715,16.014285714285716,0.022222222222222223,0.0,0.03760300245361434,0.08436634914903718,4.56,0.0,0.0,0.15,0.08,0,0.14994787243854862,0.2372132562379938,2.825347419966198,0.8681255332467198,0.0,1.0,0.0,0.4,0.0,0.4,0.0,0.08,0.022222222222222223,0.5,0.25
164,0.9750011942586401,0.47836865253647326,0.8698410835917648,0.4795797112863347,0.2342918089705646,0.4883962111759133,0.7111111111111111,0.3960231630620766,0.38260452213106244,0.09333333333333334,0.45714285714285713,0.37269406106526265,0.36626454022774185,0.07142857142857142,0.017777777777777778,0.02,0.35714285714285715,16.02857142857143,0.022222222222222223,0.0,0.03760300245361434,0.08436634914903718,4.56,0.0,0.0,0.15,0.08,0,0.14939813307635588,0.23602718995680383,2.7888404715668735,0.8507630225817854,0.0,1.0,0.0,0.4,0.0,0.4,0.0,0.08,0.017777777777777778,0.5,0.25
165,0.9748238398326721,0.47846187123173156,0.869727070032214,0.4793351064965053,0.2342918089705646,0.4885960087317411,0.6488888888888888,0.3960231630620766,0.38260452213106244,0.09333333333333334,0.41714285714285715,0.37269406106526265,0.36626454022774185,0.07142857142857142,0.022222222222222223,0.022857142857142857,0.35714285714285715,16.042857142857144,0.022222222222222223,0.0,0.03760300245361434,0.08436634914903718,4.56,0.0,0.0,0.15,0.08,0,0.14893657098240268,0.23484705400701983,2.7559208049926793,0.8337477621301497,0.0,1.0,0.0,0.4,0.0,0.4,0.0,0.08,0.022222222222222223,0.5,0.25
166,0.9738966201439477,0.4793319936653011,0.8691310002323197,0.4798871429159783,0.2342918089705646,0.4887483790714666,0.6622222222222223,0.3962009408398544,0.38273785546439576,0.09777777777777778,0.4257142857142857,0.3728083467795484,0.36635025451345615,0.07428571428571429,0.022222222222222223,0.022857142857142857,0.35714285714285715,16.06,0.022222222222222223,0.0,0.03760300245361434,0.08436634914903718,4.56,0.0,0.0,0.15,0.08,0,0.1492204595560621,0.23367281873698473,2.7236595317499686,0.8376803098105202,0.0,0.75,0.0,0.4,0.0,0.4,0.0,0.08,0.022222222222222223,0.5,0.25
167,0.9749698051074623,0.4798006549967464,0.8698209048517219,0.47992249960363115,0.2342918089705646,0.4890090397762778,0.6755555555555556,0.3962009408398544,0.38273785546439576,0.09777777777777778,0.4342857142857143,0.3728083467795484,0.36635025451345615,0.07428571428571429,0.017777777777777778,0.02,0.35714285714285715,16.12,0.022222222222222223,0.0,0.03760300245361434,0.08436634914903718,4.56,0.0,0.0,0.15,0.08,0,0.14875950082971034,0.2325044546432998,2.689186341114969,0.8209267036143099,0.0,1.0,0.0,0.4,0.0,0.4,0.0,0.08,0.017777777777777778,0.5,0.25
168,0.97670674321716,0.4806048686029342,0.8709375079222418,0.47989437299382565,0.2342918089705646,0.4892778378833633,0.68,0.39646760750652105,0.38293785546439585,0.10222222222222223,0.43714285714285717,0.3729797753509769,0.36647882594202763,0.07714285714285714,0.03111111111111111,0.03428571428571429,0.35714285714285715,16.174285714285713,0.022222222222222223,0.0,0.03760300245361434,0.08436634914903718,4.56,0.0,0.0,0.15,0.08,0,0.1496437040398475,0.23464744310173527,2.6696883285783835,0.8389154207994087,0.0,0.75,0.0,0.4,0.0,0.4,0.0,0.08,0.03111111111111111,0.5,0.25
169,0.9755974011644859,0.48005465727040336,0.8702243594598086,0.4789646377995929,0.2342918089705646,0.48930001827083214,0.6755555555555556,0.3965564963954099,0.38300452213106245,0.10222222222222223,0.4342857142857143,0.37303691820811985,0.3665216830848847,0.07714285714285714,0.02666666666666667,0.02857142857142857,0.35714285714285715,16.26,0.02666666666666667,0.0,0.03760300245361434,0.08436634914903718,4.56,0.0,0.0,0.15,0.08,0,0.14958119980536255,0.24648082901350896,2.6448659905782446,0.8265994496849404,0.0,0.9,0.0,0.4,0.0,0.4,0.0,0.08,0.02666666666666667,0.5,0.25
170,0.9759715874422098,0.480246511089981,0.8704649077812023,0.479456862463313,0.2342918089705646,0.4893320620192914,0.6711111111111111,0.39673427417318774,0.38313785546439577,0.10222222222222223,0.43142857142857144,0.3731512039224055,0.366607397370599,0.07714285714285714,0.02666666666666667,0.02857142857142857,0.35714285714285715,16.254285714285714,0.02666666666666667,0.0,0.03760300245361434,0.08436634914903718,4.56,0.0,0.0,0.15,0.08,0,0.14991900809205005,0.24524842486844142,2.6205400993381085,0.8525236375865631,0.0,0.8,0.0,0.4,0.0,0.4,0.0,0.08,0.02666666666666667,0.5,0.25
171,0.9762355000740142,0.47876356352651556,0.870634565901648,0.47797931002679594,0.2342918089705646,0.489321141253212,0.6888888888888889,0.39673427417318774,0.38313785546439577,0.10222222222222223,0.44285714285714284,0.3731512039224055,0.366607397370599,0.07714285714285714,0.022222222222222223,0.022857142857142857,0.35714285714285715,16.18857142857143,0.02666666666666667,0.0,0.03760300245361434,0.08436634914903718,4.56,0.0,0.0,0.15,0.08,0,0.14942641305158977,0.2440221827440992,2.590986440208489,0.8354731648348319,0.0,1.0,0.0,0.4,0.0,0.4,0.0,0.08,0.022222222222222223,0.5,0.25
172,0.9768671299998847,0.4785716576324791,0.8710406137111363,0.47766692402989275,0.2342918089705646,0.4892641844426194,0.6844444444444444,0.39673427417318774,0.38313785546439577,0.10222222222222223,0.44,0.3731512039224055,0.366607397370599,0.07714285714285714,0.022222222222222223,0.022857142857142857,0.35714285714285715,16.21142857142857,0.02666666666666667,0.0,0.03760300245361434,0.08436634914903718,4.56,0.0,0.0,0.15,0.08,0,0.14893628098633183,0.2428020718303787,2.562023854261462,0.8187637015381353,0.0,1.0,0.0,0.4,0.0,0.4,0.0,0.08,0.022222222222222223,0.5,0.25
173,0.9779333615184916,0.47912734069502133,0.8717260482588123,0.47838755867655675,0.2342918089705646,0.4890802662043752,0.7111111111111111,0.39673427417318774,0.38313785546439577,0.10222222222222223,0.45714285714285713,0.3731512039224055,0.366607397370599,0.07714285714285714,0.013333333333333334,0.017142857142857144,0.35714285714285715,16.22,0.02666666666666667,0.0,0.03760300245361434,0.08436634914903718,4.56,0.0,0.0,0.15,0.08,0,0.1483914567242573,0.2415880614712268,2.52792623431909,0.8023884275073725,0.0,1.0,0.0,0.4,0.0,0.4,0.0,0.08,0.013333333333333334,0.5,0.25
174,0.979402083628102,0.4799785793307227,0.8726702267578476,0.4790076006085703,0.2342918089705646,0.48891406766407264,0.6711111111111111,0.39673427417318774,0.38313785546439577,0.10222222222222223,0.43142857142857144,0.3731512039224055,0.366607397370599,0.07714285714285714,0.017777777777777778,0.017142857142857144,0.35714285714285715,16.222857142857144,0.02666666666666667,0.0,0.03760300245361434,0.08436634914903718,4.56,0.0,0.0,0.15,0.08,0,0.14784935658349319,0.24038012116387067,2.4945105667755656,0.7863406589572252,0.0,1.0,0.0,0.4,0.0,0.4,0.0,0.08,0.017777777777777778,0.5,0.25
175,0.9776246206542057,0.4794356488036794,0.8715275719889142,0.47834806404990754,0.2342918089705646,0.48884021610700246,0.6533333333333333,0.3968231630620766,0.3832045221310625,0.10222222222222223,0.42,0.3732083467795484,0.3666502545134562,0.07714285714285714,0.022222222222222223,0.025714285714285714,0.35714285714285715,16.19142857142857,0.02666666666666667,0.0,0.03760300245361434,0.08436634914903718,4.56,0.0,0.0,0.15,0.08,0,0.14790911122914713,0.23917822055805132,2.470334641154339,0.7865803532860072,0.0,0.8888888888888888,0.0,0.4,0.0,0.4,0.0,0.08,0.022222222222222223,0.5,0.25
176,0.9778821788380372,0.47880044203557715,0.8710518378104668,0.4778496122303084,0.2342918089705646,0.48858654867780904,0.7142857142857143,0.39694832969064997,0.38246719278678437,0.10267857142857142,0.45714285714285713,0.3732654896366913,0.3666931116563133,0.07714285714285714,0.017857142857142856,0.02857142857142857,0.36,16.165714285714287,0.022321428571428572,0.002857142857142857,0.037618290212827706,0.08436634914903716,4.526785714285714,0.0,0.0,0.15,0.08035714285714286,0,0.14788370853014426,0.23798232945526107,2.4494993769026814,0.7885164523276641,0.0,0.9,0.0,0.4,0.0,0.4,0.0,0.08,0.022222222222222223,0.5,0.25
177,0.9790542889029483,0.4788423576991538,0.8714740090303086,0.4779223692846343,0.2342918089705646,0.48828060021590874,0.6995515695067265,0.39674831275847294,0.38236039425793994,0.1031390134529148,0.44571428571428573,0.3732654896366913,0.3666931116563133,0.07714285714285714,0.013452914798206279,0.022857142857142857,0.3628571428571429,16.18857142857143,0.017937219730941704,0.002857142857142857,0.037747574211974104,0.08436634914903718,4.4125560538116595,0.0,0.0,0.15,0.08071748878923767,0,0.14737286141606498,0.23679241780798477,2.4233665322217703,0.7727461232811109,0.0,1.0,0.0,0.4,0.0,0.4,0.0,0.08,0.017857142857142856,0.5,0.25
178,0.978168664794528,0.47773924282222036,0.8709097399555152,0.47703085665059025,0.2342918089705646,0.487863081579362,0.7174887892376681,0.39674831275847294,0.38236039425793994,0.1031390134529148,0.45714285714285713,0.3732654896366913,0.3666931116563133,0.07714285714285714,0.013452914798206279,0.02,0.3628571428571429,16.225714285714286,0.013452914798206279,0.0,0.037781507600704374,0.08436634914903718,4.4125560538116595,0.0,0.0,0.15,0.08071748878923767,0,0.14683599710898465,0.23560845571894484,2.3948992015773345,0.7572912008154886,0.0,1.0,0.0,0.4,0.0,0.4,0.0,0.08,0.013452914798206279,0.5,0.25
179,0.976961595167389,0.47780347404953916,0.8701406641645095,0.47733436097874654,0.2342918089705646,0.4874548528044722,0.7713004484304933,0.39692768495578246,0.38249492340592195,0.1031390134529148,0.49142857142857144,0.3733797753509769,0.3667788259420276,0.07714285714285714,0.017937219730941704,0.02,0.3628571428571429,16.208571428571428,0.013452914798206279,0.0,0.037781507600704374,0.08436634914903718,4.4125560538116595,0.0,0.0,0.15,0.08071748878923767,0,0.14710181712343973,0.23443041344035012,2.367001217545788,0.7713854407028274,0.0,0.7142857142857143,0.0,0.4,0.0,0.4,0.0,0.08,0.017937219730941704,0.5,0.25
180,0.9779911505987059,0.4786552828903017,0.8707966380536056,0.47824351872825155,0.2342918089705646,0.4869894281577019,0.6995515695067265,0.39692768495578246,0.38249492340592195,0.1031390134529148,0.44571428571428573,0.3733797753509769,0.3667788259420276,0.07714285714285714,0.013452914798206279,0.02,0.3628571428571429,16.262857142857143,0.013452914798206279,0.0,0.037781507600704374,0.08436634914903718,4.4125560538116595,0.0,0.0,0.15,0.08071748878923767,0,0.14662316518067967,0.23325826137314837,2.339661193194872,0.7559577318887709,0.0,1.0,0.0,0.4,0.0,0.4,0.0,0.08,0.013452914798206279,0.5,0.25
181,0.9793882886725216,0.4789286967550205,0.8716868145977797,0.47830440608489905,0.2342918089705646,0.4867206708984876,0.672645739910314,0.39692768495578246,0.38249492340592195,0.1031390134529148,0.42857142857142855,0.3733797753509769,0.3667788259420276,0.07714285714285714,0.013452914798206279,0.014285714285714285,0.3628571428571429,16.225714285714286,0.013452914798206279,0.0,0.037781507600704374,0.08436634914903718,4.4125560538116595,0.0,0.0,0.15,0.08071748878923767,0,0.14603290649763337,0.23209197006628263,2.3071536836166895,0.7408385772509954,0.0,1.0,0.0,0.4,0.0,0.4,0.0,0.08,0.013452914798206279,0.5,0.25
182,0.9790133546032097,0.4788705722813669,0.871447928033618,0.4781746082863743,0.2342918089705646,0.4865202038928689,0.6457399103139013,0.39746580154771066,0.38289851084986815,0.1031390134529148,0.4114285714285714,0.37372263249383414,0.36703596879917044,0.07714285714285714,0.03139013452914798,0.03428571428571429,0.3628571428571429,16.262857142857143,0.013452914798206279,0.0,0.037781507600704374,0.08436634914903718,4.4125560538116595,0.0,0.0,0.15,0.08071748878923767,0,0.14810245625085952,0.24504436835427965,2.2952963242300695,0.7930576046859937,0.0,0.5,0.0,0.4,0.0,0.4,0.0,0.08,0.03139013452914798,0.5,0.25
183,0.9801230818364495,0.47860481695937324,0.8721549828136538,0.4779513290054706,0.2342918089705646,0.4863131670067991,0.695067264573991,0.39764517374502006,0.3830330399978502,0.1031390134529148,0.44285714285714284,0.3738369182081198,0.36712168308488474,0.07714285714285714,0.02242152466367713,0.02,0.3628571428571429,16.285714285714285,0.013452914798206279,0.0,0.037781507600704374,0.08436634914903718,4.4125560538116595,0.0,0.0,0.15,0.08071748878923767,0,0.1483903725410338,0.24381914651250822,2.269390397745468,0.8735497959220491,0.0,0.7142857142857143,0.0,0.4,0.0,0.4,0.0,0.08,0.02242152466367713,0.5,0.25
184,0.9797045660159661,0.4783286848626361,0.8718883284480315,0.4776275854997509,0.2342918089705646,0.4860259899805101,0.7219730941704036,0.3977348598436748,0.38310030457184124,0.1031390134529148,0.46,0.37389406106526263,0.36716454022774186,0.07714285714285714,0.013452914798206279,0.02,0.3628571428571429,16.285714285714285,0.013452914798206279,0.0,0.037781507600704374,0.08436634914903718,4.4125560538116595,0.0,0.0,0.15,0.08071748878923767,0,0.14830527782118574,0.24260005077994568,2.2440025897905587,0.856078800003608,0.0,0.8571428571428571,0.0,0.4,0.0,0.4,0.0,0.08,0.013452914798206279,0.5,0.25
185,0.980021575988438,0.4771886144136349,0.8720903090876349,0.47695135519475934,0.2342918089705646,0.4860251031893186,0.7399103139013453,0.3977348598436748,0.38310030457184124,0.1031390134529148,0.4714285714285714,0.37389406106526263,0.36716454022774186,0.07714285714285714,0.013452914798206279,0.02,0.3628571428571429,16.28857142857143,0.017937219730941704,0.0,0.037781507600704374,0.08436634914903718,4.4125560538116595,0.0,0.0,0.15,0.08071748878923767,0,0.1477921800035084,0.24138705052604595,2.2191225379947475,0.8389572240035359,0.0,1.0,0.0,0.4,0.0,0.4,0.0,0.08,0.013452914798206279,0.5,0.25
186,0.9799346940268261,0.47609830817644605,0.8720349528663794,0.47581837388449816,0.2342918089705646,0.48606101768479815,0.7713004484304933,0.3979142320409842,0.3832348337198233,0.1031390134529148,0.49142857142857144,0.3740083467795484,0.3672502545134562,0.07714285714285714,0.02242152466367713,0.022857142857142857,0.3628571428571429,16.305714285714284,0.013452914798206279,0.0,0.037781507600704374,0.08436634914903718,4.4125560538116595,0.0,0.0,0.15,0.08071748878923767,0,0.14808179053206227,0.2401801152734157,2.1975972300919953,0.9083547204155731,0.0,0.75,0.0,0.4,0.0,0.4,0.0,0.08,0.02242152466367713,0.5,0.25
187,0.9792023170009305,0.47700289415362435,0.8715683240755946,0.4764990747997626,0.2342918089705646,0.4859165156750541,0.726457399103139,0.3979142320409842,0.3832348337198233,0.1031390134529148,0.46285714285714286,0.3740083467795484,0.3672502545134562,0.07714285714285714,0.008968609865470852,0.014285714285714285,0.3628571428571429,16.32,0.013452914798206279,0.0,0.037781507600704374,0.08436634914903718,4.4125560538116595,0.0,0.0,0.15,0.08071748878923767,0,0.14751266729368767,0.2389792146970486,2.16793099977587,0.8901876260072615,0.0,1.0,0.0,0.4,0.0,0.4,0.0,0.08,0.008968609865470852,0.5,0.25
188,0.9779333710482555,0.47857545094190485,0.8707598242257473,0.478328137239292,0.2342918089705646,0.4856374802735874,0.7174887892376681,0.39800391813963887,0.38330209829381434,0.1031390134529148,0.45714285714285713,0.37406548963669123,0.36729311165631334,0.07714285714285714,0.017937219730941704,0.02,0.3628571428571429,16.31142857142857,0.013452914798206279,0.0,0.037781507600704374,0.08436634914903718,4.4125560538116595,0.0,0.0,0.15,0.08071748878923767,0,0.1474319611000764,0.24925710131578369,2.144572379780352,0.8858423808639998,0.0,0.8571428571428571,0.0,0.4,0.0,0.4,0.0,0.08,0.017937219730941704,0.5,0.25
189,0.9779531890064435,0.47783777097944335,0.8707724510962498,0.47790050182181865,0.2342918089705646,0.4854880841856618,0.6860986547085202,0.3980936042382936,0.3833693628678054,0.1031390134529148,0.43714285714285717,0.37412263249383404,0.3673359687991704,0.07714285714285714,0.017937219730941704,0.022857142857142857,0.3628571428571429,16.322857142857142,0.013452914798206279,0.0,0.037781507600704374,0.08436634914903718,4.4125560538116595,0.0,0.0,0.15,0.08071748878923767,0,0.14735180129457603,0.24801081580920478,2.124538075041888,0.8681255332467198,0.0,0.875,0.0,0.4,0.0,0.4,0.0,0.08,0.017937219730941704,0.5,0.25
190,0.9779529906840783,0.477579284562886,0.8707723247365714,0.4776781763097293,0.2342918089705646,0.48541635061185623,0.7488789237668162,0.3983626625342577,0.3835711565897785,0.1031390134529148,0.47714285714285715,0.3742940610652627,0.3674645402277419,0.07714285714285714,0.02242152466367713,0.02857142857142857,0.3628571428571429,16.305714285714284,0.013452914798206279,0.0,0.037781507600704374,0.08436634914903718,4.4125560538116595,0.0,0.0,0.15,0.08071748878923767,0,0.1481007565738174,0.25991627009801943,2.110618742112479,0.8681255332467198,0.0,0.7,0.0,0.4,0.0,0.4,0.0,0.08,0.02242152466367713,0.5,0.25
191,0.9777539641338553,0.47685204136203446,0.8706455163917152,0.4769889327837133,0.2342918089705646,0.4851959225755143,0.7085201793721974,0.3983626625342577,0.3835711565897785,0.1031390134529148,0.4514285714285714,0.3742940610652627,0.3674645402277419,0.07714285714285714,0.013452914798206279,0.017142857142857144,0.3628571428571429,16.35142857142857,0.013452914798206279,0.0,0.037781507600704374,0.08436634914903718,4.4125560538116595,0.0,0.0,0.15,0.08071748878923767,0,0.1475316813623769,0.2586166887475293,2.0855492244130867,0.8507630225817854,0.0,1.0,0.0,0.4,0.0,0.4,0.0,0.08,0.013452914798206279,0.5,0.25
192,0.9783579804889887,0.4759559714384646,0.8710303610979859,0.47626689741755635,0.2342918089705646,0.4851268815785297,0.7443946188340808,0.3984523486329124,0.3836384211637695,0.1031390134529148,0.4742857142857143,0.37435120392240556,0.367507397370599,0.07714285714285714,0.013452914798206279,0.017142857142857144,0.3628571428571429,16.422857142857143,0.013452914798206279,0.0,0.037781507600704374,0.08436634914903718,4.4125560538116595,0.0,0.0,0.15,0.08071748878923767,0,0.14739388009842214,0.2573236053037916,2.060981097067682,0.8356472615130044,0.0,0.8333333333333334,0.0,0.4,0.0,0.4,0.0,0.08,0.013452914798206279,0.5,0.25
193,0.9777508088979853,0.4768184183072545,0.8706435060557178,0.47650573584722145,0.2342918089705646,0.48475141218421586,0.6681614349775785,0.39854203473156713,0.38370568573776054,0.1031390134529148,0.4257142857142857,0.3744083467795484,0.3675502545134562,0.07714285714285714,0.017937219730941704,0.02,0.3628571428571429,16.425714285714285,0.017937219730941704,0.0,0.037781507600704374,0.08436634914903718,4.4125560538116595,0.0,0.0,0.15,0.08071748878923767,0,0.1472853392693586,0.2624846508245727,2.039761475126328,0.8389316640802399,0.0,0.8571428571428571,0.0,0.4,0.0,0.4,0.0,0.08,0.017937219730941704,0.5,0.25
194,0.9771338005962598,0.47683338942590436,0.8702503836234757,0.4767754949051984,0.2342918089705646,0.4844772058781467,0.6367713004484304,0.39854203473156713,0.38370568573776054,0.1031390134529148,0.4057142857142857,0.3744083467795484,0.3675502545134562,0.07714285714285714,0.013452914798206279,0.014285714285714285,0.3628571428571429,16.48,0.017937219730941704,0.0,0.037781507600704374,0.08436634914903718,4.4125560538116595,0.0,0.0,0.15,0.08071748878923767,0,0.146748484715869,0.2611722275704498,2.013251959909516,0.822153030798635,0.0,1.0,0.0,0.4,0.0,0.4,0.0,0.08,0.013452914798206279,0.5,0.25
195,0.9780086377570691,0.4770480355111041,0.8708077798716486,0.47707701005254244,0.2342918089705646,0.4841721106564593,0.6681614349775785,0.3986317208302218,0.38377295031175157,0.1031390134529148,0.4257142857142857,0.37446548963669124,0.36759311165631336,0.07714285714285714,0.013452914798206279,0.02,0.3628571428571429,16.577142857142857,0.017937219730941704,0.0,0.037781507600704374,0.08436634914903718,4.4125560538116595,0.0,0.0,0.15,0.08071748878923767,0,0.1466431708637182,0.2697620550419692,1.9929869207113253,0.8352261859483608,0.0,0.8571428571428571,0.0,0.4,0.0,0.4,0.0,0.08,0.013452914798206279,0.5,0.25
196,0.9789510233297744,0.4766811694051868,0.8714082141079721,0.47727262080910043,0.2342918089705646,0.4838892715818711,0.6771300448430493,0.3986317208302218,0.38377295031175157,0.1031390134529148,0.43142857142857144,0.37446548963669124,0.36759311165631336,0.07714285714285714,0.008968609865470852,0.017142857142857144,0.3628571428571429,16.597142857142856,0.017937219730941704,0.0,0.037781507600704374,0.08436634914903718,4.4125560538116595,0.0,0.0,0.15,0.08071748878923767,0,0.14613809858082816,0.2684132447667594,1.970270039439956,0.8185216622293936,0.0,1.0,0.0,0.4,0.0,0.4,0.0,0.08,0.008968609865470852,0.5,0.25
197,0.9809367339317536,0.477873900369964,0.8726733954343759,0.4787201531679711,0.2342918089705646,0.4836528897728628,0.5964125560538116,0.3986317208302218,0.38377295031175157,0.1031390134529148,0.38,0.37446548963669124,0.36759311165631336,0.07714285714285714,0.013452914798206279,0.017142857142857144,0.3628571428571429,16.582857142857144,0.02242152466367713,0.0,0.037781507600704374,0.08436634914903718,4.4125560538116595,0.0,0.0,0.15,0.08071748878923767,0,0.14560726523078119,0.26707117854292556,1.9480074957940139,0.8021512289848057,0.0,1.0,0.0,0.4,0.0,0.4,0.0,0.08,0.013452914798206279,0.5,0.25
198,0.9805767218834368,0.47743260170734536,0.8724440163293057,0.47878924958003544,0.2342918089705646,0.4833937349804156,0.6322869955156951,0.3987214069288765,0.3838402148857426,0.1031390134529148,0.40285714285714286,0.37452263249383405,0.3676359687991705,0.07714285714285714,0.013452914798206279,0.02,0.3628571428571429,16.605714285714285,0.026905829596412557,0.0,0.037781507600704374,0.08436634914903718,4.4125560538116595,0.0,0.0,0.15,0.08071748878923767,0,0.14550765747605582,0.26672639522634584,1.929047345878134,0.8009541219324279,0.0,0.8571428571428571,0.0,0.4,0.0,0.4,0.0,0.08,0.013452914798206279,0.5,0.25
199,0.9792315984048071,0.478631526612683,0.8715869805129216,0.47945948992626086,0.2342918089705646,0.48294469544208507,0.6636771300448431,0.398900779126186,0.38397474403372467,0.1031390134529148,0.4228571428571429,0.37463691820811984,0.3677216830848848,0.07714285714285714,0.02242152466367713,0.025714285714285714,0.3628571428571429,16.62,0.02242152466367713,0.0,0.037781507600704374,0.08436634914903718,4.4125560538116595,0.0,0.0,0.15,0.08071748878923767,0,0.145865690617247,0.26615028853393846,1.916180684674857,0.832505090325919,0.0,0.7777777777777778,0.0,0.4,0.0,0.4,0.0,0.08,0.02242152466367713,0.5,0.25
200,0.9785250375153957,0.47929680567277155,0.8711368002890967,0.47963366209235175,0.2342918089705646,0.4827606015340275,0.6502242152466368,0.398900779126186,0.38397474403372467,0.1031390134529148,0.4142857142857143,0.37463691820811984,0.3677216830848848,0.07714285714285714,0.008968609865470852,0.017142857142857144,0.3628571428571429,16.694285714285716,0.026905829596412557,0.0,0.037781507600704374,0.08436634914903718,4.4125560538116595,0.0,0.0,0.15,0.08071748878923767,0,0.14530779073558933,0.2648195370912687,1.8949999281242165,0.8158549885194005,0.0,1.0,0.0,0.4,0.0,0.4,0.0,0.08,0.008968609865470852,0.5,0.25
201,0.9786937915345285,0.4804743385092597,0.8712443207070013,0.4806326590033337,0.2342918089705646,0.4826709519434426,0.6502242152466368,0.398900779126186,0.38397474403372467,0.1031390134529148,0.4142857142857143,0.37463691820811984,0.3677216830848848,0.07714285714285714,0.013452914798206279,0.017142857142857144,0.3628571428571429,16.66857142857143,0.02242152466367713,0.0,0.037781507600704374,0.08436634914903718,4.4125560538116595,0.0,0.0,0.15,0.08071748878923767,0,0.14478110892476853,0.2634954394058124,1.8742427867045897,0.7995378887490124,0.0,1.0,0.0,0.4,0.0,0.4,0.0,0.08,0.013452914798206279,0.5,0.25
202,0.9778718410944586,0.48072535749645684,0.8707206208551851,0.4801725726525253,0.2342918089705646,0.48242206262474135,0.6502242152466368,0.398900779126186,0.38397474403372467,0.1031390134529148,0.4142857142857143,0.37463691820811984,0.3677216830848848,0.07714285714285714,0.013452914798206279,0.008571428571428572,0.3628571428571429,16.642857142857142,0.02242152466367713,0.0,0.037781507600704374,0.08436634914903718,4.4125560538116595,0.0,0.0,0.15,0.08071748878923767,0,0.14414291766585896,0.26217796220878326,1.8453293595419262,0.7835471309740322,0.0,1.0,0.0,0.4,0.0,0.4,0.0,0.08,0.013452914798206279,0.5,0.25
203,0.9769217327547101,0.4807835834835513,0.8701152661130027,0.47997478213809625,0.2342918089705646,0.48225709027015584,0.6502242152466368,0.3992595235208048,0.38424380232968874,0.1031390134529148,0.4142857142857143,0.3748654896366912,0.36789311165631333,0.07714285714285714,0.026905829596412557,0.02857142857142857,0.3628571428571429,16.634285714285713,0.02242152466367713,0.0,0.037781507600704374,0.08436634914903718,4.4125560538116595,0.0,0.0,0.15,0.08071748878923767,0,0.14504991807752965,0.2705173022315716,1.8369942009225162,0.8220912746102237,0.0,0.7,0.0,0.4,0.0,0.4,0.0,0.08,0.026905829596412557,0.5,0.25
204,0.9763709890331789,0.48007866061819054,0.8696844024671658,0.47931961800526923,0.2342918089705646,0.48212958199529393,0.6486486486486487,0.3983707630099543,0.3848869089144515,0.1036036036036036,0.4114285714285714,0.37497977535097693,0.36797882594202763,0.07714285714285714,0.018018018018018018,0.025714285714285714,0.3657142857142857,16.65714285714286,0.02252252252252252,0.002857142857142857,0.03783704226549316,0.08436634914903719,4.36936936936937,0.0,0.0,0.15,0.08108108108108109,0,0.14538181134428488,0.2787477069708934,1.8259686026183515,0.913528717120002,0.0,0.7777777777777778,0.0,0.4,0.0,0.4,0.0,0.08,0.02242152466367713,0.5,0.25
205,0.9770369315634555,0.48031458853235676,0.8701068003006556,0.47922458182448324,0.2342918089705646,0.48207287610398897,0.7027027027027027,0.39864103328022454,0.38508961161715416,0.1036036036036036,0.44571428571428573,0.3751512039224056,0.3681073973705991,0.07714285714285714,0.02252252252252252,0.022857142857142857,0.3657142857142857,16.68,0.02252252252252252,0.0,0.03783991683682889,0.08436634914903719,4.36936936936937,0.0,0.0,0.15,0.08108108108108109,0,0.14608347371613487,0.27886202068631166,1.8123063734231275,1.1111344385518747,0.0,0.625,0.0,0.4,0.0,0.4,0.0,0.08,0.02252252252252252,0.5,0.25
206,0.9782130149668105,0.4800244587714878,0.8709150217308784,0.47879546923215277,0.2342918089705646,0.4821069271861851,0.669683257918552,0.3979268996539499,0.38625422612275584,0.10407239819004525,0.4228571428571429,0.37520834677954845,0.36815025451345623,0.07714285714285714,0.013574660633484163,0.017142857142857144,0.36857142857142855,16.68285714285714,0.01809954751131222,0.002857142857142857,0.03786016461425263,0.08436634914903718,4.352941176470588,0.0,0.0,0.15,0.08144796380090498,0,0.14595291349041134,0.2774677105828801,1.7932031030975222,1.088911749780837,0.0,0.8333333333333334,0.0,0.4,0.0,0.4,0.0,0.08,0.013513513513513514,0.5,0.25
207,0.9769514209112478,0.47925727107794763,0.8701184151986516,0.47806509718802603,0.2342918089705646,0.48194924184697435,0.6742081447963801,0.398107895129063,0.38638997272909065,0.10407239819004525,0.4257142857142857,0.3753226324938341,0.3682359687991705,0.07714285714285714,0.01809954751131222,0.022857142857142857,0.36857142857142855,16.68,0.01809954751131222,0.0,0.037865787656609196,0.08436634914903718,4.352941176470588,0.0,0.0,0.15,0.08144796380090498,0,0.1462801489229593,0.2803045841984664,1.7801961838927147,1.077046654548823,0.0,0.75,0.0,0.4,0.0,0.4,0.0,0.08,0.01809954751131222,0.5,0.25
208,0.9778875741568213,0.4784689405810055,0.8707095291051424,0.477114230628183,0.2342918089705646,0.48194463537980603,0.6742081447963801,0.398107895129063,0.38638997272909065,0.10407239819004525,0.4257142857142857,0.3753226324938341,0.3682359687991705,0.07714285714285714,0.00904977375565611,0.017142857142857144,0.36857142857142855,16.68285714285714,0.01809954751131222,0.0,0.037865787656609196,0.08436634914903718,4.352941176470588,0.0,0.0,0.15,0.08144796380090498,0,0.14572017674977306,0.27890306127747405,1.7617351173577172,1.0555057214578467,0.0,1.0,0.0,0.4,0.0,0.4,0.0,0.08,0.00904977375565611,0.5,0.25
209,0.979599268730636,0.47835219466686996,0.8714918060149921,0.4764365075081595,0.2342918089705646,0.48182848357143815,0.7272727272727273,0.39761458411207057,0.3872723952645795,0.10454545454545454,0.45714285714285713,0.37537977535097694,0.3682788259420277,0.07714285714285714,0.004545454545454545,0.014285714285714285,0.37142857142857144,16.69142857142857,0.013636363636363636,0.002857142857142857,0.037882547853276424,0.08436634914903716,4.3090909090909095,0.0,0.0,0.15,0.08181818181818182,0,0.14553443300888136,0.287259592761315,1.7407861292962772,1.0502569061942095,0.0,0.8,0.0,0.4,0.0,0.4,0.0,0.08,0.004524886877828055,0.5,0.25
210,0.9791048872317062,0.4775678331711509,0.8711810519299505,0.4761610920812926,0.2342918089705646,0.48163571618457424,0.6818181818181818,0.39761458411207057,0.3872723952645795,0.10454545454545454,0.42857142857142855,0.37537977535097694,0.3682788259420277,0.07714285714285714,0.004545454545454545,0.008571428571428572,0.37142857142857144,16.754285714285714,0.00909090909090909,0.0,0.03792051590157658,0.08436634914903716,4.3090909090909095,0.0,0.0,0.15,0.08181818181818182,0,0.14489247512955122,0.28582329479750845,1.7145418352817803,1.0292517680703253,0.0,1.0,0.0,0.4,0.0,0.4,0.0,0.08,0.004545454545454545,0.5,0.25
211,0.9814705580509725,0.47677365815967404,0.8715477200904261,0.47585458167163114,0.2342918089705646,0.4812633133226934,0.634703196347032,0.39861761917052496,0.3891466727093425,0.1050228310502283,0.39714285714285713,0.3754940610652627,0.3683645402277419,0.07714285714285714,0.0091324200913242,0.02,0.3742857142857143,16.68285714285714,0.0045662100456621,0.002857142857142857,0.03807019361890061,0.08436634914903716,4.036529680365297,0.0,0.0,0.15,0.0821917808219178,0,0.14525315632533203,0.28439417832352093,1.7002509985761447,1.0447797622960073,0.0,0.7142857142857143,0.0,0.4,0.0,0.4,0.0,0.08,0.013636363636363636,0.5,0.25
212,0.9818670634797468,0.4766824732431476,0.8717958192015736,0.4756408176501033,0.2342918089705646,0.4808161712581495,0.7168949771689498,0.3987089433714382,0.3892151658600274,0.1050228310502283,0.44857142857142857,0.37555120392240554,0.3684073973705991,0.07714285714285714,0.0045662100456621,0.002857142857142857,0.3742857142857143,16.7,0.0045662100456621,0.0,0.03819765332679832,0.08436634914903716,4.036529680365297,0.0,0.0,0.15,0.0821917808219178,0,0.1449554619722768,0.2829722074319033,1.6691031214617646,1.0238841670500871,0.0,0.0,0.0,0.4,0.0,0.4,0.0,0.08,0.0045662100456621,0.5,0.25
213,0.9816700168415694,0.4767524401931981,0.8716725243051138,0.475894703091437,0.2342918089705646,0.48040362424288424,0.6940639269406392,0.39880026757235143,0.3892836590107123,0.1050228310502283,0.4342857142857143,0.3756083467795484,0.36845025451345625,0.07714285714285714,0.0045662100456621,0.002857142857142857,0.3742857142857143,16.72,0.0,0.0,0.03819765332679832,0.08436634914903716,4.036529680365297,0.0,0.0,0.15,0.0821917808219178,0,0.14465925609098687,0.2815573463947438,1.638578201889672,1.0034064837090855,0.0,0.0,0.0,0.4,0.0,0.4,0.0,0.08,0.0045662100456621,0.5,0.25
214,0.9827565661313764,0.47756269847431476,0.8723523937178786,0.47636578908179517,0.2342918089705646,0.4801318912385021,0.7488584474885844,0.39880026757235143,0.3892836590107123,0.1050228310502283,0.4685714285714286,0.3756083467795484,0.36845025451345625,0.07714285714285714,0.0,0.0,0.3742857142857143,16.742857142857144,0.0045662100456621,0.0,0.03819765332679832,0.08436634914903716,4.036529680365297,0.0,0.0,0.15,0.0821917808219178,0,0.1439359598105319,0.2801495596627701,1.6058066378518785,0.9833383540349037,0.0,0.0,0.0,0.4,0.0,0.4,0.0,0.08,0.0,0.5,0.25
215,0.9814606010439334,0.4774180165818131,0.8715414898488786,0.4762211789687076,0.2342918089705646,0.4796880016321949,0.680365296803653,0.39898291597417784,0.38942064531208215,0.1050228310502283,0.4257142857142857,0.3757226324938341,0.36853596879917044,0.07714285714285714,0.0045662100456621,0.002857142857142857,0.3742857142857143,16.78,0.0,0.0,0.03819765332679832,0.08436634914903716,4.036529680365297,0.0,0.0,0.15,0.0821917808219178,0,0.14364485144005068,0.29169906344359214,1.576547647951984,0.9668775333896642,0.0,0.0,0.0,0.4,0.0,0.4,0.0,0.08,0.0045662100456621,0.5,0.25
216,0.9819337454898236,0.4771799006456192,0.8718375430878786,0.47580325375330584,0.2342918089705646,0.47943599655962504,0.6712328767123288,0.39907424017509113,0.3894891384627671,0.1050228310502283,0.42,0.375779775350977,0.3685788259420277,0.07714285714285714,0.0045662100456621,0.002857142857142857,0.3742857142857143,16.802857142857142,0.0045662100456621,0.0,0.03819765332679832,0.08436634914903716,4.036529680365297,0.0,0.0,0.15,0.0821917808219178,0,0.14335519861142185,0.2902405681263742,1.5478738378500871,0.9628777619318494,0.0,0.0,0.0,0.4,0.0,0.4,0.0,0.08,0.0045662100456621,0.5,0.25
217,0.9817825256872161,0.4769018745453137,0.8717429226971042,0.4755824513600442,0.2342918089705646,0.4791923501552093,0.684931506849315,0.39907424017509113,0.3894891384627671,0.1050228310502283,0.42857142857142855,0.375779775350977,0.3685788259420277,0.07714285714285714,0.0,0.0,0.3742857142857143,16.777142857142856,0.0,0.0,0.03819765332679832,0.08436634914903716,4.036529680365297,0.0,0.0,0.15,0.0821917808219178,0,0.14263842261836474,0.2887893652857423,1.5169163610930854,0.9436202066932123,0.0,0.0,0.0,0.4,0.0,0.4,0.0,0.08,0.0,0.5,0.25
218,0.9800789835508905,0.47720600961781157,0.8706769920460891,0.47595594886340425,0.2342918089705646,0.4787811502156027,0.684931506849315,0.39916556437600437,0.389557631613452,0.1050228310502283,0.42857142857142855,0.3758369182081198,0.36862168308488474,0.07714285714285714,0.0045662100456621,0.002857142857142857,0.3742857142857143,16.845714285714287,0.0,0.0,0.03819765332679832,0.08436634914903716,4.036529680365297,0.0,0.0,0.15,0.0821917808219178,0,0.14235380193384434,0.2873454184593136,1.4894351767283665,0.9643600000000009,0.0,0.0,0.0,0.4,0.0,0.4,0.0,0.08,0.0045662100456621,0.5,0.25
219,0.9798816952825337,0.4764950339278891,0.8705535459581744,0.4747624077948808,0.2342918089705646,0.47828786488288416,0.6940639269406392,0.39916556437600437,0.389557631613452,0.1050228310502283,0.4342857142857143,0.3758369182081198,0.36862168308488474,0.07714285714285714,0.0,0.0,0.3742857142857143,16.877142857142857,0.0,0.0,0.03819765332679832,0.08436634914903716,4.036529680365297,0.0,0.0,0.15,0.0821917808219178,0,0.14164203292417513,0.285908691367017,1.459646473193799,0.9450728000000008,0.0,0.0,0.0,0.4,0.0,0.4,0.0,0.08,0.0,0.5,0.25
220,0.9788685242817824,0.47557269019144105,0.869919590389133,0.47472036235986237,0.2342918089705646,0.47773441347345247,0.6484018264840182,0.39916556437600437,0.389557631613452,0.1050228310502283,0.4057142857142857,0.3758369182081198,0.36862168308488474,0.07714285714285714,0.0,0.0,0.3742857142857143,16.877142857142857,0.0,0.0,0.03819765332679832,0.08436634914903716,4.036529680365297,0.0,0.0,0.15,0.0821917808219178,0,0.14093382275955427,0.284479147910182,1.4304535437299228,0.9261713440000008,0.0,0.0,0.0,0.4,0.0,0.4,0.0,0.08,0.0,0.5,0.25
221,0.9773589132014298,0.47524617566729466,0.8689750051702835,0.4747256536432707,0.2342918089705646,0.4772796043280999,0.639269406392694,0.39916556437600437,0.389557631613452,0.1050228310502283,0.4,0.3758369182081198,0.36862168308488474,0.07714285714285714,0.0,0.0,0.3742857142857143,16.894285714285715,0.0,0.0,0.03819765332679832,0.08436634914903716,4.036529680365297,0.0,0.0,0.15,0.0821917808219178,0,0.14022915364575647,0.2830567521706311,1.4018444728553245,0.9076479171200007,0.0,0.0,0.0,0.4,0.0,0.4,0.0,0.08,0.0,0.5,0.25
222,0.9776017394091187,0.4748669913626919,0.8691269449973803,0.4744687286324855,0.2342918089705646,0.4768869785716246,0.634703196347032,0.3992568885769176,0.389626124764137,0.1050228310502283,0.39714285714285713,0.37589406106526263,0.36866454022774187,0.07714285714285714,0.0045662100456621,0.002857142857142857,0.3742857142857143,16.905714285714286,0.0,0.0,0.03819765332679832,0.08436634914903716,4.036529680365297,0.0,0.0,0.15,0.0821917808219178,0,0.13995657930609912,0.28164146840977794,1.3766647262553606,0.9239574154561497,0.0,0.0,0.0,0.4,0.0,0.4,0.0,0.08,0.0045662100456621,0.5,0.25
223,0.9782340731635967,0.4751039032444967,0.8695226052608966,0.4745065291562507,0.2342918089705646,0.4764399554823033,0.6255707762557078,0.3992568885769176,0.389626124764137,0.1050228310502283,0.3914285714285714,0.37589406106526263,0.36866454022774187,0.07714285714285714,0.0,0.0,0.3742857142857143,16.885714285714286,0.0,0.0,0.03819765332679832,0.08436634914903716,4.036529680365297,0.0,0.0,0.15,0.0821917808219178,0,0.13925679640956862,0.28023326106772906,1.3491314317302538,0.9054782671470266,0.0,0.0,0.0,0.4,0.0,0.4,0.0,0.08,0.0,0.5,0.25
224,0.9763266587955634,0.476086702201979,0.8683291088420414,0.4754022067046979,0.2342918089705646,0.47618485238356534,0.6301369863013698,0.3993482127778309,0.3896946179148219,0.1050228310502283,0.3942857142857143,0.37595120392240555,0.36870739737059904,0.07714285714285714,0.0045662100456621,0.002857142857142857,0.3742857142857143,16.854285714285716,0.0,0.0,0.03819765332679832,0.08436634914903716,4.036529680365297,0.0,0.0,0.15,0.0821917808219178,0,0.1389890838560922,0.27883209476239046,1.3250059459527916,0.9052046854123211,0.0,0.0,0.0,0.4,0.0,0.4,0.0,0.08,0.0045662100456621,0.5,0.25
225,0.9773165713132173,0.4776425943890828,0.8689485112459449,0.47593381044156396,0.2342918089705646,0.47602573366163037,0.6621004566210046,0.3994395369787441,0.3897631110655068,0.1050228310502283,0.4142857142857143,0.37600834677954836,0.36875025451345617,0.07714285714285714,0.0045662100456621,0.002857142857142857,0.3742857142857143,16.857142857142858,0.0,0.0,0.03819765332679832,0.08436634914903716,4.036529680365297,0.0,0.0,0.15,0.0821917808219178,0,0.13872270986538318,0.2934754004429052,1.3013629698908784,0.925048349814211,0.0,0.0,0.0,0.4,0.0,0.4,0.0,0.08,0.0045662100456621,0.5,0.25
226,0.9776775734222618,0.4775917745930452,0.8691743954227471,0.47632258884302764,0.2342918089705646,0.4758751061730219,0.6712328767123288,0.3994395369787441,0.3897631110655068,0.1050228310502283,0.42,0.37600834677954836,0.36875025451345617,0.07714285714285714,0.0,0.0,0.3742857142857143,16.822857142857142,0.0,0.0,0.03819765332679832,0.08436634914903716,4.036529680365297,0.0,0.0,0.15,0.0821917808219178,0,0.13802909631605625,0.29200802344069066,1.2753357104930605,0.9065473828179268,0.0,0.0,0.0,0.4,0.0,0.4,0.0,0.08,0.0,0.5,0.25
227,0.9779945489384693,0.47739268674369845,0.8693727315314599,0.4763152417166454,0.2342918089705646,0.4756950920554075,0.6438356164383562,0.3994395369787441,0.3897631110655068,0.1050228310502283,0.40285714285714286,0.37600834677954836,0.36875025451345617,0.07714285714285714,0.0,0.0,0.3742857142857143,16.83142857142857,0.0,0.0,0.03819765332679832,0.08436634914903716,4.036529680365297,0.0,0.0,0.15,0.0821917808219178,0,0.13733895083447598,0.29054798332348725,1.2498289962831994,0.8884164351615682,0.0,0.0,0.0,0.4,0.0,0.4,0.0,0.08,0.0,0.5,0.25
228,0.9771308657724036,0.47716045891898246,0.8688323126361214,0.4758059383059123,0.2342918089705646,0.47551215005405056,0.6255707762557078,0.39953086117965736,0.3898316042161918,0.1050228310502283,0.3914285714285714,0.3760654896366912,0.36879311165631334,0.07714285714285714,0.0045662100456621,0.002857142857142857,0.3742857142857143,16.791428571428572,0.0,0.0,0.03819765332679832,0.08436634914903716,4.036529680365297,0.0,0.0,0.15,0.0821917808219178,0,0.13708082750887501,0.2890952434068698,1.2276895592146781,0.8706481064583368,0.0,0.0,0.0,0.4,0.0,0.4,0.0,0.08,0.0045662100456621,0.5,0.25
229,0.9780695678005004,0.47726470077689503,0.8694196719051307,0.47598190961693476,0.2342918089705646,0.4754955340286111,0.634703196347032,0.39953086117965736,0.3898316042161918,0.1050228310502283,0.39714285714285713,0.3760654896366912,0.36879311165631334,0.07714285714285714,0.0,0.0,0.3742857142857143,16.797142857142855,0.0,0.0,0.03819765332679832,0.08436634914903716,4.036529680365297,0.0,0.0,0.15,0.0821917808219178,0,0.13639542337133065,0.2876497671898354,1.2031357680303845,0.85323514432917,0.0,0.0,0.0,0.4,0.0,0.4,0.0,0.08,0.0,0.5,0.25
230,0.9767839226956935,0.4761544115853458,0.8686152253966942,0.4753804477476235,0.2342918089705646,0.47555093730409453,0.5616438356164384,0.39989615798331035,0.3901055768189315,0.1050228310502283,0.3514285714285714,0.37629406106526264,0.3689645402277419,0.07714285714285714,0.0182648401826484,0.011428571428571429,0.3742857142857143,16.82,0.0,0.0,0.03819765332679832,0.08436634914903716,4.036529680365297,0.0,0.0,0.15,0.0821917808219178,0,0.1374277319687597,0.32318007798500265,1.1905016240983484,0.887188614940459,0.0,0.0,0.0,0.4,0.0,0.4,0.0,0.08,0.0182648401826484,0.5,0.25
231,0.9758954118414397,0.47615733211941125,0.8680592714621757,0.4748698984485873,0.2342918089705646,0.4756278492512659,0.5844748858447488,0.39989615798331035,0.3901055768189315,0.1050228310502283,0.3657142857142857,0.37629406106526264,0.3689645402277419,0.07714285714285714,0.0,0.0,0.3742857142857143,16.83142857142857,0.0,0.0,0.03819765332679832,0.08436634914903716,4.036529680365297,0.0,0.0,0.15,0.0821917808219178,0,0.13674059330891591,0.32156417759507766,1.1666915916163814,0.8694448426416499,0.0,0.0,0.0,0.4,0.0,0.4,0.0,0.08,0.0,0.5,0.25
232,0.9748184462686034,0.4759566796551623,0.8673853987180294,0.4749013199330567,0.2342918089705646,0.4758410461467256,0.589041095890411,0.3999874821842236,0.3901740699696164,0.1050228310502283,0.36857142857142855,0.37635120392240556,0.369007397370599,0.07714285714285714,0.0045662100456621,0.002857142857142857,0.3742857142857143,16.85142857142857,0.0045662100456621,0.0,0.03819765332679832,0.08436634914903716,4.036529680365297,0.0,0.0,0.15,0.0821917808219178,0,0.13648546177094276,0.3266441360373783,1.1462149026411965,0.8640537339933617,0.0,0.0,0.0,0.4,0.0,0.4,0.0,0.08,0.0045662100456621,0.5,0.25
233,0.9756722201521238,0.4743231455756887,0.8679196172337179,0.4744837642656952,0.2342918089705646,0.4760997478039552,0.6118721461187214,0.4000788063851368,0.39024256312030137,0.1050228310502283,0.38285714285714284,0.3764083467795483,0.3690502545134562,0.07714285714285714,0.0045662100456621,0.002857142857142857,0.3742857142857143,16.80857142857143,0.0045662100456621,0.0,0.03819765332679832,0.08436634914903716,4.036529680365297,0.0,0.0,0.15,0.0821917808219178,0,0.13623160589065947,0.34691120605289893,1.1261477474455157,0.8467726593134945,0.0,0.0,0.0,0.4,0.0,0.4,0.0,0.08,0.0045662100456621,0.5,0.25
234,0.9764470429554573,0.47442223865748534,0.8684044349306607,0.47426326267816754,0.2342918089705646,0.47630892848933726,0.6210045662100456,0.4001701305860501,0.3903110562709862,0.1050228310502283,0.38857142857142857,0.37646548963669124,0.3690931116563133,0.07714285714285714,0.0045662100456621,0.002857142857142857,0.3742857142857143,16.734285714285715,0.0045662100456621,0.0,0.03819765332679832,0.08436634914903716,4.036529680365297,0.0,0.0,0.15,0.0821917808219178,0,0.1359790192897776,0.3451766500226344,1.106481935353748,0.8298372061272246,0.0,0.0,0.0,0.4,0.0,0.4,0.0,0.08,0.0045662100456621,0.5,0.25
235,0.9779732830087675,0.4734025219076386,0.8693594251354463,0.47363840682079195,0.2342918089705646,0.4765845281170802,0.684931506849315,0.4001701305860501,0.3903110562709862,0.1050228310502283,0.42857142857142855,0.37646548963669124,0.3690931116563133,0.07714285714285714,0.0,0.0,0.3742857142857143,16.65714285714286,0.0,0.0,0.03819765332679832,0.08436634914903716,4.036529680365297,0.0,0.0,0.15,0.0821917808219178,0,0.1352991241933287,0.3434507667725213,1.084352296646673,0.81324046200468,0.0,0.0,0.0,0.4,0.0,0.4,0.0,0.08,0.0,0.5,0.25
236,0.979160486184744,0.4731201683840148,0.8701022751227003,0.47333773938934803,0.2342918089705646,0.47699065341015984,0.684931506849315,0.4001701305860501,0.3903110562709862,0.1050228310502283,0.42857142857142855,0.37646548963669124,0.3690931116563133,0.07714285714285714,0.0,0.0,0.3742857142857143,16.6,0.0,0.0,0.03819765332679832,0.08436634914903716,4.036529680365297,0.0,0.0,0.15,0.0821917808219178,0,0.13462262857236207,0.34173351293865867,1.0626652507137395,0.7969756527645865,0.0,0.0,0.0,0.4,0.0,0.4,0.0,0.08,0.0,0.5,0.25
237,0.9803188668852547,0.4729831311149227,0.8708270904753054,0.47350827653815486,0.2342918089705646,0.47736173367812673,0.7123287671232876,0.40026145478696334,0.39037954942167125,0.1050228310502283,0.44571428571428573,0.3765226324938341,0.3691359687991705,0.07714285714285714,0.0045662100456621,0.002857142857142857,0.3742857142857143,16.562857142857144,0.0,0.0,0.03819765332679832,0.08436634914903716,4.036529680365297,0.0,0.0,0.15,0.0821917808219178,0,0.1343780868580717,0.34150958597905834,1.0442690885566077,0.7810361397092948,0.0,0.0,0.0,0.4,0.0,0.4,0.0,0.08,0.0045662100456621,0.5,0.25
238,0.9805468216797752,0.4731550152967905,0.8709697250467342,0.4733725325935923,0.2342918089705646,0.47764992689358127,0.7077625570776256,0.40026145478696334,0.39037954942167125,0.1050228310502283,0.44285714285714284,0.3765226324938341,0.3691359687991705,0.07714285714285714,0.0,0.0,0.3742857142857143,16.53142857142857,0.0045662100456621,0.0,0.03819765332679832,0.08436634914903716,4.036529680365297,0.0,0.0,0.15,0.0821917808219178,0,0.13370619642378134,0.33980203804916304,1.0233837067854754,0.7654154169151088,0.0,0.0,0.0,0.4,0.0,0.4,0.0,0.08,0.0,0.5,0.25
239,0.9820772150059288,0.4737311327210723,0.8719273140136703,0.473862231867742,0.2342918089705646,0.47768696265776844,0.7168949771689498,0.40026145478696334,0.39037954942167125,0.1050228310502283,0.44857142857142857,0.3765226324938341,0.3691359687991705,0.07714285714285714,0.0,0.0,0.3742857142857143,16.565714285714286,0.0045662100456621,0.0,0.03819765332679832,0.08436634914903716,4.036529680365297,0.0,0.0,0.15,0.0821917808219178,0,0.13303766544166243,0.3381030278589172,1.0029160326497657,0.7501071085768066,0.0,0.0,0.0,0.4,0.0,0.4,0.0,0.08,0.0,0.5,0.25
240,0.9821278918999576,0.47475101456270447,0.8719590232702197,0.4748517564453555,0.2342918089705646,0.4777583222806989,0.6712328767123288,0.4003527789878765,0.3904480425723561,0.1050228310502283,0.42,0.3765797753509769,0.3691788259420276,0.07714285714285714,0.0045662100456621,0.002857142857142857,0.3742857142857143,16.55142857142857,0.0091324200913242,0.0,0.03819765332679832,0.08436634914903716,4.036529680365297,0.0,0.0,0.15,0.0821917808219178,0,0.13280104854302555,0.33641251271962264,0.9857148548539135,0.7421720072043968,0.0,0.0,0.0,0.4,0.0,0.4,0.0,0.08,0.0045662100456621,0.5,0.25
241,0.9822000902052842,0.4752836893731988,0.8720041987812668,0.47580110544206233,0.2342918089705646,0.4779840847851221,0.7123287671232876,0.400535427389703,0.390585028873726,0.1050228310502283,0.44571428571428573,0.3766940610652627,0.3692645402277419,0.07714285714285714,0.0091324200913242,0.005714285714285714,0.3742857142857143,16.497142857142858,0.0045662100456621,0.0,0.03819765332679832,0.08436634914903716,4.036529680365297,0.0,0.0,0.15,0.0821917808219178,0,0.13299418615745326,0.34855456814903085,0.9717148434711209,0.7681642499062566,0.0,0.0,0.0,0.4,0.0,0.4,0.0,0.08,0.0091324200913242,0.5,0.25
242,0.9824753775855285,0.47538499914363797,0.8721764500277625,0.47512237747863767,0.2342918089705646,0.47832065815415176,0.7579908675799086,0.400535427389703,0.390585028873726,0.1050228310502283,0.4742857142857143,0.3766940610652627,0.3692645402277419,0.07714285714285714,0.0,0.0,0.3742857142857143,16.47142857142857,0.0091324200913242,0.0,0.03819765332679832,0.08436634914903716,4.036529680365297,0.0,0.0,0.15,0.0821917808219178,0,0.13232921522666602,0.3468117953082857,0.9522805466016985,0.7528009649081315,0.0,0.0,0.0,0.4,0.0,0.4,0.0,0.08,0.0,0.5,0.25
243,0.982966799942457,0.4764334910077977,0.872483940016812,0.47603464894345604,0.2342918089705646,0.47855450317417847,0.7214611872146118,0.4006267515906163,0.390653522024411,0.1050228310502283,0.4514285714285714,0.3767512039224056,0.3693073973705991,0.07714285714285714,0.0045662100456621,0.002857142857142857,0.3742857142857143,16.48,0.0091324200913242,0.0,0.03819765332679832,0.08436634914903716,4.036529680365297,0.0,0.0,0.15,0.0821917808219178,0,0.1320961405791041,0.3450777363317442,0.9360920785268073,0.7425576517422005,0.0,0.0,0.0,0.4,0.0,0.4,0.0,0.08,0.0045662100456621,0.5,0.25
244,0.9826331309355478,0.4760658748621708,0.8722751585524888,0.47541371843543434,0.2342918089705646,0.47886888766115465,0.7534246575342466,0.40080939999244275,0.3907905083257808,0.1050228310502283,0.4714285714285714,0.3768654896366912,0.36939311165631333,0.07714285714285714,0.0091324200913242,0.005714285714285714,0.3742857142857143,16.474285714285713,0.0045662100456621,0.0,0.03819765332679832,0.08436634914903716,4.036529680365297,0.0,0.0,0.15,0.0821917808219178,0,0.13229280273335142,0.3433523476500855,0.9230845226705569,0.7404218328162191,0.0,0.0,0.0,0.4,0.0,0.4,0.0,0.08,0.0091324200913242,0.5,0.25
245,0.9812928557425027,0.4754936574094375,0.8714365292174122,0.4752117761564021,0.2342918089705646,0.4790309203072549,0.7214611872146118,0.40090072419335593,0.39085900147646574,0.1050228310502283,0.4514285714285714,0.37692263249383406,0.36943596879917046,0.07714285714285714,0.0045662100456621,0.002857142857142857,0.3742857142857143,16.485714285714284,0.0,0.0,0.03819765332679832,0.08436634914903716,4.036529680365297,0.0,0.0,0.15,0.0821917808219178,0,0.1320599101482561,0.34716804017914754,0.9074799750742887,0.7734661526257794,0.0,0.0,0.0,0.4,0.0,0.4,0.0,0.08,0.0045662100456621,0.5,0.25
246,0.980339331066571,0.47575162677965277,0.8708398952059007,0.47522068603850487,0.2342918089705646,0.47909408611075976,0.7123287671232876,0.40099204839426916,0.3909274946271507,0.1050228310502283,0.44571428571428573,0.376979775350977,0.3694788259420276,0.07714285714285714,0.0045662100456621,0.002857142857142857,0.3742857142857143,16.534285714285716,0.0,0.0,0.03819765332679832,0.08436634914903716,4.036529680365297,0.0,0.0,0.15,0.0821917808219178,0,0.13182818202608626,0.3454321999782518,0.8921875184299457,0.7732736599334089,0.0,0.0,0.0,0.4,0.0,0.4,0.0,0.08,0.0045662100456621,0.5,0.25
247,0.9803623898665098,0.4766921610528988,0.8708543234264338,0.4754704273294545,0.2342918089705646,0.4793470909946994,0.7214611872146118,0.40108337259518245,0.39099598777783556,0.1050228310502283,0.4514285714285714,0.37703691820811985,0.36952168308488476,0.07714285714285714,0.0045662100456621,0.002857142857142857,0.3742857142857143,16.55142857142857,0.0,0.0,0.03819765332679832,0.08436634914903716,4.036529680365297,0.0,0.0,0.15,0.0821917808219178,0,0.13159761254452726,0.3437050389783606,0.8772009109184895,0.8698972180084482,0.0,0.0,0.0,0.4,0.0,0.4,0.0,0.08,0.0045662100456621,0.5,0.25
248,0.9790845854927274,0.4770954946923383,0.8700547829754098,0.4754420999150874,0.2342918089705646,0.47945702616975144,0.684931506849315,0.40108337259518245,0.39099598777783556,0.1050228310502283,0.42857142857142855,0.37703691820811985,0.36952168308488476,0.07714285714285714,0.0,0.0,0.3742857142857143,16.537142857142857,0.0,0.0,0.03819765332679832,0.08436634914903716,4.036529680365297,0.0,0.0,0.15,0.0821917808219178,0,0.1309396244818046,0.3419865137834688,0.8596568927001197,0.8524992736482793,0.0,0.0,0.0,0.4,0.0,0.4,0.0,0.08,0.0,0.5,0.25
249,0.9798977631719956,0.4753359747060097,0.8705635998661521,0.4747655918233722,0.2342918089705646,0.47953360032983366,0.634703196347032,0.4012660209970089,0.39113297407920544,0.1050228310502283,0.39714285714285713,0.37715120392240553,0.36960739737059906,0.07714285714285714,0.0091324200913242,0.005714285714285714,0.3742857142857143,16.577142857142857,0.0,0.0,0.03819765332679832,0.08436634914903716,4.036529680365297,0.0,0.0,0.15,0.0821917808219178,0,0.13114206921653843,0.34027658121455145,0.8481780405604029,0.8558287334299964,0.0,0.0,0.0,0.4,0.0,0.4,0.0,0.08,0.0091324200913242,0.5,0.25
250,0.9805531958565672,0.4750539251651987,0.8709737134602126,0.47465353203320937,0.2342918089705646,0.47940319080422494,0.684931506849315,0.4012660209970089,0.39113297407920544,0.1050228310502283,0.42857142857142855,0.37715120392240553,0.36960739737059906,0.07714285714285714,0.0,0.0,0.3742857142857143,16.565714285714286,0.0,0.0,0.03819765332679832,0.08436634914903716,4.036529680365297,0.0,0.0,0.15,0.0821917808219178,0,0.13048635887045576,0.3385751983084787,0.831214479749195,0.8387121587613966,0.0,0.0,0.0,0.4,0.0,0.4,0.0,0.08,0.0,0.5,0.25
251,0.9810916896246701,0.47470889417395884,0.8713106567036825,0.47445361395462765,0.2342918089705646,0.4793849982832291,0.6484018264840182,0.4012660209970089,0.39113297407920544,0.1050228310502283,0.4057142857142857,0.37715120392240553,0.36960739737059906,0.07714285714285714,0.0,0.0,0.3742857142857143,16.58,0.0,0.0,0.03819765332679832,0.08436634914903716,4.036529680365297,0.0,0.0,0.15,0.0821917808219178,0,0.12983392707610347,0.3368823223169363,0.8145901901542111,0.8219379155861686,0.0,0.0,0.0,0.4,0.0,0.4,0.0,0.08,0.0,0.5,0.25
252,0.9811407711924064,0.4746562023757217,0.8713413677417803,0.4746900509889863,0.2342918089705646,0.4793013208424793,0.684931506849315,0.4013573451979222,0.39120146722989046,0.1050228310502283,0.42857142857142855,0.37720834677954834,0.3696502545134561,0.07714285714285714,0.0045662100456621,0.002857142857142857,0.3742857142857143,16.554285714285715,0.0,0.0,0.03819765332679832,0.08436634914903716,4.036529680365297,0.0,0.0,0.15,0.0821917808219178,0,0.12961332886929436,0.3351979107053516,0.8011555292082697,0.8246689079626368,0.0,0.0,0.0,0.4,0.0,0.4,0.0,0.08,0.0045662100456621,0.5,0.25
253,0.9812070294332178,0.47674763129860953,0.8713828264696024,0.47657176380464,0.2342918089705646,0.4791457556067008,0.6757990867579908,0.4013573451979222,0.39120146722989046,0.1050228310502283,0.4228571428571429,0.37720834677954834,0.3696502545134561,0.07714285714285714,0.0,0.0,0.3742857142857143,16.56,0.0045662100456621,0.0,0.03819765332679832,0.08436634914903716,4.036529680365297,0.0,0.0,0.15,0.0821917808219178,0,0.1289652622249479,0.33352192115182483,0.7851324186241043,0.8081755298033839,0.0,0.0,0.0,0.4,0.0,0.4,0.0,0.08,0.0,0.5,0.25
254,0.980435367215622,0.47685853228232034,0.8708999863963067,0.4761864549707005,0.2342918089705646,0.4791478228409232,0.726027397260274,0.40144866939883544,0.3912699603805753,0.1050228310502283,0.4542857142857143,0.3772654896366912,0.36969311165631336,0.07714285714285714,0.0045662100456621,0.002857142857142857,0.3742857142857143,16.577142857142857,0.0091324200913242,0.0,0.03819765332679832,0.08436634914903716,4.036529680365297,0.0,0.0,0.15,0.0821917808219178,0,0.12874900734239458,0.3359737064241218,0.7722869131087651,0.8023654963635712,0.0,0.0,0.0,0.4,0.0,0.4,0.0,0.08,0.0045662100456621,0.5,0.25
255,0.980242608354188,0.4763033167544325,0.8707793744230093,0.4752094621399328,0.2342918089705646,0.4792858148504842,0.6894977168949772,0.4015399935997486,0.39133845353126034,0.1050228310502283,0.43142857142857144,0.377322632493834,0.36973596879917053,0.07714285714285714,0.0045662100456621,0.002857142857142857,0.3742857142857143,16.517142857142858,0.0045662100456621,0.0,0.03819765332679832,0.08436634914903716,4.036529680365297,0.0,0.0,0.15,0.0821917808219178,0,0.12853383373425406,0.3342938378920012,0.7596983177037328,0.8057345179329959,0.0,0.0,0.0,0.4,0.0,0.4,0.0,0.08,0.0045662100456621,0.5,0.25
256,0.9799777817270845,0.47603898315294596,0.8706136686191933,0.474575529289221,0.2342918089705646,0.4793737927941609,0.7442922374429224,0.4016313178006619,0.3914069466819452,0.1050228310502283,0.4657142857142857,0.37737977535097694,0.3697788259420276,0.07714285714285714,0.0045662100456621,0.002857142857142857,0.3742857142857143,16.52,0.0045662100456621,0.0,0.03819765332679832,0.08436634914903716,4.036529680365297,0.0,0.0,0.15,0.0821917808219178,0,0.12831973599415422,0.34691033159565876,0.7473614942068009,0.7896198275743359,0.0,0.0,0.0,0.4,0.0,0.4,0.0,0.08,0.0045662100456621,0.5,0.25
257,0.9795695682774455,0.4756029644550615,0.8703582436321335,0.4744096165580424,0.2342918089705646,0.47959112563372946,0.6621004566210046,0.4016313178006619,0.3914069466819452,0.1050228310502283,0.4142857142857143,0.37737977535097694,0.3697788259420276,0.07714285714285714,0.0,0.0,0.3742857142857143,16.52285714285714,0.0091324200913242,0.0,0.03819765332679832,0.08436634914903716,4.036529680365297,0.0,0.0,0.15,0.0821917808219178,0,0.12767813731418345,0.3451757799376805,0.7324142643226648,0.7738274310228492,0.0,0.0,0.0,0.4,0.0,0.4,0.0,0.08,0.0,0.5,0.25
258,0.9782926850414367,0.4760653939494245,0.8695592795501738,0.47505820051115505,0.2342918089705646,0.4796745114004065,0.6712328767123288,0.4016313178006619,0.3914069466819452,0.1050228310502283,0.42,0.37737977535097694,0.3697788259420276,0.07714285714285714,0.0,0.0,0.3742857142857143,16.52285714285714,0.0091324200913242,0.0,0.03819765332679832,0.08436634914903716,4.036529680365297,0.0,0.0,0.15,0.0821917808219178,0,0.12703974662761253,0.34344990103799206,0.7177659790362114,0.7583508824023922,0.0,0.0,0.0,0.4,0.0,0.4,0.0,0.08,0.0,0.5,0.25
259,0.981091222379572,0.4759478178499439,0.8713103643417497,0.4745369629780724,0.2342918089705646,0.47996729835265295,0.6894977168949772,0.40172264200157515,0.39147543983263017,0.1050228310502283,0.43142857142857144,0.3774369182081198,0.3698216830848847,0.07714285714285714,0.0045662100456621,0.002857142857142857,0.3742857142857143,16.55142857142857,0.0091324200913242,0.0,0.03819765332679832,0.08436634914903716,4.036529680365297,0.0,0.0,0.15,0.0821917808219178,0,0.1268331193230459,0.34173265153280213,0.7062678023126301,0.7879523320500753,0.0,0.0,0.0,0.4,0.0,0.4,0.0,0.08,0.0045662100456621,0.5,0.25
260,0.9807107909809368,0.47538872361766793,0.8710723229808893,0.47435579334086353,0.2342918089705646,0.4803060445138769,0.6757990867579908,0.40172264200157515,0.39147543983263017,0.1050228310502283,0.4228571428571429,0.3774369182081198,0.3698216830848847,0.07714285714285714,0.0,0.0,0.3742857142857143,16.55142857142857,0.0045662100456621,0.0,0.03819765332679832,0.08436634914903716,4.036529680365297,0.0,0.0,0.15,0.0821917808219178,0,0.12619895372643067,0.3400239882751381,0.6921424462663774,0.7721932854090737,0.0,0.0,0.0,0.4,0.0,0.4,0.0,0.08,0.0,0.5,0.25
261,0.9798631160258766,0.47521243699138593,0.8705419206518663,0.4739842645862929,0.2342918089705646,0.4805535621523595,0.684931506849315,0.4018139662024884,0.3915439329833151,0.1050228310502283,0.42857142857142855,0.3774940610652626,0.3698645402277419,0.07714285714285714,0.0045662100456621,0.002857142857142857,0.3742857142857143,16.545714285714286,0.0,0.0,0.03819765332679832,0.08436634914903716,4.036529680365297,0.0,0.0,0.15,0.0821917808219178,0,0.12599653038636993,0.3383238683337624,0.6811567401981928,0.7905380821271113,0.0,0.0,0.0,0.4,0.0,0.4,0.0,0.08,0.0045662100456621,0.5,0.25
262,0.9787546418761798,0.4759281092446209,0.8698483325410558,0.47402047625567983,0.2342918089705646,0.48085245899354995,0.730593607305936,0.40190529040340167,0.39161242613400005,0.1050228310502283,0.45714285714285713,0.3775512039224055,0.3699073973705991,0.07714285714285714,0.0045662100456621,0.002857142857142857,0.3742857142857143,16.542857142857144,0.0,0.0,0.03819765332679832,0.08436634914903716,4.036529680365297,0.0,0.0,0.15,0.0821917808219178,0,0.1257951191630095,0.33663224899209354,0.6703907482513718,0.8317109457639587,0.0,0.0,0.0,0.4,0.0,0.4,0.0,0.08,0.0045662100456621,0.5,0.25
263,0.979882733872039,0.47556271103901876,0.8705541958184647,0.4734367161909469,0.2342918089705646,0.48123776639186244,0.6621004566210046,0.40208793880522814,0.3917494124353699,0.1050228310502283,0.4142857142857143,0.3776654896366913,0.3699931116563133,0.07714285714285714,0.0091324200913242,0.005714285714285714,0.3742857142857143,16.571428571428573,0.0,0.0,0.03819765332679832,0.08436634914903716,4.036529680365297,0.0,0.0,0.15,0.0821917808219178,0,0.1260232864243373,0.3349490877471331,0.6626972190006301,0.8708571059340809,0.0,0.0,0.0,0.4,0.0,0.4,0.0,0.08,0.0091324200913242,0.5,0.25
264,0.9809939814228882,0.4760851774541426,0.8712495192859963,0.47383492764036816,0.2342918089705646,0.48144178712030716,0.7214611872146118,0.40217926300614143,0.3918179055860548,0.1050228310502283,0.4514285714285714,0.3777226324938341,0.3700359687991705,0.07714285714285714,0.0045662100456621,0.002857142857142857,0.3742857142857143,16.571428571428573,0.0,0.0,0.03819765332679832,0.08436634914903716,4.036529680365297,0.0,0.0,0.15,0.0821917808219178,0,0.12582174142078706,0.3332743423083974,0.6523004174777604,0.9086951839859807,0.0,0.0,0.0,0.4,0.0,0.4,0.0,0.08,0.0045662100456621,0.5,0.25
265,0.9810730247764705,0.4752841289110726,0.8712989778415233,0.473185330141828,0.2342918089705646,0.4814836172924768,0.730593607305936,0.40217926300614143,0.3918179055860548,0.1050228310502283,0.45714285714285713,0.3777226324938341,0.3700359687991705,0.07714285714285714,0.0,0.0,0.3742857142857143,16.50857142857143,0.0,0.0,0.03819765332679832,0.08436634914903716,4.036529680365297,0.0,0.0,0.15,0.0821917808219178,0,0.12519263271368314,0.33160797059685543,0.6392544091282051,0.8905212803062611,0.0,0.0,0.0,0.4,0.0,0.4,0.0,0.08,0.0,0.5,0.25
266,0.9803869739693928,0.47426871056730363,0.8708697060508092,0.47268701114132866,0.2342918089705646,0.4815176060244725,0.7351598173515982,0.4022705872070546,0.3918863987367398,0.1050228310502283,0.46,0.3777797753509769,0.3700788259420277,0.07714285714285714,0.0045662100456621,0.002857142857142857,0.3742857142857143,16.474285714285713,0.0,0.0,0.03819765332679832,0.08436634914903716,4.036529680365297,0.0,0.0,0.15,0.0821917808219178,0,0.12499524097868614,0.3299499307438712,0.6293264638027837,0.8727108547001359,0.0,0.0,0.0,0.4,0.0,0.4,0.0,0.08,0.0045662100456621,0.5,0.25
267,0.9813299945892556,0.4741917523110096,0.8714597675243805,0.47298349430732733,0.2342918089705646,0.48149187855683523,0.7534246575342466,0.4022705872070546,0.3918863987367398,0.1050228310502283,0.4714285714285714,0.3777797753509769,0.3700788259420277,0.07714285714285714,0.0,0.0,0.3742857142857143,16.514285714285716,0.0,0.0,0.03819765332679832,0.08436634914903716,4.036529680365297,0.0,0.0,0.15,0.0821917808219178,0,0.1243702647737927,0.3283001810901518,0.6167399345267282,0.8552566376061331,0.0,0.0,0.0,0.4,0.0,0.4,0.0,0.08,0.0,0.5,0.25
268,0.9814317930783154,0.4739132115528724,0.8715234642932492,0.47252191012825384,0.2342918089705646,0.48151320815519927,0.7168949771689498,0.40236191140796784,0.39195489188742466,0.1050228310502283,0.44857142857142857,0.37783691820811977,0.3701216830848848,0.07714285714285714,0.0045662100456621,0.002857142857142857,0.3742857142857143,16.46857142857143,0.0,0.0,0.03819765332679832,0.08436634914903716,4.036529680365297,0.0,0.0,0.15,0.0821917808219178,0,0.12417698487849514,0.32665868018470107,0.6072622786933365,0.8381515048540105,0.0,0.0,0.0,0.4,0.0,0.4,0.0,0.08,0.0045662100456621,0.5,0.25
269,0.981583408718837,0.47421242212850795,0.8716183323654613,0.47247298587666736,0.2342918089705646,0.48146645522404025,0.7351598173515982,0.4024532356088811,0.3920233850381097,0.1050228310502283,0.46,0.37789406106526263,0.37016454022774187,0.07714285714285714,0.0045662100456621,0.002857142857142857,0.3742857142857143,16.445714285714285,0.0,0.0,0.03819765332679832,0.08436634914903716,4.036529680365297,0.0,0.0,0.15,0.0821917808219178,0,0.1239846713826741,0.32502538678377757,0.5979741759766126,0.8605054395897005,0.0,0.0,0.0,0.4,0.0,0.4,0.0,0.08,0.0045662100456621,0.5,0.25
270,0.9806875544330875,0.47392771315000304,0.8710577835409494,0.472515603670975,0.2342918089705646,0.48147547594212053,0.726027397260274,0.40272720821162084,0.3922288644901644,0.1050228310502283,0.4542857142857143,0.37806548963669123,0.37029311165631335,0.07714285714285714,0.0136986301369863,0.008571428571428572,0.3742857142857143,16.537142857142857,0.0,0.0,0.03819765332679832,0.08436634914903716,4.036529680365297,0.0,0.0,0.15,0.0821917808219178,0,0.12465046231147504,0.32340025984985865,0.5945861210285088,0.8752775060373342,0.0,0.0,0.0,0.4,0.0,0.4,0.0,0.08,0.0136986301369863,0.5,0.25
271,0.9813933150059848,0.47332330030437064,0.8714993880137052,0.4722068126665165,0.2342918089705646,0.48142962160306035,0.7214611872146118,0.402818532412534,0.3922973576408494,0.1050228310502283,0.4514285714285714,0.3781226324938341,0.37033596879917047,0.07714285714285714,0.0045662100456621,0.002857142857142857,0.3742857142857143,16.548571428571428,0.0,0.0,0.03819765332679832,0.08436634914903716,4.036529680365297,0.0,0.0,0.15,0.0821917808219178,0,0.12445578142848908,0.32178325855060935,0.5855515414650816,0.8651741718665422,0.0,0.0,0.0,0.4,0.0,0.4,0.0,0.08,0.0045662100456621,0.5,0.25
272,0.980711916315216,0.4728632865344353,0.8710730271186243,0.4719526040215278,0.2342918089705646,0.4813239409147476,0.7534246575342466,0.40290985661344725,0.39236585079153424,0.1095890410958904,0.4714285714285714,0.3781797753509769,0.37037882594202765,0.08,0.0045662100456621,0.002857142857142857,0.3742857142857143,16.545714285714286,0.0045662100456621,0.0,0.03819765332679832,0.08436634914903716,4.036529680365297,0.0,0.0,0.15,0.0821917808219178,0,0.12426207394991808,0.32582791542656103,0.5766976534929228,0.8548995759519341,0.0,0.0,0.0,0.4,0.0,0.4,0.0,0.08,0.0045662100456621,0.5,0.25
273,0.9806658849185038,0.47387053305794963,0.87104422461611,0.4724956544086663,0.2342918089705646,0.48117907690485073,0.684931506849315,0.4030011808143605,0.39243434394221927,0.1095890410958904,0.42857142857142855,0.3782369182081197,0.37042168308488477,0.08,0.0045662100456621,0.002857142857142857,0.3742857142857143,16.548571428571428,0.0,0.0,0.03819765332679832,0.08436634914903716,4.036529680365297,0.0,0.0,0.15,0.0821917808219178,0,0.1240693350087399,0.32419877584942824,0.568020843280207,0.8790942026418392,0.0,0.0,0.0,0.4,0.0,0.4,0.0,0.08,0.0045662100456621,0.5,0.25
274,0.9805747947319517,0.47468161044519813,0.870987228185096,0.47322544076751943,0.2342918089705646,0.4811895283237148,0.680365296803653,0.40309250501527377,0.3925028370929041,0.1095890410958904,0.4257142857142857,0.3782940610652627,0.37046454022774195,0.08,0.0045662100456621,0.002857142857142857,0.3742857142857143,16.571428571428573,0.0,0.0,0.03819765332679832,0.08436634914903716,4.036529680365297,0.0,0.0,0.15,0.0821917808219178,0,0.12387755976226762,0.3225777819701811,0.5595175692717458,0.8615123185890025,0.0,0.0,0.0,0.4,0.0,0.4,0.0,0.08,0.0045662100456621,0.5,0.25
275,0.982319169095158,0.47431996177992314,0.872078708143788,0.47267569992187525,0.2342918089705646,0.48104759828258,0.7077625570776256,0.40336647761801353,0.392708316544959,0.1095890410958904,0.44285714285714284,0.3784654896366912,0.3705931116563133,0.08,0.0136986301369863,0.008571428571428572,0.3742857142857143,16.597142857142856,0.0,0.0,0.03819765332679832,0.08436634914903716,4.036529680365297,0.0,0.0,0.15,0.0821917808219178,0,0.12454388624917058,0.3209648930603302,0.5568986464577395,0.9039207967999998,0.0,0.0,0.0,0.4,0.0,0.4,0.0,0.08,0.0136986301369863,0.5,0.25
276,0.9839716705263992,0.4740411484777795,0.8731127018964787,0.47274806779974643,0.2342918089705646,0.4808551254051461,0.634703196347032,0.40336647761801353,0.392708316544959,0.1095890410958904,0.39714285714285713,0.3784654896366912,0.3705931116563133,0.08,0.0,0.0,0.3742857142857143,16.562857142857144,0.0,0.0,0.03819765332679832,0.08436634914903716,4.036529680365297,0.0,0.0,0.15,0.0821917808219178,0,0.12392116681792475,0.3193600685950285,0.5457606735285846,0.8858423808639998,0.0,0.0,0.0,0.4,0.0,0.4,0.0,0.08,0.0,0.5,0.25
277,0.9833676975513038,0.4754458955801582,0.8727347873777762,0.47369684735970446,0.2342918089705646,0.48053076034322156,0.6621004566210046,0.40354912601984005,0.39284530284632885,0.1095890410958904,0.4142857142857143,0.378579775350977,0.3706788259420276,0.08,0.0091324200913242,0.005714285714285714,0.3742857142857143,16.642857142857142,0.0045662100456621,0.0,0.03819765332679832,0.08436634914903716,4.036529680365297,0.0,0.0,0.15,0.0821917808219178,0,0.12415870384097796,0.31776326825205337,0.5405597457722986,0.8881027002567908,0.0,0.0,0.0,0.4,0.0,0.4,0.0,0.08,0.0091324200913242,0.5,0.25
278,0.9837459244450113,0.47594924480370104,0.8729714493484104,0.4742544238046699,0.2342918089705646,0.4803877390897787,0.6027397260273972,0.40364045022075323,0.39291379599701376,0.1095890410958904,0.37714285714285717,0.37863691820811984,0.37072168308488473,0.08,0.0045662100456621,0.002857142857142857,0.3742857142857143,16.63714285714286,0.0045662100456621,0.0,0.03819765332679832,0.08436634914903716,4.036529680365297,0.0,0.0,0.15,0.0821917808219178,0,0.12396648175034451,0.31617445191079313,0.5326056937139956,0.9323765887818812,0.0,0.0,0.0,0.4,0.0,0.4,0.0,0.08,0.0045662100456621,0.5,0.25
279,0.9827148078991488,0.47556617844990784,0.8723262649954278,0.47440515310935766,0.2342918089705646,0.48021253194943836,0.6757990867579908,0.40373177442166647,0.3929822891476987,0.1095890410958904,0.4228571428571429,0.37869406106526265,0.3707645402277419,0.08,0.0045662100456621,0.002857142857142857,0.3742857142857143,16.67142857142857,0.0091324200913242,0.0,0.03819765332679832,0.08436634914903716,4.036529680365297,0.0,0.0,0.15,0.0821917808219178,0,0.1237752207701642,0.31459357965123913,0.5248107226968586,0.9259912788571157,0.0,0.0,0.0,0.4,0.0,0.4,0.0,0.08,0.0045662100456621,0.5,0.25
280,0.981153292657854,0.4751049106333694,0.8713492026015891,0.4738561282816199,0.2342918089705646,0.48007506229228913,0.6940639269406392,0.4038230986225797,0.3930507822983836,0.1095890410958904,0.4342857142857143,0.37875120392240547,0.370807397370599,0.08,0.0045662100456621,0.002857142857142857,0.3742857142857143,16.665714285714287,0.0045662100456621,0.0,0.03819765332679832,0.08436634914903716,4.036529680365297,0.0,0.0,0.15,0.0821917808219178,0,0.1235849160948848,0.3253014239926508,0.5171716511000641,0.940588613647257,0.0,0.0,0.0,0.4,0.0,0.4,0.0,0.08,0.0045662100456621,0.5,0.25
281,0.981477110352169,0.47434057448796885,0.8715518199588889,0.4731814230730018,0.2342918089705646,0.4798812221947334,0.7031963470319634,0.4038230986225797,0.3930507822983836,0.1095890410958904,0.44,0.37875120392240547,0.370807397370599,0.08,0.0,0.0,0.3742857142857143,16.63714285714286,0.0045662100456621,0.0,0.03819765332679832,0.08436634914903716,4.036529680365297,0.0,0.0,0.15,0.0821917808219178,0,0.1229669915144104,0.3236749168726875,0.5068282180780628,0.9217768413743118,0.0,0.0,0.0,0.4,0.0,0.4,0.0,0.08,0.0,0.5,0.25
282,0.9821542659906645,0.47391679152445737,0.8719755259155477,0.4729222893350936,0.2342918089705646,0.4798286232883,0.7031963470319634,0.4038230986225797,0.3930507822983836,0.1095890410958904,0.44,0.37875120392240547,0.370807397370599,0.08,0.0,0.0,0.3742857142857143,16.622857142857143,0.0,0.0,0.03819765332679832,0.08436634914903716,4.036529680365297,0.0,0.0,0.15,0.0821917808219178,0,0.12235215655683833,0.32205654228832403,0.49669165371650165,0.9033413045468256,0.0,0.0,0.0,0.4,0.0,0.4,0.0,0.08,0.0,0.5,0.25
283,0.9814958246955322,0.4745642734766329,0.871563529790879,0.47239683524163395,0.2342918089705646,0.4797631060045892,0.6757990867579908,0.4038230986225797,0.3930507822983836,0.1095890410958904,0.4228571428571429,0.37875120392240547,0.370807397370599,0.08,0.0,0.0,0.3742857142857143,16.64857142857143,0.0,0.0,0.03819765332679832,0.08436634914903716,4.036529680365297,0.0,0.0,0.15,0.0821917808219178,0,0.12174039577405413,0.32044625957688244,0.4867578206421716,0.885274478455889,0.0,0.0,0.0,0.4,0.0,0.4,0.0,0.08,0.0,0.5,0.25
284,0.9808881858660298,0.47506637435363536,0.8711833214947048,0.4727244863086985,0.2342918089705646,0.47959769476672925,0.7031963470319634,0.4038230986225797,0.3930507822983836,0.1095890410958904,0.44,0.37875120392240547,0.370807397370599,0.08,0.0,0.0,0.3742857142857143,16.662857142857142,0.0,0.0,0.03819765332679832,0.08436634914903716,4.036529680365297,0.0,0.0,0.15,0.0821917808219178,0,0.12113169379518388,0.318844028278998,0.47702266422932815,0.8675689888867713,0.0,0.0,0.0,0.4,0.0,0.4,0.0,0.08,0.0,0.5,0.25
285,0.9813893646935437,0.4748283729872956,0.8714969162467777,0.4725950596679773,0.2342918089705646,0.4794929950024131,0.6575342465753424,0.4038230986225797,0.3930507822983836,0.1095890410958904,0.4114285714285714,0.37875120392240547,0.370807397370599,0.08,0.0,0.0,0.3742857142857143,16.63142857142857,0.0,0.0,0.03819765332679832,0.08436634914903716,4.036529680365297,0.0,0.0,0.15,0.0821917808219178,0,0.12052603532620793,0.317249808137603,0.4674822109447416,0.8502176091090359,0.0,0.0,0.0,0.4,0.0,0.4,0.0,0.08,0.0,0.5,0.25
286,0.9817171097893105,0.4739306603766975,0.8717019910352719,0.47220435839029246,0.2342918089705646,0.4792758596486825,0.7031963470319634,0.40400574702440617,0.39318776859975346,0.1095890410958904,0.44,0.37886548963669126,0.3708931116563134,0.08,0.0091324200913242,0.005714285714285714,0.3742857142857143,16.677142857142858,0.0,0.0,0.03819765332679832,0.08436634914903716,4.036529680365297,0.0,0.0,0.15,0.0821917808219178,0,0.12078054800671977,0.34091697156854156,0.46384685244013246,0.8666224540893126,0.0,0.0,0.0,0.4,0.0,0.4,0.0,0.08,0.0091324200913242,0.5,0.25
287,0.9796089064334841,0.4744686461564776,0.8703828580783405,0.47258153023459826,0.2342918089705646,0.47896490478378284,0.6621004566210046,0.40409707122531946,0.39325626175043843,0.1095890410958904,0.4142857142857143,0.37892263249383407,0.37093596879917046,0.08,0.0045662100456621,0.002857142857142857,0.3742857142857143,16.66,0.0045662100456621,0.0,0.03819765332679832,0.08436634914903716,4.036529680365297,0.0,0.0,0.15,0.0821917808219178,0,0.12060521669525762,0.3392123867106988,0.4574270582484727,0.8652998884047465,0.0,0.0,0.0,0.4,0.0,0.4,0.0,0.08,0.0045662100456621,0.5,0.25
288,0.9802327655596527,0.4749157238909859,0.8707732156458574,0.47323044302948397,0.2342918089705646,0.47871422067395397,0.7077625570776256,0.40409707122531946,0.39325626175043843,0.1095890410958904,0.44285714285714284,0.37892263249383407,0.37093596879917046,0.08,0.0,0.0,0.3742857142857143,16.665714285714287,0.0,0.0,0.03819765332679832,0.08436634914903716,4.036529680365297,0.0,0.0,0.15,0.0821917808219178,0,0.12000219061178131,0.3375163247771453,0.4482785170835032,0.8479938906366515,0.0,0.0,0.0,0.4,0.0,0.4,0.0,0.08,0.0,0.5,0.25
289,0.9801392667105562,0.47345776572955156,0.8707147120802798,0.472770053902423,0.2342918089705646,0.47850605864528073,0.7077625570776256,0.4042797196271459,0.3933932480518083,0.1095890410958904,0.44285714285714284,0.3790369182081198,0.37102168308488476,0.08,0.0091324200913242,0.005714285714285714,0.3742857142857143,16.65714285714286,0.0,0.0,0.03819765332679832,0.08436634914903716,4.036529680365297,0.0,0.0,0.15,0.0821917808219178,0,0.12025932251586527,0.3358287431532596,0.4450272324561188,0.9276118355869445,0.0,0.0,0.0,0.4,0.0,0.4,0.0,0.08,0.0091324200913242,0.5,0.25
290,0.9800099575790014,0.4747920567797561,0.8706338015093928,0.47358165287824316,0.2342918089705646,0.47838955594133187,0.7214611872146118,0.40437104382805916,0.3934617412024932,0.1095890410958904,0.4514285714285714,0.3790940610652626,0.3710645402277419,0.08,0.0045662100456621,0.002857142857142857,0.3742857142857143,16.665714285714287,0.0,0.0,0.03819765332679832,0.08436634914903716,4.036529680365297,0.0,0.0,0.15,0.0821917808219178,0,0.12008659733185738,0.33414959943749334,0.43898383066413926,0.9296238783293249,0.0,0.0,0.0,0.4,0.0,0.4,0.0,0.08,0.0045662100456621,0.5,0.25
291,0.9804679396832268,0.473514839259512,0.8709203674546081,0.4731994233225581,0.2342918089705646,0.4783671986994892,0.6940639269406392,0.40446236802897245,0.3935302343531781,0.1095890410958904,0.4342857142857143,0.37915120392240553,0.371107397370599,0.08,0.0045662100456621,0.002857142857142857,0.3742857142857143,16.64857142857143,0.0045662100456621,0.0,0.03819765332679832,0.08436634914903716,4.036529680365297,0.0,0.0,0.15,0.0821917808219178,0,0.1199147357737695,0.33247885144030587,0.4330612969079993,0.9247380037768121,0.0,0.0,0.0,0.4,0.0,0.4,0.0,0.08,0.0045662100456621,0.5,0.25
292,0.981538820877326,0.47299040573717166,0.8715904331160588,0.472308195231094,0.2342918089705646,0.47837300777627945,0.6484018264840182,0.40455369222988563,0.3935987275038631,0.1095890410958904,0.4057142857142857,0.3792083467795484,0.3711502545134562,0.08,0.0045662100456621,0.002857142857142857,0.3742857142857143,16.605714285714285,0.0045662100456621,0.0,0.03819765332679832,0.08436634914903716,4.036529680365297,0.0,0.0,0.15,0.0821917808219178,0,0.1197437335234721,0.3308164571831043,0.42725721382698223,0.9096246508764498,0.0,0.0,0.0,0.4,0.0,0.4,0.0,0.08,0.0045662100456621,0.5,0.25
293,0.9807760067760026,0.4722715409090984,0.8711131294355163,0.4717297679355948,0.2342918089705646,0.47854751510506255,0.7077625570776256,0.40455369222988563,0.3935987275038631,0.1095890410958904,0.44285714285714284,0.3792083467795484,0.3711502545134562,0.08,0.0,0.0,0.3742857142857143,16.642857142857142,0.0045662100456621,0.0,0.03819765332679832,0.08436634914903716,4.036529680365297,0.0,0.0,0.15,0.0821917808219178,0,0.11914501485585471,0.3291623748971888,0.41871206955044254,0.8914321578589208,0.0,0.0,0.0,0.4,0.0,0.4,0.0,0.08,0.0,0.5,0.25
294,0.9783329049810008,0.4723657793437286,0.8695844457409294,0.4718708255146097,0.2342918089705646,0.4787425101676126,0.7488584474885844,0.40473634063171215,0.39373571380523287,0.1095890410958904,0.4685714285714286,0.3793226324938342,0.3712359687991704,0.08,0.0091324200913242,0.005714285714285714,0.3742857142857143,16.654285714285713,0.0045662100456621,0.0,0.03819765332679832,0.08436634914903716,4.036529680365297,0.0,0.0,0.15,0.0821917808219178,0,0.11940643263871831,0.3275165630227028,0.4160521138737195,0.9050014722710247,0.0,0.0,0.0,0.4,0.0,0.4,0.0,0.08,0.0091324200913242,0.5,0.25
295,0.9780744384388265,0.47263664382639065,0.8694227195331118,0.47171100414665706,0.2342918089705646,0.4787668496534584,0.7214611872146118,0.40473634063171215,0.39373571380523287,0.1095890410958904,0.4514285714285714,0.3793226324938342,0.3712359687991704,0.08,0.0,0.0,0.3742857142857143,16.65714285714286,0.0045662100456621,0.0,0.03819765332679832,0.08436634914903716,4.036529680365297,0.0,0.0,0.15,0.0821917808219178,0,0.11880940047552473,0.3258789802075893,0.40773107159624505,0.8869014428256041,0.0,0.0,0.0,0.4,0.0,0.4,0.0,0.08,0.0,0.5,0.25
296,0.9789097655050087,0.47267996161951187,0.869945395611666,0.4717563413655485,0.2342918089705646,0.47882823371480054,0.730593607305936,0.40473634063171215,0.39373571380523287,0.1095890410958904,0.45714285714285713,0.3793226324938342,0.3712359687991704,0.08,0.0,0.0,0.3742857142857143,16.62857142857143,0.0091324200913242,0.0,0.03819765332679832,0.08436634914903716,4.036529680365297,0.0,0.0,0.15,0.0821917808219178,0,0.1182153534731471,0.3242495853065514,0.39957645016432014,0.8691634139690921,0.0,0.0,0.0,0.4,0.0,0.4,0.0,0.08,0.0,0.5,0.25
297,0.9786162280986075,0.4728637959609766,0.869761725063089,0.47207075050618075,0.2342918089705646,0.47890725151824126,0.7031963470319634,0.40473634063171215,0.39373571380523287,0.1095890410958904,0.44,0.3793226324938342,0.3712359687991704,0.08,0.0,0.0,0.3742857142857143,16.645714285714284,0.0045662100456621,0.0,0.03819765332679832,0.08436634914903716,4.036529680365297,0.0,0.0,0.15,0.0821917808219178,0,0.11762427670578136,0.32262833738001867,0.3915849211610337,0.8517801456897102,0.0,0.0,0.0,0.4,0.0,0.4,0.0,0.08,0.0,0.5,0.25
298,0.9792157503375435,0.4741137868195894,0.8701368546925947,0.47289805988008277,0.2342918089705646,0.4788508872617145,0.7442922374429224,0.4049189890335386,0.39387270010660275,0.1095890410958904,0.4657142857142857,0.37943691820811976,0.3713216830848847,0.08,0.0091324200913242,0.005714285714285714,0.3742857142857143,16.722857142857144,0.0045662100456621,0.0,0.03819765332679832,0.08436634914903716,4.036529680365297,0.0,0.0,0.15,0.0821917808219178,0,0.1178932981793953,0.3210151956931186,0.38946750845209865,0.8488605777933639,0.0,0.0,0.0,0.4,0.0,0.4,0.0,0.08,0.0091324200913242,0.5,0.25
299,0.9807312191923414,0.47428507544487614,0.871085105204597,0.4733150923705655,0.2342918089705646,0.4787006806606232,0.6712328767123288,0.40501031323445186,0.3939411932572877,0.1095890410958904,0.42,0.3794940610652627,0.3713645402277419,0.08,0.0045662100456621,0.002857142857142857,0.3742857142857143,16.754285714285714,0.0045662100456621,0.0,0.03819765332679832,0.08436634914903716,4.036529680365297,0.0,0.0,0.15,0.0821917808219178,0,0.11773240311706974,0.31941011971465294,0.38453530114019957,0.8427068471866554,0.0,0.0,0.0,0.4,0.0,0.4,0.0,0.08,0.0045662100456621,0.5,0.25
300,0.981834309100269,0.47308243974023684,0.8717753243184146,0.47237447726956344,0.2342918089705646,0.4785341905667737,0.6438356164383562,0.4051016374353651,0.3940096864079726,0.1095890410958904,0.40285714285714286,0.37955120392240554,0.371407397370599,0.08,0.0045662100456621,0.002857142857142857,0.3742857142857143,16.705714285714286,0.0045662100456621,0.0,0.03819765332679832,0.08436634914903716,4.036529680365297,0.0,0.0,0.15,0.0821917808219178,0,0.11757231253005582,0.3178130691160797,0.3797017379745385,0.8359654239099641,0.0,0.0,0.0,0.4,0.0,0.4,0.0,0.08,0.0045662100456621,0.5,0.25
301,0.9806734257035669,0.47240755169324006,0.8710489429930496,0.4717817964449966,0.2342918089705646,0.4785071223494237,0.6666666666666666,0.4051016374353651,0.3940096864079726,0.1095890410958904,0.41714285714285715,0.37955120392240554,0.371407397370599,0.08,0.0,0.0,0.3742857142857143,16.702857142857145,0.0091324200913242,0.0,0.03819765332679832,0.08436634914903716,4.036529680365297,0.0,0.0,0.15,0.0821917808219178,0,0.11698445096740555,0.3162240037704993,0.3721077032150476,0.8192461154317648,0.0,0.0,0.0,0.4,0.0,0.4,0.0,0.08,0.0,0.5,0.25
302,0.9793044725180724,0.47227563087438446,0.8701923694284116,0.4715931324333779,0.2342918089705646,0.47845861543448875,0.634703196347032,0.4051016374353651,0.3940096864079726,0.1095890410958904,0.39714285714285713,0.37955120392240554,0.371407397370599,0.08,0.0,0.0,0.3742857142857143,16.748571428571427,0.0045662100456621,0.0,0.03819765332679832,0.08436634914903716,4.036529680365297,0.0,0.0,0.15,0.0821917808219178,0,0.11639952871256852,0.31464288375164684,0.3646655491507467,0.8028611931231295,0.0,0.0,0.0,0.4,0.0,0.4,0.0,0.08,0.0,0.5,0.25
303,0.9800305092881707,0.47254979696605554,0.8706466610074158,0.4720078807103471,0.2342918089705646,0.47837263368166266,0.6164383561643836,0.40546693423901814,0.3942836590107123,0.1095890410958904,0.38571428571428573,0.37977977535097696,0.3715788259420276,0.08,0.0182648401826484,0.011428571428571429,0.3742857142857143,16.791428571428572,0.0136986301369863,0.0,0.03819765332679832,0.08436634914903716,4.036529680365297,0.0,0.0,0.15,0.0821917808219178,0,0.1175318167832914,0.3524486753445805,0.36880080959630324,0.8449349156609094,0.0,0.0,0.0,0.4,0.0,0.4,0.0,0.08,0.0182648401826484,0.5,0.25
304,0.9780276800828769,0.4721124725575712,0.8693934621618178,0.4712263685499532,0.2342918089705646,0.4784207088151085,0.6484018264840182,0.40564958264084455,0.39442064531208215,0.1095890410958904,0.4057142857142857,0.3798940610652627,0.371664540227742,0.08,0.0091324200913242,0.005714285714285714,0.3742857142857143,16.802857142857142,0.0091324200913242,0.0,0.03819765332679832,0.08436634914903716,4.036529680365297,0.0,0.0,0.15,0.0821917808219178,0,0.1178013005565178,0.3506864319678576,0.3671390791186629,0.8465489797552174,0.0,0.0,0.0,0.4,0.0,0.4,0.0,0.08,0.0091324200913242,0.5,0.25
305,0.979032561326054,0.47193904314861707,0.8700222307111198,0.47138891474630773,0.2342918089705646,0.47830898776958297,0.684931506849315,0.4057409068417578,0.3944891384627672,0.1095890410958904,0.42857142857142855,0.3799512039224055,0.3717073973705991,0.08,0.0045662100456621,0.002857142857142857,0.3742857142857143,16.802857142857142,0.0091324200913242,0.0,0.03819765332679832,0.08436634914903716,4.036529680365297,0.0,0.0,0.15,0.0821917808219178,0,0.11764086548230664,0.3489329998080183,0.3626534403934324,0.8748070128368506,0.0,0.0,0.0,0.4,0.0,0.4,0.0,0.08,0.0045662100456621,0.5,0.25
306,0.9794049493730929,0.4717216526680811,0.8702552392319814,0.4713909734721517,0.2342918089705646,0.4782958919135347,0.7351598173515982,0.4059235552435843,0.39462612476413705,0.1095890410958904,0.46,0.3800654896366912,0.37179311165631335,0.08,0.0091324200913242,0.005714285714285714,0.3742857142857143,16.802857142857142,0.0045662100456621,0.0,0.03819765332679832,0.08436634914903716,4.036529680365297,0.0,0.0,0.15,0.0821917808219178,0,0.11790980401203796,0.3471883348089782,0.36111465729984954,0.9362402788012087,0.0,0.0,0.0,0.4,0.0,0.4,0.0,0.08,0.0091324200913242,0.5,0.25
307,0.980907468884781,0.4709521246313117,0.8711953871550091,0.4706397085584239,0.2342918089705646,0.478310104216747,0.7123287671232876,0.4060148794444976,0.3946946179148219,0.1095890410958904,0.44571428571428573,0.3801226324938341,0.3718359687991706,0.08,0.0045662100456621,0.002857142857142857,0.3742857142857143,16.81142857142857,0.0045662100456621,0.0,0.03819765332679832,0.08436634914903716,4.036529680365297,0.0,0.0,0.15,0.0821917808219178,0,0.1177488264205492,0.3454523931349333,0.35674950701099534,0.9229832959011999,0.0,0.0,0.0,0.4,0.0,0.4,0.0,0.08,0.0045662100456621,0.5,0.25
308,0.9809545108261944,0.4699096471203457,0.8712248219697794,0.4701532735383568,0.2342918089705646,0.4784417937628111,0.6575342465753424,0.4061062036454107,0.3947631110655069,0.1095890410958904,0.4114285714285714,0.3801797753509769,0.37187882594202765,0.08,0.0045662100456621,0.002857142857142857,0.3742857142857143,16.85142857142857,0.0,0.0,0.03819765332679832,0.08436634914903716,4.036529680365297,0.0,0.0,0.15,0.0821917808219178,0,0.11758865371701788,0.3437251311692586,0.35247165972791833,0.9111910317685828,0.0,0.0,0.0,0.4,0.0,0.4,0.0,0.08,0.0045662100456621,0.5,0.25
309,0.9804825606328414,0.4709402500289513,0.8709295159916526,0.47020120054651005,0.2342918089705646,0.47852126409882256,0.6529680365296804,0.4061062036454107,0.3947631110655069,0.1095890410958904,0.4085714285714286,0.3801797753509769,0.37187882594202765,0.08,0.0,0.0,0.3742857142857143,16.83142857142857,0.0,0.0,0.03819765332679832,0.08436634914903716,4.036529680365297,0.0,0.0,0.15,0.0821917808219178,0,0.11700071044843278,0.34200650551341233,0.3454222265333599,0.8929672111332112,0.0,0.0,0.0,0.4,0.0,0.4,0.0,0.08,0.0,0.5,0.25
310,0.9795980873870322,0.4710845881540613,0.8703760884464178,0.4703776859207142,0.2342918089705646,0.47870832394695373,0.6712328767123288,0.406197527846324,0.3948316042161918,0.1095890410958904,0.42,0.3802369182081198,0.37192168308488477,0.08,0.0045662100456621,0.002857142857142857,0.3742857142857143,16.845714285714287,0.0,0.0,0.03819765332679832,0.08436634914903716,4.036529680365297,0.0,0.0,0.15,0.0821917808219178,0,0.11684427832476205,0.34029647298584526,0.3413709248598356,0.8875740958900109,0.0,0.0,0.0,0.4,0.0,0.4,0.0,0.08,0.0045662100456621,0.5,0.25
311,0.9778749259241764,0.47225058538427794,0.8692978817025164,0.4713021701487852,0.2342918089705646,0.47892409838101685,0.6529680365296804,0.4062888520472373,0.39490009736687676,0.1095890410958904,0.4085714285714286,0.38029406106526265,0.37196454022774195,0.08,0.0045662100456621,0.002857142857142857,0.3742857142857143,16.837142857142858,0.0,0.0,0.03819765332679832,0.08436634914903716,4.036529680365297,0.0,0.0,0.15,0.0821917808219178,0,0.11668862836170966,0.338594990620916,0.33740064921978175,0.8858096063340466,0.0,0.0,0.0,0.4,0.0,0.4,0.0,0.08,0.0045662100456621,0.5,0.25
312,0.9764490604724985,0.47218606186495626,0.868405697319895,0.47197834445982445,0.2342918089705646,0.47924978205380825,0.6940639269406392,0.4063801762481505,0.3949685905175616,0.1095890410958904,0.4342857142857143,0.38035120392240546,0.37200739737059907,0.08,0.0045662100456621,0.002857142857142857,0.3742857142857143,16.742857142857144,0.0,0.0,0.03819765332679832,0.08436634914903716,4.036529680365297,0.0,0.0,0.15,0.0821917808219178,0,0.11653375664847254,0.33690201566781147,0.33350977909252894,0.8680934142073656,0.0,0.0,0.0,0.4,0.0,0.4,0.0,0.08,0.0045662100456621,0.5,0.25
313,0.9753057063399526,0.4727608056707077,0.8676902843055307,0.4719845642754217,0.2342918089705646,0.47949597325661014,0.7351598173515982,0.406562824649977,0.3951055768189315,0.1095890410958904,0.46,0.38046548963669125,0.3720931116563133,0.08,0.0091324200913242,0.005714285714285714,0.3742857142857143,16.748571428571427,0.0,0.0,0.03819765332679832,0.08436634914903716,4.036529680365297,0.0,0.0,0.15,0.0821917808219178,0,0.11680823072237302,0.33954035319728665,0.33255386922496405,0.8682559579057033,0.0,0.0,0.0,0.4,0.0,0.4,0.0,0.08,0.0091324200913242,0.5,0.25
314,0.976891628587961,0.4738292490315395,0.8686826185121416,0.47290598377636733,0.2342918089705646,0.4796785230951705,0.6621004566210046,0.406562824649977,0.3951055768189315,0.1095890410958904,0.4142857142857143,0.38046548963669125,0.3720931116563133,0.08,0.0,0.0,0.3742857142857143,16.751428571428573,0.0,0.0,0.03819765332679832,0.08436634914903716,4.036529680365297,0.0,0.0,0.15,0.0821917808219178,0,0.11622418956876118,0.33784265143130027,0.32590279184046483,0.8508908387475892,0.0,0.0,0.0,0.4,0.0,0.4,0.0,0.08,0.0,0.5,0.25
315,0.9766612840662277,0.47453026598636555,0.8685384886542572,0.4732310785532826,0.2342918089705646,0.4798095141112452,0.7168949771689498,0.406562824649977,0.3951055768189315,0.1095890410958904,0.44857142857142857,0.38046548963669125,0.3720931116563133,0.08,0.0,0.0,0.3742857142857143,16.7,0.0,0.0,0.03819765332679832,0.08436634914903716,4.036529680365297,0.0,0.0,0.15,0.0821917808219178,0,0.11564306862091736,0.3361534381741438,0.31938473600365547,0.8338730219726375,0.0,0.0,0.0,0.4,0.0,0.4,0.0,0.08,0.0,0.5,0.25
316,0.9750514397062463,0.47503893385308216,0.8675311860404401,0.473412038752544,0.2342918089705646,0.4798973018086759,0.6529680365296804,0.406562824649977,0.3951055768189315,0.1095890410958904,0.4085714285714286,0.38046548963669125,0.3720931116563133,0.08,0.0,0.0,0.3742857142857143,16.737142857142857,0.0,0.0,0.03819765332679832,0.08436634914903716,4.036529680365297,0.0,0.0,0.15,0.0821917808219178,0,0.11506485327781277,0.33447267098327305,0.31299704128358236,0.8171955615331846,0.0,0.0,0.0,0.4,0.0,0.4,0.0,0.08,0.0,0.5,0.25
317,0.9740506698978623,0.47547780499156306,0.8669049900746228,0.47401609198037,0.2342918089705646,0.4799856894852817,0.7123287671232876,0.4067454730518034,0.39524256312030137,0.1095890410958904,0.44571428571428573,0.38057977535097687,0.3721788259420276,0.08,0.0091324200913242,0.005714285714285714,0.3742857142857143,16.734285714285715,0.0091324200913242,0.0,0.03819765332679832,0.08436634914903716,4.036529680365297,0.0,0.0,0.15,0.0821917808219178,0,0.11534667186856658,0.3328003076283567,0.3124513861721964,0.8031719078076792,0.0,0.0,0.0,0.4,0.0,0.4,0.0,0.08,0.0091324200913242,0.5,0.25
318,0.9765087168655197,0.4739053247550868,0.8684430251772427,0.4723170739591613,0.2342918089705646,0.4800303891048141,0.7214611872146118,0.4067454730518034,0.39524256312030137,0.1095890410958904,0.4514285714285714,0.38057977535097687,0.3721788259420276,0.08,0.0,0.0,0.3742857142857143,16.745714285714286,0.0045662100456621,0.0,0.03819765332679832,0.08436634914903716,4.036529680365297,0.0,0.0,0.15,0.0821917808219178,0,0.11476993850922373,0.33113630609021494,0.3062023584487525,0.7871084696515256,0.0,0.0,0.0,0.4,0.0,0.4,0.0,0.08,0.0,0.5,0.25
319,0.9754602866762595,0.4734556201873289,0.8677870074302486,0.47222822677599735,0.2342918089705646,0.47992604321026716,0.6986301369863014,0.4067454730518034,0.39524256312030137,0.1095890410958904,0.43714285714285717,0.38057977535097687,0.3721788259420276,0.08,0.0,0.0,0.3742857142857143,16.68857142857143,0.0091324200913242,0.0,0.03819765332679832,0.08436634914903716,4.036529680365297,0.0,0.0,0.15,0.0821917808219178,0,0.11419608881667762,0.32948062455976385,0.30007831127977747,0.7713663002584951,0.0,0.0,0.0,0.4,0.0,0.4,0.0,0.08,0.0,0.5,0.25
320,0.9754708047854153,0.4727439516843676,0.8677935887614058,0.4716566152895655,0.2342918089705646,0.4797891340804318,0.726027397260274,0.4067454730518034,0.39524256312030137,0.1095890410958904,0.4542857142857143,0.38057977535097687,0.3721788259420276,0.08,0.0,0.0,0.3742857142857143,16.662857142857142,0.0091324200913242,0.0,0.03819765332679832,0.08436634914903716,4.036529680365297,0.0,0.0,0.15,0.0821917808219178,0,0.11362510837259424,0.327833221436965,0.2940767450541819,0.755938974253325,0.0,0.0,0.0,0.4,0.0,0.4,0.0,0.08,0.0,0.5,0.25
321,0.9758685278555904,0.47327291687571105,0.8680424497681728,0.47158159913141,0.2342918089705646,0.47939494813241035,0.7031963470319634,0.40683679725271665,0.3953110562709864,0.1095890410958904,0.44,0.38063691820811985,0.3722216830848848,0.08,0.0045662100456621,0.002857142857142857,0.3742857142857143,16.662857142857142,0.0136986301369863,0.0,0.03819765332679832,0.08436634914903716,4.036529680365297,0.0,0.0,0.15,0.0821917808219178,0,0.11348555425930268,0.3261940553297802,0.2910523530102411,0.7513484169892729,0.0,0.0,0.0,0.4,0.0,0.4,0.0,0.08,0.0045662100456621,0.5,0.25
322,0.9759462593731786,0.473052481489255,0.8680910874891778,0.47177178360000716,0.2342918089705646,0.4790107941531994,0.6940639269406392,0.40683679725271665,0.3953110562709864,0.1095890410958904,0.4342857142857143,0.38063691820811985,0.3722216830848848,0.08,0.0,0.0,0.3742857142857143,16.63714285714286,0.0091324200913242,0.0,0.03819765332679832,0.08436634914903716,4.036529680365297,0.0,0.0,0.15,0.0821917808219178,0,0.11291812648800617,0.3245630850531313,0.28523130595003626,0.7363214486494875,0.0,0.0,0.0,0.4,0.0,0.4,0.0,0.08,0.0,0.5,0.25
323,0.9741581082201254,0.47396036960080934,0.8669722157676959,0.4724980831696813,0.2342918089705646,0.4785489331015812,0.6529680365296804,0.40692812145362994,0.39537954942167125,0.1095890410958904,0.4085714285714286,0.3806940610652626,0.3722645402277419,0.08,0.0045662100456621,0.002857142857142857,0.3742857142857143,16.645714285714284,0.0136986301369863,0.0,0.03819765332679832,0.08436634914903716,4.036529680365297,0.0,0.0,0.15,0.0821917808219178,0,0.11278210728413758,0.32294026962786565,0.28238382268817847,0.72439227991313,0.0,0.0,0.0,0.4,0.0,0.4,0.0,0.08,0.0045662100456621,0.5,0.25
324,0.9733558585260185,0.47399861833884144,0.8664702366733835,0.4720722799897173,0.2342918089705646,0.47798053343066266,0.7397260273972602,0.4071107698554564,0.39551653572304113,0.1095890410958904,0.46285714285714286,0.3808083467795484,0.3723502545134562,0.08,0.0091324200913242,0.005714285714285714,0.3742857142857143,16.654285714285713,0.0045662100456621,0.0,0.03819765332679832,0.08436634914903716,4.036529680365297,0.0,0.0,0.15,0.0821917808219178,0,0.11307533960485976,0.32132556827972636,0.2824504319487005,0.7207608365462495,0.0,0.0,0.0,0.4,0.0,0.4,0.0,0.08,0.0091324200913242,0.5,0.25
325,0.974788403626456,0.47320642020885134,0.8673666006076571,0.4711658368666021,0.2342918089705646,0.4775612506614478,0.7123287671232876,0.4072020940563697,0.39558502887372604,0.1095890410958904,0.44571428571428573,0.3808654896366912,0.37239311165631334,0.08,0.0045662100456621,0.002857142857142857,0.3742857142857143,16.665714285714287,0.0045662100456621,0.0,0.03819765332679832,0.08436634914903716,4.036529680365297,0.0,0.0,0.15,0.0821917808219178,0,0.11293853433540688,0.3197189404383277,0.2796585661668694,0.7463260430782336,0.0,0.0,0.0,0.4,0.0,0.4,0.0,0.08,0.0045662100456621,0.5,0.25
326,0.9738756163089024,0.4742801075928621,0.8666844460855408,0.4722401164085415,0.2342918089705646,0.47704566890792166,0.6972477064220184,0.407261065184394,0.39717196699198476,0.11009174311926606,0.4342857142857143,0.3808654896366912,0.37239311165631334,0.08,0.0,0.0,0.37714285714285717,16.694285714285716,0.0,0.002857142857142857,0.03818029740725799,0.08436634914903718,4.036697247706422,0.0,0.0,0.15,0.08256880733944955,0,0.11237384166372985,0.31812034573613607,0.274065394843532,0.7313995222166688,0.0,0.0,0.0,0.4,0.0,0.4,0.0,0.08,0.0,0.5,0.25
327,0.9742150256251652,0.4750158538149871,0.8668958496025274,0.47333388190481107,0.2342918089705646,0.4766636766892777,0.7201834862385321,0.407261065184394,0.39717196699198476,0.11009174311926606,0.44857142857142857,0.3808654896366912,0.37239311165631334,0.08,0.0,0.0,0.37714285714285717,16.708571428571428,0.0,0.0,0.03819405910851456,0.08436634914903718,4.036697247706422,0.0,0.0,0.15,0.0779816513761468,0,0.11181197245541118,0.31652974400745537,0.26858408694666136,0.7167715317723354,0.0,0.0,0.0,0.4,0.0,0.4,0.0,0.08,0.0,0.5,0.25
328,0.9751703319606535,0.4750661803582367,0.8674908689772031,0.47383259871381217,0.2342918089705646,0.4761898949272114,0.7155963302752294,0.407261065184394,0.39717196699198476,0.11009174311926606,0.44571428571428573,0.3808654896366912,0.37239311165631334,0.08,0.0,0.0,0.37714285714285717,16.725714285714286,0.0,0.0,0.03819405910851456,0.08436634914903718,4.036697247706422,0.0,0.0,0.15,0.0779816513761468,0,0.11125291259313413,0.3149470952874181,0.26321240520772815,0.7024361011368887,0.0,0.0,0.0,0.4,0.0,0.4,0.0,0.08,0.0,0.5,0.25
329,0.9769064772148496,0.4749573710995442,0.8685722394498167,0.4736356698508105,0.2342918089705646,0.4758791490260737,0.6834862385321101,0.40735280830366005,0.3972407743314344,0.11009174311926606,0.4257142857142857,0.38092263249383407,0.3724359687991705,0.08,0.0045871559633027525,0.002857142857142857,0.37714285714285717,16.734285714285715,0.0,0.0,0.03819405910851456,0.08436634914903718,4.036697247706422,0.0,0.0,0.15,0.0779816513761468,0,0.11112521945873989,0.313372359810981,0.26080529996071644,0.7352648317364676,0.0,0.0,0.0,0.4,0.0,0.4,0.0,0.08,0.0045871559633027525,0.5,0.25
330,0.9768451717372144,0.4751600591984458,0.8685340548951753,0.4734007614742445,0.2342918089705646,0.4758014509073265,0.6743119266055045,0.4074445514229261,0.39730958167088387,0.11009174311926606,0.42,0.380979775350977,0.3724788259420276,0.08,0.0045871559633027525,0.002857142857142857,0.37714285714285717,16.794285714285714,0.0,0.0,0.03819405910851456,0.08436634914903718,4.036697247706422,0.0,0.0,0.15,0.0779816513761468,0,0.11099816479001762,0.3118054980119261,0.258446336818645,0.7382989782713612,0.0,0.0,0.0,0.4,0.0,0.4,0.0,0.08,0.0045871559633027525,0.5,0.25
331,0.9759951996648638,0.47525410162221404,0.8680046437186827,0.4733557060607263,0.2342918089705646,0.4757761074510248,0.6605504587155964,0.4074445514229261,0.39730958167088387,0.11009174311926606,0.4114285714285714,0.380979775350977,0.3724788259420276,0.08,0.0,0.0,0.37714285714285717,16.797142857142855,0.0,0.0,0.03819405910851456,0.08436634914903718,4.036697247706422,0.0,0.0,0.15,0.0779816513761468,0,0.11044317396606754,0.31024647052186644,0.253277410082272,0.7235329987059339,0.0,0.0,0.0,0.4,0.0,0.4,0.0,0.08,0.0,0.5,0.25
332,0.9755261432478654,0.4744835821747019,0.8677124885789521,0.47308490347807863,0.2342918089705646,0.47552717083338913,0.6467889908256881,0.4074445514229261,0.39730958167088387,0.11009174311926606,0.40285714285714286,0.380979775350977,0.3724788259420276,0.08,0.0,0.0,0.37714285714285717,16.814285714285713,0.0,0.0,0.03819405910851456,0.08436634914903718,4.036697247706422,0.0,0.0,0.15,0.0779816513761468,0,0.10989095809623718,0.3086952381692571,0.24821186188062663,0.7090623387318151,0.0,0.0,0.0,0.4,0.0,0.4,0.0,0.08,0.0,0.5,0.25
333,0.9764161198366474,0.4736700510054939,0.8682668168542507,0.4723548859926255,0.2342918089705646,0.475306849975903,0.6834862385321101,0.4074445514229261,0.39730958167088387,0.11009174311926606,0.4257142857142857,0.380979775350977,0.3724788259420276,0.08,0.0,0.0,0.37714285714285717,16.84857142857143,0.0,0.0,0.03819405910851456,0.08436634914903718,4.036697247706422,0.0,0.0,0.15,0.0779816513761468,0,0.10934150330575601,0.3071517619784108,0.24324762464301403,0.6948810919571788,0.0,0.0,0.0,0.4,0.0,0.4,0.0,0.08,0.0,0.5,0.25
334,0.9754840209978538,0.47256242015518457,0.8676862524346591,0.47185483338611983,0.2342918089705646,0.4750644927050808,0.6697247706422018,0.4074445514229261,0.39730958167088387,0.11009174311926606,0.41714285714285715,0.380979775350977,0.3724788259420276,0.08,0.0,0.0,0.37714285714285717,16.797142857142855,0.0,0.0,0.03819405910851456,0.08436634914903718,4.036697247706422,0.0,0.0,0.15,0.0779816513761468,0,0.10879479578922722,0.3056160031685187,0.23838267215015377,0.6809834701180353,0.0,0.0,0.0,0.4,0.0,0.4,0.0,0.08,0.0,0.5,0.25
335,0.9752802022701873,0.47424512286007486,0.8675593024842841,0.4729047199527954,0.2342918089705646,0.47471030142749626,0.6834862385321101,0.4074445514229261,0.39730958167088387,0.11009174311926606,0.4257142857142857,0.380979775350977,0.3724788259420276,0.08,0.0,0.0,0.37714285714285717,16.822857142857142,0.0,0.0,0.03819405910851456,0.08436634914903718,4.036697247706422,0.0,0.0,0.15,0.0779816513761468,0,0.10825082181028108,0.30408792315267613,0.2336150187071507,0.6673638007156745,0.0,0.0,0.0,0.4,0.0,0.4,0.0,0.08,0.0,0.5,0.25
336,0.9755714481343556,0.4735925727763703,0.8677407070511088,0.47310168224541704,0.2342918089705646,0.4745677800445304,0.6651376146788991,0.4074445514229261,0.39730958167088387,0.11009174311926606,0.4142857142857143,0.380979775350977,0.3724788259420276,0.08,0.0,0.0,0.37714285714285717,16.785714285714285,0.0,0.0,0.03819405910851456,0.08436634914903718,4.036697247706422,0.0,0.0,0.15,0.0779816513761468,0,0.10770956770122966,0.3025674835369127,0.22894271833300764,0.6540165247013611,0.0,0.0,0.0,0.4,0.0,0.4,0.0,0.08,0.0,0.5,0.25
337,0.9758038987072767,0.47475520663248255,0.8678854905508141,0.4736520085844297,0.2342918089705646,0.4743400318401246,0.6376146788990825,0.4075362945421922,0.39737838901033345,0.11009174311926606,0.39714285714285713,0.3810369182081198,0.3725216830848847,0.08,0.0045871559633027525,0.002857142857142857,0.37714285714285717,16.802857142857142,0.0045871559633027525,0.0,0.03819405910851456,0.08436634914903718,4.036697247706422,0.0,0.0,0.15,0.0779816513761468,0,0.10759959129129497,0.3010546461192281,0.22722100682349036,0.6524461274879385,0.0,0.0,0.0,0.4,0.0,0.4,0.0,0.08,0.0045871559633027525,0.5,0.25
338,0.9759298681536227,0.47424007508428834,0.8679639515202525,0.47365539954972113,0.2342918089705646,0.47404012220660247,0.6376146788990825,0.4075362945421922,0.39737838901033345,0.11009174311926606,0.39714285714285713,0.3810369182081198,0.3725216830848847,0.08,0.0,0.0,0.37714285714285717,16.771428571428572,0.009174311926605505,0.0,0.03819405910851456,0.08436634914903718,4.036697247706422,0.0,0.0,0.15,0.0779816513761468,0,0.10706159333483849,0.299549372888632,0.22267658668702053,0.6393972049381796,0.0,0.0,0.0,0.4,0.0,0.4,0.0,0.08,0.0,0.5,0.25
339,0.9747785796634193,0.4747468520476902,0.86724686326064,0.473929000570539,0.2342918089705646,0.4738493223750951,0.6834862385321101,0.4075362945421922,0.39737838901033345,0.11009174311926606,0.4257142857142857,0.3810369182081198,0.3725216830848847,0.08,0.0,0.0,0.37714285714285717,16.8,0.009174311926605505,0.0,0.03819405910851456,0.08436634914903718,4.036697247706422,0.0,0.0,0.15,0.0779816513761468,0,0.10652628536816429,0.29805162602418883,0.21822305495328015,0.626609260839416,0.0,0.0,0.0,0.4,0.0,0.4,0.0,0.08,0.0,0.5,0.25
340,0.977694841860879,0.4749777536674797,0.8690632780007721,0.4735477902441831,0.2342918089705646,0.47367716442238167,0.6605504587155964,0.4075362945421922,0.39737838901033345,0.11009174311926606,0.4114285714285714,0.3810369182081198,0.3725216830848847,0.08,0.0,0.0,0.37714285714285717,16.794285714285714,0.0045871559633027525,0.0,0.03819405910851456,0.08436634914903718,4.036697247706422,0.0,0.0,0.15,0.0779816513761468,0,0.10599365394132348,0.2965613678940679,0.21385859385421452,0.6140770756226277,0.0,0.0,0.0,0.4,0.0,0.4,0.0,0.08,0.0,0.5,0.25
341,0.9790140833025732,0.47569526780420257,0.8698849769558845,0.4735918514797132,0.2342918089705646,0.47337750757136027,0.7201834862385321,0.4075362945421922,0.39737838901033345,0.11009174311926606,0.44857142857142857,0.3810369182081198,0.3725216830848847,0.08,0.0,0.0,0.37714285714285717,16.78857142857143,0.0,0.0,0.03819405910851456,0.08436634914903718,4.036697247706422,0.0,0.0,0.15,0.0779816513761468,0,0.10546368567161685,0.2950785610545975,0.20958142197713026,0.6017955341101752,0.0,0.0,0.0,0.4,0.0,0.4,0.0,0.08,0.0,0.5,0.25
342,0.9798206080325668,0.475526251139675,0.8703873266448517,0.47384936603081496,0.2342918089705646,0.47311554411967555,0.6605504587155964,0.4075362945421922,0.39737838901033345,0.11009174311926606,0.4114285714285714,0.3810369182081198,0.3725216830848847,0.08,0.0,0.0,0.37714285714285717,16.771428571428572,0.0045871559633027525,0.0,0.03819405910851456,0.08436634914903718,4.036697247706422,0.0,0.0,0.15,0.0779816513761468,0,0.10493636724325878,0.29360316824932453,0.20538979353758763,0.5897596234279716,0.0,0.0,0.0,0.4,0.0,0.4,0.0,0.08,0.0,0.5,0.25
343,0.9791413484750024,0.4759793437628262,0.869964244977569,0.47457022947321026,0.2342918089705646,0.47272309167031973,0.7110091743119266,0.4075362945421922,0.39737838901033345,0.11009174311926606,0.44285714285714284,0.3810369182081198,0.3725216830848847,0.08,0.0,0.0,0.37714285714285717,16.757142857142856,0.0,0.0,0.03819405910851456,0.08436634914903718,4.036697247706422,0.0,0.0,0.15,0.0779816513761468,0,0.10441168540704247,0.2921351524080779,0.20128199766683588,0.5779644309594121,0.0,0.0,0.0,0.4,0.0,0.4,0.0,0.08,0.0,0.5,0.25
344,0.979045616698759,0.47662820466215855,0.8699046177569374,0.47468501760995596,0.2342918089705646,0.4723278820543146,0.6834862385321101,0.4075362945421922,0.39737838901033345,0.11009174311926606,0.4257142857142857,0.3810369182081198,0.3725216830848847,0.08,0.0,0.0,0.37714285714285717,16.745714285714286,0.0,0.0,0.03819405910851456,0.08436634914903718,4.036697247706422,0.0,0.0,0.15,0.0779816513761468,0,0.10388962698000727,0.2906744766460375,0.19725635771349914,0.5664051423402239,0.0,0.0,0.0,0.4,0.0,0.4,0.0,0.08,0.0,0.5,0.25
345,0.9775840405678853,0.4769544750195635,0.8688984582692691,0.4748537544644894,0.2342918089705646,0.47209062406475266,0.7188940092165899,0.4075830112761802,0.3962428041532441,0.11059907834101383,0.44571428571428573,0.38115120392240553,0.37260739737059906,0.08,0.009216589861751152,0.005714285714285714,0.38,16.774285714285714,0.0,0.002857142857142857,0.038176606644560296,0.08436634914903716,4.0368663594470044,0.0,0.0,0.15,0.07834101382488479,0,0.10422732170225008,0.2959667766440286,0.19902551627351486,0.607328899169638,0.0,0.0,0.0,0.4,0.0,0.4,0.0,0.08,0.009174311926605505,0.5,0.25
346,0.9771158217583958,0.47602602552350276,0.8686081626073857,0.4742713672427692,0.2342918089705646,0.4718243912570873,0.6682027649769585,0.4075830112761802,0.3962428041532441,0.11059907834101383,0.4142857142857143,0.38115120392240553,0.37260739737059906,0.08,0.0,0.0,0.38,16.7,0.0,0.0,0.03818777936516296,0.08436634914903716,4.0368663594470044,0.0,0.0,0.15,0.07834101382488479,0,0.10370618509373884,0.29448694276080845,0.19504500594804458,0.5951823211862451,0.0,0.0,0.0,0.4,0.0,0.4,0.0,0.08,0.0,0.5,0.25
347,0.9764427822067316,0.47683006199075456,0.8681908780853538,0.4746823082334861,0.2342918089705646,0.47156623950114374,0.728110599078341,0.4077673430734152,0.3963810530011704,0.11059907834101383,0.4514285714285714,0.38126548963669127,0.3726931116563133,0.08,0.009216589861751152,0.005714285714285714,0.38,16.69142857142857,0.0,0.0,0.03818777936516296,0.08436634914903716,4.0368663594470044,0.0,0.0,0.15,0.07834101382488479,0,0.10404479702541299,0.2930145080470044,0.19685839154336943,0.5919612680732554,0.0,0.0,0.0,0.4,0.0,0.4,0.0,0.08,0.009216589861751152,0.5,0.25
348,0.9762758908247489,0.4760250904783163,0.8680874054285247,0.47473344081799074,0.2342918089705646,0.4715297430936993,0.6912442396313364,0.4078595089720327,0.39645017742513355,0.11059907834101383,0.42857142857142855,0.38132263249383413,0.3727359687991705,0.08,0.004608294930875576,0.002857142857142857,0.38,16.708571428571428,0.0,0.0,0.03818777936516296,0.08436634914903716,4.0368663594470044,0.0,0.0,0.15,0.07834101382488479,0,0.10395314446885737,0.29154943550676937,0.19577836656964484,0.5865147613473985,0.0,0.0,0.0,0.4,0.0,0.4,0.0,0.08,0.004608294930875576,0.5,0.25
349,0.9781714254678477,0.4767458310463328,0.869262636907246,0.4751853392880277,0.2342918089705646,0.47134777673298217,0.7188940092165899,0.4078595089720327,0.39645017742513355,0.11059907834101383,0.44571428571428573,0.38132263249383413,0.3727359687991705,0.08,0.0,0.0,0.38,16.642857142857142,0.004608294930875576,0.0,0.03818777936516296,0.08436634914903716,4.0368663594470044,0.0,0.0,0.15,0.07834101382488479,0,0.10343337874651305,0.29009168832923554,0.19186279923825192,0.5747844661204506,0.0,0.0,0.0,0.4,0.0,0.4,0.0,0.08,0.0,0.5,0.25
350,0.9779870794393367,0.47630705178514715,0.8691483423695692,0.4751704623952626,0.2342918089705646,0.47129521212870557,0.7465437788018433,0.4079516748706503,0.3965193018490967,0.11059907834101383,0.46285714285714286,0.38137977535097695,0.37277882594202766,0.08,0.004608294930875576,0.002857142857142857,0.38,16.62,0.0,0.0,0.03818777936516296,0.08436634914903716,4.0368663594470044,0.0,0.0,0.15,0.07834101382488479,0,0.10334478328135192,0.2886412298875894,0.1908826861106298,0.5765955890850724,0.0,0.0,0.0,0.4,0.0,0.4,0.0,0.08,0.004608294930875576,0.5,0.25
351,0.9804770237164828,0.47734992002971766,0.8706921078213997,0.4759268627746017,0.2342918089705646,0.4711717832987679,0.7557603686635944,0.4079516748706503,0.3965193018490967,0.11059907834101383,0.4685714285714286,0.38137977535097695,0.37277882594202766,0.08,0.0,0.0,0.38,16.634285714285713,0.0,0.0,0.03818777936516296,0.08436634914903716,4.0368663594470044,0.0,0.0,0.15,0.07834101382488479,0,0.10282805936494518,0.2871980237381514,0.1870650323884172,0.5650636773033709,0.0,0.0,0.0,0.4,0.0,0.4,0.0,0.08,0.0,0.5,0.25
352,0.9804470648432851,0.47692541283355977,0.8706735333200171,0.4756832848963419,0.2342918089705646,0.47120076678281286,0.7142857142857143,0.4081360066678853,0.3966575506970229,0.11059907834101383,0.44285714285714284,0.3814940610652626,0.37286454022774185,0.08,0.009216589861751152,0.005714285714285714,0.38,16.611428571428572,0.0,0.0,0.03818777936516296,0.08436634914903716,4.0368663594470044,0.0,0.0,0.15,0.07834101382488479,0,0.1031710619252633,0.28634300573593185,0.1890380174549345,0.5667824453591426,0.0,0.0,0.0,0.4,0.0,0.4,0.0,0.08,0.009216589861751152,0.5,0.25
353,0.9816985215549086,0.4764226211114723,0.8714494364812237,0.4754754044745295,0.2342918089705646,0.4712120071152578,0.7649769585253456,0.40822817256650284,0.39672667512098614,0.11059907834101383,0.4742857142857143,0.3815512039224055,0.372907397370599,0.08,0.004608294930875576,0.002857142857142857,0.38,16.614285714285714,0.0,0.0,0.03818777936516296,0.08436634914903716,4.0368663594470044,0.0,0.0,0.15,0.07834101382488479,0,0.10308377804420843,0.2849112907072522,0.18811439996297874,0.5586156082643043,0.0,0.0,0.0,0.4,0.0,0.4,0.0,0.08,0.004608294930875576,0.5,0.25
354,0.9801902863827174,0.4768026068425446,0.8705143306744652,0.47574140281585287,0.2342918089705646,0.471105975486447,0.7649769585253456,0.4084125043637378,0.3968649239689124,0.11059907834101383,0.4742857142857143,0.3816654896366912,0.3729931116563133,0.08,0.009216589861751152,0.005714285714285714,0.38,16.65142857142857,0.0,0.0,0.03818777936516296,0.08436634914903716,4.0368663594470044,0.0,0.0,0.15,0.07834101382488479,0,0.10342550201113024,0.2887278473901825,0.19006639767800484,0.5603544441491798,0.0,0.0,0.0,0.4,0.0,0.4,0.0,0.08,0.009216589861751152,0.5,0.25
355,0.9811330071346739,0.4778213496527722,0.8710988175406781,0.47584365493081787,0.2342918089705646,0.4710271259525863,0.6774193548387096,0.4085046702623554,0.39693404839287544,0.11059907834101383,0.42,0.3817226324938341,0.37303596879917045,0.08,0.004608294930875576,0.002857142857142857,0.38,16.66857142857143,0.0,0.0,0.03818777936516296,0.08436634914903716,4.0368663594470044,0.0,0.0,0.15,0.07834101382488479,0,0.10333694592964601,0.2939545765191965,0.1891222125815876,0.5646575586824922,0.0,0.0,0.0,0.4,0.0,0.4,0.0,0.08,0.004608294930875576,0.5,0.25
356,0.9805888847392145,0.4783917855793252,0.8707614616554934,0.4764489155230479,0.2342918089705646,0.47088375665234644,0.6866359447004609,0.40859683616097286,0.3970031728168386,0.11059907834101383,0.4257142857142857,0.3817797753509769,0.3730788259420276,0.08,0.004608294930875576,0.002857142857142857,0.38,16.708571428571428,0.0,0.0,0.03818777936516296,0.08436634914903716,4.0368663594470044,0.0,0.0,0.15,0.07834101382488479,0,0.10324883262856921,0.2924848036366005,0.18819691118709872,0.5584701068569543,0.0,0.0,0.0,0.4,0.0,0.4,0.0,0.08,0.004608294930875576,0.5,0.25
357,0.9803002446188959,0.47845441750886586,0.8705825047808957,0.47715671697680706,0.2342918089705646,0.4708564794659198,0.6405529953917051,0.40859683616097286,0.3970031728168386,0.11059907834101383,0.39714285714285713,0.3817797753509769,0.3730788259420276,0.08,0.0,0.0,0.38,16.708571428571428,0.0,0.0,0.03818777936516296,0.08436634914903716,4.0368663594470044,0.0,0.0,0.15,0.07834101382488479,0,0.10273258846542636,0.2910223796184175,0.18443297296335673,0.5473007047198152,0.0,0.0,0.0,0.4,0.0,0.4,0.0,0.08,0.0,0.5,0.25
358,0.9816779389472616,0.4784659331992273,0.8714366752644827,0.4770374247828345,0.2342918089705646,0.47091832432951053,0.6912442396313364,0.40887333385682534,0.397210546088728,0.11059907834101383,0.42857142857142855,0.3819512039224055,0.373207397370599,0.08,0.013824884792626729,0.008571428571428572,0.38,16.685714285714287,0.0,0.0,0.03818777936516296,0.08436634914903716,4.0368663594470044,0.0,0.0,0.15,0.07834101382488479,0,0.10350463980881351,0.2895672677203254,0.18931574207551818,0.610660056706828,0.0,0.0,0.0,0.4,0.0,0.4,0.0,0.08,0.013824884792626729,0.5,0.25
359,0.9836870027203684,0.4789513707814465,0.8726822948038088,0.47739603411282133,0.2342918089705646,0.47104633364443554,0.6682027649769585,0.40896549975544294,0.3972796705126911,0.11059907834101383,0.4142857142857143,0.38200834677954837,0.3732502545134562,0.08,0.004608294930875576,0.002857142857142857,0.38,16.705714285714286,0.0,0.0,0.03818777936516296,0.08436634914903716,4.0368663594470044,0.0,0.0,0.15,0.07834101382488479,0,0.10341568803834086,0.2881194313817238,0.18838657009115065,0.6045061906264889,0.0,0.0,0.0,0.4,0.0,0.4,0.0,0.08,0.004608294930875576,0.5,0.25
360,0.9846339628382954,0.4776934007624301,0.8732694100769235,0.4765108417575364,0.2342918089705646,0.47127985997504945,0.7004608294930875,0.40896549975544294,0.3972796705126911,0.11059907834101383,0.4342857142857143,0.38200834677954837,0.3732502545134562,0.08,0.0,0.0,0.38,16.66,0.004608294930875576,0.0,0.03818777936516296,0.08436634914903716,4.0368663594470044,0.0,0.0,0.15,0.07834101382488479,0,0.10289860959814917,0.28667883422481516,0.18461883868932766,0.5924160668139592,0.0,0.0,0.0,0.4,0.0,0.4,0.0,0.08,0.0,0.5,0.25
361,0.9820770500209272,0.47757827772683253,0.8716841241301551,0.47639640429267804,0.2342918089705646,0.47157877836534656,0.6728110599078341,0.40896549975544294,0.3972796705126911,0.11059907834101383,0.41714285714285715,0.38200834677954837,0.3732502545134562,0.08,0.0,0.0,0.38,16.751428571428573,0.0,0.0,0.03818777936516296,0.08436634914903716,4.0368663594470044,0.0,0.0,0.15,0.07834101382488479,0,0.10238411655015842,0.28524544005369107,0.18092646191554104,0.58056774547768,0.0,0.0,0.0,0.4,0.0,0.4,0.0,0.08,0.0,0.5,0.25
362,0.9835631680774228,0.47791397257367946,0.8726055173251825,0.4764276822760355,0.2342918089705646,0.4719509571168275,0.7004608294930875,0.40896549975544294,0.3972796705126911,0.11059907834101383,0.4342857142857143,0.38200834677954837,0.3732502545134562,0.08,0.0,0.0,0.38,16.731428571428573,0.0,0.0,0.03818777936516296,0.08436634914903716,4.0368663594470044,0.0,0.0,0.15,0.07834101382488479,0,0.10187219596740765,0.28381921285342265,0.17730793267723027,0.5689563905681263,0.0,0.0,0.0,0.4,0.0,0.4,0.0,0.08,0.0,0.5,0.25
363,0.9832788061274494,0.4771089989425464,0.8724292129161989,0.4760003560531464,0.2342918089705646,0.47228646716210126,0.6774193548387096,0.40896549975544294,0.3972796705126911,0.11059907834101383,0.42,0.38200834677954837,0.3732502545134562,0.08,0.0,0.0,0.38,16.714285714285715,0.0,0.0,0.03818777936516296,0.08436634914903716,4.0368663594470044,0.0,0.0,0.15,0.07834101382488479,0,0.10136283498757061,0.2824001167891555,0.17376177402368564,0.5575772627567639,0.0,0.0,0.0,0.4,0.0,0.4,0.0,0.08,0.0,0.5,0.25
364,0.9836442868696933,0.47762850727783634,0.8726558109763901,0.47577799874135124,0.2342918089705646,0.47263379230156993,0.7373271889400922,0.40905766565406043,0.39734879493665426,0.11059907834101383,0.45714285714285713,0.38206548963669124,0.3732931116563134,0.08,0.004608294930875576,0.002857142857142857,0.38,16.745714285714286,0.004608294930875576,0.0,0.03818777936516296,0.08436634914903716,4.0368663594470044,0.0,0.0,0.15,0.07834101382488479,0,0.10128459224120417,0.2809881162052097,0.1731436814003548,0.5750795471356505,0.0,0.0,0.0,0.4,0.0,0.4,0.0,0.08,0.004608294930875576,0.5,0.25
365,0.9843361498657061,0.47812681796895656,0.8730847660339182,0.47573252451105436,0.2342918089705646,0.47281463775387134,0.6589861751152074,0.4091498315526779,0.3974179193606174,0.11059907834101383,0.4085714285714286,0.38212263249383405,0.37333596879917047,0.08,0.004608294930875576,0.002857142857142857,0.38,16.791428571428572,0.0,0.0,0.03818777936516296,0.08436634914903716,4.0368663594470044,0.0,0.0,0.15,0.07834101382488479,0,0.10120674070856958,0.27958317562418367,0.17253795062949057,0.5805461038620543,0.0,0.0,0.0,0.4,0.0,0.4,0.0,0.08,0.004608294930875576,0.5,0.25
366,0.9835039843050105,0.4775166042847165,0.8725688233862869,0.47561855353166754,0.2342918089705646,0.4729371994821964,0.7050691244239631,0.4091498315526779,0.3974179193606174,0.11059907834101383,0.43714285714285717,0.38212263249383405,0.37333596879917047,0.08,0.0,0.0,0.38,16.82,0.0,0.0,0.03818777936516296,0.08436634914903716,4.0368663594470044,0.0,0.0,0.15,0.07834101382488479,0,0.10070070700502673,0.27818525974606273,0.16908719161690072,0.5689351817848132,0.0,0.0,0.0,0.4,0.0,0.4,0.0,0.08,0.0,0.5,0.25
367,0.9830547872208756,0.47781732676537203,0.8722903211941233,0.475807120301964,0.2342918089705646,0.47311430166072593,0.6820276497695853,0.40924199745129547,0.39748704378458055,0.11059907834101383,0.4228571428571429,0.38217977535097697,0.3733788259420276,0.08,0.004608294930875576,0.002857142857142857,0.38,16.797142857142855,0.0,0.0,0.03818777936516296,0.08436634914903716,4.0368663594470044,0.0,0.0,0.15,0.07834101382488479,0,0.10062577489857302,0.27679433344733245,0.1685625906417056,0.5978123075382178,0.0,0.0,0.0,0.4,0.0,0.4,0.0,0.08,0.004608294930875576,0.5,0.25
368,0.9809843811184833,0.47650655970491596,0.8710066694106399,0.4747328651313479,0.2342918089705646,0.4731005489468674,0.7142857142857143,0.40924199745129547,0.39748704378458055,0.11059907834101383,0.44285714285714284,0.38217977535097697,0.3733788259420276,0.08,0.0,0.0,0.38,16.76,0.0,0.0,0.03818777936516296,0.08436634914903716,4.0368663594470044,0.0,0.0,0.15,0.07834101382488479,0,0.10012264602408014,0.27541036178009576,0.16519133882887144,0.5858560613874534,0.0,0.0,0.0,0.4,0.0,0.4,0.0,0.08,0.0,0.5,0.25
369,0.9828055254440626,0.4765519954339212,0.872135778892499,0.47446604975452017,0.2342918089705646,0.47318377983757637,0.6866359447004609,0.40933416334991296,0.3975561682085436,0.11059907834101383,0.4257142857142857,0.38223691820811984,0.3734216830848847,0.08,0.004608294930875576,0.002857142857142857,0.38,16.76,0.0,0.0,0.03818777936516296,0.08436634914903716,4.0368663594470044,0.0,0.0,0.15,0.07834101382488479,0,0.10005060422253118,0.2740333099711953,0.1647446549094369,0.6168859835627327,0.0,0.0,0.0,0.4,0.0,0.4,0.0,0.08,0.004608294930875576,0.5,0.25
370,0.983840036521657,0.4753364307771538,0.8727771757606076,0.4738908702068196,0.2342918089705646,0.4733721435782152,0.7557603686635944,0.409518495147148,0.3976944170564699,0.11059907834101383,0.4685714285714286,0.3823512039224055,0.37350739737059907,0.08,0.009216589861751152,0.005714285714285714,0.38,16.765714285714285,0.004608294930875576,0.0,0.03818777936516296,0.08436634914903716,4.0368663594470044,0.0,0.0,0.15,0.07834101382488479,0,0.10040749405856139,0.27440583143200126,0.16716404752553388,0.6293287001389325,0.0,0.0,0.0,0.4,0.0,0.4,0.0,0.08,0.009216589861751152,0.5,0.25
371,0.9825395464729859,0.4738242346931675,0.8719708719304317,0.47330463600121075,0.2342918089705646,0.47342843582456157,0.695852534562212,0.409518495147148,0.3976944170564699,0.11059907834101383,0.43142857142857144,0.3823512039224055,0.37350739737059907,0.08,0.0,0.0,0.38,16.785714285714285,0.004608294930875576,0.0,0.03818777936516296,0.08436634914903716,4.0368663594470044,0.0,0.0,0.15,0.07834101382488479,0,0.09990545658826859,0.27303380227484125,0.16382076657502317,0.6167421261361538,0.0,0.0,0.0,0.4,0.0,0.4,0.0,0.08,0.0,0.5,0.25
372,0.9805292016595558,0.4743314395851213,0.8707244581461048,0.4731813895073833,0.2342918089705646,0.4732946133955465,0.728110599078341,0.40961066104576543,0.3977635414804331,0.11059907834101383,0.4514285714285714,0.3824083467795484,0.3735502545134562,0.08,0.004608294930875576,0.002857142857142857,0.38,16.771428571428572,0.004608294930875576,0.0,0.03818777936516296,0.08436634914903716,4.0368663594470044,0.0,0.0,0.15,0.07834101382488479,0,0.09983450073389864,0.2716686332634671,0.16340149410066554,0.6167778569284428,0.0,0.0,0.0,0.4,0.0,0.4,0.0,0.08,0.004608294930875576,0.5,0.25
373,0.9807272384175534,0.47324800139771644,0.8708472409360634,0.4722470915403013,0.2342918089705646,0.4731624841559026,0.7096774193548387,0.40961066104576543,0.3977635414804331,0.11059907834101383,0.44,0.3824083467795484,0.3735502545134562,0.08,0.0,0.0,0.38,16.777142857142856,0.004608294930875576,0.0,0.03818777936516296,0.08436634914903716,4.0368663594470044,0.0,0.0,0.15,0.07834101382488479,0,0.09933532823022916,0.27031029009714974,0.16013346421865227,0.6044422997898738,0.0,0.0,0.0,0.4,0.0,0.4,0.0,0.08,0.0,0.5,0.25
374,0.9817164779376206,0.47316456855234523,0.8714605694385051,0.4728334308902476,0.2342918089705646,0.4729519357037772,0.7649769585253456,0.40961066104576543,0.3977635414804331,0.11059907834101383,0.4742857142857143,0.3824083467795484,0.3735502545134562,0.08,0.0,0.0,0.38,16.86,0.004608294930875576,0.0,0.03818777936516296,0.08436634914903716,4.0368663594470044,0.0,0.0,0.15,0.07834101382488479,0,0.09883865158907802,0.268958738646664,0.1569307949342792,0.5923534537940763,0.0,0.0,0.0,0.4,0.0,0.4,0.0,0.08,0.0,0.5,0.25
375,0.9810900010717902,0.47318359850751673,0.8710721537816903,0.4730583212580993,0.2342918089705646,0.47278842316919506,0.6820276497695853,0.40961066104576543,0.3977635414804331,0.11059907834101383,0.4228571428571429,0.3824083467795484,0.3735502545134562,0.08,0.0,0.0,0.38,16.902857142857144,0.004608294930875576,0.0,0.03818777936516296,0.08436634914903716,4.0368663594470044,0.0,0.0,0.15,0.07834101382488479,0,0.09834445833113262,0.2676139449534307,0.15379217903559364,0.5805063847181948,0.0,0.0,0.0,0.4,0.0,0.4,0.0,0.08,0.0,0.5,0.25
376,0.9812176164304869,0.4735819922260229,0.8711512753040823,0.47333664946645954,0.2342918089705646,0.47270591677486007,0.728110599078341,0.409702826944383,0.39783266590439614,0.11059907834101383,0.4514285714285714,0.3824654896366912,0.37359311165631326,0.08,0.004608294930875576,0.002857142857142857,0.38,16.888571428571428,0.004608294930875576,0.0,0.03818777936516296,0.08436634914903716,4.0368663594470044,0.0,0.0,0.15,0.07834101382488479,0,0.09828130746804839,0.26920246506668694,0.1535734783120246,0.6141534039555655,0.0,0.0,0.0,0.4,0.0,0.4,0.0,0.08,0.004608294930875576,0.5,0.25
377,0.9806336952399115,0.4730819424321004,0.8707892441659253,0.4731826866268793,0.2342918089705646,0.4725062320535649,0.663594470046083,0.409702826944383,0.39783266590439614,0.11059907834101383,0.4114285714285714,0.3824654896366912,0.37359311165631326,0.08,0.0,0.0,0.38,16.925714285714285,0.0,0.0,0.03818777936516296,0.08436634914903716,4.0368663594470044,0.0,0.0,0.15,0.07834101382488479,0,0.09778990093070815,0.2678564527413535,0.1505020087457841,0.6018703358764541,0.0,0.0,0.0,0.4,0.0,0.4,0.0,0.08,0.0,0.5,0.25
378,0.9795902326731039,0.4741531142862717,0.8701422973745048,0.47385153834439736,0.2342918089705646,0.4723226235210332,0.6221198156682027,0.4097949928430005,0.3979017903283594,0.11059907834101383,0.38571428571428573,0.382522632493834,0.37363596879917044,0.08,0.004608294930875576,0.002857142857142857,0.38,16.962857142857143,0.0,0.0,0.03818777936516296,0.08436634914903716,4.0368663594470044,0.0,0.0,0.15,0.07834101382488479,0,0.09772952285462604,0.2665171704776467,0.15034911142801127,0.5931675384118833,0.0,0.0,0.0,0.4,0.0,0.4,0.0,0.08,0.004608294930875576,0.5,0.25
379,0.9781434578440278,0.47479652457848665,0.8692452969804775,0.4741396834610101,0.2342918089705646,0.4721815962136909,0.6451612903225806,0.4097949928430005,0.3979017903283594,0.11059907834101383,0.4,0.382522632493834,0.37363596879917044,0.08,0.0,0.0,0.38,17.014285714285716,0.0,0.0,0.03818777936516296,0.08436634914903716,4.0368663594470044,0.0,0.0,0.15,0.07834101382488479,0,0.0972408752403529,0.2651845846252585,0.14734212919945106,0.5813041876436457,0.0,0.0,0.0,0.4,0.0,0.4,0.0,0.08,0.0,0.5,0.25
380,0.976930259564567,0.4740571317106977,0.8684931140472119,0.47393798070184856,0.2342918089705646,0.47196361535868603,0.6866359447004609,0.4097949928430005,0.3979017903283594,0.11059907834101383,0.4257142857142857,0.382522632493834,0.37363596879917044,0.08,0.0,0.0,0.38,16.97142857142857,0.004608294930875576,0.0,0.03818777936516296,0.08436634914903716,4.0368663594470044,0.0,0.0,0.15,0.07834101382488479,0,0.09675467086415115,0.26385866170213224,0.14439528661546203,0.5696781038907727,0.0,0.0,0.0,0.4,0.0,0.4,0.0,0.08,0.0,0.5,0.25
381,0.9758230223666957,0.47352584836018824,0.8678066269845317,0.47345503087850066,0.2342918089705646,0.4718328154976158,0.6451612903225806,0.4097949928430005,0.3979017903283594,0.11059907834101383,0.4,0.382522632493834,0.37363596879917044,0.08,0.0,0.0,0.38,16.98,0.0,0.0,0.03818777936516296,0.08436634914903716,4.0368663594470044,0.0,0.0,0.15,0.07834101382488479,0,0.09627089750983038,0.2625393683936215,0.1415073808831528,0.5582845418129572,0.0,0.0,0.0,0.4,0.0,0.4,0.0,0.08,0.0,0.5,0.25
382,0.9762396268556288,0.4732004778975741,0.8680649217676704,0.47316095312177914,0.2342918089705646,0.4715144132424493,0.6405529953917051,0.4097949928430005,0.3979017903283594,0.11059907834101383,0.39714285714285713,0.382522632493834,0.37363596879917044,0.08,0.0,0.0,0.38,16.96857142857143,0.0,0.0,0.03818777936516296,0.08436634914903716,4.0368663594470044,0.0,0.0,0.15,0.07834101382488479,0,0.09578954302228125,0.26122667155165347,0.13867723326548972,0.5471188509766981,0.0,0.0,0.0,0.4,0.0,0.4,0.0,0.08,0.0,0.5,0.25
383,0.9760934980760033,0.47341537882485024,0.8679743219243023,0.4734147721266669,0.2342918089705646,0.47121162320753934,0.6728110599078341,0.4097949928430005,0.3979017903283594,0.11059907834101383,0.41714285714285715,0.382522632493834,0.37363596879917044,0.08,0.0,0.0,0.38,16.942857142857143,0.0,0.0,0.03818777936516296,0.08436634914903716,4.0368663594470044,0.0,0.0,0.15,0.07834101382488479,0,0.09531059530716983,0.25992053819389516,0.1359036886001799,0.5361764739571642,0.0,0.0,0.0,0.4,0.0,0.4,0.0,0.08,0.0,0.5,0.25
384,0.9758384510462129,0.47256628308485854,0.8678161927658323,0.47273027820248636,0.2342918089705646,0.4710178797311633,0.6405529953917051,0.4097949928430005,0.3979017903283594,0.11059907834101383,0.39714285714285713,0.382522632493834,0.37363596879917044,0.08,0.0,0.0,0.38,16.922857142857143,0.0,0.0,0.03818777936516296,0.08436634914903716,4.0368663594470044,0.0,0.0,0.15,0.07834101382488479,0,0.09483404233063396,0.25862093550292564,0.1331856148281763,0.5254529444780208,0.0,0.0,0.0,0.4,0.0,0.4,0.0,0.08,0.0,0.5,0.25
385,0.9779926490866034,0.4724748356987046,0.8691517955508743,0.4726190075245704,0.2342918089705646,0.47079789342207323,0.7142857142857143,0.4097949928430005,0.3979017903283594,0.11059907834101383,0.44285714285714284,0.382522632493834,0.37363596879917044,0.08,0.0,0.0,0.38,16.928571428571427,0.0,0.0,0.03818777936516296,0.08436634914903716,4.0368663594470044,0.0,0.0,0.15,0.07834101382488479,0,0.09435987211898081,0.257327830825411,0.1305219025316128,0.5149438855884604,0.0,0.0,0.0,0.4,0.0,0.4,0.0,0.08,0.0,0.5,0.25
386,0.9758371798519989,0.47235916104919246,0.8678154046254196,0.472552698365383,0.2342918089705646,0.47054709857174803,0.631336405529954,0.4097949928430005,0.3979017903283594,0.11059907834101383,0.3914285714285714,0.382522632493834,0.37363596879917044,0.08,0.0,0.0,0.38,16.922857142857143,0.0,0.0,0.03818777936516296,0.08436634914903716,4.0368663594470044,0.0,0.0,0.15,0.07834101382488479,0,0.0938880727583859,0.256041191671284,0.12791146448098054,0.5046450078766912,0.0,0.0,0.0,0.4,0.0,0.4,0.0,0.08,0.0,0.5,0.25
387,0.9785639116673857,0.4719802279504363,0.8695059783509594,0.4717711595532181,0.2342918089705646,0.47033066792520983,0.6728110599078341,0.4097949928430005,0.3979017903283594,0.11059907834101383,0.41714285714285715,0.382522632493834,0.37363596879917044,0.08,0.0,0.0,0.38,16.87142857142857,0.0,0.0,0.03818777936516296,0.08436634914903716,4.0368663594470044,0.0,0.0,0.15,0.07834101382488479,0,0.09341863239459396,0.25476098571292755,0.12535323519136093,0.4945521077191573,0.0,0.0,0.0,0.4,0.0,0.4,0.0,0.08,0.0,0.5,0.25
388,0.977335009839744,0.47063398377611787,0.8687440592178216,0.47107788657662647,0.2342918089705646,0.47016212177556904,0.6543778801843319,0.40997932464023557,0.39804003917628566,0.11059907834101383,0.4057142857142857,0.3826369182081198,0.37372168308488474,0.08,0.009216589861751152,0.005714285714285714,0.38,16.837142857142858,0.0,0.0,0.03818777936516296,0.08436634914903716,4.0368663594470044,0.0,0.0,0.15,0.07834101382488479,0,0.09380868208976385,0.2561773440843703,0.12856045620181944,0.511187973312071,0.0,0.0,0.0,0.4,0.0,0.4,0.0,0.08,0.009216589861751152,0.5,0.25
389,0.9779873162716394,0.47102755980325284,0.8691484892055967,0.4711092563266459,0.2342918089705646,0.4699024546072049,0.6405529953917051,0.4100714905388531,0.3981091636002487,0.11059907834101383,0.39714285714285713,0.38269406106526266,0.37376454022774186,0.08,0.004608294930875576,0.002857142857142857,0.38,16.865714285714287,0.0,0.0,0.03818777936516296,0.08436634914903716,4.0368663594470044,0.0,0.0,0.15,0.07834101382488479,0,0.09376821010788645,0.25489645736394845,0.1288463899349259,0.5009642138458296,0.0,0.0,0.0,0.4,0.0,0.4,0.0,0.08,0.004608294930875576,0.5,0.25
390,0.9779013914551515,0.4714166751126444,0.8690952158193743,0.47175007472852065,0.2342918089705646,0.4697207226874854,0.6497695852534562,0.4100714905388531,0.3981091636002487,0.11059907834101383,0.40285714285714286,0.38269406106526266,0.37376454022774186,0.08,0.0,0.0,0.38,16.81142857142857,0.0,0.0,0.03818777936516296,0.08436634914903716,4.0368663594470044,0.0,0.0,0.15,0.07834101382488479,0,0.09329936905734704,0.2536219750771287,0.12626946213622736,0.49094492956891295,0.0,0.0,0.0,0.4,0.0,0.4,0.0,0.08,0.0,0.5,0.25
391,0.9779038541509005,0.4715512668549182,0.8690967426907388,0.47215261479354514,0.2342918089705646,0.4694692755203999,0.663594470046083,0.4100714905388531,0.3981091636002487,0.11059907834101383,0.4114285714285714,0.38269406106526266,0.37376454022774186,0.08,0.0,0.0,0.38,16.797142857142855,0.0,0.0,0.03818777936516296,0.08436634914903716,4.0368663594470044,0.0,0.0,0.15,0.07834101382488479,0,0.09283287221206028,0.2523538652017431,0.12374407289350281,0.48112603097753465,0.0,0.0,0.0,0.4,0.0,0.4,0.0,0.08,0.0,0.5,0.25
392,0.9801214557190913,0.470446386467964,0.870471655663017,0.47151946879170875,0.2342918089705646,0.4692258423746896,0.663594470046083,0.4102558223360881,0.39824741244817496,0.11059907834101383,0.4114285714285714,0.3828083467795484,0.37385025451345616,0.08,0.009216589861751152,0.005714285714285714,0.38,16.777142857142856,0.0,0.0,0.03818777936516296,0.08436634914903716,4.0368663594470044,0.0,0.0,0.15,0.07834101382488479,0,0.09322585070814285,0.2579655739559884,0.12698347714991845,0.4845250509538005,0.0,0.0,0.0,0.4,0.0,0.4,0.0,0.08,0.009216589861751152,0.5,0.25
393,0.9792305076381876,0.47074091217591285,0.8699192678528567,0.4716544454443174,0.2342918089705646,0.4687888978768868,0.663594470046083,0.4104401541333231,0.39838566129610126,0.11059907834101383,0.4114285714285714,0.3829226324938341,0.3739359687991704,0.08,0.009216589861751152,0.005714285714285714,0.38,16.768571428571427,0.0,0.0,0.03818777936516296,0.08436634914903716,4.0368663594470044,0.0,0.0,0.15,0.07834101382488479,0,0.09361686431174499,0.26053286843591017,0.13015809332120581,0.48112032058837134,0.0,0.0,0.0,0.4,0.0,0.4,0.0,0.08,0.009216589861751152,0.5,0.25
394,0.9794568910053746,0.47011759572747613,0.8700596255405126,0.47129345148500434,0.2342918089705646,0.4684881285064745,0.6774193548387096,0.4104401541333231,0.39838566129610126,0.11059907834101383,0.42,0.3829226324938341,0.3739359687991704,0.08,0.0,0.0,0.38,16.802857142857142,0.0,0.0,0.03818777936516296,0.08436634914903716,4.0368663594470044,0.0,0.0,0.15,0.07834101382488479,0,0.09314877999018628,0.2592302040937306,0.1275549314547817,0.47149791417660386,0.0,0.0,0.0,0.4,0.0,0.4,0.0,0.08,0.0,0.5,0.25
395,0.9806101585598194,0.469098983756124,0.8707746514242684,0.47089809981638103,0.2342918089705646,0.4682113715585305,0.6728110599078341,0.4104401541333231,0.39838566129610126,0.11059907834101383,0.41714285714285715,0.3829226324938341,0.3739359687991704,0.08,0.0,0.0,0.38,16.762857142857143,0.0,0.0,0.03818777936516296,0.08436634914903716,4.0368663594470044,0.0,0.0,0.15,0.07834101382488479,0,0.09268303609023533,0.25793405307326195,0.12500383282568606,0.4620679558930718,0.0,0.0,0.0,0.4,0.0,0.4,0.0,0.08,0.0,0.5,0.25
396,0.9779566499129045,0.46884150610433356,0.8691294760631811,0.4704725699422631,0.2342918089705646,0.4677945253912234,0.6866359447004609,0.4106244859305581,0.39852391014402755,0.11059907834101383,0.4257142857142857,0.38303691820811986,0.3740216830848847,0.08,0.009216589861751152,0.005714285714285714,0.38,16.7,0.0,0.0,0.03818777936516296,0.08436634914903716,4.0368663594470044,0.0,0.0,0.15,0.07834101382488479,0,0.09307676376692699,0.2633116627594011,0.12821804188345806,0.46522259732408705,0.0,0.0,0.0,0.4,0.0,0.4,0.0,0.08,0.009216589861751152,0.5,0.25
397,0.9771662224501618,0.4688877956795342,0.8686394110362806,0.4700439132887326,0.2342918089705646,0.46733146414625115,0.7373271889400922,0.4107166518291756,0.3985930345679907,0.11059907834101383,0.45714285714285713,0.3830940610652627,0.3740645402277419,0.08,0.004608294930875576,0.002857142857142857,0.38,16.66,0.0,0.0,0.03818777936516296,0.08436634914903716,4.0368663594470044,0.0,0.0,0.15,0.07834101382488479,0,0.09303995137666381,0.26542305422041895,0.12851082390293175,0.4559181453776053,0.0,0.0,0.0,0.4,0.0,0.4,0.0,0.08,0.004608294930875576,0.5,0.25
398,0.976595235261146,0.4678130064418944,0.8682853989790908,0.4695264379730455,0.2342918089705646,0.4669512777149451,0.7419354838709677,0.41080881772779315,0.3986621589919538,0.11059907834101383,0.46,0.38315120392240554,0.374107397370599,0.08,0.004608294930875576,0.002857142857142857,0.38,16.685714285714287,0.0,0.0,0.03818777936516296,0.08436634914903716,4.0368663594470044,0.0,0.0,0.15,0.07834101382488479,0,0.09300332304835192,0.2729026844449593,0.12879775028201595,0.4550144254978399,0.0,0.0,0.0,0.4,0.0,0.4,0.0,0.08,0.004608294930875576,0.5,0.25
399,0.9775229766843222,0.46760435849292376,0.86886059866146,0.4690654165801253,0.2342918089705646,0.4665039110342043,0.7235023041474654,0.41080881772779315,0.3986621589919538,0.11059907834101383,0.44857142857142857,0.38315120392240554,0.374107397370599,0.08,0.0,0.0,0.38,16.694285714285716,0.0,0.0,0.03818777936516296,0.08436634914903716,4.0368663594470044,0.0,0.0,0.15,0.07834101382488479,0,0.09253830643311016,0.2715381710227345,0.12622179527637567,0.44591413698788307,0.0,0.0,0.0,0.4,0.0,0.4,0.0,0.08,0.0,0.5,0.25
400,0.9772470327493497,0.46853729516627207,0.8686895134217772,0.46900869040187637,0.2342918089705646,0.4659466781209023,0.7004608294930875,0.41080881772779315,0.3986621589919538,0.11059907834101383,0.4342857142857143,0.38315120392240554,0.374107397370599,0.08,0.0,0.0,0.38,16.677142857142858,0.004608294930875576,0.0,0.03818777936516296,0.08436634914903716,4.0368663594470044,0.0,0.0,0.15,0.07834101382488479,0,0.09207561490094461,0.2701804801676208,0.12369735937084812,0.43699585424812537,0.0,0.0,0.0,0.4,0.0,0.4,0.0,0.08,0.0,0.5,0.25
401,0.9771998196362475,0.46728751591089845,0.8686602412916539,0.4687231095714652,0.2342918089705646,0.46565658307026564,0.7465437788018433,0.41080881772779315,0.3986621589919538,0.11059907834101383,0.46285714285714286,0.38315120392240554,0.374107397370599,0.08,0.0,0.0,0.38,16.674285714285713,0.0,0.0,0.03818777936516296,0.08436634914903716,4.0368663594470044,0.0,0.0,0.15,0.07834101382488479,0,0.0916152368264399,0.2688295777667827,0.12122341218343116,0.42825593716316285,0.0,0.0,0.0,0.4,0.0,0.4,0.0,0.08,0.0,0.5,0.25
402,0.9764180212217178,0.4678260059234,0.8681755262746453,0.4687494509118099,0.2342918089705646,0.4652465984415833,0.6866359447004609,0.4109009836264106,0.398731283415917,0.11059907834101383,0.4257142857142857,0.3832083467795484,0.3741502545134562,0.08,0.004608294930875576,0.002857142857142857,0.38,16.68,0.0,0.0,0.03818777936516296,0.08436634914903716,4.0368663594470044,0.0,0.0,0.15,0.07834101382488479,0,0.0915857320708791,0.26748542987794877,0.1216560867969054,0.4196908184198996,0.0,0.0,0.0,0.4,0.0,0.4,0.0,0.08,0.004608294930875576,0.5,0.25
403,0.9777495362050349,0.46845281386376236,0.8690010655643021,0.469225837861484,0.2342918089705646,0.4645677537489747,0.783410138248848,0.41099314952502813,0.3988004078398801,0.11059907834101383,0.4857142857142857,0.38326548963669127,0.3741931116563133,0.08,0.004608294930875576,0.002857142857142857,0.38,16.714285714285715,0.0,0.0,0.03818777936516296,0.08436634914903716,4.0368663594470044,0.0,0.0,0.15,0.07834101382488479,0,0.09155637483909615,0.26614800272855904,0.12208010791811014,0.41129700205150155,0.0,0.0,0.0,0.4,0.0,0.4,0.0,0.08,0.004608294930875576,0.5,0.25
404,0.9784391866852599,0.4692706039963774,0.8694286488620414,0.47013840986753497,0.2342918089705646,0.46383225761299557,0.7142857142857143,0.41099314952502813,0.3988004078398801,0.11059907834101383,0.44285714285714284,0.38326548963669127,0.3741931116563133,0.08,0.0,0.0,0.38,16.68857142857143,0.0,0.0,0.03818777936516296,0.08436634914903716,4.0368663594470044,0.0,0.0,0.15,0.07834101382488479,0,0.09109859296490067,0.26481726271491624,0.11963850575974792,0.40307106201047155,0.0,0.0,0.0,0.4,0.0,0.4,0.0,0.08,0.0,0.5,0.25
405,0.978163312396181,0.46929762614346604,0.8692576068028126,0.47035540865364106,0.2342918089705646,0.46323937809021776,0.7511520737327189,0.41099314952502813,0.3988004078398801,0.11059907834101383,0.4657142857142857,0.38326548963669127,0.3741931116563133,0.08,0.0,0.0,0.38,16.68857142857143,0.0,0.0,0.03818777936516296,0.08436634914903716,4.0368663594470044,0.0,0.0,0.15,0.07834101382488479,0,0.09064310000007615,0.2634931764013417,0.11724573564455298,0.39500964077026207,0.0,0.0,0.0,0.4,0.0,0.4,0.0,0.08,0.0,0.5,0.25
406,0.9798300021802988,0.46981437780340846,0.8702909544689656,0.47100503021564805,0.2342918089705646,0.4626260397857091,0.783410138248848,0.41099314952502813,0.3988004078398801,0.11059907834101383,0.4857142857142857,0.38326548963669127,0.3741931116563133,0.08,0.0,0.0,0.38,16.705714285714286,0.0,0.0,0.03818777936516296,0.08436634914903716,4.0368663594470044,0.0,0.0,0.15,0.07834101382488479,0,0.09018988450007577,0.26217571051933497,0.11490082093166192,0.38710944795485686,0.0,0.0,0.0,0.4,0.0,0.4,0.0,0.08,0.0,0.5,0.25
407,0.9786964361276865,0.46844286639842947,0.8695881435163458,0.4700472654119953,0.2342918089705646,0.4620108041876596,0.783410138248848,0.4110853154236457,0.3988695322638433,0.11059907834101383,0.4857142857142857,0.3833226324938341,0.3742359687991705,0.08,0.004608294930875576,0.002857142857142857,0.38,16.742857142857144,0.0,0.0,0.03818777936516296,0.08436634914903716,4.0368663594470044,0.0,0.0,0.15,0.07834101382488479,0,0.09016750650614683,0.2608648319667383,0.11545994737017151,0.3812840770507775,0.0,0.0,0.0,0.4,0.0,0.4,0.0,0.08,0.004608294930875576,0.5,0.25
408,0.976862738047835,0.46829187844239095,0.868451250706838,0.47006795264576273,0.2342918089705646,0.4612482761216452,0.7188940092165899,0.4110853154236457,0.3988695322638433,0.11059907834101383,0.44571428571428573,0.3833226324938341,0.3742359687991705,0.08,0.0,0.0,0.38,16.748571428571427,0.0,0.0,0.03818777936516296,0.08436634914903716,4.0368663594470044,0.0,0.0,0.15,0.07834101382488479,0,0.08971666897361609,0.25956050780690465,0.11315074842276811,0.37365839550976193,0.0,0.0,0.0,0.4,0.0,0.4,0.0,0.08,0.0,0.5,0.25
409,0.9760988850106802,0.468367090813023,0.867977661823802,0.4696615130056804,0.2342918089705646,0.46052484428055335,0.7142857142857143,0.4110853154236457,0.3988695322638433,0.11059907834101383,0.44285714285714284,0.3833226324938341,0.3742359687991705,0.08,0.0,0.0,0.38,16.705714285714286,0.0,0.0,0.03818777936516296,0.08436634914903716,4.0368663594470044,0.0,0.0,0.15,0.07834101382488479,0,0.08926808562874801,0.25826270526787015,0.11088773345431274,0.36618522759956673,0.0,0.0,0.0,0.4,0.0,0.4,0.0,0.08,0.0,0.5,0.25
410,0.9765330776148841,0.46867993016810283,0.8682468612384086,0.4704499470889127,0.2342918089705646,0.4598641010540772,0.7235023041474654,0.4110853154236457,0.3988695322638433,0.11059907834101383,0.44857142857142857,0.3833226324938341,0.3742359687991705,0.08,0.0,0.0,0.38,16.791428571428572,0.0,0.0,0.03818777936516296,0.08436634914903716,4.0368663594470044,0.0,0.0,0.15,0.07834101382488479,0,0.08882174520060428,0.2569713917415308,0.10866997878522647,0.3588615230475754,0.0,0.0,0.0,0.4,0.0,0.4,0.0,0.08,0.0,0.5,0.25
411,0.9762988439738137,0.46749087655341603,0.8681016363809448,0.46886167614745633,0.2342918089705646,0.459337212648139,0.6774193548387096,0.4110853154236457,0.3988695322638433,0.11059907834101383,0.42,0.3833226324938341,0.3742359687991705,0.08,0.0,0.0,0.38,16.802857142857142,0.0,0.0,0.03818777936516296,0.08436634914903716,4.0368663594470044,0.0,0.0,0.15,0.07834101382488479,0,0.08837763647460126,0.25568653478282316,0.10649657920952194,0.35168429258662387,0.0,0.0,0.0,0.4,0.0,0.4,0.0,0.08,0.0,0.5,0.25
412,0.9767587550398614,0.46701628651707433,0.8683867812418943,0.4691216213895112,0.2342918089705646,0.45881453807371697,0.695852534562212,0.41117748132226317,0.39893865668780637,0.11059907834101383,0.43142857142857144,0.383379775350977,0.3742788259420276,0.08,0.004608294930875576,0.002857142857142857,0.38,16.84285714285714,0.004608294930875576,0.0,0.03818777936516296,0.08436634914903716,4.0368663594470044,0.0,0.0,0.15,0.07834101382488479,0,0.08836431972079967,0.254408102108909,0.10722379048247437,0.3446506067348914,0.0,0.0,0.0,0.4,0.0,0.4,0.0,0.08,0.004608294930875576,0.5,0.25
413,0.977395658878901,0.4664133027954219,0.868781661622099,0.46916996178181186,0.2342918089705646,0.45813014189119816,0.6221198156682027,0.41173047671396823,0.3993534032315852,0.1152073732718894,0.38571428571428573,0.38372263249383415,0.37453596879917045,0.08285714285714285,0.018433179723502304,0.011428571428571429,0.38,16.86857142857143,0.004608294930875576,0.0,0.03818777936516296,0.08436634914903716,4.0368663594470044,0.0,0.0,0.15,0.07834101382488479,0,0.0896367838364814,0.2531360615983645,0.1165078861013963,0.34006178134387066,0.0,0.75,0.0,0.4,0.0,0.4,0.0,0.08,0.018433179723502304,0.5,0.25
414,0.9779913796277028,0.4662926761576306,0.8691510084863561,0.46893598872739467,0.2342918089705646,0.4574103432951207,0.6912442396313364,0.4118226426125858,0.3994225276555483,0.1152073732718894,0.42857142857142855,0.383779775350977,0.3745788259420276,0.08285714285714285,0.004608294930875576,0.002857142857142857,0.38,16.854285714285716,0.009216589861751152,0.0,0.03818777936516296,0.08436634914903716,4.0368663594470044,0.0,0.0,0.15,0.07834101382488479,0,0.08961717134587041,0.25487459382122785,0.11703487123651123,0.33570041491787855,0.0,0.0,0.0,0.4,0.0,0.4,0.0,0.08,0.004608294930875576,0.5,0.25
415,0.9769482330922131,0.46645000698039146,0.8685042576343525,0.46880174154722565,0.2342918089705646,0.45671523601206454,0.695852534562212,0.4123756380042909,0.39983727419932713,0.1152073732718894,0.43142857142857144,0.3841226324938341,0.3748359687991704,0.08285714285714285,0.018433179723502304,0.011428571428571429,0.38,16.81714285714286,0.004608294930875576,0.0,0.03818777936516296,0.08436634914903716,4.0368663594470044,0.0,0.0,0.15,0.07834101382488479,0,0.09088337120342677,0.2560857274906512,0.12612274524035244,0.32898640661952094,0.0,0.75,0.0,0.4,0.0,0.4,0.0,0.08,0.018433179723502304,0.5,0.25
416,0.9779361495863709,0.46603050380307626,0.8691167658607304,0.46860822691702547,0.2342918089705646,0.4560910354382551,0.7050691244239631,0.4127722715865136,0.40025202074310595,0.1152073732718894,0.43714285714285717,0.38436854531481224,0.3750931116563133,0.08285714285714285,0.018433179723502304,0.011428571428571429,0.38,16.762857142857143,0.009216589861751152,0.0,0.03818777936516296,0.08436634914903716,4.0368663594470044,0.0,0.0,0.15,0.07834101382488479,0,0.0918538575128604,0.254805298853198,0.1350288617641168,0.32240667848713056,0.0,0.75,0.0,0.4,0.0,0.4,0.0,0.08,0.018433179723502304,0.5,0.25
417,0.9760754875744824,0.4650218568899087,0.8679631554133594,0.4673123160145859,0.2342918089705646,0.4555139890902328,0.6912442396313364,0.4127722715865136,0.40025202074310595,0.1152073732718894,0.42857142857142855,0.38436854531481224,0.3750931116563133,0.08285714285714285,0.0,0.0,0.38,16.805714285714284,0.0,0.0,0.03818777936516296,0.08436634914903716,4.0368663594470044,0.0,0.0,0.15,0.07834101382488479,0,0.0913945882252961,0.253531272358932,0.13232828452883444,0.31595854491738795,0.0,0.0,0.0,0.4,0.0,0.4,0.0,0.08,0.0,0.5,0.25
418,0.9753879814554801,0.4645332803078446,0.8675369016195781,0.46710110351078143,0.2342918089705646,0.454920947474983,0.6175115207373272,0.4128644374851311,0.4005976428629216,0.1152073732718894,0.38285714285714284,0.3844256881719551,0.37530739737059904,0.08285714285714285,0.018433179723502304,0.011428571428571429,0.38,16.854285714285716,0.004608294930875576,0.0,0.03818777936516296,0.08436634914903716,4.0368663594470044,0.0,0.0,0.15,0.07834101382488479,0,0.09142318671274104,0.25226361599713737,0.1411102902668292,0.3096393740190402,0.0,0.75,0.0,0.4,0.0,0.4,0.0,0.08,0.018433179723502304,0.5,0.25
419,0.9753223639145429,0.46383166121281455,0.8674962187441969,0.4664268502457783,0.2342918089705646,0.4544840113899225,0.6129032258064516,0.4128644374851311,0.40094326498273725,0.1152073732718894,0.38,0.3844256881719551,0.37552168308488476,0.08285714285714285,0.013824884792626729,0.008571428571428572,0.38,16.86285714285714,0.0,0.0,0.03818777936516296,0.08436634914903716,4.0368663594470044,0.0,0.0,0.15,0.07834101382488479,0,0.09099464220774878,0.2510022979171517,0.14685951303292122,0.30344658653865936,0.0,1.0,0.0,0.4,0.0,0.4,0.0,0.08,0.013824884792626729,0.5,0.25
420,0.9739776577541305,0.46245890505252296,0.8666625009247413,0.46587413309902054,0.2342918089705646,0.45408857859439905,0.6820276497695853,0.4129566033837487,0.4010123894067004,0.1152073732718894,0.4228571428571429,0.3844828310290979,0.3755645402277418,0.08285714285714285,0.004608294930875576,0.002857142857142857,0.38,16.877142857142857,0.004608294930875576,0.0,0.03818777936516296,0.08436634914903716,4.0368663594470044,0.0,0.0,0.15,0.07834101382488479,0,0.09096824042528145,0.26055920236548197,0.1467794656294056,0.2973776548078862,0.0,0.0,0.0,0.4,0.0,0.4,0.0,0.08,0.004608294930875576,0.5,0.25
421,0.9747176558853643,0.4618617157723818,0.8671212997661062,0.46592165009974007,0.2342918089705646,0.45363870114466714,0.7096774193548387,0.4129566033837487,0.4012197626785898,0.1152073732718894,0.44,0.3844828310290979,0.3756931116563133,0.08285714285714285,0.009216589861751152,0.005714285714285714,0.38,16.857142857142858,0.004608294930875576,0.0,0.03818777936516296,0.08436634914903716,4.0368663594470044,0.0,0.0,0.15,0.07834101382488479,0,0.09057039922315505,0.25925640635365454,0.1495581620311032,0.29143010171172845,0.0,1.0,0.0,0.4,0.0,0.4,0.0,0.08,0.009216589861751152,0.5,0.25
422,0.9755582458290321,0.46115397864953445,0.8676424655311803,0.4658617444771603,0.2342918089705646,0.453185016650958,0.695852534562212,0.41304876928236606,0.4014962603744423,0.1152073732718894,0.43142857142857144,0.3845399738862408,0.3758645402277419,0.08285714285714285,0.013824884792626729,0.008571428571428572,0.38,16.865714285714287,0.009216589861751152,0.0,0.03818777936516296,0.08436634914903716,4.0368663594470044,0.0,0.0,0.15,0.07834101382488479,0,0.09057469008418212,0.2579601243218863,0.15513842736190972,0.30061100700708576,0.0,0.6666666666666666,0.0,0.4,0.0,0.4,0.0,0.08,0.013824884792626729,0.5,0.25
423,0.9756762897712012,0.46070831066356105,0.8677156527753251,0.46504090164104794,0.2342918089705646,0.45286739341803683,0.7327188940092166,0.41304876928236606,0.40157173937176927,0.1152073732718894,0.4542857142857143,0.3845399738862408,0.3759113372060846,0.08285714285714285,0.013824884792626729,0.008571428571428572,0.38,16.88,0.013824884792626729,0.0,0.03818777936516296,0.08436634914903716,4.0368663594470044,0.0,0.0,0.15,0.07834101382488479,0,0.09015038806233266,0.2566703237002768,0.1606070873861001,0.294598786866944,0.0,1.0,0.0,0.4,0.0,0.4,0.0,0.08,0.013824884792626729,0.5,0.25
424,0.9770286108902334,0.4605956106522954,0.8685757903330211,0.4650378077343509,0.2342918089705646,0.4525736019702648,0.6481481481481481,0.41184776719365185,0.4026794874037534,0.11574074074074074,0.4,0.3845399738862408,0.3759113372060846,0.08285714285714285,0.013888888888888888,0.008571428571428572,0.38285714285714284,16.88,0.009259259259259259,0.002857142857142857,0.03823942365669609,0.08436634914903715,3.9814814814814814,0.0,0.0,0.15,0.0787037037037037,0,0.08972820755059242,0.25538697208177547,0.16596637420980667,0.28870681112960517,0.0,1.0,0.0,0.4,0.0,0.4,0.0,0.08,0.013824884792626729,0.5,0.25
425,0.9791198495528581,0.4606134382339338,0.8698663833362408,0.46501879191937456,0.2342918089705646,0.452520334054101,0.7083333333333334,0.41184776719365185,0.4026794874037534,0.11574074074074074,0.43714285714285717,0.3845399738862408,0.3759113372060846,0.08285714285714285,0.013888888888888888,0.008571428571428572,0.38285714285714284,16.931428571428572,0.013888888888888888,0.0,0.03825550229618863,0.08436634914903715,3.9814814814814814,0.0,0.0,0.15,0.0787037037037037,0,0.08930813794141088,0.25411003722136655,0.1712184752970391,0.282932674907013,0.0,1.0,0.0,0.4,0.0,0.4,0.0,0.08,0.013888888888888888,0.5,0.25
426,0.9795500393695278,0.4613771995777086,0.8701318719088141,0.46600214768143505,0.2342918089705646,0.4525787213693531,0.6574074074074074,0.41184776719365185,0.4026794874037534,0.11574074074074074,0.4057142857142857,0.3845399738862408,0.3759113372060846,0.08285714285714285,0.013888888888888888,0.008571428571428572,0.38285714285714284,16.914285714285715,0.009259259259259259,0.0,0.03825550229618863,0.08436634914903715,3.9814814814814814,0.0,0.0,0.15,0.0787037037037037,0,0.08889016868027524,0.25283948703525977,0.17636553436252692,0.27727402140887275,0.0,1.0,0.0,0.4,0.0,0.4,0.0,0.08,0.013888888888888888,0.5,0.25
427,0.9793678829005144,0.46298415112031965,0.8700194553450802,0.46639595712332593,0.2342918089705646,0.4526788895610175,0.6759259259259259,0.41184776719365185,0.4026794874037534,0.11574074074074074,0.41714285714285715,0.3845399738862408,0.3759113372060846,0.08285714285714285,0.013888888888888888,0.008571428571428572,0.38285714285714284,16.925714285714285,0.013888888888888888,0.0,0.03825550229618863,0.08436634914903715,3.9814814814814814,0.0,0.0,0.15,0.0787037037037037,0,0.0884742892654453,0.25157528960008346,0.1814096522467049,0.2717285409806953,0.0,1.0,0.0,0.4,0.0,0.4,0.0,0.08,0.013888888888888888,0.5,0.25
428,0.9794359535614614,0.4628269396780252,0.8697921890810666,0.4664146680858202,0.2342918089705646,0.4528150678537203,0.7069767441860465,0.41255005791072996,0.4036049703783983,0.11627906976744186,0.4342857142857143,0.3845971167433837,0.3759541943489418,0.08285714285714285,0.013953488372093023,0.011428571428571429,0.38571428571428573,16.934285714285714,0.004651162790697674,0.002857142857142857,0.038275995173076664,0.08436634914903719,3.953488372093023,0.0,0.0,0.15,0.07906976744186046,0,0.08848906067626093,0.250317413152083,0.18921003063034225,0.27501365400210204,0.0,0.75,0.0,0.4,0.0,0.4,0.0,0.08,0.018518518518518517,0.5,0.25
429,0.9788674926739296,0.4629973861470816,0.8694429916787259,0.46666908113995986,0.2342918089705646,0.45298080379328953,0.6930232558139535,0.4126430811665439,0.40367473782025876,0.11627906976744186,0.4257142857142857,0.3846542596005265,0.3759970514917989,0.08285714285714285,0.009302325581395349,0.008571428571428572,0.38571428571428573,16.974285714285713,0.009302325581395349,0.0,0.038298816896770324,0.08436634914903719,3.953488372093023,0.0,0.0,0.15,0.07906976744186046,0,0.08850375823002249,0.2490658260863226,0.19399725858916392,0.2766779109078701,0.0,0.6666666666666666,0.0,0.4,0.0,0.4,0.0,0.08,0.009302325581395349,0.5,0.25
430,0.9793897455699528,0.4629834609307503,0.8697638041719972,0.4665423885942614,0.2342918089705646,0.453293431431811,0.6325581395348837,0.4126430811665439,0.40367473782025876,0.11627906976744186,0.38857142857142857,0.3846542596005265,0.3759970514917989,0.08285714285714285,0.009302325581395349,0.005714285714285714,0.38571428571428573,16.985714285714284,0.004651162790697674,0.0,0.038298816896770324,0.08436634914903719,3.953488372093023,0.0,0.0,0.15,0.07906976744186046,0,0.0880898108674438,0.24782049695589098,0.1958315991316664,0.2711443526897127,0.0,1.0,0.0,0.4,0.0,0.4,0.0,0.08,0.009302325581395349,0.5,0.25
431,0.9799194614540072,0.46263360052783814,0.8700892010722021,0.4666456263753192,0.2342918089705646,0.45370460451497346,0.6093023255813953,0.41273610442235786,0.40374450526211925,0.11627906976744186,0.3742857142857143,0.3847114024576694,0.376039908634656,0.08285714285714285,0.013953488372093023,0.008571428571428572,0.38571428571428573,16.99142857142857,0.013953488372093023,0.0,0.038298816896770324,0.08436634914903719,3.953488372093023,0.0,0.0,0.15,0.07906976744186046,0,0.08810650467024943,0.24658139447111155,0.20048639572046165,0.2856134054238663,0.0,0.6666666666666666,0.0,0.4,0.0,0.4,0.0,0.08,0.013953488372093023,0.5,0.25
432,0.9806400299694039,0.462331920436254,0.8705318360173744,0.466118059234754,0.2342918089705646,0.45410746170567184,0.641860465116279,0.4129221509339858,0.4038840401458402,0.11627906976744186,0.3942857142857143,0.38482568817195506,0.3761256229203704,0.08285714285714285,0.018604651162790697,0.011428571428571429,0.38571428571428573,16.99142857142857,0.018604651162790697,0.0,0.038298816896770324,0.08436634914903719,3.953488372093023,0.0,0.0,0.15,0.07906976744186046,0,0.08855168643261248,0.26747177124887284,0.20790523923462378,0.29498095524000917,0.0,0.5,0.0,0.4,0.0,0.4,0.0,0.08,0.018604651162790697,0.5,0.25
433,0.979165685378232,0.46191201570075274,0.869626167197083,0.46571509869811895,0.2342918089705646,0.45440773406932145,0.7162790697674418,0.4129221509339858,0.4038840401458402,0.11627906976744186,0.44,0.38482568817195506,0.3761256229203704,0.08285714285714285,0.009302325581395349,0.005714285714285714,0.38571428571428573,17.02857142857143,0.018604651162790697,0.0,0.038298816896770324,0.08436634914903719,3.953488372093023,0.0,0.0,0.15,0.07906976744186046,0,0.08813749942902084,0.26613441239262847,0.20946142016421707,0.289081336135209,0.0,1.0,0.0,0.4,0.0,0.4,0.0,0.08,0.009302325581395349,0.5,0.25
434,0.9786410311816764,0.4616482624150896,0.8693038796191987,0.4651156144098776,0.2342918089705646,0.4545306729693462,0.6744186046511628,0.4130151741897997,0.40395380758770066,0.11627906976744186,0.4142857142857143,0.384882831029098,0.37616848006322745,0.08285714285714285,0.004651162790697674,0.002857142857142857,0.38571428571428573,17.034285714285716,0.013953488372093023,0.0,0.038298816896770324,0.08436634914903719,3.953488372093023,0.0,0.0,0.15,0.07906976744186046,0,0.08812538336044716,0.2743262271868869,0.20812933461807562,0.30494190503702284,0.0,0.0,0.0,0.4,0.0,0.4,0.0,0.08,0.004651162790697674,0.5,0.25
435,0.9770732426339526,0.46172707556266185,0.8683408095113114,0.46532886873849716,0.2342918089705646,0.4545997750684024,0.6790697674418604,0.4130151741897997,0.40395380758770066,0.11627906976744186,0.41714285714285715,0.384882831029098,0.37616848006322745,0.08285714285714285,0.009302325581395349,0.005714285714285714,0.38571428571428573,17.042857142857144,0.009302325581395349,0.0,0.038298816896770324,0.08436634914903719,3.953488372093023,0.0,0.0,0.15,0.07906976744186046,0,0.08774175644364494,0.2729545960509524,0.20968103363999976,0.2988430669362824,0.0,1.0,0.0,0.4,0.0,0.4,0.0,0.08,0.009302325581395349,0.5,0.25
436,0.9769204465661584,0.46316233633525244,0.8682469490696664,0.4662093481833285,0.2342918089705646,0.45470537183577586,0.5906976744186047,0.4130151741897997,0.40395380758770066,0.11627906976744186,0.3628571428571429,0.384882831029098,0.37616848006322745,0.08285714285714285,0.009302325581395349,0.005714285714285714,0.38571428571428573,16.985714285714284,0.009302325581395349,0.0,0.038298816896770324,0.08436634914903719,3.953488372093023,0.0,0.0,0.15,0.07906976744186046,0,0.08733161908999813,0.2715898230706977,0.2112016986814855,0.2928662055975568,0.0,1.0,0.0,0.4,0.0,0.4,0.0,0.08,0.009302325581395349,0.5,0.25
437,0.9776594231923647,0.46285636911114625,0.8687647220737863,0.4660127666889964,0.2342918089705646,0.45488319988347614,0.6962616822429907,0.41239022560909255,0.4036540970898935,0.11682242990654206,0.4257142857142857,0.38493997388624085,0.3762113372060846,0.08285714285714285,0.009345794392523364,0.008571428571428572,0.38857142857142857,16.98857142857143,0.004672897196261682,0.002857142857142857,0.038402172252162005,0.08436634914903718,3.7757009345794392,0.0,0.0,0.15,0.0794392523364486,0,0.08735210385169101,0.2702318739553442,0.21554909327928437,0.31186821205007387,0.0,0.6666666666666666,0.0,0.4,0.0,0.4,0.0,0.08,0.013953488372093023,0.5,0.25
438,0.9760955934037012,0.46211567030689316,0.8678085518601464,0.4654052445262184,0.2342918089705646,0.45489766728385844,0.6869158878504673,0.41257714149694297,0.4037942840057814,0.11682242990654206,0.42,0.38505425960052647,0.37629705149179893,0.08285714285714285,0.009345794392523364,0.005714285714285714,0.38857142857142857,17.0,0.004672897196261682,0.0,0.038500152888280945,0.08436634914903718,3.7757009345794392,0.0,0.0,0.15,0.0794392523364486,0,0.08777248618957541,0.26888071458556745,0.2169523971279844,0.36669017827902584,0.0,0.0,0.0,0.4,0.0,0.4,0.0,0.08,0.009345794392523364,0.5,0.25
439,0.9753909213321607,0.4615120819118072,0.8673776952221188,0.4649693526948135,0.2342918089705646,0.45499394347771543,0.7289719626168224,0.41257714149694297,0.4037942840057814,0.11682242990654206,0.44571428571428573,0.38505425960052647,0.37629705149179893,0.08285714285714285,0.004672897196261682,0.002857142857142857,0.38857142857142857,17.088571428571427,0.004672897196261682,0.0,0.038500152888280945,0.08436634914903718,3.7757009345794392,0.0,0.0,0.15,0.0794392523364486,0,0.08739062375862754,0.26753631101263964,0.21547049204256755,0.35935637471344534,0.0,1.0,0.0,0.4,0.0,0.4,0.0,0.08,0.004672897196261682,0.5,0.25
440,0.9726969951891935,0.4606785333843999,0.8657305518089902,0.4647275052787509,0.2342918089705646,0.45492496910321883,0.6682242990654206,0.41257714149694297,0.4037942840057814,0.11682242990654206,0.4085714285714286,0.38505425960052647,0.37629705149179893,0.08285714285714285,0.0,0.0,0.38857142857142857,17.054285714285715,0.004672897196261682,0.0,0.038500152888280945,0.08436634914903718,3.7757009345794392,0.0,0.0,0.15,0.0794392523364486,0,0.08695367063983438,0.26619862945757644,0.21116108220171623,0.3521692472191764,0.0,0.0,0.0,0.4,0.0,0.4,0.0,0.08,0.0,0.5,0.25
441,0.9737029239735294,0.4594877117174908,0.8663456054085557,0.4645137166389138,0.2342918089705646,0.4548478657540933,0.6121495327102804,0.41267059944086826,0.4038643774637253,0.11682242990654206,0.3742857142857143,0.3851114024576693,0.37633990863465605,0.08285714285714285,0.009345794392523364,0.005714285714285714,0.38857142857142857,17.04,0.004672897196261682,0.0,0.038500152888280945,0.08436634914903718,3.7757009345794392,0.0,0.0,0.15,0.0794392523364486,0,0.08700447371520666,0.2648676363102886,0.2126521462719676,0.36671108732876606,0.0,0.5,0.0,0.4,0.0,0.4,0.0,0.08,0.009345794392523364,0.5,0.25
442,0.9734432488808998,0.4590038123070877,0.8661868326376335,0.46383419178550167,0.2342918089705646,0.4546686656093608,0.6495327102803738,0.41267059944086826,0.4038643774637253,0.11682242990654206,0.39714285714285713,0.3851114024576693,0.37633990863465605,0.08285714285714285,0.004672897196261682,0.002857142857142857,0.38857142857142857,17.057142857142857,0.004672897196261682,0.0,0.038500152888280945,0.08436634914903718,3.7757009345794392,0.0,0.0,0.15,0.0794392523364486,0,0.08659802277520202,0.2635432981287371,0.21125624620367106,0.3593768655821908,0.0,1.0,0.0,0.4,0.0,0.4,0.0,0.08,0.004672897196261682,0.5,0.25
443,0.9742187900641852,0.45909844688708557,0.866661020675414,0.46399694228069166,0.2342918089705646,0.45434132471690514,0.616822429906542,0.41285751532871867,0.4040045643796132,0.11682242990654206,0.37714285714285717,0.385225688171955,0.37642562292037035,0.08285714285714285,0.014018691588785047,0.008571428571428572,0.38857142857142857,17.12,0.004672897196261682,0.0,0.038500152888280945,0.08436634914903718,3.7757009345794392,0.0,0.0,0.15,0.0794392523364486,0,0.0870507469470403,0.26222558163809345,0.21560254985102623,0.36649880025876497,0.0,0.3333333333333333,0.0,0.4,0.0,0.4,0.0,0.08,0.014018691588785047,0.5,0.25
444,0.9742262772119189,0.45811867364903297,0.8666655985314566,0.4641010986240364,0.2342918089705646,0.4541967612437149,0.6355140186915887,0.4130444312165692,0.40414475129550104,0.11682242990654206,0.38857142857142857,0.3853399738862408,0.3765113372060846,0.08285714285714285,0.014018691588785047,0.008571428571428572,0.38857142857142857,17.088571428571427,0.004672897196261682,0.0,0.038500152888280945,0.08436634914903718,3.7757009345794392,0.0,0.0,0.15,0.0794392523364486,0,0.08750120749801939,0.26313150835211646,0.21986192742543428,0.37997420513693586,0.0,0.3333333333333333,0.0,0.4,0.0,0.4,0.0,0.08,0.014018691588785047,0.5,0.25
445,0.9755403689877028,0.4595856638678379,0.8674690717886503,0.4646907830695917,0.2342918089705646,0.4540852186015037,0.6635514018691588,0.4131378891604944,0.40421484475344494,0.11682242990654206,0.4057142857142857,0.3853971167433836,0.3765541943489417,0.08285714285714285,0.009345794392523364,0.005714285714285714,0.38857142857142857,17.114285714285714,0.004672897196261682,0.0,0.038500152888280945,0.08436634914903718,3.7757009345794392,0.0,0.0,0.15,0.0794392523364486,0,0.08752084431767215,0.2671109132638147,0.22117897459121136,0.38008142275910217,0.0,0.5,0.0,0.4,0.0,0.4,0.0,0.08,0.009345794392523364,0.5,0.25
446,0.9745097795527018,0.46050723251380105,0.8668389399626781,0.4645272320648162,0.2342918089705646,0.45391256860920953,0.6495327102803738,0.41332480504834485,0.4043550316693328,0.12149532710280374,0.39714285714285713,0.3855114024576694,0.3766399086346561,0.08571428571428572,0.014018691588785047,0.008571428571428572,0.38857142857142857,17.105714285714285,0.009345794392523364,0.0,0.038500152888280945,0.08436634914903718,3.7757009345794392,0.0,0.0,0.15,0.0794392523364486,0,0.08796895438179807,0.27768460883224355,0.2253268236708157,0.3943870276711138,0.0,0.3333333333333333,0.0,0.4,0.0,0.4,0.0,0.08,0.014018691588785047,0.5,0.25
447,0.9755930733424122,0.4597661332173594,0.8675012967369582,0.46422704545702653,0.2342918089705646,0.45380061469495103,0.6635514018691588,0.41332480504834485,0.4043550316693328,0.12149532710280374,0.4057142857142857,0.3855114024576694,0.3766399086346561,0.08571428571428572,0.004672897196261682,0.002857142857142857,0.38857142857142857,17.065714285714286,0.004672897196261682,0.0,0.038500152888280945,0.08436634914903718,3.7757009345794392,0.0,0.0,0.15,0.0794392523364486,0,0.0875576810384605,0.2762961857880823,0.2236774300545422,0.3864992871176915,0.0,1.0,0.0,0.4,0.0,0.4,0.0,0.08,0.004672897196261682,0.5,0.25
448,0.9768124689195923,0.45948068559670324,0.8683118278376982,0.4639130508155324,0.2342918089705646,0.45365570271481026,0.6619718309859155,0.41256602428585487,0.40576720995280746,0.12206572769953052,0.40285714285714286,0.3855685453148122,0.3766827657775132,0.08571428571428572,0.004694835680751174,0.002857142857142857,0.3914285714285714,17.091428571428573,0.004694835680751174,0.002857142857142857,0.03850966325071196,0.08436634914903716,3.7652582159624415,0.0,0.0,0.15,0.07981220657276995,0,0.08754846406183966,0.28552543077564774,0.22206102431059419,0.3801049402219685,0.0,0.0,0.0,0.4,0.0,0.4,0.0,0.08,0.004672897196261682,0.5,0.25
449,0.9762119771872794,0.45964969276567175,0.8679463857263192,0.4641279452241184,0.2342918089705646,0.4536332705230774,0.676056338028169,0.41256602428585487,0.40576720995280746,0.12206572769953052,0.4114285714285714,0.3855685453148122,0.3766827657775132,0.08571428571428572,0.004694835680751174,0.002857142857142857,0.3914285714285714,17.1,0.004694835680751174,0.0,0.03850966325071196,0.08436634914903716,3.7652582159624415,0.0,0.0,0.15,0.07981220657276995,0,0.08716772174153045,0.2840978036217695,0.22047694668152518,0.37250284141752915,0.0,1.0,0.0,0.4,0.0,0.4,0.0,0.08,0.004694835680751174,0.5,0.25
