t,mean_x,mean_y,mean_x_all,mean_y_all,mean_L,y0,mean_epc,mean_r,mean_b,fund_prevalence,mean_epc_all,mean_r_all,mean_b_all,fund_prevalence_all,punish_rate,mean_punished,exit_rate,mean_exit_intent,exit_attempt_rate,exit_success_rate,p_opp_mean,stay_value,mean_degree_active,threat,A,budget,enforcer_frac,n_cadre_fallback,cap_mean,cap_p90,service_mean,service_p90,monopoly_on,enforcer_punish_share_step,alpha_punish_revalue,delta_outside_degrade,mu_membership_reward,current_delta,eta_delta_drift,punish_floor,punish_intensity_step,pi_reward,lam_punish
0,0.34304084305248767,0.5043328207700074,0.34304084305248767,0.5043328207700074,0.246879425001856,0.5,0.0,0.35362681131127494,0.32957528027698574,0.008571428571428572,0.0,0.35362681131127494,0.32957528027698574,0.008571428571428572,0.0,0.0,0.0,0.0,0.0,0.0,0.5,0.0,11.794285714285714,0.0,0.0,0.0,0.0,0,0.0,0.0,0.0,0.0,0.0,0.0,0.0,0.0,0.0,0.0,0.0,0.08,0.0,0.25,0.25
1,0.3514848356895903,0.5049627765708313,0.3514848356895903,0.5049627765708313,0.246879425001856,0.49923127630237607,0.6571428571428571,0.3556839541684178,0.3311181374198429,0.011428571428571429,0.6571428571428571,0.3556839541684178,0.3311181374198429,0.011428571428571429,0.06,0.06285714285714286,0.0,0.022857142857142857,0.0,0.0,0.03586107884599545,0.08436634914903715,11.794285714285714,0.0,0.0,0.15,0.08,28,0.009428571428571429,0.0,0.06285714285714286,0.0,0.0,1.0,0.0,0.0,0.0,0.0,0.0,0.08,0.06,0.25,0.25
2,0.35979632311175513,0.5048635128005722,0.35979632311175513,0.5048635128005722,0.246879425001856,0.4987315246562662,0.8428571428571429,0.3569982398827035,0.33210385170555723,0.014285714285714285,0.8428571428571429,0.3569982398827035,0.33210385170555723,0.014285714285714285,0.04285714285714286,0.045714285714285714,0.0,0.05714285714285714,0.0,0.0,0.03586107884599545,0.08436634914903715,11.794285714285714,0.0,0.0,0.15,0.08,20,0.01623857142857143,0.0,0.10731428571428572,0.0,0.0,0.9375,0.0,0.0,0.0,0.0,0.0,0.08,0.04285714285714286,0.25,0.25
3,0.36735836246698955,0.5044306699376554,0.36735836246698955,0.5044306699376554,0.246879425001856,0.4994828696391095,0.9,0.3575696684541321,0.3323747741371818,0.014285714285714285,0.9,0.3575696684541321,0.3323747741371818,0.014285714285714285,0.03142857142857143,0.03142857142857143,0.0,0.02857142857142857,0.0,0.0,0.03586107884599545,0.08436634914903715,11.794285714285714,0.0,0.0,0.15,0.08,17,0.020871664285714284,0.0,0.13659657142857143,0.0,0.0,0.7272727272727273,0.0,0.0,0.0,0.0,0.0,0.08,0.03142857142857143,0.25,0.25
4,0.3782178636035697,0.5036333213779451,0.3782178636035697,0.5036333213779451,0.246879425001856,0.5002664889843345,0.9314285714285714,0.3583696684541321,0.3329747741371818,0.017142857142857144,0.9314285714285714,0.3583696684541321,0.3329747741371818,0.017142857142857144,0.03142857142857143,0.03142857142857143,0.0,0.04857142857142857,0.0,0.0,0.03586107884599545,0.08436634914903715,11.794285714285714,0.0,0.0,0.15,0.08,16,0.025481591678571423,0.0,0.1652932114285714,0.0,0.0,0.9090909090909091,0.0,0.0,0.0,0.0,0.0,0.08,0.03142857142857143,0.25,0.25
5,0.3878148453768407,0.5040357730305757,0.3878148453768407,0.5040357730305757,0.246879425001856,0.500920164659226,0.9085714285714286,0.3607905711132167,0.33481763128003894,0.02,0.9085714285714286,0.3607905711132167,0.33481763128003894,0.02,0.08,0.08285714285714285,0.0,0.06857142857142857,0.0,0.0,0.03586107884599545,0.08436634914903715,11.794285714285714,0.0,0.0,0.15,0.08,15,0.03778275514874999,0.0,0.24484449005714287,0.0,0.0,0.9655172413793104,0.0,0.0,0.0,0.0,0.0,0.08,0.08,0.25,0.25
6,0.39747528332027354,0.5038694483243196,0.39747528332027354,0.5038694483243196,0.246879425001856,0.5009025477000503,0.9057142857142857,0.3619145286788969,0.3361033455657533,0.02,0.9057142857142857,0.3619145286788969,0.3361033455657533,0.02,0.06,0.06285714285714286,0.0,0.06571428571428571,0.0,0.0,0.03586107884599545,0.08436634914903715,11.794285714285714,0.0,0.0,0.15,0.08,12,0.04702241280157767,0.0,0.3028047431131428,0.0,0.0,0.9545454545454546,0.0,0.0,0.0,0.0,0.0,0.08,0.06,0.25,0.25
7,0.40674569577352065,0.5041221440107162,0.40674569577352065,0.5041221440107162,0.246879425001856,0.5010304764603607,0.9028571428571428,0.3628770303020691,0.3374319169943247,0.02,0.9028571428571428,0.3628770303020691,0.3374319169943247,0.02,0.06571428571428571,0.06857142857142857,0.0,0.07428571428571429,0.0,0.0,0.03586107884599545,0.08436634914903715,11.794285714285714,0.0,0.0,0.15,0.08,10,0.05540918812074162,0.0,0.36532007682230855,0.0,0.0,0.9166666666666666,0.0,0.0,0.0,0.0,0.0,0.08,0.06571428571428571,0.25,0.25
8,0.41865208994588776,0.5043047113597049,0.41865208994588776,0.5043047113597049,0.246879425001856,0.5012584398856937,0.9114285714285715,0.3637913160163548,0.3385033455657533,0.022857142857142857,0.9114285714285715,0.3637913160163548,0.3385033455657533,0.022857142857142857,0.04,0.04,0.0,0.08857142857142856,0.0,0.0,0.03586107884599545,0.08436634914903715,11.794285714285714,0.0,0.0,0.15,0.08,8,0.06034324245694669,0.0,0.3980136752858624,0.0,0.0,1.0,0.0,0.0,0.0,0.0,0.0,0.08,0.04,0.25,0.25
9,0.4289580522825391,0.5041586681259446,0.4289580522825391,0.5041586681259446,0.246879425001856,0.5007606098943089,0.9285714285714286,0.3651056017306405,0.34038027478825267,0.02857142857142857,0.9285714285714286,0.3651056017306405,0.34038027478825267,0.02857142857142857,0.07428571428571429,0.08571428571428572,0.0,0.1457142857142857,0.0,0.0,0.03586107884599545,0.08436634914903715,11.794285714285714,0.0,0.0,0.15,0.08,8,0.06832709767323339,0.0,0.4757676874944309,0.0,0.0,0.9666666666666667,0.0,0.0,0.0,0.0,0.0,0.08,0.07428571428571429,0.25,0.25
10,0.4371940615221955,0.5045160306004801,0.4371940615221955,0.5045160306004801,0.246879425001856,0.5010319278374922,0.92,0.36614253562928645,0.34196578787053394,0.02857142857142857,0.92,0.36614253562928645,0.34196578787053394,0.02857142857142857,0.07428571428571429,0.08,0.0,0.14857142857142858,0.0,0.0,0.03586107884599545,0.08436634914903715,11.794285714285714,0.0,0.0,0.15,0.08,8,0.07581403361343865,0.0,0.5462523337445422,0.0,0.0,1.0,0.0,0.0,0.0,0.0,0.0,0.08,0.07428571428571429,0.25,0.25
11,0.4476253605353797,0.503265917678038,0.4476253605353797,0.503265917678038,0.246879425001856,0.5010834446659016,0.9285714285714286,0.3677502625154946,0.34353525242164085,0.03142857142857143,0.9285714285714286,0.3677502625154946,0.34353525242164085,0.03142857142857143,0.08571428571428572,0.10285714285714286,0.0,0.21714285714285714,0.0,0.0,0.03586107884599545,0.08436634914903715,11.794285714285714,0.0,0.0,0.15,0.08,8,0.08692659647988597,0.0,0.6381844299267942,0.0,0.0,0.9444444444444444,0.0,0.0,0.0,0.0,0.0,0.08,0.08571428571428572,0.25,0.25
12,0.4547080287597625,0.5026305397074965,0.4547080287597625,0.5026305397074965,0.246879425001856,0.5008316523598689,0.9542857142857143,0.36923597680120884,0.3449066809930694,0.03428571428571429,0.9542857142857143,0.36923597680120884,0.3449066809930694,0.03428571428571429,0.08285714285714285,0.09142857142857143,0.0,0.29428571428571426,0.0,0.0,0.03586107884599545,0.08436634914903715,11.794285714285714,0.0,0.0,0.15,0.08,6,0.09432124151288884,0.1427382112882426,0.7168493127568297,0.8187403024118074,0.0,0.9375,0.0,0.0,0.0,0.0,0.0,0.08,0.08285714285714285,0.25,0.25
13,0.4638621390215267,0.5018122610297836,0.4638621390215267,0.5018122610297836,0.246879425001856,0.5004494421550068,0.9057142857142857,0.3705705056066308,0.346278109564498,0.03428571428571429,0.9057142857142857,0.3705705056066308,0.346278109564498,0.03428571428571429,0.08857142857142856,0.09142857142857143,0.0,0.35714285714285715,0.0,0.0,0.03586107884599545,0.08436634914903715,11.794285714285714,0.0,0.0,0.15,0.08,6,0.0978159301666467,0.14202452023180137,0.7939408979302646,0.8023654963635712,0.0,1.0,0.0,0.0,0.0,0.0,0.0,0.08,0.08857142857142856,0.25,0.25
14,0.47569027569661265,0.5009110118224812,0.47569027569661265,0.5009110118224812,0.246879425001856,0.5000745357758781,0.9,0.3722276484637736,0.34794953813592655,0.04285714285714286,0.9,0.3722276484637736,0.34794953813592655,0.04285714285714286,0.08857142857142856,0.1,0.0,0.44857142857142857,0.0,0.0,0.03586107884599545,0.08436634914903715,11.794285714285714,0.0,0.0,0.15,0.08,6,0.10382329186807718,0.14195318697201642,0.8780620799716592,0.8007313507497957,0.0,0.9714285714285714,0.0,0.0,0.0,0.0,0.0,0.08,0.08857142857142856,0.25,0.25
15,0.48505724868246197,0.500430768584484,0.48505724868246197,0.500430768584484,0.246879425001856,0.4997761106689127,0.8942857142857142,0.3727439904412451,0.34902867963972034,0.04,0.8942857142857142,0.3727439904412451,0.34902867963972034,0.04,0.09142857142857143,0.10285714285714286,0.0,0.5342857142857143,0.0,0.0,0.03586107884599545,0.08436634914903715,11.794285714285714,0.0,0.0,0.15,0.08,6,0.10667503326587964,0.14145742260880415,0.9633579812293689,0.7896198275743359,0.0,0.9722222222222222,0.0,0.0,0.0,0.0,0.0,0.08,0.09142857142857143,0.25,0.25
16,0.49578780340006723,0.49986628265041677,0.49578780340006723,0.49986628265041677,0.246879425001856,0.49930131929616445,0.9028571428571428,0.3739840063939383,0.350376220188291,0.04,0.9028571428571428,0.3739840063939383,0.350376220188291,0.04,0.10571428571428572,0.11142857142857143,0.0,0.6114285714285714,0.0,0.0,0.03586107884599545,0.08436634914903715,11.794285714285714,0.0,0.0,0.15,0.08,6,0.11339853086290907,0.1427382112882426,1.055519393033353,0.8187403024118074,0.0,1.0,0.0,0.0,0.0,0.0,0.0,0.08,0.10571428571428572,0.25,0.25
17,0.5061103248073053,0.4999123763603781,0.5061103248073053,0.4999123763603781,0.246879425001856,0.49877452227811914,0.8485714285714285,0.3749359283047056,0.35161244041531425,0.04285714285714286,0.8485714285714285,0.3749359283047056,0.35161244041531425,0.04285714285714286,0.10285714285714286,0.11714285714285715,0.0,0.7342857142857143,0.002857142857142857,0.0,0.03586107884599545,0.08436634914903715,11.794285714285714,0.0,0.0,0.15,0.08,5,0.11854550091280408,0.14266651956986576,1.1515518623155432,0.8170728068875467,0.0,0.9512195121951219,0.0,0.0,0.0,0.0,0.0,0.08,0.10285714285714286,0.25,0.25
18,0.5148285101388983,0.4996539061567802,0.5148285101388983,0.4996539061567802,0.246879425001856,0.49773790604530427,0.84,0.3757359283047056,0.35242672612959997,0.04285714285714286,0.84,0.3757359283047056,0.35242672612959997,0.04285714285714286,0.06857142857142857,0.07714285714285714,0.0,0.8685714285714285,0.002857142857142857,0.0,0.03586107884599545,0.08436634914903715,11.794285714285714,0.0,0.0,0.15,0.08,4,0.12240991626538293,0.14195318697201642,1.2056636822120894,0.8007313507497957,0.0,1.0,0.0,0.0,0.0,0.0,0.0,0.08,0.06857142857142857,0.25,0.25
19,0.5219383621652403,0.49966394639923545,0.5219383621652403,0.49966394639923545,0.246879425001856,0.4967021622474069,0.88,0.37602164259041987,0.35289815470102853,0.04285714285714286,0.88,0.37602164259041987,0.35289815470102853,0.04285714285714286,0.07428571428571429,0.07714285714285714,0.0,1.0085714285714287,0.005714285714285714,0.0,0.03586107884599545,0.08436634914903715,11.794285714285714,0.0,0.0,0.15,0.08,3,0.1254414930511037,0.14281026326651078,1.2586932657107046,0.8204418284569713,0.0,0.8888888888888888,0.0,0.0,0.0,0.0,0.0,0.08,0.07428571428571429,0.25,0.25
20,0.5308211087457652,0.49899914477667484,0.5308211087457652,0.49899914477667484,0.246879425001856,0.4955149088704111,0.8371428571428572,0.3771018869091412,0.3539695832724571,0.04285714285714286,0.8371428571428572,0.3771018869091412,0.3539695832724571,0.04285714285714286,0.06571428571428571,0.06571428571428571,0.0,1.1485714285714286,0.008571428571428572,0.0,0.03586107884599545,0.08436634914903715,11.794285714285714,0.0,0.0,0.15,0.08,3,0.12852771558584816,0.14338343675363394,1.2992336861107763,0.8337477621301497,0.0,0.9565217391304348,0.0,0.0,0.0,0.0,0.0,0.08,0.06571428571428571,0.25,0.25
21,0.5387437352762336,0.4977932294300427,0.538580090965356,0.49811351103713014,0.246879425001856,0.4944860666781387,0.8194842406876791,0.3785291367250073,0.3559211451440963,0.05157593123209169,0.8171428571428572,0.37797013002691116,0.3553246459717354,0.05142857142857143,0.08882521489971347,0.09428571428571429,0.002857142857142857,1.282857142857143,0.011461318051575931,0.002857142857142857,0.03594888652288345,0.08436634914903715,11.673352435530086,0.0,0.0,0.15,0.08022922636103152,3,0.13244127978095732,0.1427382112882426,1.367534726674275,0.8187403024118074,0.0,0.9393939393939394,0.0,0.0,0.0,0.0,0.0,0.08,0.09142857142857143,0.25,0.25
22,0.5481881664350476,0.497388364702389,0.5479975380351447,0.49771362186461243,0.246879425001856,0.49381673153758926,0.7736389684813754,0.3792741223983597,0.3568667038833513,0.054441260744985676,0.7714285714285715,0.37871298716976826,0.35626750311459265,0.054285714285714284,0.0659025787965616,0.07142857142857142,0.002857142857142857,1.4257142857142857,0.017191977077363897,0.0,0.035981818777203974,0.08436634914903715,11.673352435530086,0.0,0.0,0.15,0.08022922636103152,2,0.13543607338205252,0.1428826773150215,1.4116126035693608,0.8221780795234651,0.0,1.0,0.0,0.0,0.0,0.0,0.0,0.08,0.0659025787965616,0.25,0.25
23,0.5568349947074273,0.497502127714245,0.5566196610838889,0.4978005142387041,0.246879425001856,0.4936289715117094,0.7736389684813754,0.37961796193990704,0.3578414024162449,0.054441260744985676,0.7714285714285715,0.3790558443126255,0.3572394167945351,0.054285714285714284,0.1174785100286533,0.12285714285714286,0.002857142857142857,1.5942857142857143,0.022922636103151862,0.0,0.035981818777203974,0.08436634914903715,11.673352435530086,0.0,0.0,0.15,0.08022922636103152,1,0.13987308848740362,0.14702242509375,1.5062374943551167,0.9223681599999999,0.0,0.9069767441860465,0.0,0.0,0.0,0.0,0.0,0.08,0.1174785100286533,0.25,0.25
24,0.5635726354138006,0.49697004200832245,0.5633596523338981,0.49739924700203964,0.246879425001856,0.49333036442867967,0.75,0.37981346544899064,0.35896573380828956,0.05459770114942529,0.7457142857142857,0.37922727288405406,0.3576251310802494,0.054285714285714284,0.08620689655172414,0.09714285714285714,0.005714285714285714,1.8,0.034482758620689655,0.002857142857142857,0.03597711688378557,0.08436634914903715,11.660919540229886,0.0,0.0,0.15,0.08045977011494253,1,0.14243086590210943,0.14643470479645315,1.5732556016108714,0.9076479171200007,0.0,0.8823529411764706,0.0,0.0,0.0,0.0,0.0,0.08,0.08882521489971347,0.25,0.25
25,0.5712306018638729,0.49736949247642365,0.5709738589756843,0.4977589186727292,0.246879425001856,0.4932600058740919,0.7586206896551724,0.3802157642995653,0.359235459255499,0.0603448275862069,0.7542857142857143,0.379627272884054,0.35789331523918905,0.06,0.07183908045977011,0.07428571428571429,0.005714285714285714,1.98,0.04310344827586207,0.0,0.03600067002987969,0.08436634914903715,11.660919540229886,0.0,0.0,0.15,0.08045977011494253,0,0.14492142449923273,0.14850375,1.6160762038643683,0.9603999999999999,0.0,0.9230769230769231,0.0,0.0,0.0,0.0,0.0,0.08,0.07183908045977011,0.25,0.25
26,0.5794785692305394,0.4975391272242757,0.5791746951002557,0.4979811262042142,0.246879425001856,0.49250857356866323,0.7270114942528736,0.38056059188577224,0.35970959718653345,0.0603448275862069,0.7228571428571429,0.3799701300269111,0.3583647438106176,0.06,0.09195402298850575,0.10285714285714286,0.005714285714285714,2.182857142857143,0.05747126436781609,0.0,0.03600067002987969,0.08436634914903715,11.660919540229886,0.0,0.0,0.15,0.08045977011494253,0,0.14594551006440235,0.14776123124999999,1.6866118226442235,0.9411919999999999,0.0,0.9444444444444444,0.0,0.0,0.0,0.0,0.0,0.08,0.09195402298850575,0.25,0.25
27,0.5895864133927629,0.49738385373004446,0.5874735684455462,0.4976526529008927,0.246879425001856,0.4918095903444118,0.7427745664739884,0.38050963314056147,0.36147969037222105,0.06069364161849711,0.7342857142857143,0.3800844157411968,0.3584504580963319,0.06,0.049132947976878616,0.05714285714285714,0.011428571428571429,2.38,0.05202312138728324,0.005714285714285714,0.03621687203126589,0.08436634914903715,11.323699421965317,0.0,0.0,0.15,0.08092485549132948,0,0.14584435394265177,0.147096305709375,1.7100224433341964,0.9242505440000003,0.0,0.95,0.0,0.0,0.0,0.0,0.0,0.08,0.05172413793103448,0.25,0.25
28,0.5960277458373107,0.4976503603852234,0.5938412856621562,0.49790003368173447,0.246879425001856,0.49116366331985184,0.7312138728323699,0.38108766782264236,0.36191321638378177,0.06069364161849711,0.7228571428571429,0.38065584431262545,0.35887902952490325,0.06,0.05491329479768786,0.06,0.011428571428571429,2.5485714285714285,0.06647398843930635,0.0,0.036292130294748245,0.08436634914903715,11.323699421965317,0.0,0.0,0.15,0.08092485549132948,0,0.14668599003008137,0.14636082418082813,1.7358219944675124,0.9057655331200002,0.0,1.0,0.0,0.0,0.0,0.0,0.0,0.08,0.05491329479768786,0.25,0.25
29,0.6035121903386966,0.4960528952459342,0.6009068265772146,0.49693188096009683,0.246879425001856,0.4906131303840352,0.6812865497076024,0.38072686425777513,0.3591928149150001,0.06140350877192982,0.6657142857142857,0.3809987014554826,0.35913617238204615,0.06285714285714286,0.049707602339181284,0.054285714285714284,0.022857142857142857,2.7057142857142855,0.07017543859649122,0.011428571428571429,0.036377499888196406,0.08436634914903715,11.005847953216374,0.0,0.0,0.15,0.07894736842105263,0,0.14906684579421667,0.14702242509375,1.7553912688638764,0.9223681599999999,0.0,0.8947368421052632,0.0,0.0,0.0,0.0,0.0,0.08,0.05202312138728324,0.25,0.25
30,0.6089870932205844,0.49583418184586553,0.605420808563965,0.49677398768434616,0.246879425001856,0.48990985897452266,0.6803519061583577,0.38206879612424627,0.35926546842608903,0.06158357771260997,0.6628571428571428,0.3816882746575813,0.35973617238204614,0.06285714285714286,0.07331378299120235,0.08,0.025714285714285714,2.882857142857143,0.07917888563049853,0.002857142857142857,0.036533937449100856,0.08436634914903715,10.956011730205278,0.0,0.0,0.15,0.07917888563049853,0,0.15217651940454913,0.14636082418082813,1.8002834434865989,0.9057655331200002,0.0,0.9642857142857143,0.0,0.0,0.0,0.0,0.0,0.08,0.07309941520467836,0.25,0.25
31,0.6141910446185538,0.49578775464954367,0.6104909440688437,0.4966992760601589,0.246879425001856,0.4892283774953462,0.6451612903225806,0.38253800433539,0.3596173745844468,0.06158357771260997,0.6285714285714286,0.38214541751472414,0.3600790295249033,0.06285714285714286,0.06451612903225806,0.06571428571428571,0.025714285714285714,3.0685714285714285,0.07624633431085044,0.0,0.03655381324989526,0.08436634914903715,10.956011730205278,0.0,0.0,0.15,0.07917888563049853,0,0.15298649466466924,0.14628731296828124,1.8299920603311524,0.9039207967999998,0.0,0.9565217391304348,0.0,0.0,0.0,0.0,0.0,0.08,0.06451612903225806,0.25,0.25
32,0.6215281841663746,0.4956668532823227,0.6169391572774874,0.49648903212670314,0.246879425001856,0.48871565708391385,0.6814159292035398,0.38418907415960357,0.3594561953239026,0.061946902654867256,0.66,0.38269025113395444,0.36072188666776045,0.06285714285714286,0.07374631268436578,0.08,0.03142857142857143,3.2314285714285713,0.0855457227138643,0.005714285714285714,0.0365664263652982,0.08436634914903716,10.914454277286136,0.0,0.0,0.15,0.07964601769911504,0,0.15476214785216724,0.14562902005992398,1.8733922191245296,0.8876502224576002,0.0,0.9642857142857143,0.0,0.0,0.0,0.0,0.0,0.08,0.07331378299120235,0.25,0.25
33,0.6322956542969411,0.495068427995714,0.6273682212039504,0.49604404378897554,0.246879425001856,0.48830635526444094,0.6460176991150443,0.38475103585963094,0.36026298546144075,0.061946902654867256,0.6257142857142857,0.3832345511805524,0.3615033205438331,0.06285714285714286,0.07669616519174041,0.08,0.03142857142857143,3.4171428571428573,0.08849557522123894,0.0,0.03660525653312083,0.08436634914903716,10.914454277286136,0.0,0.0,0.15,0.07964601769911504,0,0.15576373269031146,0.14490087495962437,1.9159243747420387,0.8698972180084482,0.0,1.0,0.0,0.0,0.0,0.0,0.0,0.08,0.07669616519174041,0.25,0.25
34,0.6396723016744109,0.49455215467917674,0.6345782945961448,0.49580571481645036,0.246879425001856,0.48797408787680147,0.6627218934911243,0.38592932936471974,0.3613974181395585,0.0650887573964497,0.64,0.38374883689483813,0.3622051798475852,0.06571428571428571,0.09763313609467456,0.09714285714285714,0.03428571428571429,3.5114285714285716,0.10650887573964497,0.002857142857142857,0.036594650883787355,0.08436634914903716,10.905325443786982,0.0,0.0,0.15,0.07988165680473373,0,0.15747034259828846,0.14417637058482624,1.9747487443900549,0.8524992736482793,0.0,1.0,0.0,0.0,0.0,0.0,0.0,0.08,0.10029498525073746,0.25,0.25
35,0.6483073066564972,0.49423963179367986,0.6425823347347868,0.4956156558529905,0.246879425001856,0.4874835291720617,0.6190476190476191,0.38733147425467057,0.3614094263212049,0.06547619047619048,0.5942857142857143,0.3839774083234095,0.3624223036764744,0.06571428571428571,0.05654761904761905,0.06285714285714286,0.04,3.717142857142857,0.09821428571428571,0.005714285714285714,0.03668012782082617,0.08436634914903715,10.630952380952381,0.0,0.0,0.15,0.08035714285714286,0,0.15859727659958273,0.14424914852302798,1.998110912359397,0.8542709584100077,0.0,0.9545454545454546,0.0,0.0,0.0,0.0,0.0,0.08,0.05917159763313609,0.25,0.25
36,0.6567595828258332,0.49413045489464014,0.6494762983744066,0.4954708848865945,0.246879425001856,0.4870064105911559,0.5808383233532934,0.3863136194269096,0.36095657160161104,0.0658682634730539,0.5542857142857143,0.3847202654662666,0.3631937322479029,0.06857142857142857,0.08982035928143713,0.09142857142857143,0.045714285714285714,3.8,0.10479041916167664,0.005714285714285714,0.036829355877107534,0.08436634914903715,10.592814371257486,0.0,0.0,0.15,0.07784431137724551,0,0.1615616215332198,0.14482809702142263,2.0495772655407802,0.8681255332467198,0.0,0.96875,0.0,0.0,0.0,0.0,0.0,0.08,0.09226190476190477,0.25,0.25
37,0.6630803976581221,0.4935138816143136,0.654703714794607,0.495064709487995,0.246879425001856,0.48661169002025106,0.6586102719033232,0.38588192664002263,0.3603700332671975,0.06646525679758308,0.6228571428571429,0.3848916940376952,0.36348348946613684,0.06857142857142857,0.07854984894259819,0.08,0.054285714285714284,3.8914285714285715,0.09667673716012085,0.008571428571428572,0.03694251236450222,0.08436634914903715,10.513595166163142,0.0,0.0,0.15,0.07854984894259819,0,0.16149638485412512,0.14417637058482624,2.0885857202299642,0.8524992736482793,0.0,0.9642857142857143,0.0,0.0,0.0,0.0,0.0,0.08,0.08083832335329341,0.25,0.25
38,0.6674428562167891,0.49421629449946275,0.6592213994379654,0.4955309547727849,0.246879425001856,0.48619090851313934,0.6303030303030303,0.3862870583245809,0.3613097878686982,0.06666666666666667,0.5942857142857143,0.38500460571974576,0.3635053296500104,0.06857142857142857,0.08484848484848485,0.08857142857142856,0.05714285714285714,4.054285714285714,0.09696969696969697,0.002857142857142857,0.03701911215616638,0.08436634914903715,10.478787878787879,0.0,0.0,0.15,0.07878787878787878,0,0.1615449057834259,0.14417637058482624,2.135385434396794,0.8524992736482793,0.0,0.967741935483871,0.0,0.0,0.0,0.0,0.0,0.08,0.08761329305135952,0.25,0.25
39,0.6736864449613633,0.49376594899989856,0.6651082116828497,0.4950311522447628,0.246879425001856,0.48586328620740316,0.6212121212121212,0.3865294825670051,0.3614916060505164,0.06666666666666667,0.5857142857142857,0.3852331771483171,0.363676758221439,0.06857142857142857,0.0696969696969697,0.07142857142857142,0.05714285714285714,4.24,0.10303030303030303,0.0,0.03702417334005825,0.08436634914903715,10.478787878787879,0.0,0.0,0.15,0.07878787878787878,0,0.16227104947101528,0.14417637058482624,2.164106297137429,0.8524992736482793,0.0,0.96,0.0,0.0,0.0,0.0,0.0,0.08,0.0696969696969697,0.25,0.25
40,0.6796693771898176,0.49360655539614834,0.671449690295426,0.49482242331400894,0.246879425001856,0.48540844367480923,0.6382978723404256,0.3872658721704841,0.36249130240726374,0.06990881458966565,0.6,0.38569032000546005,0.36401961536429617,0.07142857142857142,0.10030395136778116,0.1,0.06,4.445714285714286,0.1033434650455927,0.002857142857142857,0.037091431643458045,0.08436634914903716,10.425531914893616,0.0,0.0,0.15,0.0790273556231003,0,0.16240126850580305,0.14432229217951215,2.2208241711946806,0.856078800003608,0.0,0.9714285714285714,0.0,0.0,0.0,0.0,0.0,0.08,0.1,0.25,0.25
41,0.6891447729342671,0.4942374108724587,0.6776945485849009,0.49543016225793346,0.246879425001856,0.48506371030583584,0.617737003058104,0.3883426799410223,0.36284339334624405,0.07033639143730887,0.5771428571428572,0.3863760342911743,0.3645339010785819,0.07142857142857142,0.08868501529051988,0.08857142857142856,0.06571428571428571,4.54,0.11314984709480122,0.005714285714285714,0.03714699827172974,0.08436634914903715,10.35474006116208,0.0,0.0,0.15,0.07951070336391437,0,0.16269080433804317,0.14360068071861457,2.2649791163422157,0.8389572240035359,0.0,1.0,0.0,0.0,0.0,0.0,0.0,0.08,0.08814589665653495,0.25,0.25
42,0.6968379266079984,0.49365219099720387,0.6848821521600728,0.4948136871422545,0.246879425001856,0.48470767475727905,0.6116207951070336,0.3888319765771079,0.36321036582330823,0.07033639143730887,0.5714285714285714,0.3868331771483172,0.36487675822143906,0.07142857142857142,0.09174311926605505,0.08857142857142856,0.06571428571428571,4.72,0.11009174311926606,0.0,0.03716755113384092,0.08436634914903715,10.35474006116208,0.0,0.0,0.15,0.07951070336391437,0,0.16535561597063117,0.14636082418082813,2.3082509625868,0.9057655331200002,0.0,0.9354838709677419,0.0,0.0,0.0,0.0,0.0,0.08,0.09174311926605505,0.25,0.25
43,0.7038100505828733,0.4931412932129649,0.6909599536454455,0.4940318217724127,0.246879425001856,0.48436302561118827,0.5507692307692308,0.39105373686909145,0.36449888572444233,0.07076923076923076,0.5114285714285715,0.3871188914340314,0.3650910439357248,0.07142857142857142,0.08615384615384615,0.09142857142857143,0.07142857142857142,4.877142857142857,0.12,0.005714285714285714,0.03723762749836055,0.08436634914903715,10.276923076923078,0.0,0.0,0.15,0.08,0,0.1661855521764923,0.14636082418082813,2.3535145147636354,0.9057655331200002,0.0,0.96875,0.0,0.0,0.0,0.0,0.0,0.08,0.0856269113149847,0.25,0.25
44,0.7130864966969394,0.4946307924635556,0.6987716705355999,0.4951147057411629,0.246879425001856,0.4840324351896693,0.6265432098765432,0.39125852891853896,0.3642612622298645,0.07098765432098765,0.58,0.38709369791526194,0.3652697311546257,0.07142857142857142,0.08024691358024691,0.07714285714285714,0.07428571428571429,5.022857142857143,0.11419753086419752,0.002857142857142857,0.03732345489630813,0.08436634914903715,10.166666666666666,0.0,0.0,0.15,0.08024691358024691,0,0.1664973387013241,0.14717055758437503,2.3835870816112195,0.9261713440000008,0.0,0.9259259259259259,0.0,0.0,0.0,0.0,0.0,0.08,0.08,0.25,0.25
45,0.718696870876039,0.49490957407640496,0.703965274061395,0.4955598836403879,0.246879425001856,0.48387897232804383,0.6141975308641975,0.39150544249878594,0.36472422519282743,0.07098765432098765,0.5685714285714286,0.3873222693438334,0.36569830258319713,0.07142857142857142,0.08950617283950617,0.08857142857142856,0.07428571428571429,5.1571428571428575,0.1111111111111111,0.0,0.03739909195790731,0.08436634914903715,10.166666666666666,0.0,0.0,0.15,0.08024691358024691,0,0.1668361377221032,0.14643470479645315,2.4244867685504237,0.9076479171200007,0.0,1.0,0.0,0.0,0.0,0.0,0.0,0.08,0.08950617283950617,0.25,0.25
46,0.7275928575443584,0.49492216702236436,0.7099906483360323,0.4953013812089861,0.246879425001856,0.4837552301163466,0.590625,0.3932987878781451,0.36699358900556023,0.075,0.54,0.3875508407724048,0.36608401686891145,0.07428571428571429,0.06875,0.07142857142857142,0.08571428571428572,5.2628571428571425,0.103125,0.011428571428571429,0.037478784480785725,0.08436634914903715,9.975,0.0,0.0,0.15,0.08125,0,0.16758708818681092,0.14702242509375,2.4474256046079867,0.9223681599999999,0.0,0.96,0.0,0.0,0.0,0.0,0.0,0.08,0.06790123456790123,0.25,0.25
47,0.7343431857402694,0.4951024367337869,0.7152952045602031,0.49493251890402007,0.246879425001856,0.48359790371881084,0.5911949685534591,0.3937754364825444,0.36673671596767243,0.07547169811320754,0.5371428571428571,0.3875508407724048,0.36608401686891145,0.07428571428571429,0.07547169811320754,0.07428571428571429,0.09142857142857143,5.354285714285714,0.10062893081761007,0.005714285714285714,0.03758415749928961,0.08436634914903715,9.968553459119496,0.0,0.0,0.15,0.08176100628930817,0,0.167120009888734,0.14628731296828124,2.472762806801541,0.9039207967999998,0.0,1.0,0.0,0.0,0.0,0.0,0.0,0.08,0.078125,0.25,0.25
48,0.7434646385005035,0.4945791582363489,0.7215175744481478,0.4939863644946863,0.246879425001856,0.48332230166010415,0.6329113924050633,0.39415224720593484,0.36734516050309607,0.0759493670886076,0.5714285714285714,0.3875508407724048,0.36608401686891145,0.07428571428571429,0.08544303797468354,0.08285714285714285,0.09714285714285714,5.485714285714286,0.10443037974683544,0.005714285714285714,0.03785314867475633,0.08436634914903715,9.563291139240507,0.0,0.0,0.15,0.07911392405063292,0,0.16716662703509672,0.14555587640343984,2.5061646935226536,0.8858423808639998,0.0,1.0,0.0,0.0,0.0,0.0,0.0,0.08,0.0880503144654088,0.25,0.25
49,0.7508394401520545,0.49456463740042134,0.7281759667964054,0.493884014831845,0.246879425001856,0.4827715658273669,0.6075949367088608,0.39472186745909943,0.36800971746512134,0.0759493670886076,0.5485714285714286,0.38806512648669056,0.3666840168689115,0.07428571428571429,0.0981012658227848,0.10571428571428572,0.09714285714285714,5.565714285714286,0.11392405063291139,0.0,0.037949666146380796,0.08436634914903715,9.563291139240507,0.0,0.0,0.15,0.07911392405063292,0,0.1689112719378963,0.14490087495962437,2.5617556853664856,0.8698972180084482,0.0,0.972972972972973,0.0,0.0,0.0,0.0,0.0,0.08,0.0981012658227848,0.25,0.25
50,0.7584455818900955,0.493748181007531,0.7346032805238049,0.493361409747391,0.246879425001856,0.48229071731429096,0.6253968253968254,0.39507124931060356,0.36701426127879727,0.0761904761904762,0.5628571428571428,0.3877794122009763,0.3666411597260543,0.07428571428571429,0.09523809523809523,0.09714285714285714,0.1,5.654285714285714,0.11428571428571428,0.002857142857142857,0.0379524804684761,0.08436634914903715,9.549206349206349,0.0,0.0,0.15,0.07936507936507936,0,0.1696667155782068,0.14724518258437505,2.6076634288020135,0.9281313440000012,0.0,0.9117647058823529,0.0,0.0,0.0,0.0,0.0,0.08,0.0981012658227848,0.25,0.25
51,0.7638140413271329,0.4943115142274934,0.7394348940171386,0.49378829833699706,0.246879425001856,0.4816032937880052,0.5714285714285714,0.39532521756457184,0.3673837488326706,0.0761904761904762,0.5142857142857142,0.38800798362954764,0.3669736985245403,0.07428571428571429,0.09841269841269841,0.09142857142857143,0.1,5.8,0.1111111111111111,0.0,0.037962069113528056,0.08436634914903715,9.549206349206349,0.0,0.0,0.15,0.07936507936507936,0,0.16979730172303523,0.14650895667145317,2.646938731654544,0.9095687171200011,0.0,1.0,0.0,0.0,0.0,0.0,0.0,0.08,0.09841269841269841,0.25,0.25
52,0.7682379070408215,0.4943522094684474,0.7433508292792974,0.49389939695173235,0.246879425001856,0.4809431447890843,0.5605095541401274,0.3951670667937428,0.36841742406756034,0.07643312101910828,0.5028571428571429,0.38817941220097624,0.36710226995311174,0.07428571428571429,0.08598726114649681,0.09142857142857143,0.10285714285714286,5.862857142857143,0.11146496815286625,0.002857142857142857,0.038035962002018614,0.08436634914903715,9.45859872611465,0.0,0.0,0.15,0.07961783439490445,0,0.1697763159287058,0.147835483125,2.685428528450025,0.9431128000000003,0.0,0.96875,0.0,0.0,0.0,0.0,0.0,0.08,0.08888888888888889,0.25,0.25
53,0.7762790493817641,0.493379884831115,0.7499781516674092,0.4936286417030718,0.246879425001856,0.48038014243285354,0.6378205128205128,0.3962712482509393,0.37006723014482706,0.07692307692307693,0.5685714285714286,0.3880651264866906,0.36701655566739744,0.07428571428571429,0.08333333333333333,0.07714285714285714,0.10857142857142857,6.082857142857143,0.10897435897435898,0.005714285714285714,0.038142500028302016,0.08436634914903716,9.371794871794872,0.0,0.0,0.15,0.08012820512820513,0,0.17008197078349516,0.14776123124999999,2.708862815023881,0.9411919999999999,0.0,0.9629629629629629,0.0,0.0,0.0,0.0,0.0,0.08,0.08280254777070063,0.25,0.25
54,0.7826536979456964,0.4932171996045071,0.7552240183182263,0.4936463930068539,0.246879425001856,0.4799294144098129,0.5755627009646302,0.3960940902786881,0.3708703708155097,0.07717041800643087,0.5114285714285715,0.3878365550581191,0.36684512709596884,0.07428571428571429,0.09003215434083602,0.09142857142857143,0.11142857142857143,6.151428571428571,0.11254019292604502,0.002857142857142857,0.03821005734434798,0.08436634914903714,9.331189710610932,0.0,0.0,0.15,0.08038585209003216,0,0.17105054086957022,0.14717055758437503,2.746114130151975,0.9261713440000008,0.0,0.9375,0.0,0.0,0.0,0.0,0.0,0.08,0.09294871794871795,0.25,0.25
55,0.7888151998315677,0.4920933678923815,0.759413608086089,0.4930390235907469,0.246879425001856,0.4795750539912406,0.6129032258064516,0.39613723959729763,0.3708867219228502,0.07741935483870968,0.5428571428571428,0.3876651264866906,0.36671655566739736,0.07428571428571429,0.0935483870967742,0.09714285714285714,0.11428571428571428,6.208571428571428,0.11935483870967742,0.002857142857142857,0.03830193809837989,0.08436634914903715,9.251612903225807,0.0,0.0,0.15,0.08064516129032258,0,0.17145200316522238,0.148578375,2.7883347046917932,0.9623600000000003,0.0,0.9411764705882353,0.0,0.0,0.0,0.0,0.0,0.08,0.0932475884244373,0.25,0.25
56,0.7929467407556143,0.49243353844543386,0.7630729729045305,0.4936493397915108,0.246879425001856,0.4791254549917125,0.5935483870967742,0.3961818683375294,0.37112865740672124,0.07741935483870968,0.5257142857142857,0.3877046547994673,0.36693084138168314,0.07428571428571429,0.1064516129032258,0.10285714285714286,0.11428571428571428,6.385714285714286,0.11612903225806452,0.0,0.03836994680417564,0.08436634914903715,9.251612903225807,0.0,0.0,0.15,0.08064516129032258,0,0.17148731594361,0.147835483125,2.8354251534551,0.9431128000000003,0.0,1.0,0.0,0.0,0.0,0.0,0.0,0.08,0.1064516129032258,0.25,0.25
57,0.7980201322181519,0.49191586303513996,0.767566548199921,0.49351329621339346,0.246879425001856,0.4786167757732012,0.6129032258064516,0.3961818683375294,0.37117694069655843,0.07741935483870968,0.5428571428571428,0.3877046547994673,0.3669736065812533,0.07428571428571429,0.09032258064516129,0.09428571428571429,0.11428571428571428,6.551428571428572,0.12580645161290321,0.0,0.03836994680417564,0.08436634914903715,9.251612903225807,0.0,0.0,0.15,0.08064516129032258,0,0.17100116507817767,0.147096305709375,2.873002364671712,0.9242505440000003,0.0,1.0,0.0,0.0,0.0,0.0,0.0,0.08,0.09032258064516129,0.25,0.25
58,0.8036281605732071,0.4921924309219873,0.7729963695264782,0.49396235101667146,0.246879425001856,0.4782007384868252,0.5728155339805825,0.3966557585071148,0.3715423288184069,0.07766990291262135,0.5057142857142857,0.38747608337089584,0.3668021780098247,0.07428571428571429,0.0970873786407767,0.10285714285714286,0.11714285714285715,6.642857142857143,0.12297734627831715,0.002857142857142857,0.038381809451682763,0.08436634914903715,9.236245954692556,0.0,0.0,0.15,0.08090614886731391,0,0.17137458782421536,0.147096305709375,2.918399460235421,0.9242505440000003,0.0,0.9444444444444444,0.0,0.0,0.0,0.0,0.0,0.08,0.1,0.25,0.25
59,0.8076425159793655,0.4927428869984015,0.7765404718707724,0.49425876176067723,0.246879425001856,0.47790709474887366,0.5631067961165048,0.39652630866892713,0.3714452414397661,0.07766990291262135,0.49714285714285716,0.38736179765661016,0.36671646372411043,0.07428571428571429,0.10355987055016182,0.1,0.11714285714285715,6.757142857142857,0.12297734627831715,0.0,0.038385245932263945,0.08436634914903715,9.236245954692556,0.0,0.0,0.15,0.08090614886731391,0,0.17131757202795142,0.14702242509375,2.9600314710307116,0.9223681599999999,0.0,0.9714285714285714,0.0,0.0,0.0,0.0,0.0,0.08,0.10355987055016182,0.25,0.25
60,0.8135521399667569,0.4924370678535648,0.782132763435627,0.49373130779079816,0.246879425001856,0.4775284001643099,0.5454545454545454,0.396488695521849,0.37173408029554506,0.07792207792207792,0.48,0.38724751194232443,0.36663074943839613,0.07428571428571429,0.07467532467532467,0.06857142857142857,0.12,6.845714285714286,0.12337662337662338,0.002857142857142857,0.03840471989109901,0.08436634914903715,9.194805194805195,0.0,0.0,0.15,0.08116883116883117,0,0.17111812702495455,0.14650895667145317,2.9694022701815266,0.9064200703356671,0.0,0.9583333333333334,0.0,0.0,0.0,0.0,0.0,0.08,0.0744336569579288,0.25,0.25
61,0.8198711272353904,0.4916296074183975,0.7853978573517578,0.49321330516575157,0.246879425001856,0.47730947465937124,0.5573770491803278,0.39707314768519747,0.3714136172595499,0.07868852459016394,0.4857142857142857,0.38724751194232443,0.36663074943839613,0.07428571428571429,0.07868852459016394,0.07714285714285714,0.12857142857142856,6.902857142857143,0.11147540983606558,0.008571428571428572,0.03859397969962902,0.08436634914903716,8.99016393442623,0.0,0.0,0.15,0.08196721311475409,0,0.17066196496125832,0.1457764118880959,2.9871570819207527,0.8882916689289537,0.0,1.0,0.0,0.0,0.0,0.0,0.0,0.08,0.08441558441558442,0.25,0.25
62,0.8278367475486457,0.49172732872908087,0.790253247521586,0.4935000337340938,0.246879425001856,0.47694580983556994,0.5860927152317881,0.39622902704455837,0.36976923779642235,0.076158940397351,0.5057142857142857,0.38713322622803875,0.36654503515268183,0.07428571428571429,0.08940397350993377,0.08571428571428572,0.13714285714285715,7.0285714285714285,0.10927152317880795,0.008571428571428572,0.03866379387543817,0.08436634914903715,8.940397350993377,0.0,0.0,0.15,0.076158940397351,0,0.1705797979935949,0.14702242509375,3.013128225996623,0.8951525166549376,0.0,0.9666666666666667,0.0,0.0,0.0,0.0,0.0,0.08,0.09180327868852459,0.25,0.25
63,0.8323552365050993,0.4906846904539325,0.7938490576682805,0.49254149700831673,0.246879425001856,0.4766191353676803,0.5481727574750831,0.39527587652106894,0.370207982308672,0.07641196013289037,0.4714285714285714,0.38690465479946723,0.36637360658125323,0.07428571428571429,0.07308970099667775,0.07428571428571429,0.14,7.094285714285714,0.10631229235880399,0.002857142857142857,0.0387578933225614,0.08436634914903715,8.897009966777409,0.0,0.0,0.15,0.07973421926910298,0,0.1712981847179126,0.14791010812500002,3.027151375762405,0.9076479171200007,0.0,0.9230769230769231,0.0,0.0,0.0,0.0,0.0,0.08,0.076158940397351,0.25,0.25
64,0.8392003567083798,0.4904277134117037,0.798338797964915,0.4924089687706586,0.246879425001856,0.47642644879133195,0.5866666666666667,0.395553270713749,0.37049708929777087,0.07666666666666666,0.5028571428571429,0.3869223791970668,0.3665021780098247,0.07428571428571429,0.09666666666666666,0.09428571428571429,0.14285714285714285,7.177142857142857,0.10666666666666667,0.002857142857142857,0.03879832786701316,0.08436634914903716,8.873333333333333,0.0,0.0,0.15,0.08,0,0.17203385924281403,0.148578375,3.060894062532871,0.9261713440000008,0.0,0.9696969696969697,0.0,0.0,0.0,0.0,0.0,0.08,0.09966777408637874,0.25,0.25
65,0.8455659065407065,0.48959421631292077,0.8027610558579014,0.491862677515382,0.246879425001856,0.4762593085842378,0.5986622073578596,0.39545141662880273,0.3702357594915518,0.07692307692307693,0.5114285714285715,0.38669380776849543,0.3664985628719413,0.07428571428571429,0.09698996655518395,0.09714285714285714,0.1457142857142857,7.2628571428571425,0.10367892976588629,0.002857142857142857,0.03884045942840775,0.08436634914903715,8.856187290969899,0.0,0.0,0.15,0.0802675585284281,0,0.17248712137159994,0.149325,3.096819038425071,0.9623600000000003,0.0,0.9411764705882353,0.0,0.0,0.0,0.0,0.0,0.08,0.1,0.25,0.25
66,0.850049889711947,0.48862736370861054,0.8070043390687023,0.4910536596797991,0.246879425001856,0.47591091973181554,0.5973154362416108,0.39542485602020677,0.3706180472484956,0.07718120805369127,0.5085714285714286,0.38657952205420965,0.3664151352191941,0.07428571428571429,0.08389261744966443,0.08571428571428572,0.14857142857142858,7.3428571428571425,0.09731543624161074,0.002857142857142857,0.03891219835890317,0.08436634914903715,8.718120805369127,0.0,0.0,0.15,0.08053691275167785,0,0.17291248302031553,0.149325,3.1205969433708547,0.9623600000000003,0.0,0.9666666666666667,0.0,0.0,0.0,0.0,0.0,0.08,0.08695652173913043,0.25,0.25
67,0.8523311510627527,0.4876518777373029,0.8088583299190538,0.49060510234725035,0.246879425001856,0.4754812389268469,0.5723905723905723,0.3946736014132783,0.3696272368406925,0.07744107744107744,0.4857142857142857,0.38646523633992386,0.36632942093347987,0.07428571428571429,0.10437710437710437,0.10285714285714286,0.15142857142857144,7.494285714285715,0.10101010101010101,0.002857142857142857,0.03898185450010062,0.08436634914903715,8.7003367003367,0.0,0.0,0.15,0.07744107744107744,0,0.17417142027910745,0.149325,3.161042147360581,0.9623600000000003,0.0,0.9722222222222222,0.0,0.0,0.0,0.0,0.0,0.08,0.1040268456375839,0.25,0.25
68,0.8545842306690469,0.4879253028981782,0.8098175487820543,0.4909334891455795,0.246879425001856,0.4750224278182014,0.590443686006826,0.3969054371382102,0.3715137325007531,0.07849829351535836,0.4942857142857143,0.3863509506256382,0.36624370664776557,0.07428571428571429,0.08873720136518772,0.10285714285714286,0.16285714285714287,7.545714285714285,0.08873720136518772,0.011428571428571429,0.039123585911532026,0.08436634914903715,8.525597269624573,0.0,0.0,0.15,0.08191126279863481,0,0.17412899174914048,0.149325,3.200678447270512,0.9623600000000003,0.0,0.9722222222222222,0.0,0.0,0.0,0.0,0.0,0.08,0.10101010101010101,0.25,0.25
69,0.8636942943319539,0.487489490904504,0.8144320015674451,0.49052891498231344,0.246879425001856,0.47443313569359036,0.5827586206896552,0.39894536215306026,0.37235882483075167,0.07931034482758621,0.4828571428571429,0.3862366649113525,0.36615799236205127,0.07428571428571429,0.07931034482758621,0.08,0.17142857142857143,7.631428571428572,0.07931034482758621,0.008571428571428572,0.039396237413635564,0.08436634914903715,8.206896551724139,0.0,0.0,0.15,0.07931034482758621,0,0.1740863475046805,0.149325,3.2166648783251017,0.9611234409866014,0.0,0.9642857142857143,0.0,0.0,0.0,0.0,0.0,0.08,0.08873720136518772,0.25,0.25
70,0.8674738831749067,0.4871235423370623,0.8175636608944631,0.48987874921953,0.246879425001856,0.4738650784519824,0.6275862068965518,0.39880743111857747,0.3722553765548896,0.07931034482758621,0.52,0.3861223791970667,0.36607227807633697,0.07428571428571429,0.0896551724137931,0.08,0.17142857142857143,7.7057142857142855,0.07931034482758621,0.0,0.03959814186592929,0.08436634914903715,8.206896551724139,0.0,0.0,0.15,0.07931034482758621,0,0.17407263005287138,0.149325,3.2323315807585993,0.9494935495018241,0.0,0.9642857142857143,0.0,0.0,0.0,0.0,0.0,0.08,0.0896551724137931,0.25,0.25
71,0.8693968738627645,0.4874736141917773,0.819156996035831,0.49017071320847305,0.246879425001856,0.4734962721964984,0.5827586206896552,0.39880743111857747,0.3722553765548896,0.07931034482758621,0.4828571428571429,0.3861223791970667,0.36607227807633697,0.07428571428571429,0.07931034482758621,0.06857142857142857,0.17142857142857143,7.768571428571429,0.0896551724137931,0.0,0.03959814186592929,0.08436634914903715,8.206896551724139,0.0,0.0,0.15,0.07931034482758621,0,0.1735449811883213,0.148578375,3.236256377714856,0.9305036785117876,0.0,1.0,0.0,0.0,0.0,0.0,0.0,0.08,0.07931034482758621,0.25,0.25
72,0.8757406050211852,0.4876242933831556,0.8237146007294665,0.4899062593179459,0.246879425001856,0.4732618677394665,0.6401384083044983,0.39951184328679873,0.37289013752297057,0.07958477508650519,0.5285714285714286,0.38583666491135243,0.3658579923620512,0.07428571428571429,0.08304498269896193,0.07714285714285714,0.1742857142857143,7.78,0.07612456747404844,0.002857142857142857,0.03961568624339943,0.08436634914903715,8.186851211072664,0.0,0.0,0.15,0.07958477508650519,0,0.17427725628237967,0.15835055005494453,3.248674107303416,0.9643600000000009,0.0,0.8888888888888888,0.0,0.0,0.0,0.0,0.0,0.08,0.08620689655172414,0.25,0.25
73,0.881521265247701,0.48720098844954185,0.8269169814922245,0.4896036489144198,0.246879425001856,0.4730114067928022,0.6062717770034843,0.399829914994213,0.3740887193658087,0.08013937282229965,0.49714285714285716,0.38572237919706676,0.36577227807633694,0.07428571428571429,0.04878048780487805,0.05142857142857143,0.18,7.877142857142857,0.07317073170731707,0.005714285714285714,0.039700680157806194,0.08436634914903715,8.08362369337979,0.0,0.0,0.15,0.08013937282229965,0,0.17417644285811068,0.15823379730466977,3.2351291965859192,0.98,0.0,0.9444444444444444,0.0,0.0,0.0,0.0,0.0,0.08,0.05536332179930796,0.25,0.25
74,0.8842744836774761,0.4864021682167009,0.8291746206046401,0.48846601510221344,0.246879425001856,0.4727637014640651,0.5853658536585366,0.399829914994213,0.3740887193658087,0.08013937282229965,0.48,0.38572237919706676,0.36577227807633694,0.07428571428571429,0.05226480836236934,0.04857142857142857,0.18,7.991428571428571,0.07317073170731707,0.0,0.03976335644815508,0.08436634914903715,8.08362369337979,0.0,0.0,0.15,0.08013937282229965,0,0.17361941778667722,0.15744262831814643,3.218998041225629,0.9603999999999999,0.0,1.0,0.0,0.0,0.0,0.0,0.0,0.08,0.05226480836236934,0.25,0.25
75,0.8875892724898894,0.485547138928044,0.8312596454046638,0.487319832171036,0.246879425001856,0.47268907265679383,0.6048951048951049,0.3988641914488645,0.37288742664450425,0.08041958041958042,0.4942857142857143,0.38560809348278097,0.36568656379062264,0.07428571428571429,0.08391608391608392,0.07428571428571429,0.18285714285714286,8.017142857142858,0.07342657342657342,0.002857142857142857,0.039828639524591085,0.08436634914903715,7.8671328671328675,0.0,0.0,0.15,0.08041958041958042,0,0.17360760712631526,0.15800204017655567,3.228903794686831,0.9431128000000003,0.0,0.9615384615384616,0.0,0.0,0.0,0.0,0.0,0.08,0.08710801393728224,0.25,0.25
76,0.8927737159807455,0.48447961180067,0.8346431591337231,0.48661769395263427,0.246879425001856,0.47227999022393263,0.5859649122807018,0.3998838777199209,0.37265408421738583,0.08070175438596491,0.47714285714285715,0.3854938077684954,0.36560084950490834,0.07428571428571429,0.0912280701754386,0.07714285714285714,0.18571428571428572,8.074285714285715,0.07368421052631578,0.002857142857142857,0.04008060617926197,0.08436634914903714,7.768421052631579,0.0,0.0,0.15,0.08070175438596491,0,0.17494226253300743,0.15788702997567286,3.2414685759359516,0.9423172347678309,0.0,0.9629629629629629,0.0,0.0,0.0,0.0,0.0,0.08,0.09090909090909091,0.25,0.25
77,0.8950048586452397,0.4838259301202536,0.8364599467319541,0.4864788007750909,0.246879425001856,0.47198172382853687,0.5719298245614035,0.3996031759655349,0.37244355790159644,0.08070175438596491,0.4657142857142857,0.38526523633992393,0.3654294209334798,0.07428571428571429,0.07719298245614035,0.06285714285714286,0.18571428571428572,8.162857142857144,0.07017543859649122,0.0,0.040117521717774926,0.08436634914903714,7.768421052631579,0.0,0.0,0.15,0.08070175438596491,0,0.17523855193462815,0.15777259482579448,3.239496347274375,0.9623600000000003,0.0,0.9090909090909091,0.0,0.0,0.0,0.0,0.0,0.08,0.07719298245614035,0.25,0.25
78,0.8955894676274904,0.4817662833456941,0.8374901226092392,0.4856736546596918,0.246879425001856,0.4716394259865942,0.6113074204946997,0.399048596263511,0.37207878574407666,0.0812720848056537,0.4942857142857143,0.38526523633992393,0.3654294209334798,0.07428571428571429,0.07420494699646643,0.06571428571428571,0.19142857142857142,8.245714285714286,0.07420494699646643,0.005714285714285714,0.04016781307528326,0.08436634914903715,7.724381625441696,0.0,0.0,0.15,0.0812720848056537,0,0.17473321703209782,0.1569837318516655,3.2404207060431736,0.9431128000000003,0.0,1.0,0.0,0.0,0.0,0.0,0.0,0.08,0.07719298245614035,0.25,0.25
79,0.8969443609824532,0.48139148344969607,0.8385856506648236,0.48542864763986254,0.246879425001856,0.4713968640327315,0.607773851590106,0.399048596263511,0.37207878574407666,0.0812720848056537,0.49142857142857144,0.38526523633992393,0.3654294209334798,0.07428571428571429,0.09187279151943463,0.08285714285714285,0.19142857142857142,8.297142857142857,0.0812720848056537,0.0,0.04019609829061869,0.08436634914903715,7.724381625441696,0.0,0.0,0.15,0.0812720848056537,0,0.17508136725576523,0.1561988131924072,3.2584694347794527,0.9242505440000003,0.0,1.0,0.0,0.0,0.0,0.0,0.0,0.08,0.09187279151943463,0.25,0.25
80,0.8990443260939642,0.48130132407468734,0.8402836224549881,0.48559948404393455,0.246879425001856,0.47123526565649876,0.6395759717314488,0.399048596263511,0.37207878574407666,0.0812720848056537,0.5171428571428571,0.38526523633992393,0.3654294209334798,0.07428571428571429,0.0812720848056537,0.07142857142857142,0.19142857142857142,8.342857142857143,0.07773851590106007,0.0,0.04019609829061869,0.08436634914903715,7.724381625441696,0.0,0.0,0.15,0.0812720848056537,0,0.1744916747052007,0.15541781912644514,3.264728617512435,0.9057655331200002,0.0,1.0,0.0,0.0,0.0,0.0,0.0,0.08,0.0812720848056537,0.25,0.25
81,0.901293916338426,0.48082192094664344,0.842102576852653,0.4851192833467092,0.246879425001856,0.4711593568559792,0.6254416961130742,0.399048596263511,0.37207878574407666,0.0812720848056537,0.5057142857142857,0.38526523633992393,0.3654294209334798,0.07428571428571429,0.08833922261484099,0.08285714285714285,0.19142857142857142,8.411428571428571,0.0812720848056537,0.0,0.04019609829061869,0.08436634914903715,7.724381625441696,0.0,0.0,0.15,0.0812720848056537,0,0.17401893061738896,0.1546407300308129,3.2822911880193284,0.8876502224576002,0.0,1.0,0.0,0.0,0.0,0.0,0.0,0.08,0.08833922261484099,0.25,0.25
82,0.9035495270919268,0.4806495092007936,0.8439263992619122,0.48468011925716215,0.246879425001856,0.47117086579338296,0.6219081272084805,0.39890725350732725,0.3719727786769389,0.0812720848056537,0.5028571428571429,0.3851509506256382,0.3653437066477655,0.07428571428571429,0.0706713780918728,0.06,0.19142857142857142,8.48,0.0812720848056537,0.0,0.04019609829061869,0.08436634914903715,7.724381625441696,0.0,0.0,0.15,0.0812720848056537,0,0.1738345502500163,0.22321716605801414,3.2766453642589424,0.8876502224576002,0.0,0.9523809523809523,0.0,0.0,0.0,0.0,0.0,0.08,0.0706713780918728,0.25,0.25
83,0.9063548167022016,0.4802396580964633,0.8460913122354522,0.48430293701482413,0.246879425001856,0.47133042301913086,0.6063829787234043,0.39829782227032084,0.37246855167264187,0.08156028368794327,0.48857142857142855,0.3851509506256382,0.3653437066477655,0.07428571428571429,0.09574468085106383,0.08571428571428572,0.19428571428571428,8.617142857142857,0.07801418439716312,0.002857142857142857,0.04021718600810342,0.08436634914903715,7.709219858156028,0.0,0.0,0.15,0.08156028368794327,0,0.17403797611048735,0.2221010802277241,3.296826742688049,0.8698972180084482,0.0,1.0,0.0,0.0,0.0,0.0,0.0,0.08,0.0989399293286219,0.25,0.25
84,0.9076110742519182,0.4791064990185441,0.8470316034466238,0.48351363890110793,0.246879425001856,0.47148553704401397,0.594306049822064,0.3982338877597331,0.37234259926884883,0.08185053380782918,0.47714285714285715,0.38503666491135247,0.36525799236205125,0.07428571428571429,0.09608540925266904,0.08857142857142856,0.19714285714285715,8.674285714285714,0.08540925266903915,0.002857142857142857,0.0402229792298315,0.08436634914903715,7.701067615658363,0.0,0.0,0.15,0.08185053380782918,0,0.17396764337279205,0.22099057482658546,3.3194616364057166,0.8681255332467198,0.0,0.967741935483871,0.0,0.0,0.0,0.0,0.0,0.08,0.09574468085106383,0.25,0.25
85,0.9077789346484965,0.478419489742904,0.8470752698868805,0.4828638875584976,0.246879425001856,0.47160701096138974,0.5607142857142857,0.39888121362669693,0.37184949275300616,0.08214285714285714,0.44857142857142857,0.38503666491135247,0.36525799236205125,0.07428571428571429,0.08214285714285714,0.08,0.2,8.728571428571428,0.07857142857142857,0.002857142857142857,0.04022825857037813,0.08436634914903716,7.678571428571429,0.0,0.0,0.15,0.07857142857142857,0,0.17344051944164238,0.21988562195245254,3.3330724036776025,0.8507630225817854,0.0,1.0,0.0,0.0,0.0,0.0,0.0,0.08,0.08540925266903915,0.25,0.25
86,0.9091828896265215,0.4795401642675896,0.8481984338693006,0.4839051033610724,0.246879425001856,0.4716971554478579,0.6071428571428571,0.39888121362669693,0.37184949275300616,0.08214285714285714,0.4857142857142857,0.38503666491135247,0.36525799236205125,0.07428571428571429,0.1,0.08857142857142856,0.2,8.851428571428572,0.08928571428571429,0.0,0.040253850598502026,0.08436634914903716,7.678571428571429,0.0,0.0,0.15,0.07857142857142857,0,0.17418281651832765,0.21878619384269027,3.354982384175479,0.8337477621301497,0.0,1.0,0.0,0.0,0.0,0.0,0.0,0.08,0.1,0.25,0.25
87,0.9115462850537015,0.47852285594479765,0.8500891502110445,0.48304665221554177,0.246879425001856,0.47198863124993873,0.5785714285714286,0.3985954993409827,0.37163520703872044,0.08214285714285714,0.46285714285714286,0.38480809348278106,0.36508656379062265,0.07428571428571429,0.11071428571428571,0.09714285714285714,0.2,8.942857142857143,0.08928571428571429,0.0,0.040253850598502026,0.08436634914903716,7.678571428571429,0.0,0.0,0.15,0.07857142857142857,0,0.174568617435736,0.21769226287347682,3.385025593634827,0.8499567915400721,0.0,0.9411764705882353,0.0,0.0,0.0,0.0,0.0,0.08,0.11071428571428571,0.25,0.25
88,0.9134763088164536,0.4777761730419966,0.8516331692212462,0.48237551330293643,0.246879425001856,0.47229604864452507,0.6,0.39845264219812554,0.3715280641815776,0.08214285714285714,0.48,0.38469380776849527,0.36500084950490835,0.07428571428571429,0.07857142857142857,0.07142857142857142,0.2,9.025714285714285,0.09642857142857143,0.0,0.040253850598502026,0.08436634914903716,7.678571428571429,0.0,0.0,0.15,0.07857142857142857,0,0.17446677506284305,0.21660380155910944,3.388753653190701,0.9276379884153516,0.0,0.96,0.0,0.0,0.0,0.0,0.0,0.08,0.07857142857142857,0.25,0.25
89,0.9142639126671342,0.477842822199417,0.852263252301791,0.48287016097333435,0.246879425001856,0.4726612112420592,0.5821428571428572,0.39845264219812554,0.3715280641815776,0.08214285714285714,0.4657142857142857,0.38469380776849527,0.36500084950490835,0.07428571428571429,0.06428571428571428,0.05142857142857143,0.2,9.142857142857142,0.1,0.0,0.040253850598502026,0.08436634914903716,7.678571428571429,0.0,0.0,0.15,0.07857142857142857,0,0.17388001261610025,0.21552078255131388,3.3724071515554583,0.9090852286470446,0.0,1.0,0.0,0.0,0.0,0.0,0.0,0.08,0.06428571428571428,0.25,0.25
90,0.9165934795884246,0.47815069863353316,0.8533945397472241,0.4833204559149567,0.246879425001856,0.4728442416684616,0.5985663082437276,0.39629655847840556,0.36927547659799903,0.07885304659498207,0.47714285714285715,0.38469380776849527,0.36500084950490835,0.07428571428571429,0.06093189964157706,0.06285714285714286,0.20285714285714285,9.202857142857143,0.1003584229390681,0.002857142857142857,0.040351525538918916,0.08436634914903714,7.562724014336918,0.0,0.0,0.15,0.07526881720430108,0,0.17340989898159118,0.2144431786385573,3.3678161513814926,0.8909035240741037,0.0,1.0,0.0,0.0,0.0,0.0,0.0,0.08,0.06428571428571428,0.25,0.25
91,0.9168649356731837,0.4777907336019013,0.8536990532963555,0.4833316980014419,0.246879425001856,0.47298075622248736,0.6086956521739131,0.39605538705587007,0.3708083944391477,0.07971014492753623,0.48,0.3845795220542096,0.36491513521919405,0.07428571428571429,0.06159420289855073,0.05714285714285714,0.21142857142857144,9.314285714285715,0.09057971014492754,0.008571428571428572,0.040568711145519784,0.08436634914903715,7.405797101449275,0.0,0.0,0.15,0.07971014492753623,0,0.17325684948668324,0.22333858832981643,3.35760268549672,0.9181890790351538,0.0,0.95,0.0,0.0,0.0,0.0,0.0,0.08,0.06451612903225806,0.25,0.25
92,0.9171587274761189,0.4766673177756184,0.8541627978831711,0.4822052846455131,0.246879425001856,0.4731617989035758,0.6036363636363636,0.3938592248269823,0.368520424964381,0.07636363636363637,0.4742857142857143,0.3845795220542096,0.36491513521919405,0.07428571428571429,0.06909090909090909,0.06285714285714286,0.21428571428571427,9.391428571428571,0.09454545454545454,0.002857142857142857,0.04060447874477998,0.08436634914903715,7.410909090909091,0.0,0.0,0.15,0.07636363636363637,0,0.17276156523924982,0.22222189538816733,3.353307774643928,0.8998252974544506,0.0,1.0,0.0,0.0,0.0,0.0,0.0,0.08,0.06884057971014493,0.25,0.25
93,0.9207364211848093,0.4760615288825119,0.8569738429399993,0.4815587976656356,0.246879425001856,0.4731155655620923,0.5854545454545454,0.3938592248269823,0.368520424964381,0.07636363636363637,0.46,0.3845795220542096,0.36491513521919405,0.07428571428571429,0.06909090909090909,0.06285714285714286,0.21428571428571427,9.5,0.09090909090909091,0.0,0.04061600034965309,0.08436634914903715,7.410909090909091,0.0,0.0,0.15,0.08,0,0.17218347169876785,0.2211107859112265,3.349098762008192,0.8818287915053616,0.0,1.0,0.0,0.0,0.0,0.0,0.0,0.08,0.06909090909090909,0.25,0.25
94,0.9260664031569981,0.4757292317542563,0.8596795058625909,0.4808350617472388,0.246879425001856,0.4730401182297038,0.5656934306569343,0.3934019606814685,0.3689005899385294,0.07664233576642336,0.44285714285714284,0.3843509506256381,0.3647437066477655,0.07428571428571429,0.06204379562043796,0.05714285714285714,0.21714285714285714,9.6,0.09854014598540146,0.002857142857142857,0.04068725437798227,0.08436634914903715,7.204379562043796,0.0,0.0,0.15,0.08029197080291971,0,0.17243684005455975,0.22279497068402643,3.3392596439108857,0.8698972180084482,0.0,0.9,0.0,0.0,0.0,0.0,0.0,0.08,0.06545454545454546,0.25,0.25
95,0.9280662628973574,0.4760905066649063,0.8608507905338131,0.48116189821599814,0.246879425001856,0.47287100573127583,0.5531135531135531,0.3930985230627301,0.3692785978485065,0.07692307692307693,0.43142857142857144,0.38435095062563823,0.3647437066477655,0.07428571428571429,0.06593406593406594,0.06571428571428571,0.22,9.665714285714285,0.10256410256410256,0.002857142857142857,0.04086270094405291,0.08436634914903716,7.208791208791209,0.0,0.0,0.15,0.08058608058608059,0,0.17274594156857265,0.2216809958306063,3.338188736746954,0.8793129799220504,0.0,0.9565217391304348,0.0,0.0,0.0,0.0,0.0,0.08,0.06569343065693431,0.25,0.25
96,0.9325165914463283,0.47530465187797416,0.8615629276731515,0.48094398460251186,0.246879425001856,0.4727417944508316,0.6148148148148148,0.38988695511424015,0.36548585309199405,0.07407407407407407,0.4742857142857143,0.38412237919706677,0.3645722780763369,0.07428571428571429,0.05185185185185185,0.04857142857142857,0.22857142857142856,9.78,0.0962962962962963,0.008571428571428572,0.041066715754688995,0.08436634914903715,6.992592592592593,0.0,0.0,0.15,0.07777777777777778,0,0.17293935471787264,0.22597116730857478,3.3199963905834426,0.9799550149365752,0.0,0.8823529411764706,0.0,0.0,0.0,0.0,0.0,0.08,0.054945054945054944,0.25,0.25
97,0.9339931115508174,0.4749447554092979,0.8621676055227512,0.4810329813992291,0.246879425001856,0.4725170452540924,0.5985130111524164,0.3892698469742984,0.3658692837301445,0.07434944237918216,0.46,0.3840080934827811,0.36448656379062266,0.07428571428571429,0.055762081784386616,0.045714285714285714,0.23142857142857143,9.791428571428572,0.08921933085501858,0.002857142857142857,0.04137241237031431,0.08436634914903715,6.654275092936803,0.0,0.0,0.15,0.08178438661710037,0,0.1735602293728547,0.2248413114720319,3.29931074848606,0.9771463092618007,0.0,0.875,0.0,0.0,0.0,0.0,0.0,0.08,0.05555555555555555,0.25,0.25
98,0.9363765236023193,0.4743864356733828,0.8639994279280484,0.4810551551368418,0.246879425001856,0.4722749303535175,0.5799256505576208,0.3892698469742984,0.3658692837301445,0.07434944237918216,0.44571428571428573,0.3840080934827811,0.36448656379062266,0.07428571428571429,0.05204460966542751,0.045714285714285714,0.23142857142857143,9.811428571428571,0.08550185873605948,0.0,0.041480707369189296,0.08436634914903715,6.654275092936803,0.0,0.0,0.15,0.08178438661710037,0,0.172977856797419,0.22371710491467173,3.2790388192306246,0.9576033830765647,0.0,1.0,0.0,0.0,0.0,0.0,0.0,0.08,0.05204460966542751,0.25,0.25
99,0.9368160849803672,0.47447391723501714,0.8640384360938528,0.48134119304380096,0.246879425001856,0.4720764184311375,0.5783582089552238,0.3884076919659037,0.3658493711494912,0.07462686567164178,0.44285714285714284,0.3840080934827811,0.36448656379062266,0.07428571428571429,0.03731343283582089,0.03428571428571429,0.2342857142857143,9.808571428571428,0.08208955223880597,0.002857142857142857,0.041480684507291816,0.08436634914903715,6.649253731343284,0.0,0.0,0.15,0.08208955223880597,0,0.1723129675134319,0.22259851939009836,3.2477437571317256,0.9384513154150335,0.0,1.0,0.0,0.0,0.0,0.0,0.0,0.08,0.040892193308550186,0.25,0.25
100,0.9382922110404794,0.47524380144400535,0.8651700936630092,0.48182401618278975,0.246879425001856,0.47199217512552294,0.5617977528089888,0.3889110337322892,0.3657446803818268,0.0749063670411985,0.42857142857142855,0.38389380776849535,0.36440084950490836,0.07428571428571429,0.0449438202247191,0.03428571428571429,0.23714285714285716,9.788571428571428,0.08239700374531835,0.002857142857142857,0.04148298890232082,0.08436634914903716,6.6367041198501875,0.0,0.0,0.15,0.07865168539325842,0,0.17205125981872188,0.235639854547769,3.2170745962748053,0.9242505440000003,0.0,0.9166666666666666,0.0,0.0,0.0,0.0,0.0,0.08,0.04477611940298507,0.25,0.25
101,0.9384064840689541,0.4749539910675535,0.8654171714765757,0.48181414939842504,0.246879425001856,0.47196230766618086,0.4924812030075188,0.3900196397254865,0.3647444665098513,0.07518796992481203,0.3742857142857143,0.38389380776849535,0.36440084950490836,0.07428571428571429,0.045112781954887216,0.04285714285714286,0.24,9.82857142857143,0.07894736842105263,0.002857142857142857,0.041541699769013195,0.08436634914903716,6.601503759398496,0.0,0.0,0.15,0.07894736842105263,0,0.1715048606624854,0.23446165527503016,3.1955902472064515,0.9057655331200002,0.0,1.0,0.0,0.0,0.0,0.0,0.0,0.08,0.04868913857677903,0.25,0.25
102,0.9406249232732531,0.4752797170228117,0.8671031852718429,0.48247921515825326,0.246879425001856,0.4719435297989529,0.518796992481203,0.38986926378563685,0.36463168455496414,0.07518796992481203,0.3942857142857143,0.3837795220542096,0.3643151352191941,0.07428571428571429,0.03759398496240601,0.03428571428571429,0.24,9.84,0.07142857142857142,0.0,0.04154456037878363,0.08436634914903716,6.601503759398496,0.0,0.0,0.15,0.07894736842105263,0,0.171247336359173,0.233289346998655,3.1659641565480374,0.9039207967999998,0.0,0.9166666666666666,0.0,0.0,0.0,0.0,0.0,0.08,0.03759398496240601,0.25,0.25
103,0.9397391659936707,0.47519304266191353,0.8664300097393604,0.48197122111186314,0.246879425001856,0.4718533888649907,0.6090225563909775,0.38986926378563685,0.36463168455496414,0.07518796992481203,0.46285714285714286,0.3837795220542096,0.3643151352191941,0.07428571428571429,0.05263157894736842,0.045714285714285714,0.24,9.834285714285715,0.07142857142857142,0.0,0.04154456037878363,0.08436634914903716,6.601503759398496,0.0,0.0,0.15,0.07894736842105263,0,0.1706765282488057,0.23212290026366175,3.1483591591313624,0.8858423808639998,0.0,1.0,0.0,0.0,0.0,0.0,0.0,0.08,0.05263157894736842,0.25,0.25
104,0.9431807662114146,0.47374596403298896,0.8690456259048457,0.48061736043768455,0.246879425001856,0.4717826330510842,0.5789473684210527,0.38986926378563685,0.36463168455496414,0.07518796992481203,0.44,0.3837795220542096,0.3643151352191941,0.07428571428571429,0.04887218045112782,0.04,0.24,9.822857142857142,0.07142857142857142,0.0,0.04154456037878363,0.08436634914903716,6.601503759398496,0.0,0.0,0.15,0.07894736842105263,0,0.1700517170361331,0.23096228576234343,3.1253919759487347,0.8681255332467198,0.0,1.0,0.0,0.0,0.0,0.0,0.0,0.08,0.04887218045112782,0.25,0.25
105,0.9419591805407892,0.473729114019872,0.8676450778843049,0.4809486021619575,0.246879425001856,0.47155414412591096,0.569811320754717,0.3902638463876361,0.3638073455626265,0.07547169811320754,0.43142857142857144,0.3837795220542096,0.3643151352191941,0.07428571428571429,0.05660377358490566,0.04285714285714286,0.24285714285714285,9.8,0.07169811320754717,0.002857142857142857,0.04156062749586374,0.08436634914903716,6.588679245283019,0.0,0.0,0.15,0.07924528301886792,0,0.17110835070906147,0.23502931767579482,3.105741279286903,0.8598059203236089,0.0,0.9333333333333333,0.0,0.0,0.0,0.0,0.0,0.08,0.05639097744360902,0.25,0.25
106,0.9434738724857178,0.4743927889007316,0.8687919160711797,0.4813541566217061,0.246879425001856,0.47145900684254055,0.6113207547169811,0.3901129029914097,0.3636941380154567,0.07547169811320754,0.46285714285714286,0.3836652363399239,0.3642294209334798,0.07428571428571429,0.045283018867924525,0.037142857142857144,0.24285714285714285,9.768571428571429,0.07169811320754717,0.0,0.04156062749586374,0.08436634914903716,6.588679245283019,0.0,0.0,0.15,0.07924528301886792,0,0.17093823752694473,0.23925319052787103,3.0807693108440213,0.9389631103401107,0.0,0.9230769230769231,0.0,0.0,0.0,0.0,0.0,0.08,0.045283018867924525,0.25,0.25
107,0.9467284200607087,0.4742067180389422,0.8697584058366168,0.4815765568468125,0.246879425001856,0.47130178161085856,0.5606060606060606,0.38808776178188886,0.3628671017421395,0.07196969696969698,0.4228571428571429,0.3835509506256382,0.3641437066477655,0.07428571428571429,0.04924242424242424,0.04285714285714286,0.24571428571428572,9.82857142857143,0.06818181818181818,0.002857142857142857,0.04158189441767247,0.08436634914903716,6.568181818181818,0.0,0.0,0.15,0.07575757575757576,0,0.17076911776788142,0.23805692457523167,3.0620110674842844,1.0066551310133065,0.0,0.9333333333333333,0.0,0.0,0.0,0.0,0.0,0.08,0.052830188679245285,0.25,0.25
108,0.9477563299571998,0.47410540222562686,0.8704695510753381,0.48074172854452707,0.246879425001856,0.47109567616653036,0.5855513307984791,0.3884037236418895,0.3630507483345842,0.07224334600760456,0.44,0.38332237919706674,0.3639722780763369,0.07428571428571429,0.057034220532319393,0.05142857142857143,0.24857142857142858,9.817142857142857,0.06463878326996197,0.002857142857142857,0.041589029153988946,0.08436634914903715,6.547528517110266,0.0,0.0,0.15,0.07984790874524715,0,0.1714958930741599,0.23686663995235552,3.0521994175631697,1.0045220283930398,0.0,0.8888888888888888,0.0,0.0,0.0,0.0,0.0,0.08,0.06060606060606061,0.25,0.25
109,0.9459240493889111,0.4736144558196601,0.8690927231054525,0.48032275722610807,0.246879425001856,0.4708857425304873,0.6007604562737643,0.3880995411323838,0.3628226114524549,0.07224334600760456,0.4514285714285714,0.3830938077684954,0.3638008495049084,0.07428571428571429,0.053231939163498096,0.04857142857142857,0.24857142857142858,9.817142857142857,0.060836501901140684,0.0,0.04160943266756559,0.08436634914903715,6.547528517110266,0.0,0.0,0.15,0.07984790874524715,0,0.17172398503736053,0.2531174383831597,3.0397268577833345,1.1319208456173084,0.0,0.8823529411764706,0.0,0.0,0.0,0.0,0.0,0.08,0.053231939163498096,0.25,0.25
110,0.946649967057211,0.47470488113037757,0.8696381983819179,0.4811843471400598,0.246879425001856,0.47096634575604873,0.623574144486692,0.3880995411323838,0.3628226114524549,0.07224334600760456,0.4685714285714286,0.3830938077684954,0.3638008495049084,0.07428571428571429,0.049429657794676805,0.04,0.24857142857142858,9.805714285714286,0.057034220532319393,0.0,0.04160943266756559,0.08436634914903715,6.547528517110266,0.0,0.0,0.15,0.07984790874524715,0,0.17106536511217374,0.2518518511912439,3.018932320627668,1.109282428704962,0.0,1.0,0.0,0.0,0.0,0.0,0.0,0.08,0.049429657794676805,0.25,0.25
111,0.9469196915209352,0.4745765497731329,0.8697749652531573,0.48101509012632593,0.246879425001856,0.4709624572165677,0.6221374045801527,0.38799083741061463,0.36402777222930477,0.07251908396946564,0.4657142857142857,0.3829795220542096,0.36371513521919413,0.07428571428571429,0.07251908396946564,0.05714285714285714,0.25142857142857145,9.768571428571429,0.04961832061068702,0.002857142857142857,0.04161587395858968,0.08436634914903715,6.534351145038168,0.0,0.0,0.15,0.08015267175572519,0,0.17100918257232714,0.2505925919352877,3.015696531357972,1.0870967801308629,0.0,0.95,0.0,0.0,0.0,0.0,0.0,0.08,0.07224334600760456,0.25,0.25
112,0.9479484027951097,0.47422292501194796,0.8705450291212534,0.4806944798549384,0.246879425001856,0.47102412815496597,0.6450381679389313,0.38799083741061463,0.36402777222930477,0.07251908396946564,0.4828571428571429,0.3829795220542096,0.36371513521919413,0.07428571428571429,0.06870229007633588,0.05714285714285714,0.25142857142857145,9.774285714285714,0.04961832061068702,0.0,0.04162099296645136,0.08436634914903715,6.534351145038168,0.0,0.0,0.15,0.08015267175572519,0,0.17209699380232268,0.2565817341499353,3.0125254578736698,1.1257560393125654,0.0,0.9,0.0,0.0,0.0,0.0,0.0,0.08,0.06870229007633588,0.25,0.25
113,0.9489124349808985,0.4726369977963878,0.871266676071758,0.47960884842733426,0.246879425001856,0.4713487912904241,0.6259541984732825,0.3878381656548895,0.36391326841251087,0.07251908396946564,0.4685714285714286,0.3828652363399239,0.36362942093347983,0.07428571428571429,0.061068702290076333,0.05142857142857143,0.25142857142857145,9.76,0.05725190839694656,0.0,0.04162099296645136,0.08436634914903715,6.534351145038168,0.0,0.0,0.15,0.08015267175572519,0,0.17232208026188248,0.2552988254791856,3.003703520144768,1.1032409185263141,0.0,0.9444444444444444,0.0,0.0,0.0,0.0,0.0,0.08,0.061068702290076333,0.25,0.25
114,0.9510463759278016,0.4720734659926864,0.8727746441099334,0.48019979912528404,0.246879425001856,0.47156538473090126,0.6038461538461538,0.38806191848722427,0.36510900419319287,0.07307692307692308,0.44857142857142857,0.3828652363399239,0.36362942093347983,0.07428571428571429,0.05,0.045714285714285714,0.2571428571428571,9.728571428571428,0.057692307692307696,0.005714285714285714,0.04176749430655118,0.08436634914903716,6.423076923076923,0.0,0.0,0.15,0.08076923076923077,0,0.1717530055086729,0.25402233135178964,2.9893437354561585,1.0811761001557878,0.0,1.0,0.0,0.0,0.0,0.0,0.0,0.08,0.05725190839694656,0.25,0.25
115,0.9516565577153423,0.47210350467946116,0.8732279220092494,0.4803461973732792,0.246879425001856,0.47145823300956397,0.6230769230769231,0.3879080723333781,0.36500907249896675,0.07307692307692308,0.46285714285714286,0.38275095062563813,0.36355518596062614,0.07428571428571429,0.057692307692307696,0.045714285714285714,0.2571428571428571,9.725714285714286,0.06153846153846154,0.0,0.04178982602174184,0.08436634914903716,6.423076923076923,0.0,0.0,0.15,0.08076923076923077,0,0.17163638405255813,0.2541980869306199,2.975271146461321,1.0834747074802682,0.0,0.9375,0.0,0.0,0.0,0.0,0.0,0.08,0.057692307692307696,0.25,0.25
116,0.9532907812761523,0.4718410373541195,0.8729056870572601,0.4796830459893559,0.246879425001856,0.4713385323137262,0.6988416988416989,0.38798975950369624,0.3654852298924829,0.07335907335907337,0.5171428571428571,0.38263666491135245,0.36346947167491184,0.07428571428571429,0.04633204633204633,0.04,0.26,9.714285714285714,0.05019305019305019,0.002857142857142857,0.04190544193393219,0.08436634914903716,6.293436293436294,0.0,0.0,0.15,0.08108108108108109,0,0.17217600674992564,0.2529270964959668,2.955765723532094,1.0864810340474005,0.0,0.9285714285714286,0.0,0.0,0.0,0.0,0.0,0.08,0.046153846153846156,0.25,0.25
117,0.9530962224149107,0.4720435385192455,0.872761713499941,0.4797072389456623,0.246879425001856,0.47136794421854195,0.6563706563706564,0.3880669795809163,0.36554314495039797,0.07335907335907337,0.4857142857142857,0.3826938077684953,0.36351232881776896,0.07428571428571429,0.06177606177606178,0.045714285714285714,0.26,9.691428571428572,0.04633204633204633,0.0,0.04196850002674432,0.08436634914903716,6.293436293436294,0.0,0.0,0.15,0.08108108108108109,0,0.17285741314474742,0.2535266501450407,2.942364694775738,1.1205617813181594,0.0,0.9375,0.0,0.0,0.0,0.0,0.0,0.08,0.06177606177606178,0.25,0.25
118,0.9543922326484632,0.47236318275679723,0.8737207610727699,0.48010222811263104,0.246879425001856,0.4715559336961732,0.7027027027027027,0.3882214197353565,0.3656589750662281,0.07335907335907337,0.52,0.382808093482781,0.36359804310348326,0.07428571428571429,0.07335907335907337,0.05714285714285714,0.26,9.788571428571428,0.05405405405405406,0.0,0.04196850002674432,0.08436634914903716,6.293436293436294,0.0,0.0,0.15,0.08108108108108109,0,0.17276412607902367,0.2522590168943155,2.9406602580230805,1.0981505456917962,0.0,1.0,0.0,0.0,0.0,0.0,0.0,0.08,0.07335907335907337,0.25,0.25
119,0.9550437416010668,0.47252534686743985,0.8734727051658323,0.48029858566084627,0.246879425001856,0.47168853774540004,0.6976744186046512,0.38755820034263294,0.3662452302955262,0.07364341085271318,0.5142857142857142,0.3826938077684953,0.36351232881776896,0.07428571428571429,0.046511627906976744,0.037142857142857144,0.26285714285714284,9.82857142857143,0.050387596899224806,0.002857142857142857,0.04196900191354759,0.08436634914903715,6.294573643410852,0.0,0.0,0.15,0.08139534883720931,0,0.1725288768772,0.250997721809844,2.918989910005476,1.0761875347779604,0.0,0.9230769230769231,0.0,0.0,0.0,0.0,0.0,0.08,0.04633204633204633,0.25,0.25
120,0.9558971202070634,0.47216781176233824,0.8741017671096815,0.4798172510359211,0.246879425001856,0.47177409606995296,0.6666666666666666,0.38755820034263294,0.3662452302955262,0.07364341085271318,0.49142857142857144,0.3826938077684953,0.36351232881776896,0.07428571428571429,0.06201550387596899,0.05142857142857143,0.26285714285714284,9.862857142857143,0.05813953488372093,0.0,0.04196900191354759,0.08436634914903715,6.294573643410852,0.0,0.0,0.15,0.08139534883720931,0,0.171923232492814,0.24974273320079474,2.9120386832339378,1.0546637840824011,0.0,1.0,0.0,0.0,0.0,0.0,0.0,0.08,0.06201550387596899,0.25,0.25
121,0.9556946304529743,0.4720645422473113,0.8739525032338101,0.4796887108569986,0.246879425001856,0.47187763014208195,0.6744186046511628,0.3876357197224779,0.3663033698304099,0.07364341085271318,0.49714285714285716,0.38275095062563813,0.36355518596062614,0.07428571428571429,0.05813953488372093,0.04285714285714286,0.26285714285714284,9.925714285714285,0.06976744186046512,0.0,0.04196900191354759,0.08436634914903715,6.294573643410852,0.0,0.0,0.15,0.08139534883720931,0,0.17169218775892137,0.24849401953479078,2.896655052426402,1.0335705084007532,0.0,1.0,0.0,0.0,0.0,0.0,0.0,0.08,0.05813953488372093,0.25,0.25
122,0.9564783482349339,0.47170526585635825,0.8745132664086109,0.47944783961741294,0.246879425001856,0.4719898446658037,0.642023346303502,0.3851751583206198,0.3637792584289718,0.07003891050583658,0.4714285714285714,0.3826938077684953,0.36351232881776896,0.07428571428571429,0.07392996108949416,0.06,0.26571428571428574,10.005714285714285,0.058365758754863814,0.002857142857142857,0.04197400264142729,0.08436634914903715,6.280155642023346,0.0,0.0,0.15,0.07782101167315175,0,0.17280501253441247,0.2591723603910479,2.8987219513778735,1.0226642752665385,0.0,0.9047619047619048,0.0,0.0,0.0,0.0,0.0,0.08,0.07364341085271318,0.25,0.25
123,0.9559586717613004,0.4706568397415464,0.8741316753979713,0.47886501198883574,0.246879425001856,0.47231197494313554,0.6108949416342413,0.38486387427392715,0.3635457953939524,0.07003891050583658,0.44857142857142857,0.38246523633992385,0.3633409002463404,0.07428571428571429,0.07003891050583658,0.05142857142857143,0.26571428571428574,10.077142857142857,0.06614785992217899,0.0,0.04197813444103656,0.08436634914903715,6.280155642023346,0.0,0.0,0.15,0.08171206225680934,0,0.17299813032888323,0.25915768721230553,2.8921760837788875,1.1343908527218078,0.0,0.8888888888888888,0.0,0.0,0.0,0.0,0.0,0.08,0.07003891050583658,0.25,0.25
124,0.9586316981182754,0.4710243231200993,0.8754311113748144,0.4797662291173835,0.246879425001856,0.4725287027869966,0.609375,0.3853400129595511,0.3620848271355285,0.07421875,0.44571428571428573,0.38246523633992385,0.3633409002463404,0.07714285714285714,0.0625,0.05142857142857143,0.26857142857142857,10.117142857142857,0.0625,0.002857142857142857,0.04200609952267367,0.08436634914903716,6.25,0.0,0.0,0.15,0.08203125,0,0.17404728253438168,0.257861898776244,2.885761133531881,1.1301077656025422,0.0,0.8888888888888888,0.0,0.0,0.0,0.0,0.0,0.08,0.06614785992217899,0.25,0.25
125,0.9589423015567455,0.4716048249682769,0.8756582956040955,0.48012179735781274,0.246879425001856,0.4726370919760629,0.59765625,0.3853400129595511,0.3620848271355285,0.07421875,0.43714285714285717,0.38246523633992385,0.3633409002463404,0.07714285714285714,0.04296875,0.03142857142857143,0.26857142857142857,10.231428571428571,0.0703125,0.0,0.04202785631849007,0.08436634914903716,6.25,0.0,0.0,0.15,0.078125,0,0.1734053318359955,0.25657258928236276,2.859474482289815,1.1075056102904914,0.0,1.0,0.0,0.0,0.0,0.0,0.0,0.08,0.04296875,0.25,0.25
126,0.9591186166383067,0.47177135977034457,0.875791256118047,0.4803469074018007,0.246879425001856,0.47275980062052664,0.6313725490196078,0.3840928899510493,0.36350476763409917,0.07450980392156863,0.46,0.38246523633992385,0.3633409002463404,0.07714285714285714,0.06274509803921569,0.045714285714285714,0.2714285714285714,10.282857142857143,0.06666666666666667,0.002857142857142857,0.042084484828933,0.08436634914903715,6.203921568627451,0.0,0.0,0.15,0.0784313725490196,0,0.17348095342422845,0.255289726335951,2.847999278358304,1.0853554980846816,0.0,0.9375,0.0,0.0,0.0,0.0,0.0,0.08,0.0625,0.25,0.25
127,0.9599336702589258,0.47277280890816153,0.876385080898784,0.48093616842347336,0.246879425001856,0.47288743764307384,0.5803921568627451,0.3840928899510493,0.36350476763409917,0.07450980392156863,0.4228571428571429,0.38246523633992385,0.3633409002463404,0.07714285714285714,0.06666666666666667,0.05142857142857143,0.2714285714285714,10.314285714285715,0.06274509803921569,0.0,0.0421072544208921,0.08436634914903715,6.203921568627451,0.0,0.0,0.15,0.0784313725490196,0,0.17375612008567876,0.25590812201564983,2.842467864219709,1.1052807753099105,0.0,0.8888888888888888,0.0,0.0,0.0,0.0,0.0,0.08,0.06666666666666667,0.25,0.25
128,0.9592380055318245,0.4724278466310359,0.8758782394547526,0.4807615312592043,0.246879425001856,0.47329374593066326,0.6235294117647059,0.38424975269614736,0.3636224146929227,0.07450980392156863,0.4542857142857143,0.38257952205420953,0.3634266145320547,0.07714285714285714,0.058823529411764705,0.045714285714285714,0.2714285714285714,10.357142857142858,0.0784313725490196,0.0,0.0421072544208921,0.08436634914903715,6.203921568627451,0.0,0.0,0.15,0.0784313725490196,0,0.17351591091382176,0.2546285814055716,2.8313327926496012,1.0831751598037123,0.0,0.9375,0.0,0.0,0.0,0.0,0.0,0.08,0.058823529411764705,0.25,0.25
129,0.9584728559232216,0.4714879516949266,0.8753207733113423,0.48023634992000486,0.246879425001856,0.47367158233040585,0.5843137254901961,0.38424975269614736,0.3636224146929227,0.07450980392156863,0.4257142857142857,0.38257952205420953,0.3634266145320547,0.07714285714285714,0.01568627450980392,0.014285714285714285,0.2714285714285714,10.374285714285714,0.08627450980392157,0.0,0.0421072544208921,0.08436634914903715,6.203921568627451,0.0,0.0,0.15,0.0784313725490196,0,0.17279104564496695,0.2533554384985438,2.788991851082323,1.061511656607638,0.0,1.0,0.0,0.0,0.0,0.0,0.0,0.08,0.01568627450980392,0.25,0.25
130,0.9574031498832324,0.4711360996864417,0.8745704251435008,0.4800169728844161,0.246879425001856,0.4740224949987081,0.6023622047244095,0.38465733250881595,0.3646564814530115,0.07480314960629922,0.43714285714285717,0.382808093482781,0.36353024001391043,0.07714285714285714,0.047244094488188976,0.037142857142857144,0.2742857142857143,10.382857142857143,0.08661417322834646,0.002857142857142857,0.04209665100107244,0.08436634914903716,6.196850393700787,0.0,0.0,0.15,0.07874015748031496,0,0.17221237613102783,0.25208866130605107,2.7703548712035335,1.0402814234754851,0.0,1.0,0.0,0.0,0.0,0.0,0.0,0.08,0.047058823529411764,0.25,0.25
131,0.9578144210965425,0.4715805905464252,0.8743655216504728,0.4800847455235636,0.246879425001856,0.4743915126439144,0.6031746031746031,0.38547254805808273,0.3650442961808684,0.07539682539682539,0.4342857142857143,0.3829795220542096,0.36353024001391043,0.07714285714285714,0.04365079365079365,0.03428571428571429,0.28,10.422857142857143,0.07936507936507936,0.005714285714285714,0.04219691669922319,0.08436634914903715,6.119047619047619,0.0,0.0,0.15,0.07936507936507936,0,0.17188323029105954,0.2508282179995208,2.749233488065177,1.0194757950059752,0.0,1.0,0.0,0.0,0.0,0.0,0.0,0.08,0.04330708661417323,0.25,0.25
132,0.9585271535524109,0.47204307663217854,0.874878689018698,0.4808017357789767,0.246879425001856,0.4747134033695541,0.6190476190476191,0.38539318297871766,0.3648062009427732,0.07539682539682539,0.44571428571428573,0.38292237919706673,0.3633588114424819,0.07714285714285714,0.06349206349206349,0.04857142857142857,0.28,10.51142857142857,0.08333333333333333,0.0,0.04223164352833871,0.08436634914903715,6.119047619047619,0.0,0.0,0.15,0.07936507936507936,0,0.17213795699674708,0.25185235327497163,2.742820246875302,1.0219333452554478,0.0,0.8823529411764706,0.0,0.0,0.0,0.0,0.0,0.08,0.06349206349206349,0.25,0.25
133,0.9579410045163197,0.4728155738019218,0.8742277297916363,0.48136383503392793,0.246879425001856,0.4750584812185643,0.588,0.3863311623586779,0.36333380691349204,0.076,0.42,0.3828939625131448,0.3632730971567676,0.07714285714285714,0.044,0.03428571428571429,0.2857142857142857,10.542857142857143,0.08,0.005714285714285714,0.04225909462873806,0.08436634914903715,6.064,0.0,0.0,0.15,0.08,0,0.17187726721176336,0.25059309150859677,2.7222495562235105,1.002060961648138,0.0,0.9166666666666666,0.0,0.0,0.0,0.0,0.0,0.08,0.04365079365079365,0.25,0.25
134,0.9602766084285222,0.47383241130951276,0.875745164706155,0.48171469748198953,0.246879425001856,0.475296884399638,0.570281124497992,0.3855856472618833,0.36281023823619696,0.07630522088353414,0.4057142857142857,0.3828939625131448,0.3632730971567676,0.07714285714285714,0.040160642570281124,0.03428571428571429,0.2885714285714286,10.602857142857143,0.08032128514056225,0.002857142857142857,0.042438008993985823,0.08436634914903715,5.903614457831325,0.0,0.0,0.15,0.08032128514056225,0,0.17121773801856166,0.2493401260510538,2.7020902793847545,0.9820197424151752,0.0,1.0,0.0,0.0,0.0,0.0,0.0,0.08,0.044,0.25,0.25
135,0.9609364754561522,0.4736278932845217,0.8762146129629547,0.48194244883889725,0.246879425001856,0.47556051776155717,0.6626506024096386,0.3855856472618833,0.36281023823619696,0.07630522088353414,0.4714285714285714,0.3828939625131448,0.3632730971567676,0.07714285714285714,0.03614457831325301,0.025714285714285714,0.2885714285714286,10.654285714285715,0.08032128514056225,0.0,0.04253483515707119,0.08436634914903715,5.903614457831325,0.0,0.0,0.15,0.08032128514056225,0,0.17072799459499707,0.24809342542079854,2.673762759511345,0.9623793475668716,0.0,1.0,0.0,0.0,0.0,0.0,0.0,0.08,0.03614457831325301,0.25,0.25
136,0.9613575299407621,0.4736701748994525,0.8765141631534342,0.4814424719168947,0.246879425001856,0.47588493317087127,0.6224899598393574,0.38542500469160224,0.3626897563084861,0.07630522088353414,0.44285714285714284,0.382779676798859,0.3631873828710533,0.07714285714285714,0.05220883534136546,0.037142857142857144,0.2885714285714286,10.677142857142858,0.08433734939759036,0.0,0.04253483515707119,0.08436634914903715,5.903614457831325,0.0,0.0,0.15,0.08032128514056225,0,0.1705880696220221,0.24685295829369452,2.657430361463975,0.9645306455398049,0.0,0.9230769230769231,0.0,0.0,0.0,0.0,0.0,0.08,0.05220883534136546,0.25,0.25
137,0.9604105238630343,0.474527788726615,0.8758404359724221,0.48211279848232885,0.246879425001856,0.4762691990826796,0.5903614457831325,0.3852643621213211,0.36256927438077524,0.07630522088353414,0.42,0.3826653910845732,0.363101668585339,0.07714285714285714,0.020080321285140562,0.02,0.2885714285714286,10.728571428571428,0.08433734939759036,0.0,0.04253483515707119,0.08436634914903715,5.903614457831325,0.0,0.0,0.15,0.08032128514056225,0,0.17030612998819772,0.24561869350222607,2.624281754234696,0.9818595893653781,0.0,0.8571428571428571,0.0,0.0,0.0,0.0,0.0,0.08,0.020080321285140562,0.25,0.25
138,0.9620263565014144,0.4755867918604138,0.8761054851020442,0.48236299143930234,0.246879425001856,0.4767520134422934,0.6275303643724697,0.38225112039512027,0.3606238198022496,0.0728744939271255,0.44285714285714284,0.3825511053702875,0.3630159542996247,0.07714285714285714,0.05263157894736842,0.04285714285714286,0.29428571428571426,10.711428571428572,0.08906882591093117,0.005714285714285714,0.04256666740536391,0.08436634914903719,5.870445344129554,0.0,0.0,0.15,0.07692307692307693,0,0.17025388505254244,0.26761110629554863,2.6146532620071445,0.9787615782026311,0.0,0.9333333333333333,0.0,0.0,0.0,0.0,0.0,0.08,0.05220883534136546,0.25,0.25
139,0.9616543098486139,0.4745181639435893,0.8758966672152517,0.481822370325514,0.246879425001856,0.4774177340536446,0.6341463414634146,0.38173264995043343,0.3606671227417373,0.07317073170731707,0.44571428571428573,0.38243681965600185,0.36293024001391044,0.07714285714285714,0.04065040650406504,0.03142857142857143,0.29714285714285715,10.768571428571429,0.08130081300813008,0.002857142857142857,0.042636769607952,0.08436634914903718,5.837398373983739,0.0,0.0,0.15,0.08130081300813008,0,0.16997404419870832,0.2662730507640709,2.593788768195573,0.9622992596815203,0.0,0.9090909090909091,0.0,0.0,0.0,0.0,0.0,0.08,0.04048582995951417,0.25,0.25
140,0.9627915078057014,0.47491693158444653,0.8766959549222332,0.481807504303533,0.246879425001856,0.4780941273593373,0.6463414634146342,0.38173264995043343,0.3606671227417373,0.07317073170731707,0.4542857142857143,0.38243681965600185,0.36293024001391044,0.07714285714285714,0.036585365853658534,0.02857142857142857,0.29714285714285715,10.805714285714286,0.07723577235772358,0.0,0.042639139780630206,0.08436634914903718,5.837398373983739,0.0,0.0,0.15,0.08130081300813008,0,0.16938088826342904,0.2649416855102505,2.57048442140309,0.9430532744878899,0.0,1.0,0.0,0.0,0.0,0.0,0.0,0.08,0.036585365853658534,0.25,0.25
141,0.9620714735315256,0.4745569625749914,0.8761898736895266,0.48156783490550953,0.246879425001856,0.47859978532811165,0.6219512195121951,0.3819765523894578,0.3608500495710056,0.07317073170731707,0.43714285714285717,0.38260824822743045,0.36305881144248187,0.07714285714285714,0.056910569105691054,0.04285714285714286,0.29714285714285715,10.842857142857143,0.07723577235772358,0.0,0.042639139780630206,0.08436634914903718,5.837398373983739,0.0,0.0,0.15,0.08130081300813008,0,0.17044798382211188,0.2636169770826992,2.561931875832171,0.9465477849831874,0.0,0.9333333333333333,0.0,0.0,0.0,0.0,0.0,0.08,0.056910569105691054,0.25,0.25
142,0.965476110524888,0.4748294027287341,0.8775219868470698,0.48149316102094497,0.246879425001856,0.47909991441892325,0.639344262295082,0.3844519333166129,0.3610529305721915,0.07377049180327869,0.44571428571428573,0.3827225339417162,0.36314452572819617,0.07714285714285714,0.05737704918032787,0.04857142857142857,0.3028571428571429,10.894285714285715,0.06967213114754098,0.005714285714285714,0.042747998927696665,0.08436634914903718,5.688524590163935,0.0,0.0,0.15,0.08196721311475409,0,0.17113831533157278,0.2622988921972857,2.559264666886956,0.9841223224461434,0.0,0.9411764705882353,0.0,0.0,0.0,0.0,0.0,0.08,0.06504065040650407,0.25,0.25
143,0.9644766236694322,0.4745940221236668,0.8768252017249807,0.4816422029325238,0.246879425001856,0.4795381842609312,0.6065573770491803,0.3839601300379244,0.36068407811317515,0.07377049180327869,0.4228571428571429,0.38237967679885904,0.36288738287105327,0.07714285714285714,0.03278688524590164,0.022857142857142857,0.3028571428571429,10.874285714285714,0.07377049180327869,0.0,0.04283385066827992,0.08436634914903718,5.688524590163935,0.0,0.0,0.15,0.08196721311475409,0,0.17165405232634345,0.3111359390403787,2.5309365164063595,1.0137100737894336,0.0,0.625,0.0,0.0,0.0,0.0,0.0,0.08,0.03278688524590164,0.25,0.25
144,0.9643431964257222,0.4753392949759398,0.8768340604567207,0.4825038316621947,0.246879425001856,0.4798865215056559,0.6255144032921811,0.3836958150145589,0.3605215552678846,0.07407407407407407,0.4342857142857143,0.3821511053702877,0.3627159542996247,0.07714285714285714,0.0205761316872428,0.017142857142857144,0.3057142857142857,10.90857142857143,0.06995884773662552,0.002857142857142857,0.04281674846462893,0.08436634914903718,5.68724279835391,0.0,0.0,0.15,0.0823045267489712,0,0.17176706777899747,0.3095802593451768,2.4974606432210895,1.0107313660181676,0.0,0.6666666666666666,0.0,0.0,0.0,0.0,0.0,0.08,0.020491803278688523,0.25,0.25
145,0.9630095492659642,0.4751088033503448,0.8758437840433513,0.48193892281736045,0.246879425001856,0.4803069116249417,0.6033057851239669,0.3844921082692161,0.36139765615227876,0.0743801652892562,0.41714285714285715,0.3821511053702877,0.3627159542996247,0.07714285714285714,0.03305785123966942,0.02857142857142857,0.30857142857142855,10.962857142857143,0.06611570247933884,0.002857142857142857,0.04294085789985858,0.08436634914903716,5.421487603305785,0.0,0.0,0.15,0.07851239669421488,0,0.1711362331543882,0.3080323580484509,2.476082858928096,0.9905167386978043,0.0,1.0,0.0,0.0,0.0,0.0,0.0,0.08,0.037037037037037035,0.25,0.25
146,0.9641465035295417,0.4761078475301057,0.8766299067055963,0.48253203682259854,0.246879425001856,0.4808075343255931,0.6239669421487604,0.3844921082692161,0.36139765615227876,0.0743801652892562,0.43142857142857144,0.3821511053702877,0.3627159542996247,0.07714285714285714,0.03305785123966942,0.022857142857142857,0.30857142857142855,10.962857142857143,0.07024793388429752,0.0,0.043149415804339085,0.08436634914903716,5.421487603305785,0.0,0.0,0.15,0.07851239669421488,0,0.17039483770290198,0.30649219625820867,2.4494183446066775,0.9707064039238482,0.0,1.0,0.0,0.0,0.0,0.0,0.0,0.08,0.03305785123966942,0.25,0.25
147,0.964257748527684,0.47672010777126145,0.8767068246757405,0.4829361522209107,0.246879425001856,0.48138553989908,0.6239669421487604,0.38383095124442274,0.3609017883836837,0.0743801652892562,0.43142857142857144,0.38169396251314475,0.3623730971567676,0.07714285714285714,0.045454545454545456,0.03142857142857143,0.30857142857142855,11.022857142857143,0.06198347107438017,0.0,0.043149415804339085,0.08436634914903716,5.421487603305785,0.0,0.0,0.15,0.07851239669421488,0,0.1713714349429589,0.3049597352769176,2.4318585491431155,1.0448782195073145,0.0,0.6363636363636364,0.0,0.0,0.0,0.0,0.0,0.08,0.045454545454545456,0.25,0.25
148,0.9642636806165824,0.4767930074568527,0.8766768743602247,0.48255506161012346,0.246879425001856,0.4819382022120942,0.6058091286307054,0.3839211811969285,0.3617379034576545,0.07468879668049792,0.41714285714285715,0.381579676798859,0.3622873828710533,0.07714285714285714,0.05394190871369295,0.037142857142857144,0.31142857142857144,11.057142857142857,0.06224066390041494,0.002857142857142857,0.04322360816536868,0.08436634914903716,5.369294605809128,0.0,0.0,0.15,0.07883817427385892,0,0.17172243966796025,0.303434936600533,2.42036423530311,1.0239806551171682,0.0,0.9230769230769231,0.0,0.0,0.0,0.0,0.0,0.08,0.05371900826446281,0.25,0.25
149,0.9660258354974955,0.478092686945872,0.8778902438639391,0.48344358212695787,0.246879425001856,0.48229780060154653,0.6348547717842323,0.3842531314043973,0.36198686611325614,0.07468879668049792,0.43714285714285717,0.3818082482274305,0.3624588114424819,0.07714285714285714,0.04564315352697095,0.03428571428571429,0.31142857142857144,11.065714285714286,0.058091286307053944,0.0,0.043232691829685636,0.08436634914903716,5.369294605809128,0.0,0.0,0.15,0.07883817427385892,0,0.17186382746962042,0.30191776191753034,2.406242664882762,1.0035010420148247,0.0,1.0,0.0,0.0,0.0,0.0,0.0,0.08,0.04564315352697095,0.25,0.25
150,0.9681210762128266,0.47804902594412024,0.8793329667564955,0.48354256980528654,0.246879425001856,0.48260902651810633,0.6639004149377593,0.38408715630066287,0.3618623847854554,0.07468879668049792,0.45714285714285713,0.38169396251314475,0.3623730971567676,0.07714285714285714,0.03734439834024896,0.025714285714285714,0.31142857142857144,11.122857142857143,0.05394190871369295,0.0,0.043232691829685636,0.08436634914903716,5.369294605809128,0.0,0.0,0.15,0.07883817427385892,0,0.17160436547512947,0.3322909651190533,2.3838320972993925,0.9834310211745281,0.0,0.8888888888888888,0.0,0.0,0.0,0.0,0.0,0.08,0.03734439834024896,0.25,0.25
151,0.9680425746894576,0.47879215050759794,0.8791667127789786,0.4835966787856237,0.246879425001856,0.4828220737378004,0.6541666666666667,0.38278537417548,0.36210159896186495,0.075,0.44857142857142857,0.38157967679885896,0.3622873828710533,0.07714285714285714,0.025,0.017142857142857144,0.3142857142857143,11.157142857142857,0.05,0.002857142857142857,0.04324493738144718,0.08436634914903716,5.35,0.0,0.0,0.15,0.07916666666666666,0,0.17126062936203953,0.33062951029345805,2.353298312496262,0.9874347868550825,0.0,0.8333333333333334,0.0,0.0,0.0,0.0,0.0,0.08,0.024896265560165973,0.25,0.25
152,0.9684797452631376,0.47921283440605217,0.8794664868866452,0.4838988284542712,0.246879425001856,0.4829634498057861,0.6333333333333333,0.3826187075088133,0.36197659896186496,0.075,0.4342857142857143,0.38146539108457334,0.36220166858533903,0.07714285714285714,0.05416666666666667,0.037142857142857144,0.3142857142857143,11.214285714285714,0.05,0.0,0.0432590705192975,0.08436634914903716,5.35,0.0,0.0,0.15,0.07916666666666666,0,0.1711178983580865,0.32897636274199077,2.343375203389194,0.9820000000000004,0.0,0.9230769230769231,0.0,0.0,0.0,0.0,0.0,0.08,0.05416666666666667,0.25,0.25
153,0.9689533732056171,0.4792817024194403,0.8798352913342806,0.4839925022359586,0.246879425001856,0.48313250507144057,0.6527196652719666,0.38127826710033574,0.3623001021767345,0.07531380753138076,0.44571428571428573,0.381579676798859,0.3622873828710533,0.07714285714285714,0.03765690376569038,0.02857142857142857,0.3171428571428571,11.231428571428571,0.04602510460251046,0.002857142857142857,0.043276488594558744,0.08436634914903718,5.338912133891213,0.0,0.0,0.15,0.0794979079497908,0,0.17166230886629605,0.3273314809282808,2.325079127892838,0.9819380200831841,0.0,0.9,0.0,0.0,0.0,0.0,0.0,0.08,0.041666666666666664,0.25,0.25
154,0.9676849347219182,0.4790338889641021,0.8788133435272211,0.4843971004475673,0.246879425001856,0.4832996802520204,0.5714285714285714,0.38177714154027803,0.3612081811550967,0.07563025210084033,0.38857142857142857,0.381579676798859,0.3622873828710533,0.07714285714285714,0.037815126050420166,0.02857142857142857,0.32,11.254285714285714,0.04201680672268908,0.002857142857142857,0.043483702447395856,0.08436634914903718,5.201680672268908,0.0,0.0,0.15,0.07983193277310924,0,0.17128015271102529,0.3256948235236394,2.3071489739064095,0.9622992596815203,0.0,1.0,0.0,0.0,0.0,0.0,0.0,0.08,0.04184100418410042,0.25,0.25
155,0.9688556760383965,0.4786536607076135,0.8796094476224263,0.48471158403772685,0.246879425001856,0.48352160341558,0.6386554621848739,0.38177714154027803,0.3612081811550967,0.07563025210084033,0.4342857142857143,0.381579676798859,0.3622873828710533,0.07714285714285714,0.046218487394957986,0.03428571428571429,0.32,11.277142857142858,0.04201680672268908,0.0,0.043483702447395856,0.08436634914903718,5.201680672268908,0.0,0.0,0.15,0.07983193277310924,0,0.17062346623318445,0.3240663494060212,2.295291708713996,0.9430532744878899,0.0,1.0,0.0,0.0,0.0,0.0,0.0,0.08,0.046218487394957986,0.25,0.25
156,0.9697568875162277,0.47925894119507295,0.8802222714273515,0.485207185713227,0.246879425001856,0.48365455774525923,0.6890756302521008,0.3816090743133872,0.36108213073492856,0.07563025210084033,0.4685714285714286,0.38146539108457334,0.36220166858533903,0.07714285714285714,0.05042016806722689,0.03428571428571429,0.32,11.285714285714286,0.037815126050420166,0.0,0.043483702447395856,0.08436634914903718,5.201680672268908,0.0,0.0,0.15,0.07983193277310924,0,0.1703417774734471,0.32244601765899106,2.28367158882543,0.940666984983186,0.0,0.9166666666666666,0.0,0.0,0.0,0.0,0.0,0.08,0.05042016806722689,0.25,0.25
157,0.9688039660234676,0.4793628715208923,0.8795742848122747,0.48527963430093,0.246879425001856,0.4838506807409992,0.6386554621848739,0.38194520876716875,0.36133423157526473,0.07563025210084033,0.4342857142857143,0.38169396251314475,0.3623730971567676,0.07714285714285714,0.06302521008403361,0.04285714285714286,0.32,11.271428571428572,0.046218487394957986,0.0,0.043483702447395856,0.08436634914903718,5.201680672268908,0.0,0.0,0.15,0.07983193277310924,0,0.1709186400146513,0.32083378757069614,2.2808552999060643,0.9218536452835223,0.0,1.0,0.0,0.0,0.0,0.0,0.0,0.08,0.06302521008403361,0.25,0.25
158,0.9698823154104017,0.4795179235938332,0.8796994793132732,0.48512859681397846,0.246879425001856,0.4840445375782992,0.6371308016877637,0.3832464658207357,0.36018308903956753,0.0759493670886076,0.43142857142857144,0.381579676798859,0.36228738287105333,0.07714285714285714,0.029535864978902954,0.022857142857142857,0.32285714285714284,11.288571428571428,0.046413502109704644,0.002857142857142857,0.043505839453742125,0.08436634914903718,5.189873417721519,0.0,0.0,0.15,0.08016877637130802,0,0.17057833252886376,0.31922961863284266,2.2580953367650864,0.9129882104866918,0.0,0.875,0.0,0.0,0.0,0.0,0.0,0.08,0.03361344537815126,0.25,0.25
159,0.970061398413235,0.47998034241546533,0.8795801096644943,0.4853860560265664,0.246879425001856,0.4843595799660121,0.5889830508474576,0.3831300911496852,0.36016991615681254,0.07627118644067797,0.39714285714285713,0.38146539108457334,0.36220166858533903,0.07714285714285714,0.0423728813559322,0.03142857142857143,0.32571428571428573,11.314285714285715,0.0423728813559322,0.002857142857142857,0.04356309253575183,0.08436634914903718,5.161016949152542,0.0,0.0,0.15,0.08050847457627118,0,0.17035372658050513,0.31763347053967844,2.2443620014583554,0.9752327314942049,0.0,0.9090909090909091,0.0,0.0,0.0,0.0,0.0,0.08,0.046413502109704644,0.25,0.25
160,0.967990605474016,0.4788373501950846,0.878183803568335,0.48456650641089155,0.246879425001856,0.48458902091285383,0.6228813559322034,0.3829605996242615,0.3600427975127447,0.07627118644067797,0.42,0.38135110537028755,0.36211595429962473,0.07714285714285714,0.059322033898305086,0.04,0.32571428571428573,11.34,0.0423728813559322,0.0,0.04357068269583131,0.08436634914903718,5.161016949152542,0.0,0.0,0.15,0.08050847457627118,0,0.1709019579476026,0.31604530318698004,2.239474761429189,0.9643600000000009,0.0,0.9285714285714286,0.0,0.0,0.0,0.0,0.0,0.08,0.059322033898305086,0.25,0.25
161,0.9685385437620478,0.47951741895053374,0.8783396736167697,0.48435931595813575,0.246879425001856,0.4847724995516596,0.6042553191489362,0.3841885050566138,0.3598451551346498,0.07659574468085106,0.4057142857142857,0.38135110537028755,0.36211595429962473,0.07714285714285714,0.0425531914893617,0.03142857142857143,0.32857142857142857,11.351428571428572,0.0425531914893617,0.002857142857142857,0.0436680886426038,0.08436634914903718,5.029787234042553,0.0,0.0,0.15,0.08085106382978724,0,0.1702187338721503,0.3144650766710451,2.226113837629177,0.9450728000000008,0.0,1.0,0.0,0.0,0.0,0.0,0.0,0.08,0.046610169491525424,0.25,0.25
162,0.9695425026069546,0.48002841686255504,0.8788197777643443,0.4852875823756218,0.246879425001856,0.48502978419863707,0.6410256410256411,0.3856460776735235,0.35983196288002395,0.07692307692307693,0.42857142857142855,0.38135110537028755,0.36211595429962473,0.07714285714285714,0.04700854700854701,0.03142857142857143,0.3314285714285714,11.40857142857143,0.04700854700854701,0.002857142857142857,0.043851210852124775,0.08436634914903716,4.914529914529915,0.0,0.0,0.15,0.0811965811965812,0,0.16982673621602218,0.3128927512876899,2.2130201323051644,0.9261713440000008,0.0,1.0,0.0,0.0,0.0,0.0,0.0,0.08,0.04680851063829787,0.25,0.25
163,0.9707632510320741,0.4807965017705712,0.8796359352828523,0.48513028448034157,0.246879425001856,0.48525051793506224,0.6196581196581197,0.3854751375025833,0.35970375775181884,0.07692307692307693,0.4142857142857143,0.3812368196560018,0.3620302400139105,0.07714285714285714,0.05128205128205128,0.03428571428571429,0.3314285714285714,11.4,0.042735042735042736,0.0,0.04393444202039527,0.08436634914903716,4.914529914529915,0.0,0.0,0.15,0.0811965811965812,0,0.1695774596777992,0.3200300615938415,2.203045443944775,0.9418258914991195,0.0,0.9166666666666666,0.0,0.0,0.0,0.0,0.0,0.08,0.05128205128205128,0.25,0.25
164,0.9738184636475571,0.4811663406494969,0.8797017057183822,0.48514750462500694,0.246879425001856,0.4855483021430265,0.6266094420600858,0.38632919456268167,0.3605273015233648,0.0815450643776824,0.41714285714285715,0.38157967679885896,0.36228738287105333,0.08,0.055793991416309016,0.037142857142857144,0.3342857142857143,11.451428571428572,0.034334763948497854,0.002857142857142857,0.04395701113933635,0.08436634914903716,4.901287553648069,0.0,0.0,0.15,0.0815450643776824,0,0.1693418736515203,0.3184299112858723,2.1961273922087368,0.9229893736691371,0.0,1.0,0.0,0.0,0.0,0.0,0.0,0.08,0.05555555555555555,0.25,0.25
165,0.973727949836919,0.4824282859721801,0.879641449381586,0.4858908236201392,0.246879425001856,0.48580654504075965,0.630901287553648,0.38653290942654706,0.3609135676177854,0.0815450643776824,0.42,0.3817152926939465,0.3625445257281962,0.08,0.04721030042918455,0.04,0.3342857142857143,11.44,0.030042918454935622,0.0,0.04395701113933635,0.08436634914903716,4.901287553648069,0.0,0.0,0.15,0.0815450643776824,0,0.16869502142611983,0.3168377617294429,2.1922048443645616,0.9045295861957543,0.0,1.0,0.0,0.0,0.0,0.0,0.0,0.08,0.04721030042918455,0.25,0.25
166,0.9740678153197623,0.48317923190247714,0.8798677026887359,0.4857265282786956,0.246879425001856,0.4861972275846531,0.6266094420600858,0.38653290942654706,0.36117107834739914,0.0815450643776824,0.41714285714285715,0.3817152926939465,0.3627159542996247,0.08,0.055793991416309016,0.04,0.3342857142857143,11.442857142857143,0.03862660944206009,0.0,0.04395701113933635,0.08436634914903716,4.901287553648069,0.0,0.0,0.15,0.0815450643776824,0,0.16802297489041784,0.3152535729207957,2.188360747477271,0.8864389944718393,0.0,1.0,0.0,0.0,0.0,0.0,0.0,0.08,0.055793991416309016,0.25,0.25
167,0.9742781460498843,0.48382008041346475,0.880007722860503,0.48600349724725117,0.246879425001856,0.4866301544188024,0.6051502145922747,0.3863612356068045,0.36123545602980256,0.0815450643776824,0.40285714285714286,0.3816010069796608,0.3627588114424819,0.08,0.04291845493562232,0.02857142857142857,0.3342857142857143,11.465714285714286,0.03862660944206009,0.0,0.04395701113933635,0.08436634914903716,4.901287553648069,0.0,0.0,0.15,0.0815450643776824,0,0.16769714573025146,0.31367730505619174,2.173164961099154,0.8782966700520597,0.0,0.9,0.0,0.0,0.0,0.0,0.0,0.08,0.04291845493562232,0.25,0.25
168,0.9739347299466883,0.48468182223381245,0.8796382741408301,0.48732459407880613,0.246879425001856,0.486870585487207,0.658008658008658,0.38716722663481634,0.3614650530533434,0.08225108225108226,0.4342857142857143,0.38148672126537514,0.36293024001391044,0.08,0.05627705627705628,0.04,0.34,11.52,0.03896103896103896,0.005714285714285714,0.04392849516507653,0.08436634914903718,4.9004329004329,0.0,0.0,0.15,0.08225108225108226,0,0.16748694571588588,0.3121089185309108,2.1697016618771703,0.9091227839641256,0.0,0.9285714285714286,0.0,0.0,0.0,0.0,0.0,0.08,0.060085836909871244,0.25,0.25
169,0.9724874735474213,0.48533806134583685,0.878727440851268,0.4872421322650038,0.246879425001856,0.48701050076385066,0.6391304347826087,0.384328823272359,0.3588844663274884,0.0782608695652174,0.42,0.3813724355510894,0.3630588114424819,0.08,0.05652173913043478,0.037142857142857144,0.34285714285714286,11.628571428571428,0.0391304347826087,0.002857142857142857,0.04389227911514028,0.08436634914903718,4.913043478260869,0.0,0.0,0.15,0.07391304347826087,0,0.16724908313016362,0.3105483739382562,2.163450485782484,0.9832228175352392,0.0,0.9230769230769231,0.0,0.0,0.0,0.0,0.0,0.08,0.05627705627705628,0.25,0.25
170,0.9715802659267968,0.4856125416977559,0.8779897549121412,0.4872881947279348,0.246879425001856,0.48719076004085543,0.6812227074235808,0.38328398575757294,0.3596160767752726,0.07860262008733625,0.44571428571428573,0.38125814983680373,0.3629730971567676,0.08,0.026200873362445413,0.02,0.3457142857142857,11.677142857142858,0.039301310043668124,0.002857142857142857,0.04391556244259551,0.08436634914903718,4.899563318777292,0.0,0.0,0.15,0.07860262008733625,0,0.1668985520002271,0.3089956320685649,2.140181476066835,0.9820000000000004,0.0,0.8571428571428571,0.0,0.0,0.0,0.0,0.0,0.08,0.030434782608695653,0.25,0.25
171,0.9710505301145946,0.485264415116108,0.8776431563378717,0.4871690959114886,0.246879425001856,0.4875008808855143,0.6462882096069869,0.382934640779407,0.3596160767752726,0.07860262008733625,0.4228571428571429,0.38102957840823237,0.3629730971567676,0.08,0.043668122270742356,0.03142857142857143,0.3457142857142857,11.745714285714286,0.043668122270742356,0.0,0.04391556244259551,0.08436634914903718,4.899563318777292,0.0,0.0,0.15,0.07860262008733625,0,0.16712063138308308,0.30745065390822207,2.128806417974069,0.9858301779726842,0.0,0.8181818181818182,0.0,0.0,0.0,0.0,0.0,0.08,0.043668122270742356,0.25,0.25
172,0.9711652888541905,0.4854033664634431,0.8777021888923494,0.4867760724367999,0.246879425001856,0.48760542117227573,0.6431718061674009,0.38395714399177727,0.35729710148584615,0.07929515418502203,0.41714285714285715,0.38102957840823237,0.3630447561495113,0.08,0.03524229074889868,0.02857142857142857,0.3514285714285714,11.831428571428571,0.03524229074889868,0.005714285714285714,0.04400122264692263,0.08436634914903716,4.8370044052863435,0.0,0.0,0.15,0.07929515418502203,0,0.16645602894045336,0.305913400638681,2.1148017181860164,0.9661135744132305,0.0,1.0,0.0,0.0,0.0,0.0,0.0,0.08,0.043668122270742356,0.25,0.25
173,0.972907769076444,0.48416618204201817,0.8788323117793541,0.48580989413242653,0.246879425001856,0.487826807578756,0.6475770925110133,0.38395714399177727,0.35729710148584615,0.07929515418502203,0.42,0.38102957840823237,0.3630447561495113,0.08,0.01762114537444934,0.011428571428571429,0.3514285714285714,11.82857142857143,0.039647577092511016,0.0,0.04400669706260898,0.08436634914903716,4.8370044052863435,0.0,0.0,0.15,0.07929515418502203,0,0.16570946308146542,0.3043838336354876,2.0839342552508673,0.9467913029249659,0.0,1.0,0.0,0.0,0.0,0.0,0.0,0.08,0.01762114537444934,0.25,0.25
174,0.9734580469186673,0.48430747363256454,0.8791892062655958,0.486209496209516,0.246879425001856,0.4878225173236529,0.5903083700440529,0.3837809325380327,0.3571649428955378,0.07929515418502203,0.38285714285714284,0.3809152926939466,0.362959041863797,0.08,0.05286343612334802,0.04,0.3514285714285714,11.905714285714286,0.039647577092511016,0.0,0.04400669706260898,0.08436634914903716,4.8370044052863435,0.0,0.0,0.15,0.07929515418502203,0,0.16553748790891523,0.30286191446731014,2.08225557014585,0.9298864323146484,0.0,0.9285714285714286,0.0,0.0,0.0,0.0,0.0,0.08,0.05286343612334802,0.25,0.25
175,0.9720092586400808,0.4850359933956234,0.8782495635820555,0.4869382819199534,0.246879425001856,0.48784077806932796,0.5903083700440529,0.3836047210842883,0.35703278430522944,0.07929515418502203,0.38285714285714284,0.3808010069796608,0.3628733275780827,0.08,0.048458149779735685,0.03142857142857143,0.3514285714285714,11.928571428571429,0.048458149779735685,0.0,0.04400669706260898,0.08436634914903716,4.8370044052863435,0.0,0.0,0.15,0.07929515418502203,0,0.1652526576122278,0.30134760489497353,2.072039030171504,0.9223681599999999,0.0,0.9090909090909091,0.0,0.0,0.0,0.0,0.0,0.08,0.048458149779735685,0.25,0.25
176,0.9745836911778182,0.4843221381162919,0.877713266697501,0.4862940731243082,0.246879425001856,0.48785783395630283,0.6150442477876106,0.3842344497246723,0.3560263934412462,0.07964601769911504,0.39714285714285713,0.3808010069796608,0.3628733275780827,0.08,0.030973451327433628,0.022857142857142857,0.35428571428571426,11.971428571428572,0.03982300884955752,0.002857142857142857,0.04404634267265094,0.08436634914903716,4.778761061946903,0.0,0.0,0.15,0.07964601769911504,0,0.16473671978944987,0.29984086687049866,2.0534553924252172,0.9039207967999998,0.0,1.0,0.0,0.0,0.0,0.0,0.0,0.08,0.03524229074889868,0.25,0.25
177,0.9761643568732855,0.48391748566571274,0.8784482035011263,0.4858048686858227,0.246879425001856,0.48770216826733426,0.6533333333333333,0.38513160567510923,0.35616629190115784,0.08,0.42,0.3808010069796608,0.3628733275780827,0.08,0.04,0.02857142857142857,0.35714285714285715,11.991428571428571,0.044444444444444446,0.002857142857142857,0.044154221444768035,0.08436634914903718,4.737777777777778,0.0,0.0,0.15,0.08,0,0.1640557504762169,0.2983416625361462,2.040957713148141,0.8858423808639998,0.0,1.0,0.0,0.0,0.0,0.0,0.0,0.08,0.03982300884955752,0.25,0.25
178,0.9755422318916749,0.4844191672594254,0.8781181453504006,0.48607005352136606,0.246879425001856,0.48743384799171496,0.65625,0.384760633305394,0.35676997465832105,0.08035714285714286,0.42,0.3806867212653751,0.36278761329236847,0.08,0.05803571428571429,0.037142857142857144,0.36,12.002857142857144,0.03571428571428571,0.002857142857142857,0.04419316907561558,0.08436634914903716,4.714285714285714,0.0,0.0,0.15,0.08035714285714286,0,0.16377832886669297,0.2968499542234655,2.0372814160280357,0.8723684667333702,0.0,0.9230769230769231,0.0,0.0,0.0,0.0,0.0,0.08,0.057777777777777775,0.25,0.25
179,0.9754089160470782,0.4841333422731978,0.8780328232098586,0.4860491849531592,0.246879425001856,0.48715928744831793,0.625,0.384760633305394,0.35676997465832105,0.08035714285714286,0.4,0.3806867212653751,0.36278761329236847,0.08,0.044642857142857144,0.02857142857142857,0.36,12.085714285714285,0.044642857142857144,0.0,0.04419316907561558,0.08436634914903716,4.714285714285714,0.0,0.0,0.15,0.08035714285714286,0,0.1630737229366452,0.29536570445234817,2.0251072162789034,0.8549210973987027,0.0,1.0,0.0,0.0,0.0,0.0,0.0,0.08,0.044642857142857144,0.25,0.25
180,0.976422490186896,0.4840866252299006,0.8785212304448786,0.48624119904747454,0.246879425001856,0.4868631120408389,0.600896860986547,0.3835640609297171,0.35789082403187833,0.08071748878923767,0.38285714285714284,0.3806867212653751,0.36278761329236847,0.08,0.04035874439461883,0.025714285714285714,0.3628571428571429,12.134285714285713,0.04932735426008968,0.002857142857142857,0.04420691052817159,0.08436634914903718,4.699551569506727,0.0,0.0,0.15,0.08071748878923767,0,0.16234406860767628,0.2938888759300864,2.010319357667611,0.8378226754507286,0.0,1.0,0.0,0.0,0.0,0.0,0.0,0.08,0.04017857142857143,0.25,0.25
181,0.9771206962643264,0.484391263683189,0.878735209082115,0.48638888906148997,0.246879425001856,0.4864524648331693,0.5900900900900901,0.383970209632582,0.3574041024400127,0.08108108108108109,0.3742857142857143,0.3806867212653751,0.36278761329236847,0.08,0.04954954954954955,0.03142857142857143,0.3657142857142857,12.128571428571428,0.04954954954954955,0.002857142857142857,0.04425141749889081,0.08436634914903719,4.657657657657658,0.0,0.0,0.15,0.08108108108108109,0,0.16167506255035216,0.292419431550436,2.00154154194283,0.8210662219417141,0.0,1.0,0.0,0.0,0.0,0.0,0.0,0.08,0.04932735426008968,0.25,0.25
182,0.9760041889674247,0.48546212270002237,0.877998451436933,0.4872818891150735,0.246879425001856,0.48605944268785917,0.579185520361991,0.3811827445177973,0.3544964286953973,0.07692307692307693,0.3657142857142857,0.3806867212653751,0.36278761329236847,0.08,0.027149321266968326,0.017142857142857144,0.36857142857142855,12.194285714285714,0.05429864253393665,0.002857142857142857,0.04429852013904632,0.08436634914903718,4.633484162895928,0.0,0.0,0.15,0.07692307692307693,0,0.1609524015233147,0.2909573343926838,1.9786535682468307,0.8046448975028798,0.0,1.0,0.0,0.0,0.0,0.0,0.0,0.08,0.02702702702702703,0.25,0.25
183,0.9758221656422428,0.4849621379518326,0.8778835167087465,0.4874383995367143,0.246879425001856,0.4860283119917328,0.6153846153846154,0.3811827445177973,0.3544964286953973,0.07692307692307693,0.38857142857142857,0.3806867212653751,0.36278761329236847,0.08,0.04072398190045249,0.025714285714285714,0.36857142857142855,12.208571428571428,0.049773755656108594,0.0,0.04432831392413921,0.08436634914903718,4.633484162895928,0.0,0.0,0.15,0.08144796380090498,0,0.16026178237284097,0.28950254772072037,1.96479478259618,0.7885519995528222,0.0,1.0,0.0,0.0,0.0,0.0,0.0,0.08,0.04072398190045249,0.25,0.25
184,0.9750435469045841,0.4852050332765068,0.8773918745915393,0.48783871077096413,0.246879425001856,0.4859019140803711,0.6018099547511312,0.381454237730467,0.3547000486048996,0.07692307692307693,0.38,0.3808581498368036,0.3629161847209399,0.08,0.05429864253393665,0.03428571428571429,0.36857142857142855,12.24,0.05429864253393665,0.0,0.04432831392413921,0.08436634914903718,4.633484162895928,0.0,0.0,0.15,0.08144796380090498,0,0.1604603306038339,0.28805503498211676,1.959784601229971,0.7727809595617657,0.0,1.0,0.0,0.0,0.0,0.0,0.0,0.08,0.05429864253393665,0.25,0.25
185,0.9753533846064696,0.4856774685913124,0.8775875149690157,0.48885189445118393,0.246879425001856,0.48557806900338896,0.6380090497737556,0.381454237730467,0.3547000486048996,0.07692307692307693,0.40285714285714286,0.3808581498368036,0.3629161847209399,0.08,0.049773755656108594,0.03142857142857143,0.36857142857142855,12.228571428571428,0.05429864253393665,0.0,0.04432831392413921,0.08436634914903718,4.633484162895928,0.0,0.0,0.15,0.08144796380090498,0,0.15977231466510047,0.2866147598072062,1.9520174806339423,0.7573253403705305,0.0,1.0,0.0,0.0,0.0,0.0,0.0,0.08,0.049773755656108594,0.25,0.25
186,0.9766573604977967,0.4855119973603325,0.8784108826032536,0.4886727528757449,0.246879425001856,0.48533961241146684,0.6289592760180995,0.38181622868069315,0.3549715418175693,0.07692307692307693,0.39714285714285713,0.38108672126537513,0.36308761329236844,0.08,0.04072398190045249,0.025714285714285714,0.36857142857142855,12.254285714285714,0.06334841628959276,0.0,0.04432831392413921,0.08436634914903718,4.633484162895928,0.0,0.0,0.15,0.08144796380090498,0,0.1599163102346321,0.2851816860081702,1.9386914167355496,0.7421788335631198,0.0,1.0,0.0,0.0,0.0,0.0,0.0,0.08,0.04072398190045249,0.25,0.25
187,0.9779371541964272,0.48576564547739487,0.879218980910103,0.4888230810077029,0.246879425001856,0.4850312005216609,0.6244343891402715,0.38163523320558007,0.3548357952112345,0.07692307692307693,0.3942857142857143,0.3809724355510894,0.3630018990066542,0.08,0.049773755656108594,0.03142857142857143,0.36857142857142855,12.314285714285715,0.058823529411764705,0.0,0.04432831392413921,0.08436634914903718,4.633484162895928,0.0,0.0,0.15,0.08144796380090498,0,0.15968801439774466,0.2837557775781293,1.93134615982941,0.7601580141535056,0.0,0.9090909090909091,0.0,0.0,0.0,0.0,0.0,0.08,0.049773755656108594,0.25,0.25
188,0.9782005196203402,0.48505687983828366,0.879385277363488,0.48839002512001245,0.246879425001856,0.48473250497864,0.7149321266968326,0.38163523320558007,0.3548357952112345,0.07692307692307693,0.4514285714285714,0.3809724355510894,0.3630018990066542,0.08,0.04072398190045249,0.025714285714285714,0.36857142857142855,12.368571428571428,0.058823529411764705,0.0,0.04432831392413921,0.08436634914903718,4.633484162895928,0.0,0.0,0.15,0.08144796380090498,0,0.1589752886114702,0.2823369986902387,1.918433522347107,0.7449548538704355,0.0,1.0,0.0,0.0,0.0,0.0,0.0,0.08,0.04072398190045249,0.25,0.25
189,0.9769257068720262,0.48572130589884244,0.8785803241709813,0.48842194673993355,0.246879425001856,0.48441880063252896,0.6334841628959276,0.38217821963091947,0.355243035030239,0.07692307692307693,0.4,0.38131529269394654,0.36325904186379704,0.08,0.06787330316742081,0.04285714285714286,0.36857142857142855,12.42,0.06787330316742081,0.0,0.04432831392413921,0.08436634914903718,4.633484162895928,0.0,0.0,0.15,0.08144796380090498,0,0.15960884073984144,0.28092531369678747,1.9229219947573077,0.7300557567930268,0.0,1.0,0.0,0.0,0.0,0.0,0.0,0.08,0.06787330316742081,0.25,0.25
190,0.9770639121006603,0.48620919805096247,0.8786675909010617,0.48849497553383775,0.246879425001856,0.48419393092715757,0.6380090497737556,0.38199722415580634,0.35510728842390415,0.07692307692307693,0.40285714285714286,0.38120100697966086,0.36317332757808274,0.08,0.03167420814479638,0.02,0.36857142857142855,12.465714285714286,0.06334841628959276,0.0,0.04432831392413921,0.08436634914903718,4.633484162895928,0.0,0.0,0.15,0.08144796380090498,0,0.1592965108218565,0.2795206871283035,1.9044635548621616,0.7252748587977867,0.0,0.8571428571428571,0.0,0.0,0.0,0.0,0.0,0.08,0.03167420814479638,0.25,0.25
191,0.9760768054186799,0.4842621160387221,0.8781126555235295,0.4876470137164397,0.246879425001856,0.4838476251160122,0.6272727272727273,0.38201513815364396,0.3561049482179623,0.08181818181818182,0.3942857142857143,0.38142957840823233,0.3633447561495113,0.08285714285714285,0.01818181818181818,0.011428571428571429,0.37142857142857144,12.502857142857144,0.06363636363636363,0.002857142857142857,0.0443225913228545,0.08436634914903716,4.627272727272727,0.0,0.0,0.15,0.08181818181818182,0,0.1594141711248901,0.27812308369266203,1.87780285519349,0.710769361621831,0.0,1.0,0.0,0.0,0.0,0.0,0.0,0.08,0.01809954751131222,0.25,0.25
192,0.9756901903404644,0.48320195742084543,0.8778696403315082,0.48669110474092997,0.246879425001856,0.48329384956860466,0.6227272727272727,0.38183331997182574,0.35596858458159863,0.08181818181818182,0.3914285714285714,0.38131529269394654,0.363259041863797,0.08285714285714285,0.04090909090909091,0.025714285714285714,0.37142857142857144,12.51142857142857,0.06363636363636363,0.0,0.044332542064219896,0.08436634914903716,4.627272727272727,0.0,0.0,0.15,0.08181818181818182,0,0.15918824312640847,0.2767324682741987,1.8659610838039056,0.7137537837100723,0.0,0.8888888888888888,0.0,0.0,0.0,0.0,0.0,0.08,0.04090909090909091,0.25,0.25
193,0.9744346383471518,0.4825477380822144,0.8768922817370083,0.48694058018409836,0.246879425001856,0.48267381961132483,0.6438356164383562,0.3816227427296573,0.35502281009676573,0.0821917808219178,0.40285714285714286,0.38108672126537513,0.36308761329236844,0.08285714285714285,0.0365296803652968,0.022857142857142857,0.3742857142857143,12.542857142857143,0.0639269406392694,0.002857142857142857,0.04438570188940374,0.08436634914903716,4.575342465753424,0.0,0.0,0.15,0.0821917808219178,0,0.15930658762506217,0.2793282975909377,1.8514990049849702,0.7420717928953358,0.0,0.75,0.0,0.0,0.0,0.0,0.0,0.08,0.03636363636363636,0.25,0.25
194,0.9741488724667478,0.48196703468989904,0.8762525782735283,0.4869523020311503,0.246879425001856,0.4822266662625197,0.5779816513761468,0.38262369622440373,0.3552872820229877,0.08256880733944955,0.36,0.38125814983680373,0.36321618472093986,0.08285714285714285,0.03211009174311927,0.02,0.37714285714285717,12.574285714285715,0.06422018348623854,0.002857142857142857,0.044595933757833425,0.08436634914903718,4.440366972477064,0.0,0.0,0.15,0.08256880733944955,0,0.15880965100143957,0.277931656102983,1.8344690248852709,0.7272303570374291,0.0,1.0,0.0,0.0,0.0,0.0,0.0,0.08,0.0319634703196347,0.25,0.25
195,0.9763345703693074,0.4826059031225818,0.8775521755505247,0.4871868355190991,0.246879425001856,0.48179213231591667,0.6759259259259259,0.38555457354381617,0.35563735334841406,0.08333333333333333,0.41714285714285715,0.38147413049377993,0.3634733275780827,0.08285714285714285,0.05092592592592592,0.03428571428571429,0.38285714285714284,12.58,0.05555555555555555,0.005714285714285714,0.04462600390280082,0.08436634914903715,4.407407407407407,0.0,0.0,0.15,0.0787037037037037,0,0.15818660346071806,0.2765419978224681,1.83206535867328,0.7126857498966805,0.0,1.0,0.0,0.0,0.0,0.0,0.0,0.08,0.05504587155963303,0.25,0.25
196,0.9750724768525504,0.4842243156905693,0.8767732835516118,0.4881636123500452,0.246879425001856,0.48140759653723486,0.6805555555555556,0.38555457354381617,0.35598457557063623,0.08333333333333333,0.42,0.38147413049377993,0.36368761329236843,0.08285714285714285,0.037037037037037035,0.022857142857142857,0.38285714285714284,12.62,0.05555555555555555,0.0,0.0446681288214782,0.08436634914903715,4.407407407407407,0.0,0.0,0.15,0.0787037037037037,0,0.1574813847291288,0.27515928783335575,1.818281194356957,0.6984320348987468,0.0,1.0,0.0,0.0,0.0,0.0,0.0,0.08,0.037037037037037035,0.25,0.25
197,0.972620888200947,0.48448679000326716,0.8752222263068357,0.4883325123540047,0.246879425001856,0.4813374144250033,0.6604651162790698,0.3869775420806566,0.35608784155249,0.08372093023255814,0.4057142857142857,0.38135984477949414,0.3636018990066542,0.08285714285714285,0.037209302325581395,0.022857142857142857,0.38571428571428573,12.594285714285714,0.05581395348837209,0.002857142857142857,0.04471582953769153,0.08436634914903719,4.362790697674418,0.0,0.0,0.15,0.07906976744186046,0,0.1572366920911974,0.27511213797236034,1.8047727133269609,0.7205607363888309,0.0,0.875,0.0,0.0,0.0,0.0,0.0,0.08,0.037037037037037035,0.25,0.25
198,0.9751431818546183,0.4839622869712804,0.8765134989060565,0.4883043769769956,0.246879425001856,0.4812514281648797,0.616822429906542,0.386878025187081,0.35579892887563014,0.08411214953271028,0.37714285714285717,0.38135984477949414,0.3636018990066542,0.08285714285714285,0.028037383177570093,0.017142857142857144,0.38857142857142857,12.688571428571429,0.0514018691588785,0.002857142857142857,0.04490516425190252,0.08436634914903718,4.224299065420561,0.0,0.0,0.15,0.0794392523364486,0,0.1565076514878843,0.27373657728249856,1.7858201162032787,0.7061495216610543,0.0,1.0,0.0,0.0,0.0,0.0,0.0,0.08,0.027906976744186046,0.25,0.25
199,0.9723669089066364,0.48332723086298673,0.8747422121293704,0.4878228241315544,0.246879425001856,0.4810697418780107,0.6525821596244131,0.38843014858035535,0.35566326867744724,0.08450704225352113,0.39714285714285713,0.38135984477949414,0.3636018990066542,0.08285714285714285,0.03755868544600939,0.025714285714285714,0.3914285714285714,12.702857142857143,0.051643192488262914,0.002857142857142857,0.04497733656705064,0.08436634914903716,4.206572769953052,0.0,0.0,0.15,0.07981220657276995,0,0.15583925608758772,0.272367894396086,1.7758179995934986,0.6920265312278332,0.0,1.0,0.0,0.0,0.0,0.0,0.0,0.08,0.04205607476635514,0.25,0.25
200,0.9721927950312285,0.4823417188417063,0.8746362513994794,0.4873306376621497,0.246879425001856,0.4808102331207055,0.6854460093896714,0.38843014858035535,0.35566326867744724,0.08450704225352113,0.41714285714285715,0.38135984477949414,0.3636018990066542,0.08285714285714285,0.03755868544600939,0.022857142857142857,0.3914285714285714,12.808571428571428,0.046948356807511735,0.0,0.04497733656705064,0.08436634914903716,4.206572769953052,0.0,0.0,0.15,0.07981220657276995,0,0.15514577409286406,0.2710060549241056,1.7631587824587713,0.6781860006032765,0.0,1.0,0.0,0.0,0.0,0.0,0.0,0.08,0.03755868544600939,0.25,0.25
201,0.9747049357987306,0.4809882627190018,0.8761650684951308,0.48644465633959233,0.246879425001856,0.48038651448878916,0.5821596244131455,0.3882423551531252,0.355874536283081,0.08450704225352113,0.35428571428571426,0.38124555906520846,0.3637304704352256,0.08285714285714285,0.056338028169014086,0.03428571428571429,0.3914285714285714,12.894285714285715,0.06103286384976526,0.0,0.04497733656705064,0.08436634914903716,4.206572769953052,0.0,0.0,0.15,0.07981220657276995,0,0.1550257666331319,0.2696510246494851,1.7621813210953106,0.7250303995758041,0.0,0.9166666666666666,0.0,0.0,0.0,0.0,0.0,0.08,0.056338028169014086,0.25,0.25
202,0.9743017071782271,0.4815121819171408,0.8754342751708266,0.4864116823938915,0.246879425001856,0.4799648347584148,0.6886792452830188,0.3881469557805618,0.3574799843392865,0.08490566037735849,0.41714285714285715,0.38124555906520846,0.3637304704352256,0.08285714285714285,0.02358490566037736,0.014285714285714285,0.3942857142857143,12.905714285714286,0.05188679245283019,0.002857142857142857,0.04505613327683284,0.08436634914903718,4.1415094339622645,0.0,0.0,0.15,0.08018867924528301,0,0.15430778065710907,0.26830276952623766,1.741223408959118,0.710529791584288,0.0,1.0,0.0,0.0,0.0,0.0,0.0,0.08,0.023474178403755867,0.25,0.25
203,0.973837544955278,0.4822441558687543,0.8748255396757985,0.48666332137673457,0.246879425001856,0.4795422171875832,0.6666666666666666,0.3878572855018389,0.3580033022055127,0.08571428571428572,0.4,0.38101698763663705,0.36377332757808273,0.08285714285714285,0.02857142857142857,0.02,0.4,12.937142857142858,0.04285714285714286,0.005714285714285714,0.04545533444415236,0.08436634914903716,3.8190476190476192,0.0,0.0,0.15,0.08095238095238096,0,0.15447895603953782,0.28166336821512467,1.7263989407799356,0.7283201874592574,0.0,0.7142857142857143,0.0,0.0,0.0,0.0,0.0,0.08,0.0330188679245283,0.25,0.25
204,0.9751821541847014,0.4812459907684722,0.8754941077921424,0.48634468480745924,0.246879425001856,0.4791509833263917,0.6602870813397129,0.3867915234173155,0.3597215964586254,0.0861244019138756,0.3942857142857143,0.38101698763663705,0.36394475614951133,0.08285714285714285,0.03349282296650718,0.02,0.40285714285714286,12.962857142857143,0.03827751196172249,0.002857142857142857,0.045615106896010935,0.08436634914903715,3.8086124401913874,0.0,0.0,0.15,0.08133971291866028,0,0.153820704116483,0.28025505137404905,1.711870961964337,0.7137537837100723,0.0,1.0,0.0,0.0,0.0,0.0,0.0,0.08,0.03333333333333333,0.25,0.25
205,0.9732382381142618,0.48097436054345866,0.8743333121957942,0.48629940939743993,0.246879425001856,0.4786178391589558,0.645933014354067,0.3867915234173155,0.35981115963388416,0.0861244019138756,0.38571428571428573,0.38101698763663705,0.3639982381598801,0.08285714285714285,0.03349282296650718,0.02,0.40285714285714286,12.885714285714286,0.0430622009569378,0.0,0.04562367760308634,0.08436634914903715,3.8086124401913874,0.0,0.0,0.15,0.08133971291866028,0,0.15313731488161486,0.27885377611717876,1.6976335427250504,0.6994787080358708,0.0,1.0,0.0,0.0,0.0,0.0,0.0,0.08,0.03349282296650718,0.25,0.25
206,0.9759720012983505,0.48041061085242365,0.8755616049211616,0.48575833143064806,0.246879425001856,0.47816150712215827,0.6586538461538461,0.3878239727838987,0.3593699906390154,0.08653846153846154,0.3914285714285714,0.38101698763663705,0.3639982381598801,0.08285714285714285,0.028846153846153848,0.02,0.4057142857142857,12.894285714285715,0.03365384615384615,0.002857142857142857,0.04571648642065744,0.08436634914903716,3.730769230769231,0.0,0.0,0.15,0.08173076923076923,0,0.15245734259292107,0.27745950723659285,1.6836808718705496,0.6854891338751534,0.0,1.0,0.0,0.0,0.0,0.0,0.0,0.08,0.03349282296650718,0.25,0.25
207,0.9726757232216248,0.47947768949919234,0.8736026739498503,0.4851963557239305,0.246879425001856,0.4776790478187149,0.7115384615384616,0.38724704970697554,0.35893729833132315,0.08653846153846154,0.4228571428571429,0.38067413049377996,0.36374109530273724,0.08285714285714285,0.028846153846153848,0.017142857142857144,0.4057142857142857,12.917142857142856,0.03365384615384615,0.0,0.04576478537293761,0.08436634914903716,3.730769230769231,0.0,0.0,0.15,0.08173076923076923,0,0.15303791302281358,0.28256185965826136,1.6671501115759955,0.7246643970904543,0.0,0.5,0.0,0.0,0.0,0.0,0.0,0.08,0.028846153846153848,0.25,0.25
208,0.9732903997147013,0.47892463580319117,0.8732158984813816,0.48477069238016934,0.246879425001856,0.47725897231060754,0.6231884057971014,0.3880614909111264,0.35935119246439867,0.08695652173913043,0.36857142857142855,0.3806169876366371,0.3636982381598801,0.08285714285714285,0.033816425120772944,0.02,0.4085714285714286,12.917142857142856,0.028985507246376812,0.002857142857142857,0.045761382758244123,0.08436634914903718,3.7198067632850242,0.0,0.0,0.15,0.0821256038647343,0,0.1528154377434138,0.28114905035997007,1.6538071093444757,0.7596626899747166,0.0,0.8571428571428571,0.0,0.0,0.0,0.0,0.0,0.08,0.03365384615384615,0.25,0.25
209,0.9738902193191817,0.4791055510001209,0.8735559650680325,0.48453008510757056,0.246879425001856,0.4768299924686079,0.6941747572815534,0.3886482309002403,0.3593942326133344,0.08737864077669903,0.4085714285714286,0.3806169876366371,0.3636982381598801,0.08285714285714285,0.024271844660194174,0.017142857142857144,0.4114285714285714,12.92,0.038834951456310676,0.002857142857142857,0.04579922342100036,0.08436634914903718,3.70873786407767,0.0,0.0,0.15,0.0825242718446602,0,0.15213707484041103,0.27974330510817025,1.6378738243004431,0.7444694361752222,0.0,1.0,0.0,0.0,0.0,0.0,0.0,0.08,0.028985507246376812,0.25,0.25
210,0.9738686282897617,0.4777894148146125,0.8735432572050023,0.4836834843942024,0.246879425001856,0.4765339085883807,0.7281553398058253,0.3886482309002403,0.3593942326133344,0.08737864077669903,0.42857142857142855,0.3806169876366371,0.3636982381598801,0.08285714285714285,0.0048543689320388345,0.002857142857142857,0.4114285714285714,12.965714285714286,0.038834951456310676,0.0,0.04582117693031865,0.08436634914903718,3.70873786407767,0.0,0.0,0.15,0.07766990291262135,0,0.1514049608947804,0.2783445885826294,1.607973490671577,0.7295800474517178,0.0,1.0,0.0,0.0,0.0,0.0,0.0,0.08,0.0048543689320388345,0.25,0.25
211,0.9727910144287273,0.47810286811805025,0.8729090044753648,0.48429309844449464,0.246879425001856,0.47624549617744283,0.6747572815533981,0.38845405614295875,0.35924860154537325,0.08737864077669903,0.39714285714285713,0.3805027019223513,0.3636125238741658,0.08285714285714285,0.02912621359223301,0.017142857142857144,0.4114285714285714,12.991428571428571,0.038834951456310676,0.0,0.04582117693031865,0.08436634914903718,3.70873786407767,0.0,0.0,0.15,0.07766990291262135,0,0.1514414496305021,0.30399153697038633,1.5929568780010026,0.8204418284569713,0.0,0.8333333333333334,0.0,0.0,0.0,0.0,0.0,0.08,0.02912621359223301,0.25,0.25
212,0.9738604734436661,0.47629294427430957,0.8735384574955862,0.4835099306761955,0.246879425001856,0.4759875972719646,0.7475728155339806,0.38845405614295875,0.35924860154537325,0.08737864077669903,0.44,0.3805027019223513,0.3636125238741658,0.08285714285714285,0.019417475728155338,0.011428571428571429,0.4114285714285714,13.04,0.03398058252427184,0.0,0.04582117693031865,0.08436634914903718,3.70873786407767,0.0,0.0,0.15,0.07766990291262135,0,0.15074138523949243,0.3024715792855344,1.572526311869554,0.8040329918878318,0.0,1.0,0.0,0.0,0.0,0.0,0.0,0.08,0.019417475728155338,0.25,0.25
213,0.9750031169907221,0.4758182125037825,0.8742109848404248,0.4826133780137225,0.246879425001856,0.4755956349649667,0.6601941747572816,0.38825988138567713,0.3591029704774121,0.08737864077669903,0.38857142857142857,0.3803884162080656,0.3635268095884515,0.08285714285714285,0.02912621359223301,0.017142857142857144,0.4114285714285714,13.037142857142857,0.03398058252427184,0.0,0.04582117693031865,0.08436634914903718,3.70873786407767,0.0,0.0,0.15,0.07766990291262135,0,0.15053039259900924,0.30838996583910444,1.55821864277502,0.8236595619748845,0.0,0.8333333333333334,0.0,0.0,0.0,0.0,0.0,0.08,0.02912621359223301,0.25,0.25
214,0.9755074068925891,0.47518682736229134,0.8745077954683809,0.4826393725498123,0.246879425001856,0.4749804291907158,0.6747572815533981,0.3878715318711141,0.35881170834148973,0.08737864077669903,0.39714285714285713,0.38015984477949427,0.3633553810170229,0.08285714285714285,0.019417475728155338,0.011428571428571429,0.4114285714285714,13.074285714285715,0.03398058252427184,0.0,0.04582117693031865,0.08436634914903718,3.70873786407767,0.0,0.0,0.15,0.07766990291262135,0,0.15069202635029993,0.3102894068121642,1.5384828413480913,0.8655659488697948,0.0,0.5,0.0,0.0,0.0,0.0,0.0,0.08,0.019417475728155338,0.25,0.25
215,0.9748921715049667,0.4754460408539372,0.8741456854973801,0.48338438740097617,0.246879425001856,0.4742933134279587,0.6844660194174758,0.3876773571138325,0.35866607727352856,0.08737864077669903,0.40285714285714286,0.3800455590652085,0.36326966673130867,0.08285714285714285,0.02912621359223301,0.017142857142857144,0.4114285714285714,13.14,0.038834951456310676,0.0,0.04582117693031865,0.08436634914903718,3.70873786407767,0.0,0.0,0.15,0.07766990291262135,0,0.1504812805042627,0.30873795977810337,1.5248560416639865,0.8507630225817854,0.0,0.8333333333333334,0.0,0.0,0.0,0.0,0.0,0.08,0.02912621359223301,0.25,0.25
216,0.9751749164230529,0.47583866570762856,0.8743121010777395,0.48394301978722987,0.246879425001856,0.4737641108533687,0.6553398058252428,0.3876773571138325,0.35866607727352856,0.08737864077669903,0.38571428571428573,0.3800455590652085,0.36326966673130867,0.08285714285714285,0.024271844660194174,0.014285714285714285,0.4114285714285714,13.197142857142858,0.038834951456310676,0.0,0.04582117693031865,0.08436634914903718,3.70873786407767,0.0,0.0,0.15,0.07766990291262135,0,0.14981458838745568,0.3071942699792129,1.508644635116421,0.8337477621301497,0.0,1.0,0.0,0.0,0.0,0.0,0.0,0.08,0.024271844660194174,0.25,0.25
217,0.9751679238403244,0.4757830912863171,0.8743789342323612,0.4836050852893048,0.246879425001856,0.4732367837187617,0.5902439024390244,0.389110962524455,0.35903109403177913,0.08780487804878048,0.3457142857142857,0.3800455590652085,0.36326966673130867,0.08285714285714285,0.01951219512195122,0.011428571428571429,0.4142857142857143,13.242857142857142,0.04390243902439024,0.002857142857142857,0.04583055154376359,0.08436634914903718,3.678048780487805,0.0,0.0,0.15,0.07804878048780488,0,0.1491512297312327,0.3056582986293168,1.4899003138426639,0.8170728068875467,0.0,1.0,0.0,0.0,0.0,0.0,0.0,0.08,0.019417475728155338,0.25,0.25
218,0.9744779001495341,0.4759809011380889,0.8739747774991842,0.4839172637431746,0.246879425001856,0.47287804966838654,0.6341463414634146,0.389110962524455,0.35903109403177913,0.08780487804878048,0.37142857142857144,0.3800455590652085,0.36326966673130867,0.08285714285714285,0.004878048780487805,0.002857142857142857,0.4142857142857143,13.271428571428572,0.03902439024390244,0.0,0.04586276006042206,0.08436634914903718,3.678048780487805,0.0,0.0,0.15,0.07804878048780488,0,0.14843404501114796,0.3041300071361702,1.4629594504229535,0.8007313507497957,0.0,1.0,0.0,0.0,0.0,0.0,0.0,0.08,0.004878048780487805,0.25,0.25
219,0.9746849116367292,0.4754558808476832,0.8740960270845411,0.48315185646861625,0.246879425001856,0.47269673847565374,0.6682926829268293,0.3889158405732354,0.3588847525683645,0.08780487804878048,0.3914285714285714,0.3799312733509228,0.36318395244559437,0.08285714285714285,0.014634146341463415,0.008571428571428572,0.4142857142857143,13.297142857142857,0.03902439024390244,0.0,0.04586276006042206,0.08436634914903718,3.678048780487805,0.0,0.0,0.15,0.07804878048780488,0,0.14820601764323507,0.3026093571004894,1.442271689985923,0.7863181864362998,0.0,0.6666666666666666,0.0,0.0,0.0,0.0,0.0,0.08,0.014634146341463415,0.25,0.25
220,0.9746483035746695,0.4760297005320395,0.8740745852196203,0.483001806281582,0.246879425001856,0.4725912600306251,0.6341463414634146,0.3889158405732354,0.3588847525683645,0.08780487804878048,0.37142857142857144,0.3799312733509228,0.36318395244559437,0.08285714285714285,0.00975609756097561,0.005714285714285714,0.4142857142857143,13.277142857142858,0.03902439024390244,0.0,0.04586276006042206,0.08436634914903718,3.678048780487805,0.0,0.0,0.15,0.07804878048780488,0,0.14752213041216175,0.30109631031498696,1.4191405419004903,0.7705918227075738,0.0,1.0,0.0,0.0,0.0,0.0,0.0,0.08,0.00975609756097561,0.25,0.25
221,0.9742845147158832,0.47610088676474266,0.8738615088880457,0.48299767872949456,0.246879425001856,0.4725820363592205,0.6487804878048781,0.3889158405732354,0.3588847525683645,0.08780487804878048,0.38,0.3799312733509228,0.36318395244559437,0.08285714285714285,0.024390243902439025,0.014285714285714285,0.4142857142857143,13.245714285714286,0.04390243902439024,0.0,0.04586276006042206,0.08436634914903718,3.678048780487805,0.0,0.0,0.15,0.07804878048780488,0,0.1469550940422438,0.299590828763412,1.4050434453481948,0.7551799862534223,0.0,1.0,0.0,0.0,0.0,0.0,0.0,0.08,0.024390243902439025,0.25,0.25
222,0.9733964735616756,0.47510034500749526,0.873341370497724,0.4825825033799892,0.246879425001856,0.4725807697161972,0.6048780487804878,0.3889158405732354,0.3588847525683645,0.08780487804878048,0.35428571428571426,0.3799312733509228,0.36318395244559437,0.08285714285714285,0.00975609756097561,0.005714285714285714,0.4142857142857143,13.26,0.04390243902439024,0.0,0.04586276006042206,0.08436634914903718,3.678048780487805,0.0,0.0,0.15,0.07804878048780488,0,0.14627746142917544,0.29809287461959494,1.3826568621555166,0.7400763865283538,0.0,1.0,0.0,0.0,0.0,0.0,0.0,0.08,0.00975609756097561,0.25,0.25
223,0.9736986965624388,0.47573586527894557,0.8735183868267423,0.4831490504384796,0.246879425001856,0.4725328098547625,0.6341463414634146,0.3889158405732354,0.3588847525683645,0.08780487804878048,0.37142857142857144,0.3799312733509228,0.36318395244559437,0.08285714285714285,0.014634146341463415,0.008571428571428572,0.4142857142857143,13.231428571428571,0.04878048780487805,0.0,0.04586276006042206,0.08436634914903718,3.678048780487805,0.0,0.0,0.15,0.07804878048780488,0,0.14563164555060099,0.2966024102464969,1.3635751534838345,0.7252748587977867,0.0,1.0,0.0,0.0,0.0,0.0,0.0,0.08,0.014634146341463415,0.25,0.25
224,0.9712280893486813,0.475150390089257,0.872071316887256,0.4825088527101658,0.246879425001856,0.47245368836241075,0.6487804878048781,0.38872071862201596,0.35873841110494986,0.08780487804878048,0.38,0.379816987636637,0.36309823815988007,0.08285714285714285,0.024390243902439025,0.014285714285714285,0.4142857142857143,13.205714285714286,0.04390243902439024,0.0,0.04586276006042206,0.08436634914903718,3.678048780487805,0.0,0.0,0.15,0.07804878048780488,0,0.14544620160856228,0.29511939819526445,1.3505893646998723,0.7266332842544547,0.0,0.8,0.0,0.0,0.0,0.0,0.0,0.08,0.024390243902439025,0.25,0.25
225,0.9723038779434369,0.475113971295173,0.8727014216356128,0.4822095087426344,0.246879425001856,0.472233329881534,0.6487804878048781,0.3883304747195769,0.35844572817812054,0.08780487804878048,0.38,0.3795884162080656,0.36292680958845147,0.08285714285714285,0.02926829268292683,0.017142857142857144,0.4142857142857143,13.205714285714286,0.04390243902439024,0.0,0.04586276006042206,0.08436634914903718,3.678048780487805,0.0,0.0,0.15,0.07804878048780488,0,0.14563325631480517,0.29364380120428807,1.3407204345487318,0.8042723213569367,0.0,0.6666666666666666,0.0,0.0,0.0,0.0,0.0,0.08,0.02926829268292683,0.25,0.25
226,0.9697568843486019,0.4751677449219401,0.871209611101495,0.4827319083662955,0.246879425001856,0.47199820895926875,0.6439024390243903,0.3881353527683574,0.3582993867147059,0.08780487804878048,0.37714285714285717,0.3794741304937799,0.3628410953027372,0.08285714285714285,0.01951219512195122,0.011428571428571429,0.4142857142857143,13.185714285714285,0.04390243902439024,0.0,0.04586276006042206,0.08436634914903718,3.678048780487805,0.0,0.0,0.15,0.07804878048780488,0,0.14544780431894544,0.29217558219826667,1.3253345972863286,0.8241632413187462,0.0,0.75,0.0,0.0,0.0,0.0,0.0,0.08,0.01951219512195122,0.25,0.25
227,0.9709129600048932,0.4749318190888946,0.8718867411287515,0.4827980458604847,0.246879425001856,0.47171986377009595,0.6487804878048781,0.3879402308171379,0.35815304525129127,0.08780487804878048,0.38,0.37935984477949414,0.3627553810170229,0.08285714285714285,0.024390243902439025,0.014285714285714285,0.4142857142857143,13.202857142857143,0.04390243902439024,0.0,0.04586276006042206,0.08436634914903718,3.678048780487805,0.0,0.0,0.15,0.07804878048780488,0,0.1452348510116364,0.30309764282592455,1.3131136196263165,0.8496541358237789,0.0,0.8,0.0,0.0,0.0,0.0,0.0,0.08,0.024390243902439025,0.25,0.25
228,0.9705307936489995,0.47463688040577007,0.871662900834585,0.4826601990182537,0.246879425001856,0.47138886426388676,0.6682926829268293,0.3877451088659184,0.35800670378787663,0.08780487804878048,0.3914285714285714,0.37924555906520846,0.3626696667313087,0.08285714285714285,0.02926829268292683,0.017142857142857144,0.4142857142857143,13.211428571428572,0.04390243902439024,0.0,0.04586276006042206,0.08436634914903718,3.678048780487805,0.0,0.0,0.15,0.07804878048780488,0,0.14502296247086396,0.3015821546117949,1.303994204376647,0.8360875846013133,0.0,0.8333333333333334,0.0,0.0,0.0,0.0,0.0,0.08,0.02926829268292683,0.25,0.25
229,0.9710978813342314,0.4757022197668474,0.8719950521930782,0.48331263038764355,0.246879425001856,0.47096309768344535,0.6731707317073171,0.3877451088659184,0.35800670378787663,0.08780487804878048,0.3942857142857143,0.37924555906520846,0.3626696667313087,0.08285714285714285,0.01951219512195122,0.011428571428571429,0.4142857142857143,13.22,0.04390243902439024,0.0,0.04586276006042206,0.08436634914903718,3.678048780487805,0.0,0.0,0.15,0.07804878048780488,0,0.14435499051565248,0.3000742438387359,1.2893428917176857,0.819365832909287,0.0,1.0,0.0,0.0,0.0,0.0,0.0,0.08,0.01951219512195122,0.25,0.25
230,0.9699537130508413,0.4761870838689481,0.8713248964842355,0.48421738988025426,0.246879425001856,0.4704988811440684,0.624390243902439,0.38754998691469883,0.357860362324462,0.08780487804878048,0.3657142857142857,0.3791312733509228,0.3625839524455944,0.08285714285714285,0.02926829268292683,0.017142857142857144,0.4142857142857143,13.242857142857142,0.03902439024390244,0.0,0.04586276006042206,0.08436634914903718,3.678048780487805,0.0,0.0,0.15,0.07804878048780488,0,0.14417592984878852,0.2985738726195422,1.2806988910261892,0.8258966112694156,0.0,0.8333333333333334,0.0,0.0,0.0,0.0,0.0,0.08,0.02926829268292683,0.25,0.25
231,0.9691407322050046,0.4752920092713181,0.8708487219888168,0.4833857911967352,0.246879425001856,0.46990895508526576,0.6780487804878049,0.3873548649634794,0.35771402086104737,0.08780487804878048,0.39714285714285713,0.3790169876366371,0.3624982381598801,0.08285714285714285,0.014634146341463415,0.008571428571428572,0.4142857142857143,13.248571428571429,0.04390243902439024,0.0,0.04586276006042206,0.08436634914903718,3.678048780487805,0.0,0.0,0.15,0.07804878048780488,0,0.14394076448525883,0.29708100325644454,1.2636563417770938,0.836635204975441,0.0,0.6666666666666666,0.0,0.0,0.0,0.0,0.0,0.08,0.014634146341463415,0.25,0.25
232,0.9694397544721214,0.47415813528899814,0.8701287781823515,0.4823724804857735,0.246879425001856,0.46921516341066005,0.6176470588235294,0.3873366862696839,0.3590202992962267,0.08823529411764706,0.36,0.3790169876366371,0.3624982381598801,0.08285714285714285,0.014705882352941176,0.011428571428571429,0.41714285714285715,13.251428571428571,0.03431372549019608,0.002857142857142857,0.04590274041576617,0.08436634914903718,3.6470588235294117,0.0,0.0,0.15,0.0784313725490196,0,0.14333520351997542,0.2955955982401623,1.2498117863701237,0.8199025008759321,0.0,1.0,0.0,0.0,0.0,0.0,0.0,0.08,0.01951219512195122,0.25,0.25
233,0.9693782112814319,0.4737762940532187,0.870092907294064,0.48167150908258716,0.246879425001856,0.46856867721811635,0.6176470588235294,0.3873366862696839,0.3590202992962267,0.08823529411764706,0.36,0.3790169876366371,0.3624982381598801,0.08285714285714285,0.00980392156862745,0.005714285714285714,0.41714285714285715,13.228571428571428,0.03431372549019608,0.0,0.04591347160743473,0.08436634914903718,3.6470588235294117,0.0,0.0,0.15,0.0784313725490196,0,0.14264709893094696,0.29411762024896143,1.2305298363570065,0.8035044508584135,0.0,1.0,0.0,0.0,0.0,0.0,0.0,0.08,0.00980392156862745,0.25,0.25
234,0.9719833523035474,0.47351134715058546,0.871611332346954,0.4814983289094751,0.246879425001856,0.46785536710205544,0.6568627450980392,0.3873366862696839,0.3590202992962267,0.08823529411764706,0.38285714285714284,0.3790169876366371,0.3624982381598801,0.08285714285714285,0.0196078431372549,0.011428571428571429,0.41714285714285715,13.254285714285714,0.029411764705882353,0.0,0.04591347160743473,0.08436634914903718,3.6470588235294117,0.0,0.0,0.15,0.0784313725490196,0,0.14201943486486365,0.29264703214771665,1.217347811058438,0.7874343618412452,0.0,1.0,0.0,0.0,0.0,0.0,0.0,0.08,0.0196078431372549,0.25,0.25
235,0.9711676616689598,0.47491795711239365,0.8711359012342232,0.4819322275426186,0.246879425001856,0.4672537813381314,0.6617647058823529,0.3873366862696839,0.3590202992962267,0.08823529411764706,0.38571428571428573,0.3790169876366371,0.3624982381598801,0.08285714285714285,0.004901960784313725,0.002857142857142857,0.41714285714285715,13.277142857142858,0.024509803921568627,0.0,0.04591347160743473,0.08436634914903718,3.6470588235294117,0.0,0.0,0.15,0.0784313725490196,0,0.14133790911911076,0.29118379698697805,1.1958579976944121,0.7716856746044203,0.0,1.0,0.0,0.0,0.0,0.0,0.0,0.08,0.004901960784313725,0.25,0.25
236,0.9703785445543143,0.47351103098652914,0.8706759586874011,0.4815756747440856,0.246879425001856,0.466760954172143,0.6323529411764706,0.3869445294069389,0.35872618164916786,0.08823529411764706,0.36857142857142855,0.37878841620806564,0.36232680958845154,0.08285714285714285,0.00980392156862745,0.005714285714285714,0.41714285714285715,13.265714285714285,0.024509803921568627,0.0,0.04591347160743473,0.08436634914903718,3.6470588235294117,0.0,0.0,0.15,0.0784313725490196,0,0.14148836243065807,0.2897278780020432,1.1776551234548092,0.8033131335329309,0.0,0.0,0.0,0.0,0.0,0.0,0.0,0.08,0.00980392156862745,0.25,0.25
237,0.9731358900167493,0.47272357675909904,0.8722830971855061,0.4807902572649564,0.246879425001856,0.46639990789435243,0.6568627450980392,0.3869445294069389,0.35872618164916786,0.08823529411764706,0.38285714285714284,0.37878841620806564,0.36232680958845154,0.08285714285714285,0.024509803921568627,0.014285714285714285,0.41714285714285715,13.245714285714286,0.029411764705882353,0.0,0.04591347160743473,0.08436634914903718,3.6470588235294117,0.0,0.0,0.15,0.0784313725490196,0,0.14178034990421906,0.288279238612033,1.1683877352714276,0.7872468708622723,0.0,1.0,0.0,0.0,0.0,0.0,0.0,0.08,0.024509803921568627,0.25,0.25
238,0.9744651402826552,0.4721178866250046,0.8730578601976341,0.48113935512896155,0.246879425001856,0.46590572614067804,0.6764705882352942,0.3869445294069389,0.35872618164916786,0.08823529411764706,0.3942857142857143,0.37878841620806564,0.36232680958845154,0.08285714285714285,0.004901960784313725,0.002857142857142857,0.41714285714285715,13.26,0.024509803921568627,0.0,0.04591347160743473,0.08436634914903718,3.6470588235294117,0.0,0.0,0.15,0.0784313725490196,0,0.1411000195832694,0.28683784241897275,1.1478771234231417,0.7715019334450268,0.0,1.0,0.0,0.0,0.0,0.0,0.0,0.08,0.004901960784313725,0.25,0.25
239,0.9746830047230848,0.47227308663998846,0.8727424547628801,0.48156284569949787,0.246879425001856,0.46541250058754013,0.6600985221674877,0.3856074932406743,0.36030795448341824,0.08866995073891626,0.38285714285714284,0.37878841620806564,0.36232680958845154,0.08285714285714285,0.04433497536945813,0.025714285714285714,0.42,13.211428571428572,0.024630541871921183,0.002857142857142857,0.04592041012733655,0.08436634914903716,3.6354679802955663,0.0,0.0,0.15,0.07881773399014778,0,0.1416675166340197,0.28540365320687794,1.1506338666689646,0.7560718947761262,0.0,1.0,0.0,0.0,0.0,0.0,0.0,0.08,0.04411764705882353,0.25,0.25
240,0.9748506418110442,0.47168369333590726,0.8728396842738966,0.4812254015381016,0.246879425001856,0.465032041699432,0.6699507389162561,0.3856074932406743,0.36030795448341824,0.08866995073891626,0.38857142857142857,0.37878841620806564,0.36232680958845154,0.08285714285714285,0.04433497536945813,0.025714285714285714,0.42,13.208571428571428,0.029556650246305417,0.0,0.04594072804653822,0.08436634914903716,3.6354679802955663,0.0,0.0,0.15,0.07881773399014778,0,0.14104489333656386,0.2839766349408436,1.153335475049871,0.7409504568806037,0.0,1.0,0.0,0.0,0.0,0.0,0.0,0.08,0.04433497536945813,0.25,0.25
241,0.9754761137607032,0.47098872069631176,0.8732024580046989,0.4808439089645896,0.246879425001856,0.46455964629912216,0.6354679802955665,0.3856074932406743,0.36030795448341824,0.08866995073891626,0.36857142857142855,0.37878841620806564,0.36232680958845154,0.08285714285714285,0.03940886699507389,0.022857142857142857,0.42,13.191428571428572,0.034482758620689655,0.0,0.04594072804653822,0.08436634914903716,3.6354679802955663,0.0,0.0,0.15,0.07881773399014778,0,0.14042538315559536,0.28255675176613937,1.1531259084060166,0.7261314477429917,0.0,1.0,0.0,0.0,0.0,0.0,0.0,0.08,0.03940886699507389,0.25,0.25
242,0.975517584607053,0.4713324661800703,0.8732265110955817,0.4815412360584053,0.246879425001856,0.4640815880846363,0.6108374384236454,0.385410448905699,0.36016017123218674,0.08866995073891626,0.35428571428571426,0.3786741304937799,0.36224109530273724,0.08285714285714285,0.019704433497536946,0.011428571428571429,0.42,13.18,0.034482758620689655,0.0,0.04594072804653822,0.08436634914903716,3.6354679802955663,0.0,0.0,0.15,0.07881773399014778,0,0.14018039909696023,0.2811439680073086,1.1414919616664676,0.7374447354034328,0.0,0.75,0.0,0.0,0.0,0.0,0.0,0.08,0.019704433497536946,0.25,0.25
243,0.9754387161598659,0.46947685431408315,0.8731807673962132,0.48026387650397695,0.246879425001856,0.46355963591713684,0.6699507389162561,0.385410448905699,0.36016017123218674,0.08866995073891626,0.38857142857142857,0.3786741304937799,0.36224109530273724,0.08285714285714285,0.029556650246305417,0.017142857142857144,0.42,13.222857142857142,0.034482758620689655,0.0,0.04594072804653822,0.08436634914903716,3.6354679802955663,0.0,0.0,0.15,0.07881773399014778,0,0.13956506853004685,0.2797382481672721,1.1358049795759952,0.7226958406953641,0.0,1.0,0.0,0.0,0.0,0.0,0.0,0.08,0.029556650246305417,0.25,0.25
244,0.9768656955811059,0.4699179916720828,0.8740084154605324,0.4808648992550957,0.246879425001856,0.4629103711698778,0.7241379310344828,0.385410448905699,0.36016017123218674,0.08866995073891626,0.42,0.3786741304937799,0.36224109530273724,0.08285714285714285,0.034482758620689655,0.02,0.42,13.274285714285714,0.029556650246305417,0.0,0.04594072804653822,0.08436634914903716,3.6354679802955663,0.0,0.0,0.15,0.07881773399014778,0,0.1390096724731109,0.2783395569264357,1.1330888799844752,0.7082419238814568,0.0,1.0,0.0,0.0,0.0,0.0,0.0,0.08,0.034482758620689655,0.25,0.25
245,0.9775219750449805,0.4698768425124576,0.8743890575495799,0.4818753582418388,0.246879425001856,0.4624229120703385,0.6600985221674877,0.385410448905699,0.36016017123218674,0.08866995073891626,0.38285714285714284,0.3786741304937799,0.36224109530273724,0.08285714285714285,0.029556650246305417,0.017142857142857144,0.42,13.265714285714285,0.029556650246305417,0.0,0.04594072804653822,0.08436634914903716,3.6354679802955663,0.0,0.0,0.15,0.07881773399014778,0,0.1383717669678882,0.27694785914180353,1.127569959527643,0.6940770854038276,0.0,1.0,0.0,0.0,0.0,0.0,0.0,0.08,0.029556650246305417,0.25,0.25
246,0.9771399473253557,0.4699807161223439,0.8741674814721971,0.4821371920801691,0.246879425001856,0.4620222058046804,0.6600985221674877,0.38521340457072356,0.3600123879809552,0.08866995073891626,0.38285714285714284,0.37855984477949417,0.36215538101702294,0.08285714285714285,0.04926108374384237,0.02857142857142857,0.42,13.222857142857142,0.024630541871921183,0.0,0.04594072804653822,0.08436634914903716,3.6354679802955663,0.0,0.0,0.15,0.07881773399014778,0,0.13822262241876304,0.27848603512967035,1.1335899889085188,0.7247982685657057,0.0,0.9,0.0,0.0,0.0,0.0,0.0,0.08,0.04926108374384237,0.25,0.25
247,0.9771830626800925,0.4703029298833323,0.8741924883779446,0.4818798457518754,0.246879425001856,0.46149467187088317,0.6995073891625616,0.3850163602357482,0.35986460472972365,0.08866995073891626,0.4057142857142857,0.3784455590652085,0.36206966673130864,0.08285714285714285,0.034482758620689655,0.02,0.42,13.234285714285715,0.024630541871921183,0.0,0.04594072804653822,0.08436634914903716,3.6354679802955663,0.0,0.0,0.15,0.07881773399014778,0,0.13801722359238353,0.277093604954022,1.1309181891303481,0.7192838216741735,0.0,0.8571428571428571,0.0,0.0,0.0,0.0,0.0,0.08,0.034482758620689655,0.25,0.25
248,0.9764711995691823,0.4702276023744957,0.8737796077736165,0.4815737183822909,0.246879425001856,0.4611846650198183,0.729064039408867,0.38481931590077284,0.3597168214784921,0.08866995073891626,0.4228571428571429,0.37833127335092276,0.36198395244559434,0.08285714285714285,0.029556650246305417,0.017142857142857144,0.42,13.16,0.024630541871921183,0.0,0.04594072804653822,0.08436634914903716,3.6354679802955663,0.0,0.0,0.15,0.07881773399014778,0,0.13781285176013588,0.28932101489480105,1.1254426824905985,0.7065842756911743,0.0,0.8333333333333334,0.0,0.0,0.0,0.0,0.0,0.08,0.029556650246305417,0.25,0.25
249,0.9773999594970402,0.47006436657749123,0.8743182885317742,0.48181679912074904,0.246879425001856,0.4609514421271056,0.6798029556650246,0.38462227156579754,0.3595690382272606,0.08866995073891626,0.3942857142857143,0.3782169876366371,0.3618982381598801,0.08285714285714285,0.034482758620689655,0.02,0.42,13.1,0.029556650246305417,0.0,0.04594072804653822,0.08436634914903716,3.6354679802955663,0.0,0.0,0.15,0.07881773399014778,0,0.1376662167870495,0.287874409820327,1.1229338288407864,0.6961427247838169,0.0,0.8571428571428571,0.0,0.0,0.0,0.0,0.0,0.08,0.034482758620689655,0.25,0.25
250,0.9778433045352561,0.46995819690802815,0.8745754286539396,0.48182994502719234,0.246879425001856,0.46060184352872263,0.6945812807881774,0.3844252272308221,0.35942125497602906,0.08866995073891626,0.40285714285714286,0.3781027019223513,0.36181252387416585,0.08285714285714285,0.04433497536945813,0.025714285714285714,0.42,13.151428571428571,0.029556650246305417,0.0,0.04594072804653822,0.08436634914903716,3.6354679802955663,0.0,0.0,0.15,0.07881773399014778,0,0.1375205999888285,0.2864350377712254,1.1261894379782564,0.6935364407904004,0.0,0.8888888888888888,0.0,0.0,0.0,0.0,0.0,0.08,0.04433497536945813,0.25,0.25
251,0.9781372999783495,0.46969511035375006,0.8747459460109339,0.4816772900924312,0.246879425001856,0.46029865906758644,0.7389162561576355,0.3840311385608714,0.359125688473566,0.08866995073891626,0.42857142857142855,0.37787413049377994,0.3616410953027373,0.08285714285714285,0.024630541871921183,0.017142857142857144,0.42,13.191428571428572,0.029556650246305417,0.0,0.04594072804653822,0.08436634914903716,3.6354679802955663,0.0,0.0,0.15,0.07881773399014778,0,0.13774728270317008,0.2938088508690654,1.1208085063615483,0.7048561555096547,0.0,0.6666666666666666,0.0,0.0,0.0,0.0,0.0,0.08,0.024630541871921183,0.25,0.25
252,0.9765841768898077,0.4701851040235724,0.8738451346195794,0.48182705740334575,0.246879425001856,0.46004212435818426,0.6600985221674877,0.3840311385608714,0.359125688473566,0.08866995073891626,0.38285714285714284,0.37787413049377994,0.3616410953027373,0.08285714285714285,0.009852216748768473,0.005714285714285714,0.42,13.205714285714286,0.024630541871921183,0.0,0.04594072804653822,0.08436634914903716,3.6354679802955663,0.0,0.0,0.15,0.07881773399014778,0,0.13708711771822565,0.29233980661472003,1.1041066219486033,0.6907590323994617,0.0,1.0,0.0,0.0,0.0,0.0,0.0,0.08,0.009852216748768473,0.25,0.25
253,0.9770794074878068,0.47108123763630916,0.8741978557735968,0.4815849781547887,0.246879425001856,0.45992007491405607,0.6386138613861386,0.3837534283148232,0.3583811354615038,0.0891089108910891,0.36857142857142855,0.37775984477949415,0.361555381017023,0.08285714285714285,0.04455445544554455,0.025714285714285714,0.4228571428571429,13.268571428571429,0.0297029702970297,0.002857142857142857,0.04600032977148228,0.08436634914903716,3.594059405940594,0.0,0.0,0.15,0.07920792079207921,0,0.13700111141534885,0.29087810758164645,1.107738775223917,0.7109771296448193,0.0,0.8888888888888888,0.0,0.0,0.0,0.0,0.0,0.08,0.04433497536945813,0.25,0.25
254,0.9769958766226712,0.4708356873915481,0.8741496465314325,0.4817241350922654,0.246879425001856,0.45969433209617216,0.6485148514851485,0.3837534283148232,0.3583811354615038,0.0891089108910891,0.3742857142857143,0.37775984477949415,0.361555381017023,0.08285714285714285,0.024752475247524754,0.014285714285714285,0.4228571428571429,13.288571428571428,0.034653465346534656,0.0,0.04601932123076462,0.08436634914903716,3.594059405940594,0.0,0.0,0.15,0.07920792079207921,0,0.13637324871541495,0.2894237170437382,1.0998697140051525,0.6967575870519228,0.0,1.0,0.0,0.0,0.0,0.0,0.0,0.08,0.024752475247524754,0.25,0.25
255,0.9765073751881238,0.4710028122389428,0.8732048237007062,0.4810754392513162,0.246879425001856,0.4595168894018242,0.6417910447761194,0.382891558532432,0.3595022138849817,0.08955223880597014,0.36857142857142855,0.37775984477949415,0.361555381017023,0.08285714285714285,0.024875621890547265,0.017142857142857144,0.4257142857142857,13.334285714285715,0.03482587064676617,0.002857142857142857,0.04601966534535338,0.08436634914903716,3.5920398009950247,0.0,0.0,0.15,0.07960199004975124,0,0.13574852532898074,0.2879765984585195,1.0950151768679068,0.6828224353108844,0.0,1.0,0.0,0.0,0.0,0.0,0.0,0.08,0.0297029702970297,0.25,0.25
256,0.9765135210007239,0.4695649098966959,0.8732083531530852,0.4804098592900066,0.246879425001856,0.45926418921500545,0.6716417910447762,0.382891558532432,0.3595022138849817,0.08955223880597014,0.38571428571428573,0.37775984477949415,0.361555381017023,0.08285714285714285,0.014925373134328358,0.008571428571428572,0.4257142857142857,13.365714285714287,0.029850746268656716,0.0,0.04603474314896216,0.08436634914903716,3.5920398009950247,0.0,0.0,0.15,0.07960199004975124,0,0.13509835413090726,0.2865367154662269,1.0816863019019771,0.6691659866046668,0.0,1.0,0.0,0.0,0.0,0.0,0.0,0.08,0.014925373134328358,0.25,0.25
257,0.9784268097510948,0.46956919545358927,0.8728481502990679,0.48104626271112855,0.246879425001856,0.4589878844589023,0.66,0.3835116840636422,0.35942814630283665,0.09,0.37714285714285717,0.37764555906520847,0.3614696667313087,0.08285714285714285,0.02,0.011428571428571429,0.42857142857142855,13.417142857142856,0.03,0.002857142857142857,0.046068838020941374,0.08436634914903716,3.57,0.0,0.0,0.15,0.08,0,0.13488000521739557,0.2851040318888957,1.071481147292509,0.6729985561197899,0.0,0.75,0.0,0.0,0.0,0.0,0.0,0.08,0.01990049751243781,0.25,0.25
258,0.9790865146910059,0.46877979192596614,0.8732251245504459,0.48043411726116575,0.246879425001856,0.459046366713473,0.64,0.3833116840636422,0.3592781463028366,0.09,0.3657142857142857,0.3775312733509228,0.3613839524455944,0.08285714285714285,0.02,0.011428571428571429,0.42857142857142855,13.474285714285715,0.035,0.0,0.046079091886062955,0.08436634914903716,3.57,0.0,0.0,0.15,0.08,0,0.13466274804845146,0.28367851172945124,1.0614800957752304,0.6944275997721705,0.0,0.75,0.0,0.0,0.0,0.0,0.0,0.08,0.02,0.25,0.25
259,0.9802904935493043,0.468773325867197,0.8736301749225746,0.4803483042870454,0.246879425001856,0.4592997372453057,0.6582914572864321,0.3836947945342948,0.3575419964689901,0.09045226130653267,0.3742857142857143,0.3775312733509228,0.3613839524455944,0.08285714285714285,0.035175879396984924,0.022857142857142857,0.43142857142857144,13.571428571428571,0.035175879396984924,0.002857142857142857,0.04606731946290914,0.08436634914903718,3.5678391959798996,0.0,0.0,0.15,0.08040201005025126,0,0.13430073710831622,0.28226011917080396,1.0631076367168686,0.680539047776727,0.0,1.0,0.0,0.0,0.0,0.0,0.0,0.08,0.04,0.25,0.25
260,0.9822044309893546,0.4680855740667467,0.8747183850670603,0.47957397351571146,0.246879425001856,0.45927273014768116,0.678391959798995,0.3836947945342948,0.3575419964689901,0.09045226130653267,0.38571428571428573,0.3775312733509228,0.3613839524455944,0.08285714285714285,0.03015075376884422,0.017142857142857144,0.43142857142857144,13.56,0.04020100502512563,0.0,0.046078320282509064,0.08436634914903718,3.5678391959798996,0.0,0.0,0.15,0.08040201005025126,0,0.1336863762799175,0.28084881857495,1.0589883411253882,0.6669282668211924,0.0,1.0,0.0,0.0,0.0,0.0,0.0,0.08,0.03015075376884422,0.25,0.25
261,0.9819155513642215,0.46746999570774594,0.8745698429851206,0.479456222197885,0.246879425001856,0.45932916270111773,0.702020202020202,0.3843247004330623,0.3575237452784054,0.09090909090909091,0.39714285714285713,0.3775312733509228,0.3613839524455944,0.08285714285714285,0.020202020202020204,0.011428571428571429,0.4342857142857143,13.597142857142858,0.030303030303030304,0.002857142857142857,0.0460898146126233,0.08436634914903718,3.5555555555555554,0.0,0.0,0.15,0.08080808080808081,0,0.13307508725566078,0.2794445744820752,1.049237145731452,0.6535897014847686,0.0,1.0,0.0,0.0,0.0,0.0,0.0,0.08,0.020100502512562814,0.25,0.25
262,0.9814357001438947,0.46668998098370024,0.8742983842947644,0.4790216628929787,0.246879425001856,0.4593849176150598,0.6060606060606061,0.3841226802310422,0.3573722301268903,0.09090909090909091,0.34285714285714286,0.377416987636637,0.3612982381598801,0.08285714285714285,0.005050505050505051,0.002857142857142857,0.4342857142857143,13.588571428571429,0.030303030303030304,0.0,0.0460898146126233,0.08436634914903718,3.5555555555555554,0.0,0.0,0.15,0.08080808080808081,0,0.1328382832479539,0.2780473516096648,1.0311095456739656,0.6815667188055641,0.0,0.0,0.0,0.0,0.0,0.0,0.0,0.08,0.005050505050505051,0.25,0.25
263,0.9808117891792067,0.4674914231083308,0.8739454289490267,0.47950926221991996,0.246879425001856,0.4594711485732248,0.6515151515151515,0.3841226802310422,0.3573722301268903,0.09090909090909091,0.36857142857142855,0.377416987636637,0.3612982381598801,0.08285714285714285,0.015151515151515152,0.008571428571428572,0.4342857142857143,13.56857142857143,0.03535353535353535,0.0,0.0460898146126233,0.08436634914903718,3.5555555555555554,0.0,0.0,0.15,0.08080808080808081,0,0.13223109183171414,0.2766571148516165,1.019058783331915,0.6679353844294528,0.0,1.0,0.0,0.0,0.0,0.0,0.0,0.08,0.015151515151515152,0.25,0.25
264,0.9803534658526527,0.46821100871507604,0.8736861488957187,0.47998857577350024,0.246879425001856,0.45948959352285995,0.6515151515151515,0.3835166196249815,0.3569176846723448,0.09090909090909091,0.36857142857142855,0.3770741304937799,0.36104109530273726,0.08285714285714285,0.030303030303030304,0.017142857142857144,0.4342857142857143,13.64,0.04040404040404041,0.0,0.0460898146126233,0.08436634914903718,3.5555555555555554,0.0,0.0,0.15,0.08080808080808081,0,0.1329409370868413,0.2823742338889543,1.0158204648081337,0.7191792823586549,0.0,0.5,0.0,0.0,0.0,0.0,0.0,0.08,0.030303030303030304,0.25,0.25
265,0.9804703951059971,0.47064188661235545,0.8733695314202987,0.4816481279145482,0.246879425001856,0.45951648434199305,0.6307692307692307,0.3862569588043389,0.35833248966405873,0.09230769230769231,0.3514285714285714,0.37695984477949424,0.36095538101702296,0.08285714285714285,0.015384615384615385,0.011428571428571429,0.44285714285714284,13.597142857142858,0.03076923076923077,0.008571428571428572,0.04625004155820733,0.08436634914903716,3.476923076923077,0.0,0.0,0.15,0.08205128205128205,0,0.13273337525854995,0.28096236271950953,1.0069326269405425,0.7421639467987236,0.0,0.75,0.0,0.0,0.0,0.0,0.0,0.08,0.020202020202020204,0.25,0.25
266,0.9805193845199739,0.4708269833365756,0.8733968255223715,0.4814855855159439,0.246879425001856,0.45972486306081317,0.6358974358974359,0.38605183059921067,0.3581786435102126,0.09230769230769231,0.35428571428571426,0.37684555906520845,0.36086966673130866,0.08285714285714285,0.03076923076923077,0.017142857142857144,0.44285714285714284,13.608571428571429,0.02564102564102564,0.0,0.04626055834294742,0.08436634914903716,3.476923076923077,0.0,0.0,0.15,0.08205128205128205,0,0.1326121376679715,0.279557550905912,1.0039368315445887,0.7593571546889385,0.0,0.8333333333333334,0.0,0.0,0.0,0.0,0.0,0.08,0.03076923076923077,0.25,0.25
267,0.9810427785128641,0.4708049471010035,0.8736884307469819,0.48188759177618906,0.246879425001856,0.4597710403693149,0.7076923076923077,0.38605183059921067,0.3581786435102126,0.09230769230769231,0.3942857142857143,0.37684555906520845,0.36086966673130866,0.08285714285714285,0.02564102564102564,0.014285714285714285,0.44285714285714284,13.645714285714286,0.020512820512820513,0.0,0.04626055834294742,0.08436634914903716,3.476923076923077,0.0,0.0,0.15,0.08205128205128205,0,0.1320062198367745,0.2781597631513824,0.9981438091994113,0.7441700115951597,0.0,1.0,0.0,0.0,0.0,0.0,0.0,0.08,0.02564102564102564,0.25,0.25
268,0.9817000184846387,0.47145446890816106,0.8740546073026847,0.4816935141253225,0.246879425001856,0.4598204289578722,0.6461538461538462,0.3858467023940824,0.35802479735636644,0.09230769230769231,0.36,0.37673127335092277,0.3607839524455944,0.08285714285714285,0.03076923076923077,0.017142857142857144,0.44285714285714284,13.66,0.02564102564102564,0.0,0.04626055834294742,0.08436634914903716,3.476923076923077,0.0,0.0,0.15,0.08205128205128205,0,0.13183190302330489,0.27676896433562553,0.9953237901582802,0.7367278459293704,0.0,0.8333333333333334,0.0,0.0,0.0,0.0,0.0,0.08,0.03076923076923077,0.25,0.25
269,0.9814432110071416,0.4718411989397585,0.8739178574073779,0.48192147316824074,0.246879425001856,0.4597702669344373,0.6804123711340206,0.3859742106155525,0.3567084759091446,0.09278350515463918,0.37714285714285717,0.3766169876366371,0.3606982381598801,0.08285714285714285,0.015463917525773196,0.008571428571428572,0.44571428571428573,13.64,0.015463917525773196,0.002857142857142857,0.04628860579174835,0.08436634914903716,3.463917525773196,0.0,0.0,0.15,0.08247422680412371,0,0.1316298863653312,0.2753851195139474,0.983988742926543,0.7662960081017512,0.0,0.6666666666666666,0.0,0.0,0.0,0.0,0.0,0.08,0.015384615384615385,0.25,0.25
270,0.9808492423723552,0.47232898069912566,0.873588629078382,0.48219297782245274,0.246879425001856,0.45970420962271524,0.6443298969072165,0.3859742106155525,0.3567084759091446,0.09278350515463918,0.35714285714285715,0.3766169876366371,0.3606982381598801,0.08285714285714285,0.020618556701030927,0.011428571428571429,0.44571428571428573,13.628571428571428,0.015463917525773196,0.0,0.04628860579174835,0.08436634914903716,3.463917525773196,0.0,0.0,0.15,0.08247422680412371,0,0.131057308362076,0.27400819391637765,0.9757375394965837,0.7509700879397162,0.0,1.0,0.0,0.0,0.0,0.0,0.0,0.08,0.020618556701030927,0.25,0.25
271,0.9808936578199535,0.47153340967775625,0.8736132479264794,0.48208816669145155,0.246879425001856,0.4595025970866095,0.6288659793814433,0.3859742106155525,0.3567084759091446,0.09278350515463918,0.3485714285714286,0.3766169876366371,0.3606982381598801,0.08285714285714285,0.020618556701030927,0.011428571428571429,0.44571428571428573,13.651428571428571,0.02577319587628866,0.0,0.04628860579174835,0.08436634914903716,3.463917525773196,0.0,0.0,0.15,0.08247422680412371,0,0.13045916467740848,0.2726381529467958,0.9676513601352233,0.735950686180922,0.0,1.0,0.0,0.0,0.0,0.0,0.0,0.08,0.020618556701030927,0.25,0.25
272,0.9805192353637198,0.46970378323795836,0.8734057109078812,0.48129515316291566,0.246879425001856,0.4594385882198539,0.6082474226804123,0.38576802504854224,0.3565538367338869,0.09278350515463918,0.33714285714285713,0.3765027019223513,0.3606125238741658,0.08285714285714285,0.03608247422680412,0.022857142857142857,0.44571428571428573,13.651428571428571,0.02577319587628866,0.0,0.04628860579174835,0.08436634914903716,3.463917525773196,0.0,0.0,0.15,0.08247422680412371,0,0.13065307060899398,0.27127496218206176,0.9711554757896618,0.7546705247199894,0.0,0.875,0.0,0.0,0.0,0.0,0.0,0.08,0.03608247422680412,0.25,0.25
273,0.9793389602150814,0.4711155725032654,0.8727515012540646,0.4819527640502038,0.246879425001856,0.4591816008166143,0.6649484536082474,0.38576802504854224,0.3565538367338869,0.09278350515463918,0.36857142857142855,0.3765027019223513,0.3606125238741658,0.08285714285714285,0.030927835051546393,0.017142857142857144,0.44571428571428573,13.67142857142857,0.030927835051546393,0.0,0.04628860579174835,0.08436634914903716,3.463917525773196,0.0,0.0,0.15,0.08247422680412371,0,0.13005694811309185,0.2699185873711515,0.9688752234167256,0.7395771142255896,0.0,1.0,0.0,0.0,0.0,0.0,0.0,0.08,0.030927835051546393,0.25,0.25
274,0.980285783818406,0.4696409103009479,0.8732763120513358,0.481012307236414,0.246879425001856,0.45903876622806195,0.7061855670103093,0.38576802504854224,0.3565538367338869,0.09278350515463918,0.3914285714285714,0.3765027019223513,0.3606125238741658,0.08285714285714285,0.041237113402061855,0.022857142857142857,0.44571428571428573,13.691428571428572,0.030927835051546393,0.0,0.04628860579174835,0.08436634914903716,3.463917525773196,0.0,0.0,0.15,0.08247422680412371,0,0.12952080622966924,0.2685689944342957,0.9723548618055341,0.7247855719410777,0.0,1.0,0.0,0.0,0.0,0.0,0.0,0.08,0.041237113402061855,0.25,0.25
275,0.980486589623931,0.47016967045315117,0.8734433684417585,0.48121686057778534,0.246879425001856,0.45891123068787837,0.7305699481865285,0.38705159974308356,0.3573743856803676,0.09326424870466321,0.40285714285714286,0.3765027019223513,0.3606125238741658,0.08285714285714285,0.031088082901554404,0.02,0.44857142857142857,13.662857142857144,0.031088082901554404,0.002857142857142857,0.046299640658961215,0.08436634914903718,3.4507772020725387,0.0,0.0,0.15,0.08290155440414508,0,0.12895891648423521,0.26722614946212425,0.9729077645694232,0.7102898605022562,0.0,1.0,0.0,0.0,0.0,0.0,0.0,0.08,0.03608247422680412,0.25,0.25
276,0.9797220364077099,0.47059684812756275,0.8730217719539566,0.4814648731154979,0.246879425001856,0.45861572456115807,0.6683937823834197,0.38705159974308356,0.3573743856803676,0.09326424870466321,0.36857142857142855,0.3765027019223513,0.3606125238741658,0.08285714285714285,0.025906735751295335,0.014285714285714285,0.44857142857142857,13.72,0.031088082901554404,0.0,0.04632038392581873,0.08436634914903718,3.4507772020725387,0.0,0.0,0.15,0.07772020725388601,0,0.12837126475895688,0.26589001871481366,0.967735323563749,0.6960840632922111,0.0,1.0,0.0,0.0,0.0,0.0,0.0,0.08,0.025906735751295335,0.25,0.25
277,0.9803746444533145,0.4713445107238394,0.8733816386762471,0.4818742619506528,0.246879425001856,0.4584283490843916,0.689119170984456,0.38705159974308356,0.3573743856803676,0.09326424870466321,0.38,0.3765027019223513,0.3606125238741658,0.08285714285714285,0.025906735751295335,0.014285714285714285,0.44857142857142857,13.734285714285715,0.031088082901554404,0.0,0.04632038392581873,0.08436634914903718,3.4507772020725387,0.0,0.0,0.15,0.07772020725388601,0,0.12781497986373352,0.2645605686212396,0.9626663313781884,0.6821623820263668,0.0,1.0,0.0,0.0,0.0,0.0,0.0,0.08,0.025906735751295335,0.25,0.25
278,0.9797650570729024,0.4712720165108301,0.873062273322605,0.48119111173470813,0.246879425001856,0.45837082356057723,0.6770833333333334,0.38732361347096944,0.35746470068640573,0.09375,0.37142857142857144,0.3765027019223513,0.3606125238741658,0.08285714285714285,0.036458333333333336,0.022857142857142857,0.4514285714285714,13.791428571428572,0.026041666666666668,0.002857142857142857,0.04636875904995319,0.08436634914903716,3.4270833333333335,0.0,0.0,0.15,0.078125,0,0.1272900478215577,0.2632377657781334,0.9662701476077674,0.6685191343858395,0.0,1.0,0.0,0.0,0.0,0.0,0.0,0.08,0.04145077720207254,0.25,0.25
279,0.9789624152226439,0.4715494295511853,0.8726219669361774,0.48125126902400583,0.246879425001856,0.45827034400191724,0.6510416666666666,0.38732361347096944,0.35746470068640573,0.09375,0.35714285714285715,0.3765027019223513,0.3606125238741658,0.08285714285714285,0.03125,0.017142857142857144,0.4514285714285714,13.802857142857142,0.026041666666666668,0.0,0.04636875904995319,0.08436634914903716,3.4270833333333335,0.0,0.0,0.15,0.078125,0,0.12673931186816423,0.26192157694924273,0.9640876017984692,0.6551487516981227,0.0,1.0,0.0,0.0,0.0,0.0,0.0,0.08,0.03125,0.25,0.25
280,0.9805796446594043,0.47188315986951707,0.873509132798629,0.48104377618375355,0.246879425001856,0.4581123958277662,0.6510416666666666,0.38732361347096944,0.35746470068640573,0.09375,0.35714285714285715,0.3765027019223513,0.3606125238741658,0.08285714285714285,0.03125,0.017142857142857144,0.4514285714285714,13.817142857142857,0.026041666666666668,0.0,0.04636875904995319,0.08436634914903716,3.4270833333333335,0.0,0.0,0.15,0.078125,0,0.12619132959453766,0.2606119690644965,0.9619487069053569,0.6420457766641602,0.0,1.0,0.0,0.0,0.0,0.0,0.0,0.08,0.03125,0.25,0.25
281,0.9811457096385402,0.471920289752612,0.873819659872898,0.48094424560700094,0.246879425001856,0.4579690168024323,0.5885416666666666,0.38732361347096944,0.35746470068640573,0.09375,0.32285714285714284,0.3765027019223513,0.3606125238741658,0.08285714285714285,0.015625,0.008571428571428572,0.4514285714285714,13.862857142857143,0.026041666666666668,0.0,0.04636875904995319,0.08436634914903716,3.4270833333333335,0.0,0.0,0.15,0.078125,0,0.12561751580370784,0.259308909219174,0.9512811613386783,0.6292048611308769,0.0,1.0,0.0,0.0,0.0,0.0,0.0,0.08,0.015625,0.25,0.25
282,0.9808586557211999,0.47192276847666026,0.8736621902953854,0.4814091386971729,0.246879425001856,0.45782422553478924,0.5833333333333334,0.38732361347096944,0.35746470068640573,0.09375,0.32,0.3765027019223513,0.3606125238741658,0.08285714285714285,0.020833333333333332,0.011428571428571429,0.4514285714285714,13.905714285714286,0.026041666666666668,0.0,0.04636875904995319,0.08436634914903716,3.4270833333333335,0.0,0.0,0.15,0.078125,0,0.12507499965326072,0.25801236467307814,0.9436841095404762,0.6166207639082595,0.0,1.0,0.0,0.0,0.0,0.0,0.0,0.08,0.020833333333333332,0.25,0.25
283,0.981173332912365,0.4709873270381404,0.8738348132116815,0.48070349942870266,0.246879425001856,0.4578454330370841,0.6458333333333334,0.38732361347096944,0.35746470068640573,0.09375,0.35428571428571426,0.3765027019223513,0.3606125238741658,0.08285714285714285,0.015625,0.008571428571428572,0.4514285714285714,13.882857142857143,0.026041666666666668,0.0,0.04636875904995319,0.08436634914903716,3.4270833333333335,0.0,0.0,0.15,0.078125,0,0.12447819608356586,0.2567223028497128,0.9333818559210952,0.6042883486300942,0.0,1.0,0.0,0.0,0.0,0.0,0.0,0.08,0.015625,0.25,0.25
284,0.980576261523798,0.4722711875840506,0.8735072769070964,0.48160765339898326,0.246879425001856,0.457744430445063,0.625,0.38732361347096944,0.35746470068640573,0.09375,0.34285714285714286,0.3765027019223513,0.3606125238741658,0.08285714285714285,0.0,0.0,0.4514285714285714,13.865714285714287,0.03125,0.0,0.04636875904995319,0.08436634914903716,3.4270833333333335,0.0,0.0,0.15,0.078125,0,0.12385580510314802,0.25543869133546426,0.9147142188026736,0.5922025816574923,0.0,0.0,0.0,0.0,0.0,0.0,0.0,0.08,0.0,0.25,0.25
285,0.9797898906684246,0.47202771751985123,0.8730758963235772,0.48132051972015377,0.246879425001856,0.4577344072631177,0.6614583333333334,0.38732361347096944,0.35746470068640573,0.09375,0.3628571428571429,0.3765027019223513,0.3606125238741658,0.08285714285714285,0.005208333333333333,0.002857142857142857,0.4514285714285714,13.834285714285715,0.03125,0.0,0.04636875904995319,0.08436634914903716,3.4270833333333335,0.0,0.0,0.15,0.078125,0,0.12332181250620369,0.2541614978787869,0.8992770772837629,0.5803585300243425,0.0,1.0,0.0,0.0,0.0,0.0,0.0,0.08,0.005208333333333333,0.25,0.25
286,0.9790876531486582,0.4717709468883681,0.8724781707327723,0.4811181387137664,0.246879425001856,0.45771276368566405,0.6335078534031413,0.3879642870297364,0.3577539163676203,0.09424083769633508,0.3457142857142857,0.3765027019223513,0.3606125238741658,0.08285714285714285,0.005235602094240838,0.002857142857142857,0.4542857142857143,13.848571428571429,0.02617801047120419,0.002857142857142857,0.046370950698390534,0.08436634914903718,3.413612565445026,0.0,0.0,0.15,0.07853403141361257,0,0.12273377487224413,0.252890690389393,0.8841486785952303,0.5687513594238557,0.0,1.0,0.0,0.0,0.0,0.0,0.0,0.08,0.005208333333333333,0.25,0.25
287,0.9797527244039222,0.4720388508164779,0.8728411096177876,0.4814681974481469,0.246879425001856,0.45777453257168355,0.7225130890052356,0.38775486294596684,0.35759684830479305,0.09424083769633508,0.3942857142857143,0.3763884162080656,0.3605268095884515,0.08285714285714285,0.010471204188481676,0.005714285714285714,0.4542857142857143,13.862857142857143,0.02617801047120419,0.0,0.0464032522899064,0.08436634914903718,3.413612565445026,0.0,0.0,0.15,0.07853403141361257,0,0.12257724885502577,0.251626236937446,0.8721799907376115,0.5651967420151706,0.0,0.5,0.0,0.0,0.0,0.0,0.0,0.08,0.010471204188481676,0.25,0.25
288,0.9792498338395377,0.4711687121529994,0.8725666750526521,0.48058640959495563,0.246879425001856,0.4578728591881774,0.7225130890052356,0.38775486294596684,0.35759684830479305,0.09424083769633508,0.3942857142857143,0.3763884162080656,0.3605268095884515,0.08285714285714285,0.005235602094240838,0.002857142857142857,0.4542857142857143,13.877142857142857,0.020942408376963352,0.0,0.0464032522899064,0.08436634914903718,3.413612565445026,0.0,0.0,0.15,0.07853403141361257,0,0.12199293403932206,0.2503681057527588,0.8575935337800021,0.5538928071748672,0.0,1.0,0.0,0.0,0.0,0.0,0.0,0.08,0.005235602094240838,0.25,0.25
289,0.979130744708052,0.4698212550062248,0.8725016864123271,0.4795862309361501,0.246879425001856,0.45788576500498385,0.6858638743455497,0.38775486294596684,0.35759684830479305,0.09424083769633508,0.3742857142857143,0.3763884162080656,0.3605268095884515,0.08285714285714285,0.005235602094240838,0.002857142857142857,0.4542857142857143,13.922857142857143,0.02617801047120419,0.0,0.0464032522899064,0.08436634914903718,3.413612565445026,0.0,0.0,0.15,0.07853403141361257,0,0.12141154079769688,0.249116265223995,0.8432988059615448,0.5428149510313698,0.0,1.0,0.0,0.0,0.0,0.0,0.0,0.08,0.005235602094240838,0.25,0.25
290,0.9785407417266712,0.46974188725272087,0.8721797133567738,0.4791782153103723,0.246879425001856,0.4578423444940127,0.675392670157068,0.38775486294596684,0.35759684830479305,0.09424083769633508,0.36857142857142855,0.3763884162080656,0.3605268095884515,0.08285714285714285,0.005235602094240838,0.002857142857142857,0.4542857142857143,13.90857142857143,0.02617801047120419,0.0,0.0464032522899064,0.08436634914903718,3.413612565445026,0.0,0.0,0.15,0.07853403141361257,0,0.12083305452227981,0.24787068389787503,0.8292899726994569,0.5319586520107424,0.0,1.0,0.0,0.0,0.0,0.0,0.0,0.08,0.005235602094240838,0.25,0.25
291,0.9792664154111985,0.4684253979698182,0.8721635479879661,0.4787572562696521,0.246879425001856,0.4578134573559675,0.7157894736842105,0.3880562292521703,0.3567175056180947,0.09473684210526316,0.38857142857142857,0.37627413049377995,0.3604410953027372,0.08285714285714285,0.005263157894736842,0.005714285714285714,0.45714285714285713,13.894285714285715,0.02631578947368421,0.002857142857142857,0.046434282943589957,0.08436634914903719,3.3789473684210525,0.0,0.0,0.15,0.07894736842105263,0,0.12068603210681127,0.24663133047838567,0.8184184589597534,0.5299577088967536,0.0,0.5,0.0,0.0,0.0,0.0,0.0,0.08,0.010471204188481676,0.25,0.25
292,0.9800460066840634,0.4688977835018392,0.8725867546789501,0.4785914479475007,0.246879425001856,0.4577111447941872,0.7052631578947368,0.3880562292521703,0.3567175056180947,0.09473684210526316,0.38285714285714284,0.37627413049377995,0.3604410953027372,0.08285714285714285,0.0,0.0,0.45714285714285713,13.928571428571429,0.031578947368421054,0.0,0.046452531441903554,0.08436634914903719,3.3789473684210525,0.0,0.0,0.15,0.07894736842105263,0,0.12008260194627722,0.24539817382599374,0.8020500897805585,0.5193585547188185,0.0,0.0,0.0,0.0,0.0,0.0,0.0,0.08,0.0,0.25,0.25
293,0.9783611766879704,0.4686688817844139,0.871672132681071,0.4783743598725039,0.246879425001856,0.457537704811799,0.6684210526315789,0.38763517662059144,0.35640171614441046,0.09473684210526316,0.3628571428571429,0.3760455590652085,0.36026966673130867,0.08285714285714285,0.010526315789473684,0.005714285714285714,0.45714285714285713,13.954285714285714,0.031578947368421054,0.0,0.046452531441903554,0.08436634914903719,3.3789473684210525,0.0,0.0,0.15,0.07894736842105263,0,0.12033933179368869,0.24417118295686377,0.791723373699233,0.5204359858883196,0.0,0.0,0.0,0.0,0.0,0.0,0.0,0.08,0.010526315789473684,0.25,0.25
294,0.9787487895694895,0.4670587894692143,0.871882551102467,0.47690762640021994,0.246879425001856,0.45766205327065496,0.6947368421052632,0.38763517662059144,0.35640171614441046,0.09473684210526316,0.37714285714285717,0.3760455590652085,0.36026966673130867,0.08285714285714285,0.0,0.0,0.45714285714285713,13.914285714285715,0.031578947368421054,0.0,0.046452531441903554,0.08436634914903719,3.3789473684210525,0.0,0.0,0.15,0.07894736842105263,0,0.11973763513472024,0.24295032704207944,0.7758889062252482,0.5100272661705532,0.0,0.0,0.0,0.0,0.0,0.0,0.0,0.08,0.0,0.25,0.25
295,0.9813842224311295,0.46748955816849064,0.8731265759474385,0.4773426080029131,0.246879425001856,0.4576311482268518,0.6825396825396826,0.38913261138725497,0.3552622560729445,0.09523809523809523,0.36857142857142855,0.3760455590652085,0.36026966673130867,0.08285714285714285,0.0,0.0,0.46,13.948571428571428,0.026455026455026454,0.002857142857142857,0.04653764203362697,0.08436634914903718,3.3015873015873014,0.0,0.0,0.15,0.07936507936507936,0,0.11913894695904666,0.24173557540686905,0.7603711281007433,0.4998267208471421,0.0,0.0,0.0,0.0,0.0,0.0,0.0,0.08,0.0,0.25,0.25
296,0.9803986170183011,0.46741490162477484,0.8725943490245112,0.4774286310333701,0.246879425001856,0.45781007046834743,0.6825396825396826,0.3889209711756148,0.3551035259142143,0.09523809523809523,0.36857142857142855,0.37593127335092275,0.36018395244559437,0.08285714285714285,0.005291005291005291,0.002857142857142857,0.46,13.954285714285714,0.026455026455026454,0.0,0.04660025048632178,0.08436634914903718,3.3015873015873014,0.0,0.0,0.15,0.07936507936507936,0,0.11897182365282283,0.2405268975298347,0.7480208483958712,0.5062810944793471,0.0,0.0,0.0,0.0,0.0,0.0,0.0,0.08,0.005291005291005291,0.25,0.25
297,0.9793038828018075,0.46735165597580053,0.8720031925476045,0.4780980638011068,0.246879425001856,0.4580147005153574,0.6825396825396826,0.38870933096397453,0.35494479575548415,0.09523809523809523,0.36857142857142855,0.375816987636637,0.36009823815988007,0.08285714285714285,0.005291005291005291,0.002857142857142857,0.46,13.994285714285715,0.026455026455026454,0.0,0.04660025048632178,0.08436634914903718,3.3015873015873014,0.0,0.0,0.15,0.07936507936507936,0,0.11880553596313015,0.23932426304218551,0.7359175742850966,0.5249522896008821,0.0,0.0,0.0,0.0,0.0,0.0,0.0,0.08,0.005291005291005291,0.25,0.25
298,0.9786760550332287,0.4676396116965727,0.871664165552572,0.47824885745707263,0.246879425001856,0.4583761633153105,0.6825396825396826,0.3884976907523343,0.35478606559675396,0.09523809523809523,0.36857142857142855,0.3757027019223513,0.36001252387416577,0.08285714285714285,0.005291005291005291,0.002857142857142857,0.46,14.028571428571428,0.026455026455026454,0.0,0.04660025048632178,0.08436634914903718,3.3015873015873014,0.0,0.0,0.15,0.07936507936507936,0,0.11864007971188592,0.2381276417269746,0.7240563656565375,0.5260012640187365,0.0,0.0,0.0,0.0,0.0,0.0,0.0,0.08,0.005291005291005291,0.25,0.25
299,0.9792167646669125,0.4672588842951197,0.8719561487547614,0.4782514553937323,0.246879425001856,0.45890421870627196,0.6613756613756614,0.3884976907523343,0.35478606559675396,0.09523809523809523,0.35714285714285715,0.3757027019223513,0.36001252387416577,0.08285714285714285,0.0,0.0,0.46,14.01142857142857,0.015873015873015872,0.0,0.04660025048632178,0.08436634914903718,3.3015873015873014,0.0,0.0,0.15,0.07936507936507936,0,0.1180468793133265,0.2369370035183397,0.7095752383434067,0.5154812387383617,0.0,0.0,0.0,0.0,0.0,0.0,0.0,0.08,0.0,0.25,0.25
300,0.978908637982265,0.46665520254577075,0.8717254860264657,0.4778174330602282,0.246879425001856,0.45952017564539355,0.675531914893617,0.3890689246097878,0.3555663248321601,0.09574468085106383,0.3628571428571429,0.3757027019223513,0.36001252387416577,0.08285714285714285,0.0,0.0,0.46285714285714286,14.01142857142857,0.010638297872340425,0.002857142857142857,0.046590561371389054,0.08436634914903718,3.297872340425532,0.0,0.0,0.15,0.0797872340425532,0,0.11745664491675988,0.235752318500748,0.6953837335765386,0.5051716139635944,0.0,0.0,0.0,0.0,0.0,0.0,0.0,0.08,0.0,0.25,0.25
301,0.978767822049023,0.4682102473894544,0.8716498477537528,0.47955808979667514,0.246879425001856,0.4600550581449224,0.6329787234042553,0.3890689246097878,0.3555663248321601,0.09574468085106383,0.34,0.3757027019223513,0.36001252387416577,0.08285714285714285,0.0,0.0,0.46285714285714286,13.977142857142857,0.010638297872340425,0.0,0.04660146973853967,0.08436634914903718,3.297872340425532,0.0,0.0,0.15,0.0797872340425532,0,0.11686936169217607,0.23457355690824425,0.6814760589050078,0.4950681816843226,0.0,0.0,0.0,0.0,0.0,0.0,0.0,0.08,0.0,0.25,0.25
302,0.9786599147309749,0.4670690050653744,0.8715918861086298,0.4788839217909012,0.246879425001856,0.46060309807110905,0.7127659574468085,0.3890689246097878,0.3555663248321601,0.09574468085106383,0.38285714285714284,0.3757027019223513,0.36001252387416577,0.08285714285714285,0.0,0.0,0.46285714285714286,13.957142857142857,0.010638297872340425,0.0,0.04660146973853967,0.08436634914903718,3.297872340425532,0.0,0.0,0.15,0.0797872340425532,0,0.11628501488371518,0.23340068912370304,0.6678465377269076,0.4851668180506361,0.0,0.0,0.0,0.0,0.0,0.0,0.0,0.08,0.0,0.25,0.25
303,0.9790933940496331,0.46651180975901013,0.8718247264283662,0.4776772919713524,0.246879425001856,0.4611742315494436,0.6382978723404256,0.3890689246097878,0.3555663248321601,0.09574468085106383,0.34285714285714286,0.3757027019223513,0.36001252387416577,0.08285714285714285,0.0,0.0,0.46285714285714286,13.951428571428572,0.010638297872340425,0.0,0.04660146973853967,0.08436634914903718,3.297872340425532,0.0,0.0,0.15,0.0797872340425532,0,0.11570358980929661,0.23223368567808453,0.6544896069723695,0.4754634816896234,0.0,0.0,0.0,0.0,0.0,0.0,0.0,0.08,0.0,0.25,0.25
304,0.9802616355715523,0.4664002809064072,0.872452239017283,0.47721283274345067,0.246879425001856,0.4617279193052197,0.6117021276595744,0.3890689246097878,0.3555663248321601,0.09574468085106383,0.32857142857142857,0.3757027019223513,0.36001252387416577,0.08285714285714285,0.0,0.0,0.46285714285714286,13.962857142857143,0.005319148936170213,0.0,0.04660146973853967,0.08436634914903718,3.297872340425532,0.0,0.0,0.15,0.0797872340425532,0,0.11512507186025013,0.2310725172496941,0.6413998148329221,0.46595421205583093,0.0,0.0,0.0,0.0,0.0,0.0,0.0,0.08,0.0,0.25,0.25
305,0.9808220349692882,0.46602371700392314,0.8727532535509239,0.4768318217376754,0.246879425001856,0.46242090987014245,0.5851063829787234,0.388856158652341,0.355406750364075,0.09574468085106383,0.3142857142857143,0.3755884162080656,0.3599268095884515,0.08285714285714285,0.015957446808510637,0.008571428571428572,0.46285714285714286,13.905714285714286,0.005319148936170213,0.0,0.04660146973853967,0.08436634914903718,3.297872340425532,0.0,0.0,0.15,0.0797872340425532,0,0.11557466369675527,0.22991715466344564,0.6371432471076922,0.47322075934280844,0.0,0.6666666666666666,0.0,0.0,0.0,0.0,0.0,0.08,0.015957446808510637,0.25,0.25
306,0.9804149750913862,0.46524230400643635,0.8725346042450792,0.4761790115840026,0.246879425001856,0.46292516105502857,0.648936170212766,0.388856158652341,0.355406750364075,0.09574468085106383,0.3485714285714286,0.3755884162080656,0.3599268095884515,0.08285714285714285,0.0,0.0,0.46285714285714286,13.891428571428571,0.005319148936170213,0.0,0.04660146973853967,0.08436634914903718,3.297872340425532,0.0,0.0,0.15,0.0797872340425532,0,0.11499679037827151,0.2287675688901284,0.6244003821655383,0.46375634415595224,0.0,0.0,0.0,0.0,0.0,0.0,0.0,0.08,0.0,0.25,0.25
307,0.979795055189982,0.46539051076764004,0.8722016186980392,0.47621943998903427,0.246879425001856,0.4632459833620517,0.7021276595744681,0.388856158652341,0.355406750364075,0.09574468085106383,0.37714285714285717,0.3755884162080656,0.3599268095884515,0.08285714285714285,0.005319148936170213,0.002857142857142857,0.46285714285714286,13.911428571428571,0.005319148936170213,0.0,0.04660146973853967,0.08436634914903718,3.297872340425532,0.0,0.0,0.15,0.0797872340425532,0,0.11447880642638016,0.22762373104567776,0.6147695173793705,0.4544812172728332,0.0,1.0,0.0,0.0,0.0,0.0,0.0,0.08,0.005319148936170213,0.25,0.25
308,0.9779087113683568,0.46476544869685404,0.8711883825881377,0.47566872603796817,0.246879425001856,0.4634987600921317,0.675531914893617,0.388856158652341,0.355406750364075,0.09574468085106383,0.3628571428571429,0.3755884162080656,0.3599268095884515,0.08285714285714285,0.010638297872340425,0.005714285714285714,0.46285714285714286,13.877142857142857,0.005319148936170213,0.0,0.04660146973853967,0.08436634914903718,3.297872340425532,0.0,0.0,0.15,0.0797872340425532,0,0.11393498382281968,0.2264856123904494,0.6081884127460687,0.4453915929273765,0.0,1.0,0.0,0.0,0.0,0.0,0.0,0.08,0.010638297872340425,0.25,0.25
309,0.9784941801990023,0.4642325806215074,0.8715028629885988,0.47536989059572793,0.246879425001856,0.46369650459380723,0.6914893617021277,0.388856158652341,0.355406750364075,0.09574468085106383,0.37142857142857144,0.3755884162080656,0.3599268095884515,0.08285714285714285,0.010638297872340425,0.005714285714285714,0.46285714285714286,13.928571428571429,0.010638297872340425,0.0,0.04660146973853967,0.08436634914903718,3.297872340425532,0.0,0.0,0.15,0.0797872340425532,0,0.113393880332277,0.22535318432849713,0.601738930205433,0.43648376106882897,0.0,1.0,0.0,0.0,0.0,0.0,0.0,0.08,0.010638297872340425,0.25,0.25
310,0.9798316218225299,0.4630461168081315,0.8722212602035222,0.47488007862669424,0.246879425001856,0.46371710943751315,0.6648936170212766,0.388856158652341,0.355406750364075,0.09574468085106383,0.35714285714285715,0.3755884162080656,0.3599268095884515,0.08285714285714285,0.010638297872340425,0.005714285714285714,0.46285714285714286,13.885714285714286,0.005319148936170213,0.0,0.04660146973853967,0.08436634914903718,3.297872340425532,0.0,0.0,0.15,0.0797872340425532,0,0.11285548235918705,0.22422641840685464,0.5954184373156102,0.4277540858474524,0.0,1.0,0.0,0.0,0.0,0.0,0.0,0.08,0.010638297872340425,0.25,0.25
311,0.9782311863767159,0.46202379726440784,0.871361597735485,0.47402054379180025,0.246879425001856,0.4636030754525634,0.6914893617021277,0.388856158652341,0.355406750364075,0.09574468085106383,0.37142857142857144,0.3755884162080656,0.3599268095884515,0.08285714285714285,0.026595744680851064,0.014285714285714285,0.46285714285714286,13.88,0.010638297872340425,0.0,0.04660146973853967,0.08436634914903718,3.297872340425532,0.0,0.0,0.15,0.0797872340425532,0,0.11311758099359286,0.22310528631482035,0.5977957828550121,0.4191990041305033,0.0,1.0,0.0,0.0,0.0,0.0,0.0,0.08,0.026595744680851064,0.25,0.25
312,0.9774584021720137,0.46138841147459075,0.8709465022198164,0.4742389743324721,0.246879425001856,0.46349027229522244,0.7180851063829787,0.388856158652341,0.355406750364075,0.09574468085106383,0.38571428571428573,0.3755884162080656,0.3599268095884515,0.08285714285714285,0.026595744680851064,0.014285714285714285,0.46285714285714286,13.88,0.010638297872340425,0.0,0.04660146973853967,0.08436634914903718,3.297872340425532,0.0,0.0,0.15,0.0797872340425532,0,0.11260913594576775,0.22198975988324626,0.6001255814836262,0.4108150240478933,0.0,1.0,0.0,0.0,0.0,0.0,0.0,0.08,0.026595744680851064,0.25,0.25
313,0.9776165132761638,0.4611537137869085,0.8710314304700455,0.47362430989358756,0.246879425001856,0.4631947843066812,0.6542553191489362,0.3886433926948943,0.35524717589598986,0.09574468085106383,0.3514285714285714,0.3754741304937799,0.3598410953027372,0.08285714285714285,0.015957446808510637,0.008571428571428572,0.46285714285714286,13.897142857142857,0.010638297872340425,0.0,0.04660146973853967,0.08436634914903718,3.297872340425532,0.0,0.0,0.15,0.0797872340425532,0,0.11250323312318176,0.22087981108383,0.5966944984253822,0.4035839431635268,0.0,0.6666666666666666,0.0,0.0,0.0,0.0,0.0,0.08,0.015957446808510637,0.25,0.25
314,0.9789491196872901,0.46305306256494544,0.871747230485165,0.47435880815100323,0.246879425001856,0.4628870337517576,0.7127659574468085,0.3886433926948943,0.35524717589598986,0.09574468085106383,0.38285714285714284,0.3754741304937799,0.3598410953027372,0.08285714285714285,0.026595744680851064,0.014285714285714285,0.46285714285714286,13.888571428571428,0.005319148936170213,0.0,0.04660146973853967,0.08436634914903718,3.297872340425532,0.0,0.0,0.15,0.0797872340425532,0,0.1120262883861373,0.2197754120284109,0.5990463227425888,0.39551226430025627,0.0,1.0,0.0,0.0,0.0,0.0,0.0,0.08,0.026595744680851064,0.25,0.25
315,0.9773371436358907,0.4634171119828831,0.8708813690632704,0.4747812775519484,0.246879425001856,0.4626991165036441,0.7021276595744681,0.38843062673744744,0.35508760142790474,0.09574468085106383,0.37714285714285717,0.37535984477949424,0.3597553810170229,0.08285714285714285,0.031914893617021274,0.017142857142857144,0.46285714285714286,13.848571428571429,0.010638297872340425,0.0,0.04660146973853967,0.08436634914903718,3.297872340425532,0.0,0.0,0.15,0.0797872340425532,0,0.1119518712299209,0.21867653496826883,0.6042082534305943,0.3938166049566545,0.0,0.8333333333333334,0.0,0.0,0.0,0.0,0.0,0.08,0.031914893617021274,0.25,0.25
316,0.9798247200376982,0.4625289071788764,0.8722175529590983,0.4747941756743845,0.246879425001856,0.46238293890172355,0.7074468085106383,0.38843062673744744,0.35508760142790474,0.09574468085106383,0.38,0.37535984477949424,0.3597553810170229,0.08285714285714285,0.010638297872340425,0.005714285714285714,0.46285714285714286,13.862857142857143,0.005319148936170213,0.0,0.04660146973853967,0.08436634914903718,3.297872340425532,0.0,0.0,0.15,0.0797872340425532,0,0.11142068330234271,0.21758315229342748,0.597838374076268,0.38594027285752136,0.0,1.0,0.0,0.0,0.0,0.0,0.0,0.08,0.010638297872340425,0.25,0.25
317,0.9793809372542129,0.4642642369845956,0.8719791782068264,0.47598924123558173,0.246879425001856,0.4620756725004253,0.7340425531914894,0.38843062673744744,0.35508760142790474,0.09574468085106383,0.3942857142857143,0.37535984477949424,0.3597553810170229,0.08285714285714285,0.010638297872340425,0.005714285714285714,0.46285714285714286,13.842857142857143,0.005319148936170213,0.0,0.04660146973853967,0.08436634914903718,3.297872340425532,0.0,0.0,0.15,0.0797872340425532,0,0.11089215131440243,0.21649523653196034,0.5915958923090283,0.37822146740037094,0.0,1.0,0.0,0.0,0.0,0.0,0.0,0.08,0.010638297872340425,0.25,0.25
318,0.9802044972070949,0.464361917775891,0.8724215475529457,0.4761509135491245,0.246879425001856,0.46202930067603565,0.723404255319149,0.38843062673744744,0.35508760142790474,0.09574468085106383,0.38857142857142857,0.37535984477949424,0.3597553810170229,0.08285714285714285,0.010638297872340425,0.005714285714285714,0.46285714285714286,13.834285714285715,0.005319148936170213,0.0,0.04660146973853967,0.08436634914903718,3.297872340425532,0.0,0.0,0.15,0.0797872340425532,0,0.11036626198640184,0.21541276034930054,0.5854782601771336,0.37065703805236355,0.0,1.0,0.0,0.0,0.0,0.0,0.0,0.08,0.010638297872340425,0.25,0.25
319,0.9804099629560346,0.4632595489596546,0.872531912012376,0.47527912917635734,0.246879425001856,0.4617524200598337,0.7819148936170213,0.38843062673744744,0.35508760142790474,0.09574468085106383,0.42,0.37535984477949424,0.3597553810170229,0.08285714285714285,0.010638297872340425,0.005714285714285714,0.46285714285714286,13.854285714285714,0.005319148936170213,0.0,0.04660146973853967,0.08436634914903718,3.297872340425532,0.0,0.0,0.15,0.0797872340425532,0,0.10984300210504126,0.21433569654755402,0.5794829806878765,0.3632438972913163,0.0,1.0,0.0,0.0,0.0,0.0,0.0,0.08,0.010638297872340425,0.25,0.25
320,0.9797497735909755,0.4641433316767412,0.872177296010573,0.47594386346561773,0.246879425001856,0.4612521627713356,0.7446808510638298,0.3882178607800006,0.3549280269598196,0.09574468085106383,0.4,0.37524555906520846,0.3596696667313086,0.08285714285714285,0.005319148936170213,0.002857142857142857,0.46285714285714286,13.871428571428572,0.005319148936170213,0.0,0.04660146973853967,0.08436634914903718,3.297872340425532,0.0,0.0,0.15,0.0797872340425532,0,0.10972235852308748,0.23171340045710498,0.5707504639312618,0.35597901934549,0.0,0.0,0.0,0.0,0.0,0.0,0.0,0.08,0.005319148936170213,0.25,0.25
321,0.9782006217541227,0.4649275704503959,0.8713451801667776,0.47727639094350244,0.246879425001856,0.46060206702863,0.7872340425531915,0.38779232886510706,0.35460887802364943,0.09574468085106383,0.4228571428571429,0.37501698763663704,0.3594982381598801,0.08285714285714285,0.015957446808510637,0.011428571428571429,0.46285714285714286,13.92,0.005319148936170213,0.0,0.04660146973853967,0.08436634914903718,3.297872340425532,0.0,0.0,0.15,0.0797872340425532,0,0.11008788958761491,0.23393576014968145,0.570764026081208,0.35002406461133506,0.0,0.5,0.0,0.0,0.0,0.0,0.0,0.08,0.015957446808510637,0.25,0.25
322,0.9807413668484504,0.4656986162561804,0.8727099232460167,0.47719250828792203,0.246879425001856,0.45983750931390355,0.7393617021276596,0.38757956290766016,0.3544493035555643,0.09574468085106383,0.39714285714285713,0.3749027019223513,0.35941252387416583,0.08285714285714285,0.015957446808510637,0.008571428571428572,0.46285714285714286,13.951428571428572,0.005319148936170213,0.0,0.04660146973853967,0.08436634914903718,3.297872340425532,0.0,0.0,0.15,0.0797872340425532,0,0.10999459299681967,0.23647601404571988,0.5679201741310125,0.3455105017811037,0.0,0.6666666666666666,0.0,0.0,0.0,0.0,0.0,0.08,0.015957446808510637,0.25,0.25
323,0.9809578626015315,0.464949988737478,0.872826212393386,0.4765664928893758,0.246879425001856,0.4592810640775111,0.723404255319149,0.38757956290766016,0.3544493035555643,0.09574468085106383,0.38857142857142857,0.3749027019223513,0.35941252387416583,0.08285714285714285,0.0,0.0,0.46285714285714286,13.968571428571428,0.010638297872340425,0.0,0.04660146973853967,0.08436634914903718,3.297872340425532,0.0,0.0,0.15,0.0797872340425532,0,0.10944462003183558,0.23529363397549127,0.5565617706483922,0.3386002917454816,0.0,0.0,0.0,0.0,0.0,0.0,0.0,0.08,0.0,0.25,0.25
324,0.9784545188885934,0.46553442479320406,0.8714815591990077,0.4770153733441982,0.246879425001856,0.4587661685578582,0.7074468085106383,0.38757956290766016,0.3544493035555643,0.09574468085106383,0.38,0.3749027019223513,0.35941252387416583,0.08285714285714285,0.010638297872340425,0.005714285714285714,0.46285714285714286,14.065714285714286,0.010638297872340425,0.0,0.04660146973853967,0.08436634914903718,3.297872340425532,0.0,0.0,0.15,0.0797872340425532,0,0.10895439693167641,0.2341171658056138,0.55114482094971,0.331828285910572,0.0,1.0,0.0,0.0,0.0,0.0,0.0,0.08,0.010638297872340425,0.25,0.25
325,0.9771656901242861,0.46539024798178563,0.8707892740341799,0.4773430093011172,0.246879425001856,0.45833424885568136,0.7446808510638298,0.38757956290766016,0.3544493035555643,0.09574468085106383,0.4,0.3749027019223513,0.35941252387416583,0.08285714285714285,0.010638297872340425,0.005714285714285714,0.46285714285714286,14.088571428571429,0.010638297872340425,0.0,0.04660146973853967,0.08436634914903718,3.297872340425532,0.0,0.0,0.15,0.0797872340425532,0,0.10843819637558944,0.23294657997658577,0.5458362102450014,0.3251917201923606,0.0,1.0,0.0,0.0,0.0,0.0,0.0,0.08,0.010638297872340425,0.25,0.25
326,0.9790451137674011,0.4647347743916053,0.8717987930196244,0.47748913199302606,0.246879425001856,0.4578266790441511,0.6968085106382979,0.38757956290766016,0.3544493035555643,0.09574468085106383,0.3742857142857143,0.3749027019223513,0.35941252387416583,0.08285714285714285,0.010638297872340425,0.005714285714285714,0.46285714285714286,14.1,0.010638297872340425,0.0,0.04660146973853967,0.08436634914903718,3.297872340425532,0.0,0.0,0.15,0.0797872340425532,0,0.10792457682228293,0.23178184707670282,0.5406337717543871,0.31868788578851337,0.0,1.0,0.0,0.0,0.0,0.0,0.0,0.08,0.010638297872340425,0.25,0.25
327,0.9779298619579885,0.46412804262157,0.8711997434762827,0.4765911117731017,0.246879425001856,0.45747707454304654,0.6382978723404256,0.38736679695021337,0.3542897290874792,0.09574468085106383,0.34285714285714286,0.37478841620806563,0.35932680958845153,0.08285714285714285,0.010638297872340425,0.008571428571428572,0.46285714285714286,14.105714285714285,0.010638297872340425,0.0,0.04660146973853967,0.08436634914903718,3.297872340425532,0.0,0.0,0.15,0.0797872340425532,0,0.10784209679531437,0.23062293784131932,0.538392524890728,0.3137732464346308,0.0,0.6666666666666666,0.0,0.0,0.0,0.0,0.0,0.08,0.010638297872340425,0.25,0.25
328,0.9776960154834197,0.4633024242872963,0.8710741345128,0.47558336247126654,0.246879425001856,0.45717347058870306,0.6648936170212766,0.38736679695021337,0.3542897290874792,0.09574468085106383,0.35714285714285715,0.37478841620806563,0.35932680958845153,0.08285714285714285,0.010638297872340425,0.005714285714285714,0.46285714285714286,14.128571428571428,0.010638297872340425,0.0,0.04660146973853967,0.08436634914903718,3.297872340425532,0.0,0.0,0.15,0.0797872340425532,0,0.10733145773990922,0.22946982315211273,0.5333389601071992,0.30749778150593815,0.0,1.0,0.0,0.0,0.0,0.0,0.0,0.08,0.010638297872340425,0.25,0.25
329,0.9774575427919814,0.4648365838036674,0.8709460406099704,0.47665719430211345,0.246879425001856,0.45697379632531376,0.6808510638297872,0.38736679695021337,0.3542897290874792,0.09574468085106383,0.3657142857142857,0.37478841620806563,0.35932680958845153,0.08285714285714285,0.010638297872340425,0.005714285714285714,0.46285714285714286,14.177142857142858,0.02127659574468085,0.0,0.04660146973853967,0.08436634914903718,3.297872340425532,0.0,0.0,0.15,0.0797872340425532,0,0.10682337187978111,0.22832247403635217,0.5283864666193409,0.30134782587581943,0.0,1.0,0.0,0.0,0.0,0.0,0.0,0.08,0.010638297872340425,0.25,0.25
330,0.9782252423402498,0.46618929026142475,0.8713584049387545,0.4774233766969743,0.246879425001856,0.4570515802437056,0.648936170212766,0.38736679695021337,0.3542897290874792,0.09574468085106383,0.3485714285714286,0.37478841620806563,0.35932680958845153,0.08285714285714285,0.0,0.0,0.46285714285714286,14.17142857142857,0.010638297872340425,0.0,0.04660146973853967,0.08436634914903718,3.297872340425532,0.0,0.0,0.15,0.0797872340425532,0,0.10628925502038221,0.2271808616661704,0.517818737286954,0.295320869358303,0.0,0.0,0.0,0.0,0.0,0.0,0.0,0.08,0.0,0.25,0.25
331,0.977647832294652,0.46709815216444517,0.8710482532571192,0.47790907393879295,0.246879425001856,0.4572609101632669,0.6170212765957447,0.38736679695021337,0.3542897290874792,0.09574468085106383,0.3314285714285714,0.37478841620806563,0.35932680958845153,0.08285714285714285,0.010638297872340425,0.005714285714285714,0.46285714285714286,14.2,0.010638297872340425,0.0,0.04660146973853967,0.08436634914903718,3.297872340425532,0.0,0.0,0.15,0.0797872340425532,0,0.10581480874528028,0.22604495735783955,0.5131766482555007,0.28941445197113697,0.0,1.0,0.0,0.0,0.0,0.0,0.0,0.08,0.010638297872340425,0.25,0.25
332,0.9789491265709054,0.46612059525088406,0.8713877488312904,0.4770503518431103,0.246879425001856,0.45748612809625255,0.6577540106951871,0.38387677982160495,0.35067630517885606,0.09090909090909091,0.3514285714285714,0.3746741304937799,0.35924109530273723,0.08285714285714285,0.0106951871657754,0.008571428571428572,0.4657142857142857,14.208571428571428,0.0053475935828877,0.002857142857142857,0.046719846334420084,0.08436634914903716,3.176470588235294,0.0,0.0,0.15,0.0748663101604278,0,0.10574287755869674,0.22491473257105035,0.5114845438618193,0.2944991011094369,0.0,0.6666666666666666,0.0,0.0,0.0,0.0,0.0,0.08,0.015957446808510637,0.25,0.25
333,0.980130415722995,0.4675301679238676,0.8720188947496929,0.4776984586776978,0.246879425001856,0.45753373242985873,0.6096256684491979,0.3836628760782893,0.35051587737136947,0.09090909090909091,0.32571428571428573,0.3745598447794942,0.359155381017023,0.08285714285714285,0.0106951871657754,0.005714285714285714,0.4657142857142857,14.191428571428572,0.0053475935828877,0.0,0.04682670286291959,0.08436634914903716,3.176470588235294,0.0,0.0,0.15,0.08021390374331551,0,0.10567130602804613,0.22379015890819512,0.5069691386988685,0.31787079025990955,0.0,0.5,0.0,0.0,0.0,0.0,0.0,0.08,0.0106951871657754,0.25,0.25
334,0.9799770541684979,0.46689810522784797,0.8719369558620044,0.4773448842450375,0.246879425001856,0.4575946966274386,0.6524064171122995,0.3836628760782893,0.35051587737136947,0.09090909090909091,0.3485714285714286,0.3745598447794942,0.359155381017023,0.08285714285714285,0.0053475935828877,0.002857142857142857,0.4657142857142857,14.177142857142858,0.0053475935828877,0.0,0.04682670286291959,0.08436634914903716,3.176470588235294,0.0,0.0,0.15,0.08021390374331551,0,0.10517152092647732,0.22267120811365415,0.49968689878203415,0.31151337445471133,0.0,1.0,0.0,0.0,0.0,0.0,0.0,0.08,0.0053475935828877,0.25,0.25
335,0.9796806360504788,0.46585086259896563,0.8717785838960913,0.4775491131309737,0.246879425001856,0.4576728466943103,0.6256684491978609,0.3836628760782893,0.35051587737136947,0.09090909090909091,0.3342857142857143,0.3745598447794942,0.359155381017023,0.08285714285714285,0.0053475935828877,0.002857142857142857,0.4657142857142857,14.111428571428572,0.0053475935828877,0.0,0.04682670286291959,0.08436634914903716,3.176470588235294,0.0,0.0,0.15,0.08021390374331551,0,0.10467423475041633,0.22155785207308587,0.4925503036635362,0.30528310696561717,0.0,1.0,0.0,0.0,0.0,0.0,0.0,0.08,0.0053475935828877,0.25,0.25
336,0.9799033344129384,0.465603252928891,0.8718125200361552,0.47844653135166515,0.246879425001856,0.4575171338979717,0.7580645161290323,0.3852783858980641,0.3507920914774557,0.0913978494623656,0.40285714285714286,0.3745598447794942,0.359155381017023,0.08285714285714285,0.0,0.002857142857142857,0.4685714285714286,14.082857142857144,0.0,0.002857142857142857,0.04682685644154255,0.08436634914903716,3.172043010752688,0.0,0.0,0.15,0.08064516129032258,0,0.10417943500523572,0.22045006281272042,0.48555644044740837,0.2991774448263048,0.0,1.0,0.0,0.0,0.0,0.0,0.0,0.08,0.0053475935828877,0.25,0.25
337,0.979408161917161,0.46434476430353444,0.8715493712241135,0.47764201595176375,0.246879425001856,0.4573655014520219,0.7419354838709677,0.3852783858980641,0.3507920914774557,0.0913978494623656,0.3942857142857143,0.3745598447794942,0.359155381017023,0.08285714285714285,0.0,0.0,0.4685714285714286,14.08,0.0,0.0,0.04682685644154255,0.08436634914903716,3.172043010752688,0.0,0.0,0.15,0.08064516129032258,0,0.10365853783020952,0.2193478124986568,0.47584531163846017,0.29319389592977874,0.0,0.0,0.0,0.0,0.0,0.0,0.0,0.08,0.0,0.25,0.25
338,0.9807946274382568,0.46359619329905055,0.8722861786153243,0.47762918387081366,0.246879425001856,0.45732305091820036,0.7043010752688172,0.3852783858980641,0.3507920914774557,0.0913978494623656,0.3742857142857143,0.3745598447794942,0.359155381017023,0.08285714285714285,0.0,0.0,0.4685714285714286,14.06857142857143,0.0,0.0,0.04682685644154255,0.08436634914903716,3.172043010752688,0.0,0.0,0.15,0.08064516129032258,0,0.10314024514105849,0.21825107343616354,0.46632840540569104,0.28733001801118313,0.0,0.0,0.0,0.0,0.0,0.0,0.0,0.08,0.0,0.25,0.25
339,0.9802345879665268,0.46328459268124944,0.8719885576389192,0.4773198710011442,0.246879425001856,0.4573817117660767,0.7096774193548387,0.3852783858980641,0.3507920914774557,0.0913978494623656,0.37714285714285717,0.3745598447794942,0.359155381017023,0.08285714285714285,0.0,0.0,0.4685714285714286,14.042857142857143,0.0,0.0,0.04682685644154255,0.08436634914903716,3.172043010752688,0.0,0.0,0.15,0.08064516129032258,0,0.10262454391535321,0.2171598180689827,0.45700183729757715,0.2815834176509595,0.0,0.0,0.0,0.0,0.0,0.0,0.0,0.08,0.0,0.25,0.25
340,0.9797874901987457,0.46326660745062953,0.8717509571108983,0.47784792134882664,0.246879425001856,0.45760142251334057,0.7150537634408602,0.3850633321346233,0.35063080115487516,0.0913978494623656,0.38,0.37444555906520843,0.3590696667313087,0.08285714285714285,0.005376344086021506,0.002857142857142857,0.4685714285714286,13.982857142857142,0.0,0.0,0.04682685644154255,0.08436634914903716,3.172043010752688,0.0,0.0,0.15,0.08064516129032258,0,0.10253999262434785,0.2160740189786378,0.45071894340876845,0.314584628219133,0.0,0.0,0.0,0.0,0.0,0.0,0.0,0.08,0.005376344086021506,0.25,0.25
341,0.9794450715908425,0.4629210759031415,0.8715689860792699,0.4773641904972059,0.246879425001856,0.45787521242588963,0.6881720430107527,0.3850633321346233,0.35063080115487516,0.0913978494623656,0.3657142857142857,0.37444555906520843,0.3590696667313087,0.08285714285714285,0.0,0.0,0.4685714285714286,13.991428571428571,0.0,0.0,0.04682685644154255,0.08436634914903716,3.172043010752688,0.0,0.0,0.15,0.08064516129032258,0,0.1020272926612261,0.21499364888374461,0.4417045645405931,0.3082929356547504,0.0,0.0,0.0,0.0,0.0,0.0,0.0,0.08,0.0,0.25,0.25
342,0.9778800995549266,0.4639293473943647,0.8707373152258973,0.47758243060987005,0.246879425001856,0.4583960912747654,0.7043010752688172,0.3848482783711824,0.3504695108322945,0.0913978494623656,0.3742857142857143,0.37433127335092276,0.3589839524455944,0.08285714285714285,0.005376344086021506,0.002857142857142857,0.4685714285714286,13.985714285714286,0.0,0.0,0.04682685644154255,0.08436634914903716,3.172043010752688,0.0,0.0,0.15,0.08064516129032258,0,0.1019457276264914,0.21391868063932587,0.4357276161069241,0.31390039955632315,0.0,0.0,0.0,0.0,0.0,0.0,0.0,0.08,0.005376344086021506,0.25,0.25
343,0.9782242296458034,0.46405618369613677,0.8709201957884776,0.4774369167577598,0.246879425001856,0.45900491810743005,0.7096774193548387,0.3846332246077415,0.35030822050971383,0.0913978494623656,0.37714285714285717,0.3742169876366371,0.3588982381598801,0.08285714285714285,0.005376344086021506,0.002857142857142857,0.4685714285714286,14.0,0.0,0.0,0.04682685644154255,0.08436634914903716,3.172043010752688,0.0,0.0,0.15,0.08064516129032258,0,0.10186457041693038,0.21284908723612925,0.4298702066419284,0.329121495985174,0.0,0.0,0.0,0.0,0.0,0.0,0.0,0.08,0.005376344086021506,0.25,0.25
344,0.9786400333203231,0.4638857947629412,0.8711411657412225,0.47714276068260986,0.246879425001856,0.4594535221457825,0.7365591397849462,0.3846332246077415,0.35030822050971383,0.0913978494623656,0.3914285714285714,0.3742169876366371,0.3588982381598801,0.08285714285714285,0.0,0.0,0.4685714285714286,14.051428571428572,0.0,0.0,0.04682685644154255,0.08436634914903716,3.172043010752688,0.0,0.0,0.15,0.08064516129032258,0,0.10135524756484574,0.2117848417999486,0.4212728025090899,0.3225390660654705,0.0,0.0,0.0,0.0,0.0,0.0,0.0,0.08,0.0,0.25,0.25
345,0.9796944490745293,0.4646493996387913,0.871701512399172,0.4770750289754622,0.246879425001856,0.45990026378777743,0.6612903225806451,0.3844181708443007,0.3501469301871332,0.0913978494623656,0.3514285714285714,0.3741027019223514,0.35881252387416585,0.08285714285714285,0.005376344086021506,0.002857142857142857,0.4685714285714286,14.034285714285714,0.0,0.0,0.04682685644154255,0.08436634914903716,3.172043010752688,0.0,0.0,0.15,0.08064516129032258,0,0.10127704275559292,0.22915529949331814,0.4157044893160509,0.3441490369085961,0.0,0.0,0.0,0.0,0.0,0.0,0.0,0.08,0.005376344086021506,0.25,0.25
346,0.9788753775301972,0.4647626952278622,0.8712662343784698,0.4772749666178338,0.246879425001856,0.4602694909214135,0.6935483870967742,0.3844181708443007,0.3501469301871332,0.0913978494623656,0.36857142857142855,0.3741027019223514,0.35881252387416585,0.08285714285714285,0.0,0.0,0.4685714285714286,14.065714285714286,0.0,0.0,0.04682685644154255,0.08436634914903716,3.172043010752688,0.0,0.0,0.15,0.08064516129032258,0,0.10077065754181495,0.22800952299585156,0.4073903995297299,0.33726605617042416,0.0,0.0,0.0,0.0,0.0,0.0,0.0,0.08,0.0,0.25,0.25
347,0.9779429641863324,0.4642954150329863,0.8707707232871589,0.47708012483420587,0.246879425001856,0.46070988715701977,0.7096774193548387,0.3844181708443007,0.3501469301871332,0.0913978494623656,0.37714285714285717,0.3741027019223514,0.35881252387416585,0.08285714285714285,0.0,0.0,0.4685714285714286,14.102857142857143,0.0,0.0,0.04682685644154255,0.08436634914903716,3.172043010752688,0.0,0.0,0.15,0.08064516129032258,0,0.10026680425410588,0.2268694753808723,0.39924259153913516,0.3305207350470157,0.0,0.0,0.0,0.0,0.0,0.0,0.0,0.08,0.0,0.25,0.25
348,0.9791553527811893,0.4623596560874391,0.8714150212261398,0.4760880497307012,0.246879425001856,0.4611605620219265,0.6827956989247311,0.3844181708443007,0.3501469301871332,0.0913978494623656,0.3628571428571429,0.3741027019223514,0.35881252387416585,0.08285714285714285,0.0,0.0,0.4685714285714286,14.1,0.0,0.0,0.04682685644154255,0.08436634914903716,3.172043010752688,0.0,0.0,0.15,0.08064516129032258,0,0.09976547023283536,0.22573512800396792,0.3912577397083524,0.32391032034607536,0.0,0.0,0.0,0.0,0.0,0.0,0.0,0.08,0.0,0.25,0.25
349,0.980410203001983,0.4623968409776194,0.8720818844863331,0.4753355096184659,0.246879425001856,0.46162433899256533,0.6989247311827957,0.3844181708443007,0.3501469301871332,0.0913978494623656,0.37142857142857144,0.3741027019223514,0.35881252387416585,0.08285714285714285,0.0,0.0,0.4685714285714286,14.08,0.0,0.0,0.04682685644154255,0.08436634914903716,3.172043010752688,0.0,0.0,0.15,0.08064516129032258,0,0.0992666428816712,0.2246064523639481,0.3834325849141855,0.3174321139391538,0.0,0.0,0.0,0.0,0.0,0.0,0.0,0.08,0.0,0.25,0.25
350,0.9796687716643472,0.461236110331158,0.8716878666897608,0.4746570444681432,0.246879425001856,0.46199001868527867,0.6881720430107527,0.3844181708443007,0.3501469301871332,0.0913978494623656,0.3657142857142857,0.3741027019223514,0.35881252387416585,0.08285714285714285,0.0,0.0,0.4685714285714286,14.06,0.005376344086021506,0.0,0.04682685644154255,0.08436634914903716,3.172043010752688,0.0,0.0,0.15,0.08064516129032258,0,0.09877030966726283,0.22348342010212835,0.3757639332159017,0.31108347166037076,0.0,0.0,0.0,0.0,0.0,0.0,0.0,0.08,0.0,0.25,0.25
351,0.9777388161434671,0.46096370832363304,0.8706622331843791,0.47452657158258443,0.246879425001856,0.4622507985970643,0.6290322580645161,0.3844181708443007,0.3501469301871332,0.0913978494623656,0.3342857142857143,0.3741027019223514,0.35881252387416585,0.08285714285714285,0.0,0.0,0.4685714285714286,14.06857142857143,0.005376344086021506,0.0,0.04682685644154255,0.08436634914903716,3.172043010752688,0.0,0.0,0.15,0.08064516129032258,0,0.09827645811892652,0.2223660030016177,0.3682486545515837,0.3048618022271633,0.0,0.0,0.0,0.0,0.0,0.0,0.0,0.08,0.0,0.25,0.25
352,0.9798568713226892,0.4614618954037082,0.8717878282224798,0.47514570557510555,0.246879425001856,0.46228201895219,0.6559139784946236,0.38420311708085986,0.34998563986455256,0.0913978494623656,0.3485714285714286,0.3739884162080656,0.35872680958845155,0.08285714285714285,0.005376344086021506,0.002857142857142857,0.4685714285714286,14.088571428571429,0.010752688172043012,0.0,0.04682685644154255,0.08436634914903716,3.172043010752688,0.0,0.0,0.15,0.08064516129032258,0,0.0982136472569033,0.22988299007932783,0.3637408243176949,0.3002506687663072,0.0,0.0,0.0,0.0,0.0,0.0,0.0,0.08,0.005376344086021506,0.25,0.25
353,0.9790168247370329,0.46224869124022483,0.871341403465531,0.47536026989703245,0.246879425001856,0.4623790226523884,0.7043010752688172,0.38420311708085986,0.34998563986455256,0.0913978494623656,0.3742857142857143,0.3739884162080656,0.35872680958845155,0.08285714285714285,0.0,0.0,0.4685714285714286,14.085714285714285,0.005376344086021506,0.0,0.04682685644154255,0.08436634914903716,3.172043010752688,0.0,0.0,0.15,0.08064516129032258,0,0.09772257902061879,0.2287335751289312,0.3564660078313409,0.2942456553909811,0.0,0.0,0.0,0.0,0.0,0.0,0.0,0.08,0.0,0.25,0.25
354,0.979031168330202,0.46363931592185104,0.8713490260607579,0.4761631592844939,0.246879425001856,0.4625476468715043,0.6774193548387096,0.38398806331741897,0.3498243495419719,0.0913978494623656,0.36,0.37387413049377993,0.35864109530273725,0.08285714285714285,0.005376344086021506,0.002857142857142857,0.4685714285714286,14.097142857142858,0.010752688172043012,0.0,0.04682685644154255,0.08436634914903716,3.172043010752688,0.0,0.0,0.15,0.08064516129032258,0,0.09766253755408712,0.22758990725328654,0.352193830531857,0.29543221104811374,0.0,0.0,0.0,0.0,0.0,0.0,0.0,0.08,0.005376344086021506,0.25,0.25
355,0.9797450858814537,0.4637822790723717,0.8717284222451375,0.47578274924691544,0.246879425001856,0.46282587115726587,0.6720430107526881,0.38398806331741897,0.3498243495419719,0.0913978494623656,0.35714285714285715,0.37387413049377993,0.35864109530273725,0.08285714285714285,0.0,0.0,0.4685714285714286,14.048571428571428,0.005376344086021506,0.0,0.04682685644154255,0.08436634914903716,3.172043010752688,0.0,0.0,0.15,0.08064516129032258,0,0.09717422486631669,0.2264519577170201,0.3451499539212199,0.28952356682715147,0.0,0.0,0.0,0.0,0.0,0.0,0.0,0.08,0.0,0.25,0.25
356,0.9792545978156776,0.46363439030739484,0.8714677628730393,0.4747218005505329,0.246879425001856,0.46303783198203796,0.6505376344086021,0.38398806331741897,0.3498243495419719,0.0913978494623656,0.3457142857142857,0.37387413049377993,0.35864109530273725,0.08285714285714285,0.0,0.0,0.4685714285714286,14.06857142857143,0.005376344086021506,0.0,0.04682685644154255,0.08436634914903716,3.172043010752688,0.0,0.0,0.15,0.08064516129032258,0,0.0966883537419851,0.225319697928435,0.33824695484279543,0.2837330954906084,0.0,0.0,0.0,0.0,0.0,0.0,0.0,0.08,0.0,0.25,0.25
357,0.977522556184689,0.4643299151131207,0.8705473064634284,0.47524253510532327,0.246879425001856,0.4629237412246343,0.7043010752688172,0.3837730095539781,0.3496630592193912,0.0913978494623656,0.3742857142857143,0.3737598447794942,0.35855538101702294,0.08285714285714285,0.005376344086021506,0.002857142857142857,0.4685714285714286,14.051428571428572,0.0,0.0,0.04682685644154255,0.08436634914903716,3.172043010752688,0.0,0.0,0.15,0.08064516129032258,0,0.0966334834018466,0.22419309943879281,0.33433915860308233,0.28158176486156616,0.0,0.0,0.0,0.0,0.0,0.0,0.0,0.08,0.005376344086021506,0.25,0.25
358,0.9782747640070354,0.4649957807743559,0.8709470511918753,0.4760800555165937,0.246879425001856,0.46275190095522994,0.6720430107526881,0.3835579557905372,0.3495017688968106,0.0913978494623656,0.35714285714285715,0.37364555906520847,0.35846966673130864,0.08285714285714285,0.005376344086021506,0.002857142857142857,0.4685714285714286,14.008571428571429,0.0,0.0,0.04682685644154255,0.08436634914903716,3.172043010752688,0.0,0.0,0.15,0.08064516129032258,0,0.0965788874134088,0.22307213394159886,0.33050951828816355,0.2931519196405821,0.0,0.0,0.0,0.0,0.0,0.0,0.0,0.08,0.005376344086021506,0.25,0.25
359,0.9771608042324492,0.46484545973163466,0.8703550611402381,0.47574692372834054,0.246879425001856,0.46249473451589984,0.7311827956989247,0.3835579557905372,0.3495017688968106,0.0913978494623656,0.38857142857142857,0.37364555906520847,0.35846966673130864,0.08285714285714285,0.0,0.0,0.4685714285714286,13.997142857142856,0.0,0.0,0.04682685644154255,0.08436634914903716,3.172043010752688,0.0,0.0,0.15,0.08064516129032258,0,0.09609599297634176,0.22195677327189087,0.3238993279224003,0.28728888124777047,0.0,0.0,0.0,0.0,0.0,0.0,0.0,0.08,0.0,0.25,0.25
360,0.9789816957139218,0.46353249443641653,0.8713227348989634,0.4755321198666101,0.246879425001856,0.46224431552042433,0.6827956989247311,0.3835579557905372,0.3495017688968106,0.0913978494623656,0.3628571428571429,0.37364555906520847,0.35846966673130864,0.08285714285714285,0.0,0.0,0.4685714285714286,13.985714285714286,0.0,0.0,0.04682685644154255,0.08436634914903716,3.172043010752688,0.0,0.0,0.15,0.08064516129032258,0,0.09561551301146003,0.2208469894055314,0.3174213413639523,0.28154310362281504,0.0,0.0,0.0,0.0,0.0,0.0,0.0,0.08,0.0,0.25,0.25
361,0.9792140006944683,0.46448451731502954,0.8714461884029109,0.4765708130395033,0.246879425001856,0.4618427774470232,0.6344086021505376,0.38334290202709637,0.34934047857422995,0.0913978494623656,0.33714285714285713,0.37353127335092273,0.3583839524455944,0.08285714285714285,0.005376344086021506,0.002857142857142857,0.4685714285714286,14.025714285714285,0.0,0.0,0.04682685644154255,0.08436634914903716,3.172043010752688,0.0,0.0,0.15,0.08064516129032258,0,0.09556600687497419,0.21974275445850375,0.31393005739381613,0.2854566897513178,0.0,0.0,0.0,0.0,0.0,0.0,0.0,0.08,0.005376344086021506,0.25,0.25
362,0.9784237660875171,0.4635330848381292,0.8710262351546455,0.4762459417037756,0.246879425001856,0.46156931187836975,0.6505376344086021,0.3831278482636555,0.3491791882516493,0.0913978494623656,0.3457142857142857,0.37341698763663705,0.3582982381598801,0.08285714285714285,0.005376344086021506,0.002857142857142857,0.4685714285714286,13.968571428571428,0.0,0.0,0.04682685644154255,0.08436634914903716,3.172043010752688,0.0,0.0,0.15,0.08064516129032258,0,0.09551674826917073,0.23297612625323796,0.31050859910308265,0.27974755595629147,0.0,0.0,0.0,0.0,0.0,0.0,0.0,0.08,0.005376344086021506,0.25,0.25
363,0.977887295506006,0.4634881232912891,0.8707411393598995,0.47585671179751604,0.246879425001856,0.4613286443932523,0.7473118279569892,0.3831278482636555,0.3491791882516493,0.0913978494623656,0.39714285714285713,0.37341698763663705,0.3582982381598801,0.08285714285714285,0.0,0.0,0.4685714285714286,13.965714285714286,0.0,0.0,0.04682685644154255,0.08436634914903716,3.172043010752688,0.0,0.0,0.15,0.08064516129032258,0,0.09503916452782489,0.23181124562197178,0.30429842712102095,0.27415260483716564,0.0,0.0,0.0,0.0,0.0,0.0,0.0,0.08,0.0,0.25,0.25
364,0.9768260282098498,0.46453900698737305,0.8701771515967995,0.476157626262794,0.246879425001856,0.46136360368541235,0.6774193548387096,0.3824826869733329,0.34869531728390735,0.0913978494623656,0.36,0.3730741304937799,0.3580410953027372,0.08285714285714285,0.016129032258064516,0.008571428571428572,0.4685714285714286,13.971428571428572,0.0,0.0,0.04682685644154255,0.08436634914903716,3.172043010752688,0.0,0.0,0.15,0.08064516129032258,0,0.09584968299090003,0.26422708520874727,0.30678388715002913,0.3144992485907527,0.0,0.0,0.0,0.0,0.0,0.0,0.0,0.08,0.016129032258064516,0.25,0.25
365,0.9764614553544244,0.464224098954181,0.8699834071650591,0.475752644946181,0.246879425001856,0.4613502431649789,0.7204301075268817,0.3824826869733329,0.34869531728390735,0.0913978494623656,0.38285714285714284,0.3730741304937799,0.3580410953027372,0.08285714285714285,0.0,0.0,0.4685714285714286,13.982857142857142,0.0,0.0,0.04682685644154255,0.08436634914903716,3.172043010752688,0.0,0.0,0.15,0.08064516129032258,0,0.09537043457594553,0.2629059497827035,0.3006482094070285,0.30820926361893763,0.0,0.0,0.0,0.0,0.0,0.0,0.0,0.08,0.0,0.25,0.25
366,0.9780274976111307,0.4643730785626074,0.8708156467643373,0.475905974468781,0.246879425001856,0.46143350827252255,0.6827956989247311,0.3824826869733329,0.34869531728390735,0.0913978494623656,0.3628571428571429,0.3730741304937799,0.3580410953027372,0.08285714285714285,0.0,0.0,0.4685714285714286,13.965714285714286,0.0,0.0,0.04682685644154255,0.08436634914903716,3.172043010752688,0.0,0.0,0.15,0.08064516129032258,0,0.09489358240306581,0.26159142003379,0.294635245218888,0.3020450783465589,0.0,0.0,0.0,0.0,0.0,0.0,0.0,0.08,0.0,0.25,0.25
367,0.9771384679106303,0.4644972937530552,0.8703431909806428,0.4759423356684069,0.246879425001856,0.46137161906337193,0.7473118279569892,0.3824826869733329,0.34869531728390735,0.0913978494623656,0.39714285714285713,0.3730741304937799,0.3580410953027372,0.08285714285714285,0.0,0.0,0.4685714285714286,13.974285714285715,0.0,0.0,0.04682685644154255,0.08436634914903716,3.172043010752688,0.0,0.0,0.15,0.08064516129032258,0,0.09441911449105049,0.26028346293362103,0.2887425403145102,0.2960041767796277,0.0,0.0,0.0,0.0,0.0,0.0,0.0,0.08,0.0,0.25,0.25
368,0.9781582718351108,0.4642028499501858,0.8708851439233669,0.47531935116145146,0.246879425001856,0.46116394335564403,0.7204301075268817,0.38226763320989204,0.34857460443071353,0.0913978494623656,0.38285714285714284,0.3729598447794941,0.35797694504361144,0.08285714285714285,0.005376344086021506,0.002857142857142857,0.4685714285714286,13.991428571428571,0.0,0.0,0.04682685644154255,0.08436634914903716,3.172043010752688,0.0,0.0,0.15,0.08064516129032258,0,0.09437559034716665,0.2589820456189529,0.2858248323653628,0.2947853495295568,0.0,0.0,0.0,0.0,0.0,0.0,0.0,0.08,0.005376344086021506,0.25,0.25
369,0.9806454801762913,0.46405492683586547,0.8722069174989656,0.475734281172308,0.246879425001856,0.46082658415623157,0.7204301075268817,0.38226763320989204,0.34857460443071353,0.0913978494623656,0.38285714285714284,0.3729598447794941,0.35797694504361144,0.08285714285714285,0.0,0.0,0.4685714285714286,13.982857142857142,0.0,0.0,0.04682685644154255,0.08436634914903716,3.172043010752688,0.0,0.0,0.15,0.08064516129032258,0,0.09390371239543084,0.25768713539085814,0.28010833571805555,0.28888964253896565,0.0,0.0,0.0,0.0,0.0,0.0,0.0,0.08,0.0,0.25,0.25
370,0.9795068177638411,0.46311392528430434,0.8716017997597776,0.4752688599323235,0.246879425001856,0.46035408362969127,0.7634408602150538,0.3820525794464512,0.3484133141081329,0.0913978494623656,0.4057142857142857,0.37284555906520844,0.35789123075789714,0.08285714285714285,0.005376344086021506,0.002857142857142857,0.4685714285714286,13.997142857142856,0.0,0.0,0.04682685644154255,0.08436634914903716,3.172043010752688,0.0,0.0,0.15,0.08064516129032258,0,0.0938627652620251,0.2563986997139038,0.2773633118608373,0.3187666123180512,0.0,0.0,0.0,0.0,0.0,0.0,0.0,0.08,0.005376344086021506,0.25,0.25
371,0.9801527833841602,0.4629615924991843,0.8719450843465759,0.4752251256819198,0.246879425001856,0.45969855225199957,0.7688172043010753,0.3820525794464512,0.3484133141081329,0.0913978494623656,0.4085714285714286,0.37284555906520844,0.35789123075789714,0.08285714285714285,0.0,0.0,0.4685714285714286,14.008571428571429,0.0,0.0,0.04682685644154255,0.08436634914903716,3.172043010752688,0.0,0.0,0.15,0.08064516129032258,0,0.09339345143571498,0.2551167062153343,0.27181604562362055,0.3123912800716902,0.0,0.0,0.0,0.0,0.0,0.0,0.0,0.08,0.0,0.25,0.25
372,0.9817642338939577,0.4624523931134887,0.8728014551889253,0.474736372092302,0.246879425001856,0.4589091336139183,0.6881720430107527,0.3820525794464512,0.3484133141081329,0.0913978494623656,0.3657142857142857,0.37284555906520844,0.35789123075789714,0.08285714285714285,0.0,0.0,0.4685714285714286,14.065714285714286,0.005376344086021506,0.0,0.04682685644154255,0.08436634914903716,3.172043010752688,0.0,0.0,0.15,0.08064516129032258,0,0.0929264841785364,0.2538411226842576,0.2663797247111482,0.30614345447025637,0.0,0.0,0.0,0.0,0.0,0.0,0.0,0.08,0.0,0.25,0.25
373,0.9811514401284939,0.46196417193500866,0.8724757990735645,0.4744610571466533,0.246879425001856,0.45802619702704767,0.7096774193548387,0.3818375256830103,0.34825202378555226,0.0913978494623656,0.37714285714285717,0.37273127335092276,0.35780551647218284,0.08285714285714285,0.005376344086021506,0.002857142857142857,0.4685714285714286,14.134285714285713,0.005376344086021506,0.0,0.04682685644154255,0.08436634914903716,3.172043010752688,0.0,0.0,0.15,0.08064516129032258,0,0.09289042318621515,0.2577167618128288,0.26390927307406803,0.30002058538085125,0.0,0.0,0.0,0.0,0.0,0.0,0.0,0.08,0.005376344086021506,0.25,0.25
374,0.9812503601262018,0.4606051655870029,0.8725283679866322,0.47441842613784657,0.246879425001856,0.4569988289832798,0.6559139784946236,0.38162247191956944,0.3480907334629716,0.0913978494623656,0.3485714285714286,0.3726169876366371,0.35771980218646854,0.08285714285714285,0.005376344086021506,0.002857142857142857,0.4685714285714286,14.148571428571428,0.005376344086021506,0.0,0.04682685644154255,0.08436634914903716,3.172043010752688,0.0,0.0,0.15,0.08064516129032258,0,0.09285454249885548,0.2564281780037647,0.2614882304697295,0.2954962657332447,0.0,0.0,0.0,0.0,0.0,0.0,0.0,0.08,0.005376344086021506,0.25,0.25
375,0.9815065871398401,0.4619275445981655,0.8726645343424515,0.4753878786847342,0.246879425001856,0.4557189592909464,0.6344086021505376,0.3814074181561286,0.3479294431403909,0.0913978494623656,0.33714285714285713,0.37250270192235135,0.3576340879007543,0.08285714285714285,0.005376344086021506,0.002857142857142857,0.4685714285714286,14.14,0.010752688172043012,0.0,0.04682685644154255,0.08436634914903716,3.172043010752688,0.0,0.0,0.15,0.08064516129032258,0,0.09281884121493265,0.2551460371137459,0.25911560871747774,0.2981588643597624,0.0,0.0,0.0,0.0,0.0,0.0,0.0,0.08,0.005376344086021506,0.25,0.25
376,0.9804990122022458,0.4603743974106881,0.8721290802327586,0.474983878532317,0.246879425001856,0.45458478124476936,0.5860215053763441,0.3814074181561286,0.3479294431403909,0.0913978494623656,0.31142857142857144,0.37250270192235135,0.3576340879007543,0.08285714285714285,0.0,0.0,0.4685714285714286,14.162857142857144,0.005376344086021506,0.0,0.04682685644154255,0.08436634914903716,3.172043010752688,0.0,0.0,0.15,0.08064516129032258,0,0.09235474700885797,0.25387030692817714,0.2539332965431282,0.2921956870725672,0.0,0.0,0.0,0.0,0.0,0.0,0.0,0.08,0.0,0.25,0.25
377,0.9803404670008976,0.4598918343465099,0.8720448247828991,0.475414716776604,0.246879425001856,0.4532025552611844,0.6774193548387096,0.38119236439268783,0.3477681528178103,0.0913978494623656,0.36,0.3723884162080656,0.35754837361504,0.08285714285714285,0.005376344086021506,0.002857142857142857,0.4685714285714286,14.142857142857142,0.005376344086021506,0.0,0.04682685644154255,0.08436634914903716,3.172043010752688,0.0,0.0,0.15,0.08064516129032258,0,0.09232154470238513,0.2526009553935363,0.25171177346940854,0.29474505234841164,0.0,0.0,0.0,0.0,0.0,0.0,0.0,0.08,0.005376344086021506,0.25,0.25
378,0.9803375971306284,0.4593003813870341,0.8720432996518418,0.4744202698334843,0.246879425001856,0.45216063577166177,0.6397849462365591,0.38119236439268783,0.3477681528178103,0.0913978494623656,0.34,0.3723884162080656,0.35754837361504,0.08285714285714285,0.0,0.0,0.4685714285714286,14.128571428571428,0.005376344086021506,0.0,0.04682685644154255,0.08436634914903716,3.172043010752688,0.0,0.0,0.15,0.08064516129032258,0,0.09185993697887321,0.2513379506165686,0.24667753800002032,0.2888501513014434,0.0,0.0,0.0,0.0,0.0,0.0,0.0,0.08,0.0,0.25,0.25
379,0.9785308540543196,0.4587382883071533,0.8710831447598607,0.47430582753788664,0.246879425001856,0.45113392630699123,0.6881720430107527,0.38119236439268783,0.3477681528178103,0.0913978494623656,0.3657142857142857,0.3723884162080656,0.35754837361504,0.08285714285714285,0.0,0.0,0.4685714285714286,14.128571428571428,0.005376344086021506,0.0,0.04682685644154255,0.08436634914903716,3.172043010752688,0.0,0.0,0.15,0.08064516129032258,0,0.09140063729397882,0.25008126086348575,0.24174398724001994,0.2830731482754145,0.0,0.0,0.0,0.0,0.0,0.0,0.0,0.08,0.0,0.25,0.25
380,0.9808056718651161,0.4584711605396841,0.8722920479393124,0.47396102785907024,0.246879425001856,0.4502209418924479,0.6397849462365591,0.38097731062924695,0.34760686249522965,0.0913978494623656,0.34,0.3722741304937799,0.3574626593293257,0.08285714285714285,0.005376344086021506,0.002857142857142857,0.4685714285714286,14.117142857142857,0.005376344086021506,0.0,0.04682685644154255,0.08436634914903716,3.172043010752688,0.0,0.0,0.15,0.08064516129032258,0,0.09137220553608037,0.24883085455916834,0.23976625035236232,0.3041632811917937,0.0,0.0,0.0,0.0,0.0,0.0,0.0,0.08,0.005376344086021506,0.25,0.25
381,0.980760338553286,0.45983831765432365,0.8722679565221685,0.4744099076297383,0.246879425001856,0.4495722337640892,0.6720430107526881,0.38097731062924695,0.34760686249522965,0.0913978494623656,0.35714285714285715,0.3722741304937799,0.3574626593293257,0.08285714285714285,0.0,0.0,0.4685714285714286,14.12,0.005376344086021506,0.0,0.04682685644154255,0.08436634914903716,3.172043010752688,0.0,0.0,0.15,0.08064516129032258,0,0.09091534450839996,0.2475867002863725,0.23497092534531516,0.29808001556795777,0.0,0.0,0.0,0.0,0.0,0.0,0.0,0.08,0.0,0.25,0.25
382,0.9814046330265489,0.4586416622982176,0.8726103530136738,0.4742755741555398,0.246879425001856,0.44905883539120595,0.6720430107526881,0.38097731062924695,0.34760686249522965,0.0913978494623656,0.35714285714285715,0.3722741304937799,0.3574626593293257,0.08285714285714285,0.0,0.0,0.4685714285714286,14.06857142857143,0.005376344086021506,0.0,0.04682685644154255,0.08436634914903716,3.172043010752688,0.0,0.0,0.15,0.08064516129032258,0,0.09046076778585796,0.2463487667849406,0.23027150683840886,0.2921184152565986,0.0,0.0,0.0,0.0,0.0,0.0,0.0,0.08,0.0,0.25,0.25
383,0.9806443087553565,0.45905187456543034,0.8722062949724116,0.47443425958655766,0.246879425001856,0.44869714666923666,0.7634408602150538,0.38097731062924695,0.34760686249522965,0.0913978494623656,0.4057142857142857,0.3722741304937799,0.3574626593293257,0.08285714285714285,0.0,0.0,0.4685714285714286,14.065714285714286,0.005376344086021506,0.0,0.04682685644154255,0.08436634914903716,3.172043010752688,0.0,0.0,0.15,0.08064516129032258,0,0.09000846394692867,0.24511702295101592,0.22566607670164063,0.28627604695146663,0.0,0.0,0.0,0.0,0.0,0.0,0.0,0.08,0.0,0.25,0.25
384,0.9823680216055819,0.4593622762104368,0.8731223252299599,0.4748933312728536,0.246879425001856,0.4484191742221458,0.6935483870967742,0.38097731062924695,0.34760686249522965,0.0913978494623656,0.36857142857142855,0.3722741304937799,0.3574626593293257,0.08285714285714285,0.0,0.0,0.4685714285714286,14.1,0.0,0.0,0.04682685644154255,0.08436634914903716,3.172043010752688,0.0,0.0,0.15,0.08064516129032258,0,0.08955842162719402,0.24389143783626083,0.22115275516760782,0.2805505260124373,0.0,0.0,0.0,0.0,0.0,0.0,0.0,0.08,0.0,0.25,0.25
385,0.9812694935977868,0.45933557908396505,0.8725385360601032,0.4753006867387407,0.246879425001856,0.4482077024022304,0.7419354838709677,0.380762256865806,0.3474455721726491,0.0913978494623656,0.3942857142857143,0.3721598447794942,0.3573769450436114,0.08285714285714285,0.005376344086021506,0.002857142857142857,0.4685714285714286,14.085714285714285,0.0,0.0,0.04682685644154255,0.08436634914903716,3.172043010752688,0.0,0.0,0.15,0.08064516129032258,0,0.08953920094762949,0.24267198064707954,0.21958684292139855,0.27663316954001976,0.0,0.0,0.0,0.0,0.0,0.0,0.0,0.08,0.005376344086021506,0.25,0.25
386,0.9810312586955039,0.45983122659244097,0.8724119312263185,0.4759726474436174,0.246879425001856,0.4479748658598074,0.6559139784946236,0.380762256865806,0.3474455721726491,0.0913978494623656,0.3485714285714286,0.3721598447794942,0.3573769450436114,0.08285714285714285,0.0,0.0,0.4685714285714286,14.022857142857143,0.0,0.0,0.04682685644154255,0.08436634914903716,3.172043010752688,0.0,0.0,0.15,0.08064516129032258,0,0.08909150494289134,0.2414586207438441,0.21519510606297054,0.2711005061492194,0.0,0.0,0.0,0.0,0.0,0.0,0.0,0.08,0.0,0.25,0.25
387,0.9816563036726835,0.45964127282138173,0.8727440979856197,0.475461687236181,0.246879425001856,0.44802705749477034,0.7258064516129032,0.380762256865806,0.3474455721726491,0.0913978494623656,0.38571428571428573,0.3721598447794942,0.3573769450436114,0.08285714285714285,0.0,0.0,0.4685714285714286,14.034285714285714,0.0,0.0,0.04682685644154255,0.08436634914903716,3.172043010752688,0.0,0.0,0.15,0.08064516129032258,0,0.08864604741817687,0.24025132764012488,0.2108912039417111,0.265678496026235,0.0,0.0,0.0,0.0,0.0,0.0,0.0,0.08,0.0,0.25,0.25
388,0.9804942684842193,0.46069259176726024,0.8721265592854643,0.47592448317621233,0.246879425001856,0.4480662459785717,0.7741935483870968,0.380762256865806,0.3474455721726491,0.0913978494623656,0.4114285714285714,0.3721598447794942,0.3573769450436114,0.08285714285714285,0.0,0.0,0.4685714285714286,14.02,0.0,0.0,0.04682685644154255,0.08436634914903716,3.172043010752688,0.0,0.0,0.15,0.08064516129032258,0,0.088202817181086,0.23905007100192427,0.20667337986287687,0.2603649261057103,0.0,0.0,0.0,0.0,0.0,0.0,0.0,0.08,0.0,0.25,0.25
389,0.9844712308886515,0.45994491136849286,0.874240030734677,0.47552225817576493,0.246879425001856,0.44819449779769477,0.7419354838709677,0.380762256865806,0.3474455721726491,0.0913978494623656,0.3942857142857143,0.3721598447794942,0.3573769450436114,0.08285714285714285,0.0,0.0,0.4685714285714286,14.031428571428572,0.0,0.0,0.04682685644154255,0.08436634914903716,3.172043010752688,0.0,0.0,0.15,0.08064516129032258,0,0.08776180309518057,0.23785482064691466,0.20253991226561938,0.2551576275835961,0.0,0.0,0.0,0.0,0.0,0.0,0.0,0.08,0.0,0.25,0.25
390,0.9831527770108197,0.4580583960331233,0.8735393666738863,0.4750232041517222,0.246879425001856,0.44821882569105,0.6989247311827957,0.380762256865806,0.3474455721726491,0.0913978494623656,0.37142857142857144,0.3721598447794942,0.3573769450436114,0.08285714285714285,0.0,0.0,0.4685714285714286,14.057142857142857,0.0,0.0,0.04682685644154255,0.08436634914903716,3.172043010752688,0.0,0.0,0.15,0.08064516129032258,0,0.08732299407970465,0.23666554654368008,0.19848911402030694,0.2500544750319242,0.0,0.0,0.0,0.0,0.0,0.0,0.0,0.08,0.0,0.25,0.25
391,0.9816246358230042,0.45782137370493686,0.8727272687855043,0.47471318211522123,0.246879425001856,0.4482093685087634,0.6559139784946236,0.380762256865806,0.3474455721726491,0.0913978494623656,0.3485714285714286,0.3721598447794942,0.3573769450436114,0.08285714285714285,0.0,0.0,0.4685714285714286,14.042857142857143,0.0,0.0,0.04682685644154255,0.08436634914903716,3.172043010752688,0.0,0.0,0.15,0.08064516129032258,0,0.08688637910930615,0.23548221881096168,0.1945193317399008,0.2450533855312857,0.0,0.0,0.0,0.0,0.0,0.0,0.0,0.08,0.0,0.25,0.25
392,0.9811374593153098,0.45785627804307705,0.8724683692699867,0.47472633605840053,0.246879425001856,0.44816084951622037,0.7043010752688172,0.3805472031023651,0.34728428185006843,0.0913978494623656,0.3742857142857143,0.37204555906520853,0.3572912307578971,0.08285714285714285,0.005376344086021506,0.002857142857142857,0.4685714285714286,14.051428571428572,0.0,0.0,0.04682685644154255,0.08436634914903716,3.172043010752688,0.0,0.0,0.15,0.08064516129032258,0,0.08688051864233104,0.23604205200195058,0.19348608796224567,0.24015231782065996,0.0,0.0,0.0,0.0,0.0,0.0,0.0,0.08,0.005376344086021506,0.25,0.25
393,0.9818626592573426,0.45619977733990974,0.8728537612391815,0.4741081320475256,0.246879425001856,0.44809278231786726,0.7526881720430108,0.3805472031023651,0.34728428185006843,0.0913978494623656,0.4,0.37204555906520853,0.3572912307578971,0.08285714285714285,0.0,0.0,0.4685714285714286,14.114285714285714,0.0,0.0,0.04682685644154255,0.08436634914903716,3.172043010752688,0.0,0.0,0.15,0.08064516129032258,0,0.08644611604911938,0.23486184174194086,0.1896163662030008,0.23534927146424675,0.0,0.0,0.0,0.0,0.0,0.0,0.0,0.08,0.0,0.25,0.25
394,0.9813775945577423,0.45511968507035433,0.8725959839988224,0.47332491168378704,0.246879425001856,0.44787631472451034,0.6774193548387096,0.3805472031023651,0.34728428185006843,0.0913978494623656,0.36,0.37204555906520853,0.3572912307578971,0.08285714285714285,0.0,0.0,0.4685714285714286,14.137142857142857,0.0,0.0,0.04682685644154255,0.08436634914903716,3.172043010752688,0.0,0.0,0.15,0.08064516129032258,0,0.08601388546887379,0.23368753253323113,0.18582403887894072,0.2306422860349618,0.0,0.0,0.0,0.0,0.0,0.0,0.0,0.08,0.0,0.25,0.25
395,0.9793522178880356,0.45614632580433834,0.8715196409686354,0.47371223067465335,0.246879425001856,0.44747809183492443,0.6236559139784946,0.3801170955754834,0.347018622929615,0.0913978494623656,0.3314285714285714,0.37181698763663706,0.35715005201731326,0.08285714285714285,0.010752688172043012,0.005714285714285714,0.4685714285714286,14.122857142857143,0.0,0.0,0.04682685644154255,0.08436634914903716,3.172043010752688,0.0,0.0,0.15,0.08064516129032258,0,0.08644095889867226,0.23667421859008783,0.18782184381564762,0.2581241704631419,0.0,0.0,0.0,0.0,0.0,0.0,0.0,0.08,0.010752688172043012,0.25,0.25
396,0.9785703479724159,0.45557458356861424,0.8711041329563347,0.47297200670948014,0.246879425001856,0.4470167124408722,0.6774193548387096,0.3801170955754834,0.347018622929615,0.0913978494623656,0.36,0.37181698763663706,0.35715005201731326,0.08285714285714285,0.0,0.0,0.4685714285714286,14.094285714285714,0.0,0.0,0.04682685644154255,0.08436634914903716,3.172043010752688,0.0,0.0,0.15,0.08064516129032258,0,0.0860087541041789,0.23549084749713742,0.18406540693933468,0.25296168705387906,0.0,0.0,0.0,0.0,0.0,0.0,0.0,0.08,0.0,0.25,0.25
397,0.9798295088578524,0.45601578283815075,0.8717732870268808,0.47247956781138983,0.246879425001856,0.4464220289541441,0.7258064516129032,0.3801170955754834,0.347018622929615,0.0913978494623656,0.38571428571428573,0.37181698763663706,0.35715005201731326,0.08285714285714285,0.0,0.0,0.4685714285714286,14.074285714285715,0.0,0.0,0.04682685644154255,0.08436634914903716,3.172043010752688,0.0,0.0,0.15,0.08064516129032258,0,0.085578710333658,0.2343133932596517,0.18038409880054798,0.24790245331280145,0.0,0.0,0.0,0.0,0.0,0.0,0.0,0.08,0.0,0.25,0.25
398,0.9799483266584516,0.4552234010611019,0.8718364302009135,0.4721737031823687,0.246879425001856,0.44621569470912803,0.6236559139784946,0.3801170955754834,0.347018622929615,0.0913978494623656,0.3314285714285714,0.37181698763663706,0.35715005201731326,0.08285714285714285,0.0,0.0,0.4685714285714286,14.037142857142857,0.0,0.0,0.04682685644154255,0.08436634914903716,3.172043010752688,0.0,0.0,0.15,0.08064516129032258,0,0.08515081678198971,0.23314182629335345,0.176776416824537,0.24294440424654543,0.0,0.0,0.0,0.0,0.0,0.0,0.0,0.08,0.0,0.25,0.25
399,0.9815089754061799,0.4536307696909629,0.8726658035354207,0.4717629595554118,0.246879425001856,0.44617207573755263,0.6397849462365591,0.3801170955754834,0.347018622929615,0.0913978494623656,0.34,0.37181698763663706,0.35715005201731326,0.08285714285714285,0.0,0.0,0.4685714285714286,14.06,0.0,0.0,0.04682685644154255,0.08436634914903716,3.172043010752688,0.0,0.0,0.15,0.08064516129032258,0,0.08472506269807976,0.23197611716188668,0.17324088848804628,0.23808551616161452,0.0,0.0,0.0,0.0,0.0,0.0,0.0,0.08,0.0,0.25,0.25
400,0.9788982271978287,0.4532146804032704,0.8712783773446969,0.47164305845297944,0.246879425001856,0.4461419245266893,0.6505376344086021,0.3801170955754834,0.347018622929615,0.0913978494623656,0.3457142857142857,0.37181698763663706,0.35715005201731326,0.08285714285714285,0.0,0.0,0.4685714285714286,14.051428571428572,0.0,0.0,0.04682685644154255,0.08436634914903716,3.172043010752688,0.0,0.0,0.15,0.08064516129032258,0,0.08430143738458937,0.23081623657607725,0.16977607071828535,0.23332380583838225,0.0,0.0,0.0,0.0,0.0,0.0,0.0,0.08,0.0,0.25,0.25
401,0.9803081849840822,0.45391795408876306,0.8720276691968202,0.47207185503427385,0.246879425001856,0.4460463214648066,0.6935483870967742,0.3801170955754834,0.347018622929615,0.0913978494623656,0.36857142857142855,0.37181698763663706,0.35715005201731326,0.08285714285714285,0.0,0.0,0.4685714285714286,14.06857142857143,0.0,0.0,0.04682685644154255,0.08436634914903716,3.172043010752688,0.0,0.0,0.15,0.08064516129032258,0,0.08387993019766642,0.22966215539319684,0.16638054930391966,0.2286573297216146,0.0,0.0,0.0,0.0,0.0,0.0,0.0,0.08,0.0,0.25,0.25
402,0.9833509910396283,0.45382562751320704,0.8736447032720532,0.4720891784757209,0.246879425001856,0.4461058469696152,0.7741935483870968,0.3801170955754834,0.347018622929615,0.0913978494623656,0.4114285714285714,0.37181698763663706,0.35715005201731326,0.08285714285714285,0.0,0.0,0.4685714285714286,14.094285714285714,0.0,0.0,0.04682685644154255,0.08436634914903716,3.172043010752688,0.0,0.0,0.15,0.08064516129032258,0,0.0834605305466781,0.2285138446162309,0.16305293831784123,0.22408418312718228,0.0,0.0,0.0,0.0,0.0,0.0,0.0,0.08,0.0,0.25,0.25
403,0.9828873762338021,0.45243949551622115,0.8733983251180998,0.4708852916993636,0.246879425001856,0.4460514043440428,0.6881720430107527,0.37968698804860174,0.34669604228445366,0.0913978494623656,0.3657142857142857,0.3715884162080656,0.3569786234458847,0.08285714285714285,0.010752688172043012,0.005714285714285714,0.4685714285714286,14.088571428571429,0.0,0.0,0.04682685644154255,0.08436634914903716,3.172043010752688,0.0,0.0,0.15,0.08064516129032258,0,0.08390037075108756,0.2317812436311426,0.1655061652657701,0.2827625605763721,0.0,0.0,0.0,0.0,0.0,0.0,0.0,0.08,0.010752688172043012,0.25,0.25
404,0.9810422396372855,0.4520957457907759,0.8724177668125224,0.47084348191987213,0.246879425001856,0.446161434988257,0.7473118279569892,0.3794719342851609,0.346534751961873,0.0913978494623656,0.39714285714285713,0.3714741304937799,0.3568929091601704,0.08285714285714285,0.005376344086021506,0.002857142857142857,0.4685714285714286,14.157142857142857,0.0,0.0,0.04682685644154255,0.08436634914903716,3.172043010752688,0.0,0.0,0.15,0.08064516129032258,0,0.08390944032590354,0.2306223374129869,0.1650531848175976,0.2771073093648447,0.0,0.0,0.0,0.0,0.0,0.0,0.0,0.08,0.005376344086021506,0.25,0.25
405,0.9811437156560979,0.4524812963740196,0.8724716940682343,0.4701982292269832,0.246879425001856,0.4464298967882194,0.7043010752688172,0.3794719342851609,0.346534751961873,0.0913978494623656,0.3742857142857143,0.3714741304937799,0.3568929091601704,0.08285714285714285,0.0,0.0,0.4685714285714286,14.105714285714285,0.0,0.0,0.04682685644154255,0.08436634914903716,3.172043010752688,0.0,0.0,0.15,0.08064516129032258,0,0.08348989312427402,0.22946922572592196,0.16175212112124562,0.27156516317754775,0.0,0.0,0.0,0.0,0.0,0.0,0.0,0.08,0.0,0.25,0.25
406,0.9821267042236396,0.4527538451959462,0.8729940822784134,0.47072454389361756,0.246879425001856,0.4468851877512281,0.7419354838709677,0.37925688052172,0.3463734616392924,0.0913978494623656,0.3942857142857143,0.3713598447794942,0.3568071948744561,0.08285714285714285,0.005376344086021506,0.002857142857142857,0.4685714285714286,14.125714285714286,0.0,0.0,0.04682685644154255,0.08436634914903716,3.172043010752688,0.0,0.0,0.15,0.08064516129032258,0,0.0835010150872241,0.23212406419741613,0.1613742215559636,0.28022118296467874,0.0,0.0,0.0,0.0,0.0,0.0,0.0,0.08,0.005376344086021506,0.25,0.25
407,0.9812688107555638,0.45271883491703896,0.872538173178236,0.47089098972916077,0.246879425001856,0.447366457108832,0.7096774193548387,0.3790418267582792,0.3462121713167117,0.0913978494623656,0.37714285714285717,0.3712455590652085,0.3567214805887418,0.08285714285714285,0.005376344086021506,0.002857142857142857,0.4685714285714286,14.137142857142857,0.0,0.0,0.04682685644154255,0.08436634914903716,3.172043010752688,0.0,0.0,0.15,0.08064516129032258,0,0.08351208144035939,0.23096344387642903,0.16100387998198715,0.27461675930538515,0.0,0.0,0.0,0.0,0.0,0.0,0.0,0.08,0.005376344086021506,0.25,0.25
408,0.9804532251981378,0.45256323158876927,0.8721047477105753,0.47060570399705415,0.246879425001856,0.4478227635002797,0.6666666666666666,0.3788267729948383,0.34605088099413106,0.0913978494623656,0.35428571428571426,0.3711312733509227,0.35663576630302757,0.08285714285714285,0.005376344086021506,0.002857142857142857,0.4685714285714286,14.142857142857142,0.0,0.0,0.04682685644154255,0.08436634914903716,3.172043010752688,0.0,0.0,0.15,0.08064516129032258,0,0.08352309246172904,0.22980862665704688,0.16064094523949027,0.27199688657671134,0.0,0.0,0.0,0.0,0.0,0.0,0.0,0.08,0.005376344086021506,0.25,0.25
409,0.9815173735724444,0.4516609000486829,0.8726702665609212,0.47026016119447206,0.246879425001856,0.4482411536109901,0.6612903225806451,0.3788267729948383,0.34605088099413106,0.0913978494623656,0.3514285714285714,0.3711312733509227,0.35663576630302757,0.08285714285714285,0.0,0.0,0.4685714285714286,14.128571428571428,0.0,0.0,0.04682685644154255,0.08436634914903716,3.172043010752688,0.0,0.0,0.15,0.08064516129032258,0,0.08310547699942039,0.22865958352376164,0.15742812633470046,0.2665569488451771,0.0,0.0,0.0,0.0,0.0,0.0,0.0,0.08,0.0,0.25,0.25
410,0.9820246040126174,0.4500160172645179,0.8729398233091274,0.469341279878903,0.246879425001856,0.448676693190246,0.6774193548387096,0.3788267729948383,0.34605088099413106,0.0913978494623656,0.36,0.3711312733509227,0.35663576630302757,0.08285714285714285,0.0,0.0,0.4685714285714286,14.148571428571428,0.005376344086021506,0.0,0.04682685644154255,0.08436634914903716,3.172043010752688,0.0,0.0,0.15,0.08064516129032258,0,0.08268994961442327,0.22751628560614282,0.15427956380800642,0.26122580986827354,0.0,0.0,0.0,0.0,0.0,0.0,0.0,0.08,0.0,0.25,0.25
411,0.9818067113431026,0.44917050731886154,0.8728240289190424,0.4688354056141741,0.246879425001856,0.44923096788615025,0.6774193548387096,0.3786117192313974,0.3458895906715504,0.0913978494623656,0.36,0.371016987636637,0.35655005201731327,0.08285714285714285,0.005376344086021506,0.002857142857142857,0.4685714285714286,14.085714285714285,0.0,0.0,0.04682685644154255,0.08436634914903716,3.172043010752688,0.0,0.0,0.15,0.08064516129032258,0,0.08270507129492259,0.2263787041781121,0.15405111538898916,0.2575828881389217,0.0,0.0,0.0,0.0,0.0,0.0,0.0,0.08,0.005376344086021506,0.25,0.25
412,0.9832261487135469,0.44820830865216327,0.8735783584930499,0.46833509033931686,0.246879425001856,0.449844012556809,0.7311827956989247,0.3786117192313974,0.3458895906715504,0.0913978494623656,0.38857142857142857,0.371016987636637,0.35655005201731327,0.08285714285714285,0.0,0.0,0.4685714285714286,14.117142857142857,0.0,0.0,0.04682685644154255,0.08436634914903716,3.172043010752688,0.0,0.0,0.15,0.08064516129032258,0,0.082291545938448,0.22524681065722155,0.1509700930812094,0.2524312303761433,0.0,0.0,0.0,0.0,0.0,0.0,0.0,0.08,0.0,0.25,0.25
413,0.9841191965824126,0.44862157070813247,0.8740529496462185,0.46858670205633723,0.246879425001856,0.4503076951858599,0.6129032258064516,0.3786117192313974,0.3458895906715504,0.0913978494623656,0.32571428571428573,0.371016987636637,0.35655005201731327,0.08285714285714285,0.0,0.0,0.4685714285714286,14.057142857142857,0.0,0.0,0.04682685644154255,0.08436634914903716,3.172043010752688,0.0,0.0,0.15,0.08064516129032258,0,0.08188008820875574,0.22412057660393545,0.1479506912195852,0.2473826057686204,0.0,0.0,0.0,0.0,0.0,0.0,0.0,0.08,0.0,0.25,0.25
414,0.9854538686330556,0.4479842610157634,0.8747622325074174,0.4680205434477923,0.246879425001856,0.45083815327861715,0.7096774193548387,0.3786117192313974,0.3458895906715504,0.0913978494623656,0.37714285714285717,0.371016987636637,0.35655005201731327,0.08285714285714285,0.0,0.0,0.4685714285714286,14.117142857142857,0.0,0.0,0.04682685644154255,0.08436634914903716,3.172043010752688,0.0,0.0,0.15,0.08064516129032258,0,0.08147068776771196,0.22299997372091576,0.14499167739519347,0.242434953653248,0.0,0.0,0.0,0.0,0.0,0.0,0.0,0.08,0.0,0.25,0.25
415,0.9852571834230348,0.44766776291016164,0.8746577083672349,0.46815221459608275,0.246879425001856,0.4514701395055088,0.7526881720430108,0.3786117192313974,0.3458895906715504,0.0913978494623656,0.4,0.371016987636637,0.35655005201731327,0.08285714285714285,0.0,0.0,0.4685714285714286,14.142857142857142,0.0,0.0,0.04682685644154255,0.08436634914903716,3.172043010752688,0.0,0.0,0.15,0.08064516129032258,0,0.0810633343288734,0.22188497385231115,0.14209184384728962,0.237586254580183,0.0,0.0,0.0,0.0,0.0,0.0,0.0,0.08,0.0,0.25,0.25
416,0.9848346083055894,0.44867373165979757,0.8744331398762496,0.46827177268807824,0.246879425001856,0.45184271410379984,0.7419354838709677,0.3786117192313974,0.3458895906715504,0.0913978494623656,0.3942857142857143,0.371016987636637,0.35655005201731327,0.08285714285714285,0.0,0.0,0.4685714285714286,14.174285714285714,0.0,0.0,0.04682685644154255,0.08436634914903716,3.172043010752688,0.0,0.0,0.15,0.08064516129032258,0,0.08065801765722902,0.2207755489830496,0.13925000697034381,0.23283452948857933,0.0,0.0,0.0,0.0,0.0,0.0,0.0,0.08,0.0,0.25,0.25
417,0.9810850284665509,0.44909773194609,0.8724405060189322,0.4682859018100157,0.246879425001856,0.4523607142299383,0.7150537634408602,0.37818161170451575,0.3455670100263891,0.0913978494623656,0.38,0.3707884162080656,0.35637862344588467,0.08285714285714285,0.010752688172043012,0.005714285714285714,0.4685714285714286,14.205714285714286,0.0,0.0,0.04682685644154255,0.08436634914903716,3.172043010752688,0.0,0.0,0.15,0.08064516129032258,0,0.08111187042608574,0.23077050314502975,0.14217929254522266,0.24216473274436087,0.0,0.0,0.0,0.0,0.0,0.0,0.0,0.08,0.010752688172043012,0.25,0.25
418,0.9816876213537425,0.4497175184988245,0.8727607410961254,0.46891204608742704,0.246879425001856,0.45280149082982146,0.6666666666666666,0.37818161170451575,0.3455670100263891,0.0913978494623656,0.35428571428571426,0.3707884162080656,0.35637862344588467,0.08285714285714285,0.0,0.0,0.4685714285714286,14.16,0.0,0.0,0.04682685644154255,0.08436634914903716,3.172043010752688,0.0,0.0,0.15,0.08064516129032258,0,0.08070631107395532,0.22961665062930461,0.1393357066943182,0.23732143808947367,0.0,0.0,0.0,0.0,0.0,0.0,0.0,0.08,0.0,0.25,0.25
419,0.9813400729515386,0.450985985247023,0.8725760439452399,0.46878718503894945,0.246879425001856,0.45335210444586704,0.6827956989247311,0.37818161170451575,0.3455670100263891,0.0913978494623656,0.3628571428571429,0.3707884162080656,0.35637862344588467,0.08285714285714285,0.0,0.0,0.4685714285714286,14.157142857142857,0.0,0.0,0.04682685644154255,0.08436634914903716,3.172043010752688,0.0,0.0,0.15,0.08064516129032258,0,0.08030277951858553,0.22846856737615806,0.13654899256043185,0.23257500932768418,0.0,0.0,0.0,0.0,0.0,0.0,0.0,0.08,0.0,0.25,0.25
420,0.9814681753773037,0.45163340098369353,0.8726441212343607,0.4693849669289224,0.246879425001856,0.4539109035357381,0.6505376344086021,0.37818161170451575,0.3455670100263891,0.0913978494623656,0.3457142857142857,0.3707884162080656,0.35637862344588467,0.08285714285714285,0.0,0.0,0.4685714285714286,14.148571428571428,0.0,0.0,0.04682685644154255,0.08436634914903716,3.172043010752688,0.0,0.0,0.15,0.08064516129032258,0,0.07990126562099262,0.22732622453927728,0.1338180127092232,0.22792350914113052,0.0,0.0,0.0,0.0,0.0,0.0,0.0,0.08,0.0,0.25,0.25
421,0.9811906763427695,0.45184918558209136,0.8724966503188655,0.46967213594643487,0.246879425001856,0.4543873243647764,0.6344086021505376,0.37818161170451575,0.3455670100263891,0.0913978494623656,0.33714285714285713,0.3707884162080656,0.35637862344588467,0.08285714285714285,0.0,0.0,0.4685714285714286,14.125714285714286,0.0,0.0,0.04682685644154255,0.08436634914903716,3.172043010752688,0.0,0.0,0.15,0.08064516129032258,0,0.07950175929288764,0.22618959341658088,0.13114165245503873,0.2233650389583079,0.0,0.0,0.0,0.0,0.0,0.0,0.0,0.08,0.0,0.25,0.25
422,0.9822478311512717,0.4522615968221591,0.8730584525885267,0.47032774385870263,0.246879425001856,0.45459331962455235,0.6881720430107527,0.37818161170451575,0.3455670100263891,0.0913978494623656,0.3657142857142857,0.3707884162080656,0.35637862344588467,0.08285714285714285,0.0,0.0,0.4685714285714286,14.125714285714286,0.0,0.0,0.04682685644154255,0.08436634914903716,3.172043010752688,0.0,0.0,0.15,0.08064516129032258,0,0.07910425049642321,0.22505864544949797,0.12851881940593796,0.21889773817914174,0.0,0.0,0.0,0.0,0.0,0.0,0.0,0.08,0.0,0.25,0.25
423,0.9826077454278292,0.45227419143591646,0.8732497213183543,0.4703914619173372,0.246879425001856,0.45466696339780366,0.6720430107526881,0.37732139665075226,0.3450831390586472,0.0913978494623656,0.35714285714285715,0.37033127335092275,0.3561214805887418,0.08285714285714285,0.021505376344086023,0.011428571428571429,0.4685714285714286,14.108571428571429,0.0,0.0,0.04682685644154255,0.08436634914903716,3.172043010752688,0.0,0.0,0.15,0.08064516129032258,0,0.0804230149582268,0.23167093370832934,0.1373770144463906,0.2502290294382371,0.0,0.0,0.0,0.0,0.0,0.0,0.0,0.08,0.021505376344086023,0.25,0.25
424,0.9809668725453347,0.4527210569084652,0.8723777145865143,0.47083661963055223,0.246879425001856,0.454791210167665,0.6182795698924731,0.37732139665075226,0.3450831390586472,0.0913978494623656,0.32857142857142857,0.37033127335092275,0.3561214805887418,0.08285714285714285,0.0,0.0,0.4685714285714286,14.137142857142857,0.0,0.0,0.04682685644154255,0.08436634914903716,3.172043010752688,0.0,0.0,0.15,0.08064516129032258,0,0.08002089988343566,0.23051257903978767,0.13462947415746282,0.24522444884947234,0.0,0.0,0.0,0.0,0.0,0.0,0.0,0.08,0.0,0.25,0.25
425,0.9818498166404064,0.4545640928973859,0.8728469363056096,0.47167529834803157,0.246879425001856,0.4548348785690532,0.6075268817204301,0.37732139665075226,0.3450831390586472,0.0913978494623656,0.32285714285714284,0.37033127335092275,0.3561214805887418,0.08285714285714285,0.0,0.0,0.4685714285714286,14.165714285714285,0.0,0.0,0.04682685644154255,0.08436634914903716,3.172043010752688,0.0,0.0,0.15,0.08064516129032258,0,0.07962079538401849,0.22936001614458873,0.13193688467431358,0.2403199598724829,0.0,0.0,0.0,0.0,0.0,0.0,0.0,0.08,0.0,0.25,0.25
426,0.9816159101419053,0.45520581875465815,0.8727226317092632,0.47265070657241975,0.246879425001856,0.45509672629719594,0.6505376344086021,0.37732139665075226,0.3450831390586472,0.0913978494623656,0.3457142857142857,0.37033127335092275,0.3561214805887418,0.08285714285714285,0.0,0.0,0.4685714285714286,14.151428571428571,0.0,0.0,0.04682685644154255,0.08436634914903716,3.172043010752688,0.0,0.0,0.15,0.08064516129032258,0,0.0792226914070984,0.2282132160638658,0.12929814698082728,0.23551356067503323,0.0,0.0,0.0,0.0,0.0,0.0,0.0,0.08,0.0,0.25,0.25
427,0.9820008567321987,0.4546079276310275,0.8729272033258191,0.4725730045364755,0.246879425001856,0.4554102204091971,0.6559139784946236,0.37667623536042966,0.3445992680909053,0.0913978494623656,0.3485714285714286,0.36998841620806566,0.3558643377315989,0.08285714285714285,0.016129032258064516,0.008571428571428572,0.4685714285714286,14.168571428571429,0.0,0.0,0.04682685644154255,0.08436634914903716,3.172043010752688,0.0,0.0,0.15,0.08064516129032258,0,0.08011229223577719,0.2589907737847305,0.1352836126126393,0.24361875003133038,0.0,0.0,0.0,0.0,0.0,0.0,0.0,0.08,0.016129032258064516,0.25,0.25
428,0.9808962381738613,0.45496892448186393,0.8723401774633883,0.47283161530150386,0.246879425001856,0.45574020290445333,0.6774193548387096,0.37624612783354794,0.34427668744574397,0.0913978494623656,0.36,0.36975984477949414,0.3556929091601704,0.08285714285714285,0.010752688172043012,0.005714285714285714,0.4685714285714286,14.137142857142857,0.0,0.0,0.04682685644154255,0.08436634914903716,3.172043010752688,0.0,0.0,0.15,0.08064516129032258,0,0.08056887363174116,0.2576958199158068,0.13829222607467223,0.251204016950286,0.0,0.0,0.0,0.0,0.0,0.0,0.0,0.08,0.010752688172043012,0.25,0.25
429,0.9820054878949398,0.4563092316704301,0.8729296644580188,0.4736479741837645,0.246879425001856,0.4560175827828403,0.7580645161290323,0.3760310740701071,0.3441153971231634,0.0913978494623656,0.40285714285714286,0.3696455590652085,0.3556071948744561,0.08285714285714285,0.005376344086021506,0.002857142857142857,0.4685714285714286,14.148571428571428,0.0,0.0,0.04682685644154255,0.08436634914903716,3.172043010752688,0.0,0.0,0.15,0.08064516129032258,0,0.08059460069215388,0.2564073408162278,0.13838352441032162,0.27243059203017445,0.0,0.0,0.0,0.0,0.0,0.0,0.0,0.08,0.005376344086021506,0.25,0.25
430,0.9825690562601223,0.4564838113694205,0.8732291607892299,0.4743463368858192,0.246879425001856,0.4564097174302044,0.6559139784946236,0.37581602030666633,0.3439541068005827,0.0913978494623656,0.3485714285714286,0.36953127335092273,0.3555214805887418,0.08285714285714285,0.005376344086021506,0.002857142857142857,0.4685714285714286,14.154285714285715,0.0,0.0,0.04682685644154255,0.08436634914903716,3.172043010752688,0.0,0.0,0.15,0.08064516129032258,0,0.08062019911726455,0.2574432640404092,0.13847299677925806,0.30005752206759423,0.0,0.0,0.0,0.0,0.0,0.0,0.0,0.08,0.005376344086021506,0.25,0.25
431,0.9803446639199179,0.4566116829713731,0.8720470551455786,0.4749311690900034,0.246879425001856,0.45701603491669984,0.6881720430107527,0.37581602030666633,0.3439541068005827,0.0913978494623656,0.3657142857142857,0.36953127335092273,0.3555214805887418,0.08285714285714285,0.0,0.0,0.4685714285714286,14.131428571428572,0.0,0.0,0.04682685644154255,0.08436634914903716,3.172043010752688,0.0,0.0,0.15,0.08064516129032258,0,0.08021709812167821,0.2561560477202071,0.1357035368436729,0.2940563716262423,0.0,0.0,0.0,0.0,0.0,0.0,0.0,0.08,0.0,0.25,0.25
432,0.9819552132670586,0.45641404090743487,0.8729029470843447,0.47470287940483347,0.246879425001856,0.45771920741005556,0.6774193548387096,0.3753859127797846,0.3436315261554214,0.0913978494623656,0.36,0.3693027019223514,0.35535005201731323,0.08285714285714285,0.010752688172043012,0.005714285714285714,0.4685714285714286,14.102857142857143,0.0,0.0,0.04682685644154255,0.08436634914903716,3.172043010752688,0.0,0.0,0.15,0.08064516129032258,0,0.08067315548821268,0.2548752674816061,0.13870375182108519,0.3411390661689015,0.0,0.0,0.0,0.0,0.0,0.0,0.0,0.08,0.010752688172043012,0.25,0.25
433,0.9823633028474132,0.4562172548038414,0.8731198175470476,0.4747498387679478,0.246879425001856,0.45833726980623446,0.6774193548387096,0.3751708590163437,0.34347023583284075,0.0913978494623656,0.36,0.3691884162080656,0.35526433773159893,0.08285714285714285,0.005376344086021506,0.002857142857142857,0.4685714285714286,14.082857142857144,0.0,0.0,0.04682685644154255,0.08436634914903716,3.172043010752688,0.0,0.0,0.15,0.08064516129032258,0,0.08069836113934305,0.2536008911441981,0.1387868196418063,0.3461817850594437,0.0,0.0,0.0,0.0,0.0,0.0,0.0,0.08,0.005376344086021506,0.25,0.25
434,0.9823513461186979,0.4570539309124696,0.8731134633997872,0.4752149491740996,0.246879425001856,0.4586922162658505,0.6236559139784946,0.3751708590163437,0.34347023583284075,0.0913978494623656,0.3314285714285714,0.3691884162080656,0.35526433773159893,0.08285714285714285,0.0,0.0,0.4685714285714286,14.065714285714286,0.0,0.0,0.04682685644154255,0.08436634914903716,3.172043010752688,0.0,0.0,0.15,0.08064516129032258,0,0.08029486933364634,0.2523328866884771,0.13601108324897018,0.3392581493582548,0.0,0.0,0.0,0.0,0.0,0.0,0.0,0.08,0.0,0.25,0.25
435,0.9813517241625636,0.45717394426516633,0.8725822357316703,0.4752831413518646,0.246879425001856,0.4590550695185056,0.6505376344086021,0.3751708590163437,0.34347023583284075,0.0913978494623656,0.3457142857142857,0.3691884162080656,0.35526433773159893,0.08285714285714285,0.0,0.0,0.4685714285714286,14.054285714285715,0.0,0.0,0.04682685644154255,0.08436634914903716,3.172043010752688,0.0,0.0,0.15,0.08064516129032258,0,0.0798933949869781,0.2510712222550347,0.13329086158399078,0.3324729863710897,0.0,0.0,0.0,0.0,0.0,0.0,0.0,0.08,0.0,0.25,0.25
436,0.983496617093112,0.4567352790303372,0.8737220931176187,0.4753200419100225,0.246879425001856,0.45923708616665737,0.6559139784946236,0.3747407514894619,0.3431476551876795,0.0913978494623656,0.3485714285714286,0.36895984477949423,0.35509290916017044,0.08285714285714285,0.010752688172043012,0.005714285714285714,0.4685714285714286,14.054285714285715,0.0,0.0,0.04682685644154255,0.08436634914903716,3.172043010752688,0.0,0.0,0.15,0.08064516129032258,0,0.08035107086918607,0.2498158661437595,0.13633933006659665,0.32930056640358707,0.0,0.0,0.0,0.0,0.0,0.0,0.0,0.08,0.010752688172043012,0.25,0.25
437,0.9838382757773294,0.45723333808596706,0.8739036603040885,0.4751549325425755,0.246879425001856,0.45958448304430244,0.7473118279569892,0.3745256977260211,0.3429863648650988,0.0913978494623656,0.39714285714285713,0.36884555906520844,0.35500719487445614,0.08285714285714285,0.005376344086021506,0.002857142857142857,0.4685714285714286,14.065714285714286,0.0,0.0,0.04682685644154255,0.08436634914903716,3.172043010752688,0.0,0.0,0.15,0.08064516129032258,0,0.08037788694341155,0.24925033010371692,0.13646968632240758,0.32271455507551533,0.0,0.0,0.0,0.0,0.0,0.0,0.0,0.08,0.005376344086021506,0.25,0.25
438,0.9840366631199499,0.4567945914431734,0.8740090890061669,0.47496197286711395,0.246879425001856,0.4597830211475082,0.7258064516129032,0.3743106439625802,0.34282507454251815,0.0913978494623656,0.38571428571428573,0.3687312733509228,0.35492148058874184,0.08285714285714285,0.005376344086021506,0.002857142857142857,0.4685714285714286,14.022857142857143,0.0,0.0,0.04682685644154255,0.08436634914903716,3.172043010752688,0.0,0.0,0.15,0.08064516129032258,0,0.08040456893726593,0.2541102368582985,0.1365974354531023,0.3469366947690907,0.0,0.0,0.0,0.0,0.0,0.0,0.0,0.08,0.005376344086021506,0.25,0.25
439,0.9825974451931154,0.45715086015791645,0.8732442474793349,0.47465799340599674,0.246879425001856,0.46003913574979505,0.7043010752688172,0.3743106439625802,0.34282507454251815,0.0913978494623656,0.3742857142857143,0.3687312733509228,0.35492148058874184,0.08285714285714285,0.0,0.0,0.4685714285714286,14.057142857142857,0.005376344086021506,0.0,0.04682685644154255,0.08436634914903716,3.172043010752688,0.0,0.0,0.15,0.08064516129032258,0,0.0800025460925796,0.25283968567400694,0.13386548674404025,0.3399979608737089,0.0,0.0,0.0,0.0,0.0,0.0,0.0,0.08,0.0,0.25,0.25
440,0.9809322201838566,0.45822883256220226,0.8723592993315573,0.475254295812783,0.246879425001856,0.46018479163057296,0.7043010752688172,0.3743106439625802,0.34282507454251815,0.0913978494623656,0.3742857142857143,0.3687312733509228,0.35492148058874184,0.08285714285714285,0.0,0.0,0.4685714285714286,14.054285714285715,0.0,0.0,0.04682685644154255,0.08436634914903716,3.172043010752688,0.0,0.0,0.15,0.08064516129032258,0,0.0796025333621167,0.25157548724563694,0.13118817700915944,0.33319800165623475,0.0,0.0,0.0,0.0,0.0,0.0,0.0,0.08,0.0,0.25,0.25
441,0.9802364427887157,0.4593914120097295,0.8719895433444254,0.4761157510056468,0.246879425001856,0.460289939919552,0.6881720430107527,0.3743106439625802,0.34282507454251815,0.0913978494623656,0.3657142857142857,0.3687312733509228,0.35492148058874184,0.08285714285714285,0.0,0.0,0.4685714285714286,14.057142857142857,0.005376344086021506,0.0,0.04682685644154255,0.08436634914903716,3.172043010752688,0.0,0.0,0.15,0.08064516129032258,0,0.07920452069530612,0.25031760980940876,0.12856441346897624,0.32653404162311006,0.0,0.0,0.0,0.0,0.0,0.0,0.0,0.08,0.0,0.25,0.25
442,0.9810546441437729,0.46105497576791304,0.8724243589216842,0.47694136051339764,0.246879425001856,0.4603743330560301,0.7204301075268817,0.3743106439625802,0.34282507454251815,0.0913978494623656,0.38285714285714284,0.3687312733509228,0.35492148058874184,0.08285714285714285,0.0,0.0,0.4685714285714286,14.082857142857144,0.0,0.0,0.04682685644154255,0.08436634914903716,3.172043010752688,0.0,0.0,0.15,0.08064516129032258,0,0.0788084980918296,0.24906602176036172,0.12599312519959668,0.32000336079064784,0.0,0.0,0.0,0.0,0.0,0.0,0.0,0.08,0.0,0.25,0.25
443,0.980339546109621,0.4615755984990549,0.8720443353949635,0.47736776609155396,0.246879425001856,0.4605631100801956,0.7204301075268817,0.3743106439625802,0.34282507454251815,0.0913978494623656,0.38285714285714284,0.3687312733509228,0.35492148058874184,0.08285714285714285,0.0,0.0,0.4685714285714286,14.117142857142857,0.005376344086021506,0.0,0.04682685644154255,0.08436634914903716,3.172043010752688,0.0,0.0,0.15,0.08064516129032258,0,0.07841445560137045,0.2478206916515599,0.1234732626956048,0.31360329357483485,0.0,0.0,0.0,0.0,0.0,0.0,0.0,0.08,0.0,0.25,0.25
444,0.9795294794694336,0.46194112686395494,0.8716138428376069,0.4776598060369567,0.246879425001856,0.46068344779374626,0.6935483870967742,0.3743106439625802,0.34282507454251815,0.0913978494623656,0.36857142857142855,0.3687312733509228,0.35492148058874184,0.08285714285714285,0.0,0.0,0.4685714285714286,14.085714285714285,0.005376344086021506,0.0,0.04682685644154255,0.08436634914903716,3.172043010752688,0.0,0.0,0.15,0.08064516129032258,0,0.0780223833233636,0.24658158819330211,0.12100379744169268,0.3073312277033382,0.0,0.0,0.0,0.0,0.0,0.0,0.0,0.08,0.0,0.25,0.25
445,0.9806573413481156,0.4608302156676126,0.8722132208645635,0.47719939082102003,0.246879425001856,0.4606503956505533,0.6021505376344086,0.3743106439625802,0.34282507454251815,0.0913978494623656,0.32,0.3687312733509228,0.35492148058874184,0.08285714285714285,0.0,0.0,0.4685714285714286,14.134285714285713,0.0,0.0,0.04682685644154255,0.08436634914903716,3.172043010752688,0.0,0.0,0.15,0.08064516129032258,0,0.07763227140674678,0.2453486802523356,0.11858372149285884,0.3011846031492714,0.0,0.0,0.0,0.0,0.0,0.0,0.0,0.08,0.0,0.25,0.25
446,0.9801747143908188,0.46154917964469055,0.8719567391101145,0.4778963807597352,0.246879425001856,0.4607159310018645,0.6451612903225806,0.3740955901991394,0.3426637842199375,0.0913978494623656,0.34285714285714286,0.36861698763663703,0.35483576630302754,0.08285714285714285,0.005376344086021506,0.002857142857142857,0.4685714285714286,14.137142857142857,0.0,0.0,0.04682685644154255,0.08436634914903716,3.172043010752688,0.0,0.0,0.15,0.08064516129032258,0,0.07767268147828446,0.24412193685107392,0.1190691899201445,0.3172505980757457,0.0,0.0,0.0,0.0,0.0,0.0,0.0,0.08,0.005376344086021506,0.25,0.25
447,0.9777664641476251,0.4607263534984124,0.8706769261237314,0.4776039717526958,0.246879425001856,0.4607766547650514,0.6505376344086021,0.3738805364356985,0.3425024938973569,0.0913978494623656,0.3457142857142857,0.36850270192235135,0.35475005201731324,0.08285714285714285,0.005376344086021506,0.002857142857142857,0.4685714285714286,14.151428571428571,0.0,0.0,0.04682685644154255,0.08436634914903716,3.172043010752688,0.0,0.0,0.15,0.08064516129032258,0,0.07771288949946448,0.24758105201057226,0.11954494897888449,0.3530433346691665,0.0,0.0,0.0,0.0,0.0,0.0,0.0,0.08,0.005376344086021506,0.25,0.25
448,0.9795085125534302,0.4614915140500979,0.871602700419388,0.4786218176605977,0.246879425001856,0.46066382745540374,0.6827956989247311,0.3738805364356985,0.3425024938973569,0.0913978494623656,0.3628571428571429,0.36850270192235135,0.35475005201731324,0.08285714285714285,0.0,0.0,0.4685714285714286,14.1,0.0,0.0,0.04682685644154255,0.08436634914903716,3.172043010752688,0.0,0.0,0.15,0.08064516129032258,0,0.07732432505196715,0.24634314675051938,0.11715404999930676,0.34598246797578314,0.0,0.0,0.0,0.0,0.0,0.0,0.0,0.08,0.0,0.25,0.25
449,0.9790705371138724,0.4617827763527631,0.8713699477572229,0.47836819924338864,0.246879425001856,0.46052913592461797,0.5645161290322581,0.3738805364356985,0.3425024938973569,0.0913978494623656,0.3,0.36850270192235135,0.35475005201731324,0.08285714285714285,0.0,0.0,0.4685714285714286,14.097142857142858,0.0,0.0,0.04682685644154255,0.08436634914903716,3.172043010752688,0.0,0.0,0.15,0.08064516129032258,0,0.07693770342670732,0.2451114310167668,0.11481096899932065,0.33906281861626747,0.0,0.0,0.0,0.0,0.0,0.0,0.0,0.08,0.0,0.25,0.25
